
//{{BLOCK(gImage_HELP_BLANK)

//======================================================================
//
//	gImage_HELP_BLANK, 240x160@16, 
//	+ bitmap not compressed
//	Total size: 76800 = 76800
//
//	Time-stamp: 2026-09-26, 00:57:37
//	Exported by Cearn's GBA Image Transmogrifier, v0.8.6
//	( http://www.coranac.com/projects/#grit )
//
//======================================================================

const unsigned char gImage_HELP_BLANK[76800] __attribute__((aligned(4)))=
{
	0x9C,0x73,0x9C,0x73,0x9C,0x73,0x9C,0x73,0x9C,0x73,0x9C,0x73,0x9C,0x73,0x9C,0x73,
	0x9C,0x73,0x9C,0x73,0x9C,0x73,0x9C,0x73,0x9C,0x73,0x9C,0x73,0x9C,0x73,0x9C,0x73,
	0x9C,0x73,0x9C,0x73,0x9C,0x73,0x9C,0x73,0x9C,0x73,0x9C,0x73,0x9C,0x73,0x9C,0x73,
	0xB5,0x56,0x9C,0x73,0x9C,0x73,0x9C,0x73,0x9C,0x73,0x9C,0x73,0x9C,0x73,0x9C,0x73,
	0x9C,0x73,0x9C,0x73,0x9C,0x73,0x9C,0x73,0x9C,0x73,0x9C,0x73,0x9C,0x73,0x9C,0x73,
	0x9C,0x73,0x9C,0x73,0x9C,0x73,0x9C,0x73,0x9C,0x73,0x9C,0x73,0x9C,0x73,0x9C,0x73,
	0x9C,0x73,0x9C,0x73,0x9C,0x73,0x9C,0x73,0x9C,0x73,0x9C,0x73,0x9C,0x73,0x9C,0x73,
	0x9C,0x73,0x9C,0x73,0x9C,0x73,0x9C,0x73,0x9C,0x73,0x9C,0x73,0x9C,0x73,0x9C,0x73,

	0x9C,0x73,0x9C,0x73,0x9C,0x73,0x9C,0x73,0x9C,0x73,0x9C,0x73,0x9C,0x73,0x9C,0x73,
	0xB5,0x56,0x9C,0x73,0x9C,0x73,0x9C,0x73,0x9C,0x73,0x9C,0x73,0x9C,0x73,0x9C,0x73,
	0x9C,0x73,0x9C,0x73,0x9C,0x73,0x9C,0x73,0x9C,0x73,0x9C,0x73,0x9C,0x73,0x9C,0x73,
	0x9C,0x73,0x9C,0x73,0x9C,0x73,0x9C,0x73,0x9C,0x73,0x9C,0x73,0x9C,0x73,0x9C,0x73,
	0x9C,0x73,0x9C,0x73,0x9C,0x73,0x9C,0x73,0x9C,0x73,0x9C,0x73,0x9C,0x73,0x9C,0x73,
	0x9C,0x73,0x9C,0x73,0x9C,0x73,0x9C,0x73,0x9C,0x73,0x9C,0x73,0x9C,0x73,0x9C,0x73,
	0x9C,0x73,0x9C,0x73,0x9C,0x73,0x9C,0x73,0x9C,0x73,0x9C,0x73,0x9C,0x73,0x9C,0x73,
	0xB5,0x56,0x9C,0x73,0x9C,0x73,0x9C,0x73,0x9C,0x73,0x9C,0x73,0x9C,0x73,0x9C,0x73,

	0x9C,0x73,0x9C,0x73,0x9C,0x73,0x9C,0x73,0x9C,0x73,0x9C,0x73,0x9C,0x73,0x9C,0x73,
	0x9C,0x73,0x9C,0x73,0x9C,0x73,0x9C,0x73,0x9C,0x73,0x9C,0x73,0x9C,0x73,0x9C,0x73,
	0x9C,0x73,0x9C,0x73,0x9C,0x73,0x9C,0x73,0x9C,0x73,0x9C,0x73,0x9C,0x73,0x9C,0x73,
	0x9C,0x73,0x9C,0x73,0x9C,0x73,0x9C,0x73,0x9C,0x73,0x9C,0x73,0x9C,0x73,0x9C,0x73,
	0x9C,0x73,0x9C,0x73,0x9C,0x73,0x9C,0x73,0x9C,0x73,0x9C,0x73,0x9C,0x73,0x9C,0x73,
	0xB5,0x56,0x9C,0x73,0x9C,0x73,0x9C,0x73,0x9C,0x73,0x9C,0x73,0x9C,0x73,0x9C,0x73,
	0x9C,0x73,0x9C,0x73,0x9C,0x73,0x9C,0x73,0x9C,0x73,0x9C,0x73,0x9C,0x73,0x9C,0x73,
	0x9C,0x73,0x9C,0x73,0x9C,0x73,0x9C,0x73,0x9C,0x73,0x9C,0x73,0x9C,0x73,0x9C,0x73,

	0x9C,0x73,0x9C,0x73,0x9C,0x73,0x9C,0x73,0x9C,0x73,0x9C,0x73,0x9C,0x73,0x9C,0x73,
	0x9C,0x73,0x9C,0x73,0x9C,0x73,0x9C,0x73,0x9C,0x73,0x9C,0x73,0x9C,0x73,0x9C,0x73,
	0x9C,0x73,0x9C,0x73,0x9C,0x73,0x9C,0x73,0x9C,0x73,0x9C,0x73,0x9C,0x73,0x9C,0x73,
	0xB5,0x56,0x9C,0x73,0x9C,0x73,0x9C,0x73,0x9C,0x73,0x9C,0x73,0x9C,0x73,0x9C,0x73,
	0x9C,0x73,0x9C,0x73,0x9C,0x73,0x9C,0x73,0x9C,0x73,0x9C,0x73,0x9C,0x73,0x9C,0x73,
	0x9C,0x73,0x9C,0x73,0x9C,0x73,0x9C,0x73,0x9C,0x73,0x9C,0x73,0x9C,0x73,0x9C,0x73,
	0xFF,0x7F,0xFF,0x7F,0xFF,0x7F,0xFF,0x7F,0xFF,0x7F,0xFF,0x7F,0xFF,0x7F,0xFF,0x7F,
	0xFF,0x7F,0xFF,0x7F,0xFF,0x7F,0xFF,0x7F,0xFF,0x7F,0xFF,0x7F,0xFF,0x7F,0xFF,0x7F,

	0xFF,0x7F,0xFF,0x7F,0xFF,0x7F,0xFF,0x7F,0xFF,0x7F,0xFF,0x7F,0xFF,0x7F,0xFF,0x7F,
	0xB5,0x56,0xFF,0x7F,0xFF,0x7F,0xFF,0x7F,0xFF,0x7F,0xFF,0x7F,0xFF,0x7F,0xFF,0x7F,
	0xFF,0x7F,0xFF,0x7F,0xFF,0x7F,0xFF,0x7F,0xFF,0x7F,0xFF,0x7F,0xFF,0x7F,0xFF,0x7F,
	0xFF,0x7F,0xFF,0x7F,0xFF,0x7F,0xFF,0x7F,0xFF,0x7F,0xFF,0x7F,0xFF,0x7F,0xFF,0x7F,
	0xFF,0x7F,0xFF,0x7F,0xFF,0x7F,0xFF,0x7F,0xFF,0x7F,0xFF,0x7F,0xFF,0x7F,0xFF,0x7F,
	0xFF,0x7F,0xFF,0x7F,0xFF,0x7F,0xFF,0x7F,0xFF,0x7F,0xFF,0x7F,0xFF,0x7F,0xFF,0x7F,
	0xFF,0x7F,0xFF,0x7F,0xFF,0x7F,0xFF,0x7F,0xFF,0x7F,0xFF,0x7F,0xFF,0x7F,0xFF,0x7F,
	0xB5,0x56,0xFF,0x7F,0xFF,0x7F,0xFF,0x7F,0xFF,0x7F,0xFF,0x7F,0xFF,0x7F,0xFF,0x7F,

	0xFF,0x7F,0xFF,0x7F,0xFF,0x7F,0xFF,0x7F,0xFF,0x7F,0xFF,0x7F,0xFF,0x7F,0xFF,0x7F,
	0xFF,0x7F,0xFF,0x7F,0xFF,0x7F,0xFF,0x7F,0xFF,0x7F,0xFF,0x7F,0xFF,0x7F,0xFF,0x7F,
	0xFF,0x7F,0xFF,0x7F,0xFF,0x7F,0xFF,0x7F,0xFF,0x7F,0xFF,0x7F,0xFF,0x7F,0xFF,0x7F,
	0xFF,0x7F,0xFF,0x7F,0xFF,0x7F,0xFF,0x7F,0xFF,0x7F,0xFF,0x7F,0xFF,0x7F,0xFF,0x7F,
	0xFF,0x7F,0xFF,0x7F,0xFF,0x7F,0xFF,0x7F,0xFF,0x7F,0xFF,0x7F,0xFF,0x7F,0xFF,0x7F,
	0xB5,0x56,0xFF,0x7F,0xFF,0x7F,0xFF,0x7F,0xFF,0x7F,0xFF,0x7F,0xFF,0x7F,0xFF,0x7F,
	0xFF,0x7F,0xFF,0x7F,0xFF,0x7F,0xFF,0x7F,0xFF,0x7F,0xFF,0x7F,0xFF,0x7F,0xFF,0x7F,
	0xFF,0x7F,0xFF,0x7F,0xFF,0x7F,0xFF,0x7F,0xFF,0x7F,0xFF,0x7F,0xFF,0x7F,0xFF,0x7F,

	0xFF,0x7F,0xFF,0x7F,0xFF,0x7F,0xFF,0x7F,0xFF,0x7F,0xFF,0x7F,0xFF,0x7F,0xFF,0x7F,
	0xFF,0x7F,0xFF,0x7F,0xFF,0x7F,0xFF,0x7F,0xFF,0x7F,0xFF,0x7F,0xFF,0x7F,0xFF,0x7F,
	0xFF,0x7F,0xFF,0x7F,0xFF,0x7F,0xFF,0x7F,0xFF,0x7F,0xFF,0x7F,0xFF,0x7F,0xFF,0x7F,
	0xB5,0x56,0xFF,0x7F,0xFF,0x7F,0xFF,0x7F,0xFF,0x7F,0xFF,0x7F,0xFF,0x7F,0xFF,0x7F,
	0xFF,0x7F,0xFF,0x7F,0xFF,0x7F,0xFF,0x7F,0xFF,0x7F,0xFF,0x7F,0xFF,0x7F,0xFF,0x7F,
	0xFF,0x7F,0xFF,0x7F,0xFF,0x7F,0xFF,0x7F,0xFF,0x7F,0xFF,0x7F,0xFF,0x7F,0xFF,0x7F,
	0xFF,0x7F,0xFF,0x7F,0xFF,0x7F,0xFF,0x7F,0xFF,0x7F,0xFF,0x7F,0xFF,0x7F,0xFF,0x7F,
	0xFF,0x7F,0xFF,0x7F,0xFF,0x7F,0xFF,0x7F,0xFF,0x7F,0xFF,0x7F,0xFF,0x7F,0xFF,0x7F,

	0xFF,0x7F,0xFF,0x7F,0xFF,0x7F,0xFF,0x7F,0xFF,0x7F,0xFF,0x7F,0xFF,0x7F,0xFF,0x7F,
	0xB5,0x56,0xFF,0x7F,0xFF,0x7F,0xFF,0x7F,0xFF,0x7F,0xFF,0x7F,0xFF,0x7F,0xFF,0x7F,
	0xFF,0x7F,0xFF,0x7F,0xFF,0x7F,0xFF,0x7F,0xFF,0x7F,0xFF,0x7F,0xFF,0x7F,0xFF,0x7F,
	0xFF,0x7F,0xFF,0x7F,0xFF,0x7F,0xFF,0x7F,0xFF,0x7F,0xFF,0x7F,0xFF,0x7F,0xFF,0x7F,
	0x9C,0x73,0x9C,0x73,0x9C,0x73,0x9C,0x73,0x9C,0x73,0x9C,0x73,0x9C,0x73,0x9C,0x73,
	0x9C,0x73,0x9C,0x73,0x9C,0x73,0x9C,0x73,0x9C,0x73,0x9C,0x73,0x9C,0x73,0x9C,0x73,
	0x9C,0x73,0x9C,0x73,0x9C,0x73,0x9C,0x73,0x9C,0x73,0x9C,0x73,0x9C,0x73,0x9C,0x73,
	0xB5,0x56,0x9C,0x73,0x9C,0x73,0x9C,0x73,0x9C,0x73,0x9C,0x73,0x9C,0x73,0x9C,0x73,

	0x9C,0x73,0x9C,0x73,0x9C,0x73,0x9C,0x73,0x9C,0x73,0x9C,0x73,0x9C,0x73,0x9C,0x73,
	0x9C,0x73,0x9C,0x73,0x9C,0x73,0x9C,0x73,0x9C,0x73,0x9C,0x73,0x9C,0x73,0x9C,0x73,
	0x9C,0x73,0x9C,0x73,0x9C,0x73,0x9C,0x73,0x9C,0x73,0x9C,0x73,0x9C,0x73,0x9C,0x73,
	0x9C,0x73,0x9C,0x73,0x9C,0x73,0x9C,0x73,0x9C,0x73,0x9C,0x73,0x9C,0x73,0x9C,0x73,
	0x9C,0x73,0x9C,0x73,0x9C,0x73,0x9C,0x73,0x9C,0x73,0x9C,0x73,0x9C,0x73,0x9C,0x73,
	0xB5,0x56,0x9C,0x73,0x9C,0x73,0x9C,0x73,0x9C,0x73,0x9C,0x73,0x9C,0x73,0x9C,0x73,
	0x9C,0x73,0x9C,0x73,0x9C,0x73,0x9C,0x73,0x9C,0x73,0x9C,0x73,0x9C,0x73,0x9C,0x73,
	0x9C,0x73,0x9C,0x73,0x9C,0x73,0x9C,0x73,0x9C,0x73,0x9C,0x73,0x9C,0x73,0x9C,0x73,

	0x9C,0x73,0x9C,0x73,0x9C,0x73,0x9C,0x73,0x9C,0x73,0x9C,0x73,0x9C,0x73,0x9C,0x73,
	0x9C,0x73,0x9C,0x73,0x9C,0x73,0x9C,0x73,0x9C,0x73,0x9C,0x73,0x9C,0x73,0x9C,0x73,
	0x9C,0x73,0x9C,0x73,0x9C,0x73,0x9C,0x73,0x9C,0x73,0x9C,0x73,0x9C,0x73,0x9C,0x73,
	0xB5,0x56,0x9C,0x73,0x9C,0x73,0x9C,0x73,0x9C,0x73,0x9C,0x73,0x9C,0x73,0x9C,0x73,
	0x9C,0x73,0x9C,0x73,0x9C,0x73,0x9C,0x73,0x9C,0x73,0x9C,0x73,0x9C,0x73,0x9C,0x73,
	0x9C,0x73,0x9C,0x73,0x9C,0x73,0x9C,0x73,0x9C,0x73,0x9C,0x73,0x9C,0x73,0x9C,0x73,
	0x9C,0x73,0x9C,0x73,0x9C,0x73,0x9C,0x73,0x9C,0x73,0x9C,0x73,0x9C,0x73,0x9C,0x73,
	0x9C,0x73,0x9C,0x73,0x9C,0x73,0x9C,0x73,0x9C,0x73,0x9C,0x73,0x9C,0x73,0x9C,0x73,

	0x9C,0x73,0x9C,0x73,0x9C,0x73,0x9C,0x73,0x9C,0x73,0x9C,0x73,0x9C,0x73,0x9C,0x73,
	0xB5,0x56,0x9C,0x73,0x9C,0x73,0x9C,0x73,0x9C,0x73,0x9C,0x73,0x9C,0x73,0x9C,0x73,
	0x9C,0x73,0x9C,0x73,0x9C,0x73,0x9C,0x73,0x9C,0x73,0x9C,0x73,0x9C,0x73,0x9C,0x73,
	0x9C,0x73,0x9C,0x73,0x9C,0x73,0x9C,0x73,0x9C,0x73,0x9C,0x73,0x9C,0x73,0x9C,0x73,
	0x9C,0x73,0x9C,0x73,0x9C,0x73,0x9C,0x73,0x9C,0x73,0x9C,0x73,0x9C,0x73,0x9C,0x73,
	0x9C,0x73,0x9C,0x73,0x9C,0x73,0x9C,0x73,0x9C,0x73,0x9C,0x73,0x9C,0x73,0x9C,0x73,
	0x9C,0x73,0x9C,0x73,0x9C,0x73,0x9C,0x73,0x9C,0x73,0x9C,0x73,0x9C,0x73,0x9C,0x73,
	0xB5,0x56,0x9C,0x73,0x9C,0x73,0x9C,0x73,0x9C,0x73,0x9C,0x73,0x9C,0x73,0x9C,0x73,

	0x9C,0x73,0x9C,0x73,0x9C,0x73,0x9C,0x73,0x9C,0x73,0x9C,0x73,0x9C,0x73,0x9C,0x73,
	0x9C,0x73,0x9C,0x73,0x9C,0x73,0x9C,0x73,0x9C,0x73,0x9C,0x73,0x9C,0x73,0x9C,0x73,
	0xFF,0x7F,0xFF,0x7F,0xFF,0x7F,0xFF,0x7F,0xFF,0x7F,0xFF,0x7F,0xFF,0x7F,0xFF,0x7F,
	0xFF,0x7F,0xFF,0x7F,0xFF,0x7F,0xFF,0x7F,0xFF,0x7F,0xFF,0x7F,0xFF,0x7F,0xFF,0x7F,
	0xFF,0x7F,0xFF,0x7F,0xFF,0x7F,0xFF,0x7F,0xFF,0x7F,0xFF,0x7F,0xFF,0x7F,0xFF,0x7F,
	0xB5,0x56,0xFF,0x7F,0xFF,0x7F,0xFF,0x7F,0xFF,0x7F,0xFF,0x7F,0xFF,0x7F,0xFF,0x7F,
	0xFF,0x7F,0xFF,0x7F,0xFF,0x7F,0xFF,0x7F,0xFF,0x7F,0xFF,0x7F,0xFF,0x7F,0xFF,0x7F,
	0xFF,0x7F,0xFF,0x7F,0xFF,0x7F,0xFF,0x7F,0xFF,0x7F,0xFF,0x7F,0xFF,0x7F,0xFF,0x7F,

	0xFF,0x7F,0xFF,0x7F,0xFF,0x7F,0xFF,0x7F,0xFF,0x7F,0xFF,0x7F,0xFF,0x7F,0xFF,0x7F,
	0xFF,0x7F,0xFF,0x7F,0xFF,0x7F,0xFF,0x7F,0xFF,0x7F,0xFF,0x7F,0xFF,0x7F,0xFF,0x7F,
	0xFF,0x7F,0xFF,0x7F,0xFF,0x7F,0xFF,0x7F,0xFF,0x7F,0xFF,0x7F,0xFF,0x7F,0xFF,0x7F,
	0xB5,0x56,0xFF,0x7F,0xFF,0x7F,0xFF,0x7F,0xFF,0x7F,0xFF,0x7F,0xFF,0x7F,0xFF,0x7F,
	0xFF,0x7F,0xFF,0x7F,0xFF,0x7F,0xFF,0x7F,0xFF,0x7F,0xFF,0x7F,0xFF,0x7F,0xFF,0x7F,
	0xFF,0x7F,0xFF,0x7F,0xFF,0x7F,0xFF,0x7F,0xFF,0x7F,0xFF,0x7F,0xFF,0x7F,0xFF,0x7F,
	0xFF,0x7F,0xFF,0x7F,0xFF,0x7F,0xFF,0x7F,0xFF,0x7F,0xFF,0x7F,0xFF,0x7F,0xFF,0x7F,
	0xFF,0x7F,0xFF,0x7F,0xFF,0x7F,0xFF,0x7F,0xFF,0x7F,0xFF,0x7F,0xFF,0x7F,0xFF,0x7F,

	0xFF,0x7F,0xFF,0x7F,0xFF,0x7F,0xFF,0x7F,0xFF,0x7F,0xFF,0x7F,0xFF,0x7F,0xFF,0x7F,
	0xB5,0x56,0xFF,0x7F,0xFF,0x7F,0xFF,0x7F,0xFF,0x7F,0xFF,0x7F,0xFF,0x7F,0xFF,0x7F,
	0xFF,0x7F,0xFF,0x7F,0xFF,0x7F,0xFF,0x7F,0xFF,0x7F,0xFF,0x7F,0xFF,0x7F,0xFF,0x7F,
	0xFF,0x7F,0xFF,0x7F,0xFF,0x7F,0xFF,0x7F,0xFF,0x7F,0xFF,0x7F,0xFF,0x7F,0xFF,0x7F,
	0xFF,0x7F,0xFF,0x7F,0xFF,0x7F,0xFF,0x7F,0xFF,0x7F,0xFF,0x7F,0xFF,0x7F,0xFF,0x7F,
	0xFF,0x7F,0xFF,0x7F,0xFF,0x7F,0xFF,0x7F,0xFF,0x7F,0xFF,0x7F,0xFF,0x7F,0xFF,0x7F,
	0xFF,0x7F,0xFF,0x7F,0xFF,0x7F,0xFF,0x7F,0xFF,0x7F,0xFF,0x7F,0xFF,0x7F,0xFF,0x7F,
	0xB5,0x56,0xFF,0x7F,0xFF,0x7F,0xFF,0x7F,0xFF,0x7F,0xFF,0x7F,0xFF,0x7F,0xFF,0x7F,

	0xFF,0x7F,0xFF,0x7F,0xFF,0x7F,0xFF,0x7F,0xFF,0x7F,0xFF,0x7F,0xFF,0x7F,0xFF,0x7F,
	0xFF,0x7F,0xFF,0x7F,0xFF,0x7F,0xFF,0x7F,0xFF,0x7F,0xFF,0x7F,0xFF,0x7F,0xFF,0x7F,
	0xFF,0x7F,0xFF,0x7F,0xFF,0x7F,0xFF,0x7F,0xFF,0x7F,0xFF,0x7F,0xFF,0x7F,0xFF,0x7F,
	0xFF,0x7F,0xFF,0x7F,0xFF,0x7F,0xFF,0x7F,0xFF,0x7F,0xFF,0x7F,0xFF,0x7F,0xFF,0x7F,
	0xFF,0x7F,0xFF,0x7F,0xFF,0x7F,0xFF,0x7F,0xFF,0x7F,0xFF,0x7F,0xFF,0x7F,0xFF,0x7F,
	0xB5,0x56,0xFF,0x7F,0xFF,0x7F,0xFF,0x7F,0xFF,0x7F,0xFF,0x7F,0xFF,0x7F,0xFF,0x7F,
	0xFF,0x7F,0xFF,0x7F,0xFF,0x7F,0xFF,0x7F,0xFF,0x7F,0xFF,0x7F,0xFF,0x7F,0xFF,0x7F,
	0xFF,0x7F,0xFF,0x7F,0xFF,0x7F,0xFF,0x7F,0xFF,0x7F,0xFF,0x7F,0xFF,0x7F,0xFF,0x7F,

	0x9C,0x73,0x9C,0x73,0x9C,0x73,0x9C,0x73,0x9C,0x73,0x9C,0x73,0x9C,0x73,0x9C,0x73,
	0x9C,0x73,0x9C,0x73,0x9C,0x73,0x9C,0x73,0x9C,0x73,0x9C,0x73,0x9C,0x73,0x9C,0x73,
	0x9C,0x73,0x9C,0x73,0x9C,0x73,0x9C,0x73,0x9C,0x73,0x9C,0x73,0x9C,0x73,0x9C,0x73,
	0xB5,0x56,0x9C,0x73,0x9C,0x73,0x9C,0x73,0x9C,0x73,0x9C,0x73,0x9C,0x73,0x9C,0x73,
	0x9C,0x73,0x9C,0x73,0x9C,0x73,0x9C,0x73,0x9C,0x73,0x9C,0x73,0x9C,0x73,0x9C,0x73,
	0x9C,0x73,0x9C,0x73,0x9C,0x73,0x9C,0x73,0x9C,0x73,0x9C,0x73,0x9C,0x73,0x9C,0x73,
	0x9C,0x73,0x9C,0x73,0x9C,0x73,0x9C,0x73,0x9C,0x73,0x9C,0x73,0x9C,0x73,0x9C,0x73,
	0x9C,0x73,0x9C,0x73,0x9C,0x73,0x9C,0x73,0x9C,0x73,0x9C,0x73,0x9C,0x73,0x9C,0x73,

	0x9C,0x73,0x9C,0x73,0x9C,0x73,0x9C,0x73,0x9C,0x73,0x9C,0x73,0x9C,0x73,0x9C,0x73,
	0xB5,0x56,0x9C,0x73,0x9C,0x73,0x9C,0x73,0x9C,0x73,0x9C,0x73,0x9C,0x73,0x9C,0x73,
	0x9C,0x73,0x9C,0x73,0x9C,0x73,0x9C,0x73,0x9C,0x73,0x9C,0x73,0x9C,0x73,0x9C,0x73,
	0x9C,0x73,0x9C,0x73,0x9C,0x73,0x9C,0x73,0x9C,0x73,0x9C,0x73,0x9C,0x73,0x9C,0x73,
	0x9C,0x73,0x9C,0x73,0x9C,0x73,0x9C,0x73,0x9C,0x73,0x9C,0x73,0x9C,0x73,0x9C,0x73,
	0x9C,0x73,0x9C,0x73,0x9C,0x73,0x9C,0x73,0x9C,0x73,0x9C,0x73,0x9C,0x73,0x9C,0x73,
	0x9C,0x73,0x9C,0x73,0x9C,0x73,0x9C,0x73,0x9C,0x73,0x9C,0x73,0x9C,0x73,0x9C,0x73,
	0xB5,0x56,0x9C,0x73,0x9C,0x73,0x9C,0x73,0x9C,0x73,0x9C,0x73,0x9C,0x73,0x9C,0x73,

	0x9C,0x73,0x9C,0x73,0x9C,0x73,0x9C,0x73,0x9C,0x73,0x9C,0x73,0x9C,0x73,0x9C,0x73,
	0x9C,0x73,0x9C,0x73,0x9C,0x73,0x9C,0x73,0x9C,0x73,0x9C,0x73,0x9C,0x73,0x9C,0x73,
	0x9C,0x73,0x9C,0x73,0x9C,0x73,0x9C,0x73,0x9C,0x73,0x9C,0x73,0x9C,0x73,0x9C,0x73,
	0x9C,0x73,0x9C,0x73,0x9C,0x73,0x9C,0x73,0x9C,0x73,0x9C,0x73,0x9C,0x73,0x9C,0x73,
	0x9C,0x73,0x9C,0x73,0x9C,0x73,0x9C,0x73,0x9C,0x73,0x9C,0x73,0x9C,0x73,0x9C,0x73,
	0xB5,0x56,0x9C,0x73,0x9C,0x73,0x9C,0x73,0x9C,0x73,0x9C,0x73,0x9C,0x73,0x9C,0x73,
	0x9C,0x73,0x9C,0x73,0x9C,0x73,0x9C,0x73,0x9C,0x73,0x9C,0x73,0x9C,0x73,0x9C,0x73,
	0x9C,0x73,0x9C,0x73,0x9C,0x73,0x9C,0x73,0x9C,0x73,0x9C,0x73,0x9C,0x73,0x9C,0x73,

	0x9C,0x73,0x9C,0x73,0x9C,0x73,0x9C,0x73,0x9C,0x73,0x9C,0x73,0x9C,0x73,0x9C,0x73,
	0x9C,0x73,0x9C,0x73,0x9C,0x73,0x9C,0x73,0x9C,0x73,0x9C,0x73,0x9C,0x73,0x9C,0x73,
	0x9C,0x73,0x9C,0x73,0x9C,0x73,0x9C,0x73,0x9C,0x73,0x9C,0x73,0x9C,0x73,0x9C,0x73,
	0xB5,0x56,0x9C,0x73,0x9C,0x73,0x9C,0x73,0x9C,0x73,0x9C,0x73,0x9C,0x73,0x9C,0x73,
	0x9C,0x73,0x9C,0x73,0x9C,0x73,0x9C,0x73,0x9C,0x73,0x9C,0x73,0x9C,0x73,0x9C,0x73,
	0x9C,0x73,0x9C,0x73,0x9C,0x73,0x9C,0x73,0x9C,0x73,0x9C,0x73,0x9C,0x73,0x9C,0x73,
	0xFF,0x7F,0xFF,0x7F,0xFF,0x7F,0xFF,0x7F,0xFF,0x7F,0xFF,0x7F,0xFF,0x7F,0xFF,0x7F,
	0xFF,0x7F,0xFF,0x7F,0xFF,0x7F,0xFF,0x7F,0xFF,0x7F,0xFF,0x7F,0xFF,0x7F,0xFF,0x7F,

	0xFF,0x7F,0xFF,0x7F,0xFF,0x7F,0xFF,0x7F,0xFF,0x7F,0xFF,0x7F,0xFF,0x7F,0xFF,0x7F,
	0xB5,0x56,0xFF,0x7F,0xFF,0x7F,0xFF,0x7F,0xFF,0x7F,0xFF,0x7F,0xFF,0x7F,0xFF,0x7F,
	0xFF,0x7F,0xFF,0x7F,0xFF,0x7F,0xFF,0x7F,0xFF,0x7F,0xFF,0x7F,0xFF,0x7F,0xFF,0x7F,
	0xFF,0x7F,0xFF,0x7F,0xFF,0x7F,0xFF,0x7F,0xFF,0x7F,0xFF,0x7F,0xFF,0x7F,0xFF,0x7F,
	0xFF,0x7F,0xFF,0x7F,0xFF,0x7F,0xFF,0x7F,0xFF,0x7F,0xFF,0x7F,0xFF,0x7F,0xFF,0x7F,
	0xFF,0x7F,0xFF,0x7F,0xFF,0x7F,0xFF,0x7F,0xFF,0x7F,0xFF,0x7F,0xFF,0x7F,0xFF,0x7F,
	0xFF,0x7F,0xFF,0x7F,0xFF,0x7F,0xFF,0x7F,0xFF,0x7F,0xFF,0x7F,0xFF,0x7F,0xFF,0x7F,
	0xB5,0x56,0xFF,0x7F,0xFF,0x7F,0xFF,0x7F,0xFF,0x7F,0xFF,0x7F,0xFF,0x7F,0xFF,0x7F,

	0xFF,0x7F,0xFF,0x7F,0xFF,0x7F,0xFF,0x7F,0xFF,0x7F,0xFF,0x7F,0xFF,0x7F,0xFF,0x7F,
	0xFF,0x7F,0xFF,0x7F,0xFF,0x7F,0xFF,0x7F,0xFF,0x7F,0xFF,0x7F,0xFF,0x7F,0xFF,0x7F,
	0xFF,0x7F,0xFF,0x7F,0xFF,0x7F,0xFF,0x7F,0xFF,0x7F,0xFF,0x7F,0xFF,0x7F,0xFF,0x7F,
	0xFF,0x7F,0xFF,0x7F,0xFF,0x7F,0xFF,0x7F,0xFF,0x7F,0xFF,0x7F,0xFF,0x7F,0xFF,0x7F,
	0xFF,0x7F,0xFF,0x7F,0xFF,0x7F,0xFF,0x7F,0xFF,0x7F,0xFF,0x7F,0xFF,0x7F,0xFF,0x7F,
	0xB5,0x56,0xFF,0x7F,0xFF,0x7F,0xFF,0x7F,0xFF,0x7F,0xFF,0x7F,0xFF,0x7F,0xFF,0x7F,
	0xFF,0x7F,0xFF,0x7F,0xFF,0x7F,0xFF,0x7F,0xFF,0x7F,0xFF,0x7F,0xFF,0x7F,0xFF,0x7F,
	0xFF,0x7F,0xFF,0x7F,0xFF,0x7F,0xFF,0x7F,0xFF,0x7F,0xFF,0x7F,0xFF,0x7F,0xFF,0x7F,

	0xFF,0x7F,0xFF,0x7F,0xFF,0x7F,0xFF,0x7F,0xFF,0x7F,0xFF,0x7F,0xFF,0x7F,0xFF,0x7F,
	0xFF,0x7F,0xFF,0x7F,0xFF,0x7F,0xFF,0x7F,0xFF,0x7F,0xFF,0x7F,0xFF,0x7F,0xFF,0x7F,
	0xFF,0x7F,0xFF,0x7F,0xFF,0x7F,0xFF,0x7F,0xFF,0x7F,0xFF,0x7F,0xFF,0x7F,0xFF,0x7F,
	0xB5,0x56,0xFF,0x7F,0xFF,0x7F,0xFF,0x7F,0xFF,0x7F,0xFF,0x7F,0xFF,0x7F,0xFF,0x7F,
	0xFF,0x7F,0xFF,0x7F,0xFF,0x7F,0xFF,0x7F,0xFF,0x7F,0xFF,0x7F,0xFF,0x7F,0xFF,0x7F,
	0xFF,0x7F,0xFF,0x7F,0xFF,0x7F,0xFF,0x7F,0xFF,0x7F,0xFF,0x7F,0xFF,0x7F,0xFF,0x7F,
	0xFF,0x7F,0xFF,0x7F,0xFF,0x7F,0xFF,0x7F,0xFF,0x7F,0xFF,0x7F,0xFF,0x7F,0xFF,0x7F,
	0xFF,0x7F,0xFF,0x7F,0xFF,0x7F,0xFF,0x7F,0xFF,0x7F,0xFF,0x7F,0xFF,0x7F,0xFF,0x7F,

	0xFF,0x7F,0xFF,0x7F,0xFF,0x7F,0xFF,0x7F,0xFF,0x7F,0xFF,0x7F,0xFF,0x7F,0xFF,0x7F,
	0xB5,0x56,0xFF,0x7F,0xFF,0x7F,0xFF,0x7F,0xFF,0x7F,0xFF,0x7F,0xFF,0x7F,0xFF,0x7F,
	0xFF,0x7F,0xFF,0x7F,0xFF,0x7F,0xFF,0x7F,0xFF,0x7F,0xFF,0x7F,0xFF,0x7F,0xFF,0x7F,
	0xFF,0x7F,0xFF,0x7F,0xFF,0x7F,0xFF,0x7F,0xFF,0x7F,0xFF,0x7F,0xFF,0x7F,0xFF,0x7F,
	0x9C,0x73,0x9C,0x73,0x9C,0x73,0x9C,0x73,0x9C,0x73,0x9C,0x73,0x9C,0x73,0x9C,0x73,
	0x9C,0x73,0x9C,0x73,0x9C,0x73,0x9C,0x73,0x9C,0x73,0x9C,0x73,0x9C,0x73,0x9C,0x73,
	0x9C,0x73,0x9C,0x73,0x9C,0x73,0x9C,0x73,0x9C,0x73,0x9C,0x73,0x9C,0x73,0x9C,0x73,
	0xB5,0x56,0x9C,0x73,0x9C,0x73,0x9C,0x73,0x9C,0x73,0x9C,0x73,0x9C,0x73,0x9C,0x73,

	0x9C,0x73,0x9C,0x73,0x9C,0x73,0x9C,0x73,0x9C,0x73,0x9C,0x73,0x9C,0x73,0x9C,0x73,
	0x9C,0x73,0x9C,0x73,0x9C,0x73,0x9C,0x73,0x9C,0x73,0x9C,0x73,0x9C,0x73,0x9C,0x73,
	0x9C,0x73,0x9C,0x73,0x9C,0x73,0x9C,0x73,0x9C,0x73,0x9C,0x73,0x9C,0x73,0x9C,0x73,
	0x9C,0x73,0x9C,0x73,0x9C,0x73,0x9C,0x73,0x9C,0x73,0x9C,0x73,0x9C,0x73,0x9C,0x73,
	0x9C,0x73,0x9C,0x73,0x9C,0x73,0x9C,0x73,0x9C,0x73,0x9C,0x73,0x9C,0x73,0x9C,0x73,
	0xB5,0x56,0x9C,0x73,0x9C,0x73,0x9C,0x73,0x9C,0x73,0x9C,0x73,0x9C,0x73,0x9C,0x73,
	0x9C,0x73,0x9C,0x73,0x9C,0x73,0x9C,0x73,0x9C,0x73,0x9C,0x73,0x9C,0x73,0x9C,0x73,
	0x9C,0x73,0x9C,0x73,0x9C,0x73,0x9C,0x73,0x9C,0x73,0x9C,0x73,0x9C,0x73,0x9C,0x73,

	0x9C,0x73,0x9C,0x73,0x9C,0x73,0x9C,0x73,0x9C,0x73,0x9C,0x73,0x9C,0x73,0x9C,0x73,
	0x9C,0x73,0x9C,0x73,0x9C,0x73,0x9C,0x73,0x9C,0x73,0x9C,0x73,0x9C,0x73,0x9C,0x73,
	0x9C,0x73,0x9C,0x73,0x9C,0x73,0x9C,0x73,0x9C,0x73,0x9C,0x73,0x9C,0x73,0x9C,0x73,
	0xB5,0x56,0x9C,0x73,0x9C,0x73,0x9C,0x73,0x9C,0x73,0x9C,0x73,0x9C,0x73,0x9C,0x73,
	0x9C,0x73,0x9C,0x73,0x9C,0x73,0x9C,0x73,0x9C,0x73,0x9C,0x73,0x9C,0x73,0x9C,0x73,
	0x9C,0x73,0x9C,0x73,0x9C,0x73,0x9C,0x73,0x9C,0x73,0x9C,0x73,0x9C,0x73,0x9C,0x73,
	0x9C,0x73,0x9C,0x73,0x9C,0x73,0x9C,0x73,0x9C,0x73,0x9C,0x73,0x9C,0x73,0x9C,0x73,
	0x9C,0x73,0x9C,0x73,0x9C,0x73,0x9C,0x73,0x9C,0x73,0x9C,0x73,0x9C,0x73,0x9C,0x73,

	0x9C,0x73,0x9C,0x73,0x9C,0x73,0x9C,0x73,0x9C,0x73,0x9C,0x73,0x9C,0x73,0x9C,0x73,
	0xB5,0x56,0x9C,0x73,0x9C,0x73,0x9C,0x73,0x9C,0x73,0x9C,0x73,0x9C,0x73,0x9C,0x73,
	0x9C,0x73,0x9C,0x73,0x9C,0x73,0x9C,0x73,0x9C,0x73,0x9C,0x73,0x9C,0x73,0x9C,0x73,
	0x9C,0x73,0x9C,0x73,0x9C,0x73,0x9C,0x73,0x9C,0x73,0x9C,0x73,0x9C,0x73,0x9C,0x73,
	0x9C,0x73,0x9C,0x73,0x9C,0x73,0x9C,0x73,0x9C,0x73,0x9C,0x73,0x9C,0x73,0x9C,0x73,
	0x9C,0x73,0x9C,0x73,0x9C,0x73,0x9C,0x73,0x9C,0x73,0x9C,0x73,0x9C,0x73,0x9C,0x73,
	0x9C,0x73,0x9C,0x73,0x9C,0x73,0x9C,0x73,0x9C,0x73,0x9C,0x73,0x9C,0x73,0x9C,0x73,
	0xB5,0x56,0x9C,0x73,0x9C,0x73,0x9C,0x73,0x9C,0x73,0x9C,0x73,0x9C,0x73,0x9C,0x73,

	0x9C,0x73,0x9C,0x73,0x9C,0x73,0x9C,0x73,0x9C,0x73,0x9C,0x73,0x9C,0x73,0x9C,0x73,
	0x9C,0x73,0x9C,0x73,0x9C,0x73,0x9C,0x73,0x9C,0x73,0x9C,0x73,0x9C,0x73,0x9C,0x73,
	0xFF,0x7F,0xFF,0x7F,0xFF,0x7F,0xFF,0x7F,0xFF,0x7F,0xFF,0x7F,0xFF,0x7F,0xFF,0x7F,
	0xFF,0x7F,0xFF,0x7F,0xFF,0x7F,0xFF,0x7F,0xFF,0x7F,0xFF,0x7F,0xFF,0x7F,0xFF,0x7F,
	0xFF,0x7F,0xFF,0x7F,0xFF,0x7F,0xFF,0x7F,0xFF,0x7F,0xFF,0x7F,0xFF,0x7F,0xFF,0x7F,
	0xB5,0x56,0xFF,0x7F,0xFF,0x7F,0xFF,0x7F,0xFF,0x7F,0xFF,0x7F,0xFF,0x7F,0xFF,0x7F,
	0xFF,0x7F,0xFF,0x7F,0xFF,0x7F,0xFF,0x7F,0xFF,0x7F,0xFF,0x7F,0xFF,0x7F,0xFF,0x7F,
	0xFF,0x7F,0xFF,0x7F,0xFF,0x7F,0xFF,0x7F,0xFF,0x7F,0xFF,0x7F,0xFF,0x7F,0xFF,0x7F,

	0xFF,0x7F,0xFF,0x7F,0xFF,0x7F,0xFF,0x7F,0xFF,0x7F,0xFF,0x7F,0xFF,0x7F,0xFF,0x7F,
	0xFF,0x7F,0xFF,0x7F,0xFF,0x7F,0xFF,0x7F,0xFF,0x7F,0xFF,0x7F,0xFF,0x7F,0xFF,0x7F,
	0xFF,0x7F,0xFF,0x7F,0xFF,0x7F,0xFF,0x7F,0xFF,0x7F,0xFF,0x7F,0xFF,0x7F,0xFF,0x7F,
	0xB5,0x56,0xFF,0x7F,0xFF,0x7F,0xFF,0x7F,0xFF,0x7F,0xFF,0x7F,0xFF,0x7F,0xFF,0x7F,
	0xFF,0x7F,0xFF,0x7F,0xFF,0x7F,0xFF,0x7F,0xFF,0x7F,0xFF,0x7F,0xFF,0x7F,0xFF,0x7F,
	0xFF,0x7F,0xFF,0x7F,0xFF,0x7F,0xFF,0x7F,0xFF,0x7F,0xFF,0x7F,0xFF,0x7F,0xFF,0x7F,
	0xFF,0x7F,0xFF,0x7F,0xFF,0x7F,0xFF,0x7F,0xFF,0x7F,0xFF,0x7F,0xFF,0x7F,0xFF,0x7F,
	0xFF,0x7F,0xFF,0x7F,0xFF,0x7F,0xFF,0x7F,0xFF,0x7F,0xFF,0x7F,0xFF,0x7F,0xFF,0x7F,

	0xFF,0x7F,0xFF,0x7F,0xFF,0x7F,0xFF,0x7F,0xFF,0x7F,0xFF,0x7F,0xFF,0x7F,0xFF,0x7F,
	0xB5,0x56,0xFF,0x7F,0xFF,0x7F,0xFF,0x7F,0xFF,0x7F,0xFF,0x7F,0xFF,0x7F,0xFF,0x7F,
	0xFF,0x7F,0xFF,0x7F,0xFF,0x7F,0xFF,0x7F,0xFF,0x7F,0xFF,0x7F,0xFF,0x7F,0xFF,0x7F,
	0xFF,0x7F,0xFF,0x7F,0xFF,0x7F,0xFF,0x7F,0xFF,0x7F,0xFF,0x7F,0xFF,0x7F,0xFF,0x7F,
	0xFF,0x7F,0xFF,0x7F,0xFF,0x7F,0xFF,0x7F,0xFF,0x7F,0xFF,0x7F,0xFF,0x7F,0xFF,0x7F,
	0xFF,0x7F,0xFF,0x7F,0xFF,0x7F,0xFF,0x7F,0xFF,0x7F,0xFF,0x7F,0xFF,0x7F,0xFF,0x7F,
	0xFF,0x7F,0xFF,0x7F,0xFF,0x7F,0xFF,0x7F,0xFF,0x7F,0xFF,0x7F,0xFF,0x7F,0xFF,0x7F,
	0xB5,0x56,0xFF,0x7F,0xFF,0x7F,0xFF,0x7F,0xFF,0x7F,0xFF,0x7F,0xFF,0x7F,0xFF,0x7F,

	0xFF,0x7F,0xFF,0x7F,0xFF,0x7F,0xFF,0x7F,0xFF,0x7F,0xFF,0x7F,0xFF,0x7F,0xFF,0x7F,
	0xFF,0x7F,0xFF,0x7F,0xFF,0x7F,0xFF,0x7F,0xFF,0x7F,0xFF,0x7F,0xFF,0x7F,0xFF,0x7F,
	0xFF,0x7F,0xFF,0x7F,0xFF,0x7F,0xFF,0x7F,0xFF,0x7F,0xFF,0x7F,0xFF,0x7F,0xFF,0x7F,
	0xFF,0x7F,0xFF,0x7F,0xFF,0x7F,0xFF,0x7F,0xFF,0x7F,0xFF,0x7F,0xFF,0x7F,0xFF,0x7F,
	0xFF,0x7F,0xFF,0x7F,0xFF,0x7F,0xFF,0x7F,0xFF,0x7F,0xFF,0x7F,0xFF,0x7F,0xFF,0x7F,
	0xB5,0x56,0xFF,0x7F,0xFF,0x7F,0xFF,0x7F,0xFF,0x7F,0xFF,0x7F,0xFF,0x7F,0xFF,0x7F,
	0xFF,0x7F,0xFF,0x7F,0xFF,0x7F,0xFF,0x7F,0xFF,0x7F,0xFF,0x7F,0xFF,0x7F,0xFF,0x7F,
	0xFF,0x7F,0xFF,0x7F,0xFF,0x7F,0xFF,0x7F,0xFF,0x7F,0xFF,0x7F,0xFF,0x7F,0xFF,0x7F,

	0x9C,0x73,0x9C,0x73,0x9C,0x73,0x9C,0x73,0x9C,0x73,0x9C,0x73,0x9C,0x73,0x9C,0x73,
	0x9C,0x73,0x9C,0x73,0x9C,0x73,0x9C,0x73,0x9C,0x73,0x9C,0x73,0x9C,0x73,0x9C,0x73,
	0x9C,0x73,0x9C,0x73,0x9C,0x73,0x9C,0x73,0x9C,0x73,0x9C,0x73,0x9C,0x73,0x9C,0x73,
	0xB5,0x56,0x9C,0x73,0x9C,0x73,0x9C,0x73,0x9C,0x73,0x9C,0x73,0x9C,0x73,0x9C,0x73,
	0x9C,0x73,0x9C,0x73,0x9C,0x73,0x9C,0x73,0x9C,0x73,0x9C,0x73,0x9C,0x73,0x9C,0x73,
	0x9C,0x73,0x9C,0x73,0x9C,0x73,0x9C,0x73,0x9C,0x73,0x9C,0x73,0x9C,0x73,0x9C,0x73,
	0x9C,0x73,0x9C,0x73,0x9C,0x73,0x9C,0x73,0x9C,0x73,0x9C,0x73,0x9C,0x73,0x9C,0x73,
	0x9C,0x73,0x9C,0x73,0x9C,0x73,0x9C,0x73,0x9C,0x73,0x9C,0x73,0x9C,0x73,0x9C,0x73,

	0x9C,0x73,0x9C,0x73,0x9C,0x73,0x9C,0x73,0x9C,0x73,0x9C,0x73,0x9C,0x73,0x9C,0x73,
	0xB5,0x56,0x9C,0x73,0x9C,0x73,0x9C,0x73,0x9C,0x73,0x9C,0x73,0x9C,0x73,0x9C,0x73,
	0x9C,0x73,0x9C,0x73,0x9C,0x73,0x9C,0x73,0x9C,0x73,0x9C,0x73,0x9C,0x73,0x9C,0x73,
	0x9C,0x73,0x9C,0x73,0x9C,0x73,0x9C,0x73,0x9C,0x73,0x9C,0x73,0x9C,0x73,0x9C,0x73,
	0x9C,0x73,0x9C,0x73,0x9C,0x73,0x9C,0x73,0x9C,0x73,0x9C,0x73,0x9C,0x73,0x9C,0x73,
	0x9C,0x73,0x9C,0x73,0x9C,0x73,0x9C,0x73,0x9C,0x73,0x9C,0x73,0x9C,0x73,0x9C,0x73,
	0x9C,0x73,0x9C,0x73,0x9C,0x73,0x9C,0x73,0x9C,0x73,0x9C,0x73,0x9C,0x73,0x9C,0x73,
	0xB5,0x56,0x9C,0x73,0x9C,0x73,0x9C,0x73,0x9C,0x73,0x9C,0x73,0x9C,0x73,0x9C,0x73,

	0x9C,0x73,0x9C,0x73,0x9C,0x73,0x9C,0x73,0x9C,0x73,0x9C,0x73,0x9C,0x73,0x9C,0x73,
	0x9C,0x73,0x9C,0x73,0x9C,0x73,0x9C,0x73,0x9C,0x73,0x9C,0x73,0x9C,0x73,0x9C,0x73,
	0x9C,0x73,0x9C,0x73,0x9C,0x73,0x9C,0x73,0x9C,0x73,0x9C,0x73,0x9C,0x73,0x9C,0x73,
	0x9C,0x73,0x9C,0x73,0x9C,0x73,0x9C,0x73,0x9C,0x73,0x9C,0x73,0x9C,0x73,0x9C,0x73,
	0x9C,0x73,0x9C,0x73,0x9C,0x73,0x9C,0x73,0x9C,0x73,0x9C,0x73,0x9C,0x73,0x9C,0x73,
	0xB5,0x56,0x9C,0x73,0x9C,0x73,0x9C,0x73,0x9C,0x73,0x9C,0x73,0x9C,0x73,0x9C,0x73,
	0x9C,0x73,0x9C,0x73,0x9C,0x73,0x9C,0x73,0x9C,0x73,0x9C,0x73,0x9C,0x73,0x9C,0x73,
	0x9C,0x73,0x9C,0x73,0x9C,0x73,0x9C,0x73,0x9C,0x73,0x9C,0x73,0x9C,0x73,0x9C,0x73,

	0x9C,0x73,0x9C,0x73,0x9C,0x73,0x9C,0x73,0x9C,0x73,0x9C,0x73,0x9C,0x73,0x9C,0x73,
	0x9C,0x73,0x9C,0x73,0x9C,0x73,0x9C,0x73,0x9C,0x73,0x9C,0x73,0x9C,0x73,0x9C,0x73,
	0x9C,0x73,0x9C,0x73,0x9C,0x73,0x9C,0x73,0x9C,0x73,0x9C,0x73,0x9C,0x73,0x9C,0x73,
	0xB5,0x56,0x9C,0x73,0x9C,0x73,0x9C,0x73,0x9C,0x73,0x9C,0x73,0x9C,0x73,0x9C,0x73,
	0x9C,0x73,0x9C,0x73,0x9C,0x73,0x9C,0x73,0x9C,0x73,0x9C,0x73,0x9C,0x73,0x9C,0x73,
	0x9C,0x73,0x9C,0x73,0x9C,0x73,0x9C,0x73,0x9C,0x73,0x9C,0x73,0x9C,0x73,0x9C,0x73,
	0xFF,0x7F,0xFF,0x7F,0xFF,0x7F,0xFF,0x7F,0xFF,0x7F,0xFF,0x7F,0xFF,0x7F,0xFF,0x7F,
	0xFF,0x7F,0xFF,0x7F,0xFF,0x7F,0xFF,0x7F,0xFF,0x7F,0xFF,0x7F,0xFF,0x7F,0xFF,0x7F,

	0xFF,0x7F,0xFF,0x7F,0xFF,0x7F,0xFF,0x7F,0xFF,0x7F,0xFF,0x7F,0xFF,0x7F,0xFF,0x7F,
	0xB5,0x56,0xFF,0x7F,0xFF,0x7F,0xFF,0x7F,0xFF,0x7F,0xFF,0x7F,0xFF,0x7F,0xFF,0x7F,
	0xFF,0x7F,0xFF,0x7F,0xFF,0x7F,0xFF,0x7F,0xFF,0x7F,0xFF,0x7F,0xFF,0x7F,0xFF,0x7F,
	0xFF,0x7F,0xFF,0x7F,0xFF,0x7F,0xFF,0x7F,0xFF,0x7F,0xFF,0x7F,0xFF,0x7F,0xFF,0x7F,
	0xFF,0x7F,0xFF,0x7F,0xFF,0x7F,0xFF,0x7F,0xFF,0x7F,0xFF,0x7F,0xFF,0x7F,0xFF,0x7F,
	0xFF,0x7F,0xFF,0x7F,0xFF,0x7F,0xFF,0x7F,0xFF,0x7F,0xFF,0x7F,0xFF,0x7F,0xFF,0x7F,
	0xFF,0x7F,0xFF,0x7F,0xFF,0x7F,0xFF,0x7F,0xFF,0x7F,0xFF,0x7F,0xFF,0x7F,0xFF,0x7F,
	0xB5,0x56,0xFF,0x7F,0xFF,0x7F,0xFF,0x7F,0xFF,0x7F,0xFF,0x7F,0xFF,0x7F,0xFF,0x7F,

	0xFF,0x7F,0xFF,0x7F,0xFF,0x7F,0xFF,0x7F,0xFF,0x7F,0xFF,0x7F,0xFF,0x7F,0xFF,0x7F,
	0xFF,0x7F,0xFF,0x7F,0xFF,0x7F,0xFF,0x7F,0xFF,0x7F,0xFF,0x7F,0xFF,0x7F,0xFF,0x7F,
	0xFF,0x7F,0xFF,0x7F,0xFF,0x7F,0xFF,0x7F,0xFF,0x7F,0xFF,0x7F,0xFF,0x7F,0xFF,0x7F,
	0xFF,0x7F,0xFF,0x7F,0xFF,0x7F,0xFF,0x7F,0xFF,0x7F,0xFF,0x7F,0xFF,0x7F,0xFF,0x7F,
	0xFF,0x7F,0xFF,0x7F,0xFF,0x7F,0xFF,0x7F,0xFF,0x7F,0xFF,0x7F,0xFF,0x7F,0xFF,0x7F,
	0xB5,0x56,0xFF,0x7F,0xFF,0x7F,0xFF,0x7F,0xFF,0x7F,0xFF,0x7F,0xFF,0x7F,0xFF,0x7F,
	0xFF,0x7F,0xFF,0x7F,0xFF,0x7F,0xFF,0x7F,0xFF,0x7F,0xFF,0x7F,0xFF,0x7F,0xFF,0x7F,
	0xFF,0x7F,0xFF,0x7F,0xFF,0x7F,0xFF,0x7F,0xFF,0x7F,0xFF,0x7F,0xFF,0x7F,0xFF,0x7F,

	0xFF,0x7F,0xFF,0x7F,0xFF,0x7F,0xFF,0x7F,0xFF,0x7F,0xFF,0x7F,0xFF,0x7F,0xFF,0x7F,
	0xFF,0x7F,0xFF,0x7F,0xFF,0x7F,0xFF,0x7F,0xFF,0x7F,0xFF,0x7F,0xFF,0x7F,0xFF,0x7F,
	0xFF,0x7F,0xFF,0x7F,0xFF,0x7F,0xFF,0x7F,0xFF,0x7F,0xFF,0x7F,0xFF,0x7F,0xFF,0x7F,
	0xB5,0x56,0xFF,0x7F,0xFF,0x7F,0xFF,0x7F,0xFF,0x7F,0xFF,0x7F,0xFF,0x7F,0xFF,0x7F,
	0xFF,0x7F,0xFF,0x7F,0xFF,0x7F,0xFF,0x7F,0xFF,0x7F,0xFF,0x7F,0xFF,0x7F,0xFF,0x7F,
	0xFF,0x7F,0xFF,0x7F,0xFF,0x7F,0xFF,0x7F,0xFF,0x7F,0xFF,0x7F,0xFF,0x7F,0xFF,0x7F,
	0xFF,0x7F,0xFF,0x7F,0xFF,0x7F,0xFF,0x7F,0xFF,0x7F,0xFF,0x7F,0xFF,0x7F,0xFF,0x7F,
	0xFF,0x7F,0xFF,0x7F,0xFF,0x7F,0xFF,0x7F,0xFF,0x7F,0xFF,0x7F,0xFF,0x7F,0xFF,0x7F,

	0xFF,0x7F,0xFF,0x7F,0xFF,0x7F,0xFF,0x7F,0xFF,0x7F,0xFF,0x7F,0xFF,0x7F,0xFF,0x7F,
	0xB5,0x56,0xFF,0x7F,0xFF,0x7F,0xFF,0x7F,0xFF,0x7F,0xFF,0x7F,0xFF,0x7F,0xFF,0x7F,
	0xFF,0x7F,0xFF,0x7F,0xFF,0x7F,0xFF,0x7F,0xFF,0x7F,0xFF,0x7F,0xFF,0x7F,0xFF,0x7F,
	0xFF,0x7F,0xFF,0x7F,0xFF,0x7F,0xFF,0x7F,0xFF,0x7F,0xFF,0x7F,0xFF,0x7F,0xFF,0x7F,
	0x9C,0x73,0x9C,0x73,0x9C,0x73,0x9C,0x73,0x9C,0x73,0x9C,0x73,0x9C,0x73,0x9C,0x73,
	0x9C,0x73,0x9C,0x73,0x9C,0x73,0x9C,0x73,0x9C,0x73,0x9C,0x73,0x9C,0x73,0x9C,0x73,
	0x9C,0x73,0x9C,0x73,0x9C,0x73,0x9C,0x73,0x9C,0x73,0x9C,0x73,0x9C,0x73,0x9C,0x73,
	0xB5,0x56,0x9C,0x73,0x9C,0x73,0x9C,0x73,0x9C,0x73,0x9C,0x73,0x9C,0x73,0x9C,0x73,

	0x9C,0x73,0x9C,0x73,0x9C,0x73,0x9C,0x73,0x9C,0x73,0x9C,0x73,0x9C,0x73,0x9C,0x73,
	0x9C,0x73,0x9C,0x73,0x9C,0x73,0x9C,0x73,0x9C,0x73,0x9C,0x73,0x9C,0x73,0x9C,0x73,
	0x9C,0x73,0x9C,0x73,0x9C,0x73,0x9C,0x73,0x9C,0x73,0x9C,0x73,0x9C,0x73,0x9C,0x73,
	0x9C,0x73,0x9C,0x73,0x9C,0x73,0x9C,0x73,0x9C,0x73,0x9C,0x73,0x9C,0x73,0x9C,0x73,
	0x9C,0x73,0x9C,0x73,0x9C,0x73,0x9C,0x73,0x9C,0x73,0x9C,0x73,0x9C,0x73,0x9C,0x73,
	0xB5,0x56,0x9C,0x73,0x9C,0x73,0x9C,0x73,0x9C,0x73,0x9C,0x73,0x9C,0x73,0x9C,0x73,
	0x9C,0x73,0x9C,0x73,0x9C,0x73,0x9C,0x73,0x9C,0x73,0x9C,0x73,0x9C,0x73,0x9C,0x73,
	0x9C,0x73,0x9C,0x73,0x9C,0x73,0x9C,0x73,0x9C,0x73,0x9C,0x73,0x9C,0x73,0x9C,0x73,

	0x9C,0x73,0x9C,0x73,0x9C,0x73,0x9C,0x73,0x9C,0x73,0x9C,0x73,0x9C,0x73,0x9C,0x73,
	0x9C,0x73,0x9C,0x73,0x9C,0x73,0x9C,0x73,0x9C,0x73,0x9C,0x73,0x9C,0x73,0x9C,0x73,
	0x9C,0x73,0x9C,0x73,0x9C,0x73,0x9C,0x73,0x9C,0x73,0x9C,0x73,0x9C,0x73,0x9C,0x73,
	0xB5,0x56,0x9C,0x73,0x9C,0x73,0x9C,0x73,0x9C,0x73,0x9C,0x73,0x9C,0x73,0x9C,0x73,
	0x9C,0x73,0x9C,0x73,0x9C,0x73,0x9C,0x73,0x9C,0x73,0x9C,0x73,0x9C,0x73,0x9C,0x73,
	0x9C,0x73,0x9C,0x73,0x9C,0x73,0x9C,0x73,0x9C,0x73,0x9C,0x73,0x9C,0x73,0x9C,0x73,
	0x9C,0x73,0x9C,0x73,0x9C,0x73,0x9C,0x73,0x9C,0x73,0x9C,0x73,0x9C,0x73,0x9C,0x73,
	0x9C,0x73,0x9C,0x73,0x9C,0x73,0x9C,0x73,0x9C,0x73,0x9C,0x73,0x9C,0x73,0x9C,0x73,

	0x9C,0x73,0x9C,0x73,0x9C,0x73,0x9C,0x73,0x9C,0x73,0x9C,0x73,0x9C,0x73,0x9C,0x73,
	0xB5,0x56,0x9C,0x73,0x9C,0x73,0x9C,0x73,0x9C,0x73,0x9C,0x73,0x9C,0x73,0x9C,0x73,
	0x9C,0x73,0x9C,0x73,0x9C,0x73,0x9C,0x73,0x9C,0x73,0x9C,0x73,0x9C,0x73,0x9C,0x73,
	0x9C,0x73,0x9C,0x73,0x9C,0x73,0x9C,0x73,0x9C,0x73,0x9C,0x73,0x9C,0x73,0x9C,0x73,
	0x9C,0x73,0x9C,0x73,0x9C,0x73,0x9C,0x73,0x9C,0x73,0x9C,0x73,0x9C,0x73,0x9C,0x73,
	0x9C,0x73,0x9C,0x73,0x9C,0x73,0x9C,0x73,0x9C,0x73,0x9C,0x73,0x9C,0x73,0x9C,0x73,
	0x9C,0x73,0x9C,0x73,0x9C,0x73,0x9C,0x73,0x9C,0x73,0x9C,0x73,0x9C,0x73,0x9C,0x73,
	0xB5,0x56,0x9C,0x73,0x9C,0x73,0x9C,0x73,0x9C,0x73,0x9C,0x73,0x9C,0x73,0x9C,0x73,

	0x9C,0x73,0x9C,0x73,0x9C,0x73,0x9C,0x73,0x9C,0x73,0x9C,0x73,0x9C,0x73,0x9C,0x73,
	0x9C,0x73,0x9C,0x73,0x9C,0x73,0x9C,0x73,0x9C,0x73,0x9C,0x73,0x9C,0x73,0x9C,0x73,
	0xFF,0x7F,0xFF,0x7F,0xFF,0x7F,0xFF,0x7F,0xFF,0x7F,0xFF,0x7F,0xFF,0x7F,0xFF,0x7F,
	0xFF,0x7F,0xFF,0x7F,0xFF,0x7F,0xFF,0x7F,0xFF,0x7F,0xFF,0x7F,0xFF,0x7F,0xFF,0x7F,
	0xFF,0x7F,0xFF,0x7F,0xFF,0x7F,0xFF,0x7F,0xFF,0x7F,0xFF,0x7F,0xFF,0x7F,0xFF,0x7F,
	0xB5,0x56,0xFF,0x7F,0xFF,0x7F,0xFF,0x7F,0xFF,0x7F,0xFF,0x7F,0xFF,0x7F,0xFF,0x7F,
	0xFF,0x7F,0xFF,0x7F,0xFF,0x7F,0xFF,0x7F,0xFF,0x7F,0xFF,0x7F,0xFF,0x7F,0xFF,0x7F,
	0xFF,0x7F,0xFF,0x7F,0xFF,0x7F,0xFF,0x7F,0xFF,0x7F,0xFF,0x7F,0xFF,0x7F,0xFF,0x7F,

	0xFF,0x7F,0xFF,0x7F,0xFF,0x7F,0xFF,0x7F,0xFF,0x7F,0xFF,0x7F,0xFF,0x7F,0xFF,0x7F,
	0xFF,0x7F,0xFF,0x7F,0xFF,0x7F,0xFF,0x7F,0xFF,0x7F,0xFF,0x7F,0xFF,0x7F,0xFF,0x7F,
	0xFF,0x7F,0xFF,0x7F,0xFF,0x7F,0xFF,0x7F,0xFF,0x7F,0xFF,0x7F,0xFF,0x7F,0xFF,0x7F,
	0xB5,0x56,0xFF,0x7F,0xFF,0x7F,0xFF,0x7F,0xFF,0x7F,0xFF,0x7F,0xFF,0x7F,0xFF,0x7F,
	0xFF,0x7F,0xFF,0x7F,0xFF,0x7F,0xFF,0x7F,0xFF,0x7F,0xFF,0x7F,0xFF,0x7F,0xFF,0x7F,
	0xFF,0x7F,0xFF,0x7F,0xFF,0x7F,0xFF,0x7F,0xFF,0x7F,0xFF,0x7F,0xFF,0x7F,0xFF,0x7F,
	0xFF,0x7F,0xFF,0x7F,0xFF,0x7F,0xFF,0x7F,0xFF,0x7F,0xFF,0x7F,0xFF,0x7F,0xFF,0x7F,
	0xFF,0x7F,0xFF,0x7F,0xFF,0x7F,0xFF,0x7F,0xFF,0x7F,0xFF,0x7F,0xFF,0x7F,0xFF,0x7F,

	0xFF,0x7F,0xFF,0x7F,0xFF,0x7F,0xFF,0x7F,0xFF,0x7F,0xFF,0x7F,0xFF,0x7F,0xFF,0x7F,
	0xB5,0x56,0xFF,0x7F,0xFF,0x7F,0xFF,0x7F,0xFF,0x7F,0xFF,0x7F,0xFF,0x7F,0xFF,0x7F,
	0xFF,0x7F,0xFF,0x7F,0xFF,0x7F,0xFF,0x7F,0xFF,0x7F,0xFF,0x7F,0xFF,0x7F,0xFF,0x7F,
	0xFF,0x7F,0xFF,0x7F,0xFF,0x7F,0xFF,0x7F,0xFF,0x7F,0xFF,0x7F,0xFF,0x7F,0xFF,0x7F,
	0xFF,0x7F,0xFF,0x7F,0xFF,0x7F,0xFF,0x7F,0xFF,0x7F,0xFF,0x7F,0xFF,0x7F,0xFF,0x7F,
	0xFF,0x7F,0xFF,0x7F,0xFF,0x7F,0xFF,0x7F,0xFF,0x7F,0xFF,0x7F,0xFF,0x7F,0xFF,0x7F,
	0xFF,0x7F,0xFF,0x7F,0xFF,0x7F,0xFF,0x7F,0xFF,0x7F,0xFF,0x7F,0xFF,0x7F,0xFF,0x7F,
	0xB5,0x56,0xFF,0x7F,0xFF,0x7F,0xFF,0x7F,0xFF,0x7F,0xFF,0x7F,0xFF,0x7F,0xFF,0x7F,

	0xFF,0x7F,0xFF,0x7F,0xFF,0x7F,0xFF,0x7F,0xFF,0x7F,0xFF,0x7F,0xFF,0x7F,0xFF,0x7F,
	0xFF,0x7F,0xFF,0x7F,0xFF,0x7F,0xFF,0x7F,0xFF,0x7F,0xFF,0x7F,0xFF,0x7F,0xFF,0x7F,
	0xFF,0x7F,0xFF,0x7F,0xFF,0x7F,0xFF,0x7F,0xFF,0x7F,0xFF,0x7F,0xFF,0x7F,0xFF,0x7F,
	0xFF,0x7F,0xFF,0x7F,0xFF,0x7F,0xFF,0x7F,0xFF,0x7F,0xFF,0x7F,0xFF,0x7F,0xFF,0x7F,
	0xFF,0x7F,0xFF,0x7F,0xFF,0x7F,0xFF,0x7F,0xFF,0x7F,0xFF,0x7F,0xFF,0x7F,0xFF,0x7F,
	0xB5,0x56,0xFF,0x7F,0xFF,0x7F,0xFF,0x7F,0xFF,0x7F,0xFF,0x7F,0xFF,0x7F,0xFF,0x7F,
	0xFF,0x7F,0xFF,0x7F,0xFF,0x7F,0xFF,0x7F,0xFF,0x7F,0xFF,0x7F,0xFF,0x7F,0xFF,0x7F,
	0xFF,0x7F,0xFF,0x7F,0xFF,0x7F,0xFF,0x7F,0xFF,0x7F,0xFF,0x7F,0xFF,0x7F,0xFF,0x7F,

	0x9C,0x73,0x9C,0x73,0x9C,0x73,0x9C,0x73,0x9C,0x73,0x9C,0x73,0x9C,0x73,0x9C,0x73,
	0x9C,0x73,0x9C,0x73,0x9C,0x73,0x9C,0x73,0x9C,0x73,0x9C,0x73,0x9C,0x73,0x9C,0x73,
	0x9C,0x73,0x9C,0x73,0x9C,0x73,0x9C,0x73,0x9C,0x73,0x9C,0x73,0x9C,0x73,0x9C,0x73,
	0xB5,0x56,0x9C,0x73,0x9C,0x73,0x9C,0x73,0x9C,0x73,0x9C,0x73,0x9C,0x73,0x9C,0x73,
	0x9C,0x73,0x9C,0x73,0x9C,0x73,0x9C,0x73,0x9C,0x73,0x9C,0x73,0x9C,0x73,0x9C,0x73,
	0x9C,0x73,0x9C,0x73,0x9C,0x73,0x9C,0x73,0x9C,0x73,0x9C,0x73,0x9C,0x73,0x9C,0x73,
	0x9C,0x73,0x9C,0x73,0x9C,0x73,0x9C,0x73,0x9C,0x73,0x9C,0x73,0x9C,0x73,0x9C,0x73,
	0x9C,0x73,0x9C,0x73,0x9C,0x73,0x9C,0x73,0x9C,0x73,0x9C,0x73,0x9C,0x73,0x9C,0x73,

	0x9C,0x73,0x9C,0x73,0x9C,0x73,0x9C,0x73,0x9C,0x73,0x9C,0x73,0x9C,0x73,0x9C,0x73,
	0xB5,0x56,0x9C,0x73,0x9C,0x73,0x9C,0x73,0x9C,0x73,0x9C,0x73,0x9C,0x73,0x9C,0x73,
	0x9C,0x73,0x9C,0x73,0x9C,0x73,0x9C,0x73,0x9C,0x73,0x9C,0x73,0x9C,0x73,0x9C,0x73,
	0x9C,0x73,0x9C,0x73,0x9C,0x73,0x9C,0x73,0x9C,0x73,0x9C,0x73,0x9C,0x73,0x9C,0x73,
	0x9C,0x73,0x9C,0x73,0x9C,0x73,0x9C,0x73,0x9C,0x73,0x9C,0x73,0x9C,0x73,0x9C,0x73,
	0x9C,0x73,0x9C,0x73,0x9C,0x73,0x9C,0x73,0x9C,0x73,0x9C,0x73,0x9C,0x73,0x9C,0x73,
	0x9C,0x73,0x9C,0x73,0x9C,0x73,0x9C,0x73,0x9C,0x73,0x9C,0x73,0x9C,0x73,0x9C,0x73,
	0xB5,0x56,0x9C,0x73,0x9C,0x73,0x9C,0x73,0x9C,0x73,0x9C,0x73,0x9C,0x73,0x9C,0x73,

	0x9C,0x73,0x9C,0x73,0x9C,0x73,0x9C,0x73,0x9C,0x73,0x9C,0x73,0x9C,0x73,0x9C,0x73,
	0x9C,0x73,0x9C,0x73,0x9C,0x73,0x9C,0x73,0x9C,0x73,0x9C,0x73,0x9C,0x73,0x9C,0x73,
	0x9C,0x73,0x9C,0x73,0x9C,0x73,0x9C,0x73,0x9C,0x73,0x9C,0x73,0x9C,0x73,0x9C,0x73,
	0x9C,0x73,0x9C,0x73,0x9C,0x73,0x9C,0x73,0x9C,0x73,0x9C,0x73,0x9C,0x73,0x9C,0x73,
	0x9C,0x73,0x9C,0x73,0x9C,0x73,0x9C,0x73,0x9C,0x73,0x9C,0x73,0x9C,0x73,0x9C,0x73,
	0xB5,0x56,0x9C,0x73,0x9C,0x73,0x9C,0x73,0x9C,0x73,0x9C,0x73,0x9C,0x73,0x9C,0x73,
	0x9C,0x73,0x9C,0x73,0x9C,0x73,0x9C,0x73,0x9C,0x73,0x9C,0x73,0x9C,0x73,0x9C,0x73,
	0x9C,0x73,0x9C,0x73,0x9C,0x73,0x9C,0x73,0x9C,0x73,0x9C,0x73,0x9C,0x73,0x9C,0x73,

	0x9C,0x73,0x9C,0x73,0x9C,0x73,0x9C,0x73,0x9C,0x73,0x9C,0x73,0x9C,0x73,0x9C,0x73,
	0x9C,0x73,0x9C,0x73,0x9C,0x73,0x9C,0x73,0x9C,0x73,0x9C,0x73,0x9C,0x73,0x9C,0x73,
	0x9C,0x73,0x9C,0x73,0x9C,0x73,0x9C,0x73,0x9C,0x73,0x9C,0x73,0x9C,0x73,0x9C,0x73,
	0xB5,0x56,0x9C,0x73,0x9C,0x73,0x9C,0x73,0x9C,0x73,0x9C,0x73,0x9C,0x73,0x9C,0x73,
	0x9C,0x73,0x9C,0x73,0x9C,0x73,0x9C,0x73,0x9C,0x73,0x9C,0x73,0x9C,0x73,0x9C,0x73,
	0x9C,0x73,0x9C,0x73,0x9C,0x73,0x9C,0x73,0x9C,0x73,0x9C,0x73,0x9C,0x73,0x9C,0x73,
	0xFF,0x7F,0xFF,0x7F,0xFF,0x7F,0xFF,0x7F,0xFF,0x7F,0xFF,0x7F,0xFF,0x7F,0xFF,0x7F,
	0xFF,0x7F,0xFF,0x7F,0xFF,0x7F,0xFF,0x7F,0xFF,0x7F,0xFF,0x7F,0xFF,0x7F,0xFF,0x7F,

	0xFF,0x7F,0xFF,0x7F,0xFF,0x7F,0xFF,0x7F,0xFF,0x7F,0xFF,0x7F,0xFF,0x7F,0xFF,0x7F,
	0xB5,0x56,0xFF,0x7F,0xFF,0x7F,0xFF,0x7F,0xFF,0x7F,0xFF,0x7F,0xFF,0x7F,0xFF,0x7F,
	0xFF,0x7F,0xFF,0x7F,0xFF,0x7F,0xFF,0x7F,0xFF,0x7F,0xFF,0x7F,0xFF,0x7F,0xFF,0x7F,
	0xFF,0x7F,0xFF,0x7F,0xFF,0x7F,0xFF,0x7F,0xFF,0x7F,0xFF,0x7F,0xFF,0x7F,0xFF,0x7F,
	0xFF,0x7F,0xFF,0x7F,0xFF,0x7F,0xFF,0x7F,0xFF,0x7F,0xFF,0x7F,0xFF,0x7F,0xFF,0x7F,
	0xFF,0x7F,0xFF,0x7F,0xFF,0x7F,0xFF,0x7F,0xFF,0x7F,0xFF,0x7F,0xFF,0x7F,0xFF,0x7F,
	0xFF,0x7F,0xFF,0x7F,0xFF,0x7F,0xFF,0x7F,0xFF,0x7F,0xFF,0x7F,0xFF,0x7F,0xFF,0x7F,
	0xB5,0x56,0xFF,0x7F,0xFF,0x7F,0xFF,0x7F,0xFF,0x7F,0xFF,0x7F,0xFF,0x7F,0xFF,0x7F,

	0xFF,0x7F,0xFF,0x7F,0xFF,0x7F,0xFF,0x7F,0xFF,0x7F,0xFF,0x7F,0xFF,0x7F,0xFF,0x7F,
	0xFF,0x7F,0xFF,0x7F,0xFF,0x7F,0xFF,0x7F,0xFF,0x7F,0xFF,0x7F,0xFF,0x7F,0xFF,0x7F,
	0xFF,0x7F,0xFF,0x7F,0xFF,0x7F,0xFF,0x7F,0xFF,0x7F,0xFF,0x7F,0xFF,0x7F,0xFF,0x7F,
	0xFF,0x7F,0xFF,0x7F,0xFF,0x7F,0xFF,0x7F,0xFF,0x7F,0xFF,0x7F,0xFF,0x7F,0xFF,0x7F,
	0xFF,0x7F,0xFF,0x7F,0xFF,0x7F,0xFF,0x7F,0xFF,0x7F,0xFF,0x7F,0xFF,0x7F,0xFF,0x7F,
	0xB5,0x56,0xFF,0x7F,0xFF,0x7F,0xFF,0x7F,0xFF,0x7F,0xFF,0x7F,0xFF,0x7F,0xFF,0x7F,
	0xFF,0x7F,0xFF,0x7F,0xFF,0x7F,0xFF,0x7F,0xFF,0x7F,0xFF,0x7F,0xFF,0x7F,0xFF,0x7F,
	0xFF,0x7F,0xFF,0x7F,0xFF,0x7F,0xFF,0x7F,0xFF,0x7F,0xFF,0x7F,0xFF,0x7F,0xFF,0x7F,

	0xFF,0x7F,0xFF,0x7F,0xFF,0x7F,0xFF,0x7F,0xFF,0x7F,0xFF,0x7F,0xFF,0x7F,0xFF,0x7F,
	0xFF,0x7F,0xFF,0x7F,0xFF,0x7F,0xFF,0x7F,0xFF,0x7F,0xFF,0x7F,0xFF,0x7F,0xFF,0x7F,
	0xFF,0x7F,0xFF,0x7F,0xFF,0x7F,0xFF,0x7F,0xFF,0x7F,0xFF,0x7F,0xFF,0x7F,0xFF,0x7F,
	0xB5,0x56,0xFF,0x7F,0xFF,0x7F,0xFF,0x7F,0xFF,0x7F,0xFF,0x7F,0xFF,0x7F,0xFF,0x7F,
	0xFF,0x7F,0xFF,0x7F,0xFF,0x7F,0xFF,0x7F,0xFF,0x7F,0xFF,0x7F,0xFF,0x7F,0xFF,0x7F,
	0xFF,0x7F,0xFF,0x7F,0xFF,0x7F,0xFF,0x7F,0xFF,0x7F,0xFF,0x7F,0xFF,0x7F,0xFF,0x7F,
	0xFF,0x7F,0xFF,0x7F,0xFF,0x7F,0xFF,0x7F,0xFF,0x7F,0xFF,0x7F,0xFF,0x7F,0xFF,0x7F,
	0xFF,0x7F,0xFF,0x7F,0xFF,0x7F,0xFF,0x7F,0xFF,0x7F,0xFF,0x7F,0xFF,0x7F,0xFF,0x7F,

	0xFF,0x7F,0xFF,0x7F,0xFF,0x7F,0xFF,0x7F,0xFF,0x7F,0xFF,0x7F,0xFF,0x7F,0xFF,0x7F,
	0xB5,0x56,0xFF,0x7F,0xFF,0x7F,0xFF,0x7F,0xFF,0x7F,0xFF,0x7F,0xFF,0x7F,0xFF,0x7F,
	0xFF,0x7F,0xFF,0x7F,0xFF,0x7F,0xFF,0x7F,0xFF,0x7F,0xFF,0x7F,0xFF,0x7F,0xFF,0x7F,
	0xFF,0x7F,0xFF,0x7F,0xFF,0x7F,0xFF,0x7F,0xFF,0x7F,0xFF,0x7F,0xFF,0x7F,0xFF,0x7F,
	0x9C,0x73,0x9C,0x73,0x9C,0x73,0x9C,0x73,0x9C,0x73,0x9C,0x73,0x9C,0x73,0x9C,0x73,
	0x9C,0x73,0x9C,0x73,0x9C,0x73,0x9C,0x73,0x9C,0x73,0x9C,0x73,0x9C,0x73,0x9C,0x73,
	0x9C,0x73,0x9C,0x73,0x9C,0x73,0x9C,0x73,0x9C,0x73,0x9C,0x73,0x9C,0x73,0x9C,0x73,
	0xB5,0x56,0x9C,0x73,0x9C,0x73,0x9C,0x73,0x9C,0x73,0x9C,0x73,0x9C,0x73,0x9C,0x73,

	0x9C,0x73,0x9C,0x73,0x9C,0x73,0x9C,0x73,0x9C,0x73,0x9C,0x73,0x9C,0x73,0x9C,0x73,
	0x9C,0x73,0x9C,0x73,0x9C,0x73,0x9C,0x73,0x9C,0x73,0x9C,0x73,0x9C,0x73,0x9C,0x73,
	0x9C,0x73,0x9C,0x73,0x9C,0x73,0x9C,0x73,0x9C,0x73,0x9C,0x73,0x9C,0x73,0x9C,0x73,
	0x9C,0x73,0x9C,0x73,0x9C,0x73,0x9C,0x73,0x9C,0x73,0x9C,0x73,0x9C,0x73,0x9C,0x73,
	0x9C,0x73,0x9C,0x73,0x9C,0x73,0x9C,0x73,0x9C,0x73,0x9C,0x73,0x9C,0x73,0x9C,0x73,
	0xB5,0x56,0x9C,0x73,0x9C,0x73,0x9C,0x73,0x9C,0x73,0x9C,0x73,0x9C,0x73,0x9C,0x73,
	0x9C,0x73,0x9C,0x73,0x9C,0x73,0x9C,0x73,0x9C,0x73,0x9C,0x73,0x9C,0x73,0x9C,0x73,
	0x9C,0x73,0x9C,0x73,0x9C,0x73,0x9C,0x73,0x9C,0x73,0x9C,0x73,0x9C,0x73,0x9C,0x73,

	0x9C,0x73,0x9C,0x73,0x9C,0x73,0x9C,0x73,0x9C,0x73,0x9C,0x73,0x9C,0x73,0x9C,0x73,
	0x9C,0x73,0x9C,0x73,0x9C,0x73,0x9C,0x73,0x9C,0x73,0x9C,0x73,0x9C,0x73,0x9C,0x73,
	0x9C,0x73,0x9C,0x73,0x9C,0x73,0x9C,0x73,0x9C,0x73,0x9C,0x73,0x9C,0x73,0x9C,0x73,
	0xB5,0x56,0x9C,0x73,0x9C,0x73,0x9C,0x73,0x9C,0x73,0x9C,0x73,0x9C,0x73,0x9C,0x73,
	0x9C,0x73,0x9C,0x73,0x9C,0x73,0x9C,0x73,0x9C,0x73,0x9C,0x73,0x9C,0x73,0x9C,0x73,
	0x9C,0x73,0x9C,0x73,0x9C,0x73,0x9C,0x73,0x9C,0x73,0x9C,0x73,0x9C,0x73,0x9C,0x73,
	0x9C,0x73,0x9C,0x73,0x9C,0x73,0x9C,0x73,0x9C,0x73,0x9C,0x73,0x9C,0x73,0x9C,0x73,
	0x9C,0x73,0x9C,0x73,0x9C,0x73,0x9C,0x73,0x9C,0x73,0x9C,0x73,0x9C,0x73,0x9C,0x73,

	0x9C,0x73,0x9C,0x73,0x9C,0x73,0x9C,0x73,0x9C,0x73,0x9C,0x73,0x9C,0x73,0x9C,0x73,
	0xB5,0x56,0x9C,0x73,0x9C,0x73,0x9C,0x73,0x9C,0x73,0x9C,0x73,0x9C,0x73,0x9C,0x73,
	0x9C,0x73,0x9C,0x73,0x9C,0x73,0x9C,0x73,0x9C,0x73,0x9C,0x73,0x9C,0x73,0x9C,0x73,
	0x9C,0x73,0x9C,0x73,0x9C,0x73,0x9C,0x73,0x9C,0x73,0x9C,0x73,0x9C,0x73,0x9C,0x73,
	0x9C,0x73,0x9C,0x73,0x9C,0x73,0x9C,0x73,0x9C,0x73,0x9C,0x73,0x9C,0x73,0x9C,0x73,
	0x9C,0x73,0x9C,0x73,0x9C,0x73,0x9C,0x73,0x9C,0x73,0x9C,0x73,0x9C,0x73,0x9C,0x73,
	0x9C,0x73,0x9C,0x73,0x9C,0x73,0x9C,0x73,0x9C,0x73,0x9C,0x73,0x9C,0x73,0x9C,0x73,
	0xB5,0x56,0x9C,0x73,0x9C,0x73,0x9C,0x73,0x9C,0x73,0x9C,0x73,0x9C,0x73,0x9C,0x73,

	0x9C,0x73,0x9C,0x73,0x9C,0x73,0x9C,0x73,0x9C,0x73,0x9C,0x73,0x9C,0x73,0x9C,0x73,
	0x9C,0x73,0x9C,0x73,0x9C,0x73,0x9C,0x73,0x9C,0x73,0x9C,0x73,0x9C,0x73,0x9C,0x73,
	0xFF,0x7F,0xFF,0x7F,0xFF,0x7F,0xFF,0x7F,0xFF,0x7F,0xFF,0x7F,0xFF,0x7F,0xFF,0x7F,
	0xFF,0x7F,0xFF,0x7F,0xFF,0x7F,0xFF,0x7F,0xFF,0x7F,0xFF,0x7F,0xFF,0x7F,0xFF,0x7F,
	0xFF,0x7F,0xFF,0x7F,0xFF,0x7F,0xFF,0x7F,0xFF,0x7F,0xFF,0x7F,0xFF,0x7F,0xFF,0x7F,
	0xB5,0x56,0xFF,0x7F,0xFF,0x7F,0xFF,0x7F,0xFF,0x7F,0xFF,0x7F,0xFF,0x7F,0xFF,0x7F,
	0xFF,0x7F,0xFF,0x7F,0xFF,0x7F,0xFF,0x7F,0xFF,0x7F,0xFF,0x7F,0xFF,0x7F,0xFF,0x7F,
	0xFF,0x7F,0xFF,0x7F,0xFF,0x7F,0xFF,0x7F,0xFF,0x7F,0xFF,0x7F,0xFF,0x7F,0xFF,0x7F,

	0xFF,0x7F,0xFF,0x7F,0xFF,0x7F,0xFF,0x7F,0xFF,0x7F,0xFF,0x7F,0xFF,0x7F,0xFF,0x7F,
	0xFF,0x7F,0xFF,0x7F,0xFF,0x7F,0xFF,0x7F,0xFF,0x7F,0xFF,0x7F,0xFF,0x7F,0xFF,0x7F,
	0xFF,0x7F,0xFF,0x7F,0xFF,0x7F,0xFF,0x7F,0xFF,0x7F,0xFF,0x7F,0xFF,0x7F,0xFF,0x7F,
	0xB5,0x56,0xFF,0x7F,0xFF,0x7F,0xFF,0x7F,0xFF,0x7F,0xFF,0x7F,0xFF,0x7F,0xFF,0x7F,
	0xFF,0x7F,0xFF,0x7F,0xFF,0x7F,0xFF,0x7F,0xFF,0x7F,0xFF,0x7F,0xFF,0x7F,0xFF,0x7F,
	0xFF,0x7F,0xFF,0x7F,0xFF,0x7F,0xFF,0x7F,0xFF,0x7F,0xFF,0x7F,0xFF,0x7F,0xFF,0x7F,
	0xFF,0x7F,0xFF,0x7F,0xFF,0x7F,0xFF,0x7F,0xFF,0x7F,0xFF,0x7F,0xFF,0x7F,0xFF,0x7F,
	0xFF,0x7F,0xFF,0x7F,0xFF,0x7F,0xFF,0x7F,0xFF,0x7F,0xFF,0x7F,0xFF,0x7F,0xFF,0x7F,

	0xFF,0x7F,0xFF,0x7F,0xFF,0x7F,0xFF,0x7F,0xFF,0x7F,0xFF,0x7F,0xFF,0x7F,0xFF,0x7F,
	0xB5,0x56,0xFF,0x7F,0xFF,0x7F,0xFF,0x7F,0xFF,0x7F,0xFF,0x7F,0xFF,0x7F,0xFF,0x7F,
	0xFF,0x7F,0xFF,0x7F,0xFF,0x7F,0xFF,0x7F,0xFF,0x7F,0xFF,0x7F,0xFF,0x7F,0xFF,0x7F,
	0xFF,0x7F,0xFF,0x7F,0xFF,0x7F,0xFF,0x7F,0xFF,0x7F,0xFF,0x7F,0xFF,0x7F,0xFF,0x7F,
	0xFF,0x7F,0xFF,0x7F,0xFF,0x7F,0xFF,0x7F,0xFF,0x7F,0xFF,0x7F,0xFF,0x7F,0xFF,0x7F,
	0xFF,0x7F,0xFF,0x7F,0xFF,0x7F,0xFF,0x7F,0xFF,0x7F,0xFF,0x7F,0xFF,0x7F,0xFF,0x7F,
	0xFF,0x7F,0xFF,0x7F,0xFF,0x7F,0xFF,0x7F,0xFF,0x7F,0xFF,0x7F,0xFF,0x7F,0xFF,0x7F,
	0xB5,0x56,0xFF,0x7F,0xFF,0x7F,0xFF,0x7F,0xFF,0x7F,0xFF,0x7F,0xFF,0x7F,0xFF,0x7F,

	0xFF,0x7F,0xFF,0x7F,0xFF,0x7F,0xFF,0x7F,0xFF,0x7F,0xFF,0x7F,0xFF,0x7F,0xFF,0x7F,
	0xFF,0x7F,0xFF,0x7F,0xFF,0x7F,0xFF,0x7F,0xFF,0x7F,0xFF,0x7F,0xFF,0x7F,0xFF,0x7F,
	0xFF,0x7F,0xFF,0x7F,0xFF,0x7F,0xFF,0x7F,0xFF,0x7F,0xFF,0x7F,0xFF,0x7F,0xFF,0x7F,
	0xFF,0x7F,0xFF,0x7F,0xFF,0x7F,0xFF,0x7F,0xFF,0x7F,0xFF,0x7F,0xFF,0x7F,0xFF,0x7F,
	0xFF,0x7F,0xFF,0x7F,0xFF,0x7F,0xFF,0x7F,0xFF,0x7F,0xFF,0x7F,0xFF,0x7F,0xFF,0x7F,
	0xB5,0x56,0xFF,0x7F,0xFF,0x7F,0xFF,0x7F,0xFF,0x7F,0xFF,0x7F,0xFF,0x7F,0xFF,0x7F,
	0xFF,0x7F,0xFF,0x7F,0xFF,0x7F,0xFF,0x7F,0xFF,0x7F,0xFF,0x7F,0xFF,0x7F,0xFF,0x7F,
	0xFF,0x7F,0xFF,0x7F,0xFF,0x7F,0xFF,0x7F,0xFF,0x7F,0xFF,0x7F,0xFF,0x7F,0xFF,0x7F,

	0x9C,0x73,0x9C,0x73,0x9C,0x73,0x9C,0x73,0x9C,0x73,0x9C,0x73,0x9C,0x73,0x9C,0x73,
	0x9C,0x73,0x9C,0x73,0x9C,0x73,0x9C,0x73,0x9C,0x73,0x9C,0x73,0x9C,0x73,0x9C,0x73,
	0x9C,0x73,0x9C,0x73,0x9C,0x73,0x9C,0x73,0x9C,0x73,0x9C,0x73,0x9C,0x73,0x9C,0x73,
	0xB5,0x56,0x9C,0x73,0x9C,0x73,0x9C,0x73,0x9C,0x73,0x9C,0x73,0x9C,0x73,0x9C,0x73,
	0x9C,0x73,0x9C,0x73,0x9C,0x73,0x9C,0x73,0x9C,0x73,0x9C,0x73,0x9C,0x73,0x9C,0x73,
	0x9C,0x73,0x9C,0x73,0x9C,0x73,0x9C,0x73,0x9C,0x73,0x9C,0x73,0x9C,0x73,0x9C,0x73,
	0x9C,0x73,0x9C,0x73,0x9C,0x73,0x9C,0x73,0x9C,0x73,0x9C,0x73,0x9C,0x73,0x9C,0x73,
	0x9C,0x73,0x9C,0x73,0x9C,0x73,0x9C,0x73,0x9C,0x73,0x9C,0x73,0x9C,0x73,0x9C,0x73,

	0x9C,0x73,0x9C,0x73,0x9C,0x73,0x9C,0x73,0x9C,0x73,0x9C,0x73,0x9C,0x73,0x9C,0x73,
	0xB5,0x56,0x9C,0x73,0x9C,0x73,0x9C,0x73,0x9C,0x73,0x9C,0x73,0x9C,0x73,0x9C,0x73,
	0x9C,0x73,0x9C,0x73,0x9C,0x73,0x9C,0x73,0x9C,0x73,0x9C,0x73,0x9C,0x73,0x9C,0x73,
	0x9C,0x73,0x9C,0x73,0x9C,0x73,0x9C,0x73,0x9C,0x73,0x9C,0x73,0x9C,0x73,0x9C,0x73,
	0x9C,0x73,0x9C,0x73,0x9C,0x73,0x9C,0x73,0x9C,0x73,0x9C,0x73,0x9C,0x73,0x9C,0x73,
	0x9C,0x73,0x9C,0x73,0x9C,0x73,0x9C,0x73,0x9C,0x73,0x9C,0x73,0x9C,0x73,0x9C,0x73,
	0x9C,0x73,0x9C,0x73,0x9C,0x73,0x9C,0x73,0x9C,0x73,0x9C,0x73,0x9C,0x73,0x9C,0x73,
	0xB5,0x56,0x9C,0x73,0x9C,0x73,0x9C,0x73,0x9C,0x73,0x9C,0x73,0x9C,0x73,0x9C,0x73,

	0x9C,0x73,0x9C,0x73,0x9C,0x73,0x9C,0x73,0x9C,0x73,0x9C,0x73,0x9C,0x73,0x9C,0x73,
	0x9C,0x73,0x9C,0x73,0x9C,0x73,0x9C,0x73,0x9C,0x73,0x9C,0x73,0x9C,0x73,0x9C,0x73,
	0x9C,0x73,0x9C,0x73,0x9C,0x73,0x9C,0x73,0x9C,0x73,0x9C,0x73,0x9C,0x73,0x9C,0x73,
	0x9C,0x73,0x9C,0x73,0x9C,0x73,0x9C,0x73,0x9C,0x73,0x9C,0x73,0x9C,0x73,0x9C,0x73,
	0x9C,0x73,0x9C,0x73,0x9C,0x73,0x9C,0x73,0x9C,0x73,0x9C,0x73,0x9C,0x73,0x9C,0x73,
	0xB5,0x56,0x9C,0x73,0x9C,0x73,0x9C,0x73,0x9C,0x73,0x9C,0x73,0x9C,0x73,0x9C,0x73,
	0x9C,0x73,0x9C,0x73,0x9C,0x73,0x9C,0x73,0x9C,0x73,0x9C,0x73,0x9C,0x73,0x9C,0x73,
	0x9C,0x73,0x9C,0x73,0x9C,0x73,0x9C,0x73,0x9C,0x73,0x9C,0x73,0x9C,0x73,0x9C,0x73,

	0x9C,0x73,0x9C,0x73,0x9C,0x73,0x9C,0x73,0x9C,0x73,0x9C,0x73,0x9C,0x73,0x9C,0x73,
	0x9C,0x73,0x9C,0x73,0x9C,0x73,0x9C,0x73,0x9C,0x73,0x9C,0x73,0x9C,0x73,0x9C,0x73,
	0x9C,0x73,0x9C,0x73,0x9C,0x73,0x9C,0x73,0x9C,0x73,0x9C,0x73,0x9C,0x73,0x9C,0x73,
	0xB5,0x56,0x9C,0x73,0x9C,0x73,0x9C,0x73,0x9C,0x73,0x9C,0x73,0x9C,0x73,0x9C,0x73,
	0x9C,0x73,0x9C,0x73,0x9C,0x73,0x9C,0x73,0x9C,0x73,0x9C,0x73,0x9C,0x73,0x9C,0x73,
	0x9C,0x73,0x9C,0x73,0x9C,0x73,0x9C,0x73,0x9C,0x73,0x9C,0x73,0x9C,0x73,0x9C,0x73,
	0xFF,0x7F,0xFF,0x7F,0xFF,0x7F,0xFF,0x7F,0xFF,0x7F,0xFF,0x7F,0xFF,0x7F,0xFF,0x7F,
	0xFF,0x7F,0xFF,0x7F,0xFF,0x7F,0xFF,0x7F,0xFF,0x7F,0xFF,0x7F,0xFF,0x7F,0xFF,0x7F,

	0xFF,0x7F,0xFF,0x7F,0xFF,0x7F,0xFF,0x7F,0xFF,0x7F,0xFF,0x7F,0xFF,0x7F,0xFF,0x7F,
	0xB5,0x56,0xFF,0x7F,0xFF,0x7F,0xFF,0x7F,0xFF,0x7F,0xFF,0x7F,0xFF,0x7F,0xFF,0x7F,
	0xFF,0x7F,0xFF,0x7F,0xFF,0x7F,0xFF,0x7F,0xFF,0x7F,0xFF,0x7F,0xFF,0x7F,0xFF,0x7F,
	0xFF,0x7F,0xFF,0x7F,0xFF,0x7F,0xFF,0x7F,0xFF,0x7F,0xFF,0x7F,0xFF,0x7F,0xFF,0x7F,
	0xFF,0x7F,0xFF,0x7F,0xFF,0x7F,0xFF,0x7F,0xFF,0x7F,0xFF,0x7F,0xFF,0x7F,0xFF,0x7F,
	0xFF,0x7F,0xFF,0x7F,0xFF,0x7F,0xFF,0x7F,0xFF,0x7F,0xFF,0x7F,0xFF,0x7F,0xFF,0x7F,
	0xFF,0x7F,0xFF,0x7F,0xFF,0x7F,0xFF,0x7F,0xFF,0x7F,0xFF,0x7F,0xFF,0x7F,0xFF,0x7F,
	0xB5,0x56,0xFF,0x7F,0xFF,0x7F,0xFF,0x7F,0xFF,0x7F,0xFF,0x7F,0xFF,0x7F,0xFF,0x7F,

	0xFF,0x7F,0xFF,0x7F,0xFF,0x7F,0xFF,0x7F,0xFF,0x7F,0xFF,0x7F,0xFF,0x7F,0xFF,0x7F,
	0xFF,0x7F,0xFF,0x7F,0xFF,0x7F,0xFF,0x7F,0xFF,0x7F,0xFF,0x7F,0xFF,0x7F,0xFF,0x7F,
	0xFF,0x7F,0xFF,0x7F,0xFF,0x7F,0xFF,0x7F,0xFF,0x7F,0xFF,0x7F,0xFF,0x7F,0xFF,0x7F,
	0xFF,0x7F,0xFF,0x7F,0xFF,0x7F,0xFF,0x7F,0xFF,0x7F,0xFF,0x7F,0xFF,0x7F,0xFF,0x7F,
	0xFF,0x7F,0xFF,0x7F,0xFF,0x7F,0xFF,0x7F,0xFF,0x7F,0xFF,0x7F,0xFF,0x7F,0xFF,0x7F,
	0xB5,0x56,0xFF,0x7F,0xFF,0x7F,0xFF,0x7F,0xFF,0x7F,0xFF,0x7F,0xFF,0x7F,0xFF,0x7F,
	0xFF,0x7F,0xFF,0x7F,0xFF,0x7F,0xFF,0x7F,0xFF,0x7F,0xFF,0x7F,0xFF,0x7F,0xFF,0x7F,
	0xFF,0x7F,0xFF,0x7F,0xFF,0x7F,0xFF,0x7F,0xFF,0x7F,0xFF,0x7F,0xFF,0x7F,0xFF,0x7F,

	0xFF,0x7F,0xFF,0x7F,0xFF,0x7F,0xFF,0x7F,0xFF,0x7F,0xFF,0x7F,0xFF,0x7F,0xFF,0x7F,
	0xFF,0x7F,0xFF,0x7F,0xFF,0x7F,0xFF,0x7F,0xFF,0x7F,0xFF,0x7F,0xFF,0x7F,0xFF,0x7F,
	0xFF,0x7F,0xFF,0x7F,0xFF,0x7F,0xFF,0x7F,0xFF,0x7F,0xFF,0x7F,0xFF,0x7F,0xFF,0x7F,
	0xB5,0x56,0xFF,0x7F,0xFF,0x7F,0xFF,0x7F,0xFF,0x7F,0xFF,0x7F,0xFF,0x7F,0xFF,0x7F,
	0xFF,0x7F,0xFF,0x7F,0xFF,0x7F,0xFF,0x7F,0xFF,0x7F,0xFF,0x7F,0xFF,0x7F,0xFF,0x7F,
	0xFF,0x7F,0xFF,0x7F,0xFF,0x7F,0xFF,0x7F,0xFF,0x7F,0xFF,0x7F,0xFF,0x7F,0xFF,0x7F,
	0xFF,0x7F,0xFF,0x7F,0xFF,0x7F,0xFF,0x7F,0xFF,0x7F,0xFF,0x7F,0xFF,0x7F,0xFF,0x7F,
	0xFF,0x7F,0xFF,0x7F,0xFF,0x7F,0xFF,0x7F,0xFF,0x7F,0xFF,0x7F,0xFF,0x7F,0xFF,0x7F,

	0xFF,0x7F,0xFF,0x7F,0xFF,0x7F,0xFF,0x7F,0xFF,0x7F,0xFF,0x7F,0xFF,0x7F,0xFF,0x7F,
	0xB5,0x56,0xFF,0x7F,0xFF,0x7F,0xFF,0x7F,0xFF,0x7F,0xFF,0x7F,0xFF,0x7F,0xFF,0x7F,
	0xFF,0x7F,0xFF,0x7F,0xFF,0x7F,0xFF,0x7F,0xFF,0x7F,0xFF,0x7F,0xFF,0x7F,0xFF,0x7F,
	0xFF,0x7F,0xFF,0x7F,0xFF,0x7F,0xFF,0x7F,0xFF,0x7F,0xFF,0x7F,0xFF,0x7F,0xFF,0x7F,
	0x9C,0x73,0x9C,0x73,0x9C,0x73,0x9C,0x73,0x9C,0x73,0x9C,0x73,0x9C,0x73,0x9C,0x73,
	0x9C,0x73,0x9C,0x73,0x9C,0x73,0x9C,0x73,0x9C,0x73,0x9C,0x73,0x9C,0x73,0x9C,0x73,
	0x9C,0x73,0x9C,0x73,0x9C,0x73,0x9C,0x73,0x9C,0x73,0x9C,0x73,0x9C,0x73,0x9C,0x73,
	0xB5,0x56,0x9C,0x73,0x9C,0x73,0x9C,0x73,0x9C,0x73,0x9C,0x73,0x9C,0x73,0x9C,0x73,

	0x9C,0x73,0x9C,0x73,0x9C,0x73,0x9C,0x73,0x9C,0x73,0x9C,0x73,0x9C,0x73,0x9C,0x73,
	0x9C,0x73,0x9C,0x73,0x9C,0x73,0x9C,0x73,0x9C,0x73,0x9C,0x73,0x9C,0x73,0x9C,0x73,
	0x9C,0x73,0x9C,0x73,0x9C,0x73,0x9C,0x73,0x9C,0x73,0x9C,0x73,0x9C,0x73,0x9C,0x73,
	0x9C,0x73,0x9C,0x73,0x9C,0x73,0x9C,0x73,0x9C,0x73,0x9C,0x73,0x9C,0x73,0x9C,0x73,
	0x9C,0x73,0x9C,0x73,0x9C,0x73,0x9C,0x73,0x9C,0x73,0x9C,0x73,0x9C,0x73,0x9C,0x73,
	0xB5,0x56,0x9C,0x73,0x9C,0x73,0x9C,0x73,0x9C,0x73,0x9C,0x73,0x9C,0x73,0x9C,0x73,
	0x9C,0x73,0x9C,0x73,0x9C,0x73,0x9C,0x73,0x9C,0x73,0x9C,0x73,0x9C,0x73,0x9C,0x73,
	0x9C,0x73,0x9C,0x73,0x9C,0x73,0x9C,0x73,0x9C,0x73,0x9C,0x73,0x9C,0x73,0x9C,0x73,

	0x9C,0x73,0x9C,0x73,0x9C,0x73,0x9C,0x73,0x9C,0x73,0x9C,0x73,0x9C,0x73,0x9C,0x73,
	0x9C,0x73,0x9C,0x73,0x9C,0x73,0x9C,0x73,0x9C,0x73,0x9C,0x73,0x9C,0x73,0x9C,0x73,
	0x9C,0x73,0x9C,0x73,0x9C,0x73,0x9C,0x73,0x9C,0x73,0x9C,0x73,0x9C,0x73,0x9C,0x73,
	0xB5,0x56,0x9C,0x73,0x9C,0x73,0x9C,0x73,0x9C,0x73,0x9C,0x73,0x9C,0x73,0x9C,0x73,
	0x9C,0x73,0x9C,0x73,0x9C,0x73,0x9C,0x73,0x9C,0x73,0x9C,0x73,0x9C,0x73,0x9C,0x73,
	0x9C,0x73,0x9C,0x73,0x9C,0x73,0x9C,0x73,0x9C,0x73,0x9C,0x73,0x9C,0x73,0x9C,0x73,
	0x9C,0x73,0x9C,0x73,0x9C,0x73,0x9C,0x73,0x9C,0x73,0x9C,0x73,0x9C,0x73,0x9C,0x73,
	0x9C,0x73,0x9C,0x73,0x9C,0x73,0x9C,0x73,0x9C,0x73,0x9C,0x73,0x9C,0x73,0x9C,0x73,

	0x9C,0x73,0x9C,0x73,0x9C,0x73,0x9C,0x73,0x9C,0x73,0x9C,0x73,0x9C,0x73,0x9C,0x73,
	0xB5,0x56,0x9C,0x73,0x9C,0x73,0x9C,0x73,0x9C,0x73,0x9C,0x73,0x9C,0x73,0x9C,0x73,
	0x9C,0x73,0x9C,0x73,0x9C,0x73,0x9C,0x73,0x9C,0x73,0x9C,0x73,0x9C,0x73,0x9C,0x73,
	0x9C,0x73,0x9C,0x73,0x9C,0x73,0x9C,0x73,0x9C,0x73,0x9C,0x73,0x9C,0x73,0x9C,0x73,
	0x9C,0x73,0x9C,0x73,0x9C,0x73,0x9C,0x73,0x9C,0x73,0x9C,0x73,0x9C,0x73,0x9C,0x73,
	0x9C,0x73,0x9C,0x73,0x9C,0x73,0x9C,0x73,0x9C,0x73,0x9C,0x73,0x9C,0x73,0x9C,0x73,
	0x9C,0x73,0x9C,0x73,0x9C,0x73,0x9C,0x73,0x9C,0x73,0x9C,0x73,0x9C,0x73,0x9C,0x73,
	0xB5,0x56,0x9C,0x73,0x9C,0x73,0x9C,0x73,0x9C,0x73,0x9C,0x73,0x9C,0x73,0x9C,0x73,

	0x9C,0x73,0x9C,0x73,0x9C,0x73,0x9C,0x73,0x9C,0x73,0x9C,0x73,0x9C,0x73,0x9C,0x73,
	0x9C,0x73,0x9C,0x73,0x9C,0x73,0x9C,0x73,0x9C,0x73,0x9C,0x73,0x9C,0x73,0x9C,0x73,
	0xFF,0x7F,0xFF,0x7F,0xFF,0x7F,0xFF,0x7F,0xFF,0x7F,0xFF,0x7F,0xFF,0x7F,0xFF,0x7F,
	0xFF,0x7F,0xFF,0x7F,0xFF,0x7F,0xFF,0x7F,0xFF,0x7F,0xFF,0x7F,0xFF,0x7F,0xFF,0x7F,
	0xFF,0x7F,0xFF,0x7F,0xFF,0x7F,0xFF,0x7F,0xFF,0x7F,0xFF,0x7F,0xFF,0x7F,0xFF,0x7F,
	0xB5,0x56,0xFF,0x7F,0xFF,0x7F,0xFF,0x7F,0xFF,0x7F,0xFF,0x7F,0xFF,0x7F,0xFF,0x7F,
	0xFF,0x7F,0xFF,0x7F,0xFF,0x7F,0xFF,0x7F,0xFF,0x7F,0xFF,0x7F,0xFF,0x7F,0xFF,0x7F,
	0xFF,0x7F,0xFF,0x7F,0xFF,0x7F,0xFF,0x7F,0xFF,0x7F,0xFF,0x7F,0xFF,0x7F,0xFF,0x7F,

	0xFF,0x7F,0xFF,0x7F,0xFF,0x7F,0xFF,0x7F,0xFF,0x7F,0xFF,0x7F,0xFF,0x7F,0xFF,0x7F,
	0xFF,0x7F,0xFF,0x7F,0xFF,0x7F,0xFF,0x7F,0xFF,0x7F,0xFF,0x7F,0xFF,0x7F,0xFF,0x7F,
	0xFF,0x7F,0xFF,0x7F,0xFF,0x7F,0xFF,0x7F,0xFF,0x7F,0xFF,0x7F,0xFF,0x7F,0xFF,0x7F,
	0xB5,0x56,0xFF,0x7F,0xFF,0x7F,0xFF,0x7F,0xFF,0x7F,0xFF,0x7F,0xFF,0x7F,0xFF,0x7F,
	0xFF,0x7F,0xFF,0x7F,0xFF,0x7F,0xFF,0x7F,0xFF,0x7F,0xFF,0x7F,0xFF,0x7F,0xFF,0x7F,
	0xFF,0x7F,0xFF,0x7F,0xFF,0x7F,0xFF,0x7F,0xFF,0x7F,0xFF,0x7F,0xFF,0x7F,0xFF,0x7F,
	0xFF,0x7F,0xFF,0x7F,0xFF,0x7F,0xFF,0x7F,0xFF,0x7F,0xFF,0x7F,0xFF,0x7F,0xFF,0x7F,
	0xFF,0x7F,0xFF,0x7F,0xFF,0x7F,0xFF,0x7F,0xFF,0x7F,0xFF,0x7F,0xFF,0x7F,0xFF,0x7F,

	0xFF,0x7F,0xFF,0x7F,0xFF,0x7F,0xFF,0x7F,0xFF,0x7F,0xFF,0x7F,0xFF,0x7F,0xFF,0x7F,
	0xB5,0x56,0xFF,0x7F,0xFF,0x7F,0xFF,0x7F,0xFF,0x7F,0xFF,0x7F,0xFF,0x7F,0xFF,0x7F,
	0xFF,0x7F,0xFF,0x7F,0xFF,0x7F,0xFF,0x7F,0xFF,0x7F,0xFF,0x7F,0xFF,0x7F,0xFF,0x7F,
	0xFF,0x7F,0xFF,0x7F,0xFF,0x7F,0xFF,0x7F,0xFF,0x7F,0xFF,0x7F,0xFF,0x7F,0xFF,0x7F,
	0xFF,0x7F,0xFF,0x7F,0xFF,0x7F,0xFF,0x7F,0xFF,0x7F,0xFF,0x7F,0xFF,0x7F,0xFF,0x7F,
	0xFF,0x7F,0xFF,0x7F,0xFF,0x7F,0xFF,0x7F,0xFF,0x7F,0xFF,0x7F,0xFF,0x7F,0xFF,0x7F,
	0xFF,0x7F,0xFF,0x7F,0xFF,0x7F,0xFF,0x7F,0xFF,0x7F,0xFF,0x7F,0xFF,0x7F,0xFF,0x7F,
	0xB5,0x56,0xFF,0x7F,0xFF,0x7F,0xFF,0x7F,0xFF,0x7F,0xFF,0x7F,0xFF,0x7F,0xFF,0x7F,

	0xFF,0x7F,0xFF,0x7F,0xFF,0x7F,0xFF,0x7F,0xFF,0x7F,0xFF,0x7F,0xFF,0x7F,0xFF,0x7F,
	0xFF,0x7F,0xFF,0x7F,0xFF,0x7F,0xFF,0x7F,0xFF,0x7F,0xFF,0x7F,0xFF,0x7F,0xFF,0x7F,
	0xFF,0x7F,0xFF,0x7F,0xFF,0x7F,0xFF,0x7F,0xFF,0x7F,0xFF,0x7F,0xFF,0x7F,0xFF,0x7F,
	0xFF,0x7F,0xFF,0x7F,0xFF,0x7F,0xFF,0x7F,0xFF,0x7F,0xFF,0x7F,0xFF,0x7F,0xFF,0x7F,
	0xFF,0x7F,0xFF,0x7F,0xFF,0x7F,0xFF,0x7F,0xFF,0x7F,0xFF,0x7F,0xFF,0x7F,0xFF,0x7F,
	0xB5,0x56,0xFF,0x7F,0xFF,0x7F,0xFF,0x7F,0xFF,0x7F,0xFF,0x7F,0xFF,0x7F,0xFF,0x7F,
	0xFF,0x7F,0xFF,0x7F,0xFF,0x7F,0xFF,0x7F,0xFF,0x7F,0xFF,0x7F,0xFF,0x7F,0xFF,0x7F,
	0xFF,0x7F,0xFF,0x7F,0xFF,0x7F,0xFF,0x7F,0xFF,0x7F,0xFF,0x7F,0xFF,0x7F,0xFF,0x7F,

	0x9C,0x73,0x9C,0x73,0x9C,0x73,0x9C,0x73,0x9C,0x73,0x9C,0x73,0x9C,0x73,0x9C,0x73,
	0x9C,0x73,0x9C,0x73,0x9C,0x73,0x9C,0x73,0x9C,0x73,0x9C,0x73,0x9C,0x73,0x9C,0x73,
	0x9C,0x73,0x9C,0x73,0x9C,0x73,0x9C,0x73,0x9C,0x73,0x9C,0x73,0x9C,0x73,0x9C,0x73,
	0xB5,0x56,0x9C,0x73,0x9C,0x73,0x9C,0x73,0x9C,0x73,0x9C,0x73,0x9C,0x73,0x9C,0x73,
	0x9C,0x73,0x9C,0x73,0x9C,0x73,0x9C,0x73,0x9C,0x73,0x9C,0x73,0x9C,0x73,0x9C,0x73,
	0x9C,0x73,0x9C,0x73,0x9C,0x73,0x9C,0x73,0x9C,0x73,0x9C,0x73,0x9C,0x73,0x9C,0x73,
	0x9C,0x73,0x9C,0x73,0x9C,0x73,0x9C,0x73,0x9C,0x73,0x9C,0x73,0x9C,0x73,0x9C,0x73,
	0x9C,0x73,0x9C,0x73,0x9C,0x73,0x9C,0x73,0x9C,0x73,0x9C,0x73,0x9C,0x73,0x9C,0x73,

	0x9C,0x73,0x9C,0x73,0x9C,0x73,0x9C,0x73,0x9C,0x73,0x9C,0x73,0x9C,0x73,0x9C,0x73,
	0xB5,0x56,0x9C,0x73,0x9C,0x73,0x9C,0x73,0x9C,0x73,0x9C,0x73,0x9C,0x73,0x9C,0x73,
	0x9C,0x73,0x9C,0x73,0x9C,0x73,0x9C,0x73,0x9C,0x73,0x9C,0x73,0x9C,0x73,0x9C,0x73,
	0x9C,0x73,0x9C,0x73,0x9C,0x73,0x9C,0x73,0x9C,0x73,0x9C,0x73,0x9C,0x73,0x9C,0x73,
	0x9C,0x73,0x9C,0x73,0x9C,0x73,0x9C,0x73,0x9C,0x73,0x9C,0x73,0x9C,0x73,0x9C,0x73,
	0x9C,0x73,0x9C,0x73,0x9C,0x73,0x9C,0x73,0x9C,0x73,0x9C,0x73,0x9C,0x73,0x9C,0x73,
	0x9C,0x73,0x9C,0x73,0x9C,0x73,0x9C,0x73,0x9C,0x73,0x9C,0x73,0x9C,0x73,0x9C,0x73,
	0xB5,0x56,0x9C,0x73,0x9C,0x73,0x9C,0x73,0x9C,0x73,0x9C,0x73,0x9C,0x73,0x9C,0x73,

	0x9C,0x73,0x9C,0x73,0x9C,0x73,0x9C,0x73,0x9C,0x73,0x9C,0x73,0x9C,0x73,0x9C,0x73,
	0x9C,0x73,0x9C,0x73,0x9C,0x73,0x9C,0x73,0x9C,0x73,0x9C,0x73,0x9C,0x73,0x9C,0x73,
	0x9C,0x73,0x9C,0x73,0x9C,0x73,0x9C,0x73,0x9C,0x73,0x9C,0x73,0x9C,0x73,0x9C,0x73,
	0x9C,0x73,0x9C,0x73,0x9C,0x73,0x9C,0x73,0x9C,0x73,0x9C,0x73,0x9C,0x73,0x9C,0x73,
	0x9C,0x73,0x9C,0x73,0x9C,0x73,0x9C,0x73,0x9C,0x73,0x9C,0x73,0x9C,0x73,0x9C,0x73,
	0xB5,0x56,0x9C,0x73,0x9C,0x73,0x9C,0x73,0x9C,0x73,0x9C,0x73,0x9C,0x73,0x9C,0x73,
	0x9C,0x73,0x9C,0x73,0x9C,0x73,0x9C,0x73,0x9C,0x73,0x9C,0x73,0x9C,0x73,0x9C,0x73,
	0x9C,0x73,0x9C,0x73,0x9C,0x73,0x9C,0x73,0x9C,0x73,0x9C,0x73,0x9C,0x73,0x9C,0x73,

	0x9C,0x73,0x9C,0x73,0x9C,0x73,0x9C,0x73,0x9C,0x73,0x9C,0x73,0x9C,0x73,0x9C,0x73,
	0x9C,0x73,0x9C,0x73,0x9C,0x73,0x9C,0x73,0x9C,0x73,0x9C,0x73,0x9C,0x73,0x9C,0x73,
	0x9C,0x73,0x9C,0x73,0x9C,0x73,0x9C,0x73,0x9C,0x73,0x9C,0x73,0x9C,0x73,0x9C,0x73,
	0xB5,0x56,0x9C,0x73,0x9C,0x73,0x9C,0x73,0x9C,0x73,0x9C,0x73,0x9C,0x73,0x9C,0x73,
	0x9C,0x73,0x9C,0x73,0x9C,0x73,0x9C,0x73,0x9C,0x73,0x9C,0x73,0x9C,0x73,0x9C,0x73,
	0x9C,0x73,0x9C,0x73,0x9C,0x73,0x9C,0x73,0x9C,0x73,0x9C,0x73,0x9C,0x73,0x9C,0x73,
	0xFF,0x7F,0xFF,0x7F,0xFF,0x7F,0xFF,0x7F,0xFF,0x7F,0xFF,0x7F,0xFF,0x7F,0xFF,0x7F,
	0xFF,0x7F,0xFF,0x7F,0xFF,0x7F,0xFF,0x7F,0xFF,0x7F,0xFF,0x7F,0xFF,0x7F,0xFF,0x7F,

	0xFF,0x7F,0xFF,0x7F,0xFF,0x7F,0xFF,0x7F,0xFF,0x7F,0xFF,0x7F,0xFF,0x7F,0xFF,0x7F,
	0xB5,0x56,0xFF,0x7F,0xFF,0x7F,0xFF,0x7F,0xFF,0x7F,0xFF,0x7F,0xFF,0x7F,0xFF,0x7F,
	0xFF,0x7F,0xFF,0x7F,0xFF,0x7F,0xFF,0x7F,0xFF,0x7F,0xFF,0x7F,0xFF,0x7F,0xFF,0x7F,
	0xFF,0x7F,0xFF,0x7F,0xFF,0x7F,0xFF,0x7F,0xFF,0x7F,0xFF,0x7F,0xFF,0x7F,0xFF,0x7F,
	0xFF,0x7F,0xFF,0x7F,0xFF,0x7F,0xFF,0x7F,0xFF,0x7F,0xFF,0x7F,0xFF,0x7F,0xFF,0x7F,
	0xFF,0x7F,0xFF,0x7F,0xFF,0x7F,0xFF,0x7F,0xFF,0x7F,0xFF,0x7F,0xFF,0x7F,0xFF,0x7F,
	0xFF,0x7F,0xFF,0x7F,0xFF,0x7F,0xFF,0x7F,0xFF,0x7F,0xFF,0x7F,0xFF,0x7F,0xFF,0x7F,
	0xB5,0x56,0xFF,0x7F,0xFF,0x7F,0xFF,0x7F,0xFF,0x7F,0xFF,0x7F,0xFF,0x7F,0xFF,0x7F,

	0xFF,0x7F,0xFF,0x7F,0xFF,0x7F,0xFF,0x7F,0xFF,0x7F,0xFF,0x7F,0xFF,0x7F,0xFF,0x7F,
	0xFF,0x7F,0xFF,0x7F,0xFF,0x7F,0xFF,0x7F,0xFF,0x7F,0xFF,0x7F,0xFF,0x7F,0xFF,0x7F,
	0xFF,0x7F,0xFF,0x7F,0xFF,0x7F,0xFF,0x7F,0xFF,0x7F,0xFF,0x7F,0xFF,0x7F,0xFF,0x7F,
	0xFF,0x7F,0xFF,0x7F,0xFF,0x7F,0xFF,0x7F,0xFF,0x7F,0xFF,0x7F,0xFF,0x7F,0xFF,0x7F,
	0xFF,0x7F,0xFF,0x7F,0xFF,0x7F,0xFF,0x7F,0xFF,0x7F,0xFF,0x7F,0xFF,0x7F,0xFF,0x7F,
	0xB5,0x56,0xFF,0x7F,0xFF,0x7F,0xFF,0x7F,0xFF,0x7F,0xFF,0x7F,0xFF,0x7F,0xFF,0x7F,
	0xFF,0x7F,0xFF,0x7F,0xFF,0x7F,0xFF,0x7F,0xFF,0x7F,0xFF,0x7F,0xFF,0x7F,0xFF,0x7F,
	0xFF,0x7F,0xFF,0x7F,0xFF,0x7F,0xFF,0x7F,0xFF,0x7F,0xFF,0x7F,0xFF,0x7F,0xFF,0x7F,

	0xFF,0x7F,0xFF,0x7F,0xFF,0x7F,0xFF,0x7F,0xFF,0x7F,0xFF,0x7F,0xFF,0x7F,0xFF,0x7F,
	0xFF,0x7F,0xFF,0x7F,0xFF,0x7F,0xFF,0x7F,0xFF,0x7F,0xFF,0x7F,0xFF,0x7F,0xFF,0x7F,
	0xFF,0x7F,0xFF,0x7F,0xFF,0x7F,0xFF,0x7F,0xFF,0x7F,0xFF,0x7F,0xFF,0x7F,0xFF,0x7F,
	0xB5,0x56,0xFF,0x7F,0xFF,0x7F,0xFF,0x7F,0xFF,0x7F,0xFF,0x7F,0xFF,0x7F,0xFF,0x7F,
	0xFF,0x7F,0xFF,0x7F,0xFF,0x7F,0xFF,0x7F,0xFF,0x7F,0xFF,0x7F,0xFF,0x7F,0xFF,0x7F,
	0xFF,0x7F,0xFF,0x7F,0xFF,0x7F,0xFF,0x7F,0xFF,0x7F,0xFF,0x7F,0xFF,0x7F,0xFF,0x7F,
	0xFF,0x7F,0xFF,0x7F,0xFF,0x7F,0xFF,0x7F,0xFF,0x7F,0xFF,0x7F,0xFF,0x7F,0xFF,0x7F,
	0xFF,0x7F,0xFF,0x7F,0xFF,0x7F,0xFF,0x7F,0xFF,0x7F,0xFF,0x7F,0xFF,0x7F,0xFF,0x7F,

	0xFF,0x7F,0xFF,0x7F,0xFF,0x7F,0xFF,0x7F,0xFF,0x7F,0xFF,0x7F,0xFF,0x7F,0xFF,0x7F,
	0xB5,0x56,0xFF,0x7F,0xFF,0x7F,0xFF,0x7F,0xFF,0x7F,0xFF,0x7F,0xFF,0x7F,0xFF,0x7F,
	0xFF,0x7F,0xFF,0x7F,0xFF,0x7F,0xFF,0x7F,0xFF,0x7F,0xFF,0x7F,0xFF,0x7F,0xFF,0x7F,
	0xFF,0x7F,0xFF,0x7F,0xFF,0x7F,0xFF,0x7F,0xFF,0x7F,0xFF,0x7F,0xFF,0x7F,0xFF,0x7F,
	0x9C,0x73,0x9C,0x73,0x9C,0x73,0x9C,0x73,0x9C,0x73,0x9C,0x73,0x9C,0x73,0x9C,0x73,
	0x9C,0x73,0x9C,0x73,0x9C,0x73,0x9C,0x73,0x9C,0x73,0x9C,0x73,0x9C,0x73,0x9C,0x73,
	0x9C,0x73,0x9C,0x73,0x9C,0x73,0x9C,0x73,0x9C,0x73,0x9C,0x73,0x9C,0x73,0x9C,0x73,
	0xB5,0x56,0x9C,0x73,0x9C,0x73,0x9C,0x73,0x9C,0x73,0x9C,0x73,0x9C,0x73,0x9C,0x73,

	0x9C,0x73,0x9C,0x73,0x9C,0x73,0x9C,0x73,0x9C,0x73,0x9C,0x73,0x9C,0x73,0x9C,0x73,
	0x9C,0x73,0x9C,0x73,0x9C,0x73,0x9C,0x73,0x9C,0x73,0x9C,0x73,0x9C,0x73,0x9C,0x73,
	0x9C,0x73,0x9C,0x73,0x9C,0x73,0x9C,0x73,0x9C,0x73,0x9C,0x73,0x9C,0x73,0x9C,0x73,
	0x9C,0x73,0x9C,0x73,0x9C,0x73,0x9C,0x73,0x9C,0x73,0x9C,0x73,0x9C,0x73,0x9C,0x73,
	0x9C,0x73,0x9C,0x73,0x9C,0x73,0x9C,0x73,0x9C,0x73,0x9C,0x73,0x9C,0x73,0x9C,0x73,
	0xB5,0x56,0x9C,0x73,0x9C,0x73,0x9C,0x73,0x9C,0x73,0x9C,0x73,0x9C,0x73,0x9C,0x73,
	0x9C,0x73,0x9C,0x73,0x9C,0x73,0x9C,0x73,0x9C,0x73,0x9C,0x73,0x9C,0x73,0x9C,0x73,
	0x9C,0x73,0x9C,0x73,0x9C,0x73,0x9C,0x73,0x9C,0x73,0x9C,0x73,0x9C,0x73,0x9C,0x73,

	0x9C,0x73,0x9C,0x73,0x9C,0x73,0x9C,0x73,0x9C,0x73,0x9C,0x73,0x9C,0x73,0x9C,0x73,
	0x9C,0x73,0x9C,0x73,0x9C,0x73,0x9C,0x73,0x9C,0x73,0x9C,0x73,0x9C,0x73,0x9C,0x73,
	0x9C,0x73,0x9C,0x73,0x9C,0x73,0x9C,0x73,0x9C,0x73,0x9C,0x73,0x9C,0x73,0x9C,0x73,
	0xB5,0x56,0x9C,0x73,0x9C,0x73,0x9C,0x73,0x9C,0x73,0x9C,0x73,0x9C,0x73,0x9C,0x73,
	0x9C,0x73,0x9C,0x73,0x9C,0x73,0x9C,0x73,0x9C,0x73,0x9C,0x73,0x9C,0x73,0x9C,0x73,
	0x9C,0x73,0x9C,0x73,0x9C,0x73,0x9C,0x73,0x9C,0x73,0x9C,0x73,0x9C,0x73,0x9C,0x73,
	0x9C,0x73,0x9C,0x73,0x9C,0x73,0x9C,0x73,0x9C,0x73,0x9C,0x73,0x9C,0x73,0x9C,0x73,
	0x9C,0x73,0x9C,0x73,0x9C,0x73,0x9C,0x73,0x9C,0x73,0x9C,0x73,0x9C,0x73,0x9C,0x73,

	0x9C,0x73,0x9C,0x73,0x9C,0x73,0x9C,0x73,0x9C,0x73,0x9C,0x73,0x9C,0x73,0x9C,0x73,
	0xB5,0x56,0x9C,0x73,0x9C,0x73,0x9C,0x73,0x9C,0x73,0x9C,0x73,0x9C,0x73,0x9C,0x73,
	0x9C,0x73,0x9C,0x73,0x9C,0x73,0x9C,0x73,0x9C,0x73,0x9C,0x73,0x9C,0x73,0x9C,0x73,
	0x9C,0x73,0x9C,0x73,0x9C,0x73,0x9C,0x73,0x9C,0x73,0x9C,0x73,0x9C,0x73,0x9C,0x73,
	0x9C,0x73,0x9C,0x73,0x9C,0x73,0x9C,0x73,0x9C,0x73,0x9C,0x73,0x9C,0x73,0x9C,0x73,
	0x9C,0x73,0x9C,0x73,0x9C,0x73,0x9C,0x73,0x9C,0x73,0x9C,0x73,0x9C,0x73,0x9C,0x73,
	0x9C,0x73,0x9C,0x73,0x9C,0x73,0x9C,0x73,0x9C,0x73,0x9C,0x73,0x9C,0x73,0x9C,0x73,
	0xB5,0x56,0x9C,0x73,0x9C,0x73,0x9C,0x73,0x9C,0x73,0x9C,0x73,0x9C,0x73,0x9C,0x73,

	0x9C,0x73,0x9C,0x73,0x9C,0x73,0x9C,0x73,0x9C,0x73,0x9C,0x73,0x9C,0x73,0x9C,0x73,
	0x9C,0x73,0x9C,0x73,0x9C,0x73,0x9C,0x73,0x9C,0x73,0x9C,0x73,0x9C,0x73,0x9C,0x73,
	0xFF,0x7F,0xFF,0x7F,0xFF,0x7F,0xFF,0x7F,0xFF,0x7F,0xFF,0x7F,0xFF,0x7F,0xFF,0x7F,
	0xFF,0x7F,0xFF,0x7F,0xFF,0x7F,0xFF,0x7F,0xFF,0x7F,0xFF,0x7F,0xFF,0x7F,0xFF,0x7F,
	0xFF,0x7F,0xFF,0x7F,0xFF,0x7F,0xFF,0x7F,0xFF,0x7F,0xFF,0x7F,0xFF,0x7F,0xFF,0x7F,
	0xB5,0x56,0xFF,0x7F,0xFF,0x7F,0xFF,0x7F,0xFF,0x7F,0xFF,0x7F,0xFF,0x7F,0xFF,0x7F,
	0xFF,0x7F,0xFF,0x7F,0xFF,0x7F,0xFF,0x7F,0xFF,0x7F,0xFF,0x7F,0xFF,0x7F,0xFF,0x7F,
	0xFF,0x7F,0xFF,0x7F,0xFF,0x7F,0xFF,0x7F,0xFF,0x7F,0xFF,0x7F,0xFF,0x7F,0xFF,0x7F,

	0xFF,0x7F,0xFF,0x7F,0xFF,0x7F,0xFF,0x7F,0xFF,0x7F,0xFF,0x7F,0xFF,0x7F,0xFF,0x7F,
	0xFF,0x7F,0xFF,0x7F,0xFF,0x7F,0xFF,0x7F,0xFF,0x7F,0xFF,0x7F,0xFF,0x7F,0xFF,0x7F,
	0xFF,0x7F,0xFF,0x7F,0xFF,0x7F,0xFF,0x7F,0xFF,0x7F,0xFF,0x7F,0xFF,0x7F,0xFF,0x7F,
	0xB5,0x56,0xFF,0x7F,0xFF,0x7F,0xFF,0x7F,0xFF,0x7F,0xFF,0x7F,0xFF,0x7F,0xFF,0x7F,
	0xFF,0x7F,0xFF,0x7F,0xFF,0x7F,0xFF,0x7F,0xFF,0x7F,0xFF,0x7F,0xFF,0x7F,0xFF,0x7F,
	0xFF,0x7F,0xFF,0x7F,0xFF,0x7F,0xFF,0x7F,0xFF,0x7F,0xFF,0x7F,0xFF,0x7F,0xFF,0x7F,
	0xFF,0x7F,0xFF,0x7F,0xFF,0x7F,0xFF,0x7F,0xFF,0x7F,0xFF,0x7F,0xFF,0x7F,0xFF,0x7F,
	0xFF,0x7F,0xFF,0x7F,0xFF,0x7F,0xFF,0x7F,0xFF,0x7F,0xFF,0x7F,0xFF,0x7F,0xFF,0x7F,

	0xFF,0x7F,0xFF,0x7F,0xFF,0x7F,0xFF,0x7F,0xFF,0x7F,0xFF,0x7F,0xFF,0x7F,0xFF,0x7F,
	0xB5,0x56,0xFF,0x7F,0xFF,0x7F,0xFF,0x7F,0xFF,0x7F,0xFF,0x7F,0xFF,0x7F,0xFF,0x7F,
	0xFF,0x7F,0xFF,0x7F,0xFF,0x7F,0xFF,0x7F,0xFF,0x7F,0xFF,0x7F,0xFF,0x7F,0xFF,0x7F,
	0xFF,0x7F,0xFF,0x7F,0xFF,0x7F,0xFF,0x7F,0xFF,0x7F,0xFF,0x7F,0xFF,0x7F,0xFF,0x7F,
	0xFF,0x7F,0xFF,0x7F,0xFF,0x7F,0xFF,0x7F,0xFF,0x7F,0xFF,0x7F,0xFF,0x7F,0xFF,0x7F,
	0xFF,0x7F,0xFF,0x7F,0xFF,0x7F,0xFF,0x7F,0xFF,0x7F,0xFF,0x7F,0xFF,0x7F,0xFF,0x7F,
	0xFF,0x7F,0xFF,0x7F,0xFF,0x7F,0xFF,0x7F,0xFF,0x7F,0xFF,0x7F,0xFF,0x7F,0xFF,0x7F,
	0xB5,0x56,0xFF,0x7F,0xFF,0x7F,0xFF,0x7F,0xFF,0x7F,0xFF,0x7F,0xFF,0x7F,0xFF,0x7F,

	0xFF,0x7F,0xFF,0x7F,0xFF,0x7F,0xFF,0x7F,0xFF,0x7F,0xFF,0x7F,0xFF,0x7F,0xFF,0x7F,
	0xFF,0x7F,0xFF,0x7F,0xFF,0x7F,0xFF,0x7F,0xFF,0x7F,0xFF,0x7F,0xFF,0x7F,0xFF,0x7F,
	0xFF,0x7F,0xFF,0x7F,0xFF,0x7F,0xFF,0x7F,0xFF,0x7F,0xFF,0x7F,0xFF,0x7F,0xFF,0x7F,
	0xFF,0x7F,0xFF,0x7F,0xFF,0x7F,0xFF,0x7F,0xFF,0x7F,0xFF,0x7F,0xFF,0x7F,0xFF,0x7F,
	0xFF,0x7F,0xFF,0x7F,0xFF,0x7F,0xFF,0x7F,0xFF,0x7F,0xFF,0x7F,0xFF,0x7F,0xFF,0x7F,
	0xB5,0x56,0xFF,0x7F,0xFF,0x7F,0xFF,0x7F,0xFF,0x7F,0xFF,0x7F,0xFF,0x7F,0xFF,0x7F,
	0xFF,0x7F,0xFF,0x7F,0xFF,0x7F,0xFF,0x7F,0xFF,0x7F,0xFF,0x7F,0xFF,0x7F,0xFF,0x7F,
	0xFF,0x7F,0xFF,0x7F,0xFF,0x7F,0xFF,0x7F,0xFF,0x7F,0xFF,0x7F,0xFF,0x7F,0xFF,0x7F,

	0x9C,0x73,0x9C,0x73,0x9C,0x73,0x9C,0x73,0x9C,0x73,0x9C,0x73,0x9C,0x73,0x9C,0x73,
	0x9C,0x73,0x9C,0x73,0x9C,0x73,0x9C,0x73,0x9C,0x73,0x9C,0x73,0x9C,0x73,0x9C,0x73,
	0x9C,0x73,0x9C,0x73,0x9C,0x73,0x9C,0x73,0x9C,0x73,0x9C,0x73,0x9C,0x73,0x9C,0x73,
	0xB5,0x56,0x9C,0x73,0x9C,0x73,0x9C,0x73,0x9C,0x73,0x9C,0x73,0x9C,0x73,0x9C,0x73,
	0x9C,0x73,0x9C,0x73,0x9C,0x73,0x9C,0x73,0x9C,0x73,0x9C,0x73,0x9C,0x73,0x9C,0x73,
	0x9C,0x73,0x9C,0x73,0x9C,0x73,0x9C,0x73,0x9C,0x73,0x9C,0x73,0x9C,0x73,0x9C,0x73,
	0x9C,0x73,0x9C,0x73,0x9C,0x73,0x9C,0x73,0x9C,0x73,0x9C,0x73,0x9C,0x73,0x9C,0x73,
	0x9C,0x73,0x9C,0x73,0x9C,0x73,0x9C,0x73,0x9C,0x73,0x9C,0x73,0x9C,0x73,0x9C,0x73,

	0x9C,0x73,0x9C,0x73,0x9C,0x73,0x9C,0x73,0x9C,0x73,0x9C,0x73,0x9C,0x73,0x9C,0x73,
	0xB5,0x56,0x9C,0x73,0x9C,0x73,0x9C,0x73,0x9C,0x73,0x9C,0x73,0x9C,0x73,0x9C,0x73,
	0x9C,0x73,0x9C,0x73,0x9C,0x73,0x9C,0x73,0x9C,0x73,0x9C,0x73,0x9C,0x73,0x9C,0x73,
	0x9C,0x73,0x9C,0x73,0x9C,0x73,0x9C,0x73,0x9C,0x73,0x9C,0x73,0x9C,0x73,0x9C,0x73,
	0x9C,0x73,0x9C,0x73,0x9C,0x73,0x9C,0x73,0x9C,0x73,0x9C,0x73,0x9C,0x73,0x9C,0x73,
	0x9C,0x73,0x9C,0x73,0x9C,0x73,0x9C,0x73,0x9C,0x73,0x9C,0x73,0x9C,0x73,0x9C,0x73,
	0x9C,0x73,0x9C,0x73,0x9C,0x73,0x9C,0x73,0x9C,0x73,0x9C,0x73,0x9C,0x73,0x9C,0x73,
	0xB5,0x56,0x9C,0x73,0x9C,0x73,0x9C,0x73,0x9C,0x73,0x9C,0x73,0x9C,0x73,0x9C,0x73,

	0x9C,0x73,0x9C,0x73,0x9C,0x73,0x9C,0x73,0x9C,0x73,0x9C,0x73,0x9C,0x73,0x9C,0x73,
	0x9C,0x73,0x9C,0x73,0x9C,0x73,0x9C,0x73,0x9C,0x73,0x9C,0x73,0x9C,0x73,0x9C,0x73,
	0x9C,0x73,0x9C,0x73,0x9C,0x73,0x9C,0x73,0x9C,0x73,0x9C,0x73,0x9C,0x73,0x9C,0x73,
	0x9C,0x73,0x9C,0x73,0x9C,0x73,0x9C,0x73,0x9C,0x73,0x9C,0x73,0x9C,0x73,0x9C,0x73,
	0x9C,0x73,0x9C,0x73,0x9C,0x73,0x9C,0x73,0x9C,0x73,0x9C,0x73,0x9C,0x73,0x9C,0x73,
	0xB5,0x56,0x9C,0x73,0x9C,0x73,0x9C,0x73,0x9C,0x73,0x9C,0x73,0x9C,0x73,0x9C,0x73,
	0x9C,0x73,0x9C,0x73,0x9C,0x73,0x9C,0x73,0x9C,0x73,0x9C,0x73,0x9C,0x73,0x9C,0x73,
	0x9C,0x73,0x9C,0x73,0x9C,0x73,0x9C,0x73,0x9C,0x73,0x9C,0x73,0x9C,0x73,0x9C,0x73,

	0x9C,0x73,0x9C,0x73,0x9C,0x73,0x9C,0x73,0x9C,0x73,0x9C,0x73,0x9C,0x73,0x9C,0x73,
	0x9C,0x73,0x9C,0x73,0x9C,0x73,0x9C,0x73,0x9C,0x73,0x9C,0x73,0x9C,0x73,0x9C,0x73,
	0x9C,0x73,0x9C,0x73,0x9C,0x73,0x9C,0x73,0x9C,0x73,0x9C,0x73,0x9C,0x73,0x9C,0x73,
	0xB5,0x56,0x9C,0x73,0x9C,0x73,0x9C,0x73,0x9C,0x73,0x9C,0x73,0x9C,0x73,0x9C,0x73,
	0x9C,0x73,0x9C,0x73,0x9C,0x73,0x9C,0x73,0x9C,0x73,0x9C,0x73,0x9C,0x73,0x9C,0x73,
	0x9C,0x73,0x9C,0x73,0x9C,0x73,0x9C,0x73,0x9C,0x73,0x9C,0x73,0x9C,0x73,0x9C,0x73,
	0xFF,0x7F,0xFF,0x7F,0xFF,0x7F,0xFF,0x7F,0xFF,0x7F,0xFF,0x7F,0xFF,0x7F,0xFF,0x7F,
	0xFF,0x7F,0xFF,0x7F,0xFF,0x7F,0xFF,0x7F,0xFF,0x7F,0xFF,0x7F,0xFF,0x7F,0xFF,0x7F,

	0xFF,0x7F,0xFF,0x7F,0xFF,0x7F,0xFF,0x7F,0xFF,0x7F,0xFF,0x7F,0xFF,0x7F,0xFF,0x7F,
	0xB5,0x56,0xFF,0x7F,0xFF,0x7F,0xFF,0x7F,0xFF,0x7F,0xFF,0x7F,0xFF,0x7F,0xFF,0x7F,
	0xFF,0x7F,0xFF,0x7F,0xFF,0x7F,0xFF,0x7F,0xFF,0x7F,0xFF,0x7F,0xFF,0x7F,0xFF,0x7F,
	0xFF,0x7F,0xFF,0x7F,0xFF,0x7F,0xFF,0x7F,0xFF,0x7F,0xFF,0x7F,0xFF,0x7F,0xFF,0x7F,
	0xFF,0x7F,0xFF,0x7F,0xFF,0x7F,0xFF,0x7F,0xFF,0x7F,0xFF,0x7F,0xFF,0x7F,0xFF,0x7F,
	0xFF,0x7F,0xFF,0x7F,0xFF,0x7F,0xFF,0x7F,0xFF,0x7F,0xFF,0x7F,0xFF,0x7F,0xFF,0x7F,
	0xFF,0x7F,0xFF,0x7F,0xFF,0x7F,0xFF,0x7F,0xFF,0x7F,0xFF,0x7F,0xFF,0x7F,0xFF,0x7F,
	0xB5,0x56,0xFF,0x7F,0xFF,0x7F,0xFF,0x7F,0xFF,0x7F,0xFF,0x7F,0xFF,0x7F,0xFF,0x7F,

	0xFF,0x7F,0xFF,0x7F,0xFF,0x7F,0xFF,0x7F,0xFF,0x7F,0xFF,0x7F,0xFF,0x7F,0xFF,0x7F,
	0xFF,0x7F,0xFF,0x7F,0xFF,0x7F,0xFF,0x7F,0xFF,0x7F,0xFF,0x7F,0xFF,0x7F,0xFF,0x7F,
	0xFF,0x7F,0xFF,0x7F,0xFF,0x7F,0xFF,0x7F,0xFF,0x7F,0xFF,0x7F,0xFF,0x7F,0xFF,0x7F,
	0xFF,0x7F,0xFF,0x7F,0xFF,0x7F,0xFF,0x7F,0xFF,0x7F,0xFF,0x7F,0xFF,0x7F,0xFF,0x7F,
	0xFF,0x7F,0xFF,0x7F,0xFF,0x7F,0xFF,0x7F,0xFF,0x7F,0xFF,0x7F,0xFF,0x7F,0xFF,0x7F,
	0xB5,0x56,0xFF,0x7F,0xFF,0x7F,0xFF,0x7F,0xFF,0x7F,0xFF,0x7F,0xFF,0x7F,0xFF,0x7F,
	0xFF,0x7F,0xFF,0x7F,0xFF,0x7F,0xFF,0x7F,0xFF,0x7F,0xFF,0x7F,0xFF,0x7F,0xFF,0x7F,
	0xFF,0x7F,0xFF,0x7F,0xFF,0x7F,0xFF,0x7F,0xFF,0x7F,0xFF,0x7F,0xFF,0x7F,0xFF,0x7F,

	0xFF,0x7F,0xFF,0x7F,0xFF,0x7F,0xFF,0x7F,0xFF,0x7F,0xFF,0x7F,0xFF,0x7F,0xFF,0x7F,
	0xFF,0x7F,0xFF,0x7F,0xFF,0x7F,0xFF,0x7F,0xFF,0x7F,0xFF,0x7F,0xFF,0x7F,0xFF,0x7F,
	0xFF,0x7F,0xFF,0x7F,0xFF,0x7F,0xFF,0x7F,0xFF,0x7F,0xFF,0x7F,0xFF,0x7F,0xFF,0x7F,
	0xB5,0x56,0xFF,0x7F,0xFF,0x7F,0xFF,0x7F,0xFF,0x7F,0xFF,0x7F,0xFF,0x7F,0xFF,0x7F,
	0xFF,0x7F,0xFF,0x7F,0xFF,0x7F,0xFF,0x7F,0xFF,0x7F,0xFF,0x7F,0xFF,0x7F,0xFF,0x7F,
	0xFF,0x7F,0xFF,0x7F,0xFF,0x7F,0xFF,0x7F,0xFF,0x7F,0xFF,0x7F,0xFF,0x7F,0xFF,0x7F,
	0xFF,0x7F,0xFF,0x7F,0xFF,0x7F,0xFF,0x7F,0xFF,0x7F,0xFF,0x7F,0xFF,0x7F,0xFF,0x7F,
	0xFF,0x7F,0xFF,0x7F,0xFF,0x7F,0xFF,0x7F,0xFF,0x7F,0xFF,0x7F,0xFF,0x7F,0xFF,0x7F,

	0xFF,0x7F,0xFF,0x7F,0xFF,0x7F,0xFF,0x7F,0xFF,0x7F,0xFF,0x7F,0xFF,0x7F,0xFF,0x7F,
	0xB5,0x56,0xFF,0x7F,0xFF,0x7F,0xFF,0x7F,0xFF,0x7F,0xFF,0x7F,0xFF,0x7F,0xFF,0x7F,
	0xFF,0x7F,0xFF,0x7F,0xFF,0x7F,0xFF,0x7F,0xFF,0x7F,0xFF,0x7F,0xFF,0x7F,0xFF,0x7F,
	0xFF,0x7F,0xFF,0x7F,0xFF,0x7F,0xFF,0x7F,0xFF,0x7F,0xFF,0x7F,0xFF,0x7F,0xFF,0x7F,
	0x9C,0x73,0x9C,0x73,0x9C,0x73,0x9C,0x73,0x9C,0x73,0x9C,0x73,0x9C,0x73,0x9C,0x73,
	0x9C,0x73,0x9C,0x73,0x9C,0x73,0x9C,0x73,0x9C,0x73,0x9C,0x73,0x9C,0x73,0x9C,0x73,
	0x9C,0x73,0x9C,0x73,0x9C,0x73,0x9C,0x73,0x9C,0x73,0x9C,0x73,0x9C,0x73,0x9C,0x73,
	0xB5,0x56,0x9C,0x73,0x9C,0x73,0x9C,0x73,0x9C,0x73,0x9C,0x73,0x9C,0x73,0x9C,0x73,

	0x9C,0x73,0x9C,0x73,0x9C,0x73,0x9C,0x73,0x9C,0x73,0x9C,0x73,0x9C,0x73,0x9C,0x73,
	0x9C,0x73,0x9C,0x73,0x9C,0x73,0x9C,0x73,0x9C,0x73,0x9C,0x73,0x9C,0x73,0x9C,0x73,
	0x9C,0x73,0x9C,0x73,0x9C,0x73,0x9C,0x73,0x9C,0x73,0x9C,0x73,0x9C,0x73,0x9C,0x73,
	0x9C,0x73,0x9C,0x73,0x9C,0x73,0x9C,0x73,0x9C,0x73,0x9C,0x73,0x9C,0x73,0x9C,0x73,
	0x9C,0x73,0x9C,0x73,0x9C,0x73,0x9C,0x73,0x9C,0x73,0x9C,0x73,0x9C,0x73,0x9C,0x73,
	0xB5,0x56,0x9C,0x73,0x9C,0x73,0x9C,0x73,0x9C,0x73,0x9C,0x73,0x9C,0x73,0x9C,0x73,
	0x9C,0x73,0x9C,0x73,0x9C,0x73,0x9C,0x73,0x9C,0x73,0x9C,0x73,0x9C,0x73,0x9C,0x73,
	0x9C,0x73,0x9C,0x73,0x9C,0x73,0x9C,0x73,0x9C,0x73,0x9C,0x73,0x9C,0x73,0x9C,0x73,

	0x9C,0x73,0x9C,0x73,0x9C,0x73,0x9C,0x73,0x9C,0x73,0x9C,0x73,0x9C,0x73,0x9C,0x73,
	0x9C,0x73,0x9C,0x73,0x9C,0x73,0x9C,0x73,0x9C,0x73,0x9C,0x73,0x9C,0x73,0x9C,0x73,
	0x9C,0x73,0x9C,0x73,0x9C,0x73,0x9C,0x73,0x9C,0x73,0x9C,0x73,0x9C,0x73,0x9C,0x73,
	0xB5,0x56,0x9C,0x73,0x9C,0x73,0x9C,0x73,0x9C,0x73,0x9C,0x73,0x9C,0x73,0x9C,0x73,
	0x9C,0x73,0x9C,0x73,0x9C,0x73,0x9C,0x73,0x9C,0x73,0x9C,0x73,0x9C,0x73,0x9C,0x73,
	0x9C,0x73,0x9C,0x73,0x9C,0x73,0x9C,0x73,0x9C,0x73,0x9C,0x73,0x9C,0x73,0x9C,0x73,
	0x9C,0x73,0x9C,0x73,0x9C,0x73,0x9C,0x73,0x9C,0x73,0x9C,0x73,0x9C,0x73,0x9C,0x73,
	0x9C,0x73,0x9C,0x73,0x9C,0x73,0x9C,0x73,0x9C,0x73,0x9C,0x73,0x9C,0x73,0x9C,0x73,

	0x9C,0x73,0x9C,0x73,0x9C,0x73,0x9C,0x73,0x9C,0x73,0x9C,0x73,0x9C,0x73,0x9C,0x73,
	0xB5,0x56,0x9C,0x73,0x9C,0x73,0x9C,0x73,0x9C,0x73,0x9C,0x73,0x9C,0x73,0x9C,0x73,
	0x9C,0x73,0x9C,0x73,0x9C,0x73,0x9C,0x73,0x9C,0x73,0x9C,0x73,0x9C,0x73,0x9C,0x73,
	0x9C,0x73,0x9C,0x73,0x9C,0x73,0x9C,0x73,0x9C,0x73,0x9C,0x73,0x9C,0x73,0x9C,0x73,
	0x9C,0x73,0x9C,0x73,0x9C,0x73,0x9C,0x73,0x9C,0x73,0x9C,0x73,0x9C,0x73,0x9C,0x73,
	0x9C,0x73,0x9C,0x73,0x9C,0x73,0x9C,0x73,0x9C,0x73,0x9C,0x73,0x9C,0x73,0x9C,0x73,
	0x9C,0x73,0x9C,0x73,0x9C,0x73,0x9C,0x73,0x9C,0x73,0x9C,0x73,0x9C,0x73,0x9C,0x73,
	0xB5,0x56,0x9C,0x73,0x9C,0x73,0x9C,0x73,0x9C,0x73,0x9C,0x73,0x9C,0x73,0x9C,0x73,

	0x9C,0x73,0x9C,0x73,0x9C,0x73,0x9C,0x73,0x9C,0x73,0x9C,0x73,0x9C,0x73,0x9C,0x73,
	0x9C,0x73,0x9C,0x73,0x9C,0x73,0x9C,0x73,0x9C,0x73,0x9C,0x73,0x9C,0x73,0x9C,0x73,
	0xFF,0x7F,0xFF,0x7F,0xFF,0x7F,0xFF,0x7F,0xFF,0x7F,0xFF,0x7F,0xFF,0x7F,0xFF,0x7F,
	0xFF,0x7F,0xFF,0x7F,0xFF,0x7F,0xFF,0x7F,0xFF,0x7F,0xFF,0x7F,0xFF,0x7F,0xFF,0x7F,
	0xFF,0x7F,0xFF,0x7F,0xFF,0x7F,0xFF,0x7F,0xFF,0x7F,0xFF,0x7F,0xFF,0x7F,0xFF,0x7F,
	0xB5,0x56,0xFF,0x7F,0xFF,0x7F,0xFF,0x7F,0xFF,0x7F,0xFF,0x7F,0xFF,0x7F,0xFF,0x7F,
	0xFF,0x7F,0xFF,0x7F,0xFF,0x7F,0xFF,0x7F,0xFF,0x7F,0xFF,0x7F,0xFF,0x7F,0xFF,0x7F,
	0xFF,0x7F,0xFF,0x7F,0xFF,0x7F,0xFF,0x7F,0xFF,0x7F,0xFF,0x7F,0xFF,0x7F,0xFF,0x7F,

	0xFF,0x7F,0xFF,0x7F,0xFF,0x7F,0xFF,0x7F,0xFF,0x7F,0xFF,0x7F,0xFF,0x7F,0xFF,0x7F,
	0xFF,0x7F,0xFF,0x7F,0xFF,0x7F,0xFF,0x7F,0xFF,0x7F,0xFF,0x7F,0xFF,0x7F,0xFF,0x7F,
	0xFF,0x7F,0xFF,0x7F,0xFF,0x7F,0xFF,0x7F,0xFF,0x7F,0xFF,0x7F,0xFF,0x7F,0xFF,0x7F,
	0xB5,0x56,0xFF,0x7F,0xFF,0x7F,0xFF,0x7F,0xFF,0x7F,0xFF,0x7F,0xFF,0x7F,0xFF,0x7F,
	0xFF,0x7F,0xFF,0x7F,0xFF,0x7F,0xFF,0x7F,0xFF,0x7F,0xFF,0x7F,0xFF,0x7F,0xFF,0x7F,
	0xFF,0x7F,0xFF,0x7F,0xFF,0x7F,0xFF,0x7F,0xFF,0x7F,0xFF,0x7F,0xFF,0x7F,0xFF,0x7F,
	0xFF,0x7F,0xFF,0x7F,0xFF,0x7F,0xFF,0x7F,0xFF,0x7F,0xFF,0x7F,0xFF,0x7F,0xFF,0x7F,
	0xFF,0x7F,0xFF,0x7F,0xFF,0x7F,0xFF,0x7F,0xFF,0x7F,0xFF,0x7F,0xFF,0x7F,0xFF,0x7F,

	0xFF,0x7F,0xFF,0x7F,0xFF,0x7F,0xFF,0x7F,0xFF,0x7F,0xFF,0x7F,0xFF,0x7F,0xFF,0x7F,
	0xB5,0x56,0xFF,0x7F,0xFF,0x7F,0xFF,0x7F,0xFF,0x7F,0xFF,0x7F,0xFF,0x7F,0xFF,0x7F,
	0xFF,0x7F,0xFF,0x7F,0xFF,0x7F,0xFF,0x7F,0xFF,0x7F,0xFF,0x7F,0xFF,0x7F,0xFF,0x7F,
	0xFF,0x7F,0xFF,0x7F,0xFF,0x7F,0xFF,0x7F,0xFF,0x7F,0xFF,0x7F,0xFF,0x7F,0xFF,0x7F,
	0xFF,0x7F,0xFF,0x7F,0xFF,0x7F,0xFF,0x7F,0xFF,0x7F,0xFF,0x7F,0xFF,0x7F,0xFF,0x7F,
	0xFF,0x7F,0xFF,0x7F,0xFF,0x7F,0xFF,0x7F,0xFF,0x7F,0xFF,0x7F,0xFF,0x7F,0xFF,0x7F,
	0xFF,0x7F,0xFF,0x7F,0xFF,0x7F,0xFF,0x7F,0xFF,0x7F,0xFF,0x7F,0xFF,0x7F,0xFF,0x7F,
	0xB5,0x56,0xFF,0x7F,0xFF,0x7F,0xFF,0x7F,0xFF,0x7F,0xFF,0x7F,0xFF,0x7F,0xFF,0x7F,

	0xFF,0x7F,0xFF,0x7F,0xFF,0x7F,0xFF,0x7F,0xFF,0x7F,0xFF,0x7F,0xFF,0x7F,0xFF,0x7F,
	0xFF,0x7F,0xFF,0x7F,0xFF,0x7F,0xFF,0x7F,0xFF,0x7F,0xFF,0x7F,0xFF,0x7F,0xFF,0x7F,
	0xFF,0x7F,0xFF,0x7F,0xFF,0x7F,0xFF,0x7F,0xFF,0x7F,0xFF,0x7F,0xFF,0x7F,0xFF,0x7F,
	0xFF,0x7F,0xFF,0x7F,0xFF,0x7F,0xFF,0x7F,0xFF,0x7F,0xFF,0x7F,0xFF,0x7F,0xFF,0x7F,
	0xFF,0x7F,0xFF,0x7F,0xFF,0x7F,0xFF,0x7F,0xFF,0x7F,0xFF,0x7F,0xFF,0x7F,0xFF,0x7F,
	0xB5,0x56,0xFF,0x7F,0xFF,0x7F,0xFF,0x7F,0xFF,0x7F,0xFF,0x7F,0xFF,0x7F,0xFF,0x7F,
	0xFF,0x7F,0xFF,0x7F,0xFF,0x7F,0xFF,0x7F,0xFF,0x7F,0xFF,0x7F,0xFF,0x7F,0xFF,0x7F,
	0xFF,0x7F,0xFF,0x7F,0xFF,0x7F,0xFF,0x7F,0xFF,0x7F,0xFF,0x7F,0xFF,0x7F,0xFF,0x7F,

	0x9C,0x73,0x9C,0x73,0x9C,0x73,0x9C,0x73,0x9C,0x73,0x9C,0x73,0x9C,0x73,0x9C,0x73,
	0x9C,0x73,0x9C,0x73,0x9C,0x73,0x9C,0x73,0x9C,0x73,0x9C,0x73,0x9C,0x73,0x9C,0x73,
	0x9C,0x73,0x9C,0x73,0x9C,0x73,0x9C,0x73,0x9C,0x73,0x9C,0x73,0x9C,0x73,0x9C,0x73,
	0xB5,0x56,0x9C,0x73,0x9C,0x73,0x9C,0x73,0x9C,0x73,0x9C,0x73,0x9C,0x73,0x9C,0x73,
	0x9C,0x73,0x9C,0x73,0x9C,0x73,0x9C,0x73,0x9C,0x73,0x9C,0x73,0x9C,0x73,0x9C,0x73,
	0x9C,0x73,0x9C,0x73,0x9C,0x73,0x9C,0x73,0x9C,0x73,0x9C,0x73,0x9C,0x73,0x9C,0x73,
	0x9C,0x73,0x9C,0x73,0x9C,0x73,0x9C,0x73,0x9C,0x73,0x9C,0x73,0x9C,0x73,0x9C,0x73,
	0x9C,0x73,0x9C,0x73,0x9C,0x73,0x9C,0x73,0x9C,0x73,0x9C,0x73,0x9C,0x73,0x9C,0x73,

	0x9C,0x73,0x9C,0x73,0x9C,0x73,0x9C,0x73,0x9C,0x73,0x9C,0x73,0x9C,0x73,0x9C,0x73,
	0xB5,0x56,0x9C,0x73,0x9C,0x73,0x9C,0x73,0x9C,0x73,0x9C,0x73,0x9C,0x73,0x9C,0x73,
	0x9C,0x73,0x9C,0x73,0x9C,0x73,0x9C,0x73,0x9C,0x73,0x9C,0x73,0x9C,0x73,0x9C,0x73,
	0x9C,0x73,0x9C,0x73,0x9C,0x73,0x9C,0x73,0x9C,0x73,0x9C,0x73,0x9C,0x73,0x9C,0x73,
	0x9C,0x73,0x9C,0x73,0x9C,0x73,0x9C,0x73,0x9C,0x73,0x9C,0x73,0x9C,0x73,0x9C,0x73,
	0x9C,0x73,0x9C,0x73,0x9C,0x73,0x9C,0x73,0x9C,0x73,0x9C,0x73,0x9C,0x73,0x9C,0x73,
	0x9C,0x73,0x9C,0x73,0x9C,0x73,0x9C,0x73,0x9C,0x73,0x9C,0x73,0x9C,0x73,0x9C,0x73,
	0xB5,0x56,0x9C,0x73,0x9C,0x73,0x9C,0x73,0x9C,0x73,0x9C,0x73,0x9C,0x73,0x9C,0x73,

	0x9C,0x73,0x9C,0x73,0x9C,0x73,0x9C,0x73,0x9C,0x73,0x9C,0x73,0x9C,0x73,0x9C,0x73,
	0x9C,0x73,0x9C,0x73,0x9C,0x73,0x9C,0x73,0x9C,0x73,0x9C,0x73,0x9C,0x73,0x9C,0x73,
	0x9C,0x73,0x9C,0x73,0x9C,0x73,0x9C,0x73,0x9C,0x73,0x9C,0x73,0x9C,0x73,0x9C,0x73,
	0x9C,0x73,0x9C,0x73,0x9C,0x73,0x9C,0x73,0x9C,0x73,0x9C,0x73,0x9C,0x73,0x9C,0x73,
	0x9C,0x73,0x9C,0x73,0x9C,0x73,0x9C,0x73,0x9C,0x73,0x9C,0x73,0x9C,0x73,0x9C,0x73,
	0xB5,0x56,0x9C,0x73,0x9C,0x73,0x9C,0x73,0x9C,0x73,0x9C,0x73,0x9C,0x73,0x9C,0x73,
	0x9C,0x73,0x9C,0x73,0x9C,0x73,0x9C,0x73,0x9C,0x73,0x9C,0x73,0x9C,0x73,0x9C,0x73,
	0x9C,0x73,0x9C,0x73,0x9C,0x73,0x9C,0x73,0x9C,0x73,0x9C,0x73,0x9C,0x73,0x9C,0x73,

	0x9C,0x73,0x9C,0x73,0x9C,0x73,0x9C,0x73,0x9C,0x73,0x9C,0x73,0x9C,0x73,0x9C,0x73,
	0x9C,0x73,0x9C,0x73,0x9C,0x73,0x9C,0x73,0x9C,0x73,0x9C,0x73,0x9C,0x73,0x9C,0x73,
	0x9C,0x73,0x9C,0x73,0x9C,0x73,0x9C,0x73,0x9C,0x73,0x9C,0x73,0x9C,0x73,0x9C,0x73,
	0xB5,0x56,0x9C,0x73,0x9C,0x73,0x9C,0x73,0x9C,0x73,0x9C,0x73,0x9C,0x73,0x9C,0x73,
	0x9C,0x73,0x9C,0x73,0x9C,0x73,0x9C,0x73,0x9C,0x73,0x9C,0x73,0x9C,0x73,0x9C,0x73,
	0x9C,0x73,0x9C,0x73,0x9C,0x73,0x9C,0x73,0x9C,0x73,0x9C,0x73,0x9C,0x73,0x9C,0x73,
	0xFF,0x7F,0xFF,0x7F,0xFF,0x7F,0xFF,0x7F,0xFF,0x7F,0xFF,0x7F,0xFF,0x7F,0xFF,0x7F,
	0xFF,0x7F,0xFF,0x7F,0xFF,0x7F,0xFF,0x7F,0xFF,0x7F,0xFF,0x7F,0xFF,0x7F,0xFF,0x7F,

	0xFF,0x7F,0xFF,0x7F,0xFF,0x7F,0xFF,0x7F,0xFF,0x7F,0xFF,0x7F,0xFF,0x7F,0xFF,0x7F,
	0xB5,0x56,0xFF,0x7F,0xFF,0x7F,0xFF,0x7F,0xFF,0x7F,0xFF,0x7F,0xFF,0x7F,0xFF,0x7F,
	0xFF,0x7F,0xFF,0x7F,0xFF,0x7F,0xFF,0x7F,0xFF,0x7F,0xFF,0x7F,0xFF,0x7F,0xFF,0x7F,
	0xFF,0x7F,0xFF,0x7F,0xFF,0x7F,0xFF,0x7F,0xFF,0x7F,0xFF,0x7F,0xFF,0x7F,0xFF,0x7F,
	0xFF,0x7F,0xFF,0x7F,0xFF,0x7F,0xFF,0x7F,0xFF,0x7F,0xFF,0x7F,0xFF,0x7F,0xFF,0x7F,
	0xFF,0x7F,0xFF,0x7F,0xFF,0x7F,0xFF,0x7F,0xFF,0x7F,0xFF,0x7F,0xFF,0x7F,0xFF,0x7F,
	0xFF,0x7F,0xFF,0x7F,0xFF,0x7F,0xFF,0x7F,0xFF,0x7F,0xFF,0x7F,0xFF,0x7F,0xFF,0x7F,
	0xB5,0x56,0xFF,0x7F,0xFF,0x7F,0xFF,0x7F,0xFF,0x7F,0xFF,0x7F,0xFF,0x7F,0xFF,0x7F,

	0xFF,0x7F,0xFF,0x7F,0xFF,0x7F,0xFF,0x7F,0xFF,0x7F,0xFF,0x7F,0xFF,0x7F,0xFF,0x7F,
	0xFF,0x7F,0xFF,0x7F,0xFF,0x7F,0xFF,0x7F,0xFF,0x7F,0xFF,0x7F,0xFF,0x7F,0xFF,0x7F,
	0xFF,0x7F,0xFF,0x7F,0xFF,0x7F,0xFF,0x7F,0xFF,0x7F,0xFF,0x7F,0xFF,0x7F,0xFF,0x7F,
	0xFF,0x7F,0xFF,0x7F,0xFF,0x7F,0xFF,0x7F,0xFF,0x7F,0xFF,0x7F,0xFF,0x7F,0xFF,0x7F,
	0xFF,0x7F,0xFF,0x7F,0xFF,0x7F,0xFF,0x7F,0xFF,0x7F,0xFF,0x7F,0xFF,0x7F,0xFF,0x7F,
	0xB5,0x56,0xFF,0x7F,0xFF,0x7F,0xFF,0x7F,0xFF,0x7F,0xFF,0x7F,0xFF,0x7F,0xFF,0x7F,
	0xFF,0x7F,0xFF,0x7F,0xFF,0x7F,0xFF,0x7F,0xFF,0x7F,0xFF,0x7F,0xFF,0x7F,0xFF,0x7F,
	0xFF,0x7F,0xFF,0x7F,0xFF,0x7F,0xFF,0x7F,0xFF,0x7F,0xFF,0x7F,0xFF,0x7F,0xFF,0x7F,

	0xFF,0x7F,0xFF,0x7F,0xFF,0x7F,0xFF,0x7F,0xFF,0x7F,0xFF,0x7F,0xFF,0x7F,0xFF,0x7F,
	0xFF,0x7F,0xFF,0x7F,0xFF,0x7F,0xFF,0x7F,0xFF,0x7F,0xFF,0x7F,0xFF,0x7F,0xFF,0x7F,
	0xFF,0x7F,0xFF,0x7F,0xFF,0x7F,0xFF,0x7F,0xFF,0x7F,0xFF,0x7F,0xFF,0x7F,0xFF,0x7F,
	0xB5,0x56,0xFF,0x7F,0xFF,0x7F,0xFF,0x7F,0xFF,0x7F,0xFF,0x7F,0xFF,0x7F,0xFF,0x7F,
	0xFF,0x7F,0xFF,0x7F,0xFF,0x7F,0xFF,0x7F,0xFF,0x7F,0xFF,0x7F,0xFF,0x7F,0xFF,0x7F,
	0xFF,0x7F,0xFF,0x7F,0xFF,0x7F,0xFF,0x7F,0xFF,0x7F,0xFF,0x7F,0xFF,0x7F,0xFF,0x7F,
	0xFF,0x7F,0xFF,0x7F,0xFF,0x7F,0xFF,0x7F,0xFF,0x7F,0xFF,0x7F,0xFF,0x7F,0xFF,0x7F,
	0xFF,0x7F,0xFF,0x7F,0xFF,0x7F,0xFF,0x7F,0xFF,0x7F,0xFF,0x7F,0xFF,0x7F,0xFF,0x7F,

	0xFF,0x7F,0xFF,0x7F,0xFF,0x7F,0xFF,0x7F,0xFF,0x7F,0xFF,0x7F,0xFF,0x7F,0xFF,0x7F,
	0xB5,0x56,0xFF,0x7F,0xFF,0x7F,0xFF,0x7F,0xFF,0x7F,0xFF,0x7F,0xFF,0x7F,0xFF,0x7F,
	0xFF,0x7F,0xFF,0x7F,0xFF,0x7F,0xFF,0x7F,0xFF,0x7F,0xFF,0x7F,0xFF,0x7F,0xFF,0x7F,
	0xFF,0x7F,0xFF,0x7F,0xFF,0x7F,0xFF,0x7F,0xFF,0x7F,0xFF,0x7F,0xFF,0x7F,0xFF,0x7F,
	0x9C,0x73,0x9C,0x73,0x9C,0x73,0x9C,0x73,0x9C,0x73,0x9C,0x73,0x9C,0x73,0x9C,0x73,
	0x9C,0x73,0x9C,0x73,0x9C,0x73,0x9C,0x73,0x9C,0x73,0x9C,0x73,0x9C,0x73,0x9C,0x73,
	0x9C,0x73,0x9C,0x73,0x9C,0x73,0x9C,0x73,0x9C,0x73,0x9C,0x73,0x9C,0x73,0x9C,0x73,
	0xB5,0x56,0x9C,0x73,0x9C,0x73,0x9C,0x73,0x9C,0x73,0x9C,0x73,0x9C,0x73,0x9C,0x73,

	0x9C,0x73,0x9C,0x73,0x9C,0x73,0x9C,0x73,0x9C,0x73,0x9C,0x73,0x9C,0x73,0x9C,0x73,
	0x9C,0x73,0x9C,0x73,0x9C,0x73,0x9C,0x73,0x9C,0x73,0x9C,0x73,0x9C,0x73,0x9C,0x73,
	0x9C,0x73,0x9C,0x73,0x9C,0x73,0x9C,0x73,0x9C,0x73,0x9C,0x73,0x9C,0x73,0x9C,0x73,
	0x9C,0x73,0x9C,0x73,0x9C,0x73,0x9C,0x73,0x9C,0x73,0x9C,0x73,0x9C,0x73,0x9C,0x73,
	0x9C,0x73,0x9C,0x73,0x9C,0x73,0x9C,0x73,0x9C,0x73,0x9C,0x73,0x9C,0x73,0x9C,0x73,
	0xB5,0x56,0x9C,0x73,0x9C,0x73,0x9C,0x73,0x9C,0x73,0x9C,0x73,0x9C,0x73,0x9C,0x73,
	0x9C,0x73,0x9C,0x73,0x9C,0x73,0x9C,0x73,0x9C,0x73,0x9C,0x73,0x9C,0x73,0x9C,0x73,
	0x9C,0x73,0x9C,0x73,0x9C,0x73,0x9C,0x73,0x9C,0x73,0x9C,0x73,0x9C,0x73,0x9C,0x73,

	0x9C,0x73,0x9C,0x73,0x9C,0x73,0x9C,0x73,0x9C,0x73,0x9C,0x73,0x9C,0x73,0x9C,0x73,
	0x9C,0x73,0x9C,0x73,0x9C,0x73,0x9C,0x73,0x9C,0x73,0x9C,0x73,0x9C,0x73,0x9C,0x73,
	0x9C,0x73,0x9C,0x73,0x9C,0x73,0x9C,0x73,0x9C,0x73,0x9C,0x73,0x9C,0x73,0x9C,0x73,
	0xB5,0x56,0x9C,0x73,0x9C,0x73,0x9C,0x73,0x9C,0x73,0x9C,0x73,0x9C,0x73,0x9C,0x73,
	0x9C,0x73,0x9C,0x73,0x9C,0x73,0x9C,0x73,0x9C,0x73,0x9C,0x73,0x9C,0x73,0x9C,0x73,
	0x9C,0x73,0x9C,0x73,0x9C,0x73,0x9C,0x73,0x9C,0x73,0x9C,0x73,0x9C,0x73,0x9C,0x73,
	0x9C,0x73,0x9C,0x73,0x9C,0x73,0x9C,0x73,0x9C,0x73,0x9C,0x73,0x9C,0x73,0x9C,0x73,
	0x9C,0x73,0x9C,0x73,0x9C,0x73,0x9C,0x73,0x9C,0x73,0x9C,0x73,0x9C,0x73,0x9C,0x73,

	0x9C,0x73,0x9C,0x73,0x9C,0x73,0x9C,0x73,0x9C,0x73,0x9C,0x73,0x9C,0x73,0x9C,0x73,
	0xB5,0x56,0x9C,0x73,0x9C,0x73,0x9C,0x73,0x9C,0x73,0x9C,0x73,0x9C,0x73,0x9C,0x73,
	0x9C,0x73,0x9C,0x73,0x9C,0x73,0x9C,0x73,0x9C,0x73,0x9C,0x73,0x9C,0x73,0x9C,0x73,
	0x9C,0x73,0x9C,0x73,0x9C,0x73,0x9C,0x73,0x9C,0x73,0x9C,0x73,0x9C,0x73,0x9C,0x73,
	0x9C,0x73,0x9C,0x73,0x9C,0x73,0x9C,0x73,0x9C,0x73,0x9C,0x73,0x9C,0x73,0x9C,0x73,
	0x9C,0x73,0x9C,0x73,0x9C,0x73,0x9C,0x73,0x9C,0x73,0x9C,0x73,0x9C,0x73,0x9C,0x73,
	0x9C,0x73,0x9C,0x73,0x9C,0x73,0x9C,0x73,0x9C,0x73,0x9C,0x73,0x9C,0x73,0x9C,0x73,
	0xB5,0x56,0x9C,0x73,0x9C,0x73,0x9C,0x73,0x9C,0x73,0x9C,0x73,0x9C,0x73,0x9C,0x73,

	0x9C,0x73,0x9C,0x73,0x9C,0x73,0x9C,0x73,0x9C,0x73,0x9C,0x73,0x9C,0x73,0x9C,0x73,
	0x9C,0x73,0x9C,0x73,0x9C,0x73,0x9C,0x73,0x9C,0x73,0x9C,0x73,0x9C,0x73,0x9C,0x73,
	0xFF,0x7F,0xFF,0x7F,0xFF,0x7F,0xFF,0x7F,0xFF,0x7F,0xFF,0x7F,0xFF,0x7F,0xFF,0x7F,
	0xFF,0x7F,0xFF,0x7F,0xFF,0x7F,0xFF,0x7F,0xFF,0x7F,0xFF,0x7F,0xFF,0x7F,0xFF,0x7F,
	0xFF,0x7F,0xFF,0x7F,0xFF,0x7F,0xFF,0x7F,0xFF,0x7F,0xFF,0x7F,0xFF,0x7F,0xFF,0x7F,
	0xB5,0x56,0xFF,0x7F,0xFF,0x7F,0xFF,0x7F,0xFF,0x7F,0xFF,0x7F,0xFF,0x7F,0xFF,0x7F,
	0xFF,0x7F,0xFF,0x7F,0xFF,0x7F,0xFF,0x7F,0xFF,0x7F,0xFF,0x7F,0xFF,0x7F,0xFF,0x7F,
	0xFF,0x7F,0xFF,0x7F,0xFF,0x7F,0xFF,0x7F,0xFF,0x7F,0xFF,0x7F,0xFF,0x7F,0xFF,0x7F,

	0xFF,0x7F,0xFF,0x7F,0xFF,0x7F,0xFF,0x7F,0xFF,0x7F,0xFF,0x7F,0xFF,0x7F,0xFF,0x7F,
	0xFF,0x7F,0xFF,0x7F,0xFF,0x7F,0xFF,0x7F,0xFF,0x7F,0xFF,0x7F,0xFF,0x7F,0xFF,0x7F,
	0xFF,0x7F,0xFF,0x7F,0xFF,0x7F,0xFF,0x7F,0xFF,0x7F,0xFF,0x7F,0xFF,0x7F,0xFF,0x7F,
	0xB5,0x56,0xFF,0x7F,0xFF,0x7F,0xFF,0x7F,0xFF,0x7F,0xFF,0x7F,0xFF,0x7F,0xFF,0x7F,
	0xFF,0x7F,0xFF,0x7F,0xFF,0x7F,0xFF,0x7F,0xFF,0x7F,0xFF,0x7F,0xFF,0x7F,0xFF,0x7F,
	0xFF,0x7F,0xFF,0x7F,0xFF,0x7F,0xFF,0x7F,0xFF,0x7F,0xFF,0x7F,0xFF,0x7F,0xFF,0x7F,
	0xFF,0x7F,0xFF,0x7F,0xFF,0x7F,0xFF,0x7F,0xFF,0x7F,0xFF,0x7F,0xFF,0x7F,0xFF,0x7F,
	0xFF,0x7F,0xFF,0x7F,0xFF,0x7F,0xFF,0x7F,0xFF,0x7F,0xFF,0x7F,0xFF,0x7F,0xFF,0x7F,

	0xFF,0x7F,0xFF,0x7F,0xFF,0x7F,0xFF,0x7F,0xFF,0x7F,0xFF,0x7F,0xFF,0x7F,0xFF,0x7F,
	0xB5,0x56,0xFF,0x7F,0xFF,0x7F,0xFF,0x7F,0xFF,0x7F,0xFF,0x7F,0xFF,0x7F,0xFF,0x7F,
	0xFF,0x7F,0xFF,0x7F,0xFF,0x7F,0xFF,0x7F,0xFF,0x7F,0xFF,0x7F,0xFF,0x7F,0xFF,0x7F,
	0xFF,0x7F,0xFF,0x7F,0xFF,0x7F,0xFF,0x7F,0xFF,0x7F,0xFF,0x7F,0xFF,0x7F,0xFF,0x7F,
	0xFF,0x7F,0xFF,0x7F,0xFF,0x7F,0xFF,0x7F,0xFF,0x7F,0xFF,0x7F,0xFF,0x7F,0xFF,0x7F,
	0xFF,0x7F,0xFF,0x7F,0xFF,0x7F,0xFF,0x7F,0xFF,0x7F,0xFF,0x7F,0xFF,0x7F,0xFF,0x7F,
	0xFF,0x7F,0xFF,0x7F,0xFF,0x7F,0xFF,0x7F,0xFF,0x7F,0xFF,0x7F,0xFF,0x7F,0xFF,0x7F,
	0xB5,0x56,0xFF,0x7F,0xFF,0x7F,0xFF,0x7F,0xFF,0x7F,0xFF,0x7F,0xFF,0x7F,0xFF,0x7F,

	0xFF,0x7F,0xFF,0x7F,0xFF,0x7F,0xFF,0x7F,0xFF,0x7F,0xFF,0x7F,0xFF,0x7F,0xFF,0x7F,
	0xFF,0x7F,0xFF,0x7F,0xFF,0x7F,0xFF,0x7F,0xFF,0x7F,0xFF,0x7F,0xFF,0x7F,0xFF,0x7F,
	0xFF,0x7F,0xFF,0x7F,0xFF,0x7F,0xFF,0x7F,0xFF,0x7F,0xFF,0x7F,0xFF,0x7F,0xFF,0x7F,
	0xFF,0x7F,0xFF,0x7F,0xFF,0x7F,0xFF,0x7F,0xFF,0x7F,0xFF,0x7F,0xFF,0x7F,0xFF,0x7F,
	0xFF,0x7F,0xFF,0x7F,0xFF,0x7F,0xFF,0x7F,0xFF,0x7F,0xFF,0x7F,0xFF,0x7F,0xFF,0x7F,
	0xB5,0x56,0xFF,0x7F,0xFF,0x7F,0xFF,0x7F,0xFF,0x7F,0xFF,0x7F,0xFF,0x7F,0xFF,0x7F,
	0xFF,0x7F,0xFF,0x7F,0xFF,0x7F,0xFF,0x7F,0xFF,0x7F,0xFF,0x7F,0xFF,0x7F,0xFF,0x7F,
	0xFF,0x7F,0xFF,0x7F,0xFF,0x7F,0xFF,0x7F,0xFF,0x7F,0xFF,0x7F,0xFF,0x7F,0xFF,0x7F,

	0x9C,0x73,0x9C,0x73,0x9C,0x73,0x9C,0x73,0x9C,0x73,0x9C,0x73,0x9C,0x73,0x9C,0x73,
	0x9C,0x73,0x9C,0x73,0x9C,0x73,0x9C,0x73,0x9C,0x73,0x9C,0x73,0x9C,0x73,0x9C,0x73,
	0x9C,0x73,0x9C,0x73,0x9C,0x73,0x9C,0x73,0x9C,0x73,0x9C,0x73,0x9C,0x73,0x9C,0x73,
	0xB5,0x56,0x9C,0x73,0x9C,0x73,0x9C,0x73,0x9C,0x73,0x9C,0x73,0x9C,0x73,0x9C,0x73,
	0x9C,0x73,0x9C,0x73,0x9C,0x73,0x9C,0x73,0x9C,0x73,0x9C,0x73,0x9C,0x73,0x9C,0x73,
	0x9C,0x73,0x9C,0x73,0x9C,0x73,0x9C,0x73,0x9C,0x73,0x9C,0x73,0x9C,0x73,0x9C,0x73,
	0x9C,0x73,0x9C,0x73,0x9C,0x73,0x9C,0x73,0x9C,0x73,0x9C,0x73,0x9C,0x73,0x9C,0x73,
	0x9C,0x73,0x9C,0x73,0x9C,0x73,0x9C,0x73,0x9C,0x73,0x9C,0x73,0x9C,0x73,0x9C,0x73,

	0x9C,0x73,0x9C,0x73,0x9C,0x73,0x9C,0x73,0x9C,0x73,0x9C,0x73,0x9C,0x73,0x9C,0x73,
	0xB5,0x56,0x9C,0x73,0x9C,0x73,0x9C,0x73,0x9C,0x73,0x9C,0x73,0x9C,0x73,0x9C,0x73,
	0x9C,0x73,0x9C,0x73,0x9C,0x73,0x9C,0x73,0x9C,0x73,0x9C,0x73,0x9C,0x73,0x9C,0x73,
	0x9C,0x73,0x9C,0x73,0x9C,0x73,0x9C,0x73,0x9C,0x73,0x9C,0x73,0x9C,0x73,0x9C,0x73,
	0x9C,0x73,0x9C,0x73,0x9C,0x73,0x9C,0x73,0x9C,0x73,0x9C,0x73,0x9C,0x73,0x9C,0x73,
	0x9C,0x73,0x9C,0x73,0x9C,0x73,0x9C,0x73,0x9C,0x73,0x9C,0x73,0x9C,0x73,0x9C,0x73,
	0x9C,0x73,0x9C,0x73,0x9C,0x73,0x9C,0x73,0x9C,0x73,0x9C,0x73,0x9C,0x73,0x9C,0x73,
	0xB5,0x56,0x9C,0x73,0x9C,0x73,0x9C,0x73,0x9C,0x73,0x9C,0x73,0x9C,0x73,0x9C,0x73,

	0x9C,0x73,0x9C,0x73,0x9C,0x73,0x9C,0x73,0x9C,0x73,0x9C,0x73,0x9C,0x73,0x9C,0x73,
	0x9C,0x73,0x9C,0x73,0x9C,0x73,0x9C,0x73,0x9C,0x73,0x9C,0x73,0x9C,0x73,0x9C,0x73,
	0x9C,0x73,0x9C,0x73,0x9C,0x73,0x9C,0x73,0x9C,0x73,0x9C,0x73,0x9C,0x73,0x9C,0x73,
	0x9C,0x73,0x9C,0x73,0x9C,0x73,0x9C,0x73,0x9C,0x73,0x9C,0x73,0x9C,0x73,0x9C,0x73,
	0x9C,0x73,0x9C,0x73,0x9C,0x73,0x9C,0x73,0x9C,0x73,0x9C,0x73,0x9C,0x73,0x9C,0x73,
	0xB5,0x56,0x9C,0x73,0x9C,0x73,0x9C,0x73,0x9C,0x73,0x9C,0x73,0x9C,0x73,0x9C,0x73,
	0x9C,0x73,0x9C,0x73,0x9C,0x73,0x9C,0x73,0x9C,0x73,0x9C,0x73,0x9C,0x73,0x9C,0x73,
	0x9C,0x73,0x9C,0x73,0x9C,0x73,0x9C,0x73,0x9C,0x73,0x9C,0x73,0x9C,0x73,0x9C,0x73,

	0x9C,0x73,0x9C,0x73,0x9C,0x73,0x9C,0x73,0x9C,0x73,0x9C,0x73,0x9C,0x73,0x9C,0x73,
	0x9C,0x73,0x9C,0x73,0x9C,0x73,0x9C,0x73,0x9C,0x73,0x9C,0x73,0x9C,0x73,0x9C,0x73,
	0x9C,0x73,0x9C,0x73,0x9C,0x73,0x9C,0x73,0x9C,0x73,0x9C,0x73,0x9C,0x73,0x9C,0x73,
	0xB5,0x56,0x9C,0x73,0x9C,0x73,0x9C,0x73,0x9C,0x73,0x9C,0x73,0x9C,0x73,0x9C,0x73,
	0x9C,0x73,0x9C,0x73,0x9C,0x73,0x9C,0x73,0x9C,0x73,0x9C,0x73,0x9C,0x73,0x9C,0x73,
	0x9C,0x73,0x9C,0x73,0x9C,0x73,0x9C,0x73,0x9C,0x73,0x9C,0x73,0x9C,0x73,0x9C,0x73,
	0xFF,0x7F,0xFF,0x7F,0xFF,0x7F,0xFF,0x7F,0xFF,0x7F,0xFF,0x7F,0xFF,0x7F,0xFF,0x7F,
	0xFF,0x7F,0xFF,0x7F,0xFF,0x7F,0xFF,0x7F,0xFF,0x7F,0xFF,0x7F,0xFF,0x7F,0xFF,0x7F,

	0xFF,0x7F,0xFF,0x7F,0xFF,0x7F,0xFF,0x7F,0xFF,0x7F,0xFF,0x7F,0xFF,0x7F,0xFF,0x7F,
	0xB5,0x56,0xFF,0x7F,0xFF,0x7F,0xFF,0x7F,0xFF,0x7F,0xFF,0x7F,0xFF,0x7F,0xFF,0x7F,
	0xFF,0x7F,0xFF,0x7F,0xFF,0x7F,0xFF,0x7F,0xFF,0x7F,0xFF,0x7F,0xFF,0x7F,0xFF,0x7F,
	0xFF,0x7F,0xFF,0x7F,0xFF,0x7F,0xFF,0x7F,0xFF,0x7F,0xFF,0x7F,0xFF,0x7F,0xFF,0x7F,
	0xFF,0x7F,0xFF,0x7F,0xFF,0x7F,0xFF,0x7F,0xFF,0x7F,0xFF,0x7F,0xFF,0x7F,0xFF,0x7F,
	0xFF,0x7F,0xFF,0x7F,0xFF,0x7F,0xFF,0x7F,0xFF,0x7F,0xFF,0x7F,0xFF,0x7F,0xFF,0x7F,
	0xFF,0x7F,0xFF,0x7F,0xFF,0x7F,0xFF,0x7F,0xFF,0x7F,0xFF,0x7F,0xFF,0x7F,0xFF,0x7F,
	0xB5,0x56,0xFF,0x7F,0xFF,0x7F,0xFF,0x7F,0xFF,0x7F,0xFF,0x7F,0xFF,0x7F,0xFF,0x7F,

	0xFF,0x7F,0xFF,0x7F,0xFF,0x7F,0xFF,0x7F,0xFF,0x7F,0xFF,0x7F,0xFF,0x7F,0xFF,0x7F,
	0xFF,0x7F,0xFF,0x7F,0xFF,0x7F,0xFF,0x7F,0xFF,0x7F,0xFF,0x7F,0xFF,0x7F,0xFF,0x7F,
	0xFF,0x7F,0xFF,0x7F,0xFF,0x7F,0xFF,0x7F,0xFF,0x7F,0xFF,0x7F,0xFF,0x7F,0xFF,0x7F,
	0xFF,0x7F,0xFF,0x7F,0xFF,0x7F,0xFF,0x7F,0xFF,0x7F,0xFF,0x7F,0xFF,0x7F,0xFF,0x7F,
	0xFF,0x7F,0xFF,0x7F,0xFF,0x7F,0xFF,0x7F,0xFF,0x7F,0xFF,0x7F,0xFF,0x7F,0xFF,0x7F,
	0xB5,0x56,0xFF,0x7F,0xFF,0x7F,0xFF,0x7F,0xFF,0x7F,0xFF,0x7F,0xFF,0x7F,0xFF,0x7F,
	0xFF,0x7F,0xFF,0x7F,0xFF,0x7F,0xFF,0x7F,0xFF,0x7F,0xFF,0x7F,0xFF,0x7F,0xFF,0x7F,
	0xFF,0x7F,0xFF,0x7F,0xFF,0x7F,0xFF,0x7F,0xFF,0x7F,0xFF,0x7F,0xFF,0x7F,0xFF,0x7F,

	0xFF,0x7F,0xFF,0x7F,0xFF,0x7F,0xFF,0x7F,0xFF,0x7F,0xFF,0x7F,0xFF,0x7F,0xFF,0x7F,
	0xFF,0x7F,0xFF,0x7F,0xFF,0x7F,0xFF,0x7F,0xFF,0x7F,0xFF,0x7F,0xFF,0x7F,0xFF,0x7F,
	0xFF,0x7F,0xFF,0x7F,0xFF,0x7F,0xFF,0x7F,0xFF,0x7F,0xFF,0x7F,0xFF,0x7F,0xFF,0x7F,
	0xB5,0x56,0xFF,0x7F,0xFF,0x7F,0xFF,0x7F,0xFF,0x7F,0xFF,0x7F,0xFF,0x7F,0xFF,0x7F,
	0xFF,0x7F,0xFF,0x7F,0xFF,0x7F,0xFF,0x7F,0xFF,0x7F,0xFF,0x7F,0xFF,0x7F,0xFF,0x7F,
	0xFF,0x7F,0xFF,0x7F,0xFF,0x7F,0xFF,0x7F,0xFF,0x7F,0xFF,0x7F,0xFF,0x7F,0xFF,0x7F,
	0xFF,0x7F,0xFF,0x7F,0xFF,0x7F,0xFF,0x7F,0xFF,0x7F,0xFF,0x7F,0xFF,0x7F,0xFF,0x7F,
	0xFF,0x7F,0xFF,0x7F,0xFF,0x7F,0xFF,0x7F,0xFF,0x7F,0xFF,0x7F,0xFF,0x7F,0xFF,0x7F,

	0xFF,0x7F,0xFF,0x7F,0xFF,0x7F,0xFF,0x7F,0xFF,0x7F,0xFF,0x7F,0xFF,0x7F,0xFF,0x7F,
	0xB5,0x56,0xFF,0x7F,0xFF,0x7F,0xFF,0x7F,0xFF,0x7F,0xFF,0x7F,0xFF,0x7F,0xFF,0x7F,
	0xFF,0x7F,0xFF,0x7F,0xFF,0x7F,0xFF,0x7F,0xFF,0x7F,0xFF,0x7F,0xFF,0x7F,0xFF,0x7F,
	0xFF,0x7F,0xFF,0x7F,0xFF,0x7F,0xFF,0x7F,0xFF,0x7F,0xFF,0x7F,0xFF,0x7F,0xFF,0x7F,
	0x9C,0x73,0x9C,0x73,0x9C,0x73,0x9C,0x73,0x9C,0x73,0x9C,0x73,0x9C,0x73,0x9C,0x73,
	0x9C,0x73,0x9C,0x73,0x9C,0x73,0x9C,0x73,0x9C,0x73,0x9C,0x73,0x9C,0x73,0x9C,0x73,
	0x9C,0x73,0x9C,0x73,0x9C,0x73,0x9C,0x73,0x9C,0x73,0x9C,0x73,0x9C,0x73,0x9C,0x73,
	0xB5,0x56,0x9C,0x73,0x9C,0x73,0x9C,0x73,0x9C,0x73,0x9C,0x73,0x9C,0x73,0x9C,0x73,

	0x00,0x00,0x00,0x00,0x00,0x00,0x00,0x00,0x00,0x00,0x00,0x00,0x00,0x00,0x00,0x00,
	0x00,0x00,0x00,0x00,0x00,0x00,0x00,0x00,0x00,0x00,0x00,0x00,0x00,0x00,0x00,0x00,
	0x00,0x00,0x00,0x00,0x00,0x00,0x00,0x00,0x00,0x00,0x00,0x00,0x00,0x00,0x00,0x00,
	0x00,0x00,0x00,0x00,0x00,0x00,0x00,0x00,0x00,0x00,0x00,0x00,0x00,0x00,0x00,0x00,
	0x00,0x00,0x00,0x00,0x00,0x00,0x00,0x00,0x00,0x00,0x00,0x00,0x00,0x00,0x00,0x00,
	0x00,0x00,0x00,0x00,0x00,0x00,0x00,0x00,0x00,0x00,0x00,0x00,0x00,0x00,0x00,0x00,
	0x00,0x00,0x00,0x00,0x00,0x00,0x00,0x00,0x00,0x00,0x00,0x00,0x00,0x00,0x00,0x00,
	0x00,0x00,0x00,0x00,0x00,0x00,0x00,0x00,0x00,0x00,0x00,0x00,0x00,0x00,0x00,0x00,

	0x00,0x00,0x00,0x00,0x00,0x00,0x00,0x00,0x00,0x00,0x00,0x00,0x00,0x00,0x00,0x00,
	0x00,0x00,0x00,0x00,0x00,0x00,0x00,0x00,0x00,0x00,0x00,0x00,0x00,0x00,0x00,0x00,
	0x00,0x00,0x00,0x00,0x9C,0x73,0x9C,0x73,0x9C,0x73,0x9C,0x73,0x9C,0x73,0x9C,0x73,
	0xB5,0x56,0x9C,0x73,0x9C,0x73,0x9C,0x73,0x9C,0x73,0x9C,0x73,0x9C,0x73,0x00,0x00,
	0x00,0x00,0x00,0x00,0x00,0x00,0x00,0x00,0x00,0x00,0x00,0x00,0x00,0x00,0x00,0x00,
	0x00,0x00,0x00,0x00,0x00,0x00,0x00,0x00,0x00,0x00,0x00,0x00,0x00,0x00,0x00,0x00,
	0x00,0x00,0x00,0x00,0x00,0x00,0x00,0x00,0x00,0x00,0x00,0x00,0x00,0x00,0x00,0x00,
	0x00,0x00,0x00,0x00,0x00,0x00,0x00,0x00,0x00,0x00,0x00,0x00,0x00,0x00,0x00,0x00,

	0x00,0x00,0x00,0x00,0x00,0x00,0x00,0x00,0x00,0x00,0x00,0x00,0x00,0x00,0x00,0x00,
	0x00,0x00,0x00,0x00,0x00,0x00,0x00,0x00,0x00,0x00,0x00,0x00,0x00,0x00,0x00,0x00,
	0x00,0x00,0x00,0x00,0x00,0x00,0x00,0x00,0x00,0x00,0x00,0x00,0x00,0x00,0x00,0x00,
	0x00,0x00,0x00,0x00,0x00,0x00,0x00,0x00,0x00,0x00,0x00,0x00,0x00,0x00,0x00,0x00,
	0x00,0x00,0x00,0x00,0x00,0x00,0x00,0x00,0x00,0x00,0x00,0x00,0x00,0x00,0x00,0x00,
	0x00,0x00,0x00,0x00,0x00,0x00,0x00,0x00,0x00,0x00,0x00,0x00,0x00,0x00,0x00,0x00,
	0x00,0x00,0x9C,0x73,0x9C,0x73,0x9C,0x73,0x9C,0x73,0x9C,0x73,0x9C,0x73,0x9C,0x73,
	0xB5,0x56,0x9C,0x73,0x9C,0x73,0x9C,0x73,0x9C,0x73,0x9C,0x73,0x9C,0x73,0x9C,0x73,

	0x9C,0x73,0x9C,0x73,0x9C,0x73,0x9C,0x73,0x9C,0x73,0x9C,0x73,0x9C,0x73,0x9C,0x73,
	0x9C,0x73,0x9C,0x73,0x9C,0x73,0x9C,0x73,0x9C,0x73,0x9C,0x73,0x9C,0x73,0x9C,0x73,
	0xFF,0x7F,0xFF,0x7F,0xFF,0x7F,0xFF,0x7F,0xFF,0x7F,0xFF,0x7F,0xFF,0x7F,0xFF,0x7F,
	0xFF,0x7F,0xFF,0x7F,0xFF,0x7F,0xFF,0x7F,0xFF,0x7F,0xFF,0x7F,0xFF,0x7F,0xFF,0x7F,
	0xFF,0x7F,0xFF,0x7F,0xFF,0x7F,0xFF,0x7F,0xFF,0x7F,0xFF,0x7F,0xFF,0x7F,0xFF,0x7F,
	0xB5,0x56,0xFF,0x7F,0xFF,0x7F,0xFF,0x7F,0xFF,0x7F,0xFF,0x7F,0xFF,0x7F,0xFF,0x7F,
	0x00,0x00,0xFF,0x7F,0xFF,0x7F,0xFF,0x7F,0xFF,0x7F,0xFF,0x7F,0xFF,0x7F,0xFF,0x7F,
	0xFF,0x7F,0xFF,0x7F,0xFF,0x7F,0xFF,0x7F,0xFF,0x7F,0xFF,0x7F,0xFF,0x7F,0xFF,0x7F,

	0xFF,0x7F,0xFF,0x7F,0xFF,0x7F,0xFF,0x7F,0xFF,0x7F,0xFF,0x7F,0xFF,0x7F,0xFF,0x7F,
	0xFF,0x7F,0xFF,0x7F,0xFF,0x7F,0xFF,0x7F,0xFF,0x7F,0xFF,0x7F,0xFF,0x7F,0xFF,0x7F,
	0xFF,0x7F,0xFF,0x7F,0xFF,0x7F,0xFF,0x7F,0xFF,0x7F,0xFF,0x7F,0xFF,0x7F,0xFF,0x7F,
	0xFF,0x7F,0xFF,0x7F,0xFF,0x7F,0xFF,0x7F,0xFF,0x7F,0xFF,0x7F,0xFF,0x7F,0xFF,0x7F,
	0xFF,0x7F,0xFF,0x7F,0xFF,0x7F,0xFF,0x7F,0xFF,0x7F,0xFF,0x7F,0xFF,0x7F,0xFF,0x7F,
	0xFF,0x7F,0xFF,0x7F,0xFF,0x7F,0xFF,0x7F,0xFF,0x7F,0xFF,0x7F,0xFF,0x7F,0xFF,0x7F,
	0xFF,0x7F,0xFF,0x7F,0xFF,0x7F,0xFF,0x7F,0xFF,0x7F,0xFF,0x7F,0xFF,0x7F,0xFF,0x7F,
	0xFF,0x7F,0xFF,0x7F,0xFF,0x7F,0xFF,0x7F,0xFF,0x7F,0xFF,0x7F,0xFF,0x7F,0xFF,0x7F,

	0xFF,0x7F,0x00,0x00,0xFF,0x7F,0xFF,0x7F,0xFF,0x7F,0xFF,0x7F,0xFF,0x7F,0xFF,0x7F,
	0xB5,0x56,0xFF,0x7F,0xFF,0x7F,0xFF,0x7F,0xFF,0x7F,0xFF,0x7F,0xFF,0x7F,0x00,0x00,
	0xFF,0x7F,0xFF,0x7F,0xFF,0x7F,0xFF,0x7F,0xFF,0x7F,0xFF,0x7F,0xFF,0x7F,0xFF,0x7F,
	0xFF,0x7F,0xFF,0x7F,0xFF,0x7F,0xFF,0x7F,0xFF,0x7F,0xFF,0x7F,0xFF,0x7F,0xFF,0x7F,
	0xFF,0x7F,0xFF,0x7F,0xFF,0x7F,0xFF,0x7F,0xFF,0x7F,0xFF,0x7F,0xFF,0x7F,0xFF,0x7F,
	0xFF,0x7F,0xFF,0x7F,0xFF,0x7F,0xFF,0x7F,0xFF,0x7F,0xFF,0x7F,0xFF,0x7F,0xFF,0x7F,
	0xFF,0x7F,0xFF,0x7F,0xFF,0x7F,0xFF,0x7F,0xFF,0x7F,0xFF,0x7F,0xFF,0x7F,0xFF,0x7F,
	0xFF,0x7F,0xFF,0x7F,0xFF,0x7F,0xFF,0x7F,0xFF,0x7F,0xFF,0x7F,0xFF,0x7F,0xFF,0x7F,

	0xFF,0x7F,0xFF,0x7F,0xFF,0x7F,0xFF,0x7F,0xFF,0x7F,0xFF,0x7F,0xFF,0x7F,0xFF,0x7F,
	0xFF,0x7F,0xFF,0x7F,0xFF,0x7F,0xFF,0x7F,0xFF,0x7F,0xFF,0x7F,0xFF,0x7F,0xFF,0x7F,
	0xFF,0x7F,0xFF,0x7F,0xFF,0x7F,0xFF,0x7F,0xFF,0x7F,0xFF,0x7F,0xFF,0x7F,0xFF,0x7F,
	0xFF,0x7F,0xFF,0x7F,0xFF,0x7F,0xFF,0x7F,0xFF,0x7F,0xFF,0x7F,0xFF,0x7F,0xFF,0x7F,
	0x00,0x00,0xFF,0x7F,0xFF,0x7F,0xFF,0x7F,0xFF,0x7F,0xFF,0x7F,0xFF,0x7F,0xFF,0x7F,
	0xB5,0x56,0xFF,0x7F,0xFF,0x7F,0xFF,0x7F,0xFF,0x7F,0xFF,0x7F,0xFF,0x7F,0xFF,0x7F,
	0xFF,0x7F,0xFF,0x7F,0xFF,0x7F,0xFF,0x7F,0xFF,0x7F,0xFF,0x7F,0xFF,0x7F,0xFF,0x7F,
	0xFF,0x7F,0xFF,0x7F,0xFF,0x7F,0xFF,0x7F,0xFF,0x7F,0xFF,0x7F,0xFF,0x7F,0xFF,0x7F,

	0x9C,0x73,0x9C,0x73,0x9C,0x73,0x9C,0x73,0x9C,0x73,0x9C,0x73,0x9C,0x73,0x9C,0x73,
	0x9C,0x73,0x9C,0x73,0x9C,0x73,0x9C,0x73,0x9C,0x73,0x9C,0x73,0x9C,0x73,0x9C,0x73,
	0x9C,0x73,0x9C,0x73,0x9C,0x73,0x9C,0x73,0x9C,0x73,0x9C,0x73,0x9C,0x73,0x9C,0x73,
	0xB5,0x56,0x9C,0x73,0x9C,0x73,0x9C,0x73,0x9C,0x73,0x9C,0x73,0x9C,0x73,0x9C,0x73,
	0x00,0x00,0xFF,0x7F,0xEF,0x3D,0x94,0x52,0x94,0x52,0x94,0x52,0x94,0x52,0x94,0x52,
	0x94,0x52,0x94,0x52,0x94,0x52,0x94,0x52,0x94,0x52,0x94,0x52,0x94,0x52,0x94,0x52,
	0x94,0x52,0x94,0x52,0x94,0x52,0x94,0x52,0x94,0x52,0x94,0x52,0x94,0x52,0x94,0x52,
	0x94,0x52,0x94,0x52,0x94,0x52,0x94,0x52,0x94,0x52,0x94,0x52,0x94,0x52,0x94,0x52,

	0x94,0x52,0x94,0x52,0x94,0x52,0x94,0x52,0x94,0x52,0x94,0x52,0x94,0x52,0x94,0x52,
	0x94,0x52,0x94,0x52,0x94,0x52,0x94,0x52,0x94,0x52,0x94,0x52,0x94,0x52,0x94,0x52,
	0x94,0x52,0x94,0x52,0x94,0x52,0x94,0x52,0x94,0x52,0x94,0x52,0x94,0x52,0x94,0x52,
	0x94,0x52,0x94,0x52,0x94,0x52,0x94,0x52,0x94,0x52,0x94,0x52,0x94,0x52,0x94,0x52,
	0x94,0x52,0x94,0x52,0x94,0x52,0x94,0x52,0x94,0x52,0x94,0x52,0x94,0x52,0x94,0x52,
	0x94,0x52,0x94,0x52,0x94,0x52,0x94,0x52,0x94,0x52,0x94,0x52,0x94,0x52,0x94,0x52,
	0xFF,0x7F,0x00,0x00,0x9C,0x73,0x9C,0x73,0x9C,0x73,0x9C,0x73,0x9C,0x73,0x9C,0x73,
	0xB5,0x56,0x9C,0x73,0x9C,0x73,0x9C,0x73,0x9C,0x73,0x9C,0x73,0x9C,0x73,0x00,0x00,

	0xFF,0x7F,0xEF,0x3D,0x94,0x52,0x94,0x52,0x94,0x52,0x94,0x52,0x94,0x52,0x94,0x52,
	0x94,0x52,0x94,0x52,0x94,0x52,0x94,0x52,0x94,0x52,0x94,0x52,0x94,0x52,0x94,0x52,
	0x94,0x52,0x94,0x52,0x94,0x52,0x94,0x52,0x94,0x52,0x94,0x52,0x94,0x52,0x94,0x52,
	0x94,0x52,0x94,0x52,0x94,0x52,0x94,0x52,0x94,0x52,0x94,0x52,0x94,0x52,0x94,0x52,
	0x94,0x52,0x94,0x52,0x94,0x52,0x94,0x52,0x94,0x52,0x94,0x52,0x94,0x52,0x94,0x52,
	0x94,0x52,0x94,0x52,0x94,0x52,0x94,0x52,0x94,0x52,0x94,0x52,0x94,0x52,0x94,0x52,
	0x94,0x52,0x94,0x52,0x94,0x52,0x94,0x52,0x94,0x52,0x94,0x52,0x94,0x52,0x94,0x52,
	0x94,0x52,0x94,0x52,0x94,0x52,0x94,0x52,0x94,0x52,0x94,0x52,0x94,0x52,0x94,0x52,

	0x94,0x52,0x94,0x52,0x94,0x52,0x94,0x52,0x94,0x52,0x94,0x52,0x94,0x52,0x94,0x52,
	0x94,0x52,0x94,0x52,0x94,0x52,0x94,0x52,0x94,0x52,0x94,0x52,0x94,0x52,0xFF,0x7F,
	0x00,0x00,0x9C,0x73,0x9C,0x73,0x9C,0x73,0x9C,0x73,0x9C,0x73,0x9C,0x73,0x9C,0x73,
	0xB5,0x56,0x9C,0x73,0x9C,0x73,0x9C,0x73,0x9C,0x73,0x9C,0x73,0x9C,0x73,0x9C,0x73,
	0x9C,0x73,0x9C,0x73,0x9C,0x73,0x9C,0x73,0x9C,0x73,0x9C,0x73,0x9C,0x73,0x9C,0x73,
	0x9C,0x73,0x9C,0x73,0x9C,0x73,0x9C,0x73,0x9C,0x73,0x9C,0x73,0x9C,0x73,0x9C,0x73,
	0xFF,0x7F,0xFF,0x7F,0xFF,0x7F,0xFF,0x7F,0xFF,0x7F,0xFF,0x7F,0xFF,0x7F,0xFF,0x7F,
	0xFF,0x7F,0xFF,0x7F,0xFF,0x7F,0xFF,0x7F,0xFF,0x7F,0xFF,0x7F,0xFF,0x7F,0xFF,0x7F,

	0xFF,0x7F,0xFF,0x7F,0xFF,0x7F,0xFF,0x7F,0xFF,0x7F,0xFF,0x7F,0xFF,0x7F,0xFF,0x7F,
	0xB5,0x56,0xFF,0x7F,0xFF,0x7F,0xFF,0x7F,0xFF,0x7F,0xFF,0x7F,0xFF,0x7F,0xFF,0x7F,
	0x00,0x00,0xFF,0x7F,0xEF,0x3D,0x9C,0x73,0x9C,0x73,0x9C,0x73,0x9C,0x73,0x9C,0x73,
	0x9C,0x73,0x9C,0x73,0x9C,0x73,0x9C,0x73,0x9C,0x73,0x9C,0x73,0x9C,0x73,0x9C,0x73,
	0x9C,0x73,0x9C,0x73,0x9C,0x73,0x9C,0x73,0x9C,0x73,0x9C,0x73,0x9C,0x73,0x9C,0x73,
	0x9C,0x73,0x9C,0x73,0x9C,0x73,0x9C,0x73,0x9C,0x73,0x9C,0x73,0x9C,0x73,0x9C,0x73,
	0x9C,0x73,0x9C,0x73,0x9C,0x73,0x9C,0x73,0x9C,0x73,0x9C,0x73,0x9C,0x73,0x9C,0x73,
	0x9C,0x73,0x9C,0x73,0x9C,0x73,0x9C,0x73,0x9C,0x73,0x9C,0x73,0x9C,0x73,0x9C,0x73,

	0x9C,0x73,0x9C,0x73,0x9C,0x73,0x9C,0x73,0x9C,0x73,0x9C,0x73,0x9C,0x73,0x9C,0x73,
	0x9C,0x73,0x9C,0x73,0x9C,0x73,0x9C,0x73,0x9C,0x73,0x9C,0x73,0x9C,0x73,0x9C,0x73,
	0x9C,0x73,0x9C,0x73,0x9C,0x73,0x9C,0x73,0x9C,0x73,0x9C,0x73,0x9C,0x73,0x9C,0x73,
	0x9C,0x73,0x9C,0x73,0x9C,0x73,0x9C,0x73,0x9C,0x73,0x9C,0x73,0x9C,0x73,0x94,0x52,
	0xFF,0x7F,0x00,0x00,0xFF,0x7F,0xFF,0x7F,0xFF,0x7F,0xFF,0x7F,0xFF,0x7F,0xFF,0x7F,
	0xB5,0x56,0xFF,0x7F,0xFF,0x7F,0xFF,0x7F,0xFF,0x7F,0xFF,0x7F,0xFF,0x7F,0x00,0x00,
	0xFF,0x7F,0xEF,0x3D,0x9C,0x73,0x9C,0x73,0x9C,0x73,0x9C,0x73,0x9C,0x73,0x9C,0x73,
	0x9C,0x73,0x9C,0x73,0x9C,0x73,0x9C,0x73,0x9C,0x73,0x9C,0x73,0x9C,0x73,0x9C,0x73,

	0x9C,0x73,0x9C,0x73,0x9C,0x73,0x9C,0x73,0x9C,0x73,0x9C,0x73,0x9C,0x73,0x9C,0x73,
	0x9C,0x73,0x9C,0x73,0x9C,0x73,0x9C,0x73,0x9C,0x73,0x9C,0x73,0x9C,0x73,0x9C,0x73,
	0x9C,0x73,0x9C,0x73,0x9C,0x73,0x9C,0x73,0x9C,0x73,0x9C,0x73,0x9C,0x73,0x9C,0x73,
	0x9C,0x73,0x9C,0x73,0x9C,0x73,0x9C,0x73,0x9C,0x73,0x9C,0x73,0x9C,0x73,0x9C,0x73,
	0x9C,0x73,0x9C,0x73,0x9C,0x73,0x9C,0x73,0x9C,0x73,0x9C,0x73,0x9C,0x73,0x9C,0x73,
	0x9C,0x73,0x9C,0x73,0x9C,0x73,0x9C,0x73,0x9C,0x73,0x9C,0x73,0x9C,0x73,0x9C,0x73,
	0x9C,0x73,0x9C,0x73,0x9C,0x73,0x9C,0x73,0x9C,0x73,0x9C,0x73,0x9C,0x73,0x9C,0x73,
	0x9C,0x73,0x9C,0x73,0x9C,0x73,0x9C,0x73,0x9C,0x73,0x9C,0x73,0x94,0x52,0xFF,0x7F,

	0x00,0x00,0xFF,0x7F,0xFF,0x7F,0xFF,0x7F,0xFF,0x7F,0xFF,0x7F,0xFF,0x7F,0xFF,0x7F,
	0xB5,0x56,0xFF,0x7F,0xFF,0x7F,0xFF,0x7F,0xFF,0x7F,0xFF,0x7F,0xFF,0x7F,0xFF,0x7F,
	0xFF,0x7F,0xFF,0x7F,0xFF,0x7F,0xFF,0x7F,0xFF,0x7F,0xFF,0x7F,0xFF,0x7F,0xFF,0x7F,
	0xFF,0x7F,0xFF,0x7F,0xFF,0x7F,0xFF,0x7F,0xFF,0x7F,0xFF,0x7F,0xFF,0x7F,0xFF,0x7F,
	0x9C,0x73,0x9C,0x73,0x9C,0x73,0x9C,0x73,0x9C,0x73,0x9C,0x73,0x9C,0x73,0x9C,0x73,
	0x9C,0x73,0x9C,0x73,0x9C,0x73,0x9C,0x73,0x9C,0x73,0x9C,0x73,0x9C,0x73,0x9C,0x73,
	0x9C,0x73,0x9C,0x73,0x9C,0x73,0x9C,0x73,0x9C,0x73,0x9C,0x73,0x9C,0x73,0x9C,0x73,
	0xB5,0x56,0x9C,0x73,0x9C,0x73,0x9C,0x73,0x9C,0x73,0x9C,0x73,0x9C,0x73,0x9C,0x73,

	0x00,0x00,0xFF,0x7F,0xEF,0x3D,0xFF,0x7F,0xFF,0x7F,0xFF,0x7F,0xFF,0x7F,0xFF,0x7F,
	0xFF,0x7F,0xFF,0x7F,0xFF,0x7F,0xFF,0x7F,0xFF,0x7F,0xFF,0x7F,0xFF,0x7F,0xFF,0x7F,
	0xFF,0x7F,0xFF,0x7F,0xFF,0x7F,0xFF,0x7F,0xFF,0x7F,0xFF,0x7F,0xFF,0x7F,0xFF,0x7F,
	0xFF,0x7F,0xFF,0x7F,0xFF,0x7F,0xFF,0x7F,0xFF,0x7F,0xFF,0x7F,0xFF,0x7F,0xFF,0x7F,
	0xFF,0x7F,0xFF,0x7F,0xFF,0x7F,0xFF,0x7F,0xFF,0x7F,0xFF,0x7F,0xFF,0x7F,0xFF,0x7F,
	0xFF,0x7F,0xFF,0x7F,0xFF,0x7F,0xFF,0x7F,0xFF,0x7F,0xFF,0x7F,0xFF,0x7F,0xFF,0x7F,
	0xFF,0x7F,0xFF,0x7F,0xFF,0x7F,0xFF,0x7F,0xFF,0x7F,0xFF,0x7F,0xFF,0x7F,0xFF,0x7F,
	0xFF,0x7F,0x00,0x00,0xFF,0x7F,0xFF,0x7F,0xFF,0x7F,0xFF,0x7F,0xFF,0x7F,0xFF,0x7F,

	0xFF,0x7F,0xFF,0x7F,0xFF,0x7F,0xFF,0x7F,0xFF,0x7F,0xFF,0x7F,0xFF,0x7F,0xFF,0x7F,
	0xFF,0x7F,0xFF,0x7F,0xFF,0x7F,0xFF,0x7F,0xFF,0x7F,0xFF,0x7F,0xFF,0x7F,0x94,0x52,
	0xFF,0x7F,0x00,0x00,0x9C,0x73,0x9C,0x73,0x9C,0x73,0x9C,0x73,0x9C,0x73,0x9C,0x73,
	0xB5,0x56,0x9C,0x73,0x9C,0x73,0x9C,0x73,0x9C,0x73,0x9C,0x73,0x9C,0x73,0x00,0x00,
	0xFF,0x7F,0xEF,0x3D,0xFF,0x7F,0xFF,0x7F,0xFF,0x7F,0xFF,0x7F,0xFF,0x7F,0xFF,0x7F,
	0xFF,0x7F,0xFF,0x7F,0xFF,0x7F,0xFF,0x7F,0xFF,0x7F,0xFF,0x7F,0xFF,0x7F,0xFF,0x7F,
	0xFF,0x7F,0xFF,0x7F,0xFF,0x7F,0xFF,0x7F,0xFF,0x7F,0xFF,0x7F,0xFF,0x7F,0xFF,0x7F,
	0xFF,0x7F,0xFF,0x7F,0xFF,0x7F,0xFF,0x7F,0xFF,0x7F,0xFF,0x7F,0xFF,0x7F,0xFF,0x7F,

	0xFF,0x7F,0xFF,0x7F,0xFF,0x7F,0xFF,0x7F,0xFF,0x7F,0xFF,0x7F,0xFF,0x7F,0xFF,0x7F,
	0xFF,0x7F,0xFF,0x7F,0x00,0x00,0xFF,0x7F,0xFF,0x7F,0xFF,0x7F,0xFF,0x7F,0xFF,0x7F,
	0xFF,0x7F,0xFF,0x7F,0xFF,0x7F,0xFF,0x7F,0xFF,0x7F,0xFF,0x7F,0xFF,0x7F,0xFF,0x7F,
	0xFF,0x7F,0x00,0x00,0xFF,0x7F,0xFF,0x7F,0xFF,0x7F,0xFF,0x7F,0xFF,0x7F,0xFF,0x7F,
	0xFF,0x7F,0xFF,0x7F,0xFF,0x7F,0xFF,0x7F,0xFF,0x7F,0xFF,0x7F,0xFF,0x7F,0xFF,0x7F,
	0xFF,0x7F,0xFF,0x7F,0xFF,0x7F,0xFF,0x7F,0xFF,0x7F,0xFF,0x7F,0x94,0x52,0xFF,0x7F,
	0x00,0x00,0x9C,0x73,0x9C,0x73,0x9C,0x73,0x9C,0x73,0x9C,0x73,0x9C,0x73,0x9C,0x73,
	0xB5,0x56,0x9C,0x73,0x9C,0x73,0x9C,0x73,0x9C,0x73,0x9C,0x73,0x9C,0x73,0x9C,0x73,

	0x9C,0x73,0x9C,0x73,0x9C,0x73,0x9C,0x73,0x9C,0x73,0x9C,0x73,0x9C,0x73,0x9C,0x73,
	0x9C,0x73,0x9C,0x73,0x9C,0x73,0x9C,0x73,0x9C,0x73,0x9C,0x73,0x9C,0x73,0x9C,0x73,
	0xFF,0x7F,0xFF,0x7F,0xFF,0x7F,0xFF,0x7F,0xFF,0x7F,0xFF,0x7F,0xFF,0x7F,0xFF,0x7F,
	0xFF,0x7F,0xFF,0x7F,0xFF,0x7F,0xFF,0x7F,0xFF,0x7F,0xFF,0x7F,0xFF,0x7F,0xFF,0x7F,
	0xFF,0x7F,0xFF,0x7F,0xFF,0x7F,0xFF,0x7F,0xFF,0x7F,0xFF,0x7F,0xFF,0x7F,0xFF,0x7F,
	0xB5,0x56,0xFF,0x7F,0xFF,0x7F,0xFF,0x7F,0xFF,0x7F,0xFF,0x7F,0xFF,0x7F,0xFF,0x7F,
	0x00,0x00,0xFF,0x7F,0xEF,0x3D,0x9C,0x73,0x9C,0x73,0x9C,0x73,0x9C,0x73,0x9C,0x73,
	0x9C,0x73,0x9C,0x73,0x9C,0x73,0x9C,0x73,0x9C,0x73,0x9C,0x73,0x9C,0x73,0x9C,0x73,

	0x9C,0x73,0x9C,0x73,0x9C,0x73,0x9C,0x73,0x00,0x00,0x00,0x00,0x00,0x00,0x00,0x00,
	0x9C,0x73,0x9C,0x73,0x9C,0x73,0x9C,0x73,0x9C,0x73,0x00,0x00,0x00,0x00,0x00,0x00,
	0x9C,0x73,0x9C,0x73,0x9C,0x73,0x9C,0x73,0x9C,0x73,0x9C,0x73,0x9C,0x73,0x9C,0x73,
	0x00,0x00,0x00,0x00,0x00,0x00,0x9C,0x73,0x9C,0x73,0x9C,0x73,0x9C,0x73,0x9C,0x73,
	0x9C,0x73,0x9C,0x73,0x9C,0x73,0x9C,0x73,0x9C,0x73,0x9C,0x73,0x9C,0x73,0x9C,0x73,
	0x9C,0x73,0x00,0x00,0x9C,0x73,0x9C,0x73,0x9C,0x73,0x9C,0x73,0x9C,0x73,0x9C,0x73,
	0x9C,0x73,0x9C,0x73,0x9C,0x73,0x9C,0x73,0x9C,0x73,0x9C,0x73,0x9C,0x73,0x9C,0x73,
	0x9C,0x73,0x9C,0x73,0x9C,0x73,0x9C,0x73,0x9C,0x73,0x9C,0x73,0x9C,0x73,0x94,0x52,

	0xFF,0x7F,0x00,0x00,0xFF,0x7F,0xFF,0x7F,0xFF,0x7F,0xFF,0x7F,0xFF,0x7F,0xFF,0x7F,
	0xB5,0x56,0xFF,0x7F,0xFF,0x7F,0xFF,0x7F,0xFF,0x7F,0xFF,0x7F,0xFF,0x7F,0x00,0x00,
	0xFF,0x7F,0xEF,0x3D,0x9C,0x73,0x9C,0x73,0x9C,0x73,0x9C,0x73,0x9C,0x73,0x9C,0x73,
	0x9C,0x73,0x9C,0x73,0x9C,0x73,0x9C,0x73,0x9C,0x73,0x9C,0x73,0x9C,0x73,0x9C,0x73,
	0x9C,0x73,0x00,0x00,0x00,0x00,0x00,0x00,0x00,0x00,0x00,0x00,0x9C,0x73,0x9C,0x73,
	0x00,0x00,0x00,0x00,0x00,0x00,0x00,0x00,0x00,0x00,0x9C,0x73,0x9C,0x73,0x9C,0x73,
	0x9C,0x73,0x9C,0x73,0x9C,0x73,0x9C,0x73,0x00,0x00,0x00,0x00,0x00,0x00,0x00,0x00,
	0x00,0x00,0x9C,0x73,0x00,0x00,0x9C,0x73,0x9C,0x73,0x9C,0x73,0x9C,0x73,0x9C,0x73,

	0x9C,0x73,0x9C,0x73,0x9C,0x73,0x9C,0x73,0x9C,0x73,0x9C,0x73,0x9C,0x73,0x9C,0x73,
	0x9C,0x73,0x00,0x00,0x9C,0x73,0x9C,0x73,0x9C,0x73,0x9C,0x73,0x9C,0x73,0x9C,0x73,
	0x9C,0x73,0x9C,0x73,0x9C,0x73,0x9C,0x73,0x9C,0x73,0x9C,0x73,0x9C,0x73,0x9C,0x73,
	0x9C,0x73,0x9C,0x73,0x9C,0x73,0x9C,0x73,0x9C,0x73,0x9C,0x73,0x94,0x52,0xFF,0x7F,
	0x00,0x00,0xFF,0x7F,0xFF,0x7F,0xFF,0x7F,0xFF,0x7F,0xFF,0x7F,0xFF,0x7F,0xFF,0x7F,
	0xB5,0x56,0xFF,0x7F,0xFF,0x7F,0xFF,0x7F,0xFF,0x7F,0xFF,0x7F,0xFF,0x7F,0xFF,0x7F,
	0xFF,0x7F,0xFF,0x7F,0xFF,0x7F,0xFF,0x7F,0xFF,0x7F,0xFF,0x7F,0xFF,0x7F,0xFF,0x7F,
	0xFF,0x7F,0xFF,0x7F,0xFF,0x7F,0xFF,0x7F,0xFF,0x7F,0xFF,0x7F,0xFF,0x7F,0xFF,0x7F,

	0x9C,0x73,0x9C,0x73,0x9C,0x73,0x9C,0x73,0x9C,0x73,0x9C,0x73,0x9C,0x73,0x9C,0x73,
	0x9C,0x73,0x9C,0x73,0x9C,0x73,0x9C,0x73,0x9C,0x73,0x9C,0x73,0x9C,0x73,0x9C,0x73,
	0x9C,0x73,0x9C,0x73,0x9C,0x73,0x9C,0x73,0x9C,0x73,0x9C,0x73,0x9C,0x73,0x9C,0x73,
	0xB5,0x56,0x9C,0x73,0x9C,0x73,0x9C,0x73,0x9C,0x73,0x9C,0x73,0x9C,0x73,0x9C,0x73,
	0x00,0x00,0xFF,0x7F,0xEF,0x3D,0xFF,0x7F,0xFF,0x7F,0xFF,0x7F,0xFF,0x7F,0xFF,0x7F,
	0xFF,0x7F,0xFF,0x7F,0xFF,0x7F,0xFF,0x7F,0xFF,0x7F,0xFF,0x7F,0xFF,0x7F,0xFF,0x7F,
	0xFF,0x7F,0xFF,0x7F,0xFF,0x7F,0xFF,0x7F,0x00,0x00,0xFF,0x7F,0xFF,0x7F,0xFF,0x7F,
	0x00,0x00,0xFF,0x7F,0xFF,0x7F,0xFF,0x7F,0x00,0x00,0xFF,0x7F,0xFF,0x7F,0xFF,0x7F,

	0x00,0x00,0xFF,0x7F,0xFF,0x7F,0xFF,0x7F,0xFF,0x7F,0xFF,0x7F,0xFF,0x7F,0x00,0x00,
	0xFF,0x7F,0xFF,0x7F,0xFF,0x7F,0x00,0x00,0xFF,0x7F,0xFF,0x7F,0x00,0x00,0xFF,0x7F,
	0xFF,0x7F,0xFF,0x7F,0xFF,0x7F,0xFF,0x7F,0xFF,0x7F,0xFF,0x7F,0xFF,0x7F,0xFF,0x7F,
	0xFF,0x7F,0x00,0x00,0xFF,0x7F,0xFF,0x7F,0xFF,0x7F,0xFF,0x7F,0xFF,0x7F,0xFF,0x7F,
	0xFF,0x7F,0xFF,0x7F,0xFF,0x7F,0xFF,0x7F,0xFF,0x7F,0xFF,0x7F,0xFF,0x7F,0xFF,0x7F,
	0xFF,0x7F,0xFF,0x7F,0xFF,0x7F,0xFF,0x7F,0xFF,0x7F,0xFF,0x7F,0xFF,0x7F,0x94,0x52,
	0xFF,0x7F,0x00,0x00,0x9C,0x73,0x9C,0x73,0x9C,0x73,0x9C,0x73,0x9C,0x73,0x9C,0x73,
	0xB5,0x56,0x9C,0x73,0x9C,0x73,0x9C,0x73,0x9C,0x73,0x9C,0x73,0x9C,0x73,0x00,0x00,

	0xFF,0x7F,0xEF,0x3D,0xFF,0x7F,0xFF,0x7F,0xFF,0x7F,0xFF,0x7F,0xFF,0x7F,0xFF,0x7F,
	0xFF,0x7F,0xFF,0x7F,0xFF,0x7F,0xFF,0x7F,0xFF,0x7F,0xFF,0x7F,0xFF,0x7F,0xFF,0x7F,
	0xFF,0x7F,0x00,0x00,0xFF,0x7F,0xFF,0x7F,0xFF,0x7F,0xFF,0x7F,0xFF,0x7F,0xFF,0x7F,
	0xFF,0x7F,0xFF,0x7F,0xFF,0x7F,0xFF,0x7F,0x00,0x00,0xFF,0x7F,0xFF,0x7F,0xFF,0x7F,
	0xFF,0x7F,0xFF,0x7F,0xFF,0x7F,0xFF,0x7F,0x00,0x00,0xFF,0x7F,0xFF,0x7F,0xFF,0x7F,
	0xFF,0x7F,0xFF,0x7F,0x00,0x00,0xFF,0x7F,0xFF,0x7F,0xFF,0x7F,0xFF,0x7F,0xFF,0x7F,
	0xFF,0x7F,0xFF,0x7F,0xFF,0x7F,0xFF,0x7F,0xFF,0x7F,0xFF,0x7F,0xFF,0x7F,0xFF,0x7F,
	0xFF,0x7F,0x00,0x00,0xFF,0x7F,0xFF,0x7F,0xFF,0x7F,0xFF,0x7F,0xFF,0x7F,0xFF,0x7F,

	0xFF,0x7F,0xFF,0x7F,0xFF,0x7F,0xFF,0x7F,0xFF,0x7F,0xFF,0x7F,0xFF,0x7F,0xFF,0x7F,
	0xFF,0x7F,0xFF,0x7F,0xFF,0x7F,0xFF,0x7F,0xFF,0x7F,0xFF,0x7F,0x94,0x52,0xFF,0x7F,
	0x00,0x00,0x9C,0x73,0x9C,0x73,0x9C,0x73,0x9C,0x73,0x9C,0x73,0x9C,0x73,0x9C,0x73,
	0xB5,0x56,0x9C,0x73,0x9C,0x73,0x9C,0x73,0x9C,0x73,0x9C,0x73,0x9C,0x73,0x9C,0x73,
	0x9C,0x73,0x9C,0x73,0x9C,0x73,0x9C,0x73,0x9C,0x73,0x9C,0x73,0x9C,0x73,0x9C,0x73,
	0x9C,0x73,0x9C,0x73,0x9C,0x73,0x9C,0x73,0x9C,0x73,0x9C,0x73,0x9C,0x73,0x9C,0x73,
	0xFF,0x7F,0xFF,0x7F,0xFF,0x7F,0xFF,0x7F,0xFF,0x7F,0xFF,0x7F,0xFF,0x7F,0xFF,0x7F,
	0xFF,0x7F,0xFF,0x7F,0xFF,0x7F,0xFF,0x7F,0xFF,0x7F,0xFF,0x7F,0xFF,0x7F,0xFF,0x7F,

	0xFF,0x7F,0xFF,0x7F,0xFF,0x7F,0xFF,0x7F,0xFF,0x7F,0xFF,0x7F,0xFF,0x7F,0xB5,0x56,
	0xB5,0x56,0xB5,0x56,0xFF,0x7F,0xFF,0x7F,0xFF,0x7F,0xFF,0x7F,0xFF,0x7F,0xFF,0x7F,
	0x00,0x00,0xFF,0x7F,0xEF,0x3D,0x9C,0x73,0x9C,0x73,0x9C,0x73,0x9C,0x73,0x9C,0x73,
	0x9C,0x73,0x9C,0x73,0x9C,0x73,0x9C,0x73,0x9C,0x73,0x9C,0x73,0x9C,0x73,0x9C,0x73,
	0x9C,0x73,0x9C,0x73,0x9C,0x73,0x9C,0x73,0x00,0x00,0x9C,0x73,0x9C,0x73,0x9C,0x73,
	0x9C,0x73,0x00,0x00,0x9C,0x73,0x9C,0x73,0x00,0x00,0x9C,0x73,0x9C,0x73,0x9C,0x73,
	0x9C,0x73,0x9C,0x73,0x9C,0x73,0x9C,0x73,0x9C,0x73,0x9C,0x73,0x9C,0x73,0x00,0x00,
	0x9C,0x73,0x9C,0x73,0x9C,0x73,0x9C,0x73,0x9C,0x73,0x00,0x00,0x00,0x00,0x00,0x00,

	0x00,0x00,0x9C,0x73,0x9C,0x73,0x00,0x00,0x9C,0x73,0x9C,0x73,0x00,0x00,0x9C,0x73,
	0x9C,0x73,0x00,0x00,0x9C,0x73,0x9C,0x73,0x9C,0x73,0x00,0x00,0x00,0x00,0x9C,0x73,
	0x9C,0x73,0x9C,0x73,0x9C,0x73,0x9C,0x73,0x9C,0x73,0x9C,0x73,0x9C,0x73,0x9C,0x73,
	0x9C,0x73,0x9C,0x73,0x9C,0x73,0x9C,0x73,0x9C,0x73,0x9C,0x73,0x9C,0x73,0x94,0x52,
	0xFF,0x7F,0x00,0x00,0xFF,0x7F,0xFF,0x7F,0xFF,0x7F,0xFF,0x7F,0xFF,0x7F,0xB5,0x56,
	0xB5,0x56,0xB5,0x56,0xFF,0x7F,0xFF,0x7F,0xFF,0x7F,0xFF,0x7F,0xFF,0x7F,0x00,0x00,
	0xFF,0x7F,0xEF,0x3D,0x9C,0x73,0x9C,0x73,0x9C,0x73,0x9C,0x73,0x9C,0x73,0x9C,0x73,
	0x9C,0x73,0x9C,0x73,0x9C,0x73,0x9C,0x73,0x9C,0x73,0x9C,0x73,0x9C,0x73,0x9C,0x73,

	0x9C,0x73,0x00,0x00,0x9C,0x73,0x9C,0x73,0x9C,0x73,0x9C,0x73,0x9C,0x73,0x9C,0x73,
	0x9C,0x73,0x9C,0x73,0x9C,0x73,0x00,0x00,0x9C,0x73,0x9C,0x73,0x9C,0x73,0x9C,0x73,
	0x9C,0x73,0x9C,0x73,0x9C,0x73,0x9C,0x73,0x00,0x00,0x9C,0x73,0x9C,0x73,0x9C,0x73,
	0x9C,0x73,0x9C,0x73,0x00,0x00,0x9C,0x73,0x9C,0x73,0x9C,0x73,0x00,0x00,0x00,0x00,
	0x9C,0x73,0x9C,0x73,0x9C,0x73,0x9C,0x73,0x00,0x00,0x00,0x00,0x00,0x00,0x9C,0x73,
	0x9C,0x73,0x00,0x00,0x00,0x00,0x00,0x00,0x9C,0x73,0x9C,0x73,0x9C,0x73,0x9C,0x73,
	0x9C,0x73,0x9C,0x73,0x9C,0x73,0x9C,0x73,0x9C,0x73,0x9C,0x73,0x9C,0x73,0x9C,0x73,
	0x9C,0x73,0x9C,0x73,0x9C,0x73,0x9C,0x73,0x9C,0x73,0x9C,0x73,0x94,0x52,0xFF,0x7F,

	0x00,0x00,0xFF,0x7F,0xFF,0x7F,0xFF,0x7F,0xFF,0x7F,0xFF,0x7F,0xFF,0x7F,0xB5,0x56,
	0xB5,0x56,0xB5,0x56,0xFF,0x7F,0xFF,0x7F,0xFF,0x7F,0xFF,0x7F,0xFF,0x7F,0xFF,0x7F,
	0xFF,0x7F,0xFF,0x7F,0xFF,0x7F,0xFF,0x7F,0xFF,0x7F,0xFF,0x7F,0xFF,0x7F,0xFF,0x7F,
	0xFF,0x7F,0xFF,0x7F,0xFF,0x7F,0xFF,0x7F,0xFF,0x7F,0xFF,0x7F,0xFF,0x7F,0xFF,0x7F,
	0xB5,0x56,0xB5,0x56,0xB5,0x56,0xB5,0x56,0xB5,0x56,0xB5,0x56,0xB5,0x56,0xB5,0x56,
	0xB5,0x56,0xB5,0x56,0xB5,0x56,0xB5,0x56,0xB5,0x56,0xB5,0x56,0xB5,0x56,0xB5,0x56,
	0xB5,0x56,0xB5,0x56,0xB5,0x56,0xB5,0x56,0xB5,0x56,0xB5,0x56,0xB5,0x56,0xB5,0x56,
	0xB5,0x56,0xB5,0x56,0xB5,0x56,0xB5,0x56,0xB5,0x56,0xB5,0x56,0xB5,0x56,0xB5,0x56,

	0x00,0x00,0xFF,0x7F,0xEF,0x3D,0xFF,0x7F,0xFF,0x7F,0xFF,0x7F,0xFF,0x7F,0xFF,0x7F,
	0xFF,0x7F,0xFF,0x7F,0xFF,0x7F,0xFF,0x7F,0xFF,0x7F,0xFF,0x7F,0xFF,0x7F,0xFF,0x7F,
	0xFF,0x7F,0xFF,0x7F,0xFF,0x7F,0xFF,0x7F,0x00,0x00,0xFF,0x7F,0xFF,0x7F,0xFF,0x7F,
	0xFF,0x7F,0x00,0x00,0xFF,0x7F,0xFF,0x7F,0xFF,0x7F,0x00,0x00,0x00,0x00,0x00,0x00,
	0xFF,0x7F,0xFF,0x7F,0xFF,0x7F,0xFF,0x7F,0xFF,0x7F,0xFF,0x7F,0xFF,0x7F,0xFF,0x7F,
	0x00,0x00,0x00,0x00,0x00,0x00,0xFF,0x7F,0xFF,0x7F,0xFF,0x7F,0x00,0x00,0xFF,0x7F,
	0xFF,0x7F,0xFF,0x7F,0xFF,0x7F,0x00,0x00,0xFF,0x7F,0xFF,0x7F,0x00,0x00,0xFF,0x7F,
	0xFF,0x7F,0x00,0x00,0xFF,0x7F,0xFF,0x7F,0x00,0x00,0xFF,0x7F,0xFF,0x7F,0x00,0x00,

	0xFF,0x7F,0xFF,0x7F,0xFF,0x7F,0xFF,0x7F,0xFF,0x7F,0xFF,0x7F,0xFF,0x7F,0xFF,0x7F,
	0xFF,0x7F,0xFF,0x7F,0xFF,0x7F,0xFF,0x7F,0xFF,0x7F,0xFF,0x7F,0xFF,0x7F,0x94,0x52,
	0xFF,0x7F,0x00,0x00,0xB5,0x56,0xB5,0x56,0xB5,0x56,0xB5,0x56,0xB5,0x56,0xB5,0x56,
	0xB5,0x56,0xB5,0x56,0xB5,0x56,0xB5,0x56,0xB5,0x56,0xB5,0x56,0xB5,0x56,0x00,0x00,
	0xFF,0x7F,0xEF,0x3D,0xFF,0x7F,0xFF,0x7F,0xFF,0x7F,0xFF,0x7F,0xFF,0x7F,0xFF,0x7F,
	0xFF,0x7F,0xFF,0x7F,0xFF,0x7F,0xFF,0x7F,0xFF,0x7F,0xFF,0x7F,0xFF,0x7F,0xFF,0x7F,
	0xFF,0x7F,0x00,0x00,0x00,0x00,0x00,0x00,0x00,0x00,0xFF,0x7F,0xFF,0x7F,0xFF,0x7F,
	0xFF,0x7F,0xFF,0x7F,0x00,0x00,0xFF,0x7F,0xFF,0x7F,0xFF,0x7F,0xFF,0x7F,0x00,0x00,

	0x00,0x00,0x00,0x00,0xFF,0x7F,0xFF,0x7F,0x00,0x00,0x00,0x00,0x00,0x00,0x00,0x00,
	0xFF,0x7F,0xFF,0x7F,0x00,0x00,0xFF,0x7F,0xFF,0x7F,0xFF,0x7F,0xFF,0x7F,0xFF,0x7F,
	0x00,0x00,0xFF,0x7F,0xFF,0x7F,0x00,0x00,0xFF,0x7F,0xFF,0x7F,0xFF,0x7F,0xFF,0x7F,
	0xFF,0x7F,0x00,0x00,0xFF,0x7F,0xFF,0x7F,0x00,0x00,0xFF,0x7F,0xFF,0x7F,0xFF,0x7F,
	0xFF,0x7F,0xFF,0x7F,0xFF,0x7F,0xFF,0x7F,0xFF,0x7F,0xFF,0x7F,0xFF,0x7F,0xFF,0x7F,
	0xFF,0x7F,0xFF,0x7F,0xFF,0x7F,0xFF,0x7F,0xFF,0x7F,0xFF,0x7F,0x94,0x52,0xFF,0x7F,
	0x00,0x00,0xB5,0x56,0xB5,0x56,0xB5,0x56,0xB5,0x56,0xB5,0x56,0xB5,0x56,0xB5,0x56,
	0xB5,0x56,0xB5,0x56,0xB5,0x56,0xB5,0x56,0xB5,0x56,0xB5,0x56,0xB5,0x56,0xB5,0x56,

	0xB5,0x56,0xB5,0x56,0xB5,0x56,0xB5,0x56,0xB5,0x56,0xB5,0x56,0xB5,0x56,0xB5,0x56,
	0xB5,0x56,0xB5,0x56,0xB5,0x56,0xB5,0x56,0xB5,0x56,0xB5,0x56,0xB5,0x56,0xB5,0x56,
	0xFF,0x7F,0xFF,0x7F,0xFF,0x7F,0xFF,0x7F,0xFF,0x7F,0xFF,0x7F,0xFF,0x7F,0xFF,0x7F,
	0xFF,0x7F,0xFF,0x7F,0xFF,0x7F,0xFF,0x7F,0xFF,0x7F,0xFF,0x7F,0xFF,0x7F,0xFF,0x7F,
	0xFF,0x7F,0xFF,0x7F,0xFF,0x7F,0xFF,0x7F,0xFF,0x7F,0xFF,0x7F,0xFF,0x7F,0xB5,0x56,
	0xB5,0x56,0xB5,0x56,0xFF,0x7F,0xFF,0x7F,0xFF,0x7F,0xFF,0x7F,0xFF,0x7F,0xFF,0x7F,
	0x00,0x00,0xFF,0x7F,0xEF,0x3D,0x9C,0x73,0x9C,0x73,0x9C,0x73,0x9C,0x73,0x9C,0x73,
	0x9C,0x73,0x9C,0x73,0x9C,0x73,0x9C,0x73,0x9C,0x73,0x9C,0x73,0x9C,0x73,0x9C,0x73,

	0x9C,0x73,0x9C,0x73,0x9C,0x73,0x9C,0x73,0x00,0x00,0x9C,0x73,0x9C,0x73,0x9C,0x73,
	0x9C,0x73,0x00,0x00,0x9C,0x73,0x9C,0x73,0x9C,0x73,0x9C,0x73,0x9C,0x73,0x9C,0x73,
	0x00,0x00,0x9C,0x73,0x9C,0x73,0x9C,0x73,0x9C,0x73,0x9C,0x73,0x9C,0x73,0x9C,0x73,
	0x9C,0x73,0x9C,0x73,0x9C,0x73,0x00,0x00,0x9C,0x73,0x9C,0x73,0x00,0x00,0x9C,0x73,
	0x9C,0x73,0x9C,0x73,0x9C,0x73,0x00,0x00,0x9C,0x73,0x9C,0x73,0x00,0x00,0x9C,0x73,
	0x9C,0x73,0x00,0x00,0x9C,0x73,0x9C,0x73,0x00,0x00,0x00,0x00,0x00,0x00,0x00,0x00,
	0x9C,0x73,0x9C,0x73,0x9C,0x73,0x9C,0x73,0x9C,0x73,0x9C,0x73,0x9C,0x73,0x9C,0x73,
	0x9C,0x73,0x9C,0x73,0x9C,0x73,0x9C,0x73,0x9C,0x73,0x9C,0x73,0x9C,0x73,0x94,0x52,

	0xFF,0x7F,0x00,0x00,0xFF,0x7F,0xFF,0x7F,0xFF,0x7F,0xFF,0x7F,0xFF,0x7F,0xB5,0x56,
	0xB5,0x56,0xB5,0x56,0xFF,0x7F,0xFF,0x7F,0xFF,0x7F,0xFF,0x7F,0xFF,0x7F,0x00,0x00,
	0xFF,0x7F,0xEF,0x3D,0x9C,0x73,0x9C,0x73,0x9C,0x73,0x9C,0x73,0x9C,0x73,0x9C,0x73,
	0x9C,0x73,0x9C,0x73,0x9C,0x73,0x9C,0x73,0x9C,0x73,0x9C,0x73,0x9C,0x73,0x9C,0x73,
	0x9C,0x73,0x00,0x00,0x9C,0x73,0x9C,0x73,0x9C,0x73,0x9C,0x73,0x9C,0x73,0x9C,0x73,
	0x9C,0x73,0x00,0x00,0x9C,0x73,0x9C,0x73,0x9C,0x73,0x9C,0x73,0x9C,0x73,0x9C,0x73,
	0x9C,0x73,0x9C,0x73,0x9C,0x73,0x9C,0x73,0x00,0x00,0x9C,0x73,0x9C,0x73,0x9C,0x73,
	0x9C,0x73,0x9C,0x73,0x00,0x00,0x9C,0x73,0x9C,0x73,0x9C,0x73,0x00,0x00,0x00,0x00,

	0x00,0x00,0x9C,0x73,0x9C,0x73,0x9C,0x73,0x00,0x00,0x00,0x00,0x9C,0x73,0x9C,0x73,
	0x9C,0x73,0x00,0x00,0x9C,0x73,0x9C,0x73,0x00,0x00,0x9C,0x73,0x9C,0x73,0x9C,0x73,
	0x9C,0x73,0x9C,0x73,0x9C,0x73,0x9C,0x73,0x9C,0x73,0x9C,0x73,0x9C,0x73,0x9C,0x73,
	0x9C,0x73,0x9C,0x73,0x9C,0x73,0x9C,0x73,0x9C,0x73,0x9C,0x73,0x94,0x52,0xFF,0x7F,
	0x00,0x00,0xFF,0x7F,0xFF,0x7F,0xFF,0x7F,0xFF,0x7F,0xFF,0x7F,0xFF,0x7F,0xB5,0x56,
	0xB5,0x56,0xB5,0x56,0xFF,0x7F,0xFF,0x7F,0xFF,0x7F,0xFF,0x7F,0xFF,0x7F,0xFF,0x7F,
	0xFF,0x7F,0xFF,0x7F,0xFF,0x7F,0xFF,0x7F,0xFF,0x7F,0xFF,0x7F,0xFF,0x7F,0xFF,0x7F,
	0xFF,0x7F,0xFF,0x7F,0xFF,0x7F,0xFF,0x7F,0xFF,0x7F,0xFF,0x7F,0xFF,0x7F,0xFF,0x7F,

	0x9C,0x73,0x9C,0x73,0x9C,0x73,0x9C,0x73,0x9C,0x73,0x9C,0x73,0x9C,0x73,0x9C,0x73,
	0x9C,0x73,0x9C,0x73,0x9C,0x73,0x9C,0x73,0x9C,0x73,0x9C,0x73,0x9C,0x73,0x9C,0x73,
	0x9C,0x73,0x9C,0x73,0x9C,0x73,0x9C,0x73,0x9C,0x73,0x9C,0x73,0x9C,0x73,0x9C,0x73,
	0xB5,0x56,0x9C,0x73,0x9C,0x73,0x9C,0x73,0x9C,0x73,0x9C,0x73,0x9C,0x73,0x9C,0x73,
	0x00,0x00,0xFF,0x7F,0xEF,0x3D,0xFF,0x7F,0xFF,0x7F,0xFF,0x7F,0xFF,0x7F,0xFF,0x7F,
	0xFF,0x7F,0xFF,0x7F,0xFF,0x7F,0xFF,0x7F,0xFF,0x7F,0xFF,0x7F,0xFF,0x7F,0xFF,0x7F,
	0xFF,0x7F,0xFF,0x7F,0xFF,0x7F,0xFF,0x7F,0x00,0x00,0xFF,0x7F,0xFF,0x7F,0xFF,0x7F,
	0x00,0x00,0xFF,0x7F,0xFF,0x7F,0xFF,0x7F,0x00,0x00,0xFF,0x7F,0xFF,0x7F,0xFF,0x7F,

	0x00,0x00,0xFF,0x7F,0xFF,0x7F,0xFF,0x7F,0xFF,0x7F,0xFF,0x7F,0xFF,0x7F,0x00,0x00,
	0xFF,0x7F,0xFF,0x7F,0xFF,0x7F,0x00,0x00,0xFF,0x7F,0xFF,0x7F,0x00,0x00,0xFF,0x7F,
	0xFF,0x7F,0xFF,0x7F,0xFF,0x7F,0xFF,0x7F,0x00,0x00,0x00,0x00,0xFF,0x7F,0xFF,0x7F,
	0xFF,0x7F,0x00,0x00,0xFF,0x7F,0xFF,0x7F,0x00,0x00,0xFF,0x7F,0xFF,0x7F,0xFF,0x7F,
	0xFF,0x7F,0xFF,0x7F,0xFF,0x7F,0xFF,0x7F,0xFF,0x7F,0xFF,0x7F,0xFF,0x7F,0xFF,0x7F,
	0xFF,0x7F,0xFF,0x7F,0xFF,0x7F,0xFF,0x7F,0xFF,0x7F,0xFF,0x7F,0xFF,0x7F,0x94,0x52,
	0xFF,0x7F,0x00,0x00,0x9C,0x73,0x9C,0x73,0x9C,0x73,0x9C,0x73,0x9C,0x73,0x9C,0x73,
	0xB5,0x56,0x9C,0x73,0x9C,0x73,0x9C,0x73,0x9C,0x73,0x9C,0x73,0x9C,0x73,0x00,0x00,

	0xFF,0x7F,0xEF,0x3D,0xFF,0x7F,0xFF,0x7F,0xFF,0x7F,0xFF,0x7F,0xFF,0x7F,0xFF,0x7F,
	0xFF,0x7F,0xFF,0x7F,0xFF,0x7F,0xFF,0x7F,0xFF,0x7F,0xFF,0x7F,0xFF,0x7F,0xFF,0x7F,
	0xFF,0x7F,0x00,0x00,0xFF,0x7F,0xFF,0x7F,0xFF,0x7F,0xFF,0x7F,0xFF,0x7F,0xFF,0x7F,
	0x00,0x00,0xFF,0x7F,0xFF,0x7F,0xFF,0x7F,0xFF,0x7F,0xFF,0x7F,0xFF,0x7F,0xFF,0x7F,
	0xFF,0x7F,0xFF,0x7F,0xFF,0x7F,0xFF,0x7F,0x00,0x00,0xFF,0x7F,0xFF,0x7F,0xFF,0x7F,
	0xFF,0x7F,0xFF,0x7F,0x00,0x00,0xFF,0x7F,0xFF,0x7F,0x00,0x00,0xFF,0x7F,0xFF,0x7F,
	0x00,0x00,0xFF,0x7F,0xFF,0x7F,0xFF,0x7F,0xFF,0x7F,0xFF,0x7F,0x00,0x00,0xFF,0x7F,
	0xFF,0x7F,0x00,0x00,0xFF,0x7F,0xFF,0x7F,0x00,0x00,0xFF,0x7F,0xFF,0x7F,0xFF,0x7F,

	0xFF,0x7F,0xFF,0x7F,0xFF,0x7F,0xFF,0x7F,0xFF,0x7F,0xFF,0x7F,0xFF,0x7F,0xFF,0x7F,
	0xFF,0x7F,0xFF,0x7F,0xFF,0x7F,0xFF,0x7F,0xFF,0x7F,0xFF,0x7F,0x94,0x52,0xFF,0x7F,
	0x00,0x00,0x9C,0x73,0x9C,0x73,0x9C,0x73,0x9C,0x73,0x9C,0x73,0x9C,0x73,0x9C,0x73,
	0xB5,0x56,0x9C,0x73,0x9C,0x73,0x9C,0x73,0x9C,0x73,0x9C,0x73,0x9C,0x73,0x9C,0x73,
	0x9C,0x73,0x9C,0x73,0x9C,0x73,0x9C,0x73,0x9C,0x73,0x9C,0x73,0x9C,0x73,0x9C,0x73,
	0x9C,0x73,0x9C,0x73,0x9C,0x73,0x9C,0x73,0x9C,0x73,0x9C,0x73,0x9C,0x73,0x9C,0x73,
	0xFF,0x7F,0xFF,0x7F,0xFF,0x7F,0xFF,0x7F,0xFF,0x7F,0xFF,0x7F,0xFF,0x7F,0xFF,0x7F,
	0xFF,0x7F,0xFF,0x7F,0xFF,0x7F,0xFF,0x7F,0xFF,0x7F,0xFF,0x7F,0xFF,0x7F,0xFF,0x7F,

	0xFF,0x7F,0xFF,0x7F,0xFF,0x7F,0xFF,0x7F,0xFF,0x7F,0xFF,0x7F,0xFF,0x7F,0xFF,0x7F,
	0xB5,0x56,0xFF,0x7F,0xFF,0x7F,0xFF,0x7F,0xFF,0x7F,0xFF,0x7F,0xFF,0x7F,0xFF,0x7F,
	0x00,0x00,0xFF,0x7F,0xEF,0x3D,0x9C,0x73,0x9C,0x73,0x9C,0x73,0x9C,0x73,0x9C,0x73,
	0x9C,0x73,0x9C,0x73,0x9C,0x73,0x9C,0x73,0x9C,0x73,0x9C,0x73,0x9C,0x73,0x9C,0x73,
	0x9C,0x73,0x9C,0x73,0x9C,0x73,0x9C,0x73,0x00,0x00,0x00,0x00,0x00,0x00,0x00,0x00,
	0x9C,0x73,0x9C,0x73,0x9C,0x73,0x9C,0x73,0x9C,0x73,0x00,0x00,0x00,0x00,0x00,0x00,
	0x9C,0x73,0x9C,0x73,0x9C,0x73,0x9C,0x73,0x9C,0x73,0x9C,0x73,0x9C,0x73,0x9C,0x73,
	0x00,0x00,0x00,0x00,0x00,0x00,0x9C,0x73,0x9C,0x73,0x9C,0x73,0x9C,0x73,0x00,0x00,

	0x00,0x00,0x9C,0x73,0x9C,0x73,0x9C,0x73,0x9C,0x73,0x00,0x00,0x9C,0x73,0x9C,0x73,
	0x9C,0x73,0x00,0x00,0x9C,0x73,0x9C,0x73,0x9C,0x73,0x00,0x00,0x00,0x00,0x00,0x00,
	0x9C,0x73,0x9C,0x73,0x9C,0x73,0x9C,0x73,0x9C,0x73,0x9C,0x73,0x9C,0x73,0x9C,0x73,
	0x9C,0x73,0x9C,0x73,0x9C,0x73,0x9C,0x73,0x9C,0x73,0x9C,0x73,0x9C,0x73,0x94,0x52,
	0xFF,0x7F,0x00,0x00,0xFF,0x7F,0xFF,0x7F,0xFF,0x7F,0xFF,0x7F,0xFF,0x7F,0xFF,0x7F,
	0xB5,0x56,0xFF,0x7F,0xFF,0x7F,0xFF,0x7F,0xFF,0x7F,0xFF,0x7F,0xFF,0x7F,0x00,0x00,
	0xFF,0x7F,0xEF,0x3D,0x9C,0x73,0x9C,0x73,0x9C,0x73,0x9C,0x73,0x9C,0x73,0x9C,0x73,
	0x9C,0x73,0x9C,0x73,0x9C,0x73,0x9C,0x73,0x9C,0x73,0x9C,0x73,0x9C,0x73,0x9C,0x73,

	0x9C,0x73,0x00,0x00,0x00,0x00,0x00,0x00,0x00,0x00,0x00,0x00,0x9C,0x73,0x9C,0x73,
	0x00,0x00,0x00,0x00,0x00,0x00,0x00,0x00,0x00,0x00,0x9C,0x73,0x9C,0x73,0x9C,0x73,
	0x9C,0x73,0x9C,0x73,0x9C,0x73,0x9C,0x73,0x00,0x00,0x9C,0x73,0x9C,0x73,0x9C,0x73,
	0x9C,0x73,0x9C,0x73,0x00,0x00,0x9C,0x73,0x9C,0x73,0x9C,0x73,0x00,0x00,0x00,0x00,
	0x00,0x00,0x9C,0x73,0x9C,0x73,0x00,0x00,0x00,0x00,0x00,0x00,0x9C,0x73,0x9C,0x73,
	0x9C,0x73,0x00,0x00,0x9C,0x73,0x9C,0x73,0x00,0x00,0x9C,0x73,0x9C,0x73,0x9C,0x73,
	0x9C,0x73,0x9C,0x73,0x9C,0x73,0x9C,0x73,0x9C,0x73,0x9C,0x73,0x9C,0x73,0x9C,0x73,
	0x9C,0x73,0x9C,0x73,0x9C,0x73,0x9C,0x73,0x9C,0x73,0x9C,0x73,0x94,0x52,0xFF,0x7F,

	0x00,0x00,0xFF,0x7F,0xFF,0x7F,0xFF,0x7F,0xFF,0x7F,0xFF,0x7F,0xFF,0x7F,0xFF,0x7F,
	0xB5,0x56,0xFF,0x7F,0xFF,0x7F,0xFF,0x7F,0xFF,0x7F,0xFF,0x7F,0xFF,0x7F,0xFF,0x7F,
	0xFF,0x7F,0xFF,0x7F,0xFF,0x7F,0xFF,0x7F,0xFF,0x7F,0xFF,0x7F,0xFF,0x7F,0xFF,0x7F,
	0xFF,0x7F,0xFF,0x7F,0xFF,0x7F,0xFF,0x7F,0xFF,0x7F,0xFF,0x7F,0xFF,0x7F,0xFF,0x7F,
	0x9C,0x73,0x9C,0x73,0x9C,0x73,0x9C,0x73,0x9C,0x73,0x9C,0x73,0x9C,0x73,0x9C,0x73,
	0x9C,0x73,0x9C,0x73,0x9C,0x73,0x9C,0x73,0x9C,0x73,0x9C,0x73,0x9C,0x73,0x9C,0x73,
	0x9C,0x73,0x9C,0x73,0x9C,0x73,0x9C,0x73,0x9C,0x73,0x9C,0x73,0x9C,0x73,0x9C,0x73,
	0xB5,0x56,0x9C,0x73,0x9C,0x73,0x9C,0x73,0x9C,0x73,0x9C,0x73,0x9C,0x73,0x9C,0x73,

	0x00,0x00,0xFF,0x7F,0xEF,0x3D,0xFF,0x7F,0xFF,0x7F,0xFF,0x7F,0xFF,0x7F,0xFF,0x7F,
	0xFF,0x7F,0xFF,0x7F,0xFF,0x7F,0xFF,0x7F,0xFF,0x7F,0xFF,0x7F,0xFF,0x7F,0xFF,0x7F,
	0xFF,0x7F,0xFF,0x7F,0xFF,0x7F,0xFF,0x7F,0xFF,0x7F,0xFF,0x7F,0xFF,0x7F,0xFF,0x7F,
	0xFF,0x7F,0xFF,0x7F,0xFF,0x7F,0xFF,0x7F,0xFF,0x7F,0xFF,0x7F,0xFF,0x7F,0xFF,0x7F,
	0xFF,0x7F,0xFF,0x7F,0xFF,0x7F,0xFF,0x7F,0xFF,0x7F,0xFF,0x7F,0xFF,0x7F,0xFF,0x7F,
	0xFF,0x7F,0xFF,0x7F,0xFF,0x7F,0xFF,0x7F,0xFF,0x7F,0xFF,0x7F,0xFF,0x7F,0xFF,0x7F,
	0xFF,0x7F,0xFF,0x7F,0xFF,0x7F,0xFF,0x7F,0x00,0x00,0xFF,0x7F,0xFF,0x7F,0xFF,0x7F,
	0xFF,0x7F,0xFF,0x7F,0xFF,0x7F,0xFF,0x7F,0xFF,0x7F,0xFF,0x7F,0xFF,0x7F,0xFF,0x7F,

	0xFF,0x7F,0xFF,0x7F,0xFF,0x7F,0xFF,0x7F,0xFF,0x7F,0xFF,0x7F,0xFF,0x7F,0xFF,0x7F,
	0xFF,0x7F,0xFF,0x7F,0xFF,0x7F,0xFF,0x7F,0xFF,0x7F,0xFF,0x7F,0xFF,0x7F,0x94,0x52,
	0xFF,0x7F,0x00,0x00,0x9C,0x73,0x9C,0x73,0x9C,0x73,0x9C,0x73,0x9C,0x73,0x9C,0x73,
	0xB5,0x56,0x9C,0x73,0x9C,0x73,0x9C,0x73,0x9C,0x73,0x9C,0x73,0x9C,0x73,0x00,0x00,
	0xFF,0x7F,0xEF,0x3D,0xFF,0x7F,0xFF,0x7F,0xFF,0x7F,0xFF,0x7F,0xFF,0x7F,0xFF,0x7F,
	0xFF,0x7F,0xFF,0x7F,0xFF,0x7F,0xFF,0x7F,0xFF,0x7F,0xFF,0x7F,0xFF,0x7F,0xFF,0x7F,
	0xFF,0x7F,0xFF,0x7F,0xFF,0x7F,0xFF,0x7F,0xFF,0x7F,0xFF,0x7F,0xFF,0x7F,0xFF,0x7F,
	0xFF,0x7F,0xFF,0x7F,0xFF,0x7F,0xFF,0x7F,0xFF,0x7F,0xFF,0x7F,0xFF,0x7F,0xFF,0x7F,

	0xFF,0x7F,0xFF,0x7F,0xFF,0x7F,0xFF,0x7F,0xFF,0x7F,0xFF,0x7F,0xFF,0x7F,0xFF,0x7F,
	0xFF,0x7F,0xFF,0x7F,0xFF,0x7F,0xFF,0x7F,0xFF,0x7F,0xFF,0x7F,0xFF,0x7F,0xFF,0x7F,
	0xFF,0x7F,0xFF,0x7F,0xFF,0x7F,0xFF,0x7F,0xFF,0x7F,0xFF,0x7F,0xFF,0x7F,0xFF,0x7F,
	0xFF,0x7F,0xFF,0x7F,0xFF,0x7F,0xFF,0x7F,0xFF,0x7F,0xFF,0x7F,0xFF,0x7F,0xFF,0x7F,
	0xFF,0x7F,0xFF,0x7F,0xFF,0x7F,0xFF,0x7F,0xFF,0x7F,0xFF,0x7F,0xFF,0x7F,0xFF,0x7F,
	0xFF,0x7F,0xFF,0x7F,0xFF,0x7F,0xFF,0x7F,0xFF,0x7F,0xFF,0x7F,0x94,0x52,0xFF,0x7F,
	0x00,0x00,0x9C,0x73,0x9C,0x73,0x9C,0x73,0x9C,0x73,0x9C,0x73,0x9C,0x73,0x9C,0x73,
	0xB5,0x56,0x9C,0x73,0x9C,0x73,0x9C,0x73,0x9C,0x73,0x9C,0x73,0x9C,0x73,0x9C,0x73,

	0x9C,0x73,0x9C,0x73,0x9C,0x73,0x9C,0x73,0x9C,0x73,0x9C,0x73,0x9C,0x73,0x9C,0x73,
	0x9C,0x73,0x9C,0x73,0x9C,0x73,0x9C,0x73,0x9C,0x73,0x9C,0x73,0x9C,0x73,0x9C,0x73,
	0xFF,0x7F,0xFF,0x7F,0xFF,0x7F,0xFF,0x7F,0xFF,0x7F,0xFF,0x7F,0xFF,0x7F,0xFF,0x7F,
	0xFF,0x7F,0xFF,0x7F,0xFF,0x7F,0xFF,0x7F,0xFF,0x7F,0xFF,0x7F,0xFF,0x7F,0xFF,0x7F,
	0xFF,0x7F,0xFF,0x7F,0xFF,0x7F,0xFF,0x7F,0xFF,0x7F,0xFF,0x7F,0xFF,0x7F,0xFF,0x7F,
	0xB5,0x56,0xFF,0x7F,0xFF,0x7F,0xFF,0x7F,0xFF,0x7F,0xFF,0x7F,0xFF,0x7F,0xFF,0x7F,
	0x00,0x00,0xFF,0x7F,0xEF,0x3D,0x9C,0x73,0x9C,0x73,0x9C,0x73,0x9C,0x73,0x9C,0x73,
	0x9C,0x73,0x9C,0x73,0x9C,0x73,0x9C,0x73,0x9C,0x73,0x9C,0x73,0x9C,0x73,0x9C,0x73,

	0x9C,0x73,0x9C,0x73,0x9C,0x73,0x9C,0x73,0x9C,0x73,0x9C,0x73,0x9C,0x73,0x9C,0x73,
	0x9C,0x73,0x9C,0x73,0x9C,0x73,0x9C,0x73,0x9C,0x73,0x9C,0x73,0x9C,0x73,0x9C,0x73,
	0x9C,0x73,0x9C,0x73,0x9C,0x73,0x9C,0x73,0x9C,0x73,0x9C,0x73,0x9C,0x73,0x9C,0x73,
	0x9C,0x73,0x9C,0x73,0x9C,0x73,0x9C,0x73,0x9C,0x73,0x9C,0x73,0x9C,0x73,0x9C,0x73,
	0x9C,0x73,0x9C,0x73,0x9C,0x73,0x9C,0x73,0x00,0x00,0x9C,0x73,0x9C,0x73,0x9C,0x73,
	0x9C,0x73,0x9C,0x73,0x00,0x00,0x9C,0x73,0x9C,0x73,0x9C,0x73,0x9C,0x73,0x9C,0x73,
	0x9C,0x73,0x9C,0x73,0x9C,0x73,0x9C,0x73,0x9C,0x73,0x9C,0x73,0x9C,0x73,0x9C,0x73,
	0x9C,0x73,0x9C,0x73,0x9C,0x73,0x9C,0x73,0x9C,0x73,0x9C,0x73,0x9C,0x73,0x94,0x52,

	0xFF,0x7F,0x00,0x00,0xFF,0x7F,0xFF,0x7F,0xFF,0x7F,0xFF,0x7F,0xFF,0x7F,0xFF,0x7F,
	0xB5,0x56,0xFF,0x7F,0xFF,0x7F,0xFF,0x7F,0xFF,0x7F,0xFF,0x7F,0xFF,0x7F,0x00,0x00,
	0xFF,0x7F,0xEF,0x3D,0x9C,0x73,0x9C,0x73,0x9C,0x73,0x9C,0x73,0x9C,0x73,0x9C,0x73,
	0x9C,0x73,0x9C,0x73,0x9C,0x73,0x9C,0x73,0x9C,0x73,0x9C,0x73,0x9C,0x73,0x9C,0x73,
	0x9C,0x73,0x9C,0x73,0x9C,0x73,0x9C,0x73,0x9C,0x73,0x9C,0x73,0x9C,0x73,0x9C,0x73,
	0x9C,0x73,0x9C,0x73,0x9C,0x73,0x9C,0x73,0x9C,0x73,0x9C,0x73,0x9C,0x73,0x9C,0x73,
	0x9C,0x73,0x9C,0x73,0x9C,0x73,0x9C,0x73,0x9C,0x73,0x9C,0x73,0x9C,0x73,0x9C,0x73,
	0x9C,0x73,0x9C,0x73,0x9C,0x73,0x9C,0x73,0x9C,0x73,0x9C,0x73,0x9C,0x73,0x9C,0x73,

	0x9C,0x73,0x9C,0x73,0x9C,0x73,0x9C,0x73,0x9C,0x73,0x9C,0x73,0x9C,0x73,0x9C,0x73,
	0x9C,0x73,0x00,0x00,0x9C,0x73,0x9C,0x73,0x9C,0x73,0x9C,0x73,0x9C,0x73,0x9C,0x73,
	0x9C,0x73,0x9C,0x73,0x9C,0x73,0x9C,0x73,0x9C,0x73,0x9C,0x73,0x9C,0x73,0x9C,0x73,
	0x9C,0x73,0x9C,0x73,0x9C,0x73,0x9C,0x73,0x9C,0x73,0x9C,0x73,0x94,0x52,0xFF,0x7F,
	0x00,0x00,0xFF,0x7F,0xFF,0x7F,0xFF,0x7F,0xFF,0x7F,0xFF,0x7F,0xFF,0x7F,0xFF,0x7F,
	0xB5,0x56,0xFF,0x7F,0xFF,0x7F,0xFF,0x7F,0xFF,0x7F,0xFF,0x7F,0xFF,0x7F,0xFF,0x7F,
	0xFF,0x7F,0xFF,0x7F,0xFF,0x7F,0xFF,0x7F,0xFF,0x7F,0xFF,0x7F,0xFF,0x7F,0xFF,0x7F,
	0xFF,0x7F,0xFF,0x7F,0xFF,0x7F,0xFF,0x7F,0xFF,0x7F,0xFF,0x7F,0xFF,0x7F,0xFF,0x7F,

	0x9C,0x73,0x9C,0x73,0x9C,0x73,0x9C,0x73,0x9C,0x73,0x9C,0x73,0x9C,0x73,0x9C,0x73,
	0x9C,0x73,0x9C,0x73,0x9C,0x73,0x9C,0x73,0x9C,0x73,0x9C,0x73,0x9C,0x73,0x9C,0x73,
	0x9C,0x73,0x9C,0x73,0x9C,0x73,0x9C,0x73,0x9C,0x73,0x9C,0x73,0x9C,0x73,0x9C,0x73,
	0xB5,0x56,0x9C,0x73,0x9C,0x73,0x9C,0x73,0x9C,0x73,0x9C,0x73,0x9C,0x73,0x9C,0x73,
	0x00,0x00,0xFF,0x7F,0xEF,0x3D,0xFF,0x7F,0xFF,0x7F,0xFF,0x7F,0xFF,0x7F,0xFF,0x7F,
	0xFF,0x7F,0xFF,0x7F,0xFF,0x7F,0xFF,0x7F,0xFF,0x7F,0xFF,0x7F,0xFF,0x7F,0xFF,0x7F,
	0xFF,0x7F,0xFF,0x7F,0xFF,0x7F,0xFF,0x7F,0xFF,0x7F,0xFF,0x7F,0xFF,0x7F,0xFF,0x7F,
	0xFF,0x7F,0xFF,0x7F,0xFF,0x7F,0xFF,0x7F,0xFF,0x7F,0xFF,0x7F,0xFF,0x7F,0xFF,0x7F,

	0xFF,0x7F,0xFF,0x7F,0xFF,0x7F,0xFF,0x7F,0xFF,0x7F,0xFF,0x7F,0xFF,0x7F,0xFF,0x7F,
	0xFF,0x7F,0xFF,0x7F,0xFF,0x7F,0xFF,0x7F,0xFF,0x7F,0xFF,0x7F,0xFF,0x7F,0xFF,0x7F,
	0xFF,0x7F,0xFF,0x7F,0xFF,0x7F,0xFF,0x7F,0xFF,0x7F,0xFF,0x7F,0xFF,0x7F,0xFF,0x7F,
	0xFF,0x7F,0xFF,0x7F,0x00,0x00,0xFF,0x7F,0xFF,0x7F,0xFF,0x7F,0xFF,0x7F,0xFF,0x7F,
	0xFF,0x7F,0xFF,0x7F,0xFF,0x7F,0xFF,0x7F,0xFF,0x7F,0xFF,0x7F,0xFF,0x7F,0xFF,0x7F,
	0xFF,0x7F,0xFF,0x7F,0xFF,0x7F,0xFF,0x7F,0xFF,0x7F,0xFF,0x7F,0xFF,0x7F,0x94,0x52,
	0xFF,0x7F,0x00,0x00,0x9C,0x73,0x9C,0x73,0x9C,0x73,0x9C,0x73,0x9C,0x73,0x9C,0x73,
	0xB5,0x56,0x9C,0x73,0x9C,0x73,0x9C,0x73,0x9C,0x73,0x9C,0x73,0x9C,0x73,0x00,0x00,

	0xFF,0x7F,0xEF,0x3D,0xFF,0x7F,0xFF,0x7F,0xFF,0x7F,0xFF,0x7F,0xFF,0x7F,0xFF,0x7F,
	0xFF,0x7F,0xFF,0x7F,0xFF,0x7F,0xFF,0x7F,0xFF,0x7F,0xFF,0x7F,0xFF,0x7F,0xFF,0x7F,
	0xFF,0x7F,0xFF,0x7F,0xFF,0x7F,0xFF,0x7F,0xFF,0x7F,0xFF,0x7F,0xFF,0x7F,0xFF,0x7F,
	0xFF,0x7F,0xFF,0x7F,0xFF,0x7F,0xFF,0x7F,0xFF,0x7F,0xFF,0x7F,0xFF,0x7F,0xFF,0x7F,
	0xFF,0x7F,0xFF,0x7F,0xFF,0x7F,0xFF,0x7F,0xFF,0x7F,0xFF,0x7F,0xFF,0x7F,0xFF,0x7F,
	0xFF,0x7F,0xFF,0x7F,0xFF,0x7F,0xFF,0x7F,0xFF,0x7F,0xFF,0x7F,0xFF,0x7F,0xFF,0x7F,
	0xFF,0x7F,0xFF,0x7F,0xFF,0x7F,0xFF,0x7F,0xFF,0x7F,0xFF,0x7F,0xFF,0x7F,0xFF,0x7F,
	0xFF,0x7F,0x00,0x00,0xFF,0x7F,0xFF,0x7F,0xFF,0x7F,0xFF,0x7F,0xFF,0x7F,0xFF,0x7F,

	0xFF,0x7F,0xFF,0x7F,0xFF,0x7F,0xFF,0x7F,0xFF,0x7F,0xFF,0x7F,0xFF,0x7F,0xFF,0x7F,
	0xFF,0x7F,0xFF,0x7F,0xFF,0x7F,0xFF,0x7F,0xFF,0x7F,0xFF,0x7F,0x94,0x52,0xFF,0x7F,
	0x00,0x00,0x9C,0x73,0x9C,0x73,0x9C,0x73,0x9C,0x73,0x9C,0x73,0x9C,0x73,0x9C,0x73,
	0xB5,0x56,0x9C,0x73,0x9C,0x73,0x9C,0x73,0x9C,0x73,0x9C,0x73,0x9C,0x73,0x9C,0x73,
	0x9C,0x73,0x9C,0x73,0x9C,0x73,0x9C,0x73,0x9C,0x73,0x9C,0x73,0x9C,0x73,0x9C,0x73,
	0x9C,0x73,0x9C,0x73,0x9C,0x73,0x9C,0x73,0x9C,0x73,0x9C,0x73,0x9C,0x73,0x9C,0x73,
	0xFF,0x7F,0xFF,0x7F,0xFF,0x7F,0xFF,0x7F,0xFF,0x7F,0xFF,0x7F,0xFF,0x7F,0xFF,0x7F,
	0xFF,0x7F,0xFF,0x7F,0xFF,0x7F,0xFF,0x7F,0xFF,0x7F,0xFF,0x7F,0xFF,0x7F,0xFF,0x7F,

	0xFF,0x7F,0xFF,0x7F,0xFF,0x7F,0xFF,0x7F,0xFF,0x7F,0xFF,0x7F,0xFF,0x7F,0xFF,0x7F,
	0xB5,0x56,0xFF,0x7F,0xFF,0x7F,0xFF,0x7F,0xFF,0x7F,0xFF,0x7F,0xFF,0x7F,0xFF,0x7F,
	0x00,0x00,0xFF,0x7F,0xEF,0x3D,0x9C,0x73,0x9C,0x73,0x9C,0x73,0x9C,0x73,0x9C,0x73,
	0x9C,0x73,0x9C,0x73,0x9C,0x73,0x9C,0x73,0x9C,0x73,0x9C,0x73,0x9C,0x73,0x9C,0x73,
	0x9C,0x73,0x9C,0x73,0x9C,0x73,0x9C,0x73,0x9C,0x73,0x9C,0x73,0x9C,0x73,0x9C,0x73,
	0x9C,0x73,0x9C,0x73,0x9C,0x73,0x9C,0x73,0x9C,0x73,0x9C,0x73,0x9C,0x73,0x9C,0x73,
	0x9C,0x73,0x9C,0x73,0x9C,0x73,0x9C,0x73,0x9C,0x73,0x9C,0x73,0x9C,0x73,0x9C,0x73,
	0x9C,0x73,0x9C,0x73,0x9C,0x73,0x9C,0x73,0x9C,0x73,0x9C,0x73,0x9C,0x73,0x9C,0x73,

	0x9C,0x73,0x9C,0x73,0x9C,0x73,0x9C,0x73,0x9C,0x73,0x9C,0x73,0x9C,0x73,0x9C,0x73,
	0x9C,0x73,0x9C,0x73,0x00,0x00,0x9C,0x73,0x9C,0x73,0x9C,0x73,0x9C,0x73,0x9C,0x73,
	0x9C,0x73,0x9C,0x73,0x9C,0x73,0x9C,0x73,0x9C,0x73,0x9C,0x73,0x9C,0x73,0x9C,0x73,
	0x9C,0x73,0x9C,0x73,0x9C,0x73,0x9C,0x73,0x9C,0x73,0x9C,0x73,0x9C,0x73,0x94,0x52,
	0xFF,0x7F,0x00,0x00,0xFF,0x7F,0xFF,0x7F,0xFF,0x7F,0xFF,0x7F,0xFF,0x7F,0xFF,0x7F,
	0xB5,0x56,0xFF,0x7F,0xFF,0x7F,0xFF,0x7F,0xFF,0x7F,0xFF,0x7F,0xFF,0x7F,0x00,0x00,
	0xFF,0x7F,0xEF,0x3D,0x9C,0x73,0x9C,0x73,0x9C,0x73,0x9C,0x73,0x9C,0x73,0x9C,0x73,
	0x9C,0x73,0x9C,0x73,0x9C,0x73,0x9C,0x73,0x9C,0x73,0x9C,0x73,0x9C,0x73,0x9C,0x73,

	0x9C,0x73,0x9C,0x73,0x9C,0x73,0x9C,0x73,0x9C,0x73,0x9C,0x73,0x9C,0x73,0x9C,0x73,
	0x9C,0x73,0x9C,0x73,0x9C,0x73,0x9C,0x73,0x9C,0x73,0x9C,0x73,0x9C,0x73,0x9C,0x73,
	0x9C,0x73,0x9C,0x73,0x9C,0x73,0x9C,0x73,0x9C,0x73,0x9C,0x73,0x9C,0x73,0x9C,0x73,
	0x9C,0x73,0x9C,0x73,0x9C,0x73,0x9C,0x73,0x9C,0x73,0x9C,0x73,0x9C,0x73,0x9C,0x73,
	0x9C,0x73,0x9C,0x73,0x9C,0x73,0x9C,0x73,0x9C,0x73,0x9C,0x73,0x9C,0x73,0x9C,0x73,
	0x9C,0x73,0x00,0x00,0x9C,0x73,0x9C,0x73,0x9C,0x73,0x9C,0x73,0x9C,0x73,0x9C,0x73,
	0x9C,0x73,0x9C,0x73,0x9C,0x73,0x9C,0x73,0x9C,0x73,0x9C,0x73,0x9C,0x73,0x9C,0x73,
	0x9C,0x73,0x9C,0x73,0x9C,0x73,0x9C,0x73,0x9C,0x73,0x9C,0x73,0x94,0x52,0xFF,0x7F,

	0x00,0x00,0xFF,0x7F,0xFF,0x7F,0xFF,0x7F,0xFF,0x7F,0xFF,0x7F,0xFF,0x7F,0xFF,0x7F,
	0xB5,0x56,0xFF,0x7F,0xFF,0x7F,0xFF,0x7F,0xFF,0x7F,0xFF,0x7F,0xFF,0x7F,0xFF,0x7F,
	0xFF,0x7F,0xFF,0x7F,0xFF,0x7F,0xFF,0x7F,0xFF,0x7F,0xFF,0x7F,0xFF,0x7F,0xFF,0x7F,
	0xFF,0x7F,0xFF,0x7F,0xFF,0x7F,0xFF,0x7F,0xFF,0x7F,0xFF,0x7F,0xFF,0x7F,0xFF,0x7F,
	0x9C,0x73,0x9C,0x73,0x9C,0x73,0x9C,0x73,0x9C,0x73,0x9C,0x73,0x9C,0x73,0x9C,0x73,
	0x9C,0x73,0x9C,0x73,0x9C,0x73,0x9C,0x73,0x9C,0x73,0x9C,0x73,0x9C,0x73,0x9C,0x73,
	0x9C,0x73,0x9C,0x73,0x9C,0x73,0x9C,0x73,0x9C,0x73,0x9C,0x73,0x9C,0x73,0x9C,0x73,
	0xB5,0x56,0x9C,0x73,0x9C,0x73,0x9C,0x73,0x9C,0x73,0x9C,0x73,0x9C,0x73,0x9C,0x73,

	0x00,0x00,0xFF,0x7F,0xEF,0x3D,0xFF,0x7F,0xFF,0x7F,0xFF,0x7F,0xFF,0x7F,0xFF,0x7F,
	0xFF,0x7F,0xFF,0x7F,0xFF,0x7F,0xFF,0x7F,0xFF,0x7F,0xFF,0x7F,0xFF,0x7F,0xFF,0x7F,
	0xFF,0x7F,0xFF,0x7F,0xFF,0x7F,0xFF,0x7F,0xFF,0x7F,0xFF,0x7F,0x00,0x00,0x00,0x00,
	0x00,0x00,0xFF,0x7F,0x00,0x00,0x00,0x00,0xFF,0x7F,0xFF,0x7F,0xFF,0x7F,0xFF,0x7F,
	0xFF,0x7F,0x00,0x00,0x00,0x00,0xFF,0x7F,0xFF,0x7F,0xFF,0x7F,0x00,0x00,0x00,0x00,
	0x00,0x00,0xFF,0x7F,0xFF,0x7F,0xFF,0x7F,0xFF,0x7F,0x00,0x00,0xFF,0x7F,0xFF,0x7F,
	0x00,0x00,0xFF,0x7F,0xFF,0x7F,0xFF,0x7F,0xFF,0x7F,0x00,0x00,0x00,0x00,0xFF,0x7F,
	0xFF,0x7F,0xFF,0x7F,0x00,0x00,0xFF,0x7F,0xFF,0x7F,0xFF,0x7F,0xFF,0x7F,0xFF,0x7F,

	0xFF,0x7F,0xFF,0x7F,0xFF,0x7F,0xFF,0x7F,0xFF,0x7F,0xFF,0x7F,0xFF,0x7F,0xFF,0x7F,
	0xFF,0x7F,0xFF,0x7F,0xFF,0x7F,0xFF,0x7F,0xFF,0x7F,0xFF,0x7F,0xFF,0x7F,0x94,0x52,
	0xFF,0x7F,0x00,0x00,0x9C,0x73,0x9C,0x73,0x9C,0x73,0x9C,0x73,0x9C,0x73,0x9C,0x73,
	0xB5,0x56,0x9C,0x73,0x9C,0x73,0x9C,0x73,0x9C,0x73,0x9C,0x73,0x9C,0x73,0x00,0x00,
	0xFF,0x7F,0xEF,0x3D,0xFF,0x7F,0xFF,0x7F,0xFF,0x7F,0xFF,0x7F,0xFF,0x7F,0xFF,0x7F,
	0xFF,0x7F,0xFF,0x7F,0xFF,0x7F,0xFF,0x7F,0xFF,0x7F,0xFF,0x7F,0xFF,0x7F,0xFF,0x7F,
	0xFF,0x7F,0xFF,0x7F,0xFF,0x7F,0xFF,0x7F,0xFF,0x7F,0x00,0x00,0x00,0x00,0x00,0x00,
	0xFF,0x7F,0x00,0x00,0x00,0x00,0xFF,0x7F,0xFF,0x7F,0xFF,0x7F,0xFF,0x7F,0xFF,0x7F,

	0x00,0x00,0x00,0x00,0xFF,0x7F,0xFF,0x7F,0xFF,0x7F,0x00,0x00,0x00,0x00,0x00,0x00,
	0xFF,0x7F,0xFF,0x7F,0xFF,0x7F,0xFF,0x7F,0x00,0x00,0xFF,0x7F,0xFF,0x7F,0x00,0x00,
	0xFF,0x7F,0xFF,0x7F,0xFF,0x7F,0xFF,0x7F,0x00,0x00,0x00,0x00,0xFF,0x7F,0xFF,0x7F,
	0xFF,0x7F,0x00,0x00,0xFF,0x7F,0xFF,0x7F,0xFF,0x7F,0xFF,0x7F,0xFF,0x7F,0xFF,0x7F,
	0xFF,0x7F,0xFF,0x7F,0xFF,0x7F,0xFF,0x7F,0xFF,0x7F,0xFF,0x7F,0xFF,0x7F,0xFF,0x7F,
	0xFF,0x7F,0xFF,0x7F,0xFF,0x7F,0xFF,0x7F,0xFF,0x7F,0xFF,0x7F,0x94,0x52,0xFF,0x7F,
	0x00,0x00,0x9C,0x73,0x9C,0x73,0x9C,0x73,0x9C,0x73,0x9C,0x73,0x9C,0x73,0x9C,0x73,
	0xB5,0x56,0x9C,0x73,0x9C,0x73,0x9C,0x73,0x9C,0x73,0x9C,0x73,0x9C,0x73,0x9C,0x73,

	0x9C,0x73,0x9C,0x73,0x9C,0x73,0x9C,0x73,0x9C,0x73,0x9C,0x73,0x9C,0x73,0x9C,0x73,
	0x9C,0x73,0x9C,0x73,0x9C,0x73,0x9C,0x73,0x9C,0x73,0x9C,0x73,0x9C,0x73,0x9C,0x73,
	0xFF,0x7F,0xFF,0x7F,0xFF,0x7F,0xFF,0x7F,0xFF,0x7F,0xFF,0x7F,0xFF,0x7F,0xFF,0x7F,
	0xFF,0x7F,0xFF,0x7F,0xFF,0x7F,0xFF,0x7F,0xFF,0x7F,0xFF,0x7F,0xFF,0x7F,0xFF,0x7F,
	0xFF,0x7F,0xFF,0x7F,0xFF,0x7F,0xFF,0x7F,0xFF,0x7F,0xFF,0x7F,0xFF,0x7F,0xFF,0x7F,
	0xB5,0x56,0xFF,0x7F,0xFF,0x7F,0xFF,0x7F,0xFF,0x7F,0xFF,0x7F,0xFF,0x7F,0xFF,0x7F,
	0x00,0x00,0xFF,0x7F,0xEF,0x3D,0x9C,0x73,0x9C,0x73,0x9C,0x73,0x9C,0x73,0x9C,0x73,
	0x9C,0x73,0x9C,0x73,0x9C,0x73,0x9C,0x73,0x9C,0x73,0x9C,0x73,0x9C,0x73,0x9C,0x73,

	0x9C,0x73,0x9C,0x73,0x9C,0x73,0x9C,0x73,0x9C,0x73,0x9C,0x73,0x00,0x00,0x9C,0x73,
	0x9C,0x73,0x00,0x00,0x9C,0x73,0x9C,0x73,0x00,0x00,0x9C,0x73,0x9C,0x73,0x9C,0x73,
	0x9C,0x73,0x9C,0x73,0x9C,0x73,0x00,0x00,0x9C,0x73,0x9C,0x73,0x00,0x00,0x9C,0x73,
	0x9C,0x73,0x00,0x00,0x9C,0x73,0x9C,0x73,0x9C,0x73,0x00,0x00,0x9C,0x73,0x9C,0x73,
	0x00,0x00,0x9C,0x73,0x9C,0x73,0x9C,0x73,0x9C,0x73,0x9C,0x73,0x9C,0x73,0x00,0x00,
	0x9C,0x73,0x9C,0x73,0x00,0x00,0x9C,0x73,0x9C,0x73,0x9C,0x73,0x9C,0x73,0x9C,0x73,
	0x9C,0x73,0x9C,0x73,0x9C,0x73,0x9C,0x73,0x9C,0x73,0x9C,0x73,0x9C,0x73,0x9C,0x73,
	0x9C,0x73,0x9C,0x73,0x9C,0x73,0x9C,0x73,0x9C,0x73,0x9C,0x73,0x9C,0x73,0x94,0x52,

	0xFF,0x7F,0x00,0x00,0xFF,0x7F,0xFF,0x7F,0xFF,0x7F,0xFF,0x7F,0xFF,0x7F,0xFF,0x7F,
	0xB5,0x56,0xFF,0x7F,0xFF,0x7F,0xFF,0x7F,0xFF,0x7F,0xFF,0x7F,0xFF,0x7F,0x00,0x00,
	0xFF,0x7F,0xEF,0x3D,0x9C,0x73,0x9C,0x73,0x9C,0x73,0x9C,0x73,0x9C,0x73,0x9C,0x73,
	0x9C,0x73,0x9C,0x73,0x9C,0x73,0x9C,0x73,0x9C,0x73,0x9C,0x73,0x9C,0x73,0x9C,0x73,
	0x9C,0x73,0x9C,0x73,0x9C,0x73,0x9C,0x73,0x9C,0x73,0x00,0x00,0x9C,0x73,0x9C,0x73,
	0x00,0x00,0x9C,0x73,0x9C,0x73,0x00,0x00,0x9C,0x73,0x9C,0x73,0x9C,0x73,0x9C,0x73,
	0x9C,0x73,0x9C,0x73,0x00,0x00,0x9C,0x73,0x9C,0x73,0x00,0x00,0x9C,0x73,0x9C,0x73,
	0x00,0x00,0x9C,0x73,0x9C,0x73,0x9C,0x73,0x00,0x00,0x9C,0x73,0x9C,0x73,0x00,0x00,

	0x9C,0x73,0x9C,0x73,0x9C,0x73,0x9C,0x73,0x9C,0x73,0x9C,0x73,0x00,0x00,0x9C,0x73,
	0x9C,0x73,0x00,0x00,0x9C,0x73,0x9C,0x73,0x9C,0x73,0x9C,0x73,0x9C,0x73,0x9C,0x73,
	0x9C,0x73,0x9C,0x73,0x9C,0x73,0x9C,0x73,0x9C,0x73,0x9C,0x73,0x9C,0x73,0x9C,0x73,
	0x9C,0x73,0x9C,0x73,0x9C,0x73,0x9C,0x73,0x9C,0x73,0x9C,0x73,0x94,0x52,0xFF,0x7F,
	0x00,0x00,0xFF,0x7F,0xFF,0x7F,0xFF,0x7F,0xFF,0x7F,0xFF,0x7F,0xFF,0x7F,0xFF,0x7F,
	0xB5,0x56,0xFF,0x7F,0xFF,0x7F,0xFF,0x7F,0xFF,0x7F,0xFF,0x7F,0xFF,0x7F,0xFF,0x7F,
	0xFF,0x7F,0xFF,0x7F,0xFF,0x7F,0xFF,0x7F,0xFF,0x7F,0xFF,0x7F,0xFF,0x7F,0xFF,0x7F,
	0xFF,0x7F,0xFF,0x7F,0xFF,0x7F,0xFF,0x7F,0xFF,0x7F,0xFF,0x7F,0xFF,0x7F,0xFF,0x7F,

	0x9C,0x73,0x9C,0x73,0x9C,0x73,0x9C,0x73,0x9C,0x73,0x9C,0x73,0x9C,0x73,0x9C,0x73,
	0x9C,0x73,0x9C,0x73,0x9C,0x73,0x9C,0x73,0x9C,0x73,0x9C,0x73,0x9C,0x73,0x9C,0x73,
	0x9C,0x73,0x9C,0x73,0x9C,0x73,0x9C,0x73,0x9C,0x73,0x9C,0x73,0x9C,0x73,0x9C,0x73,
	0xB5,0x56,0x9C,0x73,0x9C,0x73,0x9C,0x73,0x9C,0x73,0x9C,0x73,0x9C,0x73,0x9C,0x73,
	0x00,0x00,0xFF,0x7F,0xEF,0x3D,0xFF,0x7F,0xFF,0x7F,0xFF,0x7F,0xFF,0x7F,0xFF,0x7F,
	0xFF,0x7F,0xFF,0x7F,0xFF,0x7F,0xFF,0x7F,0xFF,0x7F,0xFF,0x7F,0xFF,0x7F,0xFF,0x7F,
	0xFF,0x7F,0xFF,0x7F,0xFF,0x7F,0xFF,0x7F,0xFF,0x7F,0xFF,0x7F,0x00,0x00,0xFF,0x7F,
	0xFF,0x7F,0x00,0x00,0xFF,0x7F,0xFF,0x7F,0x00,0x00,0xFF,0x7F,0xFF,0x7F,0xFF,0x7F,

	0xFF,0x7F,0x00,0x00,0x00,0x00,0x00,0x00,0xFF,0x7F,0xFF,0x7F,0x00,0x00,0xFF,0x7F,
	0xFF,0x7F,0x00,0x00,0xFF,0x7F,0xFF,0x7F,0xFF,0x7F,0x00,0x00,0xFF,0x7F,0xFF,0x7F,
	0x00,0x00,0xFF,0x7F,0xFF,0x7F,0xFF,0x7F,0xFF,0x7F,0x00,0x00,0x00,0x00,0x00,0x00,
	0xFF,0x7F,0xFF,0x7F,0x00,0x00,0xFF,0x7F,0xFF,0x7F,0xFF,0x7F,0xFF,0x7F,0xFF,0x7F,
	0xFF,0x7F,0xFF,0x7F,0xFF,0x7F,0xFF,0x7F,0xFF,0x7F,0xFF,0x7F,0xFF,0x7F,0xFF,0x7F,
	0xFF,0x7F,0xFF,0x7F,0xFF,0x7F,0xFF,0x7F,0xFF,0x7F,0xFF,0x7F,0xFF,0x7F,0x94,0x52,
	0xFF,0x7F,0x00,0x00,0x9C,0x73,0x9C,0x73,0x9C,0x73,0x9C,0x73,0x9C,0x73,0x9C,0x73,
	0xB5,0x56,0x9C,0x73,0x9C,0x73,0x9C,0x73,0x9C,0x73,0x9C,0x73,0x9C,0x73,0x00,0x00,

	0xFF,0x7F,0xEF,0x3D,0xFF,0x7F,0xFF,0x7F,0xFF,0x7F,0xFF,0x7F,0xFF,0x7F,0xFF,0x7F,
	0xFF,0x7F,0xFF,0x7F,0xFF,0x7F,0xFF,0x7F,0xFF,0x7F,0xFF,0x7F,0xFF,0x7F,0xFF,0x7F,
	0xFF,0x7F,0xFF,0x7F,0xFF,0x7F,0xFF,0x7F,0xFF,0x7F,0x00,0x00,0xFF,0x7F,0xFF,0x7F,
	0x00,0x00,0xFF,0x7F,0xFF,0x7F,0x00,0x00,0xFF,0x7F,0xFF,0x7F,0xFF,0x7F,0xFF,0x7F,
	0x00,0x00,0x00,0x00,0x00,0x00,0xFF,0x7F,0xFF,0x7F,0x00,0x00,0xFF,0x7F,0xFF,0x7F,
	0x00,0x00,0xFF,0x7F,0xFF,0x7F,0xFF,0x7F,0x00,0x00,0xFF,0x7F,0xFF,0x7F,0x00,0x00,
	0xFF,0x7F,0xFF,0x7F,0xFF,0x7F,0xFF,0x7F,0x00,0x00,0x00,0x00,0x00,0x00,0xFF,0x7F,
	0xFF,0x7F,0x00,0x00,0xFF,0x7F,0xFF,0x7F,0xFF,0x7F,0xFF,0x7F,0xFF,0x7F,0xFF,0x7F,

	0xFF,0x7F,0xFF,0x7F,0xFF,0x7F,0xFF,0x7F,0xFF,0x7F,0xFF,0x7F,0xFF,0x7F,0xFF,0x7F,
	0xFF,0x7F,0xFF,0x7F,0xFF,0x7F,0xFF,0x7F,0xFF,0x7F,0xFF,0x7F,0x94,0x52,0xFF,0x7F,
	0x00,0x00,0x9C,0x73,0x9C,0x73,0x9C,0x73,0x9C,0x73,0x9C,0x73,0x9C,0x73,0x9C,0x73,
	0xB5,0x56,0x9C,0x73,0x9C,0x73,0x9C,0x73,0x9C,0x73,0x9C,0x73,0x9C,0x73,0x9C,0x73,
	0x9C,0x73,0x9C,0x73,0x9C,0x73,0x9C,0x73,0x9C,0x73,0x9C,0x73,0x9C,0x73,0x9C,0x73,
	0x9C,0x73,0x9C,0x73,0x9C,0x73,0x9C,0x73,0x9C,0x73,0x9C,0x73,0x9C,0x73,0x9C,0x73,
	0xFF,0x7F,0xFF,0x7F,0xFF,0x7F,0xFF,0x7F,0xFF,0x7F,0xFF,0x7F,0xFF,0x7F,0xFF,0x7F,
	0xFF,0x7F,0xFF,0x7F,0xFF,0x7F,0xFF,0x7F,0xFF,0x7F,0xFF,0x7F,0xFF,0x7F,0xFF,0x7F,

	0xFF,0x7F,0xFF,0x7F,0xFF,0x7F,0xFF,0x7F,0xFF,0x7F,0xFF,0x7F,0xFF,0x7F,0xFF,0x7F,
	0xB5,0x56,0xFF,0x7F,0xFF,0x7F,0xFF,0x7F,0xFF,0x7F,0xFF,0x7F,0xFF,0x7F,0xFF,0x7F,
	0x00,0x00,0xFF,0x7F,0xEF,0x3D,0x9C,0x73,0x9C,0x73,0x9C,0x73,0x9C,0x73,0x9C,0x73,
	0x9C,0x73,0x9C,0x73,0x9C,0x73,0x9C,0x73,0x9C,0x73,0x9C,0x73,0x9C,0x73,0x9C,0x73,
	0x9C,0x73,0x9C,0x73,0x9C,0x73,0x9C,0x73,0x9C,0x73,0x9C,0x73,0x00,0x00,0x9C,0x73,
	0x9C,0x73,0x00,0x00,0x9C,0x73,0x9C,0x73,0x00,0x00,0x9C,0x73,0x9C,0x73,0x9C,0x73,
	0x00,0x00,0x9C,0x73,0x9C,0x73,0x00,0x00,0x9C,0x73,0x9C,0x73,0x00,0x00,0x9C,0x73,
	0x9C,0x73,0x00,0x00,0x9C,0x73,0x9C,0x73,0x9C,0x73,0x00,0x00,0x9C,0x73,0x9C,0x73,

	0x00,0x00,0x9C,0x73,0x9C,0x73,0x9C,0x73,0x00,0x00,0x9C,0x73,0x9C,0x73,0x00,0x00,
	0x9C,0x73,0x9C,0x73,0x00,0x00,0x9C,0x73,0x9C,0x73,0x9C,0x73,0x9C,0x73,0x9C,0x73,
	0x9C,0x73,0x9C,0x73,0x9C,0x73,0x9C,0x73,0x9C,0x73,0x9C,0x73,0x9C,0x73,0x9C,0x73,
	0x9C,0x73,0x9C,0x73,0x9C,0x73,0x9C,0x73,0x9C,0x73,0x9C,0x73,0x9C,0x73,0x94,0x52,
	0xFF,0x7F,0x00,0x00,0xFF,0x7F,0xFF,0x7F,0xFF,0x7F,0xFF,0x7F,0xFF,0x7F,0xFF,0x7F,
	0xB5,0x56,0xFF,0x7F,0xFF,0x7F,0xFF,0x7F,0xFF,0x7F,0xFF,0x7F,0xFF,0x7F,0x00,0x00,
	0xFF,0x7F,0xEF,0x3D,0x9C,0x73,0x9C,0x73,0x9C,0x73,0x9C,0x73,0x9C,0x73,0x9C,0x73,
	0x9C,0x73,0x9C,0x73,0x9C,0x73,0x9C,0x73,0x9C,0x73,0x9C,0x73,0x9C,0x73,0x9C,0x73,

	0x9C,0x73,0x9C,0x73,0x9C,0x73,0x9C,0x73,0x9C,0x73,0x00,0x00,0x9C,0x73,0x9C,0x73,
	0x00,0x00,0x9C,0x73,0x9C,0x73,0x00,0x00,0x9C,0x73,0x9C,0x73,0x9C,0x73,0x00,0x00,
	0x9C,0x73,0x9C,0x73,0x00,0x00,0x9C,0x73,0x9C,0x73,0x00,0x00,0x9C,0x73,0x9C,0x73,
	0x00,0x00,0x9C,0x73,0x9C,0x73,0x9C,0x73,0x00,0x00,0x9C,0x73,0x9C,0x73,0x00,0x00,
	0x9C,0x73,0x9C,0x73,0x9C,0x73,0x00,0x00,0x9C,0x73,0x9C,0x73,0x00,0x00,0x9C,0x73,
	0x9C,0x73,0x00,0x00,0x9C,0x73,0x9C,0x73,0x9C,0x73,0x9C,0x73,0x9C,0x73,0x9C,0x73,
	0x9C,0x73,0x9C,0x73,0x9C,0x73,0x9C,0x73,0x9C,0x73,0x9C,0x73,0x9C,0x73,0x9C,0x73,
	0x9C,0x73,0x9C,0x73,0x9C,0x73,0x9C,0x73,0x9C,0x73,0x9C,0x73,0x94,0x52,0xFF,0x7F,

	0x00,0x00,0xFF,0x7F,0xFF,0x7F,0xFF,0x7F,0xFF,0x7F,0xFF,0x7F,0xFF,0x7F,0xFF,0x7F,
	0xB5,0x56,0xFF,0x7F,0xFF,0x7F,0xFF,0x7F,0xFF,0x7F,0xFF,0x7F,0xFF,0x7F,0xFF,0x7F,
	0xFF,0x7F,0xFF,0x7F,0xFF,0x7F,0xFF,0x7F,0xFF,0x7F,0xFF,0x7F,0xFF,0x7F,0xFF,0x7F,
	0xFF,0x7F,0xFF,0x7F,0xFF,0x7F,0xFF,0x7F,0xFF,0x7F,0xFF,0x7F,0xFF,0x7F,0xFF,0x7F,
	0x9C,0x73,0x9C,0x73,0x9C,0x73,0x9C,0x73,0x9C,0x73,0x9C,0x73,0x9C,0x73,0x9C,0x73,
	0x9C,0x73,0x9C,0x73,0x9C,0x73,0x9C,0x73,0x9C,0x73,0x9C,0x73,0x9C,0x73,0x9C,0x73,
	0x9C,0x73,0x9C,0x73,0x9C,0x73,0x9C,0x73,0x9C,0x73,0x9C,0x73,0x9C,0x73,0x9C,0x73,
	0xB5,0x56,0x9C,0x73,0x9C,0x73,0x9C,0x73,0x9C,0x73,0x9C,0x73,0x9C,0x73,0x9C,0x73,

	0x00,0x00,0xFF,0x7F,0xEF,0x3D,0xFF,0x7F,0xFF,0x7F,0xFF,0x7F,0xFF,0x7F,0xFF,0x7F,
	0xFF,0x7F,0xFF,0x7F,0xFF,0x7F,0xFF,0x7F,0xFF,0x7F,0xFF,0x7F,0xFF,0x7F,0xFF,0x7F,
	0xFF,0x7F,0xFF,0x7F,0xFF,0x7F,0xFF,0x7F,0xFF,0x7F,0xFF,0x7F,0x00,0x00,0xFF,0x7F,
	0xFF,0x7F,0x00,0x00,0xFF,0x7F,0xFF,0x7F,0x00,0x00,0xFF,0x7F,0xFF,0x7F,0xFF,0x7F,
	0xFF,0x7F,0x00,0x00,0x00,0x00,0x00,0x00,0xFF,0x7F,0xFF,0x7F,0x00,0x00,0xFF,0x7F,
	0xFF,0x7F,0x00,0x00,0xFF,0x7F,0xFF,0x7F,0xFF,0x7F,0xFF,0x7F,0x00,0x00,0x00,0x00,
	0x00,0x00,0xFF,0x7F,0xFF,0x7F,0xFF,0x7F,0xFF,0x7F,0x00,0x00,0x00,0x00,0x00,0x00,
	0xFF,0x7F,0xFF,0x7F,0x00,0x00,0xFF,0x7F,0xFF,0x7F,0xFF,0x7F,0xFF,0x7F,0xFF,0x7F,

	0xFF,0x7F,0xFF,0x7F,0xFF,0x7F,0xFF,0x7F,0xFF,0x7F,0xFF,0x7F,0xFF,0x7F,0xFF,0x7F,
	0xFF,0x7F,0xFF,0x7F,0xFF,0x7F,0xFF,0x7F,0xFF,0x7F,0xFF,0x7F,0xFF,0x7F,0x94,0x52,
	0xFF,0x7F,0x00,0x00,0x9C,0x73,0x9C,0x73,0x9C,0x73,0x9C,0x73,0x9C,0x73,0x9C,0x73,
	0xB5,0x56,0x9C,0x73,0x9C,0x73,0x9C,0x73,0x9C,0x73,0x9C,0x73,0x9C,0x73,0x00,0x00,
	0xFF,0x7F,0xEF,0x3D,0xFF,0x7F,0xFF,0x7F,0xFF,0x7F,0xFF,0x7F,0xFF,0x7F,0xFF,0x7F,
	0xFF,0x7F,0xFF,0x7F,0xFF,0x7F,0xFF,0x7F,0xFF,0x7F,0xFF,0x7F,0xFF,0x7F,0xFF,0x7F,
	0xFF,0x7F,0xFF,0x7F,0xFF,0x7F,0xFF,0x7F,0xFF,0x7F,0x00,0x00,0xFF,0x7F,0xFF,0x7F,
	0x00,0x00,0xFF,0x7F,0xFF,0x7F,0x00,0x00,0xFF,0x7F,0xFF,0x7F,0xFF,0x7F,0xFF,0x7F,

	0x00,0x00,0x00,0x00,0x00,0x00,0xFF,0x7F,0xFF,0x7F,0x00,0x00,0xFF,0x7F,0xFF,0x7F,
	0x00,0x00,0xFF,0x7F,0xFF,0x7F,0xFF,0x7F,0xFF,0x7F,0x00,0x00,0x00,0x00,0x00,0x00,
	0xFF,0x7F,0xFF,0x7F,0xFF,0x7F,0xFF,0x7F,0x00,0x00,0x00,0x00,0x00,0x00,0xFF,0x7F,
	0xFF,0x7F,0x00,0x00,0xFF,0x7F,0xFF,0x7F,0xFF,0x7F,0xFF,0x7F,0xFF,0x7F,0xFF,0x7F,
	0xFF,0x7F,0xFF,0x7F,0xFF,0x7F,0xFF,0x7F,0xFF,0x7F,0xFF,0x7F,0xFF,0x7F,0xFF,0x7F,
	0xFF,0x7F,0xFF,0x7F,0xFF,0x7F,0xFF,0x7F,0xFF,0x7F,0xFF,0x7F,0x94,0x52,0xFF,0x7F,
	0x00,0x00,0x9C,0x73,0x9C,0x73,0x9C,0x73,0x9C,0x73,0x9C,0x73,0x9C,0x73,0x9C,0x73,
	0xB5,0x56,0x9C,0x73,0x9C,0x73,0x9C,0x73,0x9C,0x73,0x9C,0x73,0x9C,0x73,0x9C,0x73,

	0x9C,0x73,0x9C,0x73,0x9C,0x73,0x9C,0x73,0x9C,0x73,0x9C,0x73,0x9C,0x73,0x9C,0x73,
	0x9C,0x73,0x9C,0x73,0x9C,0x73,0x9C,0x73,0x9C,0x73,0x9C,0x73,0x9C,0x73,0x9C,0x73,
	0xFF,0x7F,0xFF,0x7F,0xFF,0x7F,0xFF,0x7F,0xFF,0x7F,0xFF,0x7F,0xFF,0x7F,0xFF,0x7F,
	0xFF,0x7F,0xFF,0x7F,0xFF,0x7F,0xFF,0x7F,0xFF,0x7F,0xFF,0x7F,0xFF,0x7F,0xFF,0x7F,
	0xFF,0x7F,0xFF,0x7F,0xFF,0x7F,0xFF,0x7F,0xFF,0x7F,0xFF,0x7F,0xFF,0x7F,0xFF,0x7F,
	0xB5,0x56,0xFF,0x7F,0xFF,0x7F,0xFF,0x7F,0xFF,0x7F,0xFF,0x7F,0xFF,0x7F,0xFF,0x7F,
	0x00,0x00,0xFF,0x7F,0xEF,0x3D,0x9C,0x73,0x9C,0x73,0x9C,0x73,0x9C,0x73,0x9C,0x73,
	0x9C,0x73,0x9C,0x73,0x9C,0x73,0x9C,0x73,0x9C,0x73,0x9C,0x73,0x9C,0x73,0x9C,0x73,

	0x9C,0x73,0x9C,0x73,0x9C,0x73,0x9C,0x73,0x9C,0x73,0x9C,0x73,0x9C,0x73,0x9C,0x73,
	0x9C,0x73,0x9C,0x73,0x9C,0x73,0x9C,0x73,0x9C,0x73,0x9C,0x73,0x9C,0x73,0x9C,0x73,
	0x9C,0x73,0x9C,0x73,0x9C,0x73,0x9C,0x73,0x9C,0x73,0x9C,0x73,0x9C,0x73,0x9C,0x73,
	0x9C,0x73,0x9C,0x73,0x9C,0x73,0x9C,0x73,0x9C,0x73,0x9C,0x73,0x9C,0x73,0x9C,0x73,
	0x9C,0x73,0x9C,0x73,0x9C,0x73,0x9C,0x73,0x9C,0x73,0x9C,0x73,0x9C,0x73,0x9C,0x73,
	0x9C,0x73,0x9C,0x73,0x9C,0x73,0x9C,0x73,0x9C,0x73,0x9C,0x73,0x9C,0x73,0x9C,0x73,
	0x9C,0x73,0x9C,0x73,0x9C,0x73,0x9C,0x73,0x9C,0x73,0x9C,0x73,0x9C,0x73,0x9C,0x73,
	0x9C,0x73,0x9C,0x73,0x9C,0x73,0x9C,0x73,0x9C,0x73,0x9C,0x73,0x9C,0x73,0x94,0x52,

	0xFF,0x7F,0x00,0x00,0xFF,0x7F,0xFF,0x7F,0xFF,0x7F,0xFF,0x7F,0xFF,0x7F,0xFF,0x7F,
	0xB5,0x56,0xFF,0x7F,0xFF,0x7F,0xFF,0x7F,0xFF,0x7F,0xFF,0x7F,0xFF,0x7F,0x00,0x00,
	0xFF,0x7F,0xEF,0x3D,0x9C,0x73,0x9C,0x73,0x9C,0x73,0x9C,0x73,0x9C,0x73,0x9C,0x73,
	0x9C,0x73,0x9C,0x73,0x9C,0x73,0x9C,0x73,0x9C,0x73,0x9C,0x73,0x9C,0x73,0x9C,0x73,
	0x9C,0x73,0x9C,0x73,0x9C,0x73,0x9C,0x73,0x9C,0x73,0x9C,0x73,0x9C,0x73,0x9C,0x73,
	0x9C,0x73,0x9C,0x73,0x9C,0x73,0x9C,0x73,0x9C,0x73,0x9C,0x73,0x9C,0x73,0x9C,0x73,
	0x9C,0x73,0x9C,0x73,0x9C,0x73,0x9C,0x73,0x9C,0x73,0x9C,0x73,0x9C,0x73,0x9C,0x73,
	0x9C,0x73,0x9C,0x73,0x9C,0x73,0x9C,0x73,0x9C,0x73,0x9C,0x73,0x9C,0x73,0x9C,0x73,

	0x9C,0x73,0x9C,0x73,0x9C,0x73,0x9C,0x73,0x9C,0x73,0x9C,0x73,0x9C,0x73,0x9C,0x73,
	0x9C,0x73,0x9C,0x73,0x9C,0x73,0x9C,0x73,0x9C,0x73,0x9C,0x73,0x9C,0x73,0x9C,0x73,
	0x9C,0x73,0x9C,0x73,0x9C,0x73,0x9C,0x73,0x9C,0x73,0x9C,0x73,0x9C,0x73,0x9C,0x73,
	0x9C,0x73,0x9C,0x73,0x9C,0x73,0x9C,0x73,0x9C,0x73,0x9C,0x73,0x94,0x52,0xFF,0x7F,
	0x00,0x00,0xFF,0x7F,0xFF,0x7F,0xFF,0x7F,0xFF,0x7F,0xFF,0x7F,0xFF,0x7F,0xFF,0x7F,
	0xB5,0x56,0xFF,0x7F,0xFF,0x7F,0xFF,0x7F,0xFF,0x7F,0xFF,0x7F,0xFF,0x7F,0xFF,0x7F,
	0xFF,0x7F,0xFF,0x7F,0xFF,0x7F,0xFF,0x7F,0xFF,0x7F,0xFF,0x7F,0xFF,0x7F,0xFF,0x7F,
	0xFF,0x7F,0xFF,0x7F,0xFF,0x7F,0xFF,0x7F,0xFF,0x7F,0xFF,0x7F,0xFF,0x7F,0xFF,0x7F,

	0x9C,0x73,0x9C,0x73,0x9C,0x73,0x9C,0x73,0x9C,0x73,0x9C,0x73,0x9C,0x73,0x9C,0x73,
	0x9C,0x73,0x9C,0x73,0x9C,0x73,0x9C,0x73,0x9C,0x73,0x9C,0x73,0x9C,0x73,0x9C,0x73,
	0x9C,0x73,0x9C,0x73,0x9C,0x73,0x9C,0x73,0x9C,0x73,0x9C,0x73,0x9C,0x73,0x9C,0x73,
	0xB5,0x56,0x9C,0x73,0x9C,0x73,0x9C,0x73,0x9C,0x73,0x9C,0x73,0x9C,0x73,0x9C,0x73,
	0x00,0x00,0xFF,0x7F,0xEF,0x3D,0xFF,0x7F,0xFF,0x7F,0xFF,0x7F,0xFF,0x7F,0xFF,0x7F,
	0xFF,0x7F,0xFF,0x7F,0xFF,0x7F,0xFF,0x7F,0xFF,0x7F,0xFF,0x7F,0xFF,0x7F,0xFF,0x7F,
	0xFF,0x7F,0xFF,0x7F,0xFF,0x7F,0xFF,0x7F,0xFF,0x7F,0xFF,0x7F,0xFF,0x7F,0xFF,0x7F,
	0xFF,0x7F,0xFF,0x7F,0xFF,0x7F,0xFF,0x7F,0xFF,0x7F,0xFF,0x7F,0xFF,0x7F,0xFF,0x7F,

	0xFF,0x7F,0xFF,0x7F,0xFF,0x7F,0xFF,0x7F,0xFF,0x7F,0xFF,0x7F,0xFF,0x7F,0xFF,0x7F,
	0xFF,0x7F,0xFF,0x7F,0xFF,0x7F,0xFF,0x7F,0xFF,0x7F,0xFF,0x7F,0xFF,0x7F,0xFF,0x7F,
	0xFF,0x7F,0xFF,0x7F,0xFF,0x7F,0xFF,0x7F,0xFF,0x7F,0xFF,0x7F,0xFF,0x7F,0xFF,0x7F,
	0xFF,0x7F,0xFF,0x7F,0xFF,0x7F,0xFF,0x7F,0xFF,0x7F,0xFF,0x7F,0xFF,0x7F,0xFF,0x7F,
	0xFF,0x7F,0xFF,0x7F,0xFF,0x7F,0xFF,0x7F,0xFF,0x7F,0xFF,0x7F,0xFF,0x7F,0xFF,0x7F,
	0xFF,0x7F,0xFF,0x7F,0xFF,0x7F,0xFF,0x7F,0xFF,0x7F,0xFF,0x7F,0xFF,0x7F,0x94,0x52,
	0xFF,0x7F,0x00,0x00,0x9C,0x73,0x9C,0x73,0x9C,0x73,0x9C,0x73,0x9C,0x73,0x9C,0x73,
	0xB5,0x56,0x9C,0x73,0x9C,0x73,0x9C,0x73,0x9C,0x73,0x9C,0x73,0x9C,0x73,0x00,0x00,

	0xFF,0x7F,0xEF,0x3D,0xFF,0x7F,0xFF,0x7F,0xFF,0x7F,0xFF,0x7F,0xFF,0x7F,0xFF,0x7F,
	0xFF,0x7F,0xFF,0x7F,0xFF,0x7F,0xFF,0x7F,0xFF,0x7F,0xFF,0x7F,0xFF,0x7F,0xFF,0x7F,
	0xFF,0x7F,0xFF,0x7F,0xFF,0x7F,0xFF,0x7F,0xFF,0x7F,0xFF,0x7F,0xFF,0x7F,0xFF,0x7F,
	0xFF,0x7F,0xFF,0x7F,0xFF,0x7F,0xFF,0x7F,0xFF,0x7F,0xFF,0x7F,0xFF,0x7F,0xFF,0x7F,
	0xFF,0x7F,0xFF,0x7F,0xFF,0x7F,0xFF,0x7F,0xFF,0x7F,0xFF,0x7F,0xFF,0x7F,0xFF,0x7F,
	0xFF,0x7F,0xFF,0x7F,0xFF,0x7F,0xFF,0x7F,0xFF,0x7F,0xFF,0x7F,0xFF,0x7F,0xFF,0x7F,
	0xFF,0x7F,0xFF,0x7F,0xFF,0x7F,0xFF,0x7F,0xFF,0x7F,0xFF,0x7F,0xFF,0x7F,0xFF,0x7F,
	0xFF,0x7F,0xFF,0x7F,0xFF,0x7F,0xFF,0x7F,0xFF,0x7F,0xFF,0x7F,0xFF,0x7F,0xFF,0x7F,

	0xFF,0x7F,0xFF,0x7F,0xFF,0x7F,0xFF,0x7F,0xFF,0x7F,0xFF,0x7F,0xFF,0x7F,0xFF,0x7F,
	0xFF,0x7F,0xFF,0x7F,0xFF,0x7F,0xFF,0x7F,0xFF,0x7F,0xFF,0x7F,0x94,0x52,0xFF,0x7F,
	0x00,0x00,0x9C,0x73,0x9C,0x73,0x9C,0x73,0x9C,0x73,0x9C,0x73,0x9C,0x73,0x9C,0x73,
	0xB5,0x56,0x9C,0x73,0x9C,0x73,0x9C,0x73,0x9C,0x73,0x9C,0x73,0x9C,0x73,0x9C,0x73,
	0x9C,0x73,0x9C,0x73,0x9C,0x73,0x9C,0x73,0x9C,0x73,0x9C,0x73,0x9C,0x73,0x9C,0x73,
	0x9C,0x73,0x9C,0x73,0x9C,0x73,0x9C,0x73,0x9C,0x73,0x9C,0x73,0x9C,0x73,0x9C,0x73,
	0xFF,0x7F,0xFF,0x7F,0xFF,0x7F,0xFF,0x7F,0xFF,0x7F,0xFF,0x7F,0xFF,0x7F,0xFF,0x7F,
	0xFF,0x7F,0xFF,0x7F,0xFF,0x7F,0xFF,0x7F,0xFF,0x7F,0xFF,0x7F,0xFF,0x7F,0xFF,0x7F,

	0xFF,0x7F,0xFF,0x7F,0xFF,0x7F,0xFF,0x7F,0xFF,0x7F,0xFF,0x7F,0xFF,0x7F,0xFF,0x7F,
	0xB5,0x56,0xFF,0x7F,0xFF,0x7F,0xFF,0x7F,0xFF,0x7F,0xFF,0x7F,0xFF,0x7F,0xFF,0x7F,
	0x00,0x00,0xFF,0x7F,0xEF,0x3D,0x9C,0x73,0x9C,0x73,0x9C,0x73,0x9C,0x73,0x9C,0x73,
	0x9C,0x73,0x9C,0x73,0x9C,0x73,0x9C,0x73,0x9C,0x73,0x9C,0x73,0x9C,0x73,0x9C,0x73,
	0x9C,0x73,0x9C,0x73,0x9C,0x73,0x9C,0x73,0x9C,0x73,0x9C,0x73,0x9C,0x73,0x9C,0x73,
	0x9C,0x73,0x9C,0x73,0x9C,0x73,0x9C,0x73,0x9C,0x73,0x9C,0x73,0x9C,0x73,0x9C,0x73,
	0x9C,0x73,0x9C,0x73,0x9C,0x73,0x9C,0x73,0x9C,0x73,0x9C,0x73,0x9C,0x73,0x9C,0x73,
	0x9C,0x73,0x9C,0x73,0x9C,0x73,0x9C,0x73,0x9C,0x73,0x9C,0x73,0x9C,0x73,0x9C,0x73,

	0x9C,0x73,0x9C,0x73,0x9C,0x73,0x9C,0x73,0x9C,0x73,0x9C,0x73,0x9C,0x73,0x9C,0x73,
	0x9C,0x73,0x9C,0x73,0x9C,0x73,0x9C,0x73,0x9C,0x73,0x9C,0x73,0x9C,0x73,0x9C,0x73,
	0x9C,0x73,0x9C,0x73,0x9C,0x73,0x9C,0x73,0x9C,0x73,0x9C,0x73,0x9C,0x73,0x9C,0x73,
	0x9C,0x73,0x9C,0x73,0x9C,0x73,0x9C,0x73,0x9C,0x73,0x9C,0x73,0x9C,0x73,0x94,0x52,
	0xFF,0x7F,0x00,0x00,0xFF,0x7F,0xFF,0x7F,0xFF,0x7F,0xFF,0x7F,0xFF,0x7F,0xFF,0x7F,
	0xB5,0x56,0xFF,0x7F,0xFF,0x7F,0xFF,0x7F,0xFF,0x7F,0xFF,0x7F,0xFF,0x7F,0x00,0x00,
	0xFF,0x7F,0xEF,0x3D,0x9C,0x73,0x9C,0x73,0x9C,0x73,0x9C,0x73,0x9C,0x73,0x9C,0x73,
	0x9C,0x73,0x9C,0x73,0x9C,0x73,0x9C,0x73,0x9C,0x73,0x9C,0x73,0x9C,0x73,0x9C,0x73,

	0x9C,0x73,0x9C,0x73,0x9C,0x73,0x9C,0x73,0x9C,0x73,0x9C,0x73,0x9C,0x73,0x9C,0x73,
	0x9C,0x73,0x9C,0x73,0x9C,0x73,0x9C,0x73,0x9C,0x73,0x9C,0x73,0x9C,0x73,0x9C,0x73,
	0x9C,0x73,0x9C,0x73,0x9C,0x73,0x9C,0x73,0x9C,0x73,0x9C,0x73,0x9C,0x73,0x9C,0x73,
	0x9C,0x73,0x9C,0x73,0x9C,0x73,0x9C,0x73,0x9C,0x73,0x9C,0x73,0x9C,0x73,0x9C,0x73,
	0x9C,0x73,0x9C,0x73,0x9C,0x73,0x9C,0x73,0x9C,0x73,0x9C,0x73,0x9C,0x73,0x9C,0x73,
	0x9C,0x73,0x9C,0x73,0x9C,0x73,0x9C,0x73,0x9C,0x73,0x9C,0x73,0x9C,0x73,0x9C,0x73,
	0x9C,0x73,0x9C,0x73,0x9C,0x73,0x9C,0x73,0x9C,0x73,0x9C,0x73,0x9C,0x73,0x9C,0x73,
	0x9C,0x73,0x9C,0x73,0x9C,0x73,0x9C,0x73,0x9C,0x73,0x9C,0x73,0x94,0x52,0xFF,0x7F,

	0x00,0x00,0xFF,0x7F,0xFF,0x7F,0xFF,0x7F,0xFF,0x7F,0xFF,0x7F,0xFF,0x7F,0xFF,0x7F,
	0xB5,0x56,0xFF,0x7F,0xFF,0x7F,0xFF,0x7F,0xFF,0x7F,0xFF,0x7F,0xFF,0x7F,0xFF,0x7F,
	0xFF,0x7F,0xFF,0x7F,0xFF,0x7F,0xFF,0x7F,0xFF,0x7F,0xFF,0x7F,0xFF,0x7F,0xFF,0x7F,
	0xFF,0x7F,0xFF,0x7F,0xFF,0x7F,0xFF,0x7F,0xFF,0x7F,0xFF,0x7F,0xFF,0x7F,0xFF,0x7F,
	0x9C,0x73,0x9C,0x73,0x9C,0x73,0x9C,0x73,0x9C,0x73,0x9C,0x73,0x9C,0x73,0x9C,0x73,
	0x9C,0x73,0x9C,0x73,0x9C,0x73,0x9C,0x73,0x9C,0x73,0x9C,0x73,0x9C,0x73,0x9C,0x73,
	0x9C,0x73,0x9C,0x73,0x9C,0x73,0x9C,0x73,0x9C,0x73,0x9C,0x73,0x9C,0x73,0x9C,0x73,
	0xB5,0x56,0x9C,0x73,0x9C,0x73,0x9C,0x73,0x9C,0x73,0x9C,0x73,0x9C,0x73,0x9C,0x73,

	0x00,0x00,0xFF,0x7F,0xEF,0x3D,0x94,0x52,0x94,0x52,0x94,0x52,0x94,0x52,0x94,0x52,
	0x94,0x52,0x94,0x52,0x94,0x52,0x94,0x52,0x94,0x52,0x94,0x52,0x94,0x52,0x94,0x52,
	0x94,0x52,0x94,0x52,0x94,0x52,0x94,0x52,0x94,0x52,0x94,0x52,0x94,0x52,0x94,0x52,
	0x94,0x52,0x94,0x52,0x94,0x52,0x94,0x52,0x94,0x52,0x94,0x52,0x94,0x52,0x94,0x52,
	0x94,0x52,0x94,0x52,0x94,0x52,0x94,0x52,0x94,0x52,0x94,0x52,0x94,0x52,0x94,0x52,
	0x94,0x52,0x94,0x52,0x94,0x52,0x94,0x52,0x94,0x52,0x94,0x52,0x94,0x52,0x94,0x52,
	0x94,0x52,0x94,0x52,0x94,0x52,0x94,0x52,0x94,0x52,0x94,0x52,0x94,0x52,0x94,0x52,
	0x94,0x52,0x94,0x52,0x94,0x52,0x94,0x52,0x94,0x52,0x94,0x52,0x94,0x52,0x94,0x52,

	0x94,0x52,0x94,0x52,0x94,0x52,0x94,0x52,0x94,0x52,0x94,0x52,0x94,0x52,0x94,0x52,
	0x94,0x52,0x94,0x52,0x94,0x52,0x94,0x52,0x94,0x52,0x94,0x52,0x94,0x52,0x94,0x52,
	0xFF,0x7F,0x00,0x00,0x9C,0x73,0x9C,0x73,0x9C,0x73,0x9C,0x73,0x9C,0x73,0x9C,0x73,
	0xB5,0x56,0x9C,0x73,0x9C,0x73,0x9C,0x73,0x9C,0x73,0x9C,0x73,0x9C,0x73,0x00,0x00,
	0xFF,0x7F,0xEF,0x3D,0x94,0x52,0x94,0x52,0x94,0x52,0x94,0x52,0x94,0x52,0x94,0x52,
	0x94,0x52,0x94,0x52,0x94,0x52,0x94,0x52,0x94,0x52,0x94,0x52,0x94,0x52,0x94,0x52,
	0x94,0x52,0x94,0x52,0x94,0x52,0x94,0x52,0x94,0x52,0x94,0x52,0x94,0x52,0x94,0x52,
	0x94,0x52,0x94,0x52,0x94,0x52,0x94,0x52,0x94,0x52,0x94,0x52,0x94,0x52,0x94,0x52,

	0x94,0x52,0x94,0x52,0x94,0x52,0x94,0x52,0x94,0x52,0x94,0x52,0x94,0x52,0x94,0x52,
	0x94,0x52,0x94,0x52,0x94,0x52,0x94,0x52,0x94,0x52,0x94,0x52,0x94,0x52,0x94,0x52,
	0x94,0x52,0x94,0x52,0x94,0x52,0x94,0x52,0x94,0x52,0x94,0x52,0x94,0x52,0x94,0x52,
	0x94,0x52,0x94,0x52,0x94,0x52,0x94,0x52,0x94,0x52,0x94,0x52,0x94,0x52,0x94,0x52,
	0x94,0x52,0x94,0x52,0x94,0x52,0x94,0x52,0x94,0x52,0x94,0x52,0x94,0x52,0x94,0x52,
	0x94,0x52,0x94,0x52,0x94,0x52,0x94,0x52,0x94,0x52,0x94,0x52,0x94,0x52,0xFF,0x7F,
	0x00,0x00,0x9C,0x73,0x9C,0x73,0x9C,0x73,0x9C,0x73,0x9C,0x73,0x9C,0x73,0x9C,0x73,
	0xB5,0x56,0x9C,0x73,0x9C,0x73,0x9C,0x73,0x9C,0x73,0x9C,0x73,0x9C,0x73,0x9C,0x73,

	0x9C,0x73,0x9C,0x73,0x9C,0x73,0x9C,0x73,0x9C,0x73,0x9C,0x73,0x9C,0x73,0x9C,0x73,
	0x9C,0x73,0x9C,0x73,0x9C,0x73,0x9C,0x73,0x9C,0x73,0x9C,0x73,0x9C,0x73,0x9C,0x73,
	0xFF,0x7F,0xFF,0x7F,0xFF,0x7F,0xFF,0x7F,0xFF,0x7F,0xFF,0x7F,0xFF,0x7F,0xFF,0x7F,
	0xFF,0x7F,0xFF,0x7F,0xFF,0x7F,0xFF,0x7F,0xFF,0x7F,0xFF,0x7F,0xFF,0x7F,0xFF,0x7F,
	0xFF,0x7F,0xFF,0x7F,0xFF,0x7F,0xFF,0x7F,0xFF,0x7F,0xFF,0x7F,0xFF,0x7F,0xFF,0x7F,
	0xB5,0x56,0xFF,0x7F,0xFF,0x7F,0xFF,0x7F,0xFF,0x7F,0xFF,0x7F,0xFF,0x7F,0xFF,0x7F,
	0x00,0x00,0xFF,0x7F,0xFF,0x7F,0xFF,0x7F,0xFF,0x7F,0xFF,0x7F,0xFF,0x7F,0xFF,0x7F,
	0xFF,0x7F,0xFF,0x7F,0xFF,0x7F,0xFF,0x7F,0xFF,0x7F,0xFF,0x7F,0xFF,0x7F,0xFF,0x7F,

	0xFF,0x7F,0xFF,0x7F,0xFF,0x7F,0xFF,0x7F,0xFF,0x7F,0xFF,0x7F,0xFF,0x7F,0xFF,0x7F,
	0xFF,0x7F,0xFF,0x7F,0xFF,0x7F,0xFF,0x7F,0xFF,0x7F,0xFF,0x7F,0xFF,0x7F,0xFF,0x7F,
	0xFF,0x7F,0xFF,0x7F,0xFF,0x7F,0xFF,0x7F,0xFF,0x7F,0xFF,0x7F,0xFF,0x7F,0xFF,0x7F,
	0xFF,0x7F,0xFF,0x7F,0xFF,0x7F,0xFF,0x7F,0xFF,0x7F,0xFF,0x7F,0xFF,0x7F,0xFF,0x7F,
	0xFF,0x7F,0xFF,0x7F,0xFF,0x7F,0xFF,0x7F,0xFF,0x7F,0xFF,0x7F,0xFF,0x7F,0xFF,0x7F,
	0xFF,0x7F,0xFF,0x7F,0xFF,0x7F,0xFF,0x7F,0xFF,0x7F,0xFF,0x7F,0xFF,0x7F,0xFF,0x7F,
	0xFF,0x7F,0xFF,0x7F,0xFF,0x7F,0xFF,0x7F,0xFF,0x7F,0xFF,0x7F,0xFF,0x7F,0xFF,0x7F,
	0xFF,0x7F,0xFF,0x7F,0xFF,0x7F,0xFF,0x7F,0xFF,0x7F,0xFF,0x7F,0xFF,0x7F,0xFF,0x7F,

	0xFF,0x7F,0x00,0x00,0xFF,0x7F,0xFF,0x7F,0xFF,0x7F,0xFF,0x7F,0xFF,0x7F,0xFF,0x7F,
	0xB5,0x56,0xFF,0x7F,0xFF,0x7F,0xFF,0x7F,0xFF,0x7F,0xFF,0x7F,0xFF,0x7F,0x00,0x00,
	0xFF,0x7F,0xFF,0x7F,0xFF,0x7F,0xFF,0x7F,0xFF,0x7F,0xFF,0x7F,0xFF,0x7F,0xFF,0x7F,
	0xFF,0x7F,0xFF,0x7F,0xFF,0x7F,0xFF,0x7F,0xFF,0x7F,0xFF,0x7F,0xFF,0x7F,0xFF,0x7F,
	0xFF,0x7F,0xFF,0x7F,0xFF,0x7F,0xFF,0x7F,0xFF,0x7F,0xFF,0x7F,0xFF,0x7F,0xFF,0x7F,
	0xFF,0x7F,0xFF,0x7F,0xFF,0x7F,0xFF,0x7F,0xFF,0x7F,0xFF,0x7F,0xFF,0x7F,0xFF,0x7F,
	0xFF,0x7F,0xFF,0x7F,0xFF,0x7F,0xFF,0x7F,0xFF,0x7F,0xFF,0x7F,0xFF,0x7F,0xFF,0x7F,
	0xFF,0x7F,0xFF,0x7F,0xFF,0x7F,0xFF,0x7F,0xFF,0x7F,0xFF,0x7F,0xFF,0x7F,0xFF,0x7F,

	0xFF,0x7F,0xFF,0x7F,0xFF,0x7F,0xFF,0x7F,0xFF,0x7F,0xFF,0x7F,0xFF,0x7F,0xFF,0x7F,
	0xFF,0x7F,0xFF,0x7F,0xFF,0x7F,0xFF,0x7F,0xFF,0x7F,0xFF,0x7F,0xFF,0x7F,0xFF,0x7F,
	0xFF,0x7F,0xFF,0x7F,0xFF,0x7F,0xFF,0x7F,0xFF,0x7F,0xFF,0x7F,0xFF,0x7F,0xFF,0x7F,
	0xFF,0x7F,0xFF,0x7F,0xFF,0x7F,0xFF,0x7F,0xFF,0x7F,0xFF,0x7F,0xFF,0x7F,0xFF,0x7F,
	0x00,0x00,0xFF,0x7F,0xFF,0x7F,0xFF,0x7F,0xFF,0x7F,0xFF,0x7F,0xFF,0x7F,0xFF,0x7F,
	0xB5,0x56,0xFF,0x7F,0xFF,0x7F,0xFF,0x7F,0xFF,0x7F,0xFF,0x7F,0xFF,0x7F,0xFF,0x7F,
	0xFF,0x7F,0xFF,0x7F,0xFF,0x7F,0xFF,0x7F,0xFF,0x7F,0xFF,0x7F,0xFF,0x7F,0xFF,0x7F,
	0xFF,0x7F,0xFF,0x7F,0xFF,0x7F,0xFF,0x7F,0xFF,0x7F,0xFF,0x7F,0xFF,0x7F,0xFF,0x7F,

	0x9C,0x73,0x9C,0x73,0x9C,0x73,0x9C,0x73,0x9C,0x73,0x9C,0x73,0x9C,0x73,0x9C,0x73,
	0x9C,0x73,0x9C,0x73,0x9C,0x73,0x9C,0x73,0x9C,0x73,0x9C,0x73,0x9C,0x73,0x9C,0x73,
	0x9C,0x73,0x9C,0x73,0x9C,0x73,0x9C,0x73,0x9C,0x73,0x9C,0x73,0x9C,0x73,0x9C,0x73,
	0xB5,0x56,0x9C,0x73,0x9C,0x73,0x9C,0x73,0x9C,0x73,0x9C,0x73,0x9C,0x73,0x9C,0x73,
	0x00,0x00,0xFF,0x7F,0xFF,0x7F,0xFF,0x7F,0xFF,0x7F,0xFF,0x7F,0xFF,0x7F,0xFF,0x7F,
	0xFF,0x7F,0xFF,0x7F,0xFF,0x7F,0xFF,0x7F,0xFF,0x7F,0xFF,0x7F,0xFF,0x7F,0xFF,0x7F,
	0xFF,0x7F,0xFF,0x7F,0xFF,0x7F,0xFF,0x7F,0xFF,0x7F,0xFF,0x7F,0xFF,0x7F,0xFF,0x7F,
	0xFF,0x7F,0xFF,0x7F,0xFF,0x7F,0xFF,0x7F,0xFF,0x7F,0xFF,0x7F,0xFF,0x7F,0xFF,0x7F,

	0xFF,0x7F,0xFF,0x7F,0xFF,0x7F,0xFF,0x7F,0xFF,0x7F,0xFF,0x7F,0xFF,0x7F,0xFF,0x7F,
	0xFF,0x7F,0xFF,0x7F,0xFF,0x7F,0xFF,0x7F,0xFF,0x7F,0xFF,0x7F,0xFF,0x7F,0xFF,0x7F,
	0xFF,0x7F,0xFF,0x7F,0xFF,0x7F,0xFF,0x7F,0xFF,0x7F,0xFF,0x7F,0xFF,0x7F,0xFF,0x7F,
	0xFF,0x7F,0xFF,0x7F,0xFF,0x7F,0xFF,0x7F,0xFF,0x7F,0xFF,0x7F,0xFF,0x7F,0xFF,0x7F,
	0xFF,0x7F,0xFF,0x7F,0xFF,0x7F,0xFF,0x7F,0xFF,0x7F,0xFF,0x7F,0xFF,0x7F,0xFF,0x7F,
	0xFF,0x7F,0xFF,0x7F,0xFF,0x7F,0xFF,0x7F,0xFF,0x7F,0xFF,0x7F,0xFF,0x7F,0xFF,0x7F,
	0xFF,0x7F,0x00,0x00,0x9C,0x73,0x9C,0x73,0x9C,0x73,0x9C,0x73,0x9C,0x73,0x9C,0x73,
	0xB5,0x56,0x9C,0x73,0x9C,0x73,0x9C,0x73,0x9C,0x73,0x9C,0x73,0x9C,0x73,0x00,0x00,

	0xFF,0x7F,0xFF,0x7F,0xFF,0x7F,0xFF,0x7F,0xFF,0x7F,0xFF,0x7F,0xFF,0x7F,0xFF,0x7F,
	0xFF,0x7F,0xFF,0x7F,0xFF,0x7F,0xFF,0x7F,0xFF,0x7F,0xFF,0x7F,0xFF,0x7F,0xFF,0x7F,
	0xFF,0x7F,0xFF,0x7F,0xFF,0x7F,0xFF,0x7F,0xFF,0x7F,0xFF,0x7F,0xFF,0x7F,0xFF,0x7F,
	0xFF,0x7F,0xFF,0x7F,0xFF,0x7F,0xFF,0x7F,0xFF,0x7F,0xFF,0x7F,0xFF,0x7F,0xFF,0x7F,
	0xFF,0x7F,0xFF,0x7F,0xFF,0x7F,0xFF,0x7F,0xFF,0x7F,0xFF,0x7F,0xFF,0x7F,0xFF,0x7F,
	0xFF,0x7F,0xFF,0x7F,0xFF,0x7F,0xFF,0x7F,0xFF,0x7F,0xFF,0x7F,0xFF,0x7F,0xFF,0x7F,
	0xFF,0x7F,0xFF,0x7F,0xFF,0x7F,0xFF,0x7F,0xFF,0x7F,0xFF,0x7F,0xFF,0x7F,0xFF,0x7F,
	0xFF,0x7F,0xFF,0x7F,0xFF,0x7F,0xFF,0x7F,0xFF,0x7F,0xFF,0x7F,0xFF,0x7F,0xFF,0x7F,

	0xFF,0x7F,0xFF,0x7F,0xFF,0x7F,0xFF,0x7F,0xFF,0x7F,0xFF,0x7F,0xFF,0x7F,0xFF,0x7F,
	0xFF,0x7F,0xFF,0x7F,0xFF,0x7F,0xFF,0x7F,0xFF,0x7F,0xFF,0x7F,0xFF,0x7F,0xFF,0x7F,
	0x00,0x00,0x9C,0x73,0x9C,0x73,0x9C,0x73,0x9C,0x73,0x9C,0x73,0x9C,0x73,0x9C,0x73,
	0xB5,0x56,0x9C,0x73,0x9C,0x73,0x9C,0x73,0x9C,0x73,0x9C,0x73,0x9C,0x73,0x9C,0x73,
	0x9C,0x73,0x9C,0x73,0x9C,0x73,0x9C,0x73,0x9C,0x73,0x9C,0x73,0x9C,0x73,0x9C,0x73,
	0x9C,0x73,0x9C,0x73,0x9C,0x73,0x9C,0x73,0x9C,0x73,0x9C,0x73,0x9C,0x73,0x9C,0x73,
	0xFF,0x7F,0xFF,0x7F,0xFF,0x7F,0xFF,0x7F,0xFF,0x7F,0xFF,0x7F,0xFF,0x7F,0xFF,0x7F,
	0xFF,0x7F,0xFF,0x7F,0xFF,0x7F,0xFF,0x7F,0xFF,0x7F,0xFF,0x7F,0xFF,0x7F,0xFF,0x7F,

	0xFF,0x7F,0xFF,0x7F,0xFF,0x7F,0xFF,0x7F,0xFF,0x7F,0xFF,0x7F,0xFF,0x7F,0xFF,0x7F,
	0xB5,0x56,0xFF,0x7F,0xFF,0x7F,0xFF,0x7F,0xFF,0x7F,0xFF,0x7F,0xFF,0x7F,0xFF,0x7F,
	0x00,0x00,0xFF,0x7F,0xFF,0x7F,0xFF,0x7F,0xFF,0x7F,0xFF,0x7F,0xFF,0x7F,0xFF,0x7F,
	0xFF,0x7F,0xFF,0x7F,0xFF,0x7F,0xFF,0x7F,0xFF,0x7F,0xFF,0x7F,0xFF,0x7F,0xFF,0x7F,
	0xFF,0x7F,0xFF,0x7F,0xFF,0x7F,0xFF,0x7F,0xFF,0x7F,0xFF,0x7F,0xFF,0x7F,0xFF,0x7F,
	0xFF,0x7F,0xFF,0x7F,0xFF,0x7F,0xFF,0x7F,0xFF,0x7F,0xFF,0x7F,0xFF,0x7F,0xFF,0x7F,
	0xFF,0x7F,0xFF,0x7F,0xFF,0x7F,0xFF,0x7F,0xFF,0x7F,0xFF,0x7F,0xFF,0x7F,0xFF,0x7F,
	0xFF,0x7F,0xFF,0x7F,0xFF,0x7F,0xFF,0x7F,0xFF,0x7F,0xFF,0x7F,0xFF,0x7F,0xFF,0x7F,

	0xFF,0x7F,0xFF,0x7F,0xFF,0x7F,0xFF,0x7F,0xFF,0x7F,0xFF,0x7F,0xFF,0x7F,0xFF,0x7F,
	0xFF,0x7F,0xFF,0x7F,0xFF,0x7F,0xFF,0x7F,0xFF,0x7F,0xFF,0x7F,0xFF,0x7F,0xFF,0x7F,
	0xFF,0x7F,0xFF,0x7F,0xFF,0x7F,0xFF,0x7F,0xFF,0x7F,0xFF,0x7F,0xFF,0x7F,0xFF,0x7F,
	0xFF,0x7F,0xFF,0x7F,0xFF,0x7F,0xFF,0x7F,0xFF,0x7F,0xFF,0x7F,0xFF,0x7F,0xFF,0x7F,
	0xFF,0x7F,0x00,0x00,0xFF,0x7F,0xFF,0x7F,0xFF,0x7F,0xFF,0x7F,0xFF,0x7F,0xFF,0x7F,
	0xB5,0x56,0xFF,0x7F,0xFF,0x7F,0xFF,0x7F,0xFF,0x7F,0xFF,0x7F,0xFF,0x7F,0x00,0x00,
	0xFF,0x7F,0xFF,0x7F,0xFF,0x7F,0xFF,0x7F,0xFF,0x7F,0xFF,0x7F,0xFF,0x7F,0xFF,0x7F,
	0xFF,0x7F,0xFF,0x7F,0xFF,0x7F,0xFF,0x7F,0xFF,0x7F,0xFF,0x7F,0xFF,0x7F,0xFF,0x7F,

	0xFF,0x7F,0xFF,0x7F,0xFF,0x7F,0xFF,0x7F,0xFF,0x7F,0xFF,0x7F,0xFF,0x7F,0xFF,0x7F,
	0xFF,0x7F,0xFF,0x7F,0xFF,0x7F,0xFF,0x7F,0xFF,0x7F,0xFF,0x7F,0xFF,0x7F,0xFF,0x7F,
	0xFF,0x7F,0xFF,0x7F,0xFF,0x7F,0xFF,0x7F,0xFF,0x7F,0xFF,0x7F,0xFF,0x7F,0xFF,0x7F,
	0xFF,0x7F,0xFF,0x7F,0xFF,0x7F,0xFF,0x7F,0xFF,0x7F,0xFF,0x7F,0xFF,0x7F,0xFF,0x7F,
	0xFF,0x7F,0xFF,0x7F,0xFF,0x7F,0xFF,0x7F,0xFF,0x7F,0xFF,0x7F,0xFF,0x7F,0xFF,0x7F,
	0xFF,0x7F,0xFF,0x7F,0xFF,0x7F,0xFF,0x7F,0xFF,0x7F,0xFF,0x7F,0xFF,0x7F,0xFF,0x7F,
	0xFF,0x7F,0xFF,0x7F,0xFF,0x7F,0xFF,0x7F,0xFF,0x7F,0xFF,0x7F,0xFF,0x7F,0xFF,0x7F,
	0xFF,0x7F,0xFF,0x7F,0xFF,0x7F,0xFF,0x7F,0xFF,0x7F,0xFF,0x7F,0xFF,0x7F,0xFF,0x7F,

	0x00,0x00,0xFF,0x7F,0xFF,0x7F,0xFF,0x7F,0xFF,0x7F,0xFF,0x7F,0xFF,0x7F,0xFF,0x7F,
	0xB5,0x56,0xFF,0x7F,0xFF,0x7F,0xFF,0x7F,0xFF,0x7F,0xFF,0x7F,0xFF,0x7F,0xFF,0x7F,
	0xFF,0x7F,0xFF,0x7F,0xFF,0x7F,0xFF,0x7F,0xFF,0x7F,0xFF,0x7F,0xFF,0x7F,0xFF,0x7F,
	0xFF,0x7F,0xFF,0x7F,0xFF,0x7F,0xFF,0x7F,0xFF,0x7F,0xFF,0x7F,0xFF,0x7F,0xFF,0x7F,
	0x9C,0x73,0x9C,0x73,0x9C,0x73,0x9C,0x73,0x9C,0x73,0x9C,0x73,0x9C,0x73,0x9C,0x73,
	0x9C,0x73,0x9C,0x73,0x9C,0x73,0x9C,0x73,0x9C,0x73,0x9C,0x73,0x9C,0x73,0x9C,0x73,
	0x9C,0x73,0x9C,0x73,0x9C,0x73,0x9C,0x73,0x9C,0x73,0x9C,0x73,0x9C,0x73,0x9C,0x73,
	0xB5,0x56,0x9C,0x73,0x9C,0x73,0x9C,0x73,0x9C,0x73,0x9C,0x73,0x9C,0x73,0x9C,0x73,

	0x00,0x00,0xFF,0x7F,0xFF,0x7F,0xFF,0x7F,0x00,0x00,0x00,0x00,0x00,0x00,0x00,0x00,
	0x00,0x00,0x00,0x00,0x00,0x00,0x00,0x00,0x00,0x00,0x00,0x00,0x00,0x00,0x00,0x00,
	0x00,0x00,0x00,0x00,0xFF,0x7F,0xFF,0x7F,0x00,0x00,0x00,0x00,0x00,0x00,0x00,0x00,
	0xFF,0x7F,0xFF,0x7F,0xFF,0x7F,0xFF,0x7F,0xFF,0x7F,0xFF,0x7F,0xFF,0x7F,0xFF,0x7F,
	0xFF,0x7F,0xFF,0x7F,0x00,0x00,0x00,0x00,0x00,0x00,0x00,0x00,0xFF,0x7F,0xFF,0x7F,
	0xFF,0x7F,0xFF,0x7F,0x00,0x00,0x00,0x00,0x00,0x00,0x00,0x00,0xFF,0x7F,0xFF,0x7F,
	0xFF,0x7F,0xFF,0x7F,0x00,0x00,0x00,0x00,0xFF,0x7F,0xFF,0x7F,0xFF,0x7F,0xFF,0x7F,
	0xFF,0x7F,0xFF,0x7F,0xFF,0x7F,0xFF,0x7F,0x00,0x00,0x00,0x00,0xFF,0x7F,0xFF,0x7F,

	0x00,0x00,0x00,0x00,0x00,0x00,0x00,0x00,0x00,0x00,0x00,0x00,0x00,0x00,0x00,0x00,
	0x00,0x00,0x00,0x00,0x00,0x00,0x00,0x00,0x00,0x00,0x00,0x00,0xFF,0x7F,0xFF,0x7F,
	0xFF,0x7F,0x00,0x00,0x9C,0x73,0x9C,0x73,0x9C,0x73,0x9C,0x73,0x9C,0x73,0x9C,0x73,
	0xB5,0x56,0x9C,0x73,0x9C,0x73,0x9C,0x73,0x9C,0x73,0x9C,0x73,0x9C,0x73,0x00,0x00,
	0xFF,0x7F,0xFF,0x7F,0xFF,0x7F,0x00,0x00,0x00,0x00,0x00,0x00,0x00,0x00,0x00,0x00,
	0x00,0x00,0x00,0x00,0x00,0x00,0x00,0x00,0x00,0x00,0x00,0x00,0x00,0x00,0x00,0x00,
	0x00,0x00,0xFF,0x7F,0xFF,0x7F,0x00,0x00,0x00,0x00,0xFF,0x7F,0xFF,0x7F,0x00,0x00,
	0x00,0x00,0x00,0x00,0x00,0x00,0xFF,0x7F,0xFF,0x7F,0xFF,0x7F,0xFF,0x7F,0xFF,0x7F,

	0xFF,0x7F,0x00,0x00,0x00,0x00,0xFF,0x7F,0xFF,0x7F,0xFF,0x7F,0xFF,0x7F,0xFF,0x7F,
	0xFF,0x7F,0x00,0x00,0x00,0x00,0xFF,0x7F,0xFF,0x7F,0x00,0x00,0x00,0x00,0xFF,0x7F,
	0xFF,0x7F,0x00,0x00,0x00,0x00,0x00,0x00,0x00,0x00,0xFF,0x7F,0xFF,0x7F,0x00,0x00,
	0x00,0x00,0x00,0x00,0x00,0x00,0xFF,0x7F,0xFF,0x7F,0xFF,0x7F,0xFF,0x7F,0x00,0x00,
	0x00,0x00,0x00,0x00,0x00,0x00,0x00,0x00,0x00,0x00,0x00,0x00,0x00,0x00,0x00,0x00,
	0x00,0x00,0x00,0x00,0x00,0x00,0x00,0x00,0x00,0x00,0xFF,0x7F,0xFF,0x7F,0xFF,0x7F,
	0x00,0x00,0x9C,0x73,0x9C,0x73,0x9C,0x73,0x9C,0x73,0x9C,0x73,0x9C,0x73,0x9C,0x73,
	0xB5,0x56,0x9C,0x73,0x9C,0x73,0x9C,0x73,0x9C,0x73,0x9C,0x73,0x9C,0x73,0x9C,0x73,

	0x9C,0x73,0x9C,0x73,0x9C,0x73,0x9C,0x73,0x9C,0x73,0x9C,0x73,0x9C,0x73,0x9C,0x73,
	0x9C,0x73,0x9C,0x73,0x9C,0x73,0x9C,0x73,0x9C,0x73,0x9C,0x73,0x9C,0x73,0x9C,0x73,
	0xFF,0x7F,0xFF,0x7F,0xFF,0x7F,0xFF,0x7F,0xFF,0x7F,0xFF,0x7F,0xFF,0x7F,0xFF,0x7F,
	0xFF,0x7F,0xFF,0x7F,0xFF,0x7F,0xFF,0x7F,0xFF,0x7F,0xFF,0x7F,0xFF,0x7F,0xFF,0x7F,
	0xFF,0x7F,0xFF,0x7F,0xFF,0x7F,0xFF,0x7F,0xFF,0x7F,0xFF,0x7F,0xFF,0x7F,0xFF,0x7F,
	0xB5,0x56,0xFF,0x7F,0xFF,0x7F,0xFF,0x7F,0xFF,0x7F,0xFF,0x7F,0xFF,0x7F,0xFF,0x7F,
	0x00,0x00,0xFF,0x7F,0xFF,0x7F,0xFF,0x7F,0x00,0x00,0x00,0x00,0x00,0x00,0x00,0x00,
	0x00,0x00,0x00,0x00,0x00,0x00,0x00,0x00,0x00,0x00,0x00,0x00,0x00,0x00,0x00,0x00,

	0x00,0x00,0x00,0x00,0xFF,0x7F,0xFF,0x7F,0x00,0x00,0x00,0x00,0x00,0x00,0x00,0x00,
	0xFF,0x7F,0xFF,0x7F,0xFF,0x7F,0xFF,0x7F,0xFF,0x7F,0xFF,0x7F,0xFF,0x7F,0xFF,0x7F,
	0xFF,0x7F,0xFF,0x7F,0x00,0x00,0x00,0x00,0x00,0x00,0x00,0x00,0xFF,0x7F,0xFF,0x7F,
	0xFF,0x7F,0xFF,0x7F,0x00,0x00,0x00,0x00,0x00,0x00,0x00,0x00,0xFF,0x7F,0xFF,0x7F,
	0xFF,0x7F,0xFF,0x7F,0x00,0x00,0x00,0x00,0xFF,0x7F,0xFF,0x7F,0xFF,0x7F,0xFF,0x7F,
	0xFF,0x7F,0xFF,0x7F,0xFF,0x7F,0xFF,0x7F,0x00,0x00,0x00,0x00,0xFF,0x7F,0xFF,0x7F,
	0x00,0x00,0x00,0x00,0x00,0x00,0x00,0x00,0x00,0x00,0x00,0x00,0x00,0x00,0x00,0x00,
	0x00,0x00,0x00,0x00,0x00,0x00,0x00,0x00,0x00,0x00,0x00,0x00,0xFF,0x7F,0xFF,0x7F,

	0xFF,0x7F,0x00,0x00,0xFF,0x7F,0xFF,0x7F,0xFF,0x7F,0xFF,0x7F,0xFF,0x7F,0xFF,0x7F,
	0xB5,0x56,0xFF,0x7F,0xFF,0x7F,0xFF,0x7F,0xFF,0x7F,0xFF,0x7F,0xFF,0x7F,0x00,0x00,
	0xFF,0x7F,0xFF,0x7F,0xFF,0x7F,0x00,0x00,0x00,0x00,0x00,0x00,0x00,0x00,0x00,0x00,
	0x00,0x00,0x00,0x00,0x00,0x00,0x00,0x00,0x00,0x00,0x00,0x00,0x00,0x00,0x00,0x00,
	0x00,0x00,0xFF,0x7F,0xFF,0x7F,0x00,0x00,0x00,0x00,0xFF,0x7F,0xFF,0x7F,0x00,0x00,
	0x00,0x00,0x00,0x00,0x00,0x00,0xFF,0x7F,0xFF,0x7F,0xFF,0x7F,0xFF,0x7F,0xFF,0x7F,
	0xFF,0x7F,0x00,0x00,0x00,0x00,0xFF,0x7F,0xFF,0x7F,0xFF,0x7F,0xFF,0x7F,0xFF,0x7F,
	0xFF,0x7F,0x00,0x00,0x00,0x00,0xFF,0x7F,0xFF,0x7F,0x00,0x00,0x00,0x00,0xFF,0x7F,

	0xFF,0x7F,0x00,0x00,0x00,0x00,0x00,0x00,0x00,0x00,0xFF,0x7F,0xFF,0x7F,0x00,0x00,
	0x00,0x00,0x00,0x00,0x00,0x00,0xFF,0x7F,0xFF,0x7F,0xFF,0x7F,0xFF,0x7F,0x00,0x00,
	0x00,0x00,0x00,0x00,0x00,0x00,0x00,0x00,0x00,0x00,0x00,0x00,0x00,0x00,0x00,0x00,
	0x00,0x00,0x00,0x00,0x00,0x00,0x00,0x00,0x00,0x00,0xFF,0x7F,0xFF,0x7F,0xFF,0x7F,
	0x00,0x00,0xFF,0x7F,0xFF,0x7F,0xFF,0x7F,0xFF,0x7F,0xFF,0x7F,0xFF,0x7F,0xFF,0x7F,
	0xB5,0x56,0xFF,0x7F,0xFF,0x7F,0xFF,0x7F,0xFF,0x7F,0xFF,0x7F,0xFF,0x7F,0xFF,0x7F,
	0xFF,0x7F,0xFF,0x7F,0xFF,0x7F,0xFF,0x7F,0xFF,0x7F,0xFF,0x7F,0xFF,0x7F,0xFF,0x7F,
	0xFF,0x7F,0xFF,0x7F,0xFF,0x7F,0xFF,0x7F,0xFF,0x7F,0xFF,0x7F,0xFF,0x7F,0xFF,0x7F,

	0x9C,0x73,0x9C,0x73,0x9C,0x73,0x9C,0x73,0x9C,0x73,0x9C,0x73,0x9C,0x73,0x9C,0x73,
	0x9C,0x73,0x9C,0x73,0x9C,0x73,0x9C,0x73,0x9C,0x73,0x9C,0x73,0x9C,0x73,0x9C,0x73,
	0x9C,0x73,0x9C,0x73,0x9C,0x73,0x9C,0x73,0x9C,0x73,0x9C,0x73,0x9C,0x73,0x9C,0x73,
	0xB5,0x56,0x9C,0x73,0x9C,0x73,0x9C,0x73,0x9C,0x73,0x9C,0x73,0x9C,0x73,0x9C,0x73,
	0x00,0x00,0xFF,0x7F,0xDE,0x7B,0xFF,0x7F,0x00,0x00,0x00,0x00,0xFF,0x7F,0xFF,0x7F,
	0xFF,0x7F,0xFF,0x7F,0xFF,0x7F,0xFF,0x7F,0xFF,0x7F,0xFF,0x7F,0xFF,0x7F,0xFF,0x7F,
	0x00,0x00,0x00,0x00,0xFF,0x7F,0xFF,0x7F,0xFF,0x7F,0xFF,0x7F,0xFF,0x7F,0xFF,0x7F,
	0xFF,0x7F,0xFF,0x7F,0xFF,0x7F,0xFF,0x7F,0xFF,0x7F,0xFF,0x7F,0xFF,0x7F,0xFF,0x7F,

	0x00,0x00,0x00,0x00,0x00,0x00,0x00,0x00,0xFF,0x7F,0xFF,0x7F,0xFF,0x7F,0xFF,0x7F,
	0xFF,0x7F,0xFF,0x7F,0xFF,0x7F,0xFF,0x7F,0xFF,0x7F,0xFF,0x7F,0x00,0x00,0x00,0x00,
	0x00,0x00,0x00,0x00,0x00,0x00,0x00,0x00,0xFF,0x7F,0xFF,0x7F,0x00,0x00,0x00,0x00,
	0xFF,0x7F,0xFF,0x7F,0xFF,0x7F,0xFF,0x7F,0x00,0x00,0x00,0x00,0xFF,0x7F,0xFF,0x7F,
	0x00,0x00,0x00,0x00,0xFF,0x7F,0xFF,0x7F,0xFF,0x7F,0xFF,0x7F,0xFF,0x7F,0xFF,0x7F,
	0xFF,0x7F,0xFF,0x7F,0xFF,0x7F,0xFF,0x7F,0x00,0x00,0x00,0x00,0xFF,0x7F,0xDE,0x7B,
	0xFF,0x7F,0x00,0x00,0x9C,0x73,0x9C,0x73,0x9C,0x73,0x9C,0x73,0x9C,0x73,0x9C,0x73,
	0xB5,0x56,0x9C,0x73,0x9C,0x73,0x9C,0x73,0x9C,0x73,0x9C,0x73,0x9C,0x73,0x00,0x00,

	0xFF,0x7F,0xDE,0x7B,0xFF,0x7F,0x00,0x00,0x00,0x00,0xFF,0x7F,0xFF,0x7F,0xFF,0x7F,
	0xFF,0x7F,0xFF,0x7F,0xFF,0x7F,0xFF,0x7F,0xFF,0x7F,0xFF,0x7F,0xFF,0x7F,0x00,0x00,
	0x00,0x00,0xFF,0x7F,0xFF,0x7F,0x00,0x00,0x00,0x00,0x00,0x00,0x00,0x00,0x00,0x00,
	0x00,0x00,0x00,0x00,0x00,0x00,0xFF,0x7F,0xFF,0x7F,0x00,0x00,0x00,0x00,0xFF,0x7F,
	0xFF,0x7F,0xFF,0x7F,0xFF,0x7F,0xFF,0x7F,0xFF,0x7F,0xFF,0x7F,0xFF,0x7F,0xFF,0x7F,
	0xFF,0x7F,0x00,0x00,0x00,0x00,0x00,0x00,0x00,0x00,0xFF,0x7F,0xFF,0x7F,0xFF,0x7F,
	0xFF,0x7F,0x00,0x00,0x00,0x00,0xFF,0x7F,0xFF,0x7F,0xFF,0x7F,0xFF,0x7F,0x00,0x00,
	0x00,0x00,0x00,0x00,0x00,0x00,0xFF,0x7F,0xFF,0x7F,0xFF,0x7F,0xFF,0x7F,0x00,0x00,

	0x00,0x00,0xFF,0x7F,0xFF,0x7F,0xFF,0x7F,0xFF,0x7F,0xFF,0x7F,0xFF,0x7F,0xFF,0x7F,
	0xFF,0x7F,0xFF,0x7F,0xFF,0x7F,0x00,0x00,0x00,0x00,0xFF,0x7F,0xDE,0x7B,0xFF,0x7F,
	0x00,0x00,0x9C,0x73,0x9C,0x73,0x9C,0x73,0x9C,0x73,0x9C,0x73,0x9C,0x73,0x9C,0x73,
	0xB5,0x56,0x9C,0x73,0x9C,0x73,0x9C,0x73,0x9C,0x73,0x9C,0x73,0x9C,0x73,0x9C,0x73,
	0x9C,0x73,0x9C,0x73,0x9C,0x73,0x9C,0x73,0x9C,0x73,0x9C,0x73,0x9C,0x73,0x9C,0x73,
	0x9C,0x73,0x9C,0x73,0x9C,0x73,0x9C,0x73,0x9C,0x73,0x9C,0x73,0x9C,0x73,0x9C,0x73,
	0xFF,0x7F,0xFF,0x7F,0xFF,0x7F,0xFF,0x7F,0xFF,0x7F,0xFF,0x7F,0xFF,0x7F,0xFF,0x7F,
	0xFF,0x7F,0xFF,0x7F,0xFF,0x7F,0xFF,0x7F,0xFF,0x7F,0xFF,0x7F,0xFF,0x7F,0xFF,0x7F,

	0xFF,0x7F,0xFF,0x7F,0xFF,0x7F,0xFF,0x7F,0xFF,0x7F,0xFF,0x7F,0xFF,0x7F,0xFF,0x7F,
	0xB5,0x56,0xFF,0x7F,0xFF,0x7F,0xFF,0x7F,0xFF,0x7F,0xFF,0x7F,0xFF,0x7F,0xFF,0x7F,
	0x00,0x00,0xFF,0x7F,0xFF,0x7F,0xDE,0x7B,0x00,0x00,0x00,0x00,0xFF,0x7F,0xFF,0x7F,
	0xFF,0x7F,0xFF,0x7F,0xFF,0x7F,0xFF,0x7F,0xFF,0x7F,0xFF,0x7F,0xFF,0x7F,0xFF,0x7F,
	0x00,0x00,0x00,0x00,0xFF,0x7F,0xFF,0x7F,0xFF,0x7F,0xFF,0x7F,0xFF,0x7F,0xFF,0x7F,
	0xFF,0x7F,0xFF,0x7F,0xFF,0x7F,0xFF,0x7F,0xFF,0x7F,0xFF,0x7F,0xFF,0x7F,0xFF,0x7F,
	0x00,0x00,0x00,0x00,0x00,0x00,0x00,0x00,0xFF,0x7F,0xFF,0x7F,0xFF,0x7F,0xFF,0x7F,
	0xFF,0x7F,0xFF,0x7F,0xFF,0x7F,0xFF,0x7F,0xFF,0x7F,0xFF,0x7F,0x00,0x00,0x00,0x00,

	0x00,0x00,0x00,0x00,0x00,0x00,0x00,0x00,0xFF,0x7F,0xFF,0x7F,0x00,0x00,0x00,0x00,
	0xFF,0x7F,0xFF,0x7F,0xFF,0x7F,0xFF,0x7F,0x00,0x00,0x00,0x00,0xFF,0x7F,0xFF,0x7F,
	0x00,0x00,0x00,0x00,0xFF,0x7F,0xFF,0x7F,0xFF,0x7F,0xFF,0x7F,0xFF,0x7F,0xFF,0x7F,
	0xFF,0x7F,0xFF,0x7F,0xFF,0x7F,0xFF,0x7F,0x00,0x00,0x00,0x00,0xDE,0x7B,0xFF,0x7F,
	0xFF,0x7F,0x00,0x00,0xFF,0x7F,0xFF,0x7F,0xFF,0x7F,0xFF,0x7F,0xFF,0x7F,0xFF,0x7F,
	0xB5,0x56,0xFF,0x7F,0xFF,0x7F,0xFF,0x7F,0xFF,0x7F,0xFF,0x7F,0xFF,0x7F,0x00,0x00,
	0xFF,0x7F,0xFF,0x7F,0xDE,0x7B,0x00,0x00,0x00,0x00,0xFF,0x7F,0xFF,0x7F,0xFF,0x7F,
	0xFF,0x7F,0xFF,0x7F,0xFF,0x7F,0xFF,0x7F,0xFF,0x7F,0xFF,0x7F,0xFF,0x7F,0x00,0x00,

	0x00,0x00,0xFF,0x7F,0xFF,0x7F,0x00,0x00,0x00,0x00,0x00,0x00,0x00,0x00,0x00,0x00,
	0x00,0x00,0x00,0x00,0x00,0x00,0xFF,0x7F,0xFF,0x7F,0x00,0x00,0x00,0x00,0xFF,0x7F,
	0xFF,0x7F,0xFF,0x7F,0xFF,0x7F,0xFF,0x7F,0xFF,0x7F,0xFF,0x7F,0xFF,0x7F,0xFF,0x7F,
	0xFF,0x7F,0x00,0x00,0x00,0x00,0x00,0x00,0x00,0x00,0xFF,0x7F,0xFF,0x7F,0xFF,0x7F,
	0xFF,0x7F,0x00,0x00,0x00,0x00,0xFF,0x7F,0xFF,0x7F,0xFF,0x7F,0xFF,0x7F,0x00,0x00,
	0x00,0x00,0x00,0x00,0x00,0x00,0xFF,0x7F,0xFF,0x7F,0xFF,0x7F,0xFF,0x7F,0x00,0x00,
	0x00,0x00,0xFF,0x7F,0xFF,0x7F,0xFF,0x7F,0xFF,0x7F,0xFF,0x7F,0xFF,0x7F,0xFF,0x7F,
	0xFF,0x7F,0xFF,0x7F,0xFF,0x7F,0x00,0x00,0x00,0x00,0xDE,0x7B,0xFF,0x7F,0xFF,0x7F,

	0x00,0x00,0xFF,0x7F,0xFF,0x7F,0xFF,0x7F,0xFF,0x7F,0xFF,0x7F,0xFF,0x7F,0xFF,0x7F,
	0xB5,0x56,0xFF,0x7F,0xFF,0x7F,0xFF,0x7F,0xFF,0x7F,0xFF,0x7F,0xFF,0x7F,0xFF,0x7F,
	0xFF,0x7F,0xFF,0x7F,0xFF,0x7F,0xFF,0x7F,0xFF,0x7F,0xFF,0x7F,0xFF,0x7F,0xFF,0x7F,
	0xFF,0x7F,0xFF,0x7F,0xFF,0x7F,0xFF,0x7F,0xFF,0x7F,0xFF,0x7F,0xFF,0x7F,0xFF,0x7F,
	0x9C,0x73,0x9C,0x73,0x9C,0x73,0x9C,0x73,0x9C,0x73,0x9C,0x73,0x9C,0x73,0x9C,0x73,
	0x9C,0x73,0x9C,0x73,0x9C,0x73,0x9C,0x73,0x9C,0x73,0x9C,0x73,0x9C,0x73,0x9C,0x73,
	0x9C,0x73,0x9C,0x73,0x9C,0x73,0x9C,0x73,0x9C,0x73,0x9C,0x73,0x9C,0x73,0x9C,0x73,
	0xB5,0x56,0x9C,0x73,0x9C,0x73,0x9C,0x73,0x9C,0x73,0x9C,0x73,0x9C,0x73,0x9C,0x73,

	0x00,0x00,0xFF,0x7F,0xDE,0x7B,0xFF,0x7F,0x00,0x00,0x00,0x00,0xFF,0x7F,0xFF,0x7F,
	0x00,0x00,0x00,0x00,0x00,0x00,0x00,0x00,0x00,0x00,0x00,0x00,0xFF,0x7F,0xFF,0x7F,
	0x00,0x00,0x00,0x00,0xFF,0x7F,0xFF,0x7F,0x00,0x00,0x00,0x00,0xFF,0x7F,0xFF,0x7F,
	0xFF,0x7F,0xFF,0x7F,0x00,0x00,0x00,0x00,0x00,0x00,0x00,0x00,0x00,0x00,0x00,0x00,
	0x00,0x00,0x00,0x00,0x00,0x00,0x00,0x00,0xFF,0x7F,0xFF,0x7F,0xFF,0x7F,0xFF,0x7F,
	0x00,0x00,0x00,0x00,0x00,0x00,0x00,0x00,0x00,0x00,0x00,0x00,0xFF,0x7F,0xFF,0x7F,
	0x00,0x00,0x00,0x00,0x00,0x00,0x00,0x00,0xFF,0x7F,0xFF,0x7F,0x00,0x00,0x00,0x00,
	0x00,0x00,0x00,0x00,0xFF,0x7F,0xFF,0x7F,0xFF,0x7F,0xFF,0x7F,0xFF,0x7F,0xFF,0x7F,

	0x00,0x00,0x00,0x00,0xFF,0x7F,0xFF,0x7F,0x00,0x00,0x00,0x00,0x00,0x00,0x00,0x00,
	0x00,0x00,0x00,0x00,0xFF,0x7F,0xFF,0x7F,0x00,0x00,0x00,0x00,0xFF,0x7F,0xDE,0x7B,
	0xFF,0x7F,0x00,0x00,0x9C,0x73,0x9C,0x73,0x9C,0x73,0x9C,0x73,0x9C,0x73,0x9C,0x73,
	0xB5,0x56,0x9C,0x73,0x9C,0x73,0x9C,0x73,0x9C,0x73,0x9C,0x73,0x9C,0x73,0x00,0x00,
	0xFF,0x7F,0xDE,0x7B,0xFF,0x7F,0x00,0x00,0x00,0x00,0xFF,0x7F,0xFF,0x7F,0x00,0x00,
	0x00,0x00,0x00,0x00,0x00,0x00,0x00,0x00,0x00,0x00,0xFF,0x7F,0xFF,0x7F,0x00,0x00,
	0x00,0x00,0xFF,0x7F,0xFF,0x7F,0xFF,0x7F,0xFF,0x7F,0x00,0x00,0x00,0x00,0xFF,0x7F,
	0xFF,0x7F,0xFF,0x7F,0xFF,0x7F,0x00,0x00,0x00,0x00,0x00,0x00,0x00,0x00,0xFF,0x7F,

	0xFF,0x7F,0x00,0x00,0x00,0x00,0x00,0x00,0x00,0x00,0xFF,0x7F,0xFF,0x7F,0xFF,0x7F,
	0xFF,0x7F,0xFF,0x7F,0xFF,0x7F,0x00,0x00,0x00,0x00,0xFF,0x7F,0xFF,0x7F,0x00,0x00,
	0x00,0x00,0xFF,0x7F,0xFF,0x7F,0x00,0x00,0x00,0x00,0xFF,0x7F,0xFF,0x7F,0xFF,0x7F,
	0xFF,0x7F,0x00,0x00,0x00,0x00,0x00,0x00,0x00,0x00,0xFF,0x7F,0xFF,0x7F,0x00,0x00,
	0x00,0x00,0xFF,0x7F,0xFF,0x7F,0x00,0x00,0x00,0x00,0x00,0x00,0x00,0x00,0x00,0x00,
	0x00,0x00,0xFF,0x7F,0xFF,0x7F,0x00,0x00,0x00,0x00,0xFF,0x7F,0xDE,0x7B,0xFF,0x7F,
	0x00,0x00,0x9C,0x73,0x9C,0x73,0x9C,0x73,0x9C,0x73,0x9C,0x73,0x9C,0x73,0x9C,0x73,
	0xB5,0x56,0x9C,0x73,0x9C,0x73,0x9C,0x73,0x9C,0x73,0x9C,0x73,0x9C,0x73,0x9C,0x73,

	0x9C,0x73,0x9C,0x73,0x9C,0x73,0x9C,0x73,0x9C,0x73,0x9C,0x73,0x9C,0x73,0x9C,0x73,
	0x9C,0x73,0x9C,0x73,0x9C,0x73,0x9C,0x73,0x9C,0x73,0x9C,0x73,0x9C,0x73,0x9C,0x73,
	0xFF,0x7F,0xFF,0x7F,0xFF,0x7F,0xFF,0x7F,0xFF,0x7F,0xFF,0x7F,0xFF,0x7F,0xFF,0x7F,
	0xFF,0x7F,0xFF,0x7F,0xFF,0x7F,0xFF,0x7F,0xFF,0x7F,0xFF,0x7F,0xFF,0x7F,0xFF,0x7F,
	0xFF,0x7F,0xFF,0x7F,0xFF,0x7F,0xFF,0x7F,0xFF,0x7F,0xFF,0x7F,0xFF,0x7F,0xFF,0x7F,
	0xB5,0x56,0xFF,0x7F,0xFF,0x7F,0xFF,0x7F,0xFF,0x7F,0xFF,0x7F,0xFF,0x7F,0xFF,0x7F,
	0x00,0x00,0xFF,0x7F,0xDE,0x7B,0xDE,0x7B,0x00,0x00,0x00,0x00,0xFF,0x7F,0xFF,0x7F,
	0x00,0x00,0x00,0x00,0x00,0x00,0x00,0x00,0x00,0x00,0x00,0x00,0xFF,0x7F,0xFF,0x7F,

	0x00,0x00,0x00,0x00,0xFF,0x7F,0xFF,0x7F,0x00,0x00,0x00,0x00,0xFF,0x7F,0xFF,0x7F,
	0xFF,0x7F,0xFF,0x7F,0x00,0x00,0x00,0x00,0x00,0x00,0x00,0x00,0x00,0x00,0x00,0x00,
	0x00,0x00,0x00,0x00,0x00,0x00,0x00,0x00,0xFF,0x7F,0xFF,0x7F,0xFF,0x7F,0xFF,0x7F,
	0x00,0x00,0x00,0x00,0x00,0x00,0x00,0x00,0x00,0x00,0x00,0x00,0xFF,0x7F,0xFF,0x7F,
	0x00,0x00,0x00,0x00,0x00,0x00,0x00,0x00,0xFF,0x7F,0xFF,0x7F,0x00,0x00,0x00,0x00,
	0x00,0x00,0x00,0x00,0xFF,0x7F,0xFF,0x7F,0xFF,0x7F,0xFF,0x7F,0xFF,0x7F,0xFF,0x7F,
	0x00,0x00,0x00,0x00,0xFF,0x7F,0xFF,0x7F,0x00,0x00,0x00,0x00,0x00,0x00,0x00,0x00,
	0x00,0x00,0x00,0x00,0xFF,0x7F,0xFF,0x7F,0x00,0x00,0x00,0x00,0xDE,0x7B,0xDE,0x7B,

	0xFF,0x7F,0x00,0x00,0xFF,0x7F,0xFF,0x7F,0xFF,0x7F,0xFF,0x7F,0xFF,0x7F,0xFF,0x7F,
	0xB5,0x56,0xFF,0x7F,0xFF,0x7F,0xFF,0x7F,0xFF,0x7F,0xFF,0x7F,0xFF,0x7F,0x00,0x00,
	0xFF,0x7F,0xDE,0x7B,0xDE,0x7B,0x00,0x00,0x00,0x00,0xFF,0x7F,0xFF,0x7F,0x00,0x00,
	0x00,0x00,0x00,0x00,0x00,0x00,0x00,0x00,0x00,0x00,0xFF,0x7F,0xFF,0x7F,0x00,0x00,
	0x00,0x00,0xFF,0x7F,0xFF,0x7F,0xFF,0x7F,0xFF,0x7F,0x00,0x00,0x00,0x00,0xFF,0x7F,
	0xFF,0x7F,0xFF,0x7F,0xFF,0x7F,0x00,0x00,0x00,0x00,0x00,0x00,0x00,0x00,0xFF,0x7F,
	0xFF,0x7F,0x00,0x00,0x00,0x00,0x00,0x00,0x00,0x00,0xFF,0x7F,0xFF,0x7F,0xFF,0x7F,
	0xFF,0x7F,0xFF,0x7F,0xFF,0x7F,0x00,0x00,0x00,0x00,0xFF,0x7F,0xFF,0x7F,0x00,0x00,

	0x00,0x00,0xFF,0x7F,0xFF,0x7F,0x00,0x00,0x00,0x00,0xFF,0x7F,0xFF,0x7F,0xFF,0x7F,
	0xFF,0x7F,0x00,0x00,0x00,0x00,0x00,0x00,0x00,0x00,0xFF,0x7F,0xFF,0x7F,0x00,0x00,
	0x00,0x00,0xFF,0x7F,0xFF,0x7F,0x00,0x00,0x00,0x00,0x00,0x00,0x00,0x00,0x00,0x00,
	0x00,0x00,0xFF,0x7F,0xFF,0x7F,0x00,0x00,0x00,0x00,0xDE,0x7B,0xDE,0x7B,0xFF,0x7F,
	0x00,0x00,0xFF,0x7F,0xFF,0x7F,0xFF,0x7F,0xFF,0x7F,0xFF,0x7F,0xFF,0x7F,0xFF,0x7F,
	0xB5,0x56,0xFF,0x7F,0xFF,0x7F,0xFF,0x7F,0xFF,0x7F,0xFF,0x7F,0xFF,0x7F,0xFF,0x7F,
	0xFF,0x7F,0xFF,0x7F,0xFF,0x7F,0xFF,0x7F,0xFF,0x7F,0xFF,0x7F,0xFF,0x7F,0xFF,0x7F,
	0xFF,0x7F,0xFF,0x7F,0xFF,0x7F,0xFF,0x7F,0xFF,0x7F,0xFF,0x7F,0xFF,0x7F,0xFF,0x7F,

	0x9C,0x73,0x9C,0x73,0x9C,0x73,0x9C,0x73,0x9C,0x73,0x9C,0x73,0x9C,0x73,0x9C,0x73,
	0x9C,0x73,0x9C,0x73,0x9C,0x73,0x9C,0x73,0x9C,0x73,0x9C,0x73,0x9C,0x73,0x9C,0x73,
	0x9C,0x73,0x9C,0x73,0x9C,0x73,0x9C,0x73,0x9C,0x73,0x9C,0x73,0x9C,0x73,0x9C,0x73,
	0xB5,0x56,0x9C,0x73,0x9C,0x73,0x9C,0x73,0x9C,0x73,0x9C,0x73,0x9C,0x73,0x9C,0x73,
	0x00,0x00,0xFF,0x7F,0xDE,0x7B,0xDE,0x7B,0x00,0x00,0x00,0x00,0xFF,0x7F,0xFF,0x7F,
	0x00,0x00,0x00,0x00,0x00,0x00,0x00,0x00,0x00,0x00,0x00,0x00,0xFF,0x7F,0xFF,0x7F,
	0x00,0x00,0x00,0x00,0xFF,0x7F,0xFF,0x7F,0x00,0x00,0x00,0x00,0x00,0x00,0x00,0x00,
	0xFF,0x7F,0xFF,0x7F,0x00,0x00,0x00,0x00,0xFF,0x7F,0xFF,0x7F,0xFF,0x7F,0xFF,0x7F,

	0xFF,0x7F,0xFF,0x7F,0xFF,0x7F,0xFF,0x7F,0x00,0x00,0x00,0x00,0x00,0x00,0x00,0x00,
	0xFF,0x7F,0xFF,0x7F,0xFF,0x7F,0xFF,0x7F,0x00,0x00,0x00,0x00,0xFF,0x7F,0xFF,0x7F,
	0x00,0x00,0x00,0x00,0xFF,0x7F,0xFF,0x7F,0xFF,0x7F,0xFF,0x7F,0x00,0x00,0x00,0x00,
	0x00,0x00,0x00,0x00,0x00,0x00,0x00,0x00,0xFF,0x7F,0xFF,0x7F,0xFF,0x7F,0xFF,0x7F,
	0x00,0x00,0x00,0x00,0xFF,0x7F,0xFF,0x7F,0x00,0x00,0x00,0x00,0x00,0x00,0x00,0x00,
	0x00,0x00,0x00,0x00,0xFF,0x7F,0xFF,0x7F,0x00,0x00,0x00,0x00,0xDE,0x7B,0xDE,0x7B,
	0xFF,0x7F,0x00,0x00,0x9C,0x73,0x9C,0x73,0x9C,0x73,0x9C,0x73,0x9C,0x73,0x9C,0x73,
	0xB5,0x56,0x9C,0x73,0x9C,0x73,0x9C,0x73,0x9C,0x73,0x9C,0x73,0x9C,0x73,0x00,0x00,

	0xFF,0x7F,0xDE,0x7B,0xDE,0x7B,0x00,0x00,0x00,0x00,0xFF,0x7F,0xFF,0x7F,0x00,0x00,
	0x00,0x00,0x00,0x00,0x00,0x00,0x00,0x00,0x00,0x00,0xFF,0x7F,0xFF,0x7F,0x00,0x00,
	0x00,0x00,0xFF,0x7F,0xFF,0x7F,0x00,0x00,0x00,0x00,0x00,0x00,0x00,0x00,0xFF,0x7F,
	0xFF,0x7F,0x00,0x00,0x00,0x00,0xFF,0x7F,0xFF,0x7F,0xFF,0x7F,0xFF,0x7F,0xFF,0x7F,
	0xFF,0x7F,0x00,0x00,0x00,0x00,0xFF,0x7F,0xFF,0x7F,0xFF,0x7F,0xFF,0x7F,0xFF,0x7F,
	0xFF,0x7F,0xFF,0x7F,0xFF,0x7F,0xFF,0x7F,0xFF,0x7F,0xFF,0x7F,0xFF,0x7F,0xFF,0x7F,
	0xFF,0x7F,0x00,0x00,0x00,0x00,0xFF,0x7F,0xFF,0x7F,0xFF,0x7F,0xFF,0x7F,0x00,0x00,
	0x00,0x00,0x00,0x00,0x00,0x00,0xFF,0x7F,0xFF,0x7F,0xFF,0x7F,0xFF,0x7F,0x00,0x00,

	0x00,0x00,0xFF,0x7F,0xFF,0x7F,0x00,0x00,0x00,0x00,0x00,0x00,0x00,0x00,0x00,0x00,
	0x00,0x00,0xFF,0x7F,0xFF,0x7F,0x00,0x00,0x00,0x00,0xDE,0x7B,0xDE,0x7B,0xFF,0x7F,
	0x00,0x00,0x9C,0x73,0x9C,0x73,0x9C,0x73,0x9C,0x73,0x9C,0x73,0x9C,0x73,0x9C,0x73,
	0xB5,0x56,0x9C,0x73,0x9C,0x73,0x9C,0x73,0x9C,0x73,0x9C,0x73,0x9C,0x73,0x9C,0x73,
	0x9C,0x73,0x9C,0x73,0x9C,0x73,0x9C,0x73,0x9C,0x73,0x9C,0x73,0x9C,0x73,0x9C,0x73,
	0x9C,0x73,0x9C,0x73,0x9C,0x73,0x9C,0x73,0x9C,0x73,0x9C,0x73,0x9C,0x73,0x9C,0x73,
	0xFF,0x7F,0xFF,0x7F,0xFF,0x7F,0xFF,0x7F,0xFF,0x7F,0xFF,0x7F,0xFF,0x7F,0xFF,0x7F,
	0xFF,0x7F,0xFF,0x7F,0xFF,0x7F,0xFF,0x7F,0xFF,0x7F,0xFF,0x7F,0xFF,0x7F,0xFF,0x7F,

	0xFF,0x7F,0xFF,0x7F,0xFF,0x7F,0xFF,0x7F,0xFF,0x7F,0xFF,0x7F,0xFF,0x7F,0xFF,0x7F,
	0xB5,0x56,0xFF,0x7F,0xFF,0x7F,0xFF,0x7F,0xFF,0x7F,0xFF,0x7F,0xFF,0x7F,0xFF,0x7F,
	0x00,0x00,0xFF,0x7F,0xDE,0x7B,0xDE,0x7B,0x00,0x00,0x00,0x00,0xFF,0x7F,0xFF,0x7F,
	0x00,0x00,0x00,0x00,0x00,0x00,0x00,0x00,0x00,0x00,0x00,0x00,0xFF,0x7F,0xFF,0x7F,
	0x00,0x00,0x00,0x00,0xFF,0x7F,0xFF,0x7F,0x00,0x00,0x00,0x00,0x00,0x00,0x00,0x00,
	0xFF,0x7F,0xFF,0x7F,0x00,0x00,0x00,0x00,0xFF,0x7F,0xFF,0x7F,0xFF,0x7F,0xFF,0x7F,
	0xFF,0x7F,0xFF,0x7F,0xFF,0x7F,0xFF,0x7F,0x00,0x00,0x00,0x00,0x00,0x00,0x00,0x00,
	0xFF,0x7F,0xFF,0x7F,0xFF,0x7F,0xFF,0x7F,0x00,0x00,0x00,0x00,0xFF,0x7F,0xFF,0x7F,

	0x00,0x00,0x00,0x00,0xFF,0x7F,0xFF,0x7F,0xFF,0x7F,0xFF,0x7F,0x00,0x00,0x00,0x00,
	0x00,0x00,0x00,0x00,0x00,0x00,0x00,0x00,0xFF,0x7F,0xFF,0x7F,0xFF,0x7F,0xFF,0x7F,
	0x00,0x00,0x00,0x00,0xFF,0x7F,0xFF,0x7F,0x00,0x00,0x00,0x00,0x00,0x00,0x00,0x00,
	0x00,0x00,0x00,0x00,0xFF,0x7F,0xFF,0x7F,0x00,0x00,0x00,0x00,0xDE,0x7B,0xDE,0x7B,
	0xFF,0x7F,0x00,0x00,0xFF,0x7F,0xFF,0x7F,0xFF,0x7F,0xFF,0x7F,0xFF,0x7F,0xFF,0x7F,
	0xB5,0x56,0xFF,0x7F,0xFF,0x7F,0xFF,0x7F,0xFF,0x7F,0xFF,0x7F,0xFF,0x7F,0x00,0x00,
	0xFF,0x7F,0xDE,0x7B,0xDE,0x7B,0x00,0x00,0x00,0x00,0xFF,0x7F,0xFF,0x7F,0x00,0x00,
	0x00,0x00,0x00,0x00,0x00,0x00,0x00,0x00,0x00,0x00,0xFF,0x7F,0xFF,0x7F,0x00,0x00,

	0x00,0x00,0xFF,0x7F,0xFF,0x7F,0x00,0x00,0x00,0x00,0x00,0x00,0x00,0x00,0xFF,0x7F,
	0xFF,0x7F,0x00,0x00,0x00,0x00,0xFF,0x7F,0xFF,0x7F,0xFF,0x7F,0xFF,0x7F,0xFF,0x7F,
	0xFF,0x7F,0x00,0x00,0x00,0x00,0xFF,0x7F,0xFF,0x7F,0xFF,0x7F,0xFF,0x7F,0xFF,0x7F,
	0xFF,0x7F,0xFF,0x7F,0xFF,0x7F,0xFF,0x7F,0xFF,0x7F,0xFF,0x7F,0xFF,0x7F,0xFF,0x7F,
	0xFF,0x7F,0x00,0x00,0x00,0x00,0xFF,0x7F,0xFF,0x7F,0xFF,0x7F,0xFF,0x7F,0x00,0x00,
	0x00,0x00,0x00,0x00,0x00,0x00,0xFF,0x7F,0xFF,0x7F,0xFF,0x7F,0xFF,0x7F,0x00,0x00,
	0x00,0x00,0xFF,0x7F,0xFF,0x7F,0x00,0x00,0x00,0x00,0x00,0x00,0x00,0x00,0x00,0x00,
	0x00,0x00,0xFF,0x7F,0xFF,0x7F,0x00,0x00,0x00,0x00,0xDE,0x7B,0xDE,0x7B,0xFF,0x7F,

	0x00,0x00,0xFF,0x7F,0xFF,0x7F,0xFF,0x7F,0xFF,0x7F,0xFF,0x7F,0xFF,0x7F,0xFF,0x7F,
	0xB5,0x56,0xFF,0x7F,0xFF,0x7F,0xFF,0x7F,0xFF,0x7F,0xFF,0x7F,0xFF,0x7F,0xFF,0x7F,
	0xFF,0x7F,0xFF,0x7F,0xFF,0x7F,0xFF,0x7F,0xFF,0x7F,0xFF,0x7F,0xFF,0x7F,0xFF,0x7F,
	0xFF,0x7F,0xFF,0x7F,0xFF,0x7F,0xFF,0x7F,0xFF,0x7F,0xFF,0x7F,0xFF,0x7F,0xFF,0x7F,
	0x9C,0x73,0x9C,0x73,0x9C,0x73,0x9C,0x73,0x9C,0x73,0x9C,0x73,0x9C,0x73,0x9C,0x73,
	0x9C,0x73,0x9C,0x73,0x9C,0x73,0x9C,0x73,0x9C,0x73,0x9C,0x73,0x9C,0x73,0x9C,0x73,
	0x9C,0x73,0x9C,0x73,0x9C,0x73,0x9C,0x73,0x9C,0x73,0x9C,0x73,0x9C,0x73,0x9C,0x73,
	0xB5,0x56,0x9C,0x73,0x9C,0x73,0x9C,0x73,0x9C,0x73,0x9C,0x73,0x9C,0x73,0x9C,0x73,

	0x00,0x00,0xFF,0x7F,0x9C,0x73,0xDE,0x7B,0x00,0x00,0x00,0x00,0xFF,0x7F,0xFF,0x7F,
	0x00,0x00,0x00,0x00,0x00,0x00,0x00,0x00,0x00,0x00,0x00,0x00,0xFF,0x7F,0xFF,0x7F,
	0x00,0x00,0x00,0x00,0xFF,0x7F,0xFF,0x7F,0x00,0x00,0x00,0x00,0x00,0x00,0x00,0x00,
	0x00,0x00,0x00,0x00,0x00,0x00,0x00,0x00,0xFF,0x7F,0xFF,0x7F,0x00,0x00,0x00,0x00,
	0xFF,0x7F,0xFF,0x7F,0xFF,0x7F,0xFF,0x7F,0xFF,0x7F,0xFF,0x7F,0x00,0x00,0x00,0x00,
	0xFF,0x7F,0xFF,0x7F,0xFF,0x7F,0xFF,0x7F,0xFF,0x7F,0xFF,0x7F,0xFF,0x7F,0xFF,0x7F,
	0xFF,0x7F,0xFF,0x7F,0xFF,0x7F,0xFF,0x7F,0x00,0x00,0x00,0x00,0xFF,0x7F,0xFF,0x7F,
	0x00,0x00,0x00,0x00,0x00,0x00,0x00,0x00,0x00,0x00,0x00,0x00,0xFF,0x7F,0xFF,0x7F,

	0x00,0x00,0x00,0x00,0xFF,0x7F,0xFF,0x7F,0x00,0x00,0x00,0x00,0x00,0x00,0x00,0x00,
	0x00,0x00,0x00,0x00,0xFF,0x7F,0xFF,0x7F,0x00,0x00,0x00,0x00,0xDE,0x7B,0x9C,0x73,
	0xFF,0x7F,0x00,0x00,0x9C,0x73,0x9C,0x73,0x9C,0x73,0x9C,0x73,0x9C,0x73,0x9C,0x73,
	0xB5,0x56,0x9C,0x73,0x9C,0x73,0x9C,0x73,0x9C,0x73,0x9C,0x73,0x9C,0x73,0x00,0x00,
	0xFF,0x7F,0x9C,0x73,0xDE,0x7B,0x00,0x00,0x00,0x00,0xFF,0x7F,0xFF,0x7F,0x00,0x00,
	0x00,0x00,0x00,0x00,0x00,0x00,0x00,0x00,0x00,0x00,0xFF,0x7F,0xFF,0x7F,0x00,0x00,
	0x00,0x00,0xFF,0x7F,0xFF,0x7F,0x00,0x00,0x00,0x00,0xFF,0x7F,0xFF,0x7F,0x00,0x00,
	0x00,0x00,0x00,0x00,0x00,0x00,0x00,0x00,0x00,0x00,0xFF,0x7F,0xFF,0x7F,0x00,0x00,

	0x00,0x00,0x00,0x00,0x00,0x00,0x00,0x00,0x00,0x00,0x00,0x00,0x00,0x00,0x00,0x00,
	0x00,0x00,0xFF,0x7F,0xFF,0x7F,0x00,0x00,0x00,0x00,0xFF,0x7F,0xFF,0x7F,0xFF,0x7F,
	0xFF,0x7F,0x00,0x00,0x00,0x00,0xFF,0x7F,0xFF,0x7F,0x00,0x00,0x00,0x00,0x00,0x00,
	0x00,0x00,0x00,0x00,0x00,0x00,0xFF,0x7F,0xFF,0x7F,0xFF,0x7F,0xFF,0x7F,0x00,0x00,
	0x00,0x00,0xFF,0x7F,0xFF,0x7F,0x00,0x00,0x00,0x00,0x00,0x00,0x00,0x00,0x00,0x00,
	0x00,0x00,0xFF,0x7F,0xFF,0x7F,0x00,0x00,0x00,0x00,0xDE,0x7B,0x9C,0x73,0xFF,0x7F,
	0x00,0x00,0x9C,0x73,0x9C,0x73,0x9C,0x73,0x9C,0x73,0x9C,0x73,0x9C,0x73,0x9C,0x73,
	0xB5,0x56,0x9C,0x73,0x9C,0x73,0x9C,0x73,0x9C,0x73,0x9C,0x73,0x9C,0x73,0x9C,0x73,

	0x9C,0x73,0x9C,0x73,0x9C,0x73,0x9C,0x73,0x9C,0x73,0x9C,0x73,0x9C,0x73,0x9C,0x73,
	0x9C,0x73,0x9C,0x73,0x9C,0x73,0x9C,0x73,0x9C,0x73,0x9C,0x73,0x9C,0x73,0x9C,0x73,
	0xFF,0x7F,0xFF,0x7F,0xFF,0x7F,0xFF,0x7F,0xFF,0x7F,0xFF,0x7F,0xFF,0x7F,0xFF,0x7F,
	0xFF,0x7F,0xFF,0x7F,0xFF,0x7F,0xFF,0x7F,0xFF,0x7F,0xFF,0x7F,0xFF,0x7F,0xFF,0x7F,
	0xFF,0x7F,0xFF,0x7F,0xFF,0x7F,0xFF,0x7F,0xFF,0x7F,0xFF,0x7F,0xFF,0x7F,0xFF,0x7F,
	0xB5,0x56,0xFF,0x7F,0xFF,0x7F,0xFF,0x7F,0xFF,0x7F,0xFF,0x7F,0xFF,0x7F,0xFF,0x7F,
	0x00,0x00,0xFF,0x7F,0xDE,0x7B,0x9C,0x73,0x00,0x00,0x00,0x00,0xFF,0x7F,0xFF,0x7F,
	0x00,0x00,0x00,0x00,0x00,0x00,0x00,0x00,0x00,0x00,0x00,0x00,0xFF,0x7F,0xFF,0x7F,

	0x00,0x00,0x00,0x00,0xFF,0x7F,0xFF,0x7F,0x00,0x00,0x00,0x00,0x00,0x00,0x00,0x00,
	0x00,0x00,0x00,0x00,0x00,0x00,0x00,0x00,0xFF,0x7F,0xFF,0x7F,0x00,0x00,0x00,0x00,
	0xFF,0x7F,0xFF,0x7F,0xFF,0x7F,0xFF,0x7F,0xFF,0x7F,0xFF,0x7F,0x00,0x00,0x00,0x00,
	0xFF,0x7F,0xFF,0x7F,0xFF,0x7F,0xFF,0x7F,0xFF,0x7F,0xFF,0x7F,0xFF,0x7F,0xFF,0x7F,
	0xFF,0x7F,0xFF,0x7F,0xFF,0x7F,0xFF,0x7F,0x00,0x00,0x00,0x00,0xFF,0x7F,0xFF,0x7F,
	0x00,0x00,0x00,0x00,0x00,0x00,0x00,0x00,0x00,0x00,0x00,0x00,0xFF,0x7F,0xFF,0x7F,
	0x00,0x00,0x00,0x00,0xFF,0x7F,0xFF,0x7F,0x00,0x00,0x00,0x00,0x00,0x00,0x00,0x00,
	0x00,0x00,0x00,0x00,0xFF,0x7F,0xFF,0x7F,0x00,0x00,0x00,0x00,0x9C,0x73,0xDE,0x7B,

	0xFF,0x7F,0x00,0x00,0xFF,0x7F,0xFF,0x7F,0xFF,0x7F,0xFF,0x7F,0xFF,0x7F,0xFF,0x7F,
	0xB5,0x56,0xFF,0x7F,0xFF,0x7F,0xFF,0x7F,0xFF,0x7F,0xFF,0x7F,0xFF,0x7F,0x00,0x00,
	0xFF,0x7F,0xDE,0x7B,0x9C,0x73,0x00,0x00,0x00,0x00,0xFF,0x7F,0xFF,0x7F,0x00,0x00,
	0x00,0x00,0x00,0x00,0x00,0x00,0x00,0x00,0x00,0x00,0xFF,0x7F,0xFF,0x7F,0x00,0x00,
	0x00,0x00,0xFF,0x7F,0xFF,0x7F,0x00,0x00,0x00,0x00,0xFF,0x7F,0xFF,0x7F,0x00,0x00,
	0x00,0x00,0x00,0x00,0x00,0x00,0x00,0x00,0x00,0x00,0xFF,0x7F,0xFF,0x7F,0x00,0x00,
	0x00,0x00,0x00,0x00,0x00,0x00,0x00,0x00,0x00,0x00,0x00,0x00,0x00,0x00,0x00,0x00,
	0x00,0x00,0xFF,0x7F,0xFF,0x7F,0x00,0x00,0x00,0x00,0xFF,0x7F,0xFF,0x7F,0xFF,0x7F,

	0xFF,0x7F,0x00,0x00,0x00,0x00,0xFF,0x7F,0xFF,0x7F,0x00,0x00,0x00,0x00,0x00,0x00,
	0x00,0x00,0x00,0x00,0x00,0x00,0xFF,0x7F,0xFF,0x7F,0xFF,0x7F,0xFF,0x7F,0x00,0x00,
	0x00,0x00,0xFF,0x7F,0xFF,0x7F,0x00,0x00,0x00,0x00,0x00,0x00,0x00,0x00,0x00,0x00,
	0x00,0x00,0xFF,0x7F,0xFF,0x7F,0x00,0x00,0x00,0x00,0x9C,0x73,0xDE,0x7B,0xFF,0x7F,
	0x00,0x00,0xFF,0x7F,0xFF,0x7F,0xFF,0x7F,0xFF,0x7F,0xFF,0x7F,0xFF,0x7F,0xFF,0x7F,
	0xB5,0x56,0xFF,0x7F,0xFF,0x7F,0xFF,0x7F,0xFF,0x7F,0xFF,0x7F,0xFF,0x7F,0xFF,0x7F,
	0xFF,0x7F,0xFF,0x7F,0xFF,0x7F,0xFF,0x7F,0xFF,0x7F,0xFF,0x7F,0xFF,0x7F,0xFF,0x7F,
	0xFF,0x7F,0xFF,0x7F,0xFF,0x7F,0xFF,0x7F,0xFF,0x7F,0xFF,0x7F,0xFF,0x7F,0xFF,0x7F,

	0x9C,0x73,0x9C,0x73,0x9C,0x73,0x9C,0x73,0x9C,0x73,0x9C,0x73,0x9C,0x73,0x9C,0x73,
	0x9C,0x73,0x9C,0x73,0x9C,0x73,0x9C,0x73,0x9C,0x73,0x9C,0x73,0x9C,0x73,0x9C,0x73,
	0x9C,0x73,0x9C,0x73,0x9C,0x73,0x9C,0x73,0x9C,0x73,0x9C,0x73,0x9C,0x73,0x9C,0x73,
	0xB5,0x56,0x9C,0x73,0x9C,0x73,0x9C,0x73,0x9C,0x73,0x9C,0x73,0x9C,0x73,0x9C,0x73,
	0x00,0x00,0xFF,0x7F,0x9C,0x73,0xDE,0x7B,0x00,0x00,0x00,0x00,0xFF,0x7F,0xFF,0x7F,
	0xFF,0x7F,0xFF,0x7F,0xFF,0x7F,0xFF,0x7F,0xFF,0x7F,0xFF,0x7F,0xFF,0x7F,0xFF,0x7F,
	0x00,0x00,0x00,0x00,0xFF,0x7F,0xFF,0x7F,0xFF,0x7F,0xFF,0x7F,0x00,0x00,0x00,0x00,
	0xFF,0x7F,0xFF,0x7F,0xFF,0x7F,0xFF,0x7F,0x00,0x00,0x00,0x00,0xFF,0x7F,0xFF,0x7F,

	0x00,0x00,0x00,0x00,0xFF,0x7F,0xFF,0x7F,0xFF,0x7F,0xFF,0x7F,0xFF,0x7F,0xFF,0x7F,
	0x00,0x00,0x00,0x00,0x00,0x00,0x00,0x00,0xFF,0x7F,0xFF,0x7F,0xFF,0x7F,0xFF,0x7F,
	0xFF,0x7F,0xFF,0x7F,0xFF,0x7F,0xFF,0x7F,0x00,0x00,0x00,0x00,0x00,0x00,0x00,0x00,
	0xFF,0x7F,0xFF,0x7F,0xFF,0x7F,0xFF,0x7F,0xFF,0x7F,0xFF,0x7F,0xFF,0x7F,0xFF,0x7F,
	0x00,0x00,0x00,0x00,0xFF,0x7F,0xFF,0x7F,0xFF,0x7F,0xFF,0x7F,0xFF,0x7F,0xFF,0x7F,
	0xFF,0x7F,0xFF,0x7F,0xFF,0x7F,0xFF,0x7F,0x00,0x00,0x00,0x00,0xDE,0x7B,0x9C,0x73,
	0xFF,0x7F,0x00,0x00,0x9C,0x73,0x9C,0x73,0x9C,0x73,0x9C,0x73,0x9C,0x73,0x9C,0x73,
	0xB5,0x56,0x9C,0x73,0x9C,0x73,0x9C,0x73,0x9C,0x73,0x9C,0x73,0x9C,0x73,0x00,0x00,

	0xFF,0x7F,0x9C,0x73,0xDE,0x7B,0x00,0x00,0x00,0x00,0xFF,0x7F,0xFF,0x7F,0xFF,0x7F,
	0xFF,0x7F,0xFF,0x7F,0xFF,0x7F,0xFF,0x7F,0xFF,0x7F,0xFF,0x7F,0xFF,0x7F,0x00,0x00,
	0x00,0x00,0xFF,0x7F,0xFF,0x7F,0x00,0x00,0x00,0x00,0xFF,0x7F,0xFF,0x7F,0x00,0x00,
	0x00,0x00,0xFF,0x7F,0xFF,0x7F,0xFF,0x7F,0xFF,0x7F,0xFF,0x7F,0xFF,0x7F,0xFF,0x7F,
	0xFF,0x7F,0xFF,0x7F,0xFF,0x7F,0xFF,0x7F,0xFF,0x7F,0xFF,0x7F,0xFF,0x7F,0xFF,0x7F,
	0xFF,0x7F,0x00,0x00,0x00,0x00,0xFF,0x7F,0xFF,0x7F,0x00,0x00,0x00,0x00,0x00,0x00,
	0x00,0x00,0x00,0x00,0x00,0x00,0xFF,0x7F,0xFF,0x7F,0x00,0x00,0x00,0x00,0x00,0x00,
	0x00,0x00,0x00,0x00,0x00,0x00,0x00,0x00,0x00,0x00,0xFF,0x7F,0xFF,0x7F,0x00,0x00,

	0x00,0x00,0xFF,0x7F,0xFF,0x7F,0xFF,0x7F,0xFF,0x7F,0xFF,0x7F,0xFF,0x7F,0xFF,0x7F,
	0xFF,0x7F,0xFF,0x7F,0xFF,0x7F,0x00,0x00,0x00,0x00,0xDE,0x7B,0x9C,0x73,0xFF,0x7F,
	0x00,0x00,0x9C,0x73,0x9C,0x73,0x9C,0x73,0x9C,0x73,0x9C,0x73,0x9C,0x73,0x9C,0x73,
	0xB5,0x56,0x9C,0x73,0x9C,0x73,0x9C,0x73,0x9C,0x73,0x9C,0x73,0x9C,0x73,0x9C,0x73,
	0x9C,0x73,0x9C,0x73,0x9C,0x73,0x9C,0x73,0x9C,0x73,0x9C,0x73,0x9C,0x73,0x9C,0x73,
	0x9C,0x73,0x9C,0x73,0x9C,0x73,0x9C,0x73,0x9C,0x73,0x9C,0x73,0x9C,0x73,0x9C,0x73,
	0xFF,0x7F,0xFF,0x7F,0xFF,0x7F,0xFF,0x7F,0xFF,0x7F,0xFF,0x7F,0xFF,0x7F,0xFF,0x7F,
	0xFF,0x7F,0xFF,0x7F,0xFF,0x7F,0xFF,0x7F,0xFF,0x7F,0xFF,0x7F,0xFF,0x7F,0xFF,0x7F,

	0xFF,0x7F,0xFF,0x7F,0xFF,0x7F,0xFF,0x7F,0xFF,0x7F,0xFF,0x7F,0xFF,0x7F,0xFF,0x7F,
	0xB5,0x56,0xFF,0x7F,0xFF,0x7F,0xFF,0x7F,0xFF,0x7F,0xFF,0x7F,0xFF,0x7F,0xFF,0x7F,
	0x00,0x00,0xFF,0x7F,0x9C,0x73,0x9C,0x73,0x00,0x00,0x00,0x00,0xFF,0x7F,0xFF,0x7F,
	0xFF,0x7F,0xFF,0x7F,0xFF,0x7F,0xFF,0x7F,0xFF,0x7F,0xFF,0x7F,0xFF,0x7F,0xFF,0x7F,
	0x00,0x00,0x00,0x00,0xFF,0x7F,0xFF,0x7F,0xFF,0x7F,0xFF,0x7F,0x00,0x00,0x00,0x00,
	0xFF,0x7F,0xFF,0x7F,0xFF,0x7F,0xFF,0x7F,0x00,0x00,0x00,0x00,0xFF,0x7F,0xFF,0x7F,
	0x00,0x00,0x00,0x00,0xFF,0x7F,0xFF,0x7F,0xFF,0x7F,0xFF,0x7F,0xFF,0x7F,0xFF,0x7F,
	0x00,0x00,0x00,0x00,0x00,0x00,0x00,0x00,0xFF,0x7F,0xFF,0x7F,0xFF,0x7F,0xFF,0x7F,

	0xFF,0x7F,0xFF,0x7F,0xFF,0x7F,0xFF,0x7F,0x00,0x00,0x00,0x00,0x00,0x00,0x00,0x00,
	0xFF,0x7F,0xFF,0x7F,0xFF,0x7F,0xFF,0x7F,0xFF,0x7F,0xFF,0x7F,0xFF,0x7F,0xFF,0x7F,
	0x00,0x00,0x00,0x00,0xFF,0x7F,0xFF,0x7F,0xFF,0x7F,0xFF,0x7F,0xFF,0x7F,0xFF,0x7F,
	0xFF,0x7F,0xFF,0x7F,0xFF,0x7F,0xFF,0x7F,0x00,0x00,0x00,0x00,0x9C,0x73,0x9C,0x73,
	0xFF,0x7F,0x00,0x00,0xFF,0x7F,0xFF,0x7F,0xFF,0x7F,0xFF,0x7F,0xFF,0x7F,0xFF,0x7F,
	0xB5,0x56,0xFF,0x7F,0xFF,0x7F,0xFF,0x7F,0xFF,0x7F,0xFF,0x7F,0xFF,0x7F,0x00,0x00,
	0xFF,0x7F,0x9C,0x73,0x9C,0x73,0x00,0x00,0x00,0x00,0xFF,0x7F,0xFF,0x7F,0xFF,0x7F,
	0xFF,0x7F,0xFF,0x7F,0xFF,0x7F,0xFF,0x7F,0xFF,0x7F,0xFF,0x7F,0xFF,0x7F,0x00,0x00,

	0x00,0x00,0xFF,0x7F,0xFF,0x7F,0x00,0x00,0x00,0x00,0xFF,0x7F,0xFF,0x7F,0x00,0x00,
	0x00,0x00,0xFF,0x7F,0xFF,0x7F,0xFF,0x7F,0xFF,0x7F,0xFF,0x7F,0xFF,0x7F,0xFF,0x7F,
	0xFF,0x7F,0xFF,0x7F,0xFF,0x7F,0xFF,0x7F,0xFF,0x7F,0xFF,0x7F,0xFF,0x7F,0xFF,0x7F,
	0xFF,0x7F,0x00,0x00,0x00,0x00,0xFF,0x7F,0xFF,0x7F,0x00,0x00,0x00,0x00,0x00,0x00,
	0x00,0x00,0x00,0x00,0x00,0x00,0xFF,0x7F,0xFF,0x7F,0x00,0x00,0x00,0x00,0x00,0x00,
	0x00,0x00,0x00,0x00,0x00,0x00,0x00,0x00,0x00,0x00,0xFF,0x7F,0xFF,0x7F,0x00,0x00,
	0x00,0x00,0xFF,0x7F,0xFF,0x7F,0xFF,0x7F,0xFF,0x7F,0xFF,0x7F,0xFF,0x7F,0xFF,0x7F,
	0xFF,0x7F,0xFF,0x7F,0xFF,0x7F,0x00,0x00,0x00,0x00,0x9C,0x73,0x9C,0x73,0xFF,0x7F,

	0x00,0x00,0xFF,0x7F,0xFF,0x7F,0xFF,0x7F,0xFF,0x7F,0xFF,0x7F,0xFF,0x7F,0xFF,0x7F,
	0xB5,0x56,0xFF,0x7F,0xFF,0x7F,0xFF,0x7F,0xFF,0x7F,0xFF,0x7F,0xFF,0x7F,0xFF,0x7F,
	0xFF,0x7F,0xFF,0x7F,0xFF,0x7F,0xFF,0x7F,0xFF,0x7F,0xFF,0x7F,0xFF,0x7F,0xFF,0x7F,
	0xFF,0x7F,0xFF,0x7F,0xFF,0x7F,0xFF,0x7F,0xFF,0x7F,0xFF,0x7F,0xFF,0x7F,0xFF,0x7F,
	0x9C,0x73,0x9C,0x73,0x9C,0x73,0x9C,0x73,0x9C,0x73,0x9C,0x73,0x9C,0x73,0x9C,0x73,
	0x9C,0x73,0x9C,0x73,0x9C,0x73,0x9C,0x73,0x9C,0x73,0x9C,0x73,0x9C,0x73,0x9C,0x73,
	0x9C,0x73,0x9C,0x73,0x9C,0x73,0x9C,0x73,0x9C,0x73,0x9C,0x73,0x9C,0x73,0x9C,0x73,
	0xB5,0x56,0x9C,0x73,0x9C,0x73,0x9C,0x73,0x9C,0x73,0x9C,0x73,0x9C,0x73,0x9C,0x73,

	0x00,0x00,0xFF,0x7F,0x9C,0x73,0x9C,0x73,0x00,0x00,0x00,0x00,0x00,0x00,0x00,0x00,
	0x00,0x00,0x00,0x00,0x00,0x00,0x00,0x00,0x00,0x00,0x00,0x00,0x00,0x00,0x00,0x00,
	0x00,0x00,0x00,0x00,0xFF,0x7F,0xFF,0x7F,0x00,0x00,0x00,0x00,0xFF,0x7F,0xFF,0x7F,
	0x00,0x00,0x00,0x00,0xFF,0x7F,0xFF,0x7F,0x00,0x00,0x00,0x00,0xFF,0x7F,0xFF,0x7F,
	0x00,0x00,0x00,0x00,0xFF,0x7F,0xFF,0x7F,0x00,0x00,0x00,0x00,0xFF,0x7F,0xFF,0x7F,
	0x00,0x00,0x00,0x00,0xFF,0x7F,0xFF,0x7F,0x00,0x00,0x00,0x00,0xFF,0x7F,0xFF,0x7F,
	0x00,0x00,0x00,0x00,0xFF,0x7F,0xFF,0x7F,0x00,0x00,0x00,0x00,0xFF,0x7F,0xFF,0x7F,
	0x00,0x00,0x00,0x00,0xFF,0x7F,0xFF,0x7F,0x00,0x00,0x00,0x00,0xFF,0x7F,0xFF,0x7F,

	0x00,0x00,0x00,0x00,0x00,0x00,0x00,0x00,0x00,0x00,0x00,0x00,0x00,0x00,0x00,0x00,
	0x00,0x00,0x00,0x00,0x00,0x00,0x00,0x00,0x00,0x00,0x00,0x00,0x9C,0x73,0x9C,0x73,
	0xFF,0x7F,0x00,0x00,0x9C,0x73,0x9C,0x73,0x9C,0x73,0x9C,0x73,0x9C,0x73,0x9C,0x73,
	0xB5,0x56,0x9C,0x73,0x9C,0x73,0x9C,0x73,0x9C,0x73,0x9C,0x73,0x9C,0x73,0x00,0x00,
	0xFF,0x7F,0x9C,0x73,0x9C,0x73,0x00,0x00,0x00,0x00,0x00,0x00,0x00,0x00,0x00,0x00,
	0x00,0x00,0x00,0x00,0x00,0x00,0x00,0x00,0x00,0x00,0x00,0x00,0x00,0x00,0x00,0x00,
	0x00,0x00,0xFF,0x7F,0xFF,0x7F,0x00,0x00,0x00,0x00,0xFF,0x7F,0xFF,0x7F,0x00,0x00,
	0x00,0x00,0xFF,0x7F,0xFF,0x7F,0x00,0x00,0x00,0x00,0xFF,0x7F,0xFF,0x7F,0x00,0x00,

	0x00,0x00,0xFF,0x7F,0xFF,0x7F,0x00,0x00,0x00,0x00,0xFF,0x7F,0xFF,0x7F,0x00,0x00,
	0x00,0x00,0xFF,0x7F,0xFF,0x7F,0x00,0x00,0x00,0x00,0xFF,0x7F,0xFF,0x7F,0x00,0x00,
	0x00,0x00,0xFF,0x7F,0xFF,0x7F,0x00,0x00,0x00,0x00,0xFF,0x7F,0xFF,0x7F,0x00,0x00,
	0x00,0x00,0xFF,0x7F,0xFF,0x7F,0x00,0x00,0x00,0x00,0xFF,0x7F,0xFF,0x7F,0x00,0x00,
	0x00,0x00,0x00,0x00,0x00,0x00,0x00,0x00,0x00,0x00,0x00,0x00,0x00,0x00,0x00,0x00,
	0x00,0x00,0x00,0x00,0x00,0x00,0x00,0x00,0x00,0x00,0x9C,0x73,0x9C,0x73,0xFF,0x7F,
	0x00,0x00,0x9C,0x73,0x9C,0x73,0x9C,0x73,0x9C,0x73,0x9C,0x73,0x9C,0x73,0x9C,0x73,
	0xB5,0x56,0x9C,0x73,0x9C,0x73,0x9C,0x73,0x9C,0x73,0x9C,0x73,0x9C,0x73,0x9C,0x73,

	0x9C,0x73,0x9C,0x73,0x9C,0x73,0x9C,0x73,0x9C,0x73,0x9C,0x73,0x9C,0x73,0x9C,0x73,
	0x9C,0x73,0x9C,0x73,0x9C,0x73,0x9C,0x73,0x9C,0x73,0x9C,0x73,0x9C,0x73,0x9C,0x73,
	0xFF,0x7F,0xFF,0x7F,0xFF,0x7F,0xFF,0x7F,0xFF,0x7F,0xFF,0x7F,0xFF,0x7F,0xFF,0x7F,
	0xFF,0x7F,0xFF,0x7F,0xFF,0x7F,0xFF,0x7F,0xFF,0x7F,0xFF,0x7F,0xFF,0x7F,0xFF,0x7F,
	0xFF,0x7F,0xFF,0x7F,0xFF,0x7F,0xFF,0x7F,0xFF,0x7F,0xFF,0x7F,0xFF,0x7F,0xFF,0x7F,
	0xB5,0x56,0xFF,0x7F,0xFF,0x7F,0xFF,0x7F,0xFF,0x7F,0xFF,0x7F,0xFF,0x7F,0xFF,0x7F,
	0x00,0x00,0xFF,0x7F,0x9C,0x73,0x9C,0x73,0x00,0x00,0x00,0x00,0x00,0x00,0x00,0x00,
	0x00,0x00,0x00,0x00,0x00,0x00,0x00,0x00,0x00,0x00,0x00,0x00,0x00,0x00,0x00,0x00,

	0x00,0x00,0x00,0x00,0xFF,0x7F,0xFF,0x7F,0x00,0x00,0x00,0x00,0xFF,0x7F,0xFF,0x7F,
	0x00,0x00,0x00,0x00,0xFF,0x7F,0xFF,0x7F,0x00,0x00,0x00,0x00,0xFF,0x7F,0xFF,0x7F,
	0x00,0x00,0x00,0x00,0xFF,0x7F,0xFF,0x7F,0x00,0x00,0x00,0x00,0xFF,0x7F,0xFF,0x7F,
	0x00,0x00,0x00,0x00,0xFF,0x7F,0xFF,0x7F,0x00,0x00,0x00,0x00,0xFF,0x7F,0xFF,0x7F,
	0x00,0x00,0x00,0x00,0xFF,0x7F,0xFF,0x7F,0x00,0x00,0x00,0x00,0xFF,0x7F,0xFF,0x7F,
	0x00,0x00,0x00,0x00,0xFF,0x7F,0xFF,0x7F,0x00,0x00,0x00,0x00,0xFF,0x7F,0xFF,0x7F,
	0x00,0x00,0x00,0x00,0x00,0x00,0x00,0x00,0x00,0x00,0x00,0x00,0x00,0x00,0x00,0x00,
	0x00,0x00,0x00,0x00,0x00,0x00,0x00,0x00,0x00,0x00,0x00,0x00,0x9C,0x73,0x9C,0x73,

	0xFF,0x7F,0x00,0x00,0xFF,0x7F,0xFF,0x7F,0xFF,0x7F,0xFF,0x7F,0xFF,0x7F,0xFF,0x7F,
	0xB5,0x56,0xFF,0x7F,0xFF,0x7F,0xFF,0x7F,0xFF,0x7F,0xFF,0x7F,0xFF,0x7F,0x00,0x00,
	0xFF,0x7F,0x9C,0x73,0x9C,0x73,0x00,0x00,0x00,0x00,0x00,0x00,0x00,0x00,0x00,0x00,
	0x00,0x00,0x00,0x00,0x00,0x00,0x00,0x00,0x00,0x00,0x00,0x00,0x00,0x00,0x00,0x00,
	0x00,0x00,0xFF,0x7F,0xFF,0x7F,0x00,0x00,0x00,0x00,0xFF,0x7F,0xFF,0x7F,0x00,0x00,
	0x00,0x00,0xFF,0x7F,0xFF,0x7F,0x00,0x00,0x00,0x00,0xFF,0x7F,0xFF,0x7F,0x00,0x00,
	0x00,0x00,0xFF,0x7F,0xFF,0x7F,0x00,0x00,0x00,0x00,0xFF,0x7F,0xFF,0x7F,0x00,0x00,
	0x00,0x00,0xFF,0x7F,0xFF,0x7F,0x00,0x00,0x00,0x00,0xFF,0x7F,0xFF,0x7F,0x00,0x00,

	0x00,0x00,0xFF,0x7F,0xFF,0x7F,0x00,0x00,0x00,0x00,0xFF,0x7F,0xFF,0x7F,0x00,0x00,
	0x00,0x00,0xFF,0x7F,0xFF,0x7F,0x00,0x00,0x00,0x00,0xFF,0x7F,0xFF,0x7F,0x00,0x00,
	0x00,0x00,0x00,0x00,0x00,0x00,0x00,0x00,0x00,0x00,0x00,0x00,0x00,0x00,0x00,0x00,
	0x00,0x00,0x00,0x00,0x00,0x00,0x00,0x00,0x00,0x00,0x9C,0x73,0x9C,0x73,0xFF,0x7F,
	0x00,0x00,0xFF,0x7F,0xFF,0x7F,0xFF,0x7F,0xFF,0x7F,0xFF,0x7F,0xFF,0x7F,0xFF,0x7F,
	0xB5,0x56,0xFF,0x7F,0xFF,0x7F,0xFF,0x7F,0xFF,0x7F,0xFF,0x7F,0xFF,0x7F,0xFF,0x7F,
	0xFF,0x7F,0xFF,0x7F,0xFF,0x7F,0xFF,0x7F,0xFF,0x7F,0xFF,0x7F,0xFF,0x7F,0xFF,0x7F,
	0xFF,0x7F,0xFF,0x7F,0xFF,0x7F,0xFF,0x7F,0xFF,0x7F,0xFF,0x7F,0xFF,0x7F,0xFF,0x7F,

	0x9C,0x73,0x9C,0x73,0x9C,0x73,0x9C,0x73,0x9C,0x73,0x9C,0x73,0x9C,0x73,0x9C,0x73,
	0x9C,0x73,0x9C,0x73,0x9C,0x73,0x9C,0x73,0x9C,0x73,0x9C,0x73,0x9C,0x73,0x9C,0x73,
	0x9C,0x73,0x9C,0x73,0x9C,0x73,0x9C,0x73,0x9C,0x73,0x9C,0x73,0x9C,0x73,0x9C,0x73,
	0xB5,0x56,0x9C,0x73,0x9C,0x73,0x9C,0x73,0x9C,0x73,0x9C,0x73,0x9C,0x73,0x9C,0x73,
	0x00,0x00,0xFF,0x7F,0x9C,0x73,0x9C,0x73,0xFF,0x7F,0xFF,0x7F,0xFF,0x7F,0xFF,0x7F,
	0xFF,0x7F,0xFF,0x7F,0xFF,0x7F,0xFF,0x7F,0xFF,0x7F,0xFF,0x7F,0xFF,0x7F,0xFF,0x7F,
	0xFF,0x7F,0xFF,0x7F,0xFF,0x7F,0xFF,0x7F,0xFF,0x7F,0xFF,0x7F,0x00,0x00,0x00,0x00,
	0xFF,0x7F,0xFF,0x7F,0x00,0x00,0x00,0x00,0xFF,0x7F,0xFF,0x7F,0x00,0x00,0x00,0x00,

	0x00,0x00,0x00,0x00,0xFF,0x7F,0xFF,0x7F,0xFF,0x7F,0xFF,0x7F,0x00,0x00,0x00,0x00,
	0x00,0x00,0x00,0x00,0xFF,0x7F,0xFF,0x7F,0x00,0x00,0x00,0x00,0xFF,0x7F,0xFF,0x7F,
	0x00,0x00,0x00,0x00,0x00,0x00,0x00,0x00,0x00,0x00,0x00,0x00,0xFF,0x7F,0xFF,0x7F,
	0xFF,0x7F,0xFF,0x7F,0xFF,0x7F,0xFF,0x7F,0x00,0x00,0x00,0x00,0xFF,0x7F,0xFF,0x7F,
	0xFF,0x7F,0xFF,0x7F,0xFF,0x7F,0xFF,0x7F,0xFF,0x7F,0xFF,0x7F,0xFF,0x7F,0xFF,0x7F,
	0xFF,0x7F,0xFF,0x7F,0xFF,0x7F,0xFF,0x7F,0xFF,0x7F,0xFF,0x7F,0x9C,0x73,0x9C,0x73,
	0xFF,0x7F,0x00,0x00,0x9C,0x73,0x9C,0x73,0x9C,0x73,0x9C,0x73,0x9C,0x73,0x9C,0x73,
	0xB5,0x56,0x9C,0x73,0x9C,0x73,0x9C,0x73,0x9C,0x73,0x9C,0x73,0x9C,0x73,0x00,0x00,

	0xFF,0x7F,0x9C,0x73,0x9C,0x73,0xFF,0x7F,0xFF,0x7F,0xFF,0x7F,0xFF,0x7F,0xFF,0x7F,
	0xFF,0x7F,0xFF,0x7F,0xFF,0x7F,0xFF,0x7F,0xFF,0x7F,0xFF,0x7F,0xFF,0x7F,0xFF,0x7F,
	0xFF,0x7F,0xFF,0x7F,0xFF,0x7F,0xFF,0x7F,0xFF,0x7F,0xFF,0x7F,0xFF,0x7F,0x00,0x00,
	0x00,0x00,0xFF,0x7F,0xFF,0x7F,0x00,0x00,0x00,0x00,0x00,0x00,0x00,0x00,0xFF,0x7F,
	0xFF,0x7F,0x00,0x00,0x00,0x00,0xFF,0x7F,0xFF,0x7F,0x00,0x00,0x00,0x00,0x00,0x00,
	0x00,0x00,0x00,0x00,0x00,0x00,0xFF,0x7F,0xFF,0x7F,0xFF,0x7F,0xFF,0x7F,0x00,0x00,
	0x00,0x00,0xFF,0x7F,0xFF,0x7F,0xFF,0x7F,0xFF,0x7F,0xFF,0x7F,0xFF,0x7F,0x00,0x00,
	0x00,0x00,0xFF,0x7F,0xFF,0x7F,0xFF,0x7F,0xFF,0x7F,0xFF,0x7F,0xFF,0x7F,0xFF,0x7F,

	0xFF,0x7F,0xFF,0x7F,0xFF,0x7F,0xFF,0x7F,0xFF,0x7F,0xFF,0x7F,0xFF,0x7F,0xFF,0x7F,
	0xFF,0x7F,0xFF,0x7F,0xFF,0x7F,0xFF,0x7F,0xFF,0x7F,0x9C,0x73,0x9C,0x73,0xFF,0x7F,
	0x00,0x00,0x9C,0x73,0x9C,0x73,0x9C,0x73,0x9C,0x73,0x9C,0x73,0x9C,0x73,0x9C,0x73,
	0xB5,0x56,0x9C,0x73,0x9C,0x73,0x9C,0x73,0x9C,0x73,0x9C,0x73,0x9C,0x73,0x9C,0x73,
	0x9C,0x73,0x9C,0x73,0x9C,0x73,0x9C,0x73,0x9C,0x73,0x9C,0x73,0x9C,0x73,0x9C,0x73,
	0x9C,0x73,0x9C,0x73,0x9C,0x73,0x9C,0x73,0x9C,0x73,0x9C,0x73,0x9C,0x73,0x9C,0x73,
	0xFF,0x7F,0xFF,0x7F,0xFF,0x7F,0xFF,0x7F,0xFF,0x7F,0xFF,0x7F,0xFF,0x7F,0xFF,0x7F,
	0xFF,0x7F,0xFF,0x7F,0xFF,0x7F,0xFF,0x7F,0xFF,0x7F,0xFF,0x7F,0xFF,0x7F,0xFF,0x7F,

	0xFF,0x7F,0xFF,0x7F,0xFF,0x7F,0xFF,0x7F,0xFF,0x7F,0xFF,0x7F,0xFF,0x7F,0xFF,0x7F,
	0xB5,0x56,0xFF,0x7F,0xFF,0x7F,0xFF,0x7F,0xFF,0x7F,0xFF,0x7F,0xFF,0x7F,0xFF,0x7F,
	0x00,0x00,0xFF,0x7F,0x9C,0x73,0x5A,0x6B,0xFF,0x7F,0xFF,0x7F,0xFF,0x7F,0xFF,0x7F,
	0xFF,0x7F,0xFF,0x7F,0xFF,0x7F,0xFF,0x7F,0xFF,0x7F,0xFF,0x7F,0xFF,0x7F,0xFF,0x7F,
	0xFF,0x7F,0xFF,0x7F,0xFF,0x7F,0xFF,0x7F,0xFF,0x7F,0xFF,0x7F,0x00,0x00,0x00,0x00,
	0xFF,0x7F,0xFF,0x7F,0x00,0x00,0x00,0x00,0xFF,0x7F,0xFF,0x7F,0x00,0x00,0x00,0x00,
	0x00,0x00,0x00,0x00,0xFF,0x7F,0xFF,0x7F,0xFF,0x7F,0xFF,0x7F,0x00,0x00,0x00,0x00,
	0x00,0x00,0x00,0x00,0xFF,0x7F,0xFF,0x7F,0x00,0x00,0x00,0x00,0xFF,0x7F,0xFF,0x7F,

	0x00,0x00,0x00,0x00,0x00,0x00,0x00,0x00,0x00,0x00,0x00,0x00,0xFF,0x7F,0xFF,0x7F,
	0xFF,0x7F,0xFF,0x7F,0xFF,0x7F,0xFF,0x7F,0x00,0x00,0x00,0x00,0xFF,0x7F,0xFF,0x7F,
	0xFF,0x7F,0xFF,0x7F,0xFF,0x7F,0xFF,0x7F,0xFF,0x7F,0xFF,0x7F,0xFF,0x7F,0xFF,0x7F,
	0xFF,0x7F,0xFF,0x7F,0xFF,0x7F,0xFF,0x7F,0xFF,0x7F,0xFF,0x7F,0x5A,0x6B,0x9C,0x73,
	0xFF,0x7F,0x00,0x00,0xFF,0x7F,0xFF,0x7F,0xFF,0x7F,0xFF,0x7F,0xFF,0x7F,0xFF,0x7F,
	0xB5,0x56,0xFF,0x7F,0xFF,0x7F,0xFF,0x7F,0xFF,0x7F,0xFF,0x7F,0xFF,0x7F,0x00,0x00,
	0xFF,0x7F,0x9C,0x73,0x5A,0x6B,0xFF,0x7F,0xFF,0x7F,0xFF,0x7F,0xFF,0x7F,0xFF,0x7F,
	0xFF,0x7F,0xFF,0x7F,0xFF,0x7F,0xFF,0x7F,0xFF,0x7F,0xFF,0x7F,0xFF,0x7F,0xFF,0x7F,

	0xFF,0x7F,0xFF,0x7F,0xFF,0x7F,0xFF,0x7F,0xFF,0x7F,0xFF,0x7F,0xFF,0x7F,0x00,0x00,
	0x00,0x00,0xFF,0x7F,0xFF,0x7F,0x00,0x00,0x00,0x00,0x00,0x00,0x00,0x00,0xFF,0x7F,
	0xFF,0x7F,0x00,0x00,0x00,0x00,0xFF,0x7F,0xFF,0x7F,0x00,0x00,0x00,0x00,0x00,0x00,
	0x00,0x00,0x00,0x00,0x00,0x00,0xFF,0x7F,0xFF,0x7F,0xFF,0x7F,0xFF,0x7F,0x00,0x00,
	0x00,0x00,0xFF,0x7F,0xFF,0x7F,0xFF,0x7F,0xFF,0x7F,0xFF,0x7F,0xFF,0x7F,0x00,0x00,
	0x00,0x00,0xFF,0x7F,0xFF,0x7F,0xFF,0x7F,0xFF,0x7F,0xFF,0x7F,0xFF,0x7F,0xFF,0x7F,
	0xFF,0x7F,0xFF,0x7F,0xFF,0x7F,0xFF,0x7F,0xFF,0x7F,0xFF,0x7F,0xFF,0x7F,0xFF,0x7F,
	0xFF,0x7F,0xFF,0x7F,0xFF,0x7F,0xFF,0x7F,0xFF,0x7F,0x5A,0x6B,0x9C,0x73,0xFF,0x7F,

	0x00,0x00,0xFF,0x7F,0xFF,0x7F,0xFF,0x7F,0xFF,0x7F,0xFF,0x7F,0xFF,0x7F,0xFF,0x7F,
	0xB5,0x56,0xFF,0x7F,0xFF,0x7F,0xFF,0x7F,0xFF,0x7F,0xFF,0x7F,0xFF,0x7F,0xFF,0x7F,
	0xFF,0x7F,0xFF,0x7F,0xFF,0x7F,0xFF,0x7F,0xFF,0x7F,0xFF,0x7F,0xFF,0x7F,0xFF,0x7F,
	0xFF,0x7F,0xFF,0x7F,0xFF,0x7F,0xFF,0x7F,0xFF,0x7F,0xFF,0x7F,0xFF,0x7F,0xFF,0x7F,
	0x9C,0x73,0x9C,0x73,0x9C,0x73,0x9C,0x73,0x9C,0x73,0x9C,0x73,0x9C,0x73,0x9C,0x73,
	0x9C,0x73,0x9C,0x73,0x9C,0x73,0x9C,0x73,0x9C,0x73,0x9C,0x73,0x9C,0x73,0x9C,0x73,
	0x9C,0x73,0x9C,0x73,0x9C,0x73,0x9C,0x73,0x9C,0x73,0x9C,0x73,0x9C,0x73,0x9C,0x73,
	0xB5,0x56,0x9C,0x73,0x9C,0x73,0x9C,0x73,0x9C,0x73,0x9C,0x73,0x9C,0x73,0x9C,0x73,

	0x00,0x00,0xFF,0x7F,0x5A,0x6B,0x9C,0x73,0x00,0x00,0x00,0x00,0x00,0x00,0x00,0x00,
	0x00,0x00,0x00,0x00,0x00,0x00,0x00,0x00,0xFF,0x7F,0xFF,0x7F,0xFF,0x7F,0xFF,0x7F,
	0x00,0x00,0x00,0x00,0xFF,0x7F,0xFF,0x7F,0x00,0x00,0x00,0x00,0xFF,0x7F,0xFF,0x7F,
	0xFF,0x7F,0xFF,0x7F,0xFF,0x7F,0xFF,0x7F,0xFF,0x7F,0xFF,0x7F,0x00,0x00,0x00,0x00,
	0x00,0x00,0x00,0x00,0xFF,0x7F,0xFF,0x7F,0x00,0x00,0x00,0x00,0x00,0x00,0x00,0x00,
	0x00,0x00,0x00,0x00,0x00,0x00,0x00,0x00,0x00,0x00,0x00,0x00,0x00,0x00,0x00,0x00,
	0xFF,0x7F,0xFF,0x7F,0xFF,0x7F,0xFF,0x7F,0xFF,0x7F,0xFF,0x7F,0xFF,0x7F,0xFF,0x7F,
	0xFF,0x7F,0xFF,0x7F,0x00,0x00,0x00,0x00,0x00,0x00,0x00,0x00,0x00,0x00,0x00,0x00,

	0xFF,0x7F,0xFF,0x7F,0xFF,0x7F,0xFF,0x7F,0x00,0x00,0x00,0x00,0x00,0x00,0x00,0x00,
	0x00,0x00,0x00,0x00,0xFF,0x7F,0xFF,0x7F,0x00,0x00,0x00,0x00,0x9C,0x73,0x5A,0x6B,
	0xFF,0x7F,0x00,0x00,0x9C,0x73,0x9C,0x73,0x9C,0x73,0x9C,0x73,0x9C,0x73,0x9C,0x73,
	0xB5,0x56,0x9C,0x73,0x9C,0x73,0x9C,0x73,0x9C,0x73,0x9C,0x73,0x9C,0x73,0x00,0x00,
	0xFF,0x7F,0x5A,0x6B,0x9C,0x73,0xFF,0x7F,0xFF,0x7F,0xFF,0x7F,0xFF,0x7F,0xFF,0x7F,
	0xFF,0x7F,0x00,0x00,0x00,0x00,0xFF,0x7F,0xFF,0x7F,0xFF,0x7F,0xFF,0x7F,0x00,0x00,
	0x00,0x00,0xFF,0x7F,0xFF,0x7F,0xFF,0x7F,0xFF,0x7F,0x00,0x00,0x00,0x00,0x00,0x00,
	0x00,0x00,0x00,0x00,0x00,0x00,0x00,0x00,0x00,0x00,0x00,0x00,0x00,0x00,0xFF,0x7F,

	0xFF,0x7F,0x00,0x00,0x00,0x00,0xFF,0x7F,0xFF,0x7F,0xFF,0x7F,0xFF,0x7F,0x00,0x00,
	0x00,0x00,0x00,0x00,0x00,0x00,0x00,0x00,0x00,0x00,0x00,0x00,0x00,0x00,0x00,0x00,
	0x00,0x00,0xFF,0x7F,0xFF,0x7F,0xFF,0x7F,0xFF,0x7F,0xFF,0x7F,0xFF,0x7F,0xFF,0x7F,
	0xFF,0x7F,0x00,0x00,0x00,0x00,0x00,0x00,0x00,0x00,0xFF,0x7F,0xFF,0x7F,0xFF,0x7F,
	0xFF,0x7F,0x00,0x00,0x00,0x00,0x00,0x00,0x00,0x00,0x00,0x00,0x00,0x00,0xFF,0x7F,
	0xFF,0x7F,0x00,0x00,0x00,0x00,0x00,0x00,0x00,0x00,0x9C,0x73,0x5A,0x6B,0xFF,0x7F,
	0x00,0x00,0x9C,0x73,0x9C,0x73,0x9C,0x73,0x9C,0x73,0x9C,0x73,0x9C,0x73,0x9C,0x73,
	0xB5,0x56,0x9C,0x73,0x9C,0x73,0x9C,0x73,0x9C,0x73,0x9C,0x73,0x9C,0x73,0x9C,0x73,

	0x9C,0x73,0x9C,0x73,0x9C,0x73,0x9C,0x73,0x9C,0x73,0x9C,0x73,0x9C,0x73,0x9C,0x73,
	0x9C,0x73,0x9C,0x73,0x9C,0x73,0x9C,0x73,0x9C,0x73,0x9C,0x73,0x9C,0x73,0x9C,0x73,
	0xFF,0x7F,0xFF,0x7F,0xFF,0x7F,0xFF,0x7F,0xFF,0x7F,0xFF,0x7F,0xFF,0x7F,0xFF,0x7F,
	0xFF,0x7F,0xFF,0x7F,0xFF,0x7F,0xFF,0x7F,0xFF,0x7F,0xFF,0x7F,0xFF,0x7F,0xFF,0x7F,
	0xFF,0x7F,0xFF,0x7F,0xFF,0x7F,0xFF,0x7F,0xFF,0x7F,0xFF,0x7F,0xFF,0x7F,0xFF,0x7F,
	0xB5,0x56,0xFF,0x7F,0xFF,0x7F,0xFF,0x7F,0xFF,0x7F,0xFF,0x7F,0xFF,0x7F,0xFF,0x7F,
	0x00,0x00,0xFF,0x7F,0x9C,0x73,0x5A,0x6B,0x00,0x00,0x00,0x00,0x00,0x00,0x00,0x00,
	0x00,0x00,0x00,0x00,0x00,0x00,0x00,0x00,0xFF,0x7F,0xFF,0x7F,0xFF,0x7F,0xFF,0x7F,

	0x00,0x00,0x00,0x00,0xFF,0x7F,0xFF,0x7F,0x00,0x00,0x00,0x00,0xFF,0x7F,0xFF,0x7F,
	0xFF,0x7F,0xFF,0x7F,0xFF,0x7F,0xFF,0x7F,0xFF,0x7F,0xFF,0x7F,0x00,0x00,0x00,0x00,
	0x00,0x00,0x00,0x00,0xFF,0x7F,0xFF,0x7F,0x00,0x00,0x00,0x00,0x00,0x00,0x00,0x00,
	0x00,0x00,0x00,0x00,0x00,0x00,0x00,0x00,0x00,0x00,0x00,0x00,0x00,0x00,0x00,0x00,
	0xFF,0x7F,0xFF,0x7F,0xFF,0x7F,0xFF,0x7F,0xFF,0x7F,0xFF,0x7F,0xFF,0x7F,0xFF,0x7F,
	0xFF,0x7F,0xFF,0x7F,0x00,0x00,0x00,0x00,0x00,0x00,0x00,0x00,0x00,0x00,0x00,0x00,
	0xFF,0x7F,0xFF,0x7F,0xFF,0x7F,0xFF,0x7F,0x00,0x00,0x00,0x00,0x00,0x00,0x00,0x00,
	0x00,0x00,0x00,0x00,0xFF,0x7F,0xFF,0x7F,0x00,0x00,0x00,0x00,0x5A,0x6B,0x9C,0x73,

	0xFF,0x7F,0x00,0x00,0xFF,0x7F,0xFF,0x7F,0xFF,0x7F,0xFF,0x7F,0xFF,0x7F,0xFF,0x7F,
	0xB5,0x56,0xFF,0x7F,0xFF,0x7F,0xFF,0x7F,0xFF,0x7F,0xFF,0x7F,0xFF,0x7F,0x00,0x00,
	0xFF,0x7F,0x9C,0x73,0x5A,0x6B,0xFF,0x7F,0xFF,0x7F,0xFF,0x7F,0xFF,0x7F,0xFF,0x7F,
	0xFF,0x7F,0x00,0x00,0x00,0x00,0xFF,0x7F,0xFF,0x7F,0xFF,0x7F,0xFF,0x7F,0x00,0x00,
	0x00,0x00,0xFF,0x7F,0xFF,0x7F,0xFF,0x7F,0xFF,0x7F,0x00,0x00,0x00,0x00,0x00,0x00,
	0x00,0x00,0x00,0x00,0x00,0x00,0x00,0x00,0x00,0x00,0x00,0x00,0x00,0x00,0xFF,0x7F,
	0xFF,0x7F,0x00,0x00,0x00,0x00,0xFF,0x7F,0xFF,0x7F,0xFF,0x7F,0xFF,0x7F,0x00,0x00,
	0x00,0x00,0x00,0x00,0x00,0x00,0x00,0x00,0x00,0x00,0x00,0x00,0x00,0x00,0x00,0x00,

	0x00,0x00,0xFF,0x7F,0xFF,0x7F,0xFF,0x7F,0xFF,0x7F,0xFF,0x7F,0xFF,0x7F,0xFF,0x7F,
	0xFF,0x7F,0x00,0x00,0x00,0x00,0x00,0x00,0x00,0x00,0xFF,0x7F,0xFF,0x7F,0xFF,0x7F,
	0xFF,0x7F,0x00,0x00,0x00,0x00,0x00,0x00,0x00,0x00,0x00,0x00,0x00,0x00,0xFF,0x7F,
	0xFF,0x7F,0x00,0x00,0x00,0x00,0x00,0x00,0x00,0x00,0x5A,0x6B,0x9C,0x73,0xFF,0x7F,
	0x00,0x00,0xFF,0x7F,0xFF,0x7F,0xFF,0x7F,0xFF,0x7F,0xFF,0x7F,0xFF,0x7F,0xFF,0x7F,
	0xB5,0x56,0xFF,0x7F,0xFF,0x7F,0xFF,0x7F,0xFF,0x7F,0xFF,0x7F,0xFF,0x7F,0xFF,0x7F,
	0xFF,0x7F,0xFF,0x7F,0xFF,0x7F,0xFF,0x7F,0xFF,0x7F,0xFF,0x7F,0xFF,0x7F,0xFF,0x7F,
	0xFF,0x7F,0xFF,0x7F,0xFF,0x7F,0xFF,0x7F,0xFF,0x7F,0xFF,0x7F,0xFF,0x7F,0xFF,0x7F,

	0x9C,0x73,0x9C,0x73,0x9C,0x73,0x9C,0x73,0x9C,0x73,0x9C,0x73,0x9C,0x73,0x9C,0x73,
	0x9C,0x73,0x9C,0x73,0x9C,0x73,0x9C,0x73,0x9C,0x73,0x9C,0x73,0x9C,0x73,0x9C,0x73,
	0x9C,0x73,0x9C,0x73,0x9C,0x73,0x9C,0x73,0x9C,0x73,0x9C,0x73,0x9C,0x73,0x9C,0x73,
	0xB5,0x56,0x9C,0x73,0x9C,0x73,0x9C,0x73,0x9C,0x73,0x9C,0x73,0x9C,0x73,0x9C,0x73,
	0x00,0x00,0xFF,0x7F,0x5A,0x6B,0x5A,0x6B,0xFF,0x7F,0xFF,0x7F,0x00,0x00,0x00,0x00,
	0xFF,0x7F,0xFF,0x7F,0x00,0x00,0x00,0x00,0x00,0x00,0x00,0x00,0xFF,0x7F,0xFF,0x7F,
	0xFF,0x7F,0xFF,0x7F,0xFF,0x7F,0xFF,0x7F,0x00,0x00,0x00,0x00,0xFF,0x7F,0xFF,0x7F,
	0xFF,0x7F,0xFF,0x7F,0xFF,0x7F,0xFF,0x7F,0xFF,0x7F,0xFF,0x7F,0xFF,0x7F,0xFF,0x7F,

	0xFF,0x7F,0xFF,0x7F,0x00,0x00,0x00,0x00,0x00,0x00,0x00,0x00,0xFF,0x7F,0xFF,0x7F,
	0xFF,0x7F,0xFF,0x7F,0x00,0x00,0x00,0x00,0xFF,0x7F,0xFF,0x7F,0xFF,0x7F,0xFF,0x7F,
	0xFF,0x7F,0xFF,0x7F,0x00,0x00,0x00,0x00,0xFF,0x7F,0xFF,0x7F,0x00,0x00,0x00,0x00,
	0xFF,0x7F,0xFF,0x7F,0xFF,0x7F,0xFF,0x7F,0x00,0x00,0x00,0x00,0xFF,0x7F,0xFF,0x7F,
	0xFF,0x7F,0xFF,0x7F,0xFF,0x7F,0xFF,0x7F,0xFF,0x7F,0xFF,0x7F,0x00,0x00,0x00,0x00,
	0x00,0x00,0x00,0x00,0x00,0x00,0x00,0x00,0xFF,0x7F,0xFF,0x7F,0x5A,0x6B,0x5A,0x6B,
	0xFF,0x7F,0x00,0x00,0x9C,0x73,0x9C,0x73,0x9C,0x73,0x9C,0x73,0x9C,0x73,0x9C,0x73,
	0xB5,0x56,0x9C,0x73,0x9C,0x73,0x9C,0x73,0x9C,0x73,0x9C,0x73,0x9C,0x73,0x00,0x00,

	0xFF,0x7F,0x5A,0x6B,0x5A,0x6B,0xFF,0x7F,0xFF,0x7F,0x00,0x00,0x00,0x00,0x00,0x00,
	0x00,0x00,0xFF,0x7F,0xFF,0x7F,0xFF,0x7F,0xFF,0x7F,0x00,0x00,0x00,0x00,0xFF,0x7F,
	0xFF,0x7F,0xFF,0x7F,0xFF,0x7F,0x00,0x00,0x00,0x00,0x00,0x00,0x00,0x00,0xFF,0x7F,
	0xFF,0x7F,0x00,0x00,0x00,0x00,0x00,0x00,0x00,0x00,0xFF,0x7F,0xFF,0x7F,0xFF,0x7F,
	0xFF,0x7F,0xFF,0x7F,0xFF,0x7F,0x00,0x00,0x00,0x00,0xFF,0x7F,0xFF,0x7F,0x00,0x00,
	0x00,0x00,0xFF,0x7F,0xFF,0x7F,0x00,0x00,0x00,0x00,0xFF,0x7F,0xFF,0x7F,0x00,0x00,
	0x00,0x00,0xFF,0x7F,0xFF,0x7F,0xFF,0x7F,0xFF,0x7F,0xFF,0x7F,0xFF,0x7F,0x00,0x00,
	0x00,0x00,0x00,0x00,0x00,0x00,0x00,0x00,0x00,0x00,0x00,0x00,0x00,0x00,0xFF,0x7F,

	0xFF,0x7F,0x00,0x00,0x00,0x00,0xFF,0x7F,0xFF,0x7F,0xFF,0x7F,0xFF,0x7F,0x00,0x00,
	0x00,0x00,0x00,0x00,0x00,0x00,0x00,0x00,0x00,0x00,0x5A,0x6B,0x5A,0x6B,0xFF,0x7F,
	0x00,0x00,0x9C,0x73,0x9C,0x73,0x9C,0x73,0x9C,0x73,0x9C,0x73,0x9C,0x73,0x9C,0x73,
	0xB5,0x56,0x9C,0x73,0x9C,0x73,0x9C,0x73,0x9C,0x73,0x9C,0x73,0x9C,0x73,0x9C,0x73,
	0x9C,0x73,0x9C,0x73,0x9C,0x73,0x9C,0x73,0x9C,0x73,0x9C,0x73,0x9C,0x73,0x9C,0x73,
	0x9C,0x73,0x9C,0x73,0x9C,0x73,0x9C,0x73,0x9C,0x73,0x9C,0x73,0x9C,0x73,0x9C,0x73,
	0xFF,0x7F,0xFF,0x7F,0xFF,0x7F,0xFF,0x7F,0xFF,0x7F,0xFF,0x7F,0xFF,0x7F,0xFF,0x7F,
	0xFF,0x7F,0xFF,0x7F,0xFF,0x7F,0xFF,0x7F,0xFF,0x7F,0xFF,0x7F,0xFF,0x7F,0xFF,0x7F,

	0xFF,0x7F,0xFF,0x7F,0xFF,0x7F,0xFF,0x7F,0xFF,0x7F,0xFF,0x7F,0xFF,0x7F,0xFF,0x7F,
	0xB5,0x56,0xFF,0x7F,0xFF,0x7F,0xFF,0x7F,0xFF,0x7F,0xFF,0x7F,0xFF,0x7F,0xFF,0x7F,
	0x00,0x00,0xFF,0x7F,0x5A,0x6B,0x5A,0x6B,0xFF,0x7F,0xFF,0x7F,0x00,0x00,0x00,0x00,
	0xFF,0x7F,0xFF,0x7F,0x00,0x00,0x00,0x00,0x00,0x00,0x00,0x00,0xFF,0x7F,0xFF,0x7F,
	0xFF,0x7F,0xFF,0x7F,0xFF,0x7F,0xFF,0x7F,0x00,0x00,0x00,0x00,0xFF,0x7F,0xFF,0x7F,
	0xFF,0x7F,0xFF,0x7F,0xFF,0x7F,0xFF,0x7F,0xFF,0x7F,0xFF,0x7F,0xFF,0x7F,0xFF,0x7F,
	0xFF,0x7F,0xFF,0x7F,0x00,0x00,0x00,0x00,0x00,0x00,0x00,0x00,0xFF,0x7F,0xFF,0x7F,
	0xFF,0x7F,0xFF,0x7F,0x00,0x00,0x00,0x00,0xFF,0x7F,0xFF,0x7F,0xFF,0x7F,0xFF,0x7F,

	0xFF,0x7F,0xFF,0x7F,0x00,0x00,0x00,0x00,0xFF,0x7F,0xFF,0x7F,0x00,0x00,0x00,0x00,
	0xFF,0x7F,0xFF,0x7F,0xFF,0x7F,0xFF,0x7F,0x00,0x00,0x00,0x00,0xFF,0x7F,0xFF,0x7F,
	0xFF,0x7F,0xFF,0x7F,0xFF,0x7F,0xFF,0x7F,0xFF,0x7F,0xFF,0x7F,0x00,0x00,0x00,0x00,
	0x00,0x00,0x00,0x00,0x00,0x00,0x00,0x00,0xFF,0x7F,0xFF,0x7F,0x5A,0x6B,0x5A,0x6B,
	0xFF,0x7F,0x00,0x00,0xFF,0x7F,0xFF,0x7F,0xFF,0x7F,0xFF,0x7F,0xFF,0x7F,0xFF,0x7F,
	0xB5,0x56,0xFF,0x7F,0xFF,0x7F,0xFF,0x7F,0xFF,0x7F,0xFF,0x7F,0xFF,0x7F,0x00,0x00,
	0xFF,0x7F,0x5A,0x6B,0x5A,0x6B,0xFF,0x7F,0xFF,0x7F,0x00,0x00,0x00,0x00,0x00,0x00,
	0x00,0x00,0xFF,0x7F,0xFF,0x7F,0xFF,0x7F,0xFF,0x7F,0x00,0x00,0x00,0x00,0xFF,0x7F,

	0xFF,0x7F,0xFF,0x7F,0xFF,0x7F,0x00,0x00,0x00,0x00,0x00,0x00,0x00,0x00,0xFF,0x7F,
	0xFF,0x7F,0x00,0x00,0x00,0x00,0x00,0x00,0x00,0x00,0xFF,0x7F,0xFF,0x7F,0xFF,0x7F,
	0xFF,0x7F,0xFF,0x7F,0xFF,0x7F,0x00,0x00,0x00,0x00,0xFF,0x7F,0xFF,0x7F,0x00,0x00,
	0x00,0x00,0xFF,0x7F,0xFF,0x7F,0x00,0x00,0x00,0x00,0xFF,0x7F,0xFF,0x7F,0x00,0x00,
	0x00,0x00,0xFF,0x7F,0xFF,0x7F,0xFF,0x7F,0xFF,0x7F,0xFF,0x7F,0xFF,0x7F,0x00,0x00,
	0x00,0x00,0x00,0x00,0x00,0x00,0x00,0x00,0x00,0x00,0x00,0x00,0x00,0x00,0xFF,0x7F,
	0xFF,0x7F,0x00,0x00,0x00,0x00,0xFF,0x7F,0xFF,0x7F,0xFF,0x7F,0xFF,0x7F,0x00,0x00,
	0x00,0x00,0x00,0x00,0x00,0x00,0x00,0x00,0x00,0x00,0x5A,0x6B,0x5A,0x6B,0xFF,0x7F,

	0x00,0x00,0xFF,0x7F,0xFF,0x7F,0xFF,0x7F,0xFF,0x7F,0xFF,0x7F,0xFF,0x7F,0xFF,0x7F,
	0xB5,0x56,0xFF,0x7F,0xFF,0x7F,0xFF,0x7F,0xFF,0x7F,0xFF,0x7F,0xFF,0x7F,0xFF,0x7F,
	0xFF,0x7F,0xFF,0x7F,0xFF,0x7F,0xFF,0x7F,0xFF,0x7F,0xFF,0x7F,0xFF,0x7F,0xFF,0x7F,
	0xFF,0x7F,0xFF,0x7F,0xFF,0x7F,0xFF,0x7F,0xFF,0x7F,0xFF,0x7F,0xFF,0x7F,0xFF,0x7F,
	0x9C,0x73,0x9C,0x73,0x9C,0x73,0x9C,0x73,0x9C,0x73,0x9C,0x73,0x9C,0x73,0x9C,0x73,
	0x9C,0x73,0x9C,0x73,0x9C,0x73,0x9C,0x73,0x9C,0x73,0x9C,0x73,0x9C,0x73,0x9C,0x73,
	0x9C,0x73,0x9C,0x73,0x9C,0x73,0x9C,0x73,0x9C,0x73,0x9C,0x73,0x9C,0x73,0x9C,0x73,
	0xB5,0x56,0x9C,0x73,0x9C,0x73,0x9C,0x73,0x9C,0x73,0x9C,0x73,0x9C,0x73,0x9C,0x73,

	0x00,0x00,0xFF,0x7F,0x5A,0x6B,0x5A,0x6B,0x00,0x00,0x00,0x00,0xFF,0x7F,0xFF,0x7F,
	0x00,0x00,0x00,0x00,0xFF,0x7F,0xFF,0x7F,0xFF,0x7F,0xFF,0x7F,0x00,0x00,0x00,0x00,
	0x00,0x00,0x00,0x00,0xFF,0x7F,0xFF,0x7F,0x00,0x00,0x00,0x00,0x00,0x00,0x00,0x00,
	0xFF,0x7F,0xFF,0x7F,0xFF,0x7F,0xFF,0x7F,0xFF,0x7F,0xFF,0x7F,0xFF,0x7F,0xFF,0x7F,
	0x00,0x00,0x00,0x00,0x00,0x00,0x00,0x00,0xFF,0x7F,0xFF,0x7F,0xFF,0x7F,0xFF,0x7F,
	0xFF,0x7F,0xFF,0x7F,0xFF,0x7F,0xFF,0x7F,0x00,0x00,0x00,0x00,0xFF,0x7F,0xFF,0x7F,
	0x00,0x00,0x00,0x00,0x00,0x00,0x00,0x00,0x00,0x00,0x00,0x00,0xFF,0x7F,0xFF,0x7F,
	0xFF,0x7F,0xFF,0x7F,0xFF,0x7F,0xFF,0x7F,0x00,0x00,0x00,0x00,0xFF,0x7F,0xFF,0x7F,

	0x00,0x00,0x00,0x00,0x00,0x00,0x00,0x00,0x00,0x00,0x00,0x00,0xFF,0x7F,0xFF,0x7F,
	0x00,0x00,0x00,0x00,0x00,0x00,0x00,0x00,0xFF,0x7F,0xFF,0x7F,0x5A,0x6B,0x5A,0x6B,
	0xFF,0x7F,0x00,0x00,0x9C,0x73,0x9C,0x73,0x9C,0x73,0x9C,0x73,0x9C,0x73,0x9C,0x73,
	0xB5,0x56,0x9C,0x73,0x9C,0x73,0x9C,0x73,0x9C,0x73,0x9C,0x73,0x9C,0x73,0x00,0x00,
	0xFF,0x7F,0x5A,0x6B,0x5A,0x6B,0xFF,0x7F,0xFF,0x7F,0xFF,0x7F,0xFF,0x7F,0xFF,0x7F,
	0xFF,0x7F,0xFF,0x7F,0xFF,0x7F,0x00,0x00,0x00,0x00,0x00,0x00,0x00,0x00,0x00,0x00,
	0x00,0x00,0xFF,0x7F,0xFF,0x7F,0xFF,0x7F,0xFF,0x7F,0xFF,0x7F,0xFF,0x7F,0xFF,0x7F,
	0xFF,0x7F,0x00,0x00,0x00,0x00,0xFF,0x7F,0xFF,0x7F,0xFF,0x7F,0xFF,0x7F,0x00,0x00,

	0x00,0x00,0x00,0x00,0x00,0x00,0xFF,0x7F,0xFF,0x7F,0x00,0x00,0x00,0x00,0xFF,0x7F,
	0xFF,0x7F,0xFF,0x7F,0xFF,0x7F,0xFF,0x7F,0xFF,0x7F,0x00,0x00,0x00,0x00,0xFF,0x7F,
	0xFF,0x7F,0x00,0x00,0x00,0x00,0xFF,0x7F,0xFF,0x7F,0xFF,0x7F,0xFF,0x7F,0xFF,0x7F,
	0xFF,0x7F,0x00,0x00,0x00,0x00,0xFF,0x7F,0xFF,0x7F,0xFF,0x7F,0xFF,0x7F,0x00,0x00,
	0x00,0x00,0x00,0x00,0x00,0x00,0xFF,0x7F,0xFF,0x7F,0xFF,0x7F,0xFF,0x7F,0x00,0x00,
	0x00,0x00,0xFF,0x7F,0xFF,0x7F,0x00,0x00,0x00,0x00,0x5A,0x6B,0x5A,0x6B,0xFF,0x7F,
	0x00,0x00,0x9C,0x73,0x9C,0x73,0x9C,0x73,0x9C,0x73,0x9C,0x73,0x9C,0x73,0x9C,0x73,
	0xB5,0x56,0x9C,0x73,0x9C,0x73,0x9C,0x73,0x9C,0x73,0x9C,0x73,0x9C,0x73,0x9C,0x73,

	0x9C,0x73,0x9C,0x73,0x9C,0x73,0x9C,0x73,0x9C,0x73,0x9C,0x73,0x9C,0x73,0x9C,0x73,
	0x9C,0x73,0x9C,0x73,0x9C,0x73,0x9C,0x73,0x9C,0x73,0x9C,0x73,0x9C,0x73,0x9C,0x73,
	0xFF,0x7F,0xFF,0x7F,0xFF,0x7F,0xFF,0x7F,0xFF,0x7F,0xFF,0x7F,0xFF,0x7F,0xFF,0x7F,
	0xFF,0x7F,0xFF,0x7F,0xFF,0x7F,0xFF,0x7F,0xFF,0x7F,0xFF,0x7F,0xFF,0x7F,0xFF,0x7F,
	0xFF,0x7F,0xFF,0x7F,0xFF,0x7F,0xFF,0x7F,0xFF,0x7F,0xFF,0x7F,0xFF,0x7F,0xFF,0x7F,
	0xB5,0x56,0xFF,0x7F,0xFF,0x7F,0xFF,0x7F,0xFF,0x7F,0xFF,0x7F,0xFF,0x7F,0xFF,0x7F,
	0x00,0x00,0xFF,0x7F,0x5A,0x6B,0x5A,0x6B,0x00,0x00,0x00,0x00,0xFF,0x7F,0xFF,0x7F,
	0x00,0x00,0x00,0x00,0xFF,0x7F,0xFF,0x7F,0xFF,0x7F,0xFF,0x7F,0x00,0x00,0x00,0x00,

	0x00,0x00,0x00,0x00,0xFF,0x7F,0xFF,0x7F,0x00,0x00,0x00,0x00,0x00,0x00,0x00,0x00,
	0xFF,0x7F,0xFF,0x7F,0xFF,0x7F,0xFF,0x7F,0xFF,0x7F,0xFF,0x7F,0xFF,0x7F,0xFF,0x7F,
	0x00,0x00,0x00,0x00,0x00,0x00,0x00,0x00,0xFF,0x7F,0xFF,0x7F,0xFF,0x7F,0xFF,0x7F,
	0xFF,0x7F,0xFF,0x7F,0xFF,0x7F,0xFF,0x7F,0x00,0x00,0x00,0x00,0xFF,0x7F,0xFF,0x7F,
	0x00,0x00,0x00,0x00,0x00,0x00,0x00,0x00,0x00,0x00,0x00,0x00,0xFF,0x7F,0xFF,0x7F,
	0xFF,0x7F,0xFF,0x7F,0xFF,0x7F,0xFF,0x7F,0x00,0x00,0x00,0x00,0xFF,0x7F,0xFF,0x7F,
	0x00,0x00,0x00,0x00,0x00,0x00,0x00,0x00,0x00,0x00,0x00,0x00,0xFF,0x7F,0xFF,0x7F,
	0x00,0x00,0x00,0x00,0x00,0x00,0x00,0x00,0xFF,0x7F,0xFF,0x7F,0x5A,0x6B,0x5A,0x6B,

	0xFF,0x7F,0x00,0x00,0xFF,0x7F,0xFF,0x7F,0xFF,0x7F,0xFF,0x7F,0xFF,0x7F,0xFF,0x7F,
	0xB5,0x56,0xFF,0x7F,0xFF,0x7F,0xFF,0x7F,0xFF,0x7F,0xFF,0x7F,0xFF,0x7F,0x00,0x00,
	0xFF,0x7F,0x5A,0x6B,0x5A,0x6B,0xFF,0x7F,0xFF,0x7F,0xFF,0x7F,0xFF,0x7F,0xFF,0x7F,
	0xFF,0x7F,0xFF,0x7F,0xFF,0x7F,0x00,0x00,0x00,0x00,0x00,0x00,0x00,0x00,0x00,0x00,
	0x00,0x00,0xFF,0x7F,0xFF,0x7F,0xFF,0x7F,0xFF,0x7F,0xFF,0x7F,0xFF,0x7F,0xFF,0x7F,
	0xFF,0x7F,0x00,0x00,0x00,0x00,0xFF,0x7F,0xFF,0x7F,0xFF,0x7F,0xFF,0x7F,0x00,0x00,
	0x00,0x00,0x00,0x00,0x00,0x00,0xFF,0x7F,0xFF,0x7F,0x00,0x00,0x00,0x00,0xFF,0x7F,
	0xFF,0x7F,0xFF,0x7F,0xFF,0x7F,0xFF,0x7F,0xFF,0x7F,0x00,0x00,0x00,0x00,0xFF,0x7F,

	0xFF,0x7F,0x00,0x00,0x00,0x00,0xFF,0x7F,0xFF,0x7F,0xFF,0x7F,0xFF,0x7F,0xFF,0x7F,
	0xFF,0x7F,0x00,0x00,0x00,0x00,0xFF,0x7F,0xFF,0x7F,0xFF,0x7F,0xFF,0x7F,0x00,0x00,
	0x00,0x00,0x00,0x00,0x00,0x00,0xFF,0x7F,0xFF,0x7F,0xFF,0x7F,0xFF,0x7F,0x00,0x00,
	0x00,0x00,0xFF,0x7F,0xFF,0x7F,0x00,0x00,0x00,0x00,0x5A,0x6B,0x5A,0x6B,0xFF,0x7F,
	0x00,0x00,0xFF,0x7F,0xFF,0x7F,0xFF,0x7F,0xFF,0x7F,0xFF,0x7F,0xFF,0x7F,0xFF,0x7F,
	0xB5,0x56,0xFF,0x7F,0xFF,0x7F,0xFF,0x7F,0xFF,0x7F,0xFF,0x7F,0xFF,0x7F,0xFF,0x7F,
	0xFF,0x7F,0xFF,0x7F,0xFF,0x7F,0xFF,0x7F,0xFF,0x7F,0xFF,0x7F,0xFF,0x7F,0xFF,0x7F,
	0xFF,0x7F,0xFF,0x7F,0xFF,0x7F,0xFF,0x7F,0xFF,0x7F,0xFF,0x7F,0xFF,0x7F,0xFF,0x7F,

	0x9C,0x73,0x9C,0x73,0x9C,0x73,0x9C,0x73,0x9C,0x73,0x9C,0x73,0x9C,0x73,0x9C,0x73,
	0x9C,0x73,0x9C,0x73,0x9C,0x73,0x9C,0x73,0x9C,0x73,0x9C,0x73,0x9C,0x73,0x9C,0x73,
	0x9C,0x73,0x9C,0x73,0x9C,0x73,0x9C,0x73,0x9C,0x73,0x9C,0x73,0x9C,0x73,0x9C,0x73,
	0xB5,0x56,0x9C,0x73,0x9C,0x73,0x9C,0x73,0x9C,0x73,0x9C,0x73,0x9C,0x73,0x9C,0x73,
	0x00,0x00,0xFF,0x7F,0x5A,0x6B,0x5A,0x6B,0xFF,0x7F,0xFF,0x7F,0x00,0x00,0x00,0x00,
	0x00,0x00,0x00,0x00,0xFF,0x7F,0xFF,0x7F,0x00,0x00,0x00,0x00,0xFF,0x7F,0xFF,0x7F,
	0xFF,0x7F,0xFF,0x7F,0x00,0x00,0x00,0x00,0x00,0x00,0x00,0x00,0xFF,0x7F,0xFF,0x7F,
	0xFF,0x7F,0xFF,0x7F,0x00,0x00,0x00,0x00,0x00,0x00,0x00,0x00,0x00,0x00,0x00,0x00,

	0x00,0x00,0x00,0x00,0x00,0x00,0x00,0x00,0xFF,0x7F,0xFF,0x7F,0xFF,0x7F,0xFF,0x7F,
	0xFF,0x7F,0xFF,0x7F,0xFF,0x7F,0xFF,0x7F,0xFF,0x7F,0xFF,0x7F,0xFF,0x7F,0xFF,0x7F,
	0x00,0x00,0x00,0x00,0x00,0x00,0x00,0x00,0xFF,0x7F,0xFF,0x7F,0x00,0x00,0x00,0x00,
	0x00,0x00,0x00,0x00,0x00,0x00,0x00,0x00,0xFF,0x7F,0xFF,0x7F,0xFF,0x7F,0xFF,0x7F,
	0x00,0x00,0x00,0x00,0x00,0x00,0x00,0x00,0x00,0x00,0x00,0x00,0xFF,0x7F,0xFF,0x7F,
	0x00,0x00,0x00,0x00,0x00,0x00,0x00,0x00,0x00,0x00,0x00,0x00,0x5A,0x6B,0x5A,0x6B,
	0xFF,0x7F,0x00,0x00,0x9C,0x73,0x9C,0x73,0x9C,0x73,0x9C,0x73,0x9C,0x73,0x9C,0x73,
	0xB5,0x56,0x9C,0x73,0x9C,0x73,0x9C,0x73,0x9C,0x73,0x9C,0x73,0x9C,0x73,0x00,0x00,

	0xFF,0x7F,0x5A,0x6B,0x5A,0x6B,0xFF,0x7F,0xFF,0x7F,0x00,0x00,0x00,0x00,0x00,0x00,
	0x00,0x00,0x00,0x00,0x00,0x00,0x00,0x00,0x00,0x00,0xFF,0x7F,0xFF,0x7F,0xFF,0x7F,
	0xFF,0x7F,0xFF,0x7F,0xFF,0x7F,0x00,0x00,0x00,0x00,0xFF,0x7F,0xFF,0x7F,0xFF,0x7F,
	0xFF,0x7F,0xFF,0x7F,0xFF,0x7F,0xFF,0x7F,0xFF,0x7F,0x00,0x00,0x00,0x00,0xFF,0x7F,
	0xFF,0x7F,0xFF,0x7F,0xFF,0x7F,0x00,0x00,0x00,0x00,0x00,0x00,0x00,0x00,0xFF,0x7F,
	0xFF,0x7F,0x00,0x00,0x00,0x00,0xFF,0x7F,0xFF,0x7F,0xFF,0x7F,0xFF,0x7F,0xFF,0x7F,
	0xFF,0x7F,0x00,0x00,0x00,0x00,0x00,0x00,0x00,0x00,0x00,0x00,0x00,0x00,0xFF,0x7F,
	0xFF,0x7F,0xFF,0x7F,0xFF,0x7F,0x00,0x00,0x00,0x00,0xFF,0x7F,0xFF,0x7F,0xFF,0x7F,

	0xFF,0x7F,0xFF,0x7F,0xFF,0x7F,0x00,0x00,0x00,0x00,0xFF,0x7F,0xFF,0x7F,0xFF,0x7F,
	0xFF,0x7F,0xFF,0x7F,0xFF,0x7F,0x00,0x00,0x00,0x00,0x5A,0x6B,0x5A,0x6B,0xFF,0x7F,
	0x00,0x00,0x9C,0x73,0x9C,0x73,0x9C,0x73,0x9C,0x73,0x9C,0x73,0x9C,0x73,0x9C,0x73,
	0xB5,0x56,0x9C,0x73,0x9C,0x73,0x9C,0x73,0x9C,0x73,0x9C,0x73,0x9C,0x73,0x9C,0x73,
	0x9C,0x73,0x9C,0x73,0x9C,0x73,0x9C,0x73,0x9C,0x73,0x9C,0x73,0x9C,0x73,0x9C,0x73,
	0x9C,0x73,0x9C,0x73,0x9C,0x73,0x9C,0x73,0x9C,0x73,0x9C,0x73,0x9C,0x73,0x9C,0x73,
	0xFF,0x7F,0xFF,0x7F,0xFF,0x7F,0xFF,0x7F,0xFF,0x7F,0xFF,0x7F,0xFF,0x7F,0xFF,0x7F,
	0xFF,0x7F,0xFF,0x7F,0xFF,0x7F,0xFF,0x7F,0xFF,0x7F,0xFF,0x7F,0xFF,0x7F,0xFF,0x7F,

	0xFF,0x7F,0xFF,0x7F,0xFF,0x7F,0xFF,0x7F,0xFF,0x7F,0xFF,0x7F,0xFF,0x7F,0xFF,0x7F,
	0xB5,0x56,0xFF,0x7F,0xFF,0x7F,0xFF,0x7F,0xFF,0x7F,0xFF,0x7F,0xFF,0x7F,0xFF,0x7F,
	0x00,0x00,0xFF,0x7F,0x5A,0x6B,0x5A,0x6B,0xFF,0x7F,0xFF,0x7F,0x00,0x00,0x00,0x00,
	0x00,0x00,0x00,0x00,0xFF,0x7F,0xFF,0x7F,0x00,0x00,0x00,0x00,0xFF,0x7F,0xFF,0x7F,
	0xFF,0x7F,0xFF,0x7F,0x00,0x00,0x00,0x00,0x00,0x00,0x00,0x00,0xFF,0x7F,0xFF,0x7F,
	0xFF,0x7F,0xFF,0x7F,0x00,0x00,0x00,0x00,0x00,0x00,0x00,0x00,0x00,0x00,0x00,0x00,
	0x00,0x00,0x00,0x00,0x00,0x00,0x00,0x00,0xFF,0x7F,0xFF,0x7F,0xFF,0x7F,0xFF,0x7F,
	0xFF,0x7F,0xFF,0x7F,0xFF,0x7F,0xFF,0x7F,0xFF,0x7F,0xFF,0x7F,0xFF,0x7F,0xFF,0x7F,

	0x00,0x00,0x00,0x00,0x00,0x00,0x00,0x00,0xFF,0x7F,0xFF,0x7F,0x00,0x00,0x00,0x00,
	0x00,0x00,0x00,0x00,0x00,0x00,0x00,0x00,0xFF,0x7F,0xFF,0x7F,0xFF,0x7F,0xFF,0x7F,
	0x00,0x00,0x00,0x00,0x00,0x00,0x00,0x00,0x00,0x00,0x00,0x00,0xFF,0x7F,0xFF,0x7F,
	0x00,0x00,0x00,0x00,0x00,0x00,0x00,0x00,0x00,0x00,0x00,0x00,0x5A,0x6B,0x5A,0x6B,
	0xFF,0x7F,0x00,0x00,0xFF,0x7F,0xFF,0x7F,0xFF,0x7F,0xFF,0x7F,0xFF,0x7F,0xFF,0x7F,
	0xB5,0x56,0xFF,0x7F,0xFF,0x7F,0xFF,0x7F,0xFF,0x7F,0xFF,0x7F,0xFF,0x7F,0x00,0x00,
	0xFF,0x7F,0x5A,0x6B,0x5A,0x6B,0xFF,0x7F,0xFF,0x7F,0x00,0x00,0x00,0x00,0x00,0x00,
	0x00,0x00,0x00,0x00,0x00,0x00,0x00,0x00,0x00,0x00,0xFF,0x7F,0xFF,0x7F,0xFF,0x7F,

	0xFF,0x7F,0xFF,0x7F,0xFF,0x7F,0x00,0x00,0x00,0x00,0xFF,0x7F,0xFF,0x7F,0xFF,0x7F,
	0xFF,0x7F,0xFF,0x7F,0xFF,0x7F,0xFF,0x7F,0xFF,0x7F,0x00,0x00,0x00,0x00,0xFF,0x7F,
	0xFF,0x7F,0xFF,0x7F,0xFF,0x7F,0x00,0x00,0x00,0x00,0x00,0x00,0x00,0x00,0xFF,0x7F,
	0xFF,0x7F,0x00,0x00,0x00,0x00,0xFF,0x7F,0xFF,0x7F,0xFF,0x7F,0xFF,0x7F,0xFF,0x7F,
	0xFF,0x7F,0x00,0x00,0x00,0x00,0x00,0x00,0x00,0x00,0x00,0x00,0x00,0x00,0xFF,0x7F,
	0xFF,0x7F,0xFF,0x7F,0xFF,0x7F,0x00,0x00,0x00,0x00,0xFF,0x7F,0xFF,0x7F,0xFF,0x7F,
	0xFF,0x7F,0xFF,0x7F,0xFF,0x7F,0x00,0x00,0x00,0x00,0xFF,0x7F,0xFF,0x7F,0xFF,0x7F,
	0xFF,0x7F,0xFF,0x7F,0xFF,0x7F,0x00,0x00,0x00,0x00,0x5A,0x6B,0x5A,0x6B,0xFF,0x7F,

	0x00,0x00,0xFF,0x7F,0xFF,0x7F,0xFF,0x7F,0xFF,0x7F,0xFF,0x7F,0xFF,0x7F,0xFF,0x7F,
	0xB5,0x56,0xFF,0x7F,0xFF,0x7F,0xFF,0x7F,0xFF,0x7F,0xFF,0x7F,0xFF,0x7F,0xFF,0x7F,
	0xFF,0x7F,0xFF,0x7F,0xFF,0x7F,0xFF,0x7F,0xFF,0x7F,0xFF,0x7F,0xFF,0x7F,0xFF,0x7F,
	0xFF,0x7F,0xFF,0x7F,0xFF,0x7F,0xFF,0x7F,0xFF,0x7F,0xFF,0x7F,0xFF,0x7F,0xFF,0x7F,
	0x9C,0x73,0x9C,0x73,0x9C,0x73,0x9C,0x73,0x9C,0x73,0x9C,0x73,0x9C,0x73,0x9C,0x73,
	0x9C,0x73,0x9C,0x73,0x9C,0x73,0x9C,0x73,0x9C,0x73,0x9C,0x73,0x9C,0x73,0x9C,0x73,
	0x9C,0x73,0x9C,0x73,0x9C,0x73,0x9C,0x73,0x9C,0x73,0x9C,0x73,0x9C,0x73,0x9C,0x73,
	0xB5,0x56,0x9C,0x73,0x9C,0x73,0x9C,0x73,0x9C,0x73,0x9C,0x73,0x9C,0x73,0x9C,0x73,

	0x00,0x00,0xFF,0x7F,0x5A,0x6B,0x5A,0x6B,0x00,0x00,0x00,0x00,0x00,0x00,0x00,0x00,
	0x00,0x00,0x00,0x00,0x00,0x00,0x00,0x00,0xFF,0x7F,0xFF,0x7F,0xFF,0x7F,0xFF,0x7F,
	0x00,0x00,0x00,0x00,0x00,0x00,0x00,0x00,0x00,0x00,0x00,0x00,0xFF,0x7F,0xFF,0x7F,
	0x00,0x00,0x00,0x00,0x00,0x00,0x00,0x00,0xFF,0x7F,0xFF,0x7F,0xFF,0x7F,0xFF,0x7F,
	0xFF,0x7F,0xFF,0x7F,0xFF,0x7F,0xFF,0x7F,0xFF,0x7F,0xFF,0x7F,0x00,0x00,0x00,0x00,
	0x00,0x00,0x00,0x00,0xFF,0x7F,0xFF,0x7F,0x00,0x00,0x00,0x00,0xFF,0x7F,0xFF,0x7F,
	0xFF,0x7F,0xFF,0x7F,0x00,0x00,0x00,0x00,0x00,0x00,0x00,0x00,0x00,0x00,0x00,0x00,
	0x00,0x00,0x00,0x00,0xFF,0x7F,0xFF,0x7F,0xFF,0x7F,0xFF,0x7F,0x00,0x00,0x00,0x00,

	0x00,0x00,0x00,0x00,0x00,0x00,0x00,0x00,0x00,0x00,0x00,0x00,0x00,0x00,0x00,0x00,
	0x00,0x00,0x00,0x00,0xFF,0x7F,0xFF,0x7F,0x00,0x00,0x00,0x00,0x5A,0x6B,0x5A,0x6B,
	0xFF,0x7F,0x00,0x00,0x9C,0x73,0x9C,0x73,0x9C,0x73,0x9C,0x73,0x9C,0x73,0x9C,0x73,
	0xB5,0x56,0x9C,0x73,0x9C,0x73,0x9C,0x73,0x9C,0x73,0x9C,0x73,0x9C,0x73,0x00,0x00,
	0xFF,0x7F,0x5A,0x6B,0x5A,0x6B,0xFF,0x7F,0xFF,0x7F,0xFF,0x7F,0xFF,0x7F,0x00,0x00,
	0x00,0x00,0xFF,0x7F,0xFF,0x7F,0xFF,0x7F,0xFF,0x7F,0xFF,0x7F,0xFF,0x7F,0x00,0x00,
	0x00,0x00,0xFF,0x7F,0xFF,0x7F,0x00,0x00,0x00,0x00,0x00,0x00,0x00,0x00,0x00,0x00,
	0x00,0x00,0xFF,0x7F,0xFF,0x7F,0xFF,0x7F,0xFF,0x7F,0xFF,0x7F,0xFF,0x7F,0xFF,0x7F,

	0xFF,0x7F,0x00,0x00,0x00,0x00,0x00,0x00,0x00,0x00,0xFF,0x7F,0xFF,0x7F,0xFF,0x7F,
	0xFF,0x7F,0xFF,0x7F,0xFF,0x7F,0x00,0x00,0x00,0x00,0xFF,0x7F,0xFF,0x7F,0x00,0x00,
	0x00,0x00,0x00,0x00,0x00,0x00,0x00,0x00,0x00,0x00,0x00,0x00,0x00,0x00,0xFF,0x7F,
	0xFF,0x7F,0x00,0x00,0x00,0x00,0x00,0x00,0x00,0x00,0x00,0x00,0x00,0x00,0x00,0x00,
	0x00,0x00,0xFF,0x7F,0xFF,0x7F,0xFF,0x7F,0xFF,0x7F,0x00,0x00,0x00,0x00,0xFF,0x7F,
	0xFF,0x7F,0x00,0x00,0x00,0x00,0xFF,0x7F,0xFF,0x7F,0x5A,0x6B,0x5A,0x6B,0xFF,0x7F,
	0x00,0x00,0x9C,0x73,0x9C,0x73,0x9C,0x73,0x9C,0x73,0x9C,0x73,0x9C,0x73,0x9C,0x73,
	0xB5,0x56,0x9C,0x73,0x9C,0x73,0x9C,0x73,0x9C,0x73,0x9C,0x73,0x9C,0x73,0x9C,0x73,

	0x9C,0x73,0x9C,0x73,0x9C,0x73,0x9C,0x73,0x9C,0x73,0x9C,0x73,0x9C,0x73,0x9C,0x73,
	0x9C,0x73,0x9C,0x73,0x9C,0x73,0x9C,0x73,0x9C,0x73,0x9C,0x73,0x9C,0x73,0x9C,0x73,
	0xFF,0x7F,0xFF,0x7F,0xFF,0x7F,0xFF,0x7F,0xFF,0x7F,0xFF,0x7F,0xFF,0x7F,0xFF,0x7F,
	0xFF,0x7F,0xFF,0x7F,0xFF,0x7F,0xFF,0x7F,0xFF,0x7F,0xFF,0x7F,0xFF,0x7F,0xFF,0x7F,
	0xFF,0x7F,0xFF,0x7F,0xFF,0x7F,0xFF,0x7F,0xFF,0x7F,0xFF,0x7F,0xFF,0x7F,0xFF,0x7F,
	0xB5,0x56,0xFF,0x7F,0xFF,0x7F,0xFF,0x7F,0xFF,0x7F,0xFF,0x7F,0xFF,0x7F,0xFF,0x7F,
	0x00,0x00,0xFF,0x7F,0x5A,0x6B,0x5A,0x6B,0x00,0x00,0x00,0x00,0x00,0x00,0x00,0x00,
	0x00,0x00,0x00,0x00,0x00,0x00,0x00,0x00,0xFF,0x7F,0xFF,0x7F,0xFF,0x7F,0xFF,0x7F,

	0x00,0x00,0x00,0x00,0x00,0x00,0x00,0x00,0x00,0x00,0x00,0x00,0xFF,0x7F,0xFF,0x7F,
	0x00,0x00,0x00,0x00,0x00,0x00,0x00,0x00,0xFF,0x7F,0xFF,0x7F,0xFF,0x7F,0xFF,0x7F,
	0xFF,0x7F,0xFF,0x7F,0xFF,0x7F,0xFF,0x7F,0xFF,0x7F,0xFF,0x7F,0x00,0x00,0x00,0x00,
	0x00,0x00,0x00,0x00,0xFF,0x7F,0xFF,0x7F,0x00,0x00,0x00,0x00,0xFF,0x7F,0xFF,0x7F,
	0xFF,0x7F,0xFF,0x7F,0x00,0x00,0x00,0x00,0x00,0x00,0x00,0x00,0x00,0x00,0x00,0x00,
	0x00,0x00,0x00,0x00,0xFF,0x7F,0xFF,0x7F,0xFF,0x7F,0xFF,0x7F,0x00,0x00,0x00,0x00,
	0x00,0x00,0x00,0x00,0x00,0x00,0x00,0x00,0x00,0x00,0x00,0x00,0x00,0x00,0x00,0x00,
	0x00,0x00,0x00,0x00,0xFF,0x7F,0xFF,0x7F,0x00,0x00,0x00,0x00,0x5A,0x6B,0x5A,0x6B,

	0xFF,0x7F,0x00,0x00,0xFF,0x7F,0xFF,0x7F,0xFF,0x7F,0xFF,0x7F,0xFF,0x7F,0xFF,0x7F,
	0xB5,0x56,0xFF,0x7F,0xFF,0x7F,0xFF,0x7F,0xFF,0x7F,0xFF,0x7F,0xFF,0x7F,0x00,0x00,
	0xFF,0x7F,0x5A,0x6B,0x5A,0x6B,0xFF,0x7F,0xFF,0x7F,0xFF,0x7F,0xFF,0x7F,0x00,0x00,
	0x00,0x00,0xFF,0x7F,0xFF,0x7F,0xFF,0x7F,0xFF,0x7F,0xFF,0x7F,0xFF,0x7F,0x00,0x00,
	0x00,0x00,0xFF,0x7F,0xFF,0x7F,0x00,0x00,0x00,0x00,0x00,0x00,0x00,0x00,0x00,0x00,
	0x00,0x00,0xFF,0x7F,0xFF,0x7F,0xFF,0x7F,0xFF,0x7F,0xFF,0x7F,0xFF,0x7F,0xFF,0x7F,
	0xFF,0x7F,0x00,0x00,0x00,0x00,0x00,0x00,0x00,0x00,0xFF,0x7F,0xFF,0x7F,0xFF,0x7F,
	0xFF,0x7F,0xFF,0x7F,0xFF,0x7F,0x00,0x00,0x00,0x00,0xFF,0x7F,0xFF,0x7F,0x00,0x00,

	0x00,0x00,0x00,0x00,0x00,0x00,0x00,0x00,0x00,0x00,0x00,0x00,0x00,0x00,0xFF,0x7F,
	0xFF,0x7F,0x00,0x00,0x00,0x00,0x00,0x00,0x00,0x00,0x00,0x00,0x00,0x00,0x00,0x00,
	0x00,0x00,0xFF,0x7F,0xFF,0x7F,0xFF,0x7F,0xFF,0x7F,0x00,0x00,0x00,0x00,0xFF,0x7F,
	0xFF,0x7F,0x00,0x00,0x00,0x00,0xFF,0x7F,0xFF,0x7F,0x5A,0x6B,0x5A,0x6B,0xFF,0x7F,
	0x00,0x00,0xFF,0x7F,0xFF,0x7F,0xFF,0x7F,0xFF,0x7F,0xFF,0x7F,0xFF,0x7F,0xFF,0x7F,
	0xB5,0x56,0xFF,0x7F,0xFF,0x7F,0xFF,0x7F,0xFF,0x7F,0xFF,0x7F,0xFF,0x7F,0xFF,0x7F,
	0xFF,0x7F,0xFF,0x7F,0xFF,0x7F,0xFF,0x7F,0xFF,0x7F,0xFF,0x7F,0xFF,0x7F,0xFF,0x7F,
	0xFF,0x7F,0xFF,0x7F,0xFF,0x7F,0xFF,0x7F,0xFF,0x7F,0xFF,0x7F,0xFF,0x7F,0xFF,0x7F,

	0x9C,0x73,0x9C,0x73,0x9C,0x73,0x9C,0x73,0x9C,0x73,0x9C,0x73,0x9C,0x73,0x9C,0x73,
	0x9C,0x73,0x9C,0x73,0x9C,0x73,0x9C,0x73,0x9C,0x73,0x9C,0x73,0x9C,0x73,0x9C,0x73,
	0x9C,0x73,0x9C,0x73,0x9C,0x73,0x9C,0x73,0x9C,0x73,0x9C,0x73,0x9C,0x73,0x9C,0x73,
	0xB5,0x56,0x9C,0x73,0x9C,0x73,0x9C,0x73,0x9C,0x73,0x9C,0x73,0x9C,0x73,0x9C,0x73,
	0x00,0x00,0xFF,0x7F,0x5A,0x6B,0x5A,0x6B,0xFF,0x7F,0xFF,0x7F,0x00,0x00,0x00,0x00,
	0xFF,0x7F,0xFF,0x7F,0x00,0x00,0x00,0x00,0xFF,0x7F,0xFF,0x7F,0x00,0x00,0x00,0x00,
	0xFF,0x7F,0xFF,0x7F,0x00,0x00,0x00,0x00,0x00,0x00,0x00,0x00,0xFF,0x7F,0xFF,0x7F,
	0xFF,0x7F,0xFF,0x7F,0x00,0x00,0x00,0x00,0xFF,0x7F,0xFF,0x7F,0x00,0x00,0x00,0x00,

	0xFF,0x7F,0xFF,0x7F,0xFF,0x7F,0xFF,0x7F,0xFF,0x7F,0xFF,0x7F,0x00,0x00,0x00,0x00,
	0xFF,0x7F,0xFF,0x7F,0x00,0x00,0x00,0x00,0x00,0x00,0x00,0x00,0x00,0x00,0x00,0x00,
	0xFF,0x7F,0xFF,0x7F,0xFF,0x7F,0xFF,0x7F,0x00,0x00,0x00,0x00,0xFF,0x7F,0xFF,0x7F,
	0x00,0x00,0x00,0x00,0x00,0x00,0x00,0x00,0x00,0x00,0x00,0x00,0x00,0x00,0x00,0x00,
	0x00,0x00,0x00,0x00,0xFF,0x7F,0xFF,0x7F,0x00,0x00,0x00,0x00,0x00,0x00,0x00,0x00,
	0x00,0x00,0x00,0x00,0xFF,0x7F,0xFF,0x7F,0x00,0x00,0x00,0x00,0x5A,0x6B,0x5A,0x6B,
	0xFF,0x7F,0x00,0x00,0x9C,0x73,0x9C,0x73,0x9C,0x73,0x9C,0x73,0x9C,0x73,0x9C,0x73,
	0xB5,0x56,0x9C,0x73,0x9C,0x73,0x9C,0x73,0x9C,0x73,0x9C,0x73,0x9C,0x73,0x00,0x00,

	0xFF,0x7F,0x5A,0x6B,0x5A,0x6B,0x00,0x00,0x00,0x00,0xFF,0x7F,0xFF,0x7F,0x00,0x00,
	0x00,0x00,0xFF,0x7F,0xFF,0x7F,0x00,0x00,0x00,0x00,0xFF,0x7F,0xFF,0x7F,0xFF,0x7F,
	0xFF,0x7F,0x00,0x00,0x00,0x00,0xFF,0x7F,0xFF,0x7F,0xFF,0x7F,0xFF,0x7F,0xFF,0x7F,
	0xFF,0x7F,0xFF,0x7F,0xFF,0x7F,0x00,0x00,0x00,0x00,0x00,0x00,0x00,0x00,0x00,0x00,
	0x00,0x00,0x00,0x00,0x00,0x00,0x00,0x00,0x00,0x00,0xFF,0x7F,0xFF,0x7F,0x00,0x00,
	0x00,0x00,0x00,0x00,0x00,0x00,0x00,0x00,0x00,0x00,0xFF,0x7F,0xFF,0x7F,0x00,0x00,
	0x00,0x00,0xFF,0x7F,0xFF,0x7F,0xFF,0x7F,0xFF,0x7F,0x00,0x00,0x00,0x00,0x00,0x00,
	0x00,0x00,0xFF,0x7F,0xFF,0x7F,0xFF,0x7F,0xFF,0x7F,0xFF,0x7F,0xFF,0x7F,0x00,0x00,

	0x00,0x00,0x00,0x00,0x00,0x00,0xFF,0x7F,0xFF,0x7F,0x00,0x00,0x00,0x00,0xFF,0x7F,
	0xFF,0x7F,0x00,0x00,0x00,0x00,0x00,0x00,0x00,0x00,0x5A,0x6B,0x5A,0x6B,0xFF,0x7F,
	0x00,0x00,0x9C,0x73,0x9C,0x73,0x9C,0x73,0x9C,0x73,0x9C,0x73,0x9C,0x73,0x9C,0x73,
	0xB5,0x56,0x9C,0x73,0x9C,0x73,0x9C,0x73,0x9C,0x73,0x9C,0x73,0x9C,0x73,0x9C,0x73,
	0x9C,0x73,0x9C,0x73,0x9C,0x73,0x9C,0x73,0x9C,0x73,0x9C,0x73,0x9C,0x73,0x9C,0x73,
	0x9C,0x73,0x9C,0x73,0x9C,0x73,0x9C,0x73,0x9C,0x73,0x9C,0x73,0x9C,0x73,0x9C,0x73,
	0xFF,0x7F,0xFF,0x7F,0xFF,0x7F,0xFF,0x7F,0xFF,0x7F,0xFF,0x7F,0xFF,0x7F,0xFF,0x7F,
	0xFF,0x7F,0xFF,0x7F,0xFF,0x7F,0xFF,0x7F,0xFF,0x7F,0xFF,0x7F,0xFF,0x7F,0xFF,0x7F,

	0xFF,0x7F,0xFF,0x7F,0xFF,0x7F,0xFF,0x7F,0xFF,0x7F,0xFF,0x7F,0xFF,0x7F,0xB5,0x56,
	0xB5,0x56,0xB5,0x56,0xFF,0x7F,0xFF,0x7F,0xFF,0x7F,0xFF,0x7F,0xFF,0x7F,0xFF,0x7F,
	0x00,0x00,0xFF,0x7F,0x5A,0x6B,0x5A,0x6B,0xFF,0x7F,0xFF,0x7F,0x00,0x00,0x00,0x00,
	0xFF,0x7F,0xFF,0x7F,0x00,0x00,0x00,0x00,0xFF,0x7F,0xFF,0x7F,0x00,0x00,0x00,0x00,
	0xFF,0x7F,0xFF,0x7F,0x00,0x00,0x00,0x00,0x00,0x00,0x00,0x00,0xFF,0x7F,0xFF,0x7F,
	0xFF,0x7F,0xFF,0x7F,0x00,0x00,0x00,0x00,0xFF,0x7F,0xFF,0x7F,0x00,0x00,0x00,0x00,
	0xFF,0x7F,0xFF,0x7F,0xFF,0x7F,0xFF,0x7F,0xFF,0x7F,0xFF,0x7F,0x00,0x00,0x00,0x00,
	0xFF,0x7F,0xFF,0x7F,0x00,0x00,0x00,0x00,0x00,0x00,0x00,0x00,0x00,0x00,0x00,0x00,

	0xFF,0x7F,0xFF,0x7F,0xFF,0x7F,0xFF,0x7F,0x00,0x00,0x00,0x00,0xFF,0x7F,0xFF,0x7F,
	0x00,0x00,0x00,0x00,0x00,0x00,0x00,0x00,0x00,0x00,0x00,0x00,0x00,0x00,0x00,0x00,
	0x00,0x00,0x00,0x00,0xFF,0x7F,0xFF,0x7F,0x00,0x00,0x00,0x00,0x00,0x00,0x00,0x00,
	0x00,0x00,0x00,0x00,0xFF,0x7F,0xFF,0x7F,0x00,0x00,0x00,0x00,0x5A,0x6B,0x5A,0x6B,
	0xFF,0x7F,0x00,0x00,0xFF,0x7F,0xFF,0x7F,0xFF,0x7F,0xFF,0x7F,0xFF,0x7F,0xB5,0x56,
	0xB5,0x56,0xB5,0x56,0xFF,0x7F,0xFF,0x7F,0xFF,0x7F,0xFF,0x7F,0xFF,0x7F,0x00,0x00,
	0xFF,0x7F,0x5A,0x6B,0x5A,0x6B,0x00,0x00,0x00,0x00,0xFF,0x7F,0xFF,0x7F,0x00,0x00,
	0x00,0x00,0xFF,0x7F,0xFF,0x7F,0x00,0x00,0x00,0x00,0xFF,0x7F,0xFF,0x7F,0xFF,0x7F,

	0xFF,0x7F,0x00,0x00,0x00,0x00,0xFF,0x7F,0xFF,0x7F,0xFF,0x7F,0xFF,0x7F,0xFF,0x7F,
	0xFF,0x7F,0xFF,0x7F,0xFF,0x7F,0x00,0x00,0x00,0x00,0x00,0x00,0x00,0x00,0x00,0x00,
	0x00,0x00,0x00,0x00,0x00,0x00,0x00,0x00,0x00,0x00,0xFF,0x7F,0xFF,0x7F,0x00,0x00,
	0x00,0x00,0x00,0x00,0x00,0x00,0x00,0x00,0x00,0x00,0xFF,0x7F,0xFF,0x7F,0x00,0x00,
	0x00,0x00,0xFF,0x7F,0xFF,0x7F,0xFF,0x7F,0xFF,0x7F,0x00,0x00,0x00,0x00,0x00,0x00,
	0x00,0x00,0xFF,0x7F,0xFF,0x7F,0xFF,0x7F,0xFF,0x7F,0xFF,0x7F,0xFF,0x7F,0x00,0x00,
	0x00,0x00,0x00,0x00,0x00,0x00,0xFF,0x7F,0xFF,0x7F,0x00,0x00,0x00,0x00,0xFF,0x7F,
	0xFF,0x7F,0x00,0x00,0x00,0x00,0x00,0x00,0x00,0x00,0x5A,0x6B,0x5A,0x6B,0xFF,0x7F,

	0x00,0x00,0xFF,0x7F,0xFF,0x7F,0xFF,0x7F,0xFF,0x7F,0xFF,0x7F,0xFF,0x7F,0xB5,0x56,
	0xB5,0x56,0xB5,0x56,0xFF,0x7F,0xFF,0x7F,0xFF,0x7F,0xFF,0x7F,0xFF,0x7F,0xFF,0x7F,
	0xFF,0x7F,0xFF,0x7F,0xFF,0x7F,0xFF,0x7F,0xFF,0x7F,0xFF,0x7F,0xFF,0x7F,0xFF,0x7F,
	0xFF,0x7F,0xFF,0x7F,0xFF,0x7F,0xFF,0x7F,0xFF,0x7F,0xFF,0x7F,0xFF,0x7F,0xFF,0x7F,
	0xB5,0x56,0xB5,0x56,0xB5,0x56,0xB5,0x56,0xB5,0x56,0xB5,0x56,0xB5,0x56,0xB5,0x56,
	0xB5,0x56,0xB5,0x56,0xB5,0x56,0xB5,0x56,0xB5,0x56,0xB5,0x56,0xB5,0x56,0xB5,0x56,
	0xB5,0x56,0xB5,0x56,0xB5,0x56,0xB5,0x56,0xB5,0x56,0xB5,0x56,0xB5,0x56,0xB5,0x56,
	0xB5,0x56,0xB5,0x56,0xB5,0x56,0xB5,0x56,0xB5,0x56,0xB5,0x56,0xB5,0x56,0xB5,0x56,

	0x00,0x00,0xFF,0x7F,0x5A,0x6B,0x5A,0x6B,0x00,0x00,0x00,0x00,0x00,0x00,0x00,0x00,
	0x00,0x00,0x00,0x00,0x00,0x00,0x00,0x00,0x00,0x00,0x00,0x00,0xFF,0x7F,0xFF,0x7F,
	0x00,0x00,0x00,0x00,0x00,0x00,0x00,0x00,0xFF,0x7F,0xFF,0x7F,0xFF,0x7F,0xFF,0x7F,
	0xFF,0x7F,0xFF,0x7F,0xFF,0x7F,0xFF,0x7F,0x00,0x00,0x00,0x00,0xFF,0x7F,0xFF,0x7F,
	0x00,0x00,0x00,0x00,0xFF,0x7F,0xFF,0x7F,0x00,0x00,0x00,0x00,0xFF,0x7F,0xFF,0x7F,
	0x00,0x00,0x00,0x00,0x00,0x00,0x00,0x00,0x00,0x00,0x00,0x00,0x00,0x00,0x00,0x00,
	0xFF,0x7F,0xFF,0x7F,0xFF,0x7F,0xFF,0x7F,0x00,0x00,0x00,0x00,0x00,0x00,0x00,0x00,
	0x00,0x00,0x00,0x00,0xFF,0x7F,0xFF,0x7F,0xFF,0x7F,0xFF,0x7F,0x00,0x00,0x00,0x00,

	0xFF,0x7F,0xFF,0x7F,0xFF,0x7F,0xFF,0x7F,0xFF,0x7F,0xFF,0x7F,0x00,0x00,0x00,0x00,
	0xFF,0x7F,0xFF,0x7F,0x00,0x00,0x00,0x00,0xFF,0x7F,0xFF,0x7F,0x5A,0x6B,0x5A,0x6B,
	0xFF,0x7F,0x00,0x00,0xB5,0x56,0xB5,0x56,0xB5,0x56,0xB5,0x56,0xB5,0x56,0xB5,0x56,
	0xB5,0x56,0xB5,0x56,0xB5,0x56,0xB5,0x56,0xB5,0x56,0xB5,0x56,0xB5,0x56,0x00,0x00,
	0xFF,0x7F,0x5A,0x6B,0x5A,0x6B,0xFF,0x7F,0xFF,0x7F,0x00,0x00,0x00,0x00,0xFF,0x7F,
	0xFF,0x7F,0x00,0x00,0x00,0x00,0x00,0x00,0x00,0x00,0x00,0x00,0x00,0x00,0x00,0x00,
	0x00,0x00,0xFF,0x7F,0xFF,0x7F,0x00,0x00,0x00,0x00,0xFF,0x7F,0xFF,0x7F,0xFF,0x7F,
	0xFF,0x7F,0x00,0x00,0x00,0x00,0x00,0x00,0x00,0x00,0x00,0x00,0x00,0x00,0x00,0x00,

	0x00,0x00,0xFF,0x7F,0xFF,0x7F,0xFF,0x7F,0xFF,0x7F,0xFF,0x7F,0xFF,0x7F,0x00,0x00,
	0x00,0x00,0xFF,0x7F,0xFF,0x7F,0x00,0x00,0x00,0x00,0x00,0x00,0x00,0x00,0xFF,0x7F,
	0xFF,0x7F,0xFF,0x7F,0xFF,0x7F,0xFF,0x7F,0xFF,0x7F,0xFF,0x7F,0xFF,0x7F,0xFF,0x7F,
	0xFF,0x7F,0xFF,0x7F,0xFF,0x7F,0xFF,0x7F,0xFF,0x7F,0xFF,0x7F,0xFF,0x7F,0x00,0x00,
	0x00,0x00,0x00,0x00,0x00,0x00,0xFF,0x7F,0xFF,0x7F,0xFF,0x7F,0xFF,0x7F,0x00,0x00,
	0x00,0x00,0x00,0x00,0x00,0x00,0x00,0x00,0x00,0x00,0x5A,0x6B,0x5A,0x6B,0xFF,0x7F,
	0x00,0x00,0xB5,0x56,0xB5,0x56,0xB5,0x56,0xB5,0x56,0xB5,0x56,0xB5,0x56,0xB5,0x56,
	0xB5,0x56,0xB5,0x56,0xB5,0x56,0xB5,0x56,0xB5,0x56,0xB5,0x56,0xB5,0x56,0xB5,0x56,

	0xB5,0x56,0xB5,0x56,0xB5,0x56,0xB5,0x56,0xB5,0x56,0xB5,0x56,0xB5,0x56,0xB5,0x56,
	0xB5,0x56,0xB5,0x56,0xB5,0x56,0xB5,0x56,0xB5,0x56,0xB5,0x56,0xB5,0x56,0xB5,0x56,
	0xFF,0x7F,0xFF,0x7F,0xFF,0x7F,0xFF,0x7F,0xFF,0x7F,0xFF,0x7F,0xFF,0x7F,0xFF,0x7F,
	0xFF,0x7F,0xFF,0x7F,0xFF,0x7F,0xFF,0x7F,0xFF,0x7F,0xFF,0x7F,0xFF,0x7F,0xFF,0x7F,
	0xFF,0x7F,0xFF,0x7F,0xFF,0x7F,0xFF,0x7F,0xFF,0x7F,0xFF,0x7F,0xFF,0x7F,0xB5,0x56,
	0xB5,0x56,0xB5,0x56,0xFF,0x7F,0xFF,0x7F,0xFF,0x7F,0xFF,0x7F,0xFF,0x7F,0xFF,0x7F,
	0x00,0x00,0xFF,0x7F,0x5A,0x6B,0x5A,0x6B,0x00,0x00,0x00,0x00,0x00,0x00,0x00,0x00,
	0x00,0x00,0x00,0x00,0x00,0x00,0x00,0x00,0x00,0x00,0x00,0x00,0xFF,0x7F,0xFF,0x7F,

	0x00,0x00,0x00,0x00,0x00,0x00,0x00,0x00,0xFF,0x7F,0xFF,0x7F,0xFF,0x7F,0xFF,0x7F,
	0xFF,0x7F,0xFF,0x7F,0xFF,0x7F,0xFF,0x7F,0x00,0x00,0x00,0x00,0xFF,0x7F,0xFF,0x7F,
	0x00,0x00,0x00,0x00,0xFF,0x7F,0xFF,0x7F,0x00,0x00,0x00,0x00,0xFF,0x7F,0xFF,0x7F,
	0x00,0x00,0x00,0x00,0x00,0x00,0x00,0x00,0x00,0x00,0x00,0x00,0x00,0x00,0x00,0x00,
	0xFF,0x7F,0xFF,0x7F,0xFF,0x7F,0xFF,0x7F,0x00,0x00,0x00,0x00,0x00,0x00,0x00,0x00,
	0x00,0x00,0x00,0x00,0xFF,0x7F,0xFF,0x7F,0xFF,0x7F,0xFF,0x7F,0x00,0x00,0x00,0x00,
	0xFF,0x7F,0xFF,0x7F,0xFF,0x7F,0xFF,0x7F,0xFF,0x7F,0xFF,0x7F,0x00,0x00,0x00,0x00,
	0xFF,0x7F,0xFF,0x7F,0x00,0x00,0x00,0x00,0xFF,0x7F,0xFF,0x7F,0x5A,0x6B,0x5A,0x6B,

	0xFF,0x7F,0x00,0x00,0xFF,0x7F,0xFF,0x7F,0xFF,0x7F,0xFF,0x7F,0xFF,0x7F,0xB5,0x56,
	0xB5,0x56,0xB5,0x56,0xFF,0x7F,0xFF,0x7F,0xFF,0x7F,0xFF,0x7F,0xFF,0x7F,0x00,0x00,
	0xFF,0x7F,0x5A,0x6B,0x5A,0x6B,0xFF,0x7F,0xFF,0x7F,0x00,0x00,0x00,0x00,0xFF,0x7F,
	0xFF,0x7F,0x00,0x00,0x00,0x00,0x00,0x00,0x00,0x00,0x00,0x00,0x00,0x00,0x00,0x00,
	0x00,0x00,0xFF,0x7F,0xFF,0x7F,0x00,0x00,0x00,0x00,0xFF,0x7F,0xFF,0x7F,0xFF,0x7F,
	0xFF,0x7F,0x00,0x00,0x00,0x00,0x00,0x00,0x00,0x00,0x00,0x00,0x00,0x00,0x00,0x00,
	0x00,0x00,0xFF,0x7F,0xFF,0x7F,0xFF,0x7F,0xFF,0x7F,0xFF,0x7F,0xFF,0x7F,0x00,0x00,
	0x00,0x00,0xFF,0x7F,0xFF,0x7F,0x00,0x00,0x00,0x00,0x00,0x00,0x00,0x00,0xFF,0x7F,

	0xFF,0x7F,0xFF,0x7F,0xFF,0x7F,0xFF,0x7F,0xFF,0x7F,0xFF,0x7F,0xFF,0x7F,0xFF,0x7F,
	0xFF,0x7F,0xFF,0x7F,0xFF,0x7F,0xFF,0x7F,0xFF,0x7F,0xFF,0x7F,0xFF,0x7F,0x00,0x00,
	0x00,0x00,0x00,0x00,0x00,0x00,0xFF,0x7F,0xFF,0x7F,0xFF,0x7F,0xFF,0x7F,0x00,0x00,
	0x00,0x00,0x00,0x00,0x00,0x00,0x00,0x00,0x00,0x00,0x5A,0x6B,0x5A,0x6B,0xFF,0x7F,
	0x00,0x00,0xFF,0x7F,0xFF,0x7F,0xFF,0x7F,0xFF,0x7F,0xFF,0x7F,0xFF,0x7F,0xB5,0x56,
	0xB5,0x56,0xB5,0x56,0xFF,0x7F,0xFF,0x7F,0xFF,0x7F,0xFF,0x7F,0xFF,0x7F,0xFF,0x7F,
	0xFF,0x7F,0xFF,0x7F,0xFF,0x7F,0xFF,0x7F,0xFF,0x7F,0xFF,0x7F,0xFF,0x7F,0xFF,0x7F,
	0xFF,0x7F,0xFF,0x7F,0xFF,0x7F,0xFF,0x7F,0xFF,0x7F,0xFF,0x7F,0xFF,0x7F,0xFF,0x7F,

	0x9C,0x73,0x9C,0x73,0x9C,0x73,0x9C,0x73,0x9C,0x73,0x9C,0x73,0x9C,0x73,0x9C,0x73,
	0x9C,0x73,0x9C,0x73,0x9C,0x73,0x9C,0x73,0x9C,0x73,0x9C,0x73,0x9C,0x73,0x9C,0x73,
	0x9C,0x73,0x9C,0x73,0x9C,0x73,0x9C,0x73,0x9C,0x73,0x9C,0x73,0x9C,0x73,0x9C,0x73,
	0xB5,0x56,0x9C,0x73,0x9C,0x73,0x9C,0x73,0x9C,0x73,0x9C,0x73,0x9C,0x73,0x9C,0x73,
	0x00,0x00,0xFF,0x7F,0x5A,0x6B,0x5A,0x6B,0x00,0x00,0x00,0x00,0x00,0x00,0x00,0x00,
	0xFF,0x7F,0xFF,0x7F,0xFF,0x7F,0xFF,0x7F,0xFF,0x7F,0xFF,0x7F,0xFF,0x7F,0xFF,0x7F,
	0xFF,0x7F,0xFF,0x7F,0xFF,0x7F,0xFF,0x7F,0xFF,0x7F,0xFF,0x7F,0xFF,0x7F,0xFF,0x7F,
	0x00,0x00,0x00,0x00,0xFF,0x7F,0xFF,0x7F,0x00,0x00,0x00,0x00,0x00,0x00,0x00,0x00,

	0xFF,0x7F,0xFF,0x7F,0xFF,0x7F,0xFF,0x7F,0x00,0x00,0x00,0x00,0xFF,0x7F,0xFF,0x7F,
	0xFF,0x7F,0xFF,0x7F,0xFF,0x7F,0xFF,0x7F,0x00,0x00,0x00,0x00,0x00,0x00,0x00,0x00,
	0x00,0x00,0x00,0x00,0xFF,0x7F,0xFF,0x7F,0xFF,0x7F,0xFF,0x7F,0xFF,0x7F,0xFF,0x7F,
	0xFF,0x7F,0xFF,0x7F,0xFF,0x7F,0xFF,0x7F,0x00,0x00,0x00,0x00,0x00,0x00,0x00,0x00,
	0xFF,0x7F,0xFF,0x7F,0xFF,0x7F,0xFF,0x7F,0xFF,0x7F,0xFF,0x7F,0x00,0x00,0x00,0x00,
	0xFF,0x7F,0xFF,0x7F,0xFF,0x7F,0xFF,0x7F,0x00,0x00,0x00,0x00,0x5A,0x6B,0x5A,0x6B,
	0xFF,0x7F,0x00,0x00,0x9C,0x73,0x9C,0x73,0x9C,0x73,0x9C,0x73,0x9C,0x73,0x9C,0x73,
	0xB5,0x56,0x9C,0x73,0x9C,0x73,0x9C,0x73,0x9C,0x73,0x9C,0x73,0x9C,0x73,0x00,0x00,

	0xFF,0x7F,0x5A,0x6B,0x5A,0x6B,0x00,0x00,0x00,0x00,0xFF,0x7F,0xFF,0x7F,0x00,0x00,
	0x00,0x00,0xFF,0x7F,0xFF,0x7F,0x00,0x00,0x00,0x00,0x00,0x00,0x00,0x00,0xFF,0x7F,
	0xFF,0x7F,0xFF,0x7F,0xFF,0x7F,0xFF,0x7F,0xFF,0x7F,0xFF,0x7F,0xFF,0x7F,0xFF,0x7F,
	0xFF,0x7F,0x00,0x00,0x00,0x00,0x00,0x00,0x00,0x00,0xFF,0x7F,0xFF,0x7F,0x00,0x00,
	0x00,0x00,0xFF,0x7F,0xFF,0x7F,0x00,0x00,0x00,0x00,0xFF,0x7F,0xFF,0x7F,0xFF,0x7F,
	0xFF,0x7F,0xFF,0x7F,0xFF,0x7F,0x00,0x00,0x00,0x00,0xFF,0x7F,0xFF,0x7F,0x00,0x00,
	0x00,0x00,0xFF,0x7F,0xFF,0x7F,0x00,0x00,0x00,0x00,0x00,0x00,0x00,0x00,0xFF,0x7F,
	0xFF,0x7F,0x00,0x00,0x00,0x00,0xFF,0x7F,0xFF,0x7F,0x00,0x00,0x00,0x00,0x00,0x00,

	0x00,0x00,0xFF,0x7F,0xFF,0x7F,0x00,0x00,0x00,0x00,0xFF,0x7F,0xFF,0x7F,0xFF,0x7F,
	0xFF,0x7F,0xFF,0x7F,0xFF,0x7F,0x00,0x00,0x00,0x00,0x5A,0x6B,0x5A,0x6B,0xFF,0x7F,
	0x00,0x00,0x9C,0x73,0x9C,0x73,0x9C,0x73,0x9C,0x73,0x9C,0x73,0x9C,0x73,0x9C,0x73,
	0xB5,0x56,0x9C,0x73,0x9C,0x73,0x9C,0x73,0x9C,0x73,0x9C,0x73,0x9C,0x73,0x9C,0x73,
	0x9C,0x73,0x9C,0x73,0x9C,0x73,0x9C,0x73,0x9C,0x73,0x9C,0x73,0x9C,0x73,0x9C,0x73,
	0x9C,0x73,0x9C,0x73,0x9C,0x73,0x9C,0x73,0x9C,0x73,0x9C,0x73,0x9C,0x73,0x9C,0x73,
	0xFF,0x7F,0xFF,0x7F,0xFF,0x7F,0xFF,0x7F,0xFF,0x7F,0xFF,0x7F,0xFF,0x7F,0xFF,0x7F,
	0xFF,0x7F,0xFF,0x7F,0xFF,0x7F,0xFF,0x7F,0xFF,0x7F,0xFF,0x7F,0xFF,0x7F,0xFF,0x7F,

	0xFF,0x7F,0xFF,0x7F,0xFF,0x7F,0xFF,0x7F,0xFF,0x7F,0xFF,0x7F,0xFF,0x7F,0xFF,0x7F,
	0xB5,0x56,0xFF,0x7F,0xFF,0x7F,0xFF,0x7F,0xFF,0x7F,0xFF,0x7F,0xFF,0x7F,0xFF,0x7F,
	0x00,0x00,0xFF,0x7F,0x5A,0x6B,0x5A,0x6B,0x00,0x00,0x00,0x00,0x00,0x00,0x00,0x00,
	0xFF,0x7F,0xFF,0x7F,0xFF,0x7F,0xFF,0x7F,0xFF,0x7F,0xFF,0x7F,0xFF,0x7F,0xFF,0x7F,
	0xFF,0x7F,0xFF,0x7F,0xFF,0x7F,0xFF,0x7F,0xFF,0x7F,0xFF,0x7F,0xFF,0x7F,0xFF,0x7F,
	0x00,0x00,0x00,0x00,0xFF,0x7F,0xFF,0x7F,0x00,0x00,0x00,0x00,0x00,0x00,0x00,0x00,
	0xFF,0x7F,0xFF,0x7F,0xFF,0x7F,0xFF,0x7F,0x00,0x00,0x00,0x00,0xFF,0x7F,0xFF,0x7F,
	0xFF,0x7F,0xFF,0x7F,0xFF,0x7F,0xFF,0x7F,0x00,0x00,0x00,0x00,0x00,0x00,0x00,0x00,

	0x00,0x00,0x00,0x00,0xFF,0x7F,0xFF,0x7F,0xFF,0x7F,0xFF,0x7F,0xFF,0x7F,0xFF,0x7F,
	0xFF,0x7F,0xFF,0x7F,0xFF,0x7F,0xFF,0x7F,0x00,0x00,0x00,0x00,0x00,0x00,0x00,0x00,
	0xFF,0x7F,0xFF,0x7F,0xFF,0x7F,0xFF,0x7F,0xFF,0x7F,0xFF,0x7F,0x00,0x00,0x00,0x00,
	0xFF,0x7F,0xFF,0x7F,0xFF,0x7F,0xFF,0x7F,0x00,0x00,0x00,0x00,0x5A,0x6B,0x5A,0x6B,
	0xFF,0x7F,0x00,0x00,0xFF,0x7F,0xFF,0x7F,0xFF,0x7F,0xFF,0x7F,0xFF,0x7F,0xFF,0x7F,
	0xB5,0x56,0xFF,0x7F,0xFF,0x7F,0xFF,0x7F,0xFF,0x7F,0xFF,0x7F,0xFF,0x7F,0x00,0x00,
	0xFF,0x7F,0x5A,0x6B,0x5A,0x6B,0x00,0x00,0x00,0x00,0xFF,0x7F,0xFF,0x7F,0x00,0x00,
	0x00,0x00,0xFF,0x7F,0xFF,0x7F,0x00,0x00,0x00,0x00,0x00,0x00,0x00,0x00,0xFF,0x7F,

	0xFF,0x7F,0xFF,0x7F,0xFF,0x7F,0xFF,0x7F,0xFF,0x7F,0xFF,0x7F,0xFF,0x7F,0xFF,0x7F,
	0xFF,0x7F,0x00,0x00,0x00,0x00,0x00,0x00,0x00,0x00,0xFF,0x7F,0xFF,0x7F,0x00,0x00,
	0x00,0x00,0xFF,0x7F,0xFF,0x7F,0x00,0x00,0x00,0x00,0xFF,0x7F,0xFF,0x7F,0xFF,0x7F,
	0xFF,0x7F,0xFF,0x7F,0xFF,0x7F,0x00,0x00,0x00,0x00,0xFF,0x7F,0xFF,0x7F,0x00,0x00,
	0x00,0x00,0xFF,0x7F,0xFF,0x7F,0x00,0x00,0x00,0x00,0x00,0x00,0x00,0x00,0xFF,0x7F,
	0xFF,0x7F,0x00,0x00,0x00,0x00,0xFF,0x7F,0xFF,0x7F,0x00,0x00,0x00,0x00,0x00,0x00,
	0x00,0x00,0xFF,0x7F,0xFF,0x7F,0x00,0x00,0x00,0x00,0xFF,0x7F,0xFF,0x7F,0xFF,0x7F,
	0xFF,0x7F,0xFF,0x7F,0xFF,0x7F,0x00,0x00,0x00,0x00,0x5A,0x6B,0x5A,0x6B,0xFF,0x7F,

	0x00,0x00,0xFF,0x7F,0xFF,0x7F,0xFF,0x7F,0xFF,0x7F,0xFF,0x7F,0xFF,0x7F,0xFF,0x7F,
	0xB5,0x56,0xFF,0x7F,0xFF,0x7F,0xFF,0x7F,0xFF,0x7F,0xFF,0x7F,0xFF,0x7F,0xFF,0x7F,
	0xFF,0x7F,0xFF,0x7F,0xFF,0x7F,0xFF,0x7F,0xFF,0x7F,0xFF,0x7F,0xFF,0x7F,0xFF,0x7F,
	0xFF,0x7F,0xFF,0x7F,0xFF,0x7F,0xFF,0x7F,0xFF,0x7F,0xFF,0x7F,0xFF,0x7F,0xFF,0x7F,
	0x9C,0x73,0x9C,0x73,0x9C,0x73,0x9C,0x73,0x9C,0x73,0x9C,0x73,0x9C,0x73,0x9C,0x73,
	0x9C,0x73,0x9C,0x73,0x9C,0x73,0x9C,0x73,0x9C,0x73,0x9C,0x73,0x9C,0x73,0x9C,0x73,
	0x9C,0x73,0x9C,0x73,0x9C,0x73,0x9C,0x73,0x9C,0x73,0x9C,0x73,0x9C,0x73,0x9C,0x73,
	0xB5,0x56,0x9C,0x73,0x9C,0x73,0x9C,0x73,0x9C,0x73,0x9C,0x73,0x9C,0x73,0x9C,0x73,

	0x00,0x00,0xFF,0x7F,0x5A,0x6B,0x5A,0x6B,0xFF,0x7F,0xFF,0x7F,0x00,0x00,0x00,0x00,
	0xFF,0x7F,0xFF,0x7F,0xFF,0x7F,0xFF,0x7F,0xFF,0x7F,0xFF,0x7F,0xFF,0x7F,0xFF,0x7F,
	0x00,0x00,0x00,0x00,0xFF,0x7F,0xFF,0x7F,0xFF,0x7F,0xFF,0x7F,0x00,0x00,0x00,0x00,
	0xFF,0x7F,0xFF,0x7F,0x00,0x00,0x00,0x00,0xFF,0x7F,0xFF,0x7F,0xFF,0x7F,0xFF,0x7F,
	0xFF,0x7F,0xFF,0x7F,0xFF,0x7F,0xFF,0x7F,0xFF,0x7F,0xFF,0x7F,0xFF,0x7F,0xFF,0x7F,
	0xFF,0x7F,0xFF,0x7F,0xFF,0x7F,0xFF,0x7F,0x00,0x00,0x00,0x00,0xFF,0x7F,0xFF,0x7F,
	0x00,0x00,0x00,0x00,0xFF,0x7F,0xFF,0x7F,0xFF,0x7F,0xFF,0x7F,0x00,0x00,0x00,0x00,
	0xFF,0x7F,0xFF,0x7F,0x00,0x00,0x00,0x00,0xFF,0x7F,0xFF,0x7F,0xFF,0x7F,0xFF,0x7F,

	0xFF,0x7F,0xFF,0x7F,0x00,0x00,0x00,0x00,0xFF,0x7F,0xFF,0x7F,0xFF,0x7F,0xFF,0x7F,
	0x00,0x00,0x00,0x00,0x00,0x00,0x00,0x00,0xFF,0x7F,0xFF,0x7F,0x5A,0x6B,0x5A,0x6B,
	0xFF,0x7F,0x00,0x00,0x9C,0x73,0x9C,0x73,0x9C,0x73,0x9C,0x73,0x9C,0x73,0x9C,0x73,
	0xB5,0x56,0x9C,0x73,0x9C,0x73,0x9C,0x73,0x9C,0x73,0x9C,0x73,0x9C,0x73,0x00,0x00,
	0xFF,0x7F,0x5A,0x6B,0x5A,0x6B,0xFF,0x7F,0xFF,0x7F,0xFF,0x7F,0xFF,0x7F,0xFF,0x7F,
	0xFF,0x7F,0x00,0x00,0x00,0x00,0x00,0x00,0x00,0x00,0xFF,0x7F,0xFF,0x7F,0x00,0x00,
	0x00,0x00,0xFF,0x7F,0xFF,0x7F,0xFF,0x7F,0xFF,0x7F,0xFF,0x7F,0xFF,0x7F,0x00,0x00,
	0x00,0x00,0xFF,0x7F,0xFF,0x7F,0xFF,0x7F,0xFF,0x7F,0x00,0x00,0x00,0x00,0xFF,0x7F,

	0xFF,0x7F,0xFF,0x7F,0xFF,0x7F,0x00,0x00,0x00,0x00,0xFF,0x7F,0xFF,0x7F,0x00,0x00,
	0x00,0x00,0x00,0x00,0x00,0x00,0xFF,0x7F,0xFF,0x7F,0xFF,0x7F,0xFF,0x7F,0xFF,0x7F,
	0xFF,0x7F,0xFF,0x7F,0xFF,0x7F,0x00,0x00,0x00,0x00,0xFF,0x7F,0xFF,0x7F,0x00,0x00,
	0x00,0x00,0xFF,0x7F,0xFF,0x7F,0x00,0x00,0x00,0x00,0x00,0x00,0x00,0x00,0x00,0x00,
	0x00,0x00,0x00,0x00,0x00,0x00,0xFF,0x7F,0xFF,0x7F,0x00,0x00,0x00,0x00,0x00,0x00,
	0x00,0x00,0x00,0x00,0x00,0x00,0x00,0x00,0x00,0x00,0x5A,0x6B,0x5A,0x6B,0xFF,0x7F,
	0x00,0x00,0x9C,0x73,0x9C,0x73,0x9C,0x73,0x9C,0x73,0x9C,0x73,0x9C,0x73,0x9C,0x73,
	0xB5,0x56,0x9C,0x73,0x9C,0x73,0x9C,0x73,0x9C,0x73,0x9C,0x73,0x9C,0x73,0x9C,0x73,

	0x9C,0x73,0x9C,0x73,0x9C,0x73,0x9C,0x73,0x9C,0x73,0x9C,0x73,0x9C,0x73,0x9C,0x73,
	0x9C,0x73,0x9C,0x73,0x9C,0x73,0x9C,0x73,0x9C,0x73,0x9C,0x73,0x9C,0x73,0x9C,0x73,
	0xFF,0x7F,0xFF,0x7F,0xFF,0x7F,0xFF,0x7F,0xFF,0x7F,0xFF,0x7F,0xFF,0x7F,0xFF,0x7F,
	0xFF,0x7F,0xFF,0x7F,0xFF,0x7F,0xFF,0x7F,0xFF,0x7F,0xFF,0x7F,0xFF,0x7F,0xFF,0x7F,
	0xFF,0x7F,0xFF,0x7F,0xFF,0x7F,0xFF,0x7F,0xFF,0x7F,0xFF,0x7F,0xFF,0x7F,0xFF,0x7F,
	0xB5,0x56,0xFF,0x7F,0xFF,0x7F,0xFF,0x7F,0xFF,0x7F,0xFF,0x7F,0xFF,0x7F,0xFF,0x7F,
	0x00,0x00,0xFF,0x7F,0x5A,0x6B,0x5A,0x6B,0xFF,0x7F,0xFF,0x7F,0x00,0x00,0x00,0x00,
	0xFF,0x7F,0xFF,0x7F,0xFF,0x7F,0xFF,0x7F,0xFF,0x7F,0xFF,0x7F,0xFF,0x7F,0xFF,0x7F,

	0x00,0x00,0x00,0x00,0xFF,0x7F,0xFF,0x7F,0xFF,0x7F,0xFF,0x7F,0x00,0x00,0x00,0x00,
	0xFF,0x7F,0xFF,0x7F,0x00,0x00,0x00,0x00,0xFF,0x7F,0xFF,0x7F,0xFF,0x7F,0xFF,0x7F,
	0xFF,0x7F,0xFF,0x7F,0xFF,0x7F,0xFF,0x7F,0xFF,0x7F,0xFF,0x7F,0xFF,0x7F,0xFF,0x7F,
	0xFF,0x7F,0xFF,0x7F,0xFF,0x7F,0xFF,0x7F,0x00,0x00,0x00,0x00,0xFF,0x7F,0xFF,0x7F,
	0x00,0x00,0x00,0x00,0xFF,0x7F,0xFF,0x7F,0xFF,0x7F,0xFF,0x7F,0x00,0x00,0x00,0x00,
	0xFF,0x7F,0xFF,0x7F,0x00,0x00,0x00,0x00,0xFF,0x7F,0xFF,0x7F,0xFF,0x7F,0xFF,0x7F,
	0xFF,0x7F,0xFF,0x7F,0x00,0x00,0x00,0x00,0xFF,0x7F,0xFF,0x7F,0xFF,0x7F,0xFF,0x7F,
	0x00,0x00,0x00,0x00,0x00,0x00,0x00,0x00,0xFF,0x7F,0xFF,0x7F,0x5A,0x6B,0x5A,0x6B,

	0xFF,0x7F,0x00,0x00,0xFF,0x7F,0xFF,0x7F,0xFF,0x7F,0xFF,0x7F,0xFF,0x7F,0xFF,0x7F,
	0xB5,0x56,0xFF,0x7F,0xFF,0x7F,0xFF,0x7F,0xFF,0x7F,0xFF,0x7F,0xFF,0x7F,0x00,0x00,
	0xFF,0x7F,0x5A,0x6B,0x5A,0x6B,0xFF,0x7F,0xFF,0x7F,0xFF,0x7F,0xFF,0x7F,0xFF,0x7F,
	0xFF,0x7F,0x00,0x00,0x00,0x00,0x00,0x00,0x00,0x00,0xFF,0x7F,0xFF,0x7F,0x00,0x00,
	0x00,0x00,0xFF,0x7F,0xFF,0x7F,0xFF,0x7F,0xFF,0x7F,0xFF,0x7F,0xFF,0x7F,0x00,0x00,
	0x00,0x00,0xFF,0x7F,0xFF,0x7F,0xFF,0x7F,0xFF,0x7F,0x00,0x00,0x00,0x00,0xFF,0x7F,
	0xFF,0x7F,0xFF,0x7F,0xFF,0x7F,0x00,0x00,0x00,0x00,0xFF,0x7F,0xFF,0x7F,0x00,0x00,
	0x00,0x00,0x00,0x00,0x00,0x00,0xFF,0x7F,0xFF,0x7F,0xFF,0x7F,0xFF,0x7F,0xFF,0x7F,

	0xFF,0x7F,0xFF,0x7F,0xFF,0x7F,0x00,0x00,0x00,0x00,0xFF,0x7F,0xFF,0x7F,0x00,0x00,
	0x00,0x00,0xFF,0x7F,0xFF,0x7F,0x00,0x00,0x00,0x00,0x00,0x00,0x00,0x00,0x00,0x00,
	0x00,0x00,0x00,0x00,0x00,0x00,0xFF,0x7F,0xFF,0x7F,0x00,0x00,0x00,0x00,0x00,0x00,
	0x00,0x00,0x00,0x00,0x00,0x00,0x00,0x00,0x00,0x00,0x5A,0x6B,0x5A,0x6B,0xFF,0x7F,
	0x00,0x00,0xFF,0x7F,0xFF,0x7F,0xFF,0x7F,0xFF,0x7F,0xFF,0x7F,0xFF,0x7F,0xFF,0x7F,
	0xB5,0x56,0xFF,0x7F,0xFF,0x7F,0xFF,0x7F,0xFF,0x7F,0xFF,0x7F,0xFF,0x7F,0xFF,0x7F,
	0xFF,0x7F,0xFF,0x7F,0xFF,0x7F,0xFF,0x7F,0xFF,0x7F,0xFF,0x7F,0xFF,0x7F,0xFF,0x7F,
	0xFF,0x7F,0xFF,0x7F,0xFF,0x7F,0xFF,0x7F,0xFF,0x7F,0xFF,0x7F,0xFF,0x7F,0xFF,0x7F,

	0x9C,0x73,0x9C,0x73,0x9C,0x73,0x9C,0x73,0x9C,0x73,0x9C,0x73,0x9C,0x73,0x9C,0x73,
	0x9C,0x73,0x9C,0x73,0x9C,0x73,0x9C,0x73,0x9C,0x73,0x9C,0x73,0x9C,0x73,0x9C,0x73,
	0x9C,0x73,0x9C,0x73,0x9C,0x73,0x9C,0x73,0x9C,0x73,0x9C,0x73,0x9C,0x73,0x9C,0x73,
	0xB5,0x56,0x9C,0x73,0x9C,0x73,0x9C,0x73,0x9C,0x73,0x9C,0x73,0x9C,0x73,0x9C,0x73,
	0x00,0x00,0xFF,0x7F,0x5A,0x6B,0x5A,0x6B,0xFF,0x7F,0xFF,0x7F,0xFF,0x7F,0xFF,0x7F,
	0x00,0x00,0x00,0x00,0x00,0x00,0x00,0x00,0x00,0x00,0x00,0x00,0xFF,0x7F,0xFF,0x7F,
	0xFF,0x7F,0xFF,0x7F,0xFF,0x7F,0xFF,0x7F,0xFF,0x7F,0xFF,0x7F,0x00,0x00,0x00,0x00,
	0xFF,0x7F,0xFF,0x7F,0xFF,0x7F,0xFF,0x7F,0x00,0x00,0x00,0x00,0x00,0x00,0x00,0x00,

	0xFF,0x7F,0xFF,0x7F,0x00,0x00,0x00,0x00,0xFF,0x7F,0xFF,0x7F,0xFF,0x7F,0xFF,0x7F,
	0x00,0x00,0x00,0x00,0xFF,0x7F,0xFF,0x7F,0xFF,0x7F,0xFF,0x7F,0xFF,0x7F,0xFF,0x7F,
	0x00,0x00,0x00,0x00,0x00,0x00,0x00,0x00,0xFF,0x7F,0xFF,0x7F,0x00,0x00,0x00,0x00,
	0xFF,0x7F,0xFF,0x7F,0x00,0x00,0x00,0x00,0x00,0x00,0x00,0x00,0xFF,0x7F,0xFF,0x7F,
	0x00,0x00,0x00,0x00,0x00,0x00,0x00,0x00,0xFF,0x7F,0xFF,0x7F,0x00,0x00,0x00,0x00,
	0xFF,0x7F,0xFF,0x7F,0x00,0x00,0x00,0x00,0x00,0x00,0x00,0x00,0x5A,0x6B,0x5A,0x6B,
	0xFF,0x7F,0x00,0x00,0x9C,0x73,0x9C,0x73,0x9C,0x73,0x9C,0x73,0x9C,0x73,0x9C,0x73,
	0xB5,0x56,0x9C,0x73,0x9C,0x73,0x9C,0x73,0x9C,0x73,0x9C,0x73,0x9C,0x73,0x00,0x00,

	0xFF,0x7F,0x5A,0x6B,0x5A,0x6B,0xFF,0x7F,0xFF,0x7F,0xFF,0x7F,0xFF,0x7F,0xFF,0x7F,
	0xFF,0x7F,0x00,0x00,0x00,0x00,0xFF,0x7F,0xFF,0x7F,0x00,0x00,0x00,0x00,0xFF,0x7F,
	0xFF,0x7F,0x00,0x00,0x00,0x00,0xFF,0x7F,0xFF,0x7F,0x00,0x00,0x00,0x00,0x00,0x00,
	0x00,0x00,0xFF,0x7F,0xFF,0x7F,0x00,0x00,0x00,0x00,0xFF,0x7F,0xFF,0x7F,0xFF,0x7F,
	0xFF,0x7F,0x00,0x00,0x00,0x00,0xFF,0x7F,0xFF,0x7F,0xFF,0x7F,0xFF,0x7F,0x00,0x00,
	0x00,0x00,0x00,0x00,0x00,0x00,0xFF,0x7F,0xFF,0x7F,0x00,0x00,0x00,0x00,0xFF,0x7F,
	0xFF,0x7F,0x00,0x00,0x00,0x00,0xFF,0x7F,0xFF,0x7F,0x00,0x00,0x00,0x00,0x00,0x00,
	0x00,0x00,0xFF,0x7F,0xFF,0x7F,0x00,0x00,0x00,0x00,0xFF,0x7F,0xFF,0x7F,0x00,0x00,

	0x00,0x00,0xFF,0x7F,0xFF,0x7F,0x00,0x00,0x00,0x00,0xFF,0x7F,0xFF,0x7F,0x00,0x00,
	0x00,0x00,0xFF,0x7F,0xFF,0x7F,0x00,0x00,0x00,0x00,0x5A,0x6B,0x5A,0x6B,0xFF,0x7F,
	0x00,0x00,0x9C,0x73,0x9C,0x73,0x9C,0x73,0x9C,0x73,0x9C,0x73,0x9C,0x73,0x9C,0x73,
	0xB5,0x56,0x9C,0x73,0x9C,0x73,0x9C,0x73,0x9C,0x73,0x9C,0x73,0x9C,0x73,0x9C,0x73,
	0x9C,0x73,0x9C,0x73,0x9C,0x73,0x9C,0x73,0x9C,0x73,0x9C,0x73,0x9C,0x73,0x9C,0x73,
	0x9C,0x73,0x9C,0x73,0x9C,0x73,0x9C,0x73,0x9C,0x73,0x9C,0x73,0x9C,0x73,0x9C,0x73,
	0xFF,0x7F,0xFF,0x7F,0xFF,0x7F,0xFF,0x7F,0xFF,0x7F,0xFF,0x7F,0xFF,0x7F,0xFF,0x7F,
	0xFF,0x7F,0xFF,0x7F,0xFF,0x7F,0xFF,0x7F,0xFF,0x7F,0xFF,0x7F,0xFF,0x7F,0xFF,0x7F,

	0xFF,0x7F,0xFF,0x7F,0xFF,0x7F,0xFF,0x7F,0xFF,0x7F,0xFF,0x7F,0xFF,0x7F,0xFF,0x7F,
	0xB5,0x56,0xFF,0x7F,0xFF,0x7F,0xFF,0x7F,0xFF,0x7F,0xFF,0x7F,0xFF,0x7F,0xFF,0x7F,
	0x00,0x00,0xFF,0x7F,0x5A,0x6B,0x5A,0x6B,0xFF,0x7F,0xFF,0x7F,0xFF,0x7F,0xFF,0x7F,
	0x00,0x00,0x00,0x00,0x00,0x00,0x00,0x00,0x00,0x00,0x00,0x00,0xFF,0x7F,0xFF,0x7F,
	0xFF,0x7F,0xFF,0x7F,0xFF,0x7F,0xFF,0x7F,0xFF,0x7F,0xFF,0x7F,0x00,0x00,0x00,0x00,
	0xFF,0x7F,0xFF,0x7F,0xFF,0x7F,0xFF,0x7F,0x00,0x00,0x00,0x00,0x00,0x00,0x00,0x00,
	0xFF,0x7F,0xFF,0x7F,0x00,0x00,0x00,0x00,0xFF,0x7F,0xFF,0x7F,0xFF,0x7F,0xFF,0x7F,
	0x00,0x00,0x00,0x00,0xFF,0x7F,0xFF,0x7F,0xFF,0x7F,0xFF,0x7F,0xFF,0x7F,0xFF,0x7F,

	0x00,0x00,0x00,0x00,0x00,0x00,0x00,0x00,0xFF,0x7F,0xFF,0x7F,0x00,0x00,0x00,0x00,
	0xFF,0x7F,0xFF,0x7F,0x00,0x00,0x00,0x00,0x00,0x00,0x00,0x00,0xFF,0x7F,0xFF,0x7F,
	0x00,0x00,0x00,0x00,0x00,0x00,0x00,0x00,0xFF,0x7F,0xFF,0x7F,0x00,0x00,0x00,0x00,
	0xFF,0x7F,0xFF,0x7F,0x00,0x00,0x00,0x00,0x00,0x00,0x00,0x00,0x5A,0x6B,0x5A,0x6B,
	0xFF,0x7F,0x00,0x00,0xFF,0x7F,0xFF,0x7F,0xFF,0x7F,0xFF,0x7F,0xFF,0x7F,0xFF,0x7F,
	0xB5,0x56,0xFF,0x7F,0xFF,0x7F,0xFF,0x7F,0xFF,0x7F,0xFF,0x7F,0xFF,0x7F,0x00,0x00,
	0xFF,0x7F,0x5A,0x6B,0x5A,0x6B,0xFF,0x7F,0xFF,0x7F,0xFF,0x7F,0xFF,0x7F,0xFF,0x7F,
	0xFF,0x7F,0x00,0x00,0x00,0x00,0xFF,0x7F,0xFF,0x7F,0x00,0x00,0x00,0x00,0xFF,0x7F,

	0xFF,0x7F,0x00,0x00,0x00,0x00,0xFF,0x7F,0xFF,0x7F,0x00,0x00,0x00,0x00,0x00,0x00,
	0x00,0x00,0xFF,0x7F,0xFF,0x7F,0x00,0x00,0x00,0x00,0xFF,0x7F,0xFF,0x7F,0xFF,0x7F,
	0xFF,0x7F,0x00,0x00,0x00,0x00,0xFF,0x7F,0xFF,0x7F,0xFF,0x7F,0xFF,0x7F,0x00,0x00,
	0x00,0x00,0x00,0x00,0x00,0x00,0xFF,0x7F,0xFF,0x7F,0x00,0x00,0x00,0x00,0xFF,0x7F,
	0xFF,0x7F,0x00,0x00,0x00,0x00,0xFF,0x7F,0xFF,0x7F,0x00,0x00,0x00,0x00,0x00,0x00,
	0x00,0x00,0xFF,0x7F,0xFF,0x7F,0x00,0x00,0x00,0x00,0xFF,0x7F,0xFF,0x7F,0x00,0x00,
	0x00,0x00,0xFF,0x7F,0xFF,0x7F,0x00,0x00,0x00,0x00,0xFF,0x7F,0xFF,0x7F,0x00,0x00,
	0x00,0x00,0xFF,0x7F,0xFF,0x7F,0x00,0x00,0x00,0x00,0x5A,0x6B,0x5A,0x6B,0xFF,0x7F,

	0x00,0x00,0xFF,0x7F,0xFF,0x7F,0xFF,0x7F,0xFF,0x7F,0xFF,0x7F,0xFF,0x7F,0xFF,0x7F,
	0xB5,0x56,0xFF,0x7F,0xFF,0x7F,0xFF,0x7F,0xFF,0x7F,0xFF,0x7F,0xFF,0x7F,0xFF,0x7F,
	0xFF,0x7F,0xFF,0x7F,0xFF,0x7F,0xFF,0x7F,0xFF,0x7F,0xFF,0x7F,0xFF,0x7F,0xFF,0x7F,
	0xFF,0x7F,0xFF,0x7F,0xFF,0x7F,0xFF,0x7F,0xFF,0x7F,0xFF,0x7F,0xFF,0x7F,0xFF,0x7F,
	0x9C,0x73,0x9C,0x73,0x9C,0x73,0x9C,0x73,0x9C,0x73,0x9C,0x73,0x9C,0x73,0x9C,0x73,
	0x9C,0x73,0x9C,0x73,0x9C,0x73,0x9C,0x73,0x9C,0x73,0x9C,0x73,0x9C,0x73,0x9C,0x73,
	0x9C,0x73,0x9C,0x73,0x9C,0x73,0x9C,0x73,0x9C,0x73,0x9C,0x73,0x9C,0x73,0x9C,0x73,
	0xB5,0x56,0x9C,0x73,0x9C,0x73,0x9C,0x73,0x9C,0x73,0x9C,0x73,0x9C,0x73,0x9C,0x73,

	0x00,0x00,0xFF,0x7F,0x5A,0x6B,0x5A,0x6B,0xFF,0x7F,0xFF,0x7F,0xFF,0x7F,0xFF,0x7F,
	0xFF,0x7F,0xFF,0x7F,0xFF,0x7F,0xFF,0x7F,0x00,0x00,0x00,0x00,0x00,0x00,0x00,0x00,
	0x00,0x00,0x00,0x00,0x00,0x00,0x00,0x00,0x00,0x00,0x00,0x00,0xFF,0x7F,0xFF,0x7F,
	0xFF,0x7F,0xFF,0x7F,0x00,0x00,0x00,0x00,0x00,0x00,0x00,0x00,0xFF,0x7F,0xFF,0x7F,
	0xFF,0x7F,0xFF,0x7F,0x00,0x00,0x00,0x00,0xFF,0x7F,0xFF,0x7F,0x00,0x00,0x00,0x00,
	0x00,0x00,0x00,0x00,0xFF,0x7F,0xFF,0x7F,0x00,0x00,0x00,0x00,0x00,0x00,0x00,0x00,
	0x00,0x00,0x00,0x00,0xFF,0x7F,0xFF,0x7F,0xFF,0x7F,0xFF,0x7F,0xFF,0x7F,0xFF,0x7F,
	0x00,0x00,0x00,0x00,0x00,0x00,0x00,0x00,0x00,0x00,0x00,0x00,0xFF,0x7F,0xFF,0x7F,

	0xFF,0x7F,0xFF,0x7F,0xFF,0x7F,0xFF,0x7F,0xFF,0x7F,0xFF,0x7F,0xFF,0x7F,0xFF,0x7F,
	0x00,0x00,0x00,0x00,0x00,0x00,0x00,0x00,0x00,0x00,0x00,0x00,0x5A,0x6B,0x5A,0x6B,
	0xFF,0x7F,0x00,0x00,0x9C,0x73,0x9C,0x73,0x9C,0x73,0x9C,0x73,0x9C,0x73,0x9C,0x73,
	0xB5,0x56,0x9C,0x73,0x9C,0x73,0x9C,0x73,0x9C,0x73,0x9C,0x73,0x9C,0x73,0x00,0x00,
	0xFF,0x7F,0x5A,0x6B,0x5A,0x6B,0x00,0x00,0x00,0x00,0x00,0x00,0x00,0x00,0x00,0x00,
	0x00,0x00,0x00,0x00,0x00,0x00,0xFF,0x7F,0xFF,0x7F,0xFF,0x7F,0xFF,0x7F,0x00,0x00,
	0x00,0x00,0x00,0x00,0x00,0x00,0x00,0x00,0x00,0x00,0x00,0x00,0x00,0x00,0xFF,0x7F,
	0xFF,0x7F,0x00,0x00,0x00,0x00,0xFF,0x7F,0xFF,0x7F,0xFF,0x7F,0xFF,0x7F,0x00,0x00,

	0x00,0x00,0x00,0x00,0x00,0x00,0xFF,0x7F,0xFF,0x7F,0xFF,0x7F,0xFF,0x7F,0xFF,0x7F,
	0xFF,0x7F,0x00,0x00,0x00,0x00,0xFF,0x7F,0xFF,0x7F,0xFF,0x7F,0xFF,0x7F,0xFF,0x7F,
	0xFF,0x7F,0xFF,0x7F,0xFF,0x7F,0xFF,0x7F,0xFF,0x7F,0xFF,0x7F,0xFF,0x7F,0xFF,0x7F,
	0xFF,0x7F,0xFF,0x7F,0xFF,0x7F,0xFF,0x7F,0xFF,0x7F,0x00,0x00,0x00,0x00,0x00,0x00,
	0x00,0x00,0xFF,0x7F,0xFF,0x7F,0xFF,0x7F,0xFF,0x7F,0xFF,0x7F,0xFF,0x7F,0xFF,0x7F,
	0xFF,0x7F,0x00,0x00,0x00,0x00,0x00,0x00,0x00,0x00,0x5A,0x6B,0x5A,0x6B,0xFF,0x7F,
	0x00,0x00,0x9C,0x73,0x9C,0x73,0x9C,0x73,0x9C,0x73,0x9C,0x73,0x9C,0x73,0x9C,0x73,
	0xB5,0x56,0x9C,0x73,0x9C,0x73,0x9C,0x73,0x9C,0x73,0x9C,0x73,0x9C,0x73,0x9C,0x73,

	0x9C,0x73,0x9C,0x73,0x9C,0x73,0x9C,0x73,0x9C,0x73,0x9C,0x73,0x9C,0x73,0x9C,0x73,
	0x9C,0x73,0x9C,0x73,0x9C,0x73,0x9C,0x73,0x9C,0x73,0x9C,0x73,0x9C,0x73,0x9C,0x73,
	0xFF,0x7F,0xFF,0x7F,0xFF,0x7F,0xFF,0x7F,0xFF,0x7F,0xFF,0x7F,0xFF,0x7F,0xFF,0x7F,
	0xFF,0x7F,0xFF,0x7F,0xFF,0x7F,0xFF,0x7F,0xFF,0x7F,0xFF,0x7F,0xFF,0x7F,0xFF,0x7F,
	0xFF,0x7F,0xFF,0x7F,0xFF,0x7F,0xFF,0x7F,0xFF,0x7F,0xFF,0x7F,0xFF,0x7F,0xFF,0x7F,
	0xB5,0x56,0xFF,0x7F,0xFF,0x7F,0xFF,0x7F,0xFF,0x7F,0xFF,0x7F,0xFF,0x7F,0xFF,0x7F,
	0x00,0x00,0xFF,0x7F,0x5A,0x6B,0x5A,0x6B,0xFF,0x7F,0xFF,0x7F,0xFF,0x7F,0xFF,0x7F,
	0xFF,0x7F,0xFF,0x7F,0xFF,0x7F,0xFF,0x7F,0x00,0x00,0x00,0x00,0x00,0x00,0x00,0x00,

	0x00,0x00,0x00,0x00,0x00,0x00,0x00,0x00,0x00,0x00,0x00,0x00,0xFF,0x7F,0xFF,0x7F,
	0xFF,0x7F,0xFF,0x7F,0x00,0x00,0x00,0x00,0x00,0x00,0x00,0x00,0xFF,0x7F,0xFF,0x7F,
	0xFF,0x7F,0xFF,0x7F,0x00,0x00,0x00,0x00,0xFF,0x7F,0xFF,0x7F,0x00,0x00,0x00,0x00,
	0x00,0x00,0x00,0x00,0xFF,0x7F,0xFF,0x7F,0x00,0x00,0x00,0x00,0x00,0x00,0x00,0x00,
	0x00,0x00,0x00,0x00,0xFF,0x7F,0xFF,0x7F,0xFF,0x7F,0xFF,0x7F,0xFF,0x7F,0xFF,0x7F,
	0x00,0x00,0x00,0x00,0x00,0x00,0x00,0x00,0x00,0x00,0x00,0x00,0xFF,0x7F,0xFF,0x7F,
	0xFF,0x7F,0xFF,0x7F,0xFF,0x7F,0xFF,0x7F,0xFF,0x7F,0xFF,0x7F,0xFF,0x7F,0xFF,0x7F,
	0x00,0x00,0x00,0x00,0x00,0x00,0x00,0x00,0x00,0x00,0x00,0x00,0x5A,0x6B,0x5A,0x6B,

	0xFF,0x7F,0x00,0x00,0xFF,0x7F,0xFF,0x7F,0xFF,0x7F,0xFF,0x7F,0xFF,0x7F,0xFF,0x7F,
	0xB5,0x56,0xFF,0x7F,0xFF,0x7F,0xFF,0x7F,0xFF,0x7F,0xFF,0x7F,0xFF,0x7F,0x00,0x00,
	0xFF,0x7F,0x5A,0x6B,0x5A,0x6B,0x00,0x00,0x00,0x00,0x00,0x00,0x00,0x00,0x00,0x00,
	0x00,0x00,0x00,0x00,0x00,0x00,0xFF,0x7F,0xFF,0x7F,0xFF,0x7F,0xFF,0x7F,0x00,0x00,
	0x00,0x00,0x00,0x00,0x00,0x00,0x00,0x00,0x00,0x00,0x00,0x00,0x00,0x00,0xFF,0x7F,
	0xFF,0x7F,0x00,0x00,0x00,0x00,0xFF,0x7F,0xFF,0x7F,0xFF,0x7F,0xFF,0x7F,0x00,0x00,
	0x00,0x00,0x00,0x00,0x00,0x00,0xFF,0x7F,0xFF,0x7F,0xFF,0x7F,0xFF,0x7F,0xFF,0x7F,
	0xFF,0x7F,0x00,0x00,0x00,0x00,0xFF,0x7F,0xFF,0x7F,0xFF,0x7F,0xFF,0x7F,0xFF,0x7F,

	0xFF,0x7F,0xFF,0x7F,0xFF,0x7F,0xFF,0x7F,0xFF,0x7F,0xFF,0x7F,0xFF,0x7F,0xFF,0x7F,
	0xFF,0x7F,0xFF,0x7F,0xFF,0x7F,0xFF,0x7F,0xFF,0x7F,0x00,0x00,0x00,0x00,0x00,0x00,
	0x00,0x00,0xFF,0x7F,0xFF,0x7F,0xFF,0x7F,0xFF,0x7F,0xFF,0x7F,0xFF,0x7F,0xFF,0x7F,
	0xFF,0x7F,0x00,0x00,0x00,0x00,0x00,0x00,0x00,0x00,0x5A,0x6B,0x5A,0x6B,0xFF,0x7F,
	0x00,0x00,0xFF,0x7F,0xFF,0x7F,0xFF,0x7F,0xFF,0x7F,0xFF,0x7F,0xFF,0x7F,0xFF,0x7F,
	0xB5,0x56,0xFF,0x7F,0xFF,0x7F,0xFF,0x7F,0xFF,0x7F,0xFF,0x7F,0xFF,0x7F,0xFF,0x7F,
	0xFF,0x7F,0xFF,0x7F,0xFF,0x7F,0xFF,0x7F,0xFF,0x7F,0xFF,0x7F,0xFF,0x7F,0xFF,0x7F,
	0xFF,0x7F,0xFF,0x7F,0xFF,0x7F,0xFF,0x7F,0xFF,0x7F,0xFF,0x7F,0xFF,0x7F,0xFF,0x7F,

	0x9C,0x73,0x9C,0x73,0x9C,0x73,0x9C,0x73,0x9C,0x73,0x9C,0x73,0x9C,0x73,0x9C,0x73,
	0x9C,0x73,0x9C,0x73,0x9C,0x73,0x9C,0x73,0x9C,0x73,0x9C,0x73,0x9C,0x73,0x9C,0x73,
	0x9C,0x73,0x9C,0x73,0x9C,0x73,0x9C,0x73,0x9C,0x73,0x9C,0x73,0x9C,0x73,0x9C,0x73,
	0xB5,0x56,0x9C,0x73,0x9C,0x73,0x9C,0x73,0x9C,0x73,0x9C,0x73,0x9C,0x73,0x9C,0x73,
	0x00,0x00,0xFF,0x7F,0x5A,0x6B,0x5A,0x6B,0xFF,0x7F,0xFF,0x7F,0x00,0x00,0x00,0x00,
	0xFF,0x7F,0xFF,0x7F,0x00,0x00,0x00,0x00,0x00,0x00,0x00,0x00,0xFF,0x7F,0xFF,0x7F,
	0xFF,0x7F,0xFF,0x7F,0x00,0x00,0x00,0x00,0xFF,0x7F,0xFF,0x7F,0xFF,0x7F,0xFF,0x7F,
	0x00,0x00,0x00,0x00,0xFF,0x7F,0xFF,0x7F,0x00,0x00,0x00,0x00,0xFF,0x7F,0xFF,0x7F,

	0xFF,0x7F,0xFF,0x7F,0xFF,0x7F,0xFF,0x7F,0x00,0x00,0x00,0x00,0x00,0x00,0x00,0x00,
	0xFF,0x7F,0xFF,0x7F,0xFF,0x7F,0xFF,0x7F,0xFF,0x7F,0xFF,0x7F,0xFF,0x7F,0xFF,0x7F,
	0xFF,0x7F,0xFF,0x7F,0x00,0x00,0x00,0x00,0x00,0x00,0x00,0x00,0xFF,0x7F,0xFF,0x7F,
	0xFF,0x7F,0xFF,0x7F,0x00,0x00,0x00,0x00,0x00,0x00,0x00,0x00,0xFF,0x7F,0xFF,0x7F,
	0xFF,0x7F,0xFF,0x7F,0x00,0x00,0x00,0x00,0x00,0x00,0x00,0x00,0x00,0x00,0x00,0x00,
	0xFF,0x7F,0xFF,0x7F,0x00,0x00,0x00,0x00,0xFF,0x7F,0xFF,0x7F,0x5A,0x6B,0x5A,0x6B,
	0xFF,0x7F,0x00,0x00,0x9C,0x73,0x9C,0x73,0x9C,0x73,0x9C,0x73,0x9C,0x73,0x9C,0x73,
	0xB5,0x56,0x9C,0x73,0x9C,0x73,0x9C,0x73,0x9C,0x73,0x9C,0x73,0x9C,0x73,0x00,0x00,

	0xFF,0x7F,0x5A,0x6B,0x5A,0x6B,0x00,0x00,0x00,0x00,0x00,0x00,0x00,0x00,0xFF,0x7F,
	0xFF,0x7F,0xFF,0x7F,0xFF,0x7F,0xFF,0x7F,0xFF,0x7F,0xFF,0x7F,0xFF,0x7F,0xFF,0x7F,
	0xFF,0x7F,0xFF,0x7F,0xFF,0x7F,0x00,0x00,0x00,0x00,0x00,0x00,0x00,0x00,0x00,0x00,
	0x00,0x00,0xFF,0x7F,0xFF,0x7F,0x00,0x00,0x00,0x00,0xFF,0x7F,0xFF,0x7F,0x00,0x00,
	0x00,0x00,0xFF,0x7F,0xFF,0x7F,0x00,0x00,0x00,0x00,0xFF,0x7F,0xFF,0x7F,0x00,0x00,
	0x00,0x00,0x00,0x00,0x00,0x00,0xFF,0x7F,0xFF,0x7F,0xFF,0x7F,0xFF,0x7F,0xFF,0x7F,
	0xFF,0x7F,0xFF,0x7F,0xFF,0x7F,0xFF,0x7F,0xFF,0x7F,0xFF,0x7F,0xFF,0x7F,0x00,0x00,
	0x00,0x00,0x00,0x00,0x00,0x00,0x00,0x00,0x00,0x00,0xFF,0x7F,0xFF,0x7F,0xFF,0x7F,

	0xFF,0x7F,0xFF,0x7F,0xFF,0x7F,0x00,0x00,0x00,0x00,0xFF,0x7F,0xFF,0x7F,0x00,0x00,
	0x00,0x00,0xFF,0x7F,0xFF,0x7F,0xFF,0x7F,0xFF,0x7F,0x5A,0x6B,0x5A,0x6B,0xFF,0x7F,
	0x00,0x00,0x9C,0x73,0x9C,0x73,0x9C,0x73,0x9C,0x73,0x9C,0x73,0x9C,0x73,0x9C,0x73,
	0xB5,0x56,0x9C,0x73,0x9C,0x73,0x9C,0x73,0x9C,0x73,0x9C,0x73,0x9C,0x73,0x9C,0x73,
	0x9C,0x73,0x9C,0x73,0x9C,0x73,0x9C,0x73,0x9C,0x73,0x9C,0x73,0x9C,0x73,0x9C,0x73,
	0x9C,0x73,0x9C,0x73,0x9C,0x73,0x9C,0x73,0x9C,0x73,0x9C,0x73,0x9C,0x73,0x9C,0x73,
	0xFF,0x7F,0xFF,0x7F,0xFF,0x7F,0xFF,0x7F,0xFF,0x7F,0xFF,0x7F,0xFF,0x7F,0xFF,0x7F,
	0xFF,0x7F,0xFF,0x7F,0xFF,0x7F,0xFF,0x7F,0xFF,0x7F,0xFF,0x7F,0xFF,0x7F,0xFF,0x7F,

	0xFF,0x7F,0xFF,0x7F,0xFF,0x7F,0xFF,0x7F,0xFF,0x7F,0xFF,0x7F,0xFF,0x7F,0xFF,0x7F,
	0xB5,0x56,0xFF,0x7F,0xFF,0x7F,0xFF,0x7F,0xFF,0x7F,0xFF,0x7F,0xFF,0x7F,0xFF,0x7F,
	0x00,0x00,0xFF,0x7F,0x5A,0x6B,0x5A,0x6B,0xFF,0x7F,0xFF,0x7F,0x00,0x00,0x00,0x00,
	0xFF,0x7F,0xFF,0x7F,0x00,0x00,0x00,0x00,0x00,0x00,0x00,0x00,0xFF,0x7F,0xFF,0x7F,
	0xFF,0x7F,0xFF,0x7F,0x00,0x00,0x00,0x00,0xFF,0x7F,0xFF,0x7F,0xFF,0x7F,0xFF,0x7F,
	0x00,0x00,0x00,0x00,0xFF,0x7F,0xFF,0x7F,0x00,0x00,0x00,0x00,0xFF,0x7F,0xFF,0x7F,
	0xFF,0x7F,0xFF,0x7F,0xFF,0x7F,0xFF,0x7F,0x00,0x00,0x00,0x00,0x00,0x00,0x00,0x00,
	0xFF,0x7F,0xFF,0x7F,0xFF,0x7F,0xFF,0x7F,0xFF,0x7F,0xFF,0x7F,0xFF,0x7F,0xFF,0x7F,

	0xFF,0x7F,0xFF,0x7F,0x00,0x00,0x00,0x00,0x00,0x00,0x00,0x00,0xFF,0x7F,0xFF,0x7F,
	0xFF,0x7F,0xFF,0x7F,0x00,0x00,0x00,0x00,0x00,0x00,0x00,0x00,0xFF,0x7F,0xFF,0x7F,
	0xFF,0x7F,0xFF,0x7F,0x00,0x00,0x00,0x00,0x00,0x00,0x00,0x00,0x00,0x00,0x00,0x00,
	0xFF,0x7F,0xFF,0x7F,0x00,0x00,0x00,0x00,0xFF,0x7F,0xFF,0x7F,0x5A,0x6B,0x5A,0x6B,
	0xFF,0x7F,0x00,0x00,0xFF,0x7F,0xFF,0x7F,0xFF,0x7F,0xFF,0x7F,0xFF,0x7F,0xFF,0x7F,
	0xB5,0x56,0xFF,0x7F,0xFF,0x7F,0xFF,0x7F,0xFF,0x7F,0xFF,0x7F,0xFF,0x7F,0x00,0x00,
	0xFF,0x7F,0x5A,0x6B,0x5A,0x6B,0x00,0x00,0x00,0x00,0x00,0x00,0x00,0x00,0xFF,0x7F,
	0xFF,0x7F,0xFF,0x7F,0xFF,0x7F,0xFF,0x7F,0xFF,0x7F,0xFF,0x7F,0xFF,0x7F,0xFF,0x7F,

	0xFF,0x7F,0xFF,0x7F,0xFF,0x7F,0x00,0x00,0x00,0x00,0x00,0x00,0x00,0x00,0x00,0x00,
	0x00,0x00,0xFF,0x7F,0xFF,0x7F,0x00,0x00,0x00,0x00,0xFF,0x7F,0xFF,0x7F,0x00,0x00,
	0x00,0x00,0xFF,0x7F,0xFF,0x7F,0x00,0x00,0x00,0x00,0xFF,0x7F,0xFF,0x7F,0x00,0x00,
	0x00,0x00,0x00,0x00,0x00,0x00,0xFF,0x7F,0xFF,0x7F,0xFF,0x7F,0xFF,0x7F,0xFF,0x7F,
	0xFF,0x7F,0xFF,0x7F,0xFF,0x7F,0xFF,0x7F,0xFF,0x7F,0xFF,0x7F,0xFF,0x7F,0x00,0x00,
	0x00,0x00,0x00,0x00,0x00,0x00,0x00,0x00,0x00,0x00,0xFF,0x7F,0xFF,0x7F,0xFF,0x7F,
	0xFF,0x7F,0xFF,0x7F,0xFF,0x7F,0x00,0x00,0x00,0x00,0xFF,0x7F,0xFF,0x7F,0x00,0x00,
	0x00,0x00,0xFF,0x7F,0xFF,0x7F,0xFF,0x7F,0xFF,0x7F,0x5A,0x6B,0x5A,0x6B,0xFF,0x7F,

	0x00,0x00,0xFF,0x7F,0xFF,0x7F,0xFF,0x7F,0xFF,0x7F,0xFF,0x7F,0xFF,0x7F,0xFF,0x7F,
	0xB5,0x56,0xFF,0x7F,0xFF,0x7F,0xFF,0x7F,0xFF,0x7F,0xFF,0x7F,0xFF,0x7F,0xFF,0x7F,
	0xFF,0x7F,0xFF,0x7F,0xFF,0x7F,0xFF,0x7F,0xFF,0x7F,0xFF,0x7F,0xFF,0x7F,0xFF,0x7F,
	0xFF,0x7F,0xFF,0x7F,0xFF,0x7F,0xFF,0x7F,0xFF,0x7F,0xFF,0x7F,0xFF,0x7F,0xFF,0x7F,
	0x9C,0x73,0x9C,0x73,0x9C,0x73,0x9C,0x73,0x9C,0x73,0x9C,0x73,0x9C,0x73,0x9C,0x73,
	0x9C,0x73,0x9C,0x73,0x9C,0x73,0x9C,0x73,0x9C,0x73,0x9C,0x73,0x9C,0x73,0x9C,0x73,
	0x9C,0x73,0x9C,0x73,0x9C,0x73,0x9C,0x73,0x9C,0x73,0x9C,0x73,0x9C,0x73,0x9C,0x73,
	0xB5,0x56,0x9C,0x73,0x9C,0x73,0x9C,0x73,0x9C,0x73,0x9C,0x73,0x9C,0x73,0x9C,0x73,

	0x00,0x00,0xFF,0x7F,0x5A,0x6B,0x5A,0x6B,0x00,0x00,0x00,0x00,0xFF,0x7F,0xFF,0x7F,
	0x00,0x00,0x00,0x00,0xFF,0x7F,0xFF,0x7F,0x00,0x00,0x00,0x00,0x00,0x00,0x00,0x00,
	0x00,0x00,0x00,0x00,0x00,0x00,0x00,0x00,0x00,0x00,0x00,0x00,0xFF,0x7F,0xFF,0x7F,
	0xFF,0x7F,0xFF,0x7F,0x00,0x00,0x00,0x00,0x00,0x00,0x00,0x00,0x00,0x00,0x00,0x00,
	0xFF,0x7F,0xFF,0x7F,0xFF,0x7F,0xFF,0x7F,0x00,0x00,0x00,0x00,0x00,0x00,0x00,0x00,
	0xFF,0x7F,0xFF,0x7F,0x00,0x00,0x00,0x00,0xFF,0x7F,0xFF,0x7F,0xFF,0x7F,0xFF,0x7F,
	0xFF,0x7F,0xFF,0x7F,0xFF,0x7F,0xFF,0x7F,0xFF,0x7F,0xFF,0x7F,0xFF,0x7F,0xFF,0x7F,
	0xFF,0x7F,0xFF,0x7F,0x00,0x00,0x00,0x00,0x00,0x00,0x00,0x00,0x00,0x00,0x00,0x00,

	0xFF,0x7F,0xFF,0x7F,0xFF,0x7F,0xFF,0x7F,0x00,0x00,0x00,0x00,0xFF,0x7F,0xFF,0x7F,
	0xFF,0x7F,0xFF,0x7F,0x00,0x00,0x00,0x00,0xFF,0x7F,0xFF,0x7F,0x5A,0x6B,0x5A,0x6B,
	0xFF,0x7F,0x00,0x00,0x9C,0x73,0x9C,0x73,0x9C,0x73,0x9C,0x73,0x9C,0x73,0x9C,0x73,
	0xB5,0x56,0x9C,0x73,0x9C,0x73,0x9C,0x73,0x9C,0x73,0x9C,0x73,0x9C,0x73,0x00,0x00,
	0xFF,0x7F,0x5A,0x6B,0x5A,0x6B,0xFF,0x7F,0xFF,0x7F,0xFF,0x7F,0xFF,0x7F,0xFF,0x7F,
	0xFF,0x7F,0x00,0x00,0x00,0x00,0x00,0x00,0x00,0x00,0x00,0x00,0x00,0x00,0x00,0x00,
	0x00,0x00,0xFF,0x7F,0xFF,0x7F,0x00,0x00,0x00,0x00,0xFF,0x7F,0xFF,0x7F,0xFF,0x7F,
	0xFF,0x7F,0x00,0x00,0x00,0x00,0xFF,0x7F,0xFF,0x7F,0xFF,0x7F,0xFF,0x7F,0xFF,0x7F,

	0xFF,0x7F,0xFF,0x7F,0xFF,0x7F,0xFF,0x7F,0xFF,0x7F,0xFF,0x7F,0xFF,0x7F,0x00,0x00,
	0x00,0x00,0xFF,0x7F,0xFF,0x7F,0x00,0x00,0x00,0x00,0xFF,0x7F,0xFF,0x7F,0xFF,0x7F,
	0xFF,0x7F,0x00,0x00,0x00,0x00,0xFF,0x7F,0xFF,0x7F,0x00,0x00,0x00,0x00,0xFF,0x7F,
	0xFF,0x7F,0xFF,0x7F,0xFF,0x7F,0x00,0x00,0x00,0x00,0xFF,0x7F,0xFF,0x7F,0x00,0x00,
	0x00,0x00,0x00,0x00,0x00,0x00,0x00,0x00,0x00,0x00,0xFF,0x7F,0xFF,0x7F,0xFF,0x7F,
	0xFF,0x7F,0xFF,0x7F,0xFF,0x7F,0x00,0x00,0x00,0x00,0x5A,0x6B,0x5A,0x6B,0xFF,0x7F,
	0x00,0x00,0x9C,0x73,0x9C,0x73,0x9C,0x73,0x9C,0x73,0x9C,0x73,0x9C,0x73,0x9C,0x73,
	0xB5,0x56,0x9C,0x73,0x9C,0x73,0x9C,0x73,0x9C,0x73,0x9C,0x73,0x9C,0x73,0x9C,0x73,

	0x9C,0x73,0x9C,0x73,0x9C,0x73,0x9C,0x73,0x9C,0x73,0x9C,0x73,0x9C,0x73,0x9C,0x73,
	0x9C,0x73,0x9C,0x73,0x9C,0x73,0x9C,0x73,0x9C,0x73,0x9C,0x73,0x9C,0x73,0x9C,0x73,
	0xFF,0x7F,0xFF,0x7F,0xFF,0x7F,0xFF,0x7F,0xFF,0x7F,0xFF,0x7F,0xFF,0x7F,0xFF,0x7F,
	0xFF,0x7F,0xFF,0x7F,0xFF,0x7F,0xFF,0x7F,0xFF,0x7F,0xFF,0x7F,0xFF,0x7F,0xFF,0x7F,
	0xFF,0x7F,0xFF,0x7F,0xFF,0x7F,0xFF,0x7F,0xFF,0x7F,0xFF,0x7F,0xFF,0x7F,0xFF,0x7F,
	0xB5,0x56,0xFF,0x7F,0xFF,0x7F,0xFF,0x7F,0xFF,0x7F,0xFF,0x7F,0xFF,0x7F,0xFF,0x7F,
	0x00,0x00,0xFF,0x7F,0x5A,0x6B,0x5A,0x6B,0x00,0x00,0x00,0x00,0xFF,0x7F,0xFF,0x7F,
	0x00,0x00,0x00,0x00,0xFF,0x7F,0xFF,0x7F,0x00,0x00,0x00,0x00,0x00,0x00,0x00,0x00,

	0x00,0x00,0x00,0x00,0x00,0x00,0x00,0x00,0x00,0x00,0x00,0x00,0xFF,0x7F,0xFF,0x7F,
	0xFF,0x7F,0xFF,0x7F,0x00,0x00,0x00,0x00,0x00,0x00,0x00,0x00,0x00,0x00,0x00,0x00,
	0xFF,0x7F,0xFF,0x7F,0xFF,0x7F,0xFF,0x7F,0x00,0x00,0x00,0x00,0x00,0x00,0x00,0x00,
	0xFF,0x7F,0xFF,0x7F,0x00,0x00,0x00,0x00,0xFF,0x7F,0xFF,0x7F,0xFF,0x7F,0xFF,0x7F,
	0xFF,0x7F,0xFF,0x7F,0xFF,0x7F,0xFF,0x7F,0xFF,0x7F,0xFF,0x7F,0xFF,0x7F,0xFF,0x7F,
	0xFF,0x7F,0xFF,0x7F,0x00,0x00,0x00,0x00,0x00,0x00,0x00,0x00,0x00,0x00,0x00,0x00,
	0xFF,0x7F,0xFF,0x7F,0xFF,0x7F,0xFF,0x7F,0x00,0x00,0x00,0x00,0xFF,0x7F,0xFF,0x7F,
	0xFF,0x7F,0xFF,0x7F,0x00,0x00,0x00,0x00,0xFF,0x7F,0xFF,0x7F,0x5A,0x6B,0x5A,0x6B,

	0xFF,0x7F,0x00,0x00,0xFF,0x7F,0xFF,0x7F,0xFF,0x7F,0xFF,0x7F,0xFF,0x7F,0xFF,0x7F,
	0xB5,0x56,0xFF,0x7F,0xFF,0x7F,0xFF,0x7F,0xFF,0x7F,0xFF,0x7F,0xFF,0x7F,0x00,0x00,
	0xFF,0x7F,0x5A,0x6B,0x5A,0x6B,0xFF,0x7F,0xFF,0x7F,0xFF,0x7F,0xFF,0x7F,0xFF,0x7F,
	0xFF,0x7F,0x00,0x00,0x00,0x00,0x00,0x00,0x00,0x00,0x00,0x00,0x00,0x00,0x00,0x00,
	0x00,0x00,0xFF,0x7F,0xFF,0x7F,0x00,0x00,0x00,0x00,0xFF,0x7F,0xFF,0x7F,0xFF,0x7F,
	0xFF,0x7F,0x00,0x00,0x00,0x00,0xFF,0x7F,0xFF,0x7F,0xFF,0x7F,0xFF,0x7F,0xFF,0x7F,
	0xFF,0x7F,0xFF,0x7F,0xFF,0x7F,0xFF,0x7F,0xFF,0x7F,0xFF,0x7F,0xFF,0x7F,0x00,0x00,
	0x00,0x00,0xFF,0x7F,0xFF,0x7F,0x00,0x00,0x00,0x00,0xFF,0x7F,0xFF,0x7F,0xFF,0x7F,

	0xFF,0x7F,0x00,0x00,0x00,0x00,0xFF,0x7F,0xFF,0x7F,0x00,0x00,0x00,0x00,0xFF,0x7F,
	0xFF,0x7F,0xFF,0x7F,0xFF,0x7F,0x00,0x00,0x00,0x00,0xFF,0x7F,0xFF,0x7F,0x00,0x00,
	0x00,0x00,0x00,0x00,0x00,0x00,0x00,0x00,0x00,0x00,0xFF,0x7F,0xFF,0x7F,0xFF,0x7F,
	0xFF,0x7F,0xFF,0x7F,0xFF,0x7F,0x00,0x00,0x00,0x00,0x5A,0x6B,0x5A,0x6B,0xFF,0x7F,
	0x00,0x00,0xFF,0x7F,0xFF,0x7F,0xFF,0x7F,0xFF,0x7F,0xFF,0x7F,0xFF,0x7F,0xFF,0x7F,
	0xB5,0x56,0xFF,0x7F,0xFF,0x7F,0xFF,0x7F,0xFF,0x7F,0xFF,0x7F,0xFF,0x7F,0xFF,0x7F,
	0xFF,0x7F,0xFF,0x7F,0xFF,0x7F,0xFF,0x7F,0xFF,0x7F,0xFF,0x7F,0xFF,0x7F,0xFF,0x7F,
	0xFF,0x7F,0xFF,0x7F,0xFF,0x7F,0xFF,0x7F,0xFF,0x7F,0xFF,0x7F,0xFF,0x7F,0xFF,0x7F,

	0x9C,0x73,0x9C,0x73,0x9C,0x73,0x9C,0x73,0x9C,0x73,0x9C,0x73,0x9C,0x73,0x9C,0x73,
	0x9C,0x73,0x9C,0x73,0x9C,0x73,0x9C,0x73,0x9C,0x73,0x9C,0x73,0x9C,0x73,0x9C,0x73,
	0x9C,0x73,0x9C,0x73,0x9C,0x73,0x9C,0x73,0x9C,0x73,0x9C,0x73,0x9C,0x73,0x9C,0x73,
	0xB5,0x56,0x9C,0x73,0x9C,0x73,0x9C,0x73,0x9C,0x73,0x9C,0x73,0x9C,0x73,0x9C,0x73,
	0x00,0x00,0xFF,0x7F,0x5A,0x6B,0x5A,0x6B,0x00,0x00,0x00,0x00,0x00,0x00,0x00,0x00,
	0xFF,0x7F,0xFF,0x7F,0x00,0x00,0x00,0x00,0xFF,0x7F,0xFF,0x7F,0x00,0x00,0x00,0x00,
	0xFF,0x7F,0xFF,0x7F,0xFF,0x7F,0xFF,0x7F,0x00,0x00,0x00,0x00,0xFF,0x7F,0xFF,0x7F,
	0xFF,0x7F,0xFF,0x7F,0xFF,0x7F,0xFF,0x7F,0x00,0x00,0x00,0x00,0x00,0x00,0x00,0x00,

	0x00,0x00,0x00,0x00,0xFF,0x7F,0xFF,0x7F,0x00,0x00,0x00,0x00,0xFF,0x7F,0xFF,0x7F,
	0xFF,0x7F,0xFF,0x7F,0x00,0x00,0x00,0x00,0x00,0x00,0x00,0x00,0x00,0x00,0x00,0x00,
	0x00,0x00,0x00,0x00,0x00,0x00,0x00,0x00,0xFF,0x7F,0xFF,0x7F,0x00,0x00,0x00,0x00,
	0xFF,0x7F,0xFF,0x7F,0xFF,0x7F,0xFF,0x7F,0x00,0x00,0x00,0x00,0x00,0x00,0x00,0x00,
	0xFF,0x7F,0xFF,0x7F,0x00,0x00,0x00,0x00,0xFF,0x7F,0xFF,0x7F,0xFF,0x7F,0xFF,0x7F,
	0xFF,0x7F,0xFF,0x7F,0x00,0x00,0x00,0x00,0xFF,0x7F,0xFF,0x7F,0x5A,0x6B,0x5A,0x6B,
	0xFF,0x7F,0x00,0x00,0x9C,0x73,0x9C,0x73,0x9C,0x73,0x9C,0x73,0x9C,0x73,0x9C,0x73,
	0xB5,0x56,0x9C,0x73,0x9C,0x73,0x9C,0x73,0x9C,0x73,0x9C,0x73,0x9C,0x73,0x00,0x00,

	0xFF,0x7F,0x5A,0x6B,0x5A,0x6B,0xFF,0x7F,0xFF,0x7F,0x00,0x00,0x00,0x00,0xFF,0x7F,
	0xFF,0x7F,0x00,0x00,0x00,0x00,0x00,0x00,0x00,0x00,0x00,0x00,0x00,0x00,0xFF,0x7F,
	0xFF,0x7F,0xFF,0x7F,0xFF,0x7F,0x00,0x00,0x00,0x00,0x00,0x00,0x00,0x00,0x00,0x00,
	0x00,0x00,0xFF,0x7F,0xFF,0x7F,0xFF,0x7F,0xFF,0x7F,0xFF,0x7F,0xFF,0x7F,0x00,0x00,
	0x00,0x00,0x00,0x00,0x00,0x00,0x00,0x00,0x00,0x00,0x00,0x00,0x00,0x00,0x00,0x00,
	0x00,0x00,0xFF,0x7F,0xFF,0x7F,0x00,0x00,0x00,0x00,0xFF,0x7F,0xFF,0x7F,0x00,0x00,
	0x00,0x00,0xFF,0x7F,0xFF,0x7F,0xFF,0x7F,0xFF,0x7F,0xFF,0x7F,0xFF,0x7F,0xFF,0x7F,
	0xFF,0x7F,0xFF,0x7F,0xFF,0x7F,0xFF,0x7F,0xFF,0x7F,0x00,0x00,0x00,0x00,0x00,0x00,

	0x00,0x00,0xFF,0x7F,0xFF,0x7F,0xFF,0x7F,0xFF,0x7F,0xFF,0x7F,0xFF,0x7F,0x00,0x00,
	0x00,0x00,0x00,0x00,0x00,0x00,0x00,0x00,0x00,0x00,0x5A,0x6B,0x5A,0x6B,0xFF,0x7F,
	0x00,0x00,0x9C,0x73,0x9C,0x73,0x9C,0x73,0x9C,0x73,0x9C,0x73,0x9C,0x73,0x9C,0x73,
	0xB5,0x56,0x9C,0x73,0x9C,0x73,0x9C,0x73,0x9C,0x73,0x9C,0x73,0x9C,0x73,0x9C,0x73,
	0x9C,0x73,0x9C,0x73,0x9C,0x73,0x9C,0x73,0x9C,0x73,0x9C,0x73,0x9C,0x73,0x9C,0x73,
	0x9C,0x73,0x9C,0x73,0x9C,0x73,0x9C,0x73,0x9C,0x73,0x9C,0x73,0x9C,0x73,0x9C,0x73,
	0xFF,0x7F,0xFF,0x7F,0xFF,0x7F,0xFF,0x7F,0xFF,0x7F,0xFF,0x7F,0xFF,0x7F,0xFF,0x7F,
	0xFF,0x7F,0xFF,0x7F,0xFF,0x7F,0xFF,0x7F,0xFF,0x7F,0xFF,0x7F,0xFF,0x7F,0xFF,0x7F,

	0xFF,0x7F,0xFF,0x7F,0xFF,0x7F,0xFF,0x7F,0xFF,0x7F,0xFF,0x7F,0xFF,0x7F,0xFF,0x7F,
	0xB5,0x56,0xFF,0x7F,0xFF,0x7F,0xFF,0x7F,0xFF,0x7F,0xFF,0x7F,0xFF,0x7F,0xFF,0x7F,
	0x00,0x00,0xFF,0x7F,0x5A,0x6B,0x5A,0x6B,0x00,0x00,0x00,0x00,0x00,0x00,0x00,0x00,
	0xFF,0x7F,0xFF,0x7F,0x00,0x00,0x00,0x00,0xFF,0x7F,0xFF,0x7F,0x00,0x00,0x00,0x00,
	0xFF,0x7F,0xFF,0x7F,0xFF,0x7F,0xFF,0x7F,0x00,0x00,0x00,0x00,0xFF,0x7F,0xFF,0x7F,
	0xFF,0x7F,0xFF,0x7F,0xFF,0x7F,0xFF,0x7F,0x00,0x00,0x00,0x00,0x00,0x00,0x00,0x00,
	0x00,0x00,0x00,0x00,0xFF,0x7F,0xFF,0x7F,0x00,0x00,0x00,0x00,0xFF,0x7F,0xFF,0x7F,
	0xFF,0x7F,0xFF,0x7F,0x00,0x00,0x00,0x00,0x00,0x00,0x00,0x00,0x00,0x00,0x00,0x00,

	0x00,0x00,0x00,0x00,0x00,0x00,0x00,0x00,0xFF,0x7F,0xFF,0x7F,0x00,0x00,0x00,0x00,
	0xFF,0x7F,0xFF,0x7F,0xFF,0x7F,0xFF,0x7F,0x00,0x00,0x00,0x00,0x00,0x00,0x00,0x00,
	0xFF,0x7F,0xFF,0x7F,0x00,0x00,0x00,0x00,0xFF,0x7F,0xFF,0x7F,0xFF,0x7F,0xFF,0x7F,
	0xFF,0x7F,0xFF,0x7F,0x00,0x00,0x00,0x00,0xFF,0x7F,0xFF,0x7F,0x5A,0x6B,0x5A,0x6B,
	0xFF,0x7F,0x00,0x00,0xFF,0x7F,0xFF,0x7F,0xFF,0x7F,0xFF,0x7F,0xFF,0x7F,0xFF,0x7F,
	0xB5,0x56,0xFF,0x7F,0xFF,0x7F,0xFF,0x7F,0xFF,0x7F,0xFF,0x7F,0xFF,0x7F,0x00,0x00,
	0xFF,0x7F,0x5A,0x6B,0x5A,0x6B,0xFF,0x7F,0xFF,0x7F,0x00,0x00,0x00,0x00,0xFF,0x7F,
	0xFF,0x7F,0x00,0x00,0x00,0x00,0x00,0x00,0x00,0x00,0x00,0x00,0x00,0x00,0xFF,0x7F,

	0xFF,0x7F,0xFF,0x7F,0xFF,0x7F,0x00,0x00,0x00,0x00,0x00,0x00,0x00,0x00,0x00,0x00,
	0x00,0x00,0xFF,0x7F,0xFF,0x7F,0xFF,0x7F,0xFF,0x7F,0xFF,0x7F,0xFF,0x7F,0x00,0x00,
	0x00,0x00,0x00,0x00,0x00,0x00,0x00,0x00,0x00,0x00,0x00,0x00,0x00,0x00,0x00,0x00,
	0x00,0x00,0xFF,0x7F,0xFF,0x7F,0x00,0x00,0x00,0x00,0xFF,0x7F,0xFF,0x7F,0x00,0x00,
	0x00,0x00,0xFF,0x7F,0xFF,0x7F,0xFF,0x7F,0xFF,0x7F,0xFF,0x7F,0xFF,0x7F,0xFF,0x7F,
	0xFF,0x7F,0xFF,0x7F,0xFF,0x7F,0xFF,0x7F,0xFF,0x7F,0x00,0x00,0x00,0x00,0x00,0x00,
	0x00,0x00,0xFF,0x7F,0xFF,0x7F,0xFF,0x7F,0xFF,0x7F,0xFF,0x7F,0xFF,0x7F,0x00,0x00,
	0x00,0x00,0x00,0x00,0x00,0x00,0x00,0x00,0x00,0x00,0x5A,0x6B,0x5A,0x6B,0xFF,0x7F,

	0x00,0x00,0xFF,0x7F,0xFF,0x7F,0xFF,0x7F,0xFF,0x7F,0xFF,0x7F,0xFF,0x7F,0xFF,0x7F,
	0xB5,0x56,0xFF,0x7F,0xFF,0x7F,0xFF,0x7F,0xFF,0x7F,0xFF,0x7F,0xFF,0x7F,0xFF,0x7F,
	0xFF,0x7F,0xFF,0x7F,0xFF,0x7F,0xFF,0x7F,0xFF,0x7F,0xFF,0x7F,0xFF,0x7F,0xFF,0x7F,
	0xFF,0x7F,0xFF,0x7F,0xFF,0x7F,0xFF,0x7F,0xFF,0x7F,0xFF,0x7F,0xFF,0x7F,0xFF,0x7F,
	0x9C,0x73,0x9C,0x73,0x9C,0x73,0x9C,0x73,0x9C,0x73,0x9C,0x73,0x9C,0x73,0x9C,0x73,
	0x9C,0x73,0x9C,0x73,0x9C,0x73,0x9C,0x73,0x9C,0x73,0x9C,0x73,0x9C,0x73,0x9C,0x73,
	0x9C,0x73,0x9C,0x73,0x9C,0x73,0x9C,0x73,0x9C,0x73,0x9C,0x73,0x9C,0x73,0x9C,0x73,
	0xB5,0x56,0x9C,0x73,0x9C,0x73,0x9C,0x73,0x9C,0x73,0x9C,0x73,0x9C,0x73,0x9C,0x73,

	0x00,0x00,0xFF,0x7F,0x5A,0x6B,0x5A,0x6B,0x00,0x00,0x00,0x00,0xFF,0x7F,0xFF,0x7F,
	0xFF,0x7F,0xFF,0x7F,0x00,0x00,0x00,0x00,0xFF,0x7F,0xFF,0x7F,0x00,0x00,0x00,0x00,
	0x00,0x00,0x00,0x00,0xFF,0x7F,0xFF,0x7F,0xFF,0x7F,0xFF,0x7F,0xFF,0x7F,0xFF,0x7F,
	0xFF,0x7F,0xFF,0x7F,0x00,0x00,0x00,0x00,0x00,0x00,0x00,0x00,0x00,0x00,0x00,0x00,
	0xFF,0x7F,0xFF,0x7F,0xFF,0x7F,0xFF,0x7F,0xFF,0x7F,0xFF,0x7F,0x00,0x00,0x00,0x00,
	0xFF,0x7F,0xFF,0x7F,0xFF,0x7F,0xFF,0x7F,0x00,0x00,0x00,0x00,0x00,0x00,0x00,0x00,
	0xFF,0x7F,0xFF,0x7F,0x00,0x00,0x00,0x00,0xFF,0x7F,0xFF,0x7F,0xFF,0x7F,0xFF,0x7F,
	0xFF,0x7F,0xFF,0x7F,0xFF,0x7F,0xFF,0x7F,0x00,0x00,0x00,0x00,0xFF,0x7F,0xFF,0x7F,

	0xFF,0x7F,0xFF,0x7F,0x00,0x00,0x00,0x00,0x00,0x00,0x00,0x00,0xFF,0x7F,0xFF,0x7F,
	0x00,0x00,0x00,0x00,0xFF,0x7F,0xFF,0x7F,0xFF,0x7F,0xFF,0x7F,0x5A,0x6B,0x5A,0x6B,
	0xFF,0x7F,0x00,0x00,0x9C,0x73,0x9C,0x73,0x9C,0x73,0x9C,0x73,0x9C,0x73,0x9C,0x73,
	0xB5,0x56,0x9C,0x73,0x9C,0x73,0x9C,0x73,0x9C,0x73,0x9C,0x73,0x9C,0x73,0x00,0x00,
	0xFF,0x7F,0x5A,0x6B,0x5A,0x6B,0x00,0x00,0x00,0x00,0x00,0x00,0x00,0x00,0xFF,0x7F,
	0xFF,0x7F,0xFF,0x7F,0xFF,0x7F,0x00,0x00,0x00,0x00,0x00,0x00,0x00,0x00,0x00,0x00,
	0x00,0x00,0x00,0x00,0x00,0x00,0xFF,0x7F,0xFF,0x7F,0xFF,0x7F,0xFF,0x7F,0x00,0x00,
	0x00,0x00,0xFF,0x7F,0xFF,0x7F,0x00,0x00,0x00,0x00,0xFF,0x7F,0xFF,0x7F,0xFF,0x7F,

	0xFF,0x7F,0xFF,0x7F,0xFF,0x7F,0xFF,0x7F,0xFF,0x7F,0xFF,0x7F,0xFF,0x7F,0xFF,0x7F,
	0xFF,0x7F,0xFF,0x7F,0xFF,0x7F,0x00,0x00,0x00,0x00,0x00,0x00,0x00,0x00,0xFF,0x7F,
	0xFF,0x7F,0xFF,0x7F,0xFF,0x7F,0xFF,0x7F,0xFF,0x7F,0xFF,0x7F,0xFF,0x7F,0xFF,0x7F,
	0xFF,0x7F,0xFF,0x7F,0xFF,0x7F,0xFF,0x7F,0xFF,0x7F,0x00,0x00,0x00,0x00,0xFF,0x7F,
	0xFF,0x7F,0x00,0x00,0x00,0x00,0x00,0x00,0x00,0x00,0x00,0x00,0x00,0x00,0x00,0x00,
	0x00,0x00,0xFF,0x7F,0xFF,0x7F,0x00,0x00,0x00,0x00,0x5A,0x6B,0x5A,0x6B,0xFF,0x7F,
	0x00,0x00,0x9C,0x73,0x9C,0x73,0x9C,0x73,0x9C,0x73,0x9C,0x73,0x9C,0x73,0x9C,0x73,
	0xB5,0x56,0x9C,0x73,0x9C,0x73,0x9C,0x73,0x9C,0x73,0x9C,0x73,0x9C,0x73,0x9C,0x73,

	0x9C,0x73,0x9C,0x73,0x9C,0x73,0x9C,0x73,0x9C,0x73,0x9C,0x73,0x9C,0x73,0x9C,0x73,
	0x9C,0x73,0x9C,0x73,0x9C,0x73,0x9C,0x73,0x9C,0x73,0x9C,0x73,0x9C,0x73,0x9C,0x73,
	0xFF,0x7F,0xFF,0x7F,0xFF,0x7F,0xFF,0x7F,0xFF,0x7F,0xFF,0x7F,0xFF,0x7F,0xFF,0x7F,
	0xFF,0x7F,0xFF,0x7F,0xFF,0x7F,0xFF,0x7F,0xFF,0x7F,0xFF,0x7F,0xFF,0x7F,0xFF,0x7F,
	0xFF,0x7F,0xFF,0x7F,0xFF,0x7F,0xFF,0x7F,0xFF,0x7F,0xFF,0x7F,0xFF,0x7F,0xFF,0x7F,
	0xB5,0x56,0xFF,0x7F,0xFF,0x7F,0xFF,0x7F,0xFF,0x7F,0xFF,0x7F,0xFF,0x7F,0xFF,0x7F,
	0x00,0x00,0xFF,0x7F,0x5A,0x6B,0x5A,0x6B,0x00,0x00,0x00,0x00,0xFF,0x7F,0xFF,0x7F,
	0xFF,0x7F,0xFF,0x7F,0x00,0x00,0x00,0x00,0xFF,0x7F,0xFF,0x7F,0x00,0x00,0x00,0x00,

	0x00,0x00,0x00,0x00,0xFF,0x7F,0xFF,0x7F,0xFF,0x7F,0xFF,0x7F,0xFF,0x7F,0xFF,0x7F,
	0xFF,0x7F,0xFF,0x7F,0x00,0x00,0x00,0x00,0x00,0x00,0x00,0x00,0x00,0x00,0x00,0x00,
	0xFF,0x7F,0xFF,0x7F,0xFF,0x7F,0xFF,0x7F,0xFF,0x7F,0xFF,0x7F,0x00,0x00,0x00,0x00,
	0xFF,0x7F,0xFF,0x7F,0xFF,0x7F,0xFF,0x7F,0x00,0x00,0x00,0x00,0x00,0x00,0x00,0x00,
	0xFF,0x7F,0xFF,0x7F,0x00,0x00,0x00,0x00,0xFF,0x7F,0xFF,0x7F,0xFF,0x7F,0xFF,0x7F,
	0xFF,0x7F,0xFF,0x7F,0xFF,0x7F,0xFF,0x7F,0x00,0x00,0x00,0x00,0xFF,0x7F,0xFF,0x7F,
	0xFF,0x7F,0xFF,0x7F,0x00,0x00,0x00,0x00,0x00,0x00,0x00,0x00,0xFF,0x7F,0xFF,0x7F,
	0x00,0x00,0x00,0x00,0xFF,0x7F,0xFF,0x7F,0xFF,0x7F,0xFF,0x7F,0x5A,0x6B,0x5A,0x6B,

	0xFF,0x7F,0x00,0x00,0xFF,0x7F,0xFF,0x7F,0xFF,0x7F,0xFF,0x7F,0xFF,0x7F,0xFF,0x7F,
	0xB5,0x56,0xFF,0x7F,0xFF,0x7F,0xFF,0x7F,0xFF,0x7F,0xFF,0x7F,0xFF,0x7F,0x00,0x00,
	0xFF,0x7F,0x5A,0x6B,0x5A,0x6B,0x00,0x00,0x00,0x00,0x00,0x00,0x00,0x00,0xFF,0x7F,
	0xFF,0x7F,0xFF,0x7F,0xFF,0x7F,0x00,0x00,0x00,0x00,0x00,0x00,0x00,0x00,0x00,0x00,
	0x00,0x00,0x00,0x00,0x00,0x00,0xFF,0x7F,0xFF,0x7F,0xFF,0x7F,0xFF,0x7F,0x00,0x00,
	0x00,0x00,0xFF,0x7F,0xFF,0x7F,0x00,0x00,0x00,0x00,0xFF,0x7F,0xFF,0x7F,0xFF,0x7F,
	0xFF,0x7F,0xFF,0x7F,0xFF,0x7F,0xFF,0x7F,0xFF,0x7F,0xFF,0x7F,0xFF,0x7F,0xFF,0x7F,
	0xFF,0x7F,0xFF,0x7F,0xFF,0x7F,0x00,0x00,0x00,0x00,0x00,0x00,0x00,0x00,0xFF,0x7F,

	0xFF,0x7F,0xFF,0x7F,0xFF,0x7F,0xFF,0x7F,0xFF,0x7F,0xFF,0x7F,0xFF,0x7F,0xFF,0x7F,
	0xFF,0x7F,0xFF,0x7F,0xFF,0x7F,0xFF,0x7F,0xFF,0x7F,0x00,0x00,0x00,0x00,0xFF,0x7F,
	0xFF,0x7F,0x00,0x00,0x00,0x00,0x00,0x00,0x00,0x00,0x00,0x00,0x00,0x00,0x00,0x00,
	0x00,0x00,0xFF,0x7F,0xFF,0x7F,0x00,0x00,0x00,0x00,0x5A,0x6B,0x5A,0x6B,0xFF,0x7F,
	0x00,0x00,0xFF,0x7F,0xFF,0x7F,0xFF,0x7F,0xFF,0x7F,0xFF,0x7F,0xFF,0x7F,0xFF,0x7F,
	0xB5,0x56,0xFF,0x7F,0xFF,0x7F,0xFF,0x7F,0xFF,0x7F,0xFF,0x7F,0xFF,0x7F,0xFF,0x7F,
	0xFF,0x7F,0xFF,0x7F,0xFF,0x7F,0xFF,0x7F,0xFF,0x7F,0xFF,0x7F,0xFF,0x7F,0xFF,0x7F,
	0xFF,0x7F,0xFF,0x7F,0xFF,0x7F,0xFF,0x7F,0xFF,0x7F,0xFF,0x7F,0xFF,0x7F,0xFF,0x7F,

	0x9C,0x73,0x9C,0x73,0x9C,0x73,0x9C,0x73,0x9C,0x73,0x9C,0x73,0x9C,0x73,0x9C,0x73,
	0x9C,0x73,0x9C,0x73,0x9C,0x73,0x9C,0x73,0x9C,0x73,0x9C,0x73,0x9C,0x73,0x9C,0x73,
	0x9C,0x73,0x9C,0x73,0x9C,0x73,0x9C,0x73,0x9C,0x73,0x9C,0x73,0x9C,0x73,0x9C,0x73,
	0xB5,0x56,0x9C,0x73,0x9C,0x73,0x9C,0x73,0x9C,0x73,0x9C,0x73,0x9C,0x73,0x9C,0x73,
	0x00,0x00,0xFF,0x7F,0x5A,0x6B,0x5A,0x6B,0xFF,0x7F,0xFF,0x7F,0x00,0x00,0x00,0x00,
	0xFF,0x7F,0xFF,0x7F,0x00,0x00,0x00,0x00,0xFF,0x7F,0xFF,0x7F,0x00,0x00,0x00,0x00,
	0xFF,0x7F,0xFF,0x7F,0xFF,0x7F,0xFF,0x7F,0xFF,0x7F,0xFF,0x7F,0x00,0x00,0x00,0x00,
	0x00,0x00,0x00,0x00,0xFF,0x7F,0xFF,0x7F,0xFF,0x7F,0xFF,0x7F,0xFF,0x7F,0xFF,0x7F,

	0xFF,0x7F,0xFF,0x7F,0xFF,0x7F,0xFF,0x7F,0x00,0x00,0x00,0x00,0xFF,0x7F,0xFF,0x7F,
	0xFF,0x7F,0xFF,0x7F,0x00,0x00,0x00,0x00,0x00,0x00,0x00,0x00,0xFF,0x7F,0xFF,0x7F,
	0xFF,0x7F,0xFF,0x7F,0xFF,0x7F,0xFF,0x7F,0x00,0x00,0x00,0x00,0x00,0x00,0x00,0x00,
	0x00,0x00,0x00,0x00,0xFF,0x7F,0xFF,0x7F,0x00,0x00,0x00,0x00,0xFF,0x7F,0xFF,0x7F,
	0xFF,0x7F,0xFF,0x7F,0xFF,0x7F,0xFF,0x7F,0xFF,0x7F,0xFF,0x7F,0x00,0x00,0x00,0x00,
	0x00,0x00,0x00,0x00,0xFF,0x7F,0xFF,0x7F,0xFF,0x7F,0xFF,0x7F,0x5A,0x6B,0x5A,0x6B,
	0xFF,0x7F,0x00,0x00,0x9C,0x73,0x9C,0x73,0x9C,0x73,0x9C,0x73,0x9C,0x73,0x9C,0x73,
	0xB5,0x56,0x9C,0x73,0x9C,0x73,0x9C,0x73,0x9C,0x73,0x9C,0x73,0x9C,0x73,0x00,0x00,

	0xFF,0x7F,0x5A,0x6B,0x5A,0x6B,0xFF,0x7F,0xFF,0x7F,0xFF,0x7F,0xFF,0x7F,0xFF,0x7F,
	0xFF,0x7F,0x00,0x00,0x00,0x00,0xFF,0x7F,0xFF,0x7F,0x00,0x00,0x00,0x00,0xFF,0x7F,
	0xFF,0x7F,0x00,0x00,0x00,0x00,0x00,0x00,0x00,0x00,0x00,0x00,0x00,0x00,0x00,0x00,
	0x00,0x00,0xFF,0x7F,0xFF,0x7F,0xFF,0x7F,0xFF,0x7F,0x00,0x00,0x00,0x00,0x00,0x00,
	0x00,0x00,0xFF,0x7F,0xFF,0x7F,0x00,0x00,0x00,0x00,0x00,0x00,0x00,0x00,0x00,0x00,
	0x00,0x00,0xFF,0x7F,0xFF,0x7F,0xFF,0x7F,0xFF,0x7F,0xFF,0x7F,0xFF,0x7F,0x00,0x00,
	0x00,0x00,0xFF,0x7F,0xFF,0x7F,0xFF,0x7F,0xFF,0x7F,0xFF,0x7F,0xFF,0x7F,0x00,0x00,
	0x00,0x00,0xFF,0x7F,0xFF,0x7F,0xFF,0x7F,0xFF,0x7F,0xFF,0x7F,0xFF,0x7F,0x00,0x00,

	0x00,0x00,0xFF,0x7F,0xFF,0x7F,0x00,0x00,0x00,0x00,0xFF,0x7F,0xFF,0x7F,0xFF,0x7F,
	0xFF,0x7F,0xFF,0x7F,0xFF,0x7F,0x00,0x00,0x00,0x00,0x5A,0x6B,0x5A,0x6B,0xFF,0x7F,
	0x00,0x00,0x9C,0x73,0x9C,0x73,0x9C,0x73,0x9C,0x73,0x9C,0x73,0x9C,0x73,0x9C,0x73,
	0xB5,0x56,0x9C,0x73,0x9C,0x73,0x9C,0x73,0x9C,0x73,0x9C,0x73,0x9C,0x73,0x9C,0x73,
	0x9C,0x73,0x9C,0x73,0x9C,0x73,0x9C,0x73,0x9C,0x73,0x9C,0x73,0x9C,0x73,0x9C,0x73,
	0x9C,0x73,0x9C,0x73,0x9C,0x73,0x9C,0x73,0x9C,0x73,0x9C,0x73,0x9C,0x73,0x9C,0x73,
	0xFF,0x7F,0xFF,0x7F,0xFF,0x7F,0xFF,0x7F,0xFF,0x7F,0xFF,0x7F,0xFF,0x7F,0xFF,0x7F,
	0xFF,0x7F,0xFF,0x7F,0xFF,0x7F,0xFF,0x7F,0xFF,0x7F,0xFF,0x7F,0xFF,0x7F,0xFF,0x7F,

	0xFF,0x7F,0xFF,0x7F,0xFF,0x7F,0xFF,0x7F,0xFF,0x7F,0xFF,0x7F,0xFF,0x7F,0xFF,0x7F,
	0xB5,0x56,0xFF,0x7F,0xFF,0x7F,0xFF,0x7F,0xFF,0x7F,0xFF,0x7F,0xFF,0x7F,0xFF,0x7F,
	0x00,0x00,0xFF,0x7F,0x5A,0x6B,0x5A,0x6B,0xFF,0x7F,0xFF,0x7F,0x00,0x00,0x00,0x00,
	0xFF,0x7F,0xFF,0x7F,0x00,0x00,0x00,0x00,0xFF,0x7F,0xFF,0x7F,0x00,0x00,0x00,0x00,
	0xFF,0x7F,0xFF,0x7F,0xFF,0x7F,0xFF,0x7F,0xFF,0x7F,0xFF,0x7F,0x00,0x00,0x00,0x00,
	0x00,0x00,0x00,0x00,0xFF,0x7F,0xFF,0x7F,0xFF,0x7F,0xFF,0x7F,0xFF,0x7F,0xFF,0x7F,
	0xFF,0x7F,0xFF,0x7F,0xFF,0x7F,0xFF,0x7F,0x00,0x00,0x00,0x00,0xFF,0x7F,0xFF,0x7F,
	0xFF,0x7F,0xFF,0x7F,0x00,0x00,0x00,0x00,0x00,0x00,0x00,0x00,0xFF,0x7F,0xFF,0x7F,

	0xFF,0x7F,0xFF,0x7F,0xFF,0x7F,0xFF,0x7F,0x00,0x00,0x00,0x00,0x00,0x00,0x00,0x00,
	0x00,0x00,0x00,0x00,0xFF,0x7F,0xFF,0x7F,0x00,0x00,0x00,0x00,0xFF,0x7F,0xFF,0x7F,
	0xFF,0x7F,0xFF,0x7F,0xFF,0x7F,0xFF,0x7F,0xFF,0x7F,0xFF,0x7F,0x00,0x00,0x00,0x00,
	0x00,0x00,0x00,0x00,0xFF,0x7F,0xFF,0x7F,0xFF,0x7F,0xFF,0x7F,0x5A,0x6B,0x5A,0x6B,
	0xFF,0x7F,0x00,0x00,0xFF,0x7F,0xFF,0x7F,0xFF,0x7F,0xFF,0x7F,0xFF,0x7F,0xFF,0x7F,
	0xB5,0x56,0xFF,0x7F,0xFF,0x7F,0xFF,0x7F,0xFF,0x7F,0xFF,0x7F,0xFF,0x7F,0x00,0x00,
	0xFF,0x7F,0x5A,0x6B,0x5A,0x6B,0xFF,0x7F,0xFF,0x7F,0xFF,0x7F,0xFF,0x7F,0xFF,0x7F,
	0xFF,0x7F,0x00,0x00,0x00,0x00,0xFF,0x7F,0xFF,0x7F,0x00,0x00,0x00,0x00,0xFF,0x7F,

	0xFF,0x7F,0x00,0x00,0x00,0x00,0x00,0x00,0x00,0x00,0x00,0x00,0x00,0x00,0x00,0x00,
	0x00,0x00,0xFF,0x7F,0xFF,0x7F,0xFF,0x7F,0xFF,0x7F,0x00,0x00,0x00,0x00,0x00,0x00,
	0x00,0x00,0xFF,0x7F,0xFF,0x7F,0x00,0x00,0x00,0x00,0x00,0x00,0x00,0x00,0x00,0x00,
	0x00,0x00,0xFF,0x7F,0xFF,0x7F,0xFF,0x7F,0xFF,0x7F,0xFF,0x7F,0xFF,0x7F,0x00,0x00,
	0x00,0x00,0xFF,0x7F,0xFF,0x7F,0xFF,0x7F,0xFF,0x7F,0xFF,0x7F,0xFF,0x7F,0x00,0x00,
	0x00,0x00,0xFF,0x7F,0xFF,0x7F,0xFF,0x7F,0xFF,0x7F,0xFF,0x7F,0xFF,0x7F,0x00,0x00,
	0x00,0x00,0xFF,0x7F,0xFF,0x7F,0x00,0x00,0x00,0x00,0xFF,0x7F,0xFF,0x7F,0xFF,0x7F,
	0xFF,0x7F,0xFF,0x7F,0xFF,0x7F,0x00,0x00,0x00,0x00,0x5A,0x6B,0x5A,0x6B,0xFF,0x7F,

	0x00,0x00,0xFF,0x7F,0xFF,0x7F,0xFF,0x7F,0xFF,0x7F,0xFF,0x7F,0xFF,0x7F,0xFF,0x7F,
	0xB5,0x56,0xFF,0x7F,0xFF,0x7F,0xFF,0x7F,0xFF,0x7F,0xFF,0x7F,0xFF,0x7F,0xFF,0x7F,
	0xFF,0x7F,0xFF,0x7F,0xFF,0x7F,0xFF,0x7F,0xFF,0x7F,0xFF,0x7F,0xFF,0x7F,0xFF,0x7F,
	0xFF,0x7F,0xFF,0x7F,0xFF,0x7F,0xFF,0x7F,0xFF,0x7F,0xFF,0x7F,0xFF,0x7F,0xFF,0x7F,
	0x9C,0x73,0x9C,0x73,0x9C,0x73,0x9C,0x73,0x9C,0x73,0x9C,0x73,0x9C,0x73,0x9C,0x73,
	0x9C,0x73,0x9C,0x73,0x9C,0x73,0x9C,0x73,0x9C,0x73,0x9C,0x73,0x9C,0x73,0x9C,0x73,
	0x9C,0x73,0x9C,0x73,0x9C,0x73,0x9C,0x73,0x9C,0x73,0x9C,0x73,0x9C,0x73,0x9C,0x73,
	0xB5,0x56,0x9C,0x73,0x9C,0x73,0x9C,0x73,0x9C,0x73,0x9C,0x73,0x9C,0x73,0x9C,0x73,

	0x00,0x00,0xFF,0x7F,0x5A,0x6B,0x5A,0x6B,0xFF,0x7F,0xFF,0x7F,0xFF,0x7F,0xFF,0x7F,
	0x00,0x00,0x00,0x00,0x00,0x00,0x00,0x00,0x00,0x00,0x00,0x00,0xFF,0x7F,0xFF,0x7F,
	0x00,0x00,0x00,0x00,0xFF,0x7F,0xFF,0x7F,0xFF,0x7F,0xFF,0x7F,0xFF,0x7F,0xFF,0x7F,
	0xFF,0x7F,0xFF,0x7F,0xFF,0x7F,0xFF,0x7F,0x00,0x00,0x00,0x00,0xFF,0x7F,0xFF,0x7F,
	0x00,0x00,0x00,0x00,0x00,0x00,0x00,0x00,0x00,0x00,0x00,0x00,0xFF,0x7F,0xFF,0x7F,
	0xFF,0x7F,0xFF,0x7F,0x00,0x00,0x00,0x00,0xFF,0x7F,0xFF,0x7F,0xFF,0x7F,0xFF,0x7F,
	0xFF,0x7F,0xFF,0x7F,0x00,0x00,0x00,0x00,0x00,0x00,0x00,0x00,0x00,0x00,0x00,0x00,
	0x00,0x00,0x00,0x00,0xFF,0x7F,0xFF,0x7F,0xFF,0x7F,0xFF,0x7F,0x00,0x00,0x00,0x00,

	0x00,0x00,0x00,0x00,0xFF,0x7F,0xFF,0x7F,0x00,0x00,0x00,0x00,0xFF,0x7F,0xFF,0x7F,
	0x00,0x00,0x00,0x00,0x00,0x00,0x00,0x00,0x00,0x00,0x00,0x00,0x5A,0x6B,0x5A,0x6B,
	0xFF,0x7F,0x00,0x00,0x9C,0x73,0x9C,0x73,0x9C,0x73,0x9C,0x73,0x9C,0x73,0x9C,0x73,
	0xB5,0x56,0x9C,0x73,0x9C,0x73,0x9C,0x73,0x9C,0x73,0x9C,0x73,0x9C,0x73,0x00,0x00,
	0xFF,0x7F,0x5A,0x6B,0x5A,0x6B,0xFF,0x7F,0xFF,0x7F,0xFF,0x7F,0xFF,0x7F,0xFF,0x7F,
	0xFF,0x7F,0x00,0x00,0x00,0x00,0x00,0x00,0x00,0x00,0x00,0x00,0x00,0x00,0x00,0x00,
	0x00,0x00,0x00,0x00,0x00,0x00,0x00,0x00,0x00,0x00,0x00,0x00,0x00,0x00,0x00,0x00,
	0x00,0x00,0x00,0x00,0x00,0x00,0xFF,0x7F,0xFF,0x7F,0xFF,0x7F,0xFF,0x7F,0xFF,0x7F,

	0xFF,0x7F,0xFF,0x7F,0xFF,0x7F,0xFF,0x7F,0xFF,0x7F,0xFF,0x7F,0xFF,0x7F,0x00,0x00,
	0x00,0x00,0x00,0x00,0x00,0x00,0x00,0x00,0x00,0x00,0xFF,0x7F,0xFF,0x7F,0x00,0x00,
	0x00,0x00,0x00,0x00,0x00,0x00,0x00,0x00,0x00,0x00,0xFF,0x7F,0xFF,0x7F,0xFF,0x7F,
	0xFF,0x7F,0x00,0x00,0x00,0x00,0xFF,0x7F,0xFF,0x7F,0x00,0x00,0x00,0x00,0xFF,0x7F,
	0xFF,0x7F,0xFF,0x7F,0xFF,0x7F,0xFF,0x7F,0xFF,0x7F,0xFF,0x7F,0xFF,0x7F,0xFF,0x7F,
	0xFF,0x7F,0x00,0x00,0x00,0x00,0xFF,0x7F,0xFF,0x7F,0x5A,0x6B,0x5A,0x6B,0xFF,0x7F,
	0x00,0x00,0x9C,0x73,0x9C,0x73,0x9C,0x73,0x9C,0x73,0x9C,0x73,0x9C,0x73,0x9C,0x73,
	0xB5,0x56,0x9C,0x73,0x9C,0x73,0x9C,0x73,0x9C,0x73,0x9C,0x73,0x9C,0x73,0x9C,0x73,

	0x9C,0x73,0x9C,0x73,0x9C,0x73,0x9C,0x73,0x9C,0x73,0x9C,0x73,0x9C,0x73,0x9C,0x73,
	0x9C,0x73,0x9C,0x73,0x9C,0x73,0x9C,0x73,0x9C,0x73,0x9C,0x73,0x9C,0x73,0x9C,0x73,
	0xFF,0x7F,0xFF,0x7F,0xFF,0x7F,0xFF,0x7F,0xFF,0x7F,0xFF,0x7F,0xFF,0x7F,0xFF,0x7F,
	0xFF,0x7F,0xFF,0x7F,0xFF,0x7F,0xFF,0x7F,0xFF,0x7F,0xFF,0x7F,0xFF,0x7F,0xFF,0x7F,
	0xFF,0x7F,0xFF,0x7F,0xFF,0x7F,0xFF,0x7F,0xFF,0x7F,0xFF,0x7F,0xFF,0x7F,0xFF,0x7F,
	0xB5,0x56,0xFF,0x7F,0xFF,0x7F,0xFF,0x7F,0xFF,0x7F,0xFF,0x7F,0xFF,0x7F,0xFF,0x7F,
	0x00,0x00,0xFF,0x7F,0x5A,0x6B,0x5A,0x6B,0xFF,0x7F,0xFF,0x7F,0xFF,0x7F,0xFF,0x7F,
	0x00,0x00,0x00,0x00,0x00,0x00,0x00,0x00,0x00,0x00,0x00,0x00,0xFF,0x7F,0xFF,0x7F,

	0x00,0x00,0x00,0x00,0xFF,0x7F,0xFF,0x7F,0xFF,0x7F,0xFF,0x7F,0xFF,0x7F,0xFF,0x7F,
	0xFF,0x7F,0xFF,0x7F,0xFF,0x7F,0xFF,0x7F,0x00,0x00,0x00,0x00,0xFF,0x7F,0xFF,0x7F,
	0x00,0x00,0x00,0x00,0x00,0x00,0x00,0x00,0x00,0x00,0x00,0x00,0xFF,0x7F,0xFF,0x7F,
	0xFF,0x7F,0xFF,0x7F,0x00,0x00,0x00,0x00,0xFF,0x7F,0xFF,0x7F,0xFF,0x7F,0xFF,0x7F,
	0xFF,0x7F,0xFF,0x7F,0x00,0x00,0x00,0x00,0x00,0x00,0x00,0x00,0x00,0x00,0x00,0x00,
	0x00,0x00,0x00,0x00,0xFF,0x7F,0xFF,0x7F,0xFF,0x7F,0xFF,0x7F,0x00,0x00,0x00,0x00,
	0x00,0x00,0x00,0x00,0xFF,0x7F,0xFF,0x7F,0x00,0x00,0x00,0x00,0xFF,0x7F,0xFF,0x7F,
	0x00,0x00,0x00,0x00,0x00,0x00,0x00,0x00,0x00,0x00,0x00,0x00,0x5A,0x6B,0x5A,0x6B,

	0xFF,0x7F,0x00,0x00,0xFF,0x7F,0xFF,0x7F,0xFF,0x7F,0xFF,0x7F,0xFF,0x7F,0xFF,0x7F,
	0xB5,0x56,0xFF,0x7F,0xFF,0x7F,0xFF,0x7F,0xFF,0x7F,0xFF,0x7F,0xFF,0x7F,0x00,0x00,
	0xFF,0x7F,0x5A,0x6B,0x5A,0x6B,0xFF,0x7F,0xFF,0x7F,0xFF,0x7F,0xFF,0x7F,0xFF,0x7F,
	0xFF,0x7F,0x00,0x00,0x00,0x00,0x00,0x00,0x00,0x00,0x00,0x00,0x00,0x00,0x00,0x00,
	0x00,0x00,0x00,0x00,0x00,0x00,0x00,0x00,0x00,0x00,0x00,0x00,0x00,0x00,0x00,0x00,
	0x00,0x00,0x00,0x00,0x00,0x00,0xFF,0x7F,0xFF,0x7F,0xFF,0x7F,0xFF,0x7F,0xFF,0x7F,
	0xFF,0x7F,0xFF,0x7F,0xFF,0x7F,0xFF,0x7F,0xFF,0x7F,0xFF,0x7F,0xFF,0x7F,0x00,0x00,
	0x00,0x00,0x00,0x00,0x00,0x00,0x00,0x00,0x00,0x00,0xFF,0x7F,0xFF,0x7F,0x00,0x00,

	0x00,0x00,0x00,0x00,0x00,0x00,0x00,0x00,0x00,0x00,0xFF,0x7F,0xFF,0x7F,0xFF,0x7F,
	0xFF,0x7F,0x00,0x00,0x00,0x00,0xFF,0x7F,0xFF,0x7F,0x00,0x00,0x00,0x00,0xFF,0x7F,
	0xFF,0x7F,0xFF,0x7F,0xFF,0x7F,0xFF,0x7F,0xFF,0x7F,0xFF,0x7F,0xFF,0x7F,0xFF,0x7F,
	0xFF,0x7F,0x00,0x00,0x00,0x00,0xFF,0x7F,0xFF,0x7F,0x5A,0x6B,0x5A,0x6B,0xFF,0x7F,
	0x00,0x00,0xFF,0x7F,0xFF,0x7F,0xFF,0x7F,0xFF,0x7F,0xFF,0x7F,0xFF,0x7F,0xFF,0x7F,
	0xB5,0x56,0xFF,0x7F,0xFF,0x7F,0xFF,0x7F,0xFF,0x7F,0xFF,0x7F,0xFF,0x7F,0xFF,0x7F,
	0xFF,0x7F,0xFF,0x7F,0xFF,0x7F,0xFF,0x7F,0xFF,0x7F,0xFF,0x7F,0xFF,0x7F,0xFF,0x7F,
	0xFF,0x7F,0xFF,0x7F,0xFF,0x7F,0xFF,0x7F,0xFF,0x7F,0xFF,0x7F,0xFF,0x7F,0xFF,0x7F,

	0x9C,0x73,0x9C,0x73,0x9C,0x73,0x9C,0x73,0x9C,0x73,0x9C,0x73,0x9C,0x73,0x9C,0x73,
	0x9C,0x73,0x9C,0x73,0x9C,0x73,0x9C,0x73,0x9C,0x73,0x9C,0x73,0x9C,0x73,0x9C,0x73,
	0x9C,0x73,0x9C,0x73,0x9C,0x73,0x9C,0x73,0x9C,0x73,0x9C,0x73,0x9C,0x73,0x9C,0x73,
	0xB5,0x56,0x9C,0x73,0x9C,0x73,0x9C,0x73,0x9C,0x73,0x9C,0x73,0x9C,0x73,0x9C,0x73,
	0x00,0x00,0xFF,0x7F,0x5A,0x6B,0x5A,0x6B,0xFF,0x7F,0xFF,0x7F,0x00,0x00,0x00,0x00,
	0x00,0x00,0x00,0x00,0x00,0x00,0x00,0x00,0xFF,0x7F,0xFF,0x7F,0x00,0x00,0x00,0x00,
	0xFF,0x7F,0xFF,0x7F,0xFF,0x7F,0xFF,0x7F,0xFF,0x7F,0xFF,0x7F,0x00,0x00,0x00,0x00,
	0x00,0x00,0x00,0x00,0x00,0x00,0x00,0x00,0x00,0x00,0x00,0x00,0xFF,0x7F,0xFF,0x7F,

	0x00,0x00,0x00,0x00,0x00,0x00,0x00,0x00,0x00,0x00,0x00,0x00,0x00,0x00,0x00,0x00,
	0xFF,0x7F,0xFF,0x7F,0x00,0x00,0x00,0x00,0xFF,0x7F,0xFF,0x7F,0xFF,0x7F,0xFF,0x7F,
	0xFF,0x7F,0xFF,0x7F,0xFF,0x7F,0xFF,0x7F,0x00,0x00,0x00,0x00,0xFF,0x7F,0xFF,0x7F,
	0x00,0x00,0x00,0x00,0x00,0x00,0x00,0x00,0x00,0x00,0x00,0x00,0x00,0x00,0x00,0x00,
	0x00,0x00,0x00,0x00,0x00,0x00,0x00,0x00,0x00,0x00,0x00,0x00,0xFF,0x7F,0xFF,0x7F,
	0xFF,0x7F,0xFF,0x7F,0xFF,0x7F,0xFF,0x7F,0x00,0x00,0x00,0x00,0x5A,0x6B,0x5A,0x6B,
	0xFF,0x7F,0x00,0x00,0x9C,0x73,0x9C,0x73,0x9C,0x73,0x9C,0x73,0x9C,0x73,0x9C,0x73,
	0xB5,0x56,0x9C,0x73,0x9C,0x73,0x9C,0x73,0x9C,0x73,0x9C,0x73,0x9C,0x73,0x00,0x00,

	0xFF,0x7F,0x5A,0x6B,0x5A,0x6B,0xFF,0x7F,0xFF,0x7F,0xFF,0x7F,0xFF,0x7F,0x00,0x00,
	0x00,0x00,0xFF,0x7F,0xFF,0x7F,0xFF,0x7F,0xFF,0x7F,0x00,0x00,0x00,0x00,0xFF,0x7F,
	0xFF,0x7F,0xFF,0x7F,0xFF,0x7F,0x00,0x00,0x00,0x00,0x00,0x00,0x00,0x00,0xFF,0x7F,
	0xFF,0x7F,0xFF,0x7F,0xFF,0x7F,0xFF,0x7F,0xFF,0x7F,0x00,0x00,0x00,0x00,0xFF,0x7F,
	0xFF,0x7F,0xFF,0x7F,0xFF,0x7F,0xFF,0x7F,0xFF,0x7F,0x00,0x00,0x00,0x00,0x00,0x00,
	0x00,0x00,0xFF,0x7F,0xFF,0x7F,0x00,0x00,0x00,0x00,0xFF,0x7F,0xFF,0x7F,0x00,0x00,
	0x00,0x00,0x00,0x00,0x00,0x00,0x00,0x00,0x00,0x00,0xFF,0x7F,0xFF,0x7F,0xFF,0x7F,
	0xFF,0x7F,0x00,0x00,0x00,0x00,0x00,0x00,0x00,0x00,0x00,0x00,0x00,0x00,0xFF,0x7F,

	0xFF,0x7F,0x00,0x00,0x00,0x00,0xFF,0x7F,0xFF,0x7F,0x00,0x00,0x00,0x00,0x00,0x00,
	0x00,0x00,0x00,0x00,0x00,0x00,0x00,0x00,0x00,0x00,0x5A,0x6B,0x5A,0x6B,0xFF,0x7F,
	0x00,0x00,0x9C,0x73,0x9C,0x73,0x9C,0x73,0x9C,0x73,0x9C,0x73,0x9C,0x73,0x9C,0x73,
	0xB5,0x56,0x9C,0x73,0x9C,0x73,0x9C,0x73,0x9C,0x73,0x9C,0x73,0x9C,0x73,0x9C,0x73,
	0x9C,0x73,0x9C,0x73,0x9C,0x73,0x9C,0x73,0x9C,0x73,0x9C,0x73,0x9C,0x73,0x9C,0x73,
	0x9C,0x73,0x9C,0x73,0x9C,0x73,0x9C,0x73,0x9C,0x73,0x9C,0x73,0x9C,0x73,0x9C,0x73,
	0xFF,0x7F,0xFF,0x7F,0xFF,0x7F,0xFF,0x7F,0xFF,0x7F,0xFF,0x7F,0xFF,0x7F,0xFF,0x7F,
	0xFF,0x7F,0xFF,0x7F,0xFF,0x7F,0xFF,0x7F,0xFF,0x7F,0xFF,0x7F,0xFF,0x7F,0xFF,0x7F,

	0xFF,0x7F,0xFF,0x7F,0xFF,0x7F,0xFF,0x7F,0xFF,0x7F,0xFF,0x7F,0xFF,0x7F,0xFF,0x7F,
	0xB5,0x56,0xFF,0x7F,0xFF,0x7F,0xFF,0x7F,0xFF,0x7F,0xFF,0x7F,0xFF,0x7F,0xFF,0x7F,
	0x00,0x00,0xFF,0x7F,0x5A,0x6B,0x5A,0x6B,0xFF,0x7F,0xFF,0x7F,0x00,0x00,0x00,0x00,
	0x00,0x00,0x00,0x00,0x00,0x00,0x00,0x00,0xFF,0x7F,0xFF,0x7F,0x00,0x00,0x00,0x00,
	0xFF,0x7F,0xFF,0x7F,0xFF,0x7F,0xFF,0x7F,0xFF,0x7F,0xFF,0x7F,0x00,0x00,0x00,0x00,
	0x00,0x00,0x00,0x00,0x00,0x00,0x00,0x00,0x00,0x00,0x00,0x00,0xFF,0x7F,0xFF,0x7F,
	0x00,0x00,0x00,0x00,0x00,0x00,0x00,0x00,0x00,0x00,0x00,0x00,0x00,0x00,0x00,0x00,
	0xFF,0x7F,0xFF,0x7F,0x00,0x00,0x00,0x00,0xFF,0x7F,0xFF,0x7F,0xFF,0x7F,0xFF,0x7F,

	0xFF,0x7F,0xFF,0x7F,0xFF,0x7F,0xFF,0x7F,0x00,0x00,0x00,0x00,0xFF,0x7F,0xFF,0x7F,
	0x00,0x00,0x00,0x00,0x00,0x00,0x00,0x00,0x00,0x00,0x00,0x00,0x00,0x00,0x00,0x00,
	0x00,0x00,0x00,0x00,0x00,0x00,0x00,0x00,0x00,0x00,0x00,0x00,0xFF,0x7F,0xFF,0x7F,
	0xFF,0x7F,0xFF,0x7F,0xFF,0x7F,0xFF,0x7F,0x00,0x00,0x00,0x00,0x5A,0x6B,0x5A,0x6B,
	0xFF,0x7F,0x00,0x00,0xFF,0x7F,0xFF,0x7F,0xFF,0x7F,0xFF,0x7F,0xFF,0x7F,0xFF,0x7F,
	0xB5,0x56,0xFF,0x7F,0xFF,0x7F,0xFF,0x7F,0xFF,0x7F,0xFF,0x7F,0xFF,0x7F,0x00,0x00,
	0xFF,0x7F,0x5A,0x6B,0x5A,0x6B,0xFF,0x7F,0xFF,0x7F,0xFF,0x7F,0xFF,0x7F,0x00,0x00,
	0x00,0x00,0xFF,0x7F,0xFF,0x7F,0xFF,0x7F,0xFF,0x7F,0x00,0x00,0x00,0x00,0xFF,0x7F,

	0xFF,0x7F,0xFF,0x7F,0xFF,0x7F,0x00,0x00,0x00,0x00,0x00,0x00,0x00,0x00,0xFF,0x7F,
	0xFF,0x7F,0xFF,0x7F,0xFF,0x7F,0xFF,0x7F,0xFF,0x7F,0x00,0x00,0x00,0x00,0xFF,0x7F,
	0xFF,0x7F,0xFF,0x7F,0xFF,0x7F,0xFF,0x7F,0xFF,0x7F,0x00,0x00,0x00,0x00,0x00,0x00,
	0x00,0x00,0xFF,0x7F,0xFF,0x7F,0x00,0x00,0x00,0x00,0xFF,0x7F,0xFF,0x7F,0x00,0x00,
	0x00,0x00,0x00,0x00,0x00,0x00,0x00,0x00,0x00,0x00,0xFF,0x7F,0xFF,0x7F,0xFF,0x7F,
	0xFF,0x7F,0x00,0x00,0x00,0x00,0x00,0x00,0x00,0x00,0x00,0x00,0x00,0x00,0xFF,0x7F,
	0xFF,0x7F,0x00,0x00,0x00,0x00,0xFF,0x7F,0xFF,0x7F,0x00,0x00,0x00,0x00,0x00,0x00,
	0x00,0x00,0x00,0x00,0x00,0x00,0x00,0x00,0x00,0x00,0x5A,0x6B,0x5A,0x6B,0xFF,0x7F,

	0x00,0x00,0xFF,0x7F,0xFF,0x7F,0xFF,0x7F,0xFF,0x7F,0xFF,0x7F,0xFF,0x7F,0xFF,0x7F,
	0xB5,0x56,0xFF,0x7F,0xFF,0x7F,0xFF,0x7F,0xFF,0x7F,0xFF,0x7F,0xFF,0x7F,0xFF,0x7F,
	0xFF,0x7F,0xFF,0x7F,0xFF,0x7F,0xFF,0x7F,0xFF,0x7F,0xFF,0x7F,0xFF,0x7F,0xFF,0x7F,
	0xFF,0x7F,0xFF,0x7F,0xFF,0x7F,0xFF,0x7F,0xFF,0x7F,0xFF,0x7F,0xFF,0x7F,0xFF,0x7F,
	0x9C,0x73,0x9C,0x73,0x9C,0x73,0x9C,0x73,0x9C,0x73,0x9C,0x73,0x9C,0x73,0x9C,0x73,
	0x9C,0x73,0x9C,0x73,0x9C,0x73,0x9C,0x73,0x9C,0x73,0x9C,0x73,0x9C,0x73,0x9C,0x73,
	0x9C,0x73,0x9C,0x73,0x9C,0x73,0x9C,0x73,0x9C,0x73,0x9C,0x73,0x9C,0x73,0x9C,0x73,
	0xB5,0x56,0x9C,0x73,0x9C,0x73,0x9C,0x73,0x9C,0x73,0x9C,0x73,0x9C,0x73,0x9C,0x73,

	0x00,0x00,0xFF,0x7F,0x5A,0x6B,0x5A,0x6B,0xFF,0x7F,0xFF,0x7F,0x00,0x00,0x00,0x00,
	0x00,0x00,0x00,0x00,0xFF,0x7F,0xFF,0x7F,0x00,0x00,0x00,0x00,0xFF,0x7F,0xFF,0x7F,
	0x00,0x00,0x00,0x00,0x00,0x00,0x00,0x00,0x00,0x00,0x00,0x00,0x00,0x00,0x00,0x00,
	0x00,0x00,0x00,0x00,0x00,0x00,0x00,0x00,0xFF,0x7F,0xFF,0x7F,0x00,0x00,0x00,0x00,
	0xFF,0x7F,0xFF,0x7F,0xFF,0x7F,0xFF,0x7F,0x00,0x00,0x00,0x00,0x00,0x00,0x00,0x00,
	0x00,0x00,0x00,0x00,0x00,0x00,0x00,0x00,0x00,0x00,0x00,0x00,0xFF,0x7F,0xFF,0x7F,
	0xFF,0x7F,0xFF,0x7F,0xFF,0x7F,0xFF,0x7F,0x00,0x00,0x00,0x00,0x00,0x00,0x00,0x00,
	0x00,0x00,0x00,0x00,0xFF,0x7F,0xFF,0x7F,0x00,0x00,0x00,0x00,0xFF,0x7F,0xFF,0x7F,

	0x00,0x00,0x00,0x00,0xFF,0x7F,0xFF,0x7F,0xFF,0x7F,0xFF,0x7F,0xFF,0x7F,0xFF,0x7F,
	0xFF,0x7F,0xFF,0x7F,0x00,0x00,0x00,0x00,0xFF,0x7F,0xFF,0x7F,0x5A,0x6B,0x5A,0x6B,
	0xFF,0x7F,0x00,0x00,0x9C,0x73,0x9C,0x73,0x9C,0x73,0x9C,0x73,0x9C,0x73,0x9C,0x73,
	0xB5,0x56,0x9C,0x73,0x9C,0x73,0x9C,0x73,0x9C,0x73,0x9C,0x73,0x9C,0x73,0x00,0x00,
	0xFF,0x7F,0x5A,0x6B,0x5A,0x6B,0x00,0x00,0x00,0x00,0xFF,0x7F,0xFF,0x7F,0xFF,0x7F,
	0xFF,0x7F,0x00,0x00,0x00,0x00,0x00,0x00,0x00,0x00,0x00,0x00,0x00,0x00,0x00,0x00,
	0x00,0x00,0xFF,0x7F,0xFF,0x7F,0xFF,0x7F,0xFF,0x7F,0xFF,0x7F,0xFF,0x7F,0xFF,0x7F,
	0xFF,0x7F,0x00,0x00,0x00,0x00,0xFF,0x7F,0xFF,0x7F,0xFF,0x7F,0xFF,0x7F,0x00,0x00,

	0x00,0x00,0x00,0x00,0x00,0x00,0xFF,0x7F,0xFF,0x7F,0xFF,0x7F,0xFF,0x7F,0x00,0x00,
	0x00,0x00,0xFF,0x7F,0xFF,0x7F,0x00,0x00,0x00,0x00,0xFF,0x7F,0xFF,0x7F,0xFF,0x7F,
	0xFF,0x7F,0xFF,0x7F,0xFF,0x7F,0x00,0x00,0x00,0x00,0x00,0x00,0x00,0x00,0x00,0x00,
	0x00,0x00,0xFF,0x7F,0xFF,0x7F,0xFF,0x7F,0xFF,0x7F,0x00,0x00,0x00,0x00,0x00,0x00,
	0x00,0x00,0xFF,0x7F,0xFF,0x7F,0xFF,0x7F,0xFF,0x7F,0xFF,0x7F,0xFF,0x7F,0x00,0x00,
	0x00,0x00,0xFF,0x7F,0xFF,0x7F,0x00,0x00,0x00,0x00,0x5A,0x6B,0x5A,0x6B,0xFF,0x7F,
	0x00,0x00,0x9C,0x73,0x9C,0x73,0x9C,0x73,0x9C,0x73,0x9C,0x73,0x9C,0x73,0x9C,0x73,
	0xB5,0x56,0x9C,0x73,0x9C,0x73,0x9C,0x73,0x9C,0x73,0x9C,0x73,0x9C,0x73,0x9C,0x73,

	0x9C,0x73,0x9C,0x73,0x9C,0x73,0x9C,0x73,0x9C,0x73,0x9C,0x73,0x9C,0x73,0x9C,0x73,
	0x9C,0x73,0x9C,0x73,0x9C,0x73,0x9C,0x73,0x9C,0x73,0x9C,0x73,0x9C,0x73,0x9C,0x73,
	0xFF,0x7F,0xFF,0x7F,0xFF,0x7F,0xFF,0x7F,0xFF,0x7F,0xFF,0x7F,0xFF,0x7F,0xFF,0x7F,
	0xFF,0x7F,0xFF,0x7F,0xFF,0x7F,0xFF,0x7F,0xFF,0x7F,0xFF,0x7F,0xFF,0x7F,0xFF,0x7F,
	0xFF,0x7F,0xFF,0x7F,0xFF,0x7F,0xFF,0x7F,0xFF,0x7F,0xFF,0x7F,0xFF,0x7F,0xFF,0x7F,
	0xB5,0x56,0xFF,0x7F,0xFF,0x7F,0xFF,0x7F,0xFF,0x7F,0xFF,0x7F,0xFF,0x7F,0xFF,0x7F,
	0x00,0x00,0xFF,0x7F,0x5A,0x6B,0x5A,0x6B,0xFF,0x7F,0xFF,0x7F,0x00,0x00,0x00,0x00,
	0x00,0x00,0x00,0x00,0xFF,0x7F,0xFF,0x7F,0x00,0x00,0x00,0x00,0xFF,0x7F,0xFF,0x7F,

	0x00,0x00,0x00,0x00,0x00,0x00,0x00,0x00,0x00,0x00,0x00,0x00,0x00,0x00,0x00,0x00,
	0x00,0x00,0x00,0x00,0x00,0x00,0x00,0x00,0xFF,0x7F,0xFF,0x7F,0x00,0x00,0x00,0x00,
	0xFF,0x7F,0xFF,0x7F,0xFF,0x7F,0xFF,0x7F,0x00,0x00,0x00,0x00,0x00,0x00,0x00,0x00,
	0x00,0x00,0x00,0x00,0x00,0x00,0x00,0x00,0x00,0x00,0x00,0x00,0xFF,0x7F,0xFF,0x7F,
	0xFF,0x7F,0xFF,0x7F,0xFF,0x7F,0xFF,0x7F,0x00,0x00,0x00,0x00,0x00,0x00,0x00,0x00,
	0x00,0x00,0x00,0x00,0xFF,0x7F,0xFF,0x7F,0x00,0x00,0x00,0x00,0xFF,0x7F,0xFF,0x7F,
	0x00,0x00,0x00,0x00,0xFF,0x7F,0xFF,0x7F,0xFF,0x7F,0xFF,0x7F,0xFF,0x7F,0xFF,0x7F,
	0xFF,0x7F,0xFF,0x7F,0x00,0x00,0x00,0x00,0xFF,0x7F,0xFF,0x7F,0x5A,0x6B,0x5A,0x6B,

	0xFF,0x7F,0x00,0x00,0xFF,0x7F,0xFF,0x7F,0xFF,0x7F,0xFF,0x7F,0xFF,0x7F,0xFF,0x7F,
	0xB5,0x56,0xFF,0x7F,0xFF,0x7F,0xFF,0x7F,0xFF,0x7F,0xFF,0x7F,0xFF,0x7F,0x00,0x00,
	0xFF,0x7F,0x5A,0x6B,0x5A,0x6B,0x00,0x00,0x00,0x00,0xFF,0x7F,0xFF,0x7F,0xFF,0x7F,
	0xFF,0x7F,0x00,0x00,0x00,0x00,0x00,0x00,0x00,0x00,0x00,0x00,0x00,0x00,0x00,0x00,
	0x00,0x00,0xFF,0x7F,0xFF,0x7F,0xFF,0x7F,0xFF,0x7F,0xFF,0x7F,0xFF,0x7F,0xFF,0x7F,
	0xFF,0x7F,0x00,0x00,0x00,0x00,0xFF,0x7F,0xFF,0x7F,0xFF,0x7F,0xFF,0x7F,0x00,0x00,
	0x00,0x00,0x00,0x00,0x00,0x00,0xFF,0x7F,0xFF,0x7F,0xFF,0x7F,0xFF,0x7F,0x00,0x00,
	0x00,0x00,0xFF,0x7F,0xFF,0x7F,0x00,0x00,0x00,0x00,0xFF,0x7F,0xFF,0x7F,0xFF,0x7F,

	0xFF,0x7F,0xFF,0x7F,0xFF,0x7F,0x00,0x00,0x00,0x00,0x00,0x00,0x00,0x00,0x00,0x00,
	0x00,0x00,0xFF,0x7F,0xFF,0x7F,0xFF,0x7F,0xFF,0x7F,0x00,0x00,0x00,0x00,0x00,0x00,
	0x00,0x00,0xFF,0x7F,0xFF,0x7F,0xFF,0x7F,0xFF,0x7F,0xFF,0x7F,0xFF,0x7F,0x00,0x00,
	0x00,0x00,0xFF,0x7F,0xFF,0x7F,0x00,0x00,0x00,0x00,0x5A,0x6B,0x5A,0x6B,0xFF,0x7F,
	0x00,0x00,0xFF,0x7F,0xFF,0x7F,0xFF,0x7F,0xFF,0x7F,0xFF,0x7F,0xFF,0x7F,0xFF,0x7F,
	0xB5,0x56,0xFF,0x7F,0xFF,0x7F,0xFF,0x7F,0xFF,0x7F,0xFF,0x7F,0xFF,0x7F,0xFF,0x7F,
	0xFF,0x7F,0xFF,0x7F,0xFF,0x7F,0xFF,0x7F,0xFF,0x7F,0xFF,0x7F,0xFF,0x7F,0xFF,0x7F,
	0xFF,0x7F,0xFF,0x7F,0xFF,0x7F,0xFF,0x7F,0xFF,0x7F,0xFF,0x7F,0xFF,0x7F,0xFF,0x7F,

	0x9C,0x73,0x9C,0x73,0x9C,0x73,0x9C,0x73,0x9C,0x73,0x9C,0x73,0x9C,0x73,0x9C,0x73,
	0x9C,0x73,0x9C,0x73,0x9C,0x73,0x9C,0x73,0x9C,0x73,0x9C,0x73,0x9C,0x73,0x9C,0x73,
	0x9C,0x73,0x9C,0x73,0x9C,0x73,0x9C,0x73,0x9C,0x73,0x9C,0x73,0x9C,0x73,0x9C,0x73,
	0xB5,0x56,0x9C,0x73,0x9C,0x73,0x9C,0x73,0x9C,0x73,0x9C,0x73,0x9C,0x73,0x9C,0x73,
	0x00,0x00,0xFF,0x7F,0x5A,0x6B,0x5A,0x6B,0x00,0x00,0x00,0x00,0xFF,0x7F,0xFF,0x7F,
	0xFF,0x7F,0xFF,0x7F,0x00,0x00,0x00,0x00,0x00,0x00,0x00,0x00,0xFF,0x7F,0xFF,0x7F,
	0xFF,0x7F,0xFF,0x7F,0x00,0x00,0x00,0x00,0xFF,0x7F,0xFF,0x7F,0xFF,0x7F,0xFF,0x7F,
	0xFF,0x7F,0xFF,0x7F,0x00,0x00,0x00,0x00,0xFF,0x7F,0xFF,0x7F,0xFF,0x7F,0xFF,0x7F,

	0x00,0x00,0x00,0x00,0xFF,0x7F,0xFF,0x7F,0x00,0x00,0x00,0x00,0xFF,0x7F,0xFF,0x7F,
	0xFF,0x7F,0xFF,0x7F,0xFF,0x7F,0xFF,0x7F,0xFF,0x7F,0xFF,0x7F,0x00,0x00,0x00,0x00,
	0x00,0x00,0x00,0x00,0xFF,0x7F,0xFF,0x7F,0x00,0x00,0x00,0x00,0xFF,0x7F,0xFF,0x7F,
	0xFF,0x7F,0xFF,0x7F,0xFF,0x7F,0xFF,0x7F,0x00,0x00,0x00,0x00,0xFF,0x7F,0xFF,0x7F,
	0x00,0x00,0x00,0x00,0xFF,0x7F,0xFF,0x7F,0x00,0x00,0x00,0x00,0xFF,0x7F,0xFF,0x7F,
	0xFF,0x7F,0xFF,0x7F,0xFF,0x7F,0xFF,0x7F,0x00,0x00,0x00,0x00,0x5A,0x6B,0x5A,0x6B,
	0xFF,0x7F,0x00,0x00,0x9C,0x73,0x9C,0x73,0x9C,0x73,0x9C,0x73,0x9C,0x73,0x9C,0x73,
	0xB5,0x56,0x9C,0x73,0x9C,0x73,0x9C,0x73,0x9C,0x73,0x9C,0x73,0x9C,0x73,0x00,0x00,

	0xFF,0x7F,0x5A,0x6B,0x5A,0x6B,0xFF,0x7F,0xFF,0x7F,0x00,0x00,0x00,0x00,0xFF,0x7F,
	0xFF,0x7F,0x00,0x00,0x00,0x00,0xFF,0x7F,0xFF,0x7F,0x00,0x00,0x00,0x00,0xFF,0x7F,
	0xFF,0x7F,0xFF,0x7F,0xFF,0x7F,0x00,0x00,0x00,0x00,0xFF,0x7F,0xFF,0x7F,0x00,0x00,
	0x00,0x00,0xFF,0x7F,0xFF,0x7F,0xFF,0x7F,0xFF,0x7F,0x00,0x00,0x00,0x00,0x00,0x00,
	0x00,0x00,0x00,0x00,0x00,0x00,0x00,0x00,0x00,0x00,0xFF,0x7F,0xFF,0x7F,0xFF,0x7F,
	0xFF,0x7F,0xFF,0x7F,0xFF,0x7F,0xFF,0x7F,0xFF,0x7F,0x00,0x00,0x00,0x00,0xFF,0x7F,
	0xFF,0x7F,0xFF,0x7F,0xFF,0x7F,0x00,0x00,0x00,0x00,0x00,0x00,0x00,0x00,0x00,0x00,
	0x00,0x00,0x00,0x00,0x00,0x00,0xFF,0x7F,0xFF,0x7F,0xFF,0x7F,0xFF,0x7F,0x00,0x00,

	0x00,0x00,0xFF,0x7F,0xFF,0x7F,0xFF,0x7F,0xFF,0x7F,0xFF,0x7F,0xFF,0x7F,0xFF,0x7F,
	0xFF,0x7F,0xFF,0x7F,0xFF,0x7F,0x00,0x00,0x00,0x00,0x5A,0x6B,0x5A,0x6B,0xFF,0x7F,
	0x00,0x00,0x9C,0x73,0x9C,0x73,0x9C,0x73,0x9C,0x73,0x9C,0x73,0x9C,0x73,0x9C,0x73,
	0xB5,0x56,0x9C,0x73,0x9C,0x73,0x9C,0x73,0x9C,0x73,0x9C,0x73,0x9C,0x73,0x9C,0x73,
	0x9C,0x73,0x9C,0x73,0x9C,0x73,0x9C,0x73,0x9C,0x73,0x9C,0x73,0x9C,0x73,0x9C,0x73,
	0x9C,0x73,0x9C,0x73,0x9C,0x73,0x9C,0x73,0x9C,0x73,0x9C,0x73,0x9C,0x73,0x9C,0x73,
	0xFF,0x7F,0xFF,0x7F,0xFF,0x7F,0xFF,0x7F,0xFF,0x7F,0xFF,0x7F,0xFF,0x7F,0xFF,0x7F,
	0xFF,0x7F,0xFF,0x7F,0xFF,0x7F,0xFF,0x7F,0xFF,0x7F,0xFF,0x7F,0xFF,0x7F,0xFF,0x7F,

	0xFF,0x7F,0xFF,0x7F,0xFF,0x7F,0xFF,0x7F,0xFF,0x7F,0xFF,0x7F,0xFF,0x7F,0xFF,0x7F,
	0xB5,0x56,0xFF,0x7F,0xFF,0x7F,0xFF,0x7F,0xFF,0x7F,0xFF,0x7F,0xFF,0x7F,0xFF,0x7F,
	0x00,0x00,0xFF,0x7F,0x5A,0x6B,0x5A,0x6B,0x00,0x00,0x00,0x00,0xFF,0x7F,0xFF,0x7F,
	0xFF,0x7F,0xFF,0x7F,0x00,0x00,0x00,0x00,0x00,0x00,0x00,0x00,0xFF,0x7F,0xFF,0x7F,
	0xFF,0x7F,0xFF,0x7F,0x00,0x00,0x00,0x00,0xFF,0x7F,0xFF,0x7F,0xFF,0x7F,0xFF,0x7F,
	0xFF,0x7F,0xFF,0x7F,0x00,0x00,0x00,0x00,0xFF,0x7F,0xFF,0x7F,0xFF,0x7F,0xFF,0x7F,
	0x00,0x00,0x00,0x00,0xFF,0x7F,0xFF,0x7F,0x00,0x00,0x00,0x00,0xFF,0x7F,0xFF,0x7F,
	0xFF,0x7F,0xFF,0x7F,0xFF,0x7F,0xFF,0x7F,0xFF,0x7F,0xFF,0x7F,0x00,0x00,0x00,0x00,

	0x00,0x00,0x00,0x00,0xFF,0x7F,0xFF,0x7F,0x00,0x00,0x00,0x00,0xFF,0x7F,0xFF,0x7F,
	0xFF,0x7F,0xFF,0x7F,0xFF,0x7F,0xFF,0x7F,0x00,0x00,0x00,0x00,0xFF,0x7F,0xFF,0x7F,
	0x00,0x00,0x00,0x00,0xFF,0x7F,0xFF,0x7F,0x00,0x00,0x00,0x00,0xFF,0x7F,0xFF,0x7F,
	0xFF,0x7F,0xFF,0x7F,0xFF,0x7F,0xFF,0x7F,0x00,0x00,0x00,0x00,0x5A,0x6B,0x5A,0x6B,
	0xFF,0x7F,0x00,0x00,0xFF,0x7F,0xFF,0x7F,0xFF,0x7F,0xFF,0x7F,0xFF,0x7F,0xFF,0x7F,
	0xB5,0x56,0xFF,0x7F,0xFF,0x7F,0xFF,0x7F,0xFF,0x7F,0xFF,0x7F,0xFF,0x7F,0x00,0x00,
	0xFF,0x7F,0x5A,0x6B,0x5A,0x6B,0xFF,0x7F,0xFF,0x7F,0x00,0x00,0x00,0x00,0xFF,0x7F,
	0xFF,0x7F,0x00,0x00,0x00,0x00,0xFF,0x7F,0xFF,0x7F,0x00,0x00,0x00,0x00,0xFF,0x7F,

	0xFF,0x7F,0xFF,0x7F,0xFF,0x7F,0x00,0x00,0x00,0x00,0xFF,0x7F,0xFF,0x7F,0x00,0x00,
	0x00,0x00,0xFF,0x7F,0xFF,0x7F,0xFF,0x7F,0xFF,0x7F,0x00,0x00,0x00,0x00,0x00,0x00,
	0x00,0x00,0x00,0x00,0x00,0x00,0x00,0x00,0x00,0x00,0xFF,0x7F,0xFF,0x7F,0xFF,0x7F,
	0xFF,0x7F,0xFF,0x7F,0xFF,0x7F,0xFF,0x7F,0xFF,0x7F,0x00,0x00,0x00,0x00,0xFF,0x7F,
	0xFF,0x7F,0xFF,0x7F,0xFF,0x7F,0x00,0x00,0x00,0x00,0x00,0x00,0x00,0x00,0x00,0x00,
	0x00,0x00,0x00,0x00,0x00,0x00,0xFF,0x7F,0xFF,0x7F,0xFF,0x7F,0xFF,0x7F,0x00,0x00,
	0x00,0x00,0xFF,0x7F,0xFF,0x7F,0xFF,0x7F,0xFF,0x7F,0xFF,0x7F,0xFF,0x7F,0xFF,0x7F,
	0xFF,0x7F,0xFF,0x7F,0xFF,0x7F,0x00,0x00,0x00,0x00,0x5A,0x6B,0x5A,0x6B,0xFF,0x7F,

	0x00,0x00,0xFF,0x7F,0xFF,0x7F,0xFF,0x7F,0xFF,0x7F,0xFF,0x7F,0xFF,0x7F,0xFF,0x7F,
	0xB5,0x56,0xFF,0x7F,0xFF,0x7F,0xFF,0x7F,0xFF,0x7F,0xFF,0x7F,0xFF,0x7F,0xFF,0x7F,
	0xFF,0x7F,0xFF,0x7F,0xFF,0x7F,0xFF,0x7F,0xFF,0x7F,0xFF,0x7F,0xFF,0x7F,0xFF,0x7F,
	0xFF,0x7F,0xFF,0x7F,0xFF,0x7F,0xFF,0x7F,0xFF,0x7F,0xFF,0x7F,0xFF,0x7F,0xFF,0x7F,
	0x9C,0x73,0x9C,0x73,0x9C,0x73,0x9C,0x73,0x9C,0x73,0x9C,0x73,0x9C,0x73,0x9C,0x73,
	0x9C,0x73,0x9C,0x73,0x9C,0x73,0x9C,0x73,0x9C,0x73,0x9C,0x73,0x9C,0x73,0x9C,0x73,
	0x9C,0x73,0x9C,0x73,0x9C,0x73,0x9C,0x73,0x9C,0x73,0x9C,0x73,0x9C,0x73,0x9C,0x73,
	0xB5,0x56,0x9C,0x73,0x9C,0x73,0x9C,0x73,0x9C,0x73,0x9C,0x73,0x9C,0x73,0x9C,0x73,

	0x00,0x00,0xFF,0x7F,0x5A,0x6B,0x5A,0x6B,0xFF,0x7F,0xFF,0x7F,0xFF,0x7F,0xFF,0x7F,
	0x00,0x00,0x00,0x00,0xFF,0x7F,0xFF,0x7F,0x00,0x00,0x00,0x00,0xFF,0x7F,0xFF,0x7F,
	0x00,0x00,0x00,0x00,0xFF,0x7F,0xFF,0x7F,0xFF,0x7F,0xFF,0x7F,0xFF,0x7F,0xFF,0x7F,
	0x00,0x00,0x00,0x00,0xFF,0x7F,0xFF,0x7F,0x00,0x00,0x00,0x00,0xFF,0x7F,0xFF,0x7F,
	0x00,0x00,0x00,0x00,0x00,0x00,0x00,0x00,0xFF,0x7F,0xFF,0x7F,0xFF,0x7F,0xFF,0x7F,
	0x00,0x00,0x00,0x00,0x00,0x00,0x00,0x00,0xFF,0x7F,0xFF,0x7F,0x00,0x00,0x00,0x00,
	0xFF,0x7F,0xFF,0x7F,0xFF,0x7F,0xFF,0x7F,0x00,0x00,0x00,0x00,0x00,0x00,0x00,0x00,
	0xFF,0x7F,0xFF,0x7F,0x00,0x00,0x00,0x00,0x00,0x00,0x00,0x00,0x00,0x00,0x00,0x00,

	0x00,0x00,0x00,0x00,0x00,0x00,0x00,0x00,0x00,0x00,0x00,0x00,0xFF,0x7F,0xFF,0x7F,
	0x00,0x00,0x00,0x00,0x00,0x00,0x00,0x00,0x00,0x00,0x00,0x00,0x5A,0x6B,0x5A,0x6B,
	0xFF,0x7F,0x00,0x00,0x9C,0x73,0x9C,0x73,0x9C,0x73,0x9C,0x73,0x9C,0x73,0x9C,0x73,
	0xB5,0x56,0x9C,0x73,0x9C,0x73,0x9C,0x73,0x9C,0x73,0x9C,0x73,0x9C,0x73,0x00,0x00,
	0xFF,0x7F,0x5A,0x6B,0x5A,0x6B,0x00,0x00,0x00,0x00,0x00,0x00,0x00,0x00,0x00,0x00,
	0x00,0x00,0xFF,0x7F,0xFF,0x7F,0xFF,0x7F,0xFF,0x7F,0xFF,0x7F,0xFF,0x7F,0x00,0x00,
	0x00,0x00,0x00,0x00,0x00,0x00,0xFF,0x7F,0xFF,0x7F,0xFF,0x7F,0xFF,0x7F,0x00,0x00,
	0x00,0x00,0xFF,0x7F,0xFF,0x7F,0x00,0x00,0x00,0x00,0x00,0x00,0x00,0x00,0x00,0x00,

	0x00,0x00,0x00,0x00,0x00,0x00,0xFF,0x7F,0xFF,0x7F,0xFF,0x7F,0xFF,0x7F,0xFF,0x7F,
	0xFF,0x7F,0x00,0x00,0x00,0x00,0x00,0x00,0x00,0x00,0xFF,0x7F,0xFF,0x7F,0x00,0x00,
	0x00,0x00,0x00,0x00,0x00,0x00,0x00,0x00,0x00,0x00,0xFF,0x7F,0xFF,0x7F,0xFF,0x7F,
	0xFF,0x7F,0xFF,0x7F,0xFF,0x7F,0x00,0x00,0x00,0x00,0x00,0x00,0x00,0x00,0x00,0x00,
	0x00,0x00,0x00,0x00,0x00,0x00,0x00,0x00,0x00,0x00,0xFF,0x7F,0xFF,0x7F,0x00,0x00,
	0x00,0x00,0xFF,0x7F,0xFF,0x7F,0x00,0x00,0x00,0x00,0x5A,0x6B,0x5A,0x6B,0xFF,0x7F,
	0x00,0x00,0x9C,0x73,0x9C,0x73,0x9C,0x73,0x9C,0x73,0x9C,0x73,0x9C,0x73,0x9C,0x73,
	0xB5,0x56,0x9C,0x73,0x9C,0x73,0x9C,0x73,0x9C,0x73,0x9C,0x73,0x9C,0x73,0x9C,0x73,

	0x9C,0x73,0x9C,0x73,0x9C,0x73,0x9C,0x73,0x9C,0x73,0x9C,0x73,0x9C,0x73,0x9C,0x73,
	0x9C,0x73,0x9C,0x73,0x9C,0x73,0x9C,0x73,0x9C,0x73,0x9C,0x73,0x9C,0x73,0x9C,0x73,
	0xFF,0x7F,0xFF,0x7F,0xFF,0x7F,0xFF,0x7F,0xFF,0x7F,0xFF,0x7F,0xFF,0x7F,0xFF,0x7F,
	0xFF,0x7F,0xFF,0x7F,0xFF,0x7F,0xFF,0x7F,0xFF,0x7F,0xFF,0x7F,0xFF,0x7F,0xFF,0x7F,
	0xFF,0x7F,0xFF,0x7F,0xFF,0x7F,0xFF,0x7F,0xFF,0x7F,0xFF,0x7F,0xFF,0x7F,0xFF,0x7F,
	0xB5,0x56,0xFF,0x7F,0xFF,0x7F,0xFF,0x7F,0xFF,0x7F,0xFF,0x7F,0xFF,0x7F,0xFF,0x7F,
	0x00,0x00,0xFF,0x7F,0x5A,0x6B,0x5A,0x6B,0xFF,0x7F,0xFF,0x7F,0xFF,0x7F,0xFF,0x7F,
	0x00,0x00,0x00,0x00,0xFF,0x7F,0xFF,0x7F,0x00,0x00,0x00,0x00,0xFF,0x7F,0xFF,0x7F,

	0x00,0x00,0x00,0x00,0xFF,0x7F,0xFF,0x7F,0xFF,0x7F,0xFF,0x7F,0xFF,0x7F,0xFF,0x7F,
	0x00,0x00,0x00,0x00,0xFF,0x7F,0xFF,0x7F,0x00,0x00,0x00,0x00,0xFF,0x7F,0xFF,0x7F,
	0x00,0x00,0x00,0x00,0x00,0x00,0x00,0x00,0xFF,0x7F,0xFF,0x7F,0xFF,0x7F,0xFF,0x7F,
	0x00,0x00,0x00,0x00,0x00,0x00,0x00,0x00,0xFF,0x7F,0xFF,0x7F,0x00,0x00,0x00,0x00,
	0xFF,0x7F,0xFF,0x7F,0xFF,0x7F,0xFF,0x7F,0x00,0x00,0x00,0x00,0x00,0x00,0x00,0x00,
	0xFF,0x7F,0xFF,0x7F,0x00,0x00,0x00,0x00,0x00,0x00,0x00,0x00,0x00,0x00,0x00,0x00,
	0x00,0x00,0x00,0x00,0x00,0x00,0x00,0x00,0x00,0x00,0x00,0x00,0xFF,0x7F,0xFF,0x7F,
	0x00,0x00,0x00,0x00,0x00,0x00,0x00,0x00,0x00,0x00,0x00,0x00,0x5A,0x6B,0x5A,0x6B,

	0xFF,0x7F,0x00,0x00,0xFF,0x7F,0xFF,0x7F,0xFF,0x7F,0xFF,0x7F,0xFF,0x7F,0xFF,0x7F,
	0xB5,0x56,0xFF,0x7F,0xFF,0x7F,0xFF,0x7F,0xFF,0x7F,0xFF,0x7F,0xFF,0x7F,0x00,0x00,
	0xFF,0x7F,0x5A,0x6B,0x5A,0x6B,0x00,0x00,0x00,0x00,0x00,0x00,0x00,0x00,0x00,0x00,
	0x00,0x00,0xFF,0x7F,0xFF,0x7F,0xFF,0x7F,0xFF,0x7F,0xFF,0x7F,0xFF,0x7F,0x00,0x00,
	0x00,0x00,0x00,0x00,0x00,0x00,0xFF,0x7F,0xFF,0x7F,0xFF,0x7F,0xFF,0x7F,0x00,0x00,
	0x00,0x00,0xFF,0x7F,0xFF,0x7F,0x00,0x00,0x00,0x00,0x00,0x00,0x00,0x00,0x00,0x00,
	0x00,0x00,0x00,0x00,0x00,0x00,0xFF,0x7F,0xFF,0x7F,0xFF,0x7F,0xFF,0x7F,0xFF,0x7F,
	0xFF,0x7F,0x00,0x00,0x00,0x00,0x00,0x00,0x00,0x00,0xFF,0x7F,0xFF,0x7F,0x00,0x00,

	0x00,0x00,0x00,0x00,0x00,0x00,0x00,0x00,0x00,0x00,0xFF,0x7F,0xFF,0x7F,0xFF,0x7F,
	0xFF,0x7F,0xFF,0x7F,0xFF,0x7F,0x00,0x00,0x00,0x00,0x00,0x00,0x00,0x00,0x00,0x00,
	0x00,0x00,0x00,0x00,0x00,0x00,0x00,0x00,0x00,0x00,0xFF,0x7F,0xFF,0x7F,0x00,0x00,
	0x00,0x00,0xFF,0x7F,0xFF,0x7F,0x00,0x00,0x00,0x00,0x5A,0x6B,0x5A,0x6B,0xFF,0x7F,
	0x00,0x00,0xFF,0x7F,0xFF,0x7F,0xFF,0x7F,0xFF,0x7F,0xFF,0x7F,0xFF,0x7F,0xFF,0x7F,
	0xB5,0x56,0xFF,0x7F,0xFF,0x7F,0xFF,0x7F,0xFF,0x7F,0xFF,0x7F,0xFF,0x7F,0xFF,0x7F,
	0xFF,0x7F,0xFF,0x7F,0xFF,0x7F,0xFF,0x7F,0xFF,0x7F,0xFF,0x7F,0xFF,0x7F,0xFF,0x7F,
	0xFF,0x7F,0xFF,0x7F,0xFF,0x7F,0xFF,0x7F,0xFF,0x7F,0xFF,0x7F,0xFF,0x7F,0xFF,0x7F,

	0x9C,0x73,0x9C,0x73,0x9C,0x73,0x9C,0x73,0x9C,0x73,0x9C,0x73,0x9C,0x73,0x9C,0x73,
	0x9C,0x73,0x9C,0x73,0x9C,0x73,0x9C,0x73,0x9C,0x73,0x9C,0x73,0x9C,0x73,0x9C,0x73,
	0x9C,0x73,0x9C,0x73,0x9C,0x73,0x9C,0x73,0x9C,0x73,0x9C,0x73,0x9C,0x73,0x9C,0x73,
	0xB5,0x56,0x9C,0x73,0x9C,0x73,0x9C,0x73,0x9C,0x73,0x9C,0x73,0x9C,0x73,0x9C,0x73,
	0x00,0x00,0xFF,0x7F,0x5A,0x6B,0x5A,0x6B,0xFF,0x7F,0xFF,0x7F,0xFF,0x7F,0xFF,0x7F,
	0xFF,0x7F,0xFF,0x7F,0xFF,0x7F,0xFF,0x7F,0xFF,0x7F,0xFF,0x7F,0xFF,0x7F,0xFF,0x7F,
	0xFF,0x7F,0xFF,0x7F,0xFF,0x7F,0xFF,0x7F,0x00,0x00,0x00,0x00,0x00,0x00,0x00,0x00,
	0x00,0x00,0x00,0x00,0xFF,0x7F,0xFF,0x7F,0xFF,0x7F,0xFF,0x7F,0xFF,0x7F,0xFF,0x7F,

	0x00,0x00,0x00,0x00,0x00,0x00,0x00,0x00,0x00,0x00,0x00,0x00,0xFF,0x7F,0xFF,0x7F,
	0x00,0x00,0x00,0x00,0xFF,0x7F,0xFF,0x7F,0x00,0x00,0x00,0x00,0xFF,0x7F,0xFF,0x7F,
	0xFF,0x7F,0xFF,0x7F,0x00,0x00,0x00,0x00,0x00,0x00,0x00,0x00,0x00,0x00,0x00,0x00,
	0x00,0x00,0x00,0x00,0xFF,0x7F,0xFF,0x7F,0x00,0x00,0x00,0x00,0xFF,0x7F,0xFF,0x7F,
	0xFF,0x7F,0xFF,0x7F,0xFF,0x7F,0xFF,0x7F,0x00,0x00,0x00,0x00,0xFF,0x7F,0xFF,0x7F,
	0x00,0x00,0x00,0x00,0xFF,0x7F,0xFF,0x7F,0x00,0x00,0x00,0x00,0x5A,0x6B,0x5A,0x6B,
	0xFF,0x7F,0x00,0x00,0x9C,0x73,0x9C,0x73,0x9C,0x73,0x9C,0x73,0x9C,0x73,0x9C,0x73,
	0xB5,0x56,0x9C,0x73,0x9C,0x73,0x9C,0x73,0x9C,0x73,0x9C,0x73,0x9C,0x73,0x00,0x00,

	0xFF,0x7F,0x5A,0x6B,0x5A,0x6B,0xFF,0x7F,0xFF,0x7F,0xFF,0x7F,0xFF,0x7F,0xFF,0x7F,
	0xFF,0x7F,0xFF,0x7F,0xFF,0x7F,0xFF,0x7F,0xFF,0x7F,0xFF,0x7F,0xFF,0x7F,0xFF,0x7F,
	0xFF,0x7F,0xFF,0x7F,0xFF,0x7F,0x00,0x00,0x00,0x00,0x00,0x00,0x00,0x00,0x00,0x00,
	0x00,0x00,0x00,0x00,0x00,0x00,0x00,0x00,0x00,0x00,0x00,0x00,0x00,0x00,0xFF,0x7F,
	0xFF,0x7F,0x00,0x00,0x00,0x00,0xFF,0x7F,0xFF,0x7F,0xFF,0x7F,0xFF,0x7F,0xFF,0x7F,
	0xFF,0x7F,0x00,0x00,0x00,0x00,0x00,0x00,0x00,0x00,0xFF,0x7F,0xFF,0x7F,0xFF,0x7F,
	0xFF,0x7F,0x00,0x00,0x00,0x00,0x00,0x00,0x00,0x00,0xFF,0x7F,0xFF,0x7F,0xFF,0x7F,
	0xFF,0x7F,0x00,0x00,0x00,0x00,0x00,0x00,0x00,0x00,0xFF,0x7F,0xFF,0x7F,0xFF,0x7F,

	0xFF,0x7F,0xFF,0x7F,0xFF,0x7F,0x00,0x00,0x00,0x00,0xFF,0x7F,0xFF,0x7F,0xFF,0x7F,
	0xFF,0x7F,0x00,0x00,0x00,0x00,0x00,0x00,0x00,0x00,0x5A,0x6B,0x5A,0x6B,0xFF,0x7F,
	0x00,0x00,0x9C,0x73,0x9C,0x73,0x9C,0x73,0x9C,0x73,0x9C,0x73,0x9C,0x73,0x9C,0x73,
	0xB5,0x56,0x9C,0x73,0x9C,0x73,0x9C,0x73,0x9C,0x73,0x9C,0x73,0x9C,0x73,0x9C,0x73,
	0x9C,0x73,0x9C,0x73,0x9C,0x73,0x9C,0x73,0x9C,0x73,0x9C,0x73,0x9C,0x73,0x9C,0x73,
	0x9C,0x73,0x9C,0x73,0x9C,0x73,0x9C,0x73,0x9C,0x73,0x9C,0x73,0x9C,0x73,0x9C,0x73,
	0xFF,0x7F,0xFF,0x7F,0xFF,0x7F,0xFF,0x7F,0xFF,0x7F,0xFF,0x7F,0xFF,0x7F,0xFF,0x7F,
	0xFF,0x7F,0xFF,0x7F,0xFF,0x7F,0xFF,0x7F,0xFF,0x7F,0xFF,0x7F,0xFF,0x7F,0xFF,0x7F,

	0xFF,0x7F,0xFF,0x7F,0xFF,0x7F,0xFF,0x7F,0xFF,0x7F,0xFF,0x7F,0xFF,0x7F,0xFF,0x7F,
	0xB5,0x56,0xFF,0x7F,0xFF,0x7F,0xFF,0x7F,0xFF,0x7F,0xFF,0x7F,0xFF,0x7F,0xFF,0x7F,
	0x00,0x00,0xFF,0x7F,0x5A,0x6B,0x5A,0x6B,0xFF,0x7F,0xFF,0x7F,0xFF,0x7F,0xFF,0x7F,
	0xFF,0x7F,0xFF,0x7F,0xFF,0x7F,0xFF,0x7F,0xFF,0x7F,0xFF,0x7F,0xFF,0x7F,0xFF,0x7F,
	0xFF,0x7F,0xFF,0x7F,0xFF,0x7F,0xFF,0x7F,0x00,0x00,0x00,0x00,0x00,0x00,0x00,0x00,
	0x00,0x00,0x00,0x00,0xFF,0x7F,0xFF,0x7F,0xFF,0x7F,0xFF,0x7F,0xFF,0x7F,0xFF,0x7F,
	0x00,0x00,0x00,0x00,0x00,0x00,0x00,0x00,0x00,0x00,0x00,0x00,0xFF,0x7F,0xFF,0x7F,
	0x00,0x00,0x00,0x00,0xFF,0x7F,0xFF,0x7F,0x00,0x00,0x00,0x00,0xFF,0x7F,0xFF,0x7F,

	0xFF,0x7F,0xFF,0x7F,0x00,0x00,0x00,0x00,0x00,0x00,0x00,0x00,0x00,0x00,0x00,0x00,
	0x00,0x00,0x00,0x00,0xFF,0x7F,0xFF,0x7F,0x00,0x00,0x00,0x00,0xFF,0x7F,0xFF,0x7F,
	0xFF,0x7F,0xFF,0x7F,0xFF,0x7F,0xFF,0x7F,0x00,0x00,0x00,0x00,0xFF,0x7F,0xFF,0x7F,
	0x00,0x00,0x00,0x00,0xFF,0x7F,0xFF,0x7F,0x00,0x00,0x00,0x00,0x5A,0x6B,0x5A,0x6B,
	0xFF,0x7F,0x00,0x00,0xFF,0x7F,0xFF,0x7F,0xFF,0x7F,0xFF,0x7F,0xFF,0x7F,0xFF,0x7F,
	0xB5,0x56,0xFF,0x7F,0xFF,0x7F,0xFF,0x7F,0xFF,0x7F,0xFF,0x7F,0xFF,0x7F,0x00,0x00,
	0xFF,0x7F,0x5A,0x6B,0x5A,0x6B,0xFF,0x7F,0xFF,0x7F,0xFF,0x7F,0xFF,0x7F,0xFF,0x7F,
	0xFF,0x7F,0xFF,0x7F,0xFF,0x7F,0xFF,0x7F,0xFF,0x7F,0xFF,0x7F,0xFF,0x7F,0xFF,0x7F,

	0xFF,0x7F,0xFF,0x7F,0xFF,0x7F,0x00,0x00,0x00,0x00,0x00,0x00,0x00,0x00,0x00,0x00,
	0x00,0x00,0x00,0x00,0x00,0x00,0x00,0x00,0x00,0x00,0x00,0x00,0x00,0x00,0xFF,0x7F,
	0xFF,0x7F,0x00,0x00,0x00,0x00,0xFF,0x7F,0xFF,0x7F,0xFF,0x7F,0xFF,0x7F,0xFF,0x7F,
	0xFF,0x7F,0x00,0x00,0x00,0x00,0x00,0x00,0x00,0x00,0xFF,0x7F,0xFF,0x7F,0xFF,0x7F,
	0xFF,0x7F,0x00,0x00,0x00,0x00,0x00,0x00,0x00,0x00,0xFF,0x7F,0xFF,0x7F,0xFF,0x7F,
	0xFF,0x7F,0x00,0x00,0x00,0x00,0x00,0x00,0x00,0x00,0xFF,0x7F,0xFF,0x7F,0xFF,0x7F,
	0xFF,0x7F,0xFF,0x7F,0xFF,0x7F,0x00,0x00,0x00,0x00,0xFF,0x7F,0xFF,0x7F,0xFF,0x7F,
	0xFF,0x7F,0x00,0x00,0x00,0x00,0x00,0x00,0x00,0x00,0x5A,0x6B,0x5A,0x6B,0xFF,0x7F,

	0x00,0x00,0xFF,0x7F,0xFF,0x7F,0xFF,0x7F,0xFF,0x7F,0xFF,0x7F,0xFF,0x7F,0xFF,0x7F,
	0xB5,0x56,0xFF,0x7F,0xFF,0x7F,0xFF,0x7F,0xFF,0x7F,0xFF,0x7F,0xFF,0x7F,0xFF,0x7F,
	0xFF,0x7F,0xFF,0x7F,0xFF,0x7F,0xFF,0x7F,0xFF,0x7F,0xFF,0x7F,0xFF,0x7F,0xFF,0x7F,
	0xFF,0x7F,0xFF,0x7F,0xFF,0x7F,0xFF,0x7F,0xFF,0x7F,0xFF,0x7F,0xFF,0x7F,0xFF,0x7F,
	0x9C,0x73,0x9C,0x73,0x9C,0x73,0x9C,0x73,0x9C,0x73,0x9C,0x73,0x9C,0x73,0x9C,0x73,
	0x9C,0x73,0x9C,0x73,0x9C,0x73,0x9C,0x73,0x9C,0x73,0x9C,0x73,0x9C,0x73,0x9C,0x73,
	0x9C,0x73,0x9C,0x73,0x9C,0x73,0x9C,0x73,0x9C,0x73,0x9C,0x73,0x9C,0x73,0x9C,0x73,
	0xB5,0x56,0x9C,0x73,0x9C,0x73,0x9C,0x73,0x9C,0x73,0x9C,0x73,0x9C,0x73,0x9C,0x73,

	0x00,0x00,0xFF,0x7F,0x5A,0x6B,0x5A,0x6B,0x00,0x00,0x00,0x00,0x00,0x00,0x00,0x00,
	0x00,0x00,0x00,0x00,0x00,0x00,0x00,0x00,0x00,0x00,0x00,0x00,0x00,0x00,0x00,0x00,
	0x00,0x00,0x00,0x00,0xFF,0x7F,0xFF,0x7F,0xFF,0x7F,0xFF,0x7F,0xFF,0x7F,0xFF,0x7F,
	0x00,0x00,0x00,0x00,0xFF,0x7F,0xFF,0x7F,0xFF,0x7F,0xFF,0x7F,0x00,0x00,0x00,0x00,
	0x00,0x00,0x00,0x00,0x00,0x00,0x00,0x00,0x00,0x00,0x00,0x00,0xFF,0x7F,0xFF,0x7F,
	0xFF,0x7F,0xFF,0x7F,0xFF,0x7F,0xFF,0x7F,0xFF,0x7F,0xFF,0x7F,0xFF,0x7F,0xFF,0x7F,
	0xFF,0x7F,0xFF,0x7F,0xFF,0x7F,0xFF,0x7F,0x00,0x00,0x00,0x00,0x00,0x00,0x00,0x00,
	0xFF,0x7F,0xFF,0x7F,0xFF,0x7F,0xFF,0x7F,0x00,0x00,0x00,0x00,0xFF,0x7F,0xFF,0x7F,

	0x00,0x00,0x00,0x00,0xFF,0x7F,0xFF,0x7F,0x00,0x00,0x00,0x00,0xFF,0x7F,0xFF,0x7F,
	0xFF,0x7F,0xFF,0x7F,0x00,0x00,0x00,0x00,0x00,0x00,0x00,0x00,0x5A,0x6B,0x5A,0x6B,
	0xFF,0x7F,0x00,0x00,0x9C,0x73,0x9C,0x73,0x9C,0x73,0x9C,0x73,0x9C,0x73,0x9C,0x73,
	0xB5,0x56,0x9C,0x73,0x9C,0x73,0x9C,0x73,0x9C,0x73,0x9C,0x73,0x9C,0x73,0x00,0x00,
	0xFF,0x7F,0x5A,0x6B,0x5A,0x6B,0x00,0x00,0x00,0x00,0x00,0x00,0x00,0x00,0x00,0x00,
	0x00,0x00,0x00,0x00,0x00,0x00,0x00,0x00,0x00,0x00,0x00,0x00,0x00,0x00,0x00,0x00,
	0x00,0x00,0xFF,0x7F,0xFF,0x7F,0xFF,0x7F,0xFF,0x7F,0x00,0x00,0x00,0x00,0x00,0x00,
	0x00,0x00,0x00,0x00,0x00,0x00,0x00,0x00,0x00,0x00,0x00,0x00,0x00,0x00,0x00,0x00,

	0x00,0x00,0x00,0x00,0x00,0x00,0xFF,0x7F,0xFF,0x7F,0xFF,0x7F,0xFF,0x7F,0xFF,0x7F,
	0xFF,0x7F,0xFF,0x7F,0xFF,0x7F,0xFF,0x7F,0xFF,0x7F,0x00,0x00,0x00,0x00,0xFF,0x7F,
	0xFF,0x7F,0xFF,0x7F,0xFF,0x7F,0xFF,0x7F,0xFF,0x7F,0x00,0x00,0x00,0x00,0xFF,0x7F,
	0xFF,0x7F,0x00,0x00,0x00,0x00,0x00,0x00,0x00,0x00,0xFF,0x7F,0xFF,0x7F,0x00,0x00,
	0x00,0x00,0xFF,0x7F,0xFF,0x7F,0x00,0x00,0x00,0x00,0xFF,0x7F,0xFF,0x7F,0x00,0x00,
	0x00,0x00,0x00,0x00,0x00,0x00,0x00,0x00,0x00,0x00,0x5A,0x6B,0x5A,0x6B,0xFF,0x7F,
	0x00,0x00,0x9C,0x73,0x9C,0x73,0x9C,0x73,0x9C,0x73,0x9C,0x73,0x9C,0x73,0x9C,0x73,
	0xB5,0x56,0x9C,0x73,0x9C,0x73,0x9C,0x73,0x9C,0x73,0x9C,0x73,0x9C,0x73,0x9C,0x73,

	0x9C,0x73,0x9C,0x73,0x9C,0x73,0x9C,0x73,0x9C,0x73,0x9C,0x73,0x9C,0x73,0x9C,0x73,
	0x9C,0x73,0x9C,0x73,0x9C,0x73,0x9C,0x73,0x9C,0x73,0x9C,0x73,0x9C,0x73,0x9C,0x73,
	0xFF,0x7F,0xFF,0x7F,0xFF,0x7F,0xFF,0x7F,0xFF,0x7F,0xFF,0x7F,0xFF,0x7F,0xFF,0x7F,
	0xFF,0x7F,0xFF,0x7F,0xFF,0x7F,0xFF,0x7F,0xFF,0x7F,0xFF,0x7F,0xFF,0x7F,0xFF,0x7F,
	0xFF,0x7F,0xFF,0x7F,0xFF,0x7F,0xFF,0x7F,0xFF,0x7F,0xFF,0x7F,0xFF,0x7F,0xFF,0x7F,
	0xB5,0x56,0xFF,0x7F,0xFF,0x7F,0xFF,0x7F,0xFF,0x7F,0xFF,0x7F,0xFF,0x7F,0xFF,0x7F,
	0x00,0x00,0xFF,0x7F,0x5A,0x6B,0x5A,0x6B,0x00,0x00,0x00,0x00,0x00,0x00,0x00,0x00,
	0x00,0x00,0x00,0x00,0x00,0x00,0x00,0x00,0x00,0x00,0x00,0x00,0x00,0x00,0x00,0x00,

	0x00,0x00,0x00,0x00,0xFF,0x7F,0xFF,0x7F,0xFF,0x7F,0xFF,0x7F,0xFF,0x7F,0xFF,0x7F,
	0x00,0x00,0x00,0x00,0xFF,0x7F,0xFF,0x7F,0xFF,0x7F,0xFF,0x7F,0x00,0x00,0x00,0x00,
	0x00,0x00,0x00,0x00,0x00,0x00,0x00,0x00,0x00,0x00,0x00,0x00,0xFF,0x7F,0xFF,0x7F,
	0xFF,0x7F,0xFF,0x7F,0xFF,0x7F,0xFF,0x7F,0xFF,0x7F,0xFF,0x7F,0xFF,0x7F,0xFF,0x7F,
	0xFF,0x7F,0xFF,0x7F,0xFF,0x7F,0xFF,0x7F,0x00,0x00,0x00,0x00,0x00,0x00,0x00,0x00,
	0xFF,0x7F,0xFF,0x7F,0xFF,0x7F,0xFF,0x7F,0x00,0x00,0x00,0x00,0xFF,0x7F,0xFF,0x7F,
	0x00,0x00,0x00,0x00,0xFF,0x7F,0xFF,0x7F,0x00,0x00,0x00,0x00,0xFF,0x7F,0xFF,0x7F,
	0xFF,0x7F,0xFF,0x7F,0x00,0x00,0x00,0x00,0x00,0x00,0x00,0x00,0x5A,0x6B,0x5A,0x6B,

	0xFF,0x7F,0x00,0x00,0xFF,0x7F,0xFF,0x7F,0xFF,0x7F,0xFF,0x7F,0xFF,0x7F,0xFF,0x7F,
	0xB5,0x56,0xFF,0x7F,0xFF,0x7F,0xFF,0x7F,0xFF,0x7F,0xFF,0x7F,0xFF,0x7F,0x00,0x00,
	0xFF,0x7F,0x5A,0x6B,0x5A,0x6B,0x00,0x00,0x00,0x00,0x00,0x00,0x00,0x00,0x00,0x00,
	0x00,0x00,0x00,0x00,0x00,0x00,0x00,0x00,0x00,0x00,0x00,0x00,0x00,0x00,0x00,0x00,
	0x00,0x00,0xFF,0x7F,0xFF,0x7F,0xFF,0x7F,0xFF,0x7F,0x00,0x00,0x00,0x00,0x00,0x00,
	0x00,0x00,0x00,0x00,0x00,0x00,0x00,0x00,0x00,0x00,0x00,0x00,0x00,0x00,0x00,0x00,
	0x00,0x00,0x00,0x00,0x00,0x00,0xFF,0x7F,0xFF,0x7F,0xFF,0x7F,0xFF,0x7F,0xFF,0x7F,
	0xFF,0x7F,0xFF,0x7F,0xFF,0x7F,0xFF,0x7F,0xFF,0x7F,0x00,0x00,0x00,0x00,0xFF,0x7F,

	0xFF,0x7F,0xFF,0x7F,0xFF,0x7F,0xFF,0x7F,0xFF,0x7F,0x00,0x00,0x00,0x00,0xFF,0x7F,
	0xFF,0x7F,0x00,0x00,0x00,0x00,0x00,0x00,0x00,0x00,0xFF,0x7F,0xFF,0x7F,0x00,0x00,
	0x00,0x00,0xFF,0x7F,0xFF,0x7F,0x00,0x00,0x00,0x00,0xFF,0x7F,0xFF,0x7F,0x00,0x00,
	0x00,0x00,0x00,0x00,0x00,0x00,0x00,0x00,0x00,0x00,0x5A,0x6B,0x5A,0x6B,0xFF,0x7F,
	0x00,0x00,0xFF,0x7F,0xFF,0x7F,0xFF,0x7F,0xFF,0x7F,0xFF,0x7F,0xFF,0x7F,0xFF,0x7F,
	0xB5,0x56,0xFF,0x7F,0xFF,0x7F,0xFF,0x7F,0xFF,0x7F,0xFF,0x7F,0xFF,0x7F,0xFF,0x7F,
	0xFF,0x7F,0xFF,0x7F,0xFF,0x7F,0xFF,0x7F,0xFF,0x7F,0xFF,0x7F,0xFF,0x7F,0xFF,0x7F,
	0xFF,0x7F,0xFF,0x7F,0xFF,0x7F,0xFF,0x7F,0xFF,0x7F,0xFF,0x7F,0xFF,0x7F,0xFF,0x7F,

	0x9C,0x73,0x9C,0x73,0x9C,0x73,0x9C,0x73,0x9C,0x73,0x9C,0x73,0x9C,0x73,0x9C,0x73,
	0x9C,0x73,0x9C,0x73,0x9C,0x73,0x9C,0x73,0x9C,0x73,0x9C,0x73,0x9C,0x73,0x9C,0x73,
	0x9C,0x73,0x9C,0x73,0x9C,0x73,0x9C,0x73,0x9C,0x73,0x9C,0x73,0x9C,0x73,0x9C,0x73,
	0xB5,0x56,0x9C,0x73,0x9C,0x73,0x9C,0x73,0x9C,0x73,0x9C,0x73,0x9C,0x73,0x9C,0x73,
	0x00,0x00,0xFF,0x7F,0x18,0x63,0x5A,0x6B,0x00,0x00,0x00,0x00,0xFF,0x7F,0xFF,0x7F,
	0xFF,0x7F,0xFF,0x7F,0xFF,0x7F,0xFF,0x7F,0xFF,0x7F,0xFF,0x7F,0xFF,0x7F,0xFF,0x7F,
	0x00,0x00,0x00,0x00,0xFF,0x7F,0xFF,0x7F,0xFF,0x7F,0xFF,0x7F,0xFF,0x7F,0xFF,0x7F,
	0x00,0x00,0x00,0x00,0x00,0x00,0x00,0x00,0xFF,0x7F,0xFF,0x7F,0x00,0x00,0x00,0x00,

	0x00,0x00,0x00,0x00,0xFF,0x7F,0xFF,0x7F,0x00,0x00,0x00,0x00,0x00,0x00,0x00,0x00,
	0x00,0x00,0x00,0x00,0xFF,0x7F,0xFF,0x7F,0xFF,0x7F,0xFF,0x7F,0xFF,0x7F,0xFF,0x7F,
	0xFF,0x7F,0xFF,0x7F,0x00,0x00,0x00,0x00,0x00,0x00,0x00,0x00,0xFF,0x7F,0xFF,0x7F,
	0xFF,0x7F,0xFF,0x7F,0xFF,0x7F,0xFF,0x7F,0x00,0x00,0x00,0x00,0xFF,0x7F,0xFF,0x7F,
	0xFF,0x7F,0xFF,0x7F,0xFF,0x7F,0xFF,0x7F,0x00,0x00,0x00,0x00,0x00,0x00,0x00,0x00,
	0xFF,0x7F,0xFF,0x7F,0xFF,0x7F,0xFF,0x7F,0x00,0x00,0x00,0x00,0x5A,0x6B,0x18,0x63,
	0xFF,0x7F,0x00,0x00,0x9C,0x73,0x9C,0x73,0x9C,0x73,0x9C,0x73,0x9C,0x73,0x9C,0x73,
	0xB5,0x56,0x9C,0x73,0x9C,0x73,0x9C,0x73,0x9C,0x73,0x9C,0x73,0x9C,0x73,0x00,0x00,

	0xFF,0x7F,0x18,0x63,0x5A,0x6B,0x00,0x00,0x00,0x00,0xFF,0x7F,0xFF,0x7F,0xFF,0x7F,
	0xFF,0x7F,0xFF,0x7F,0xFF,0x7F,0xFF,0x7F,0xFF,0x7F,0xFF,0x7F,0xFF,0x7F,0x00,0x00,
	0x00,0x00,0xFF,0x7F,0xFF,0x7F,0xFF,0x7F,0xFF,0x7F,0x00,0x00,0x00,0x00,0x00,0x00,
	0x00,0x00,0x00,0x00,0x00,0x00,0x00,0x00,0x00,0x00,0x00,0x00,0x00,0x00,0x00,0x00,
	0x00,0x00,0x00,0x00,0x00,0x00,0x00,0x00,0x00,0x00,0x00,0x00,0x00,0x00,0x00,0x00,
	0x00,0x00,0xFF,0x7F,0xFF,0x7F,0xFF,0x7F,0xFF,0x7F,0xFF,0x7F,0xFF,0x7F,0x00,0x00,
	0x00,0x00,0x00,0x00,0x00,0x00,0x00,0x00,0x00,0x00,0xFF,0x7F,0xFF,0x7F,0xFF,0x7F,
	0xFF,0x7F,0xFF,0x7F,0xFF,0x7F,0x00,0x00,0x00,0x00,0xFF,0x7F,0xFF,0x7F,0xFF,0x7F,

	0xFF,0x7F,0xFF,0x7F,0xFF,0x7F,0x00,0x00,0x00,0x00,0xFF,0x7F,0xFF,0x7F,0x00,0x00,
	0x00,0x00,0xFF,0x7F,0xFF,0x7F,0x00,0x00,0x00,0x00,0x5A,0x6B,0x18,0x63,0xFF,0x7F,
	0x00,0x00,0x9C,0x73,0x9C,0x73,0x9C,0x73,0x9C,0x73,0x9C,0x73,0x9C,0x73,0x9C,0x73,
	0xB5,0x56,0x9C,0x73,0x9C,0x73,0x9C,0x73,0x9C,0x73,0x9C,0x73,0x9C,0x73,0x9C,0x73,
	0x9C,0x73,0x9C,0x73,0x9C,0x73,0x9C,0x73,0x9C,0x73,0x9C,0x73,0x9C,0x73,0x9C,0x73,
	0x9C,0x73,0x9C,0x73,0x9C,0x73,0x9C,0x73,0x9C,0x73,0x9C,0x73,0x9C,0x73,0x9C,0x73,
	0xFF,0x7F,0xFF,0x7F,0xFF,0x7F,0xFF,0x7F,0xFF,0x7F,0xFF,0x7F,0xFF,0x7F,0xFF,0x7F,
	0xFF,0x7F,0xFF,0x7F,0xFF,0x7F,0xFF,0x7F,0xFF,0x7F,0xFF,0x7F,0xFF,0x7F,0xFF,0x7F,

	0xFF,0x7F,0xFF,0x7F,0xFF,0x7F,0xFF,0x7F,0xFF,0x7F,0xFF,0x7F,0xFF,0x7F,0xFF,0x7F,
	0xB5,0x56,0xFF,0x7F,0xFF,0x7F,0xFF,0x7F,0xFF,0x7F,0xFF,0x7F,0xFF,0x7F,0xFF,0x7F,
	0x00,0x00,0xFF,0x7F,0x5A,0x6B,0x18,0x63,0x00,0x00,0x00,0x00,0xFF,0x7F,0xFF,0x7F,
	0xFF,0x7F,0xFF,0x7F,0xFF,0x7F,0xFF,0x7F,0xFF,0x7F,0xFF,0x7F,0xFF,0x7F,0xFF,0x7F,
	0x00,0x00,0x00,0x00,0xFF,0x7F,0xFF,0x7F,0xFF,0x7F,0xFF,0x7F,0xFF,0x7F,0xFF,0x7F,
	0x00,0x00,0x00,0x00,0x00,0x00,0x00,0x00,0xFF,0x7F,0xFF,0x7F,0x00,0x00,0x00,0x00,
	0x00,0x00,0x00,0x00,0xFF,0x7F,0xFF,0x7F,0x00,0x00,0x00,0x00,0x00,0x00,0x00,0x00,
	0x00,0x00,0x00,0x00,0xFF,0x7F,0xFF,0x7F,0xFF,0x7F,0xFF,0x7F,0xFF,0x7F,0xFF,0x7F,

	0xFF,0x7F,0xFF,0x7F,0x00,0x00,0x00,0x00,0x00,0x00,0x00,0x00,0xFF,0x7F,0xFF,0x7F,
	0xFF,0x7F,0xFF,0x7F,0xFF,0x7F,0xFF,0x7F,0x00,0x00,0x00,0x00,0xFF,0x7F,0xFF,0x7F,
	0xFF,0x7F,0xFF,0x7F,0xFF,0x7F,0xFF,0x7F,0x00,0x00,0x00,0x00,0x00,0x00,0x00,0x00,
	0xFF,0x7F,0xFF,0x7F,0xFF,0x7F,0xFF,0x7F,0x00,0x00,0x00,0x00,0x18,0x63,0x5A,0x6B,
	0xFF,0x7F,0x00,0x00,0xFF,0x7F,0xFF,0x7F,0xFF,0x7F,0xFF,0x7F,0xFF,0x7F,0xFF,0x7F,
	0xB5,0x56,0xFF,0x7F,0xFF,0x7F,0xFF,0x7F,0xFF,0x7F,0xFF,0x7F,0xFF,0x7F,0x00,0x00,
	0xFF,0x7F,0x5A,0x6B,0x18,0x63,0x00,0x00,0x00,0x00,0xFF,0x7F,0xFF,0x7F,0xFF,0x7F,
	0xFF,0x7F,0xFF,0x7F,0xFF,0x7F,0xFF,0x7F,0xFF,0x7F,0xFF,0x7F,0xFF,0x7F,0x00,0x00,

	0x00,0x00,0xFF,0x7F,0xFF,0x7F,0xFF,0x7F,0xFF,0x7F,0x00,0x00,0x00,0x00,0x00,0x00,
	0x00,0x00,0x00,0x00,0x00,0x00,0x00,0x00,0x00,0x00,0x00,0x00,0x00,0x00,0x00,0x00,
	0x00,0x00,0x00,0x00,0x00,0x00,0x00,0x00,0x00,0x00,0x00,0x00,0x00,0x00,0x00,0x00,
	0x00,0x00,0xFF,0x7F,0xFF,0x7F,0xFF,0x7F,0xFF,0x7F,0xFF,0x7F,0xFF,0x7F,0x00,0x00,
	0x00,0x00,0x00,0x00,0x00,0x00,0x00,0x00,0x00,0x00,0xFF,0x7F,0xFF,0x7F,0xFF,0x7F,
	0xFF,0x7F,0xFF,0x7F,0xFF,0x7F,0x00,0x00,0x00,0x00,0xFF,0x7F,0xFF,0x7F,0xFF,0x7F,
	0xFF,0x7F,0xFF,0x7F,0xFF,0x7F,0x00,0x00,0x00,0x00,0xFF,0x7F,0xFF,0x7F,0x00,0x00,
	0x00,0x00,0xFF,0x7F,0xFF,0x7F,0x00,0x00,0x00,0x00,0x18,0x63,0x5A,0x6B,0xFF,0x7F,

	0x00,0x00,0xFF,0x7F,0xFF,0x7F,0xFF,0x7F,0xFF,0x7F,0xFF,0x7F,0xFF,0x7F,0xFF,0x7F,
	0xB5,0x56,0xFF,0x7F,0xFF,0x7F,0xFF,0x7F,0xFF,0x7F,0xFF,0x7F,0xFF,0x7F,0xFF,0x7F,
	0xFF,0x7F,0xFF,0x7F,0xFF,0x7F,0xFF,0x7F,0xFF,0x7F,0xFF,0x7F,0xFF,0x7F,0xFF,0x7F,
	0xFF,0x7F,0xFF,0x7F,0xFF,0x7F,0xFF,0x7F,0xFF,0x7F,0xFF,0x7F,0xFF,0x7F,0xFF,0x7F,
	0x9C,0x73,0x9C,0x73,0x9C,0x73,0x9C,0x73,0x9C,0x73,0x9C,0x73,0x9C,0x73,0x9C,0x73,
	0x9C,0x73,0x9C,0x73,0x9C,0x73,0x9C,0x73,0x9C,0x73,0x9C,0x73,0x9C,0x73,0x9C,0x73,
	0x9C,0x73,0x9C,0x73,0x9C,0x73,0x9C,0x73,0x9C,0x73,0x9C,0x73,0x9C,0x73,0x9C,0x73,
	0xB5,0x56,0x9C,0x73,0x9C,0x73,0x9C,0x73,0x9C,0x73,0x9C,0x73,0x9C,0x73,0x9C,0x73,

	0x00,0x00,0xFF,0x7F,0x18,0x63,0x5A,0x6B,0x00,0x00,0x00,0x00,0xFF,0x7F,0xFF,0x7F,
	0x00,0x00,0x00,0x00,0x00,0x00,0x00,0x00,0x00,0x00,0x00,0x00,0xFF,0x7F,0xFF,0x7F,
	0x00,0x00,0x00,0x00,0xFF,0x7F,0xFF,0x7F,0xFF,0x7F,0xFF,0x7F,0x00,0x00,0x00,0x00,
	0xFF,0x7F,0xFF,0x7F,0xFF,0x7F,0xFF,0x7F,0xFF,0x7F,0xFF,0x7F,0x00,0x00,0x00,0x00,
	0x00,0x00,0x00,0x00,0xFF,0x7F,0xFF,0x7F,0x00,0x00,0x00,0x00,0x00,0x00,0x00,0x00,
	0x00,0x00,0x00,0x00,0x00,0x00,0x00,0x00,0x00,0x00,0x00,0x00,0x00,0x00,0x00,0x00,
	0x00,0x00,0x00,0x00,0xFF,0x7F,0xFF,0x7F,0x00,0x00,0x00,0x00,0xFF,0x7F,0xFF,0x7F,
	0xFF,0x7F,0xFF,0x7F,0xFF,0x7F,0xFF,0x7F,0x00,0x00,0x00,0x00,0x00,0x00,0x00,0x00,

	0x00,0x00,0x00,0x00,0x00,0x00,0x00,0x00,0x00,0x00,0x00,0x00,0xFF,0x7F,0xFF,0x7F,
	0xFF,0x7F,0xFF,0x7F,0xFF,0x7F,0xFF,0x7F,0xFF,0x7F,0xFF,0x7F,0x5A,0x6B,0x18,0x63,
	0xFF,0x7F,0x00,0x00,0x9C,0x73,0x9C,0x73,0x9C,0x73,0x9C,0x73,0x9C,0x73,0x9C,0x73,
	0xB5,0x56,0x9C,0x73,0x9C,0x73,0x9C,0x73,0x9C,0x73,0x9C,0x73,0x9C,0x73,0x00,0x00,
	0xFF,0x7F,0x18,0x63,0x5A,0x6B,0x00,0x00,0x00,0x00,0xFF,0x7F,0xFF,0x7F,0x00,0x00,
	0x00,0x00,0x00,0x00,0x00,0x00,0x00,0x00,0x00,0x00,0xFF,0x7F,0xFF,0x7F,0x00,0x00,
	0x00,0x00,0xFF,0x7F,0xFF,0x7F,0xFF,0x7F,0xFF,0x7F,0x00,0x00,0x00,0x00,0xFF,0x7F,
	0xFF,0x7F,0x00,0x00,0x00,0x00,0x00,0x00,0x00,0x00,0x00,0x00,0x00,0x00,0xFF,0x7F,

	0xFF,0x7F,0x00,0x00,0x00,0x00,0xFF,0x7F,0xFF,0x7F,0xFF,0x7F,0xFF,0x7F,0xFF,0x7F,
	0xFF,0x7F,0x00,0x00,0x00,0x00,0xFF,0x7F,0xFF,0x7F,0x00,0x00,0x00,0x00,0x00,0x00,
	0x00,0x00,0x00,0x00,0x00,0x00,0xFF,0x7F,0xFF,0x7F,0x00,0x00,0x00,0x00,0x00,0x00,
	0x00,0x00,0xFF,0x7F,0xFF,0x7F,0x00,0x00,0x00,0x00,0x00,0x00,0x00,0x00,0x00,0x00,
	0x00,0x00,0x00,0x00,0x00,0x00,0x00,0x00,0x00,0x00,0x00,0x00,0x00,0x00,0xFF,0x7F,
	0xFF,0x7F,0xFF,0x7F,0xFF,0x7F,0x00,0x00,0x00,0x00,0x5A,0x6B,0x18,0x63,0xFF,0x7F,
	0x00,0x00,0x9C,0x73,0x9C,0x73,0x9C,0x73,0x9C,0x73,0x9C,0x73,0x9C,0x73,0x9C,0x73,
	0xB5,0x56,0x9C,0x73,0x9C,0x73,0x9C,0x73,0x9C,0x73,0x9C,0x73,0x9C,0x73,0x9C,0x73,

	0x9C,0x73,0x9C,0x73,0x9C,0x73,0x9C,0x73,0x9C,0x73,0x9C,0x73,0x9C,0x73,0x9C,0x73,
	0x9C,0x73,0x9C,0x73,0x9C,0x73,0x9C,0x73,0x9C,0x73,0x9C,0x73,0x9C,0x73,0x9C,0x73,
	0xFF,0x7F,0xFF,0x7F,0xFF,0x7F,0xFF,0x7F,0xFF,0x7F,0xFF,0x7F,0xFF,0x7F,0xFF,0x7F,
	0xFF,0x7F,0xFF,0x7F,0xFF,0x7F,0xFF,0x7F,0xFF,0x7F,0xFF,0x7F,0xFF,0x7F,0xFF,0x7F,
	0xFF,0x7F,0xFF,0x7F,0xFF,0x7F,0xFF,0x7F,0xFF,0x7F,0xFF,0x7F,0xFF,0x7F,0xFF,0x7F,
	0xB5,0x56,0xFF,0x7F,0xFF,0x7F,0xFF,0x7F,0xFF,0x7F,0xFF,0x7F,0xFF,0x7F,0xFF,0x7F,
	0x00,0x00,0xFF,0x7F,0x5A,0x6B,0x18,0x63,0x00,0x00,0x00,0x00,0xFF,0x7F,0xFF,0x7F,
	0x00,0x00,0x00,0x00,0x00,0x00,0x00,0x00,0x00,0x00,0x00,0x00,0xFF,0x7F,0xFF,0x7F,

	0x00,0x00,0x00,0x00,0xFF,0x7F,0xFF,0x7F,0xFF,0x7F,0xFF,0x7F,0x00,0x00,0x00,0x00,
	0xFF,0x7F,0xFF,0x7F,0xFF,0x7F,0xFF,0x7F,0xFF,0x7F,0xFF,0x7F,0x00,0x00,0x00,0x00,
	0x00,0x00,0x00,0x00,0xFF,0x7F,0xFF,0x7F,0x00,0x00,0x00,0x00,0x00,0x00,0x00,0x00,
	0x00,0x00,0x00,0x00,0x00,0x00,0x00,0x00,0x00,0x00,0x00,0x00,0x00,0x00,0x00,0x00,
	0x00,0x00,0x00,0x00,0xFF,0x7F,0xFF,0x7F,0x00,0x00,0x00,0x00,0xFF,0x7F,0xFF,0x7F,
	0xFF,0x7F,0xFF,0x7F,0xFF,0x7F,0xFF,0x7F,0x00,0x00,0x00,0x00,0x00,0x00,0x00,0x00,
	0x00,0x00,0x00,0x00,0x00,0x00,0x00,0x00,0x00,0x00,0x00,0x00,0xFF,0x7F,0xFF,0x7F,
	0xFF,0x7F,0xFF,0x7F,0xFF,0x7F,0xFF,0x7F,0xFF,0x7F,0xFF,0x7F,0x18,0x63,0x5A,0x6B,

	0xFF,0x7F,0x00,0x00,0xFF,0x7F,0xFF,0x7F,0xFF,0x7F,0xFF,0x7F,0xFF,0x7F,0xFF,0x7F,
	0xB5,0x56,0xFF,0x7F,0xFF,0x7F,0xFF,0x7F,0xFF,0x7F,0xFF,0x7F,0xFF,0x7F,0x00,0x00,
	0xFF,0x7F,0x5A,0x6B,0x18,0x63,0x00,0x00,0x00,0x00,0xFF,0x7F,0xFF,0x7F,0x00,0x00,
	0x00,0x00,0x00,0x00,0x00,0x00,0x00,0x00,0x00,0x00,0xFF,0x7F,0xFF,0x7F,0x00,0x00,
	0x00,0x00,0xFF,0x7F,0xFF,0x7F,0xFF,0x7F,0xFF,0x7F,0x00,0x00,0x00,0x00,0xFF,0x7F,
	0xFF,0x7F,0x00,0x00,0x00,0x00,0x00,0x00,0x00,0x00,0x00,0x00,0x00,0x00,0xFF,0x7F,
	0xFF,0x7F,0x00,0x00,0x00,0x00,0xFF,0x7F,0xFF,0x7F,0xFF,0x7F,0xFF,0x7F,0xFF,0x7F,
	0xFF,0x7F,0x00,0x00,0x00,0x00,0xFF,0x7F,0xFF,0x7F,0x00,0x00,0x00,0x00,0x00,0x00,

	0x00,0x00,0x00,0x00,0x00,0x00,0xFF,0x7F,0xFF,0x7F,0x00,0x00,0x00,0x00,0x00,0x00,
	0x00,0x00,0xFF,0x7F,0xFF,0x7F,0x00,0x00,0x00,0x00,0x00,0x00,0x00,0x00,0x00,0x00,
	0x00,0x00,0x00,0x00,0x00,0x00,0x00,0x00,0x00,0x00,0x00,0x00,0x00,0x00,0xFF,0x7F,
	0xFF,0x7F,0xFF,0x7F,0xFF,0x7F,0x00,0x00,0x00,0x00,0x18,0x63,0x5A,0x6B,0xFF,0x7F,
	0x00,0x00,0xFF,0x7F,0xFF,0x7F,0xFF,0x7F,0xFF,0x7F,0xFF,0x7F,0xFF,0x7F,0xFF,0x7F,
	0xB5,0x56,0xFF,0x7F,0xFF,0x7F,0xFF,0x7F,0xFF,0x7F,0xFF,0x7F,0xFF,0x7F,0xFF,0x7F,
	0xFF,0x7F,0xFF,0x7F,0xFF,0x7F,0xFF,0x7F,0xFF,0x7F,0xFF,0x7F,0xFF,0x7F,0xFF,0x7F,
	0xFF,0x7F,0xFF,0x7F,0xFF,0x7F,0xFF,0x7F,0xFF,0x7F,0xFF,0x7F,0xFF,0x7F,0xFF,0x7F,

	0x9C,0x73,0x9C,0x73,0x9C,0x73,0x9C,0x73,0x9C,0x73,0x9C,0x73,0x9C,0x73,0x9C,0x73,
	0x9C,0x73,0x9C,0x73,0x9C,0x73,0x9C,0x73,0x9C,0x73,0x9C,0x73,0x9C,0x73,0x9C,0x73,
	0x9C,0x73,0x9C,0x73,0x9C,0x73,0x9C,0x73,0x9C,0x73,0x9C,0x73,0x9C,0x73,0x9C,0x73,
	0xB5,0x56,0x9C,0x73,0x9C,0x73,0x9C,0x73,0x9C,0x73,0x9C,0x73,0x9C,0x73,0x9C,0x73,
	0x00,0x00,0xFF,0x7F,0x18,0x63,0x5A,0x6B,0x00,0x00,0x00,0x00,0xFF,0x7F,0xFF,0x7F,
	0x00,0x00,0x00,0x00,0x00,0x00,0x00,0x00,0x00,0x00,0x00,0x00,0xFF,0x7F,0xFF,0x7F,
	0x00,0x00,0x00,0x00,0xFF,0x7F,0xFF,0x7F,0x00,0x00,0x00,0x00,0xFF,0x7F,0xFF,0x7F,
	0x00,0x00,0x00,0x00,0xFF,0x7F,0xFF,0x7F,0xFF,0x7F,0xFF,0x7F,0xFF,0x7F,0xFF,0x7F,

	0xFF,0x7F,0xFF,0x7F,0xFF,0x7F,0xFF,0x7F,0x00,0x00,0x00,0x00,0x00,0x00,0x00,0x00,
	0x00,0x00,0x00,0x00,0x00,0x00,0x00,0x00,0x00,0x00,0x00,0x00,0x00,0x00,0x00,0x00,
	0x00,0x00,0x00,0x00,0x00,0x00,0x00,0x00,0xFF,0x7F,0xFF,0x7F,0x00,0x00,0x00,0x00,
	0xFF,0x7F,0xFF,0x7F,0x00,0x00,0x00,0x00,0x00,0x00,0x00,0x00,0x00,0x00,0x00,0x00,
	0x00,0x00,0x00,0x00,0xFF,0x7F,0xFF,0x7F,0x00,0x00,0x00,0x00,0xFF,0x7F,0xFF,0x7F,
	0x00,0x00,0x00,0x00,0x00,0x00,0x00,0x00,0x00,0x00,0x00,0x00,0x5A,0x6B,0x18,0x63,
	0xFF,0x7F,0x00,0x00,0x9C,0x73,0x9C,0x73,0x9C,0x73,0x9C,0x73,0x9C,0x73,0x9C,0x73,
	0xB5,0x56,0x9C,0x73,0x9C,0x73,0x9C,0x73,0x9C,0x73,0x9C,0x73,0x9C,0x73,0x00,0x00,

	0xFF,0x7F,0x18,0x63,0x5A,0x6B,0x00,0x00,0x00,0x00,0xFF,0x7F,0xFF,0x7F,0x00,0x00,
	0x00,0x00,0x00,0x00,0x00,0x00,0x00,0x00,0x00,0x00,0xFF,0x7F,0xFF,0x7F,0x00,0x00,
	0x00,0x00,0xFF,0x7F,0xFF,0x7F,0x00,0x00,0x00,0x00,0x00,0x00,0x00,0x00,0xFF,0x7F,
	0xFF,0x7F,0xFF,0x7F,0xFF,0x7F,0x00,0x00,0x00,0x00,0xFF,0x7F,0xFF,0x7F,0x00,0x00,
	0x00,0x00,0x00,0x00,0x00,0x00,0xFF,0x7F,0xFF,0x7F,0x00,0x00,0x00,0x00,0xFF,0x7F,
	0xFF,0x7F,0x00,0x00,0x00,0x00,0x00,0x00,0x00,0x00,0x00,0x00,0x00,0x00,0xFF,0x7F,
	0xFF,0x7F,0x00,0x00,0x00,0x00,0xFF,0x7F,0xFF,0x7F,0xFF,0x7F,0xFF,0x7F,0xFF,0x7F,
	0xFF,0x7F,0xFF,0x7F,0xFF,0x7F,0x00,0x00,0x00,0x00,0x00,0x00,0x00,0x00,0xFF,0x7F,

	0xFF,0x7F,0x00,0x00,0x00,0x00,0x00,0x00,0x00,0x00,0xFF,0x7F,0xFF,0x7F,0xFF,0x7F,
	0xFF,0x7F,0x00,0x00,0x00,0x00,0x00,0x00,0x00,0x00,0x5A,0x6B,0x18,0x63,0xFF,0x7F,
	0x00,0x00,0x9C,0x73,0x9C,0x73,0x9C,0x73,0x9C,0x73,0x9C,0x73,0x9C,0x73,0x9C,0x73,
	0xB5,0x56,0x9C,0x73,0x9C,0x73,0x9C,0x73,0x9C,0x73,0x9C,0x73,0x9C,0x73,0x9C,0x73,
	0x9C,0x73,0x9C,0x73,0x9C,0x73,0x9C,0x73,0x9C,0x73,0x9C,0x73,0x9C,0x73,0x9C,0x73,
	0x9C,0x73,0x9C,0x73,0x9C,0x73,0x9C,0x73,0x9C,0x73,0x9C,0x73,0x9C,0x73,0x9C,0x73,
	0xFF,0x7F,0xFF,0x7F,0xFF,0x7F,0xFF,0x7F,0xFF,0x7F,0xFF,0x7F,0xFF,0x7F,0xFF,0x7F,
	0xFF,0x7F,0xFF,0x7F,0xFF,0x7F,0xFF,0x7F,0xFF,0x7F,0xFF,0x7F,0xFF,0x7F,0xFF,0x7F,

	0xFF,0x7F,0xFF,0x7F,0xFF,0x7F,0xFF,0x7F,0xFF,0x7F,0xFF,0x7F,0xFF,0x7F,0xFF,0x7F,
	0xB5,0x56,0xFF,0x7F,0xFF,0x7F,0xFF,0x7F,0xFF,0x7F,0xFF,0x7F,0xFF,0x7F,0xFF,0x7F,
	0x00,0x00,0xFF,0x7F,0x5A,0x6B,0x18,0x63,0x00,0x00,0x00,0x00,0xFF,0x7F,0xFF,0x7F,
	0x00,0x00,0x00,0x00,0x00,0x00,0x00,0x00,0x00,0x00,0x00,0x00,0xFF,0x7F,0xFF,0x7F,
	0x00,0x00,0x00,0x00,0xFF,0x7F,0xFF,0x7F,0x00,0x00,0x00,0x00,0xFF,0x7F,0xFF,0x7F,
	0x00,0x00,0x00,0x00,0xFF,0x7F,0xFF,0x7F,0xFF,0x7F,0xFF,0x7F,0xFF,0x7F,0xFF,0x7F,
	0xFF,0x7F,0xFF,0x7F,0xFF,0x7F,0xFF,0x7F,0x00,0x00,0x00,0x00,0x00,0x00,0x00,0x00,
	0x00,0x00,0x00,0x00,0x00,0x00,0x00,0x00,0x00,0x00,0x00,0x00,0x00,0x00,0x00,0x00,

	0x00,0x00,0x00,0x00,0x00,0x00,0x00,0x00,0xFF,0x7F,0xFF,0x7F,0x00,0x00,0x00,0x00,
	0xFF,0x7F,0xFF,0x7F,0x00,0x00,0x00,0x00,0x00,0x00,0x00,0x00,0x00,0x00,0x00,0x00,
	0x00,0x00,0x00,0x00,0xFF,0x7F,0xFF,0x7F,0x00,0x00,0x00,0x00,0xFF,0x7F,0xFF,0x7F,
	0x00,0x00,0x00,0x00,0x00,0x00,0x00,0x00,0x00,0x00,0x00,0x00,0x18,0x63,0x5A,0x6B,
	0xFF,0x7F,0x00,0x00,0xFF,0x7F,0xFF,0x7F,0xFF,0x7F,0xFF,0x7F,0xFF,0x7F,0xFF,0x7F,
	0xB5,0x56,0xFF,0x7F,0xFF,0x7F,0xFF,0x7F,0xFF,0x7F,0xFF,0x7F,0xFF,0x7F,0x00,0x00,
	0xFF,0x7F,0x5A,0x6B,0x18,0x63,0x00,0x00,0x00,0x00,0xFF,0x7F,0xFF,0x7F,0x00,0x00,
	0x00,0x00,0x00,0x00,0x00,0x00,0x00,0x00,0x00,0x00,0xFF,0x7F,0xFF,0x7F,0x00,0x00,

	0x00,0x00,0xFF,0x7F,0xFF,0x7F,0x00,0x00,0x00,0x00,0x00,0x00,0x00,0x00,0xFF,0x7F,
	0xFF,0x7F,0xFF,0x7F,0xFF,0x7F,0x00,0x00,0x00,0x00,0xFF,0x7F,0xFF,0x7F,0x00,0x00,
	0x00,0x00,0x00,0x00,0x00,0x00,0xFF,0x7F,0xFF,0x7F,0x00,0x00,0x00,0x00,0xFF,0x7F,
	0xFF,0x7F,0x00,0x00,0x00,0x00,0x00,0x00,0x00,0x00,0x00,0x00,0x00,0x00,0xFF,0x7F,
	0xFF,0x7F,0x00,0x00,0x00,0x00,0xFF,0x7F,0xFF,0x7F,0xFF,0x7F,0xFF,0x7F,0xFF,0x7F,
	0xFF,0x7F,0xFF,0x7F,0xFF,0x7F,0x00,0x00,0x00,0x00,0x00,0x00,0x00,0x00,0xFF,0x7F,
	0xFF,0x7F,0x00,0x00,0x00,0x00,0x00,0x00,0x00,0x00,0xFF,0x7F,0xFF,0x7F,0xFF,0x7F,
	0xFF,0x7F,0x00,0x00,0x00,0x00,0x00,0x00,0x00,0x00,0x18,0x63,0x5A,0x6B,0xFF,0x7F,

	0x00,0x00,0xFF,0x7F,0xFF,0x7F,0xFF,0x7F,0xFF,0x7F,0xFF,0x7F,0xFF,0x7F,0xFF,0x7F,
	0xB5,0x56,0xFF,0x7F,0xFF,0x7F,0xFF,0x7F,0xFF,0x7F,0xFF,0x7F,0xFF,0x7F,0xFF,0x7F,
	0xFF,0x7F,0xFF,0x7F,0xFF,0x7F,0xFF,0x7F,0xFF,0x7F,0xFF,0x7F,0xFF,0x7F,0xFF,0x7F,
	0xFF,0x7F,0xFF,0x7F,0xFF,0x7F,0xFF,0x7F,0xFF,0x7F,0xFF,0x7F,0xFF,0x7F,0xFF,0x7F,
	0x9C,0x73,0x9C,0x73,0x9C,0x73,0x9C,0x73,0x9C,0x73,0x9C,0x73,0x9C,0x73,0x9C,0x73,
	0x9C,0x73,0x9C,0x73,0x9C,0x73,0x9C,0x73,0x9C,0x73,0x9C,0x73,0x9C,0x73,0x9C,0x73,
	0x9C,0x73,0x9C,0x73,0x9C,0x73,0x9C,0x73,0x9C,0x73,0x9C,0x73,0x9C,0x73,0x9C,0x73,
	0xB5,0x56,0x9C,0x73,0x9C,0x73,0x9C,0x73,0x9C,0x73,0x9C,0x73,0x9C,0x73,0x9C,0x73,

	0x00,0x00,0xFF,0x7F,0x18,0x63,0x5A,0x6B,0x00,0x00,0x00,0x00,0xFF,0x7F,0xFF,0x7F,
	0x00,0x00,0x00,0x00,0x00,0x00,0x00,0x00,0x00,0x00,0x00,0x00,0xFF,0x7F,0xFF,0x7F,
	0x00,0x00,0x00,0x00,0xFF,0x7F,0xFF,0x7F,0x00,0x00,0x00,0x00,0x00,0x00,0x00,0x00,
	0x00,0x00,0x00,0x00,0xFF,0x7F,0xFF,0x7F,0xFF,0x7F,0xFF,0x7F,0xFF,0x7F,0xFF,0x7F,
	0x00,0x00,0x00,0x00,0xFF,0x7F,0xFF,0x7F,0xFF,0x7F,0xFF,0x7F,0x00,0x00,0x00,0x00,
	0xFF,0x7F,0xFF,0x7F,0xFF,0x7F,0xFF,0x7F,0xFF,0x7F,0xFF,0x7F,0xFF,0x7F,0xFF,0x7F,
	0xFF,0x7F,0xFF,0x7F,0x00,0x00,0x00,0x00,0x00,0x00,0x00,0x00,0xFF,0x7F,0xFF,0x7F,
	0xFF,0x7F,0xFF,0x7F,0xFF,0x7F,0xFF,0x7F,0xFF,0x7F,0xFF,0x7F,0xFF,0x7F,0xFF,0x7F,

	0x00,0x00,0x00,0x00,0x00,0x00,0x00,0x00,0x00,0x00,0x00,0x00,0xFF,0x7F,0xFF,0x7F,
	0x00,0x00,0x00,0x00,0xFF,0x7F,0xFF,0x7F,0xFF,0x7F,0xFF,0x7F,0x5A,0x6B,0x18,0x63,
	0xFF,0x7F,0x00,0x00,0x9C,0x73,0x9C,0x73,0x9C,0x73,0x9C,0x73,0x9C,0x73,0x9C,0x73,
	0xB5,0x56,0x9C,0x73,0x9C,0x73,0x9C,0x73,0x9C,0x73,0x9C,0x73,0x9C,0x73,0x00,0x00,
	0xFF,0x7F,0x18,0x63,0x5A,0x6B,0x00,0x00,0x00,0x00,0xFF,0x7F,0xFF,0x7F,0x00,0x00,
	0x00,0x00,0x00,0x00,0x00,0x00,0x00,0x00,0x00,0x00,0xFF,0x7F,0xFF,0x7F,0x00,0x00,
	0x00,0x00,0xFF,0x7F,0xFF,0x7F,0xFF,0x7F,0xFF,0x7F,0xFF,0x7F,0xFF,0x7F,0x00,0x00,
	0x00,0x00,0x00,0x00,0x00,0x00,0xFF,0x7F,0xFF,0x7F,0xFF,0x7F,0xFF,0x7F,0x00,0x00,

	0x00,0x00,0xFF,0x7F,0xFF,0x7F,0xFF,0x7F,0xFF,0x7F,0xFF,0x7F,0xFF,0x7F,0x00,0x00,
	0x00,0x00,0xFF,0x7F,0xFF,0x7F,0xFF,0x7F,0xFF,0x7F,0x00,0x00,0x00,0x00,0x00,0x00,
	0x00,0x00,0xFF,0x7F,0xFF,0x7F,0xFF,0x7F,0xFF,0x7F,0x00,0x00,0x00,0x00,0xFF,0x7F,
	0xFF,0x7F,0x00,0x00,0x00,0x00,0xFF,0x7F,0xFF,0x7F,0x00,0x00,0x00,0x00,0xFF,0x7F,
	0xFF,0x7F,0xFF,0x7F,0xFF,0x7F,0x00,0x00,0x00,0x00,0x00,0x00,0x00,0x00,0xFF,0x7F,
	0xFF,0x7F,0xFF,0x7F,0xFF,0x7F,0x00,0x00,0x00,0x00,0x5A,0x6B,0x18,0x63,0xFF,0x7F,
	0x00,0x00,0x9C,0x73,0x9C,0x73,0x9C,0x73,0x9C,0x73,0x9C,0x73,0x9C,0x73,0x9C,0x73,
	0xB5,0x56,0x9C,0x73,0x9C,0x73,0x9C,0x73,0x9C,0x73,0x9C,0x73,0x9C,0x73,0x9C,0x73,

	0x9C,0x73,0x9C,0x73,0x9C,0x73,0x9C,0x73,0x9C,0x73,0x9C,0x73,0x9C,0x73,0x9C,0x73,
	0x9C,0x73,0x9C,0x73,0x9C,0x73,0x9C,0x73,0x9C,0x73,0x9C,0x73,0x9C,0x73,0x9C,0x73,
	0xFF,0x7F,0xFF,0x7F,0xFF,0x7F,0xFF,0x7F,0xFF,0x7F,0xFF,0x7F,0xFF,0x7F,0xFF,0x7F,
	0xFF,0x7F,0xFF,0x7F,0xFF,0x7F,0xFF,0x7F,0xFF,0x7F,0xFF,0x7F,0xFF,0x7F,0xFF,0x7F,
	0xFF,0x7F,0xFF,0x7F,0xFF,0x7F,0xFF,0x7F,0xFF,0x7F,0xFF,0x7F,0xFF,0x7F,0xFF,0x7F,
	0xB5,0x56,0xFF,0x7F,0xFF,0x7F,0xFF,0x7F,0xFF,0x7F,0xFF,0x7F,0xFF,0x7F,0xFF,0x7F,
	0x00,0x00,0xFF,0x7F,0x18,0x63,0x18,0x63,0x00,0x00,0x00,0x00,0xFF,0x7F,0xFF,0x7F,
	0x00,0x00,0x00,0x00,0x00,0x00,0x00,0x00,0x00,0x00,0x00,0x00,0xFF,0x7F,0xFF,0x7F,

	0x00,0x00,0x00,0x00,0xFF,0x7F,0xFF,0x7F,0x00,0x00,0x00,0x00,0x00,0x00,0x00,0x00,
	0x00,0x00,0x00,0x00,0xFF,0x7F,0xFF,0x7F,0xFF,0x7F,0xFF,0x7F,0xFF,0x7F,0xFF,0x7F,
	0x00,0x00,0x00,0x00,0xFF,0x7F,0xFF,0x7F,0xFF,0x7F,0xFF,0x7F,0x00,0x00,0x00,0x00,
	0xFF,0x7F,0xFF,0x7F,0xFF,0x7F,0xFF,0x7F,0xFF,0x7F,0xFF,0x7F,0xFF,0x7F,0xFF,0x7F,
	0xFF,0x7F,0xFF,0x7F,0x00,0x00,0x00,0x00,0x00,0x00,0x00,0x00,0xFF,0x7F,0xFF,0x7F,
	0xFF,0x7F,0xFF,0x7F,0xFF,0x7F,0xFF,0x7F,0xFF,0x7F,0xFF,0x7F,0xFF,0x7F,0xFF,0x7F,
	0x00,0x00,0x00,0x00,0x00,0x00,0x00,0x00,0x00,0x00,0x00,0x00,0xFF,0x7F,0xFF,0x7F,
	0x00,0x00,0x00,0x00,0xFF,0x7F,0xFF,0x7F,0xFF,0x7F,0xFF,0x7F,0x18,0x63,0x18,0x63,

	0xFF,0x7F,0x00,0x00,0xFF,0x7F,0xFF,0x7F,0xFF,0x7F,0xFF,0x7F,0xFF,0x7F,0xFF,0x7F,
	0xB5,0x56,0xFF,0x7F,0xFF,0x7F,0xFF,0x7F,0xFF,0x7F,0xFF,0x7F,0xFF,0x7F,0x00,0x00,
	0xFF,0x7F,0x18,0x63,0x18,0x63,0x00,0x00,0x00,0x00,0xFF,0x7F,0xFF,0x7F,0x00,0x00,
	0x00,0x00,0x00,0x00,0x00,0x00,0x00,0x00,0x00,0x00,0xFF,0x7F,0xFF,0x7F,0x00,0x00,
	0x00,0x00,0xFF,0x7F,0xFF,0x7F,0xFF,0x7F,0xFF,0x7F,0xFF,0x7F,0xFF,0x7F,0x00,0x00,
	0x00,0x00,0x00,0x00,0x00,0x00,0xFF,0x7F,0xFF,0x7F,0xFF,0x7F,0xFF,0x7F,0x00,0x00,
	0x00,0x00,0xFF,0x7F,0xFF,0x7F,0xFF,0x7F,0xFF,0x7F,0xFF,0x7F,0xFF,0x7F,0x00,0x00,
	0x00,0x00,0xFF,0x7F,0xFF,0x7F,0xFF,0x7F,0xFF,0x7F,0x00,0x00,0x00,0x00,0x00,0x00,

	0x00,0x00,0xFF,0x7F,0xFF,0x7F,0xFF,0x7F,0xFF,0x7F,0x00,0x00,0x00,0x00,0xFF,0x7F,
	0xFF,0x7F,0x00,0x00,0x00,0x00,0xFF,0x7F,0xFF,0x7F,0x00,0x00,0x00,0x00,0xFF,0x7F,
	0xFF,0x7F,0xFF,0x7F,0xFF,0x7F,0x00,0x00,0x00,0x00,0x00,0x00,0x00,0x00,0xFF,0x7F,
	0xFF,0x7F,0xFF,0x7F,0xFF,0x7F,0x00,0x00,0x00,0x00,0x18,0x63,0x18,0x63,0xFF,0x7F,
	0x00,0x00,0xFF,0x7F,0xFF,0x7F,0xFF,0x7F,0xFF,0x7F,0xFF,0x7F,0xFF,0x7F,0xFF,0x7F,
	0xB5,0x56,0xFF,0x7F,0xFF,0x7F,0xFF,0x7F,0xFF,0x7F,0xFF,0x7F,0xFF,0x7F,0xFF,0x7F,
	0xFF,0x7F,0xFF,0x7F,0xFF,0x7F,0xFF,0x7F,0xFF,0x7F,0xFF,0x7F,0xFF,0x7F,0xFF,0x7F,
	0xFF,0x7F,0xFF,0x7F,0xFF,0x7F,0xFF,0x7F,0xFF,0x7F,0xFF,0x7F,0xFF,0x7F,0xFF,0x7F,

	0x9C,0x73,0x9C,0x73,0x9C,0x73,0x9C,0x73,0x9C,0x73,0x9C,0x73,0x9C,0x73,0x9C,0x73,
	0x9C,0x73,0x9C,0x73,0x9C,0x73,0x9C,0x73,0x9C,0x73,0x9C,0x73,0x9C,0x73,0x9C,0x73,
	0x9C,0x73,0x9C,0x73,0x9C,0x73,0x9C,0x73,0x9C,0x73,0x9C,0x73,0x9C,0x73,0x9C,0x73,
	0xB5,0x56,0x9C,0x73,0x9C,0x73,0x9C,0x73,0x9C,0x73,0x9C,0x73,0x9C,0x73,0x9C,0x73,
	0x00,0x00,0xFF,0x7F,0x18,0x63,0x18,0x63,0x00,0x00,0x00,0x00,0xFF,0x7F,0xFF,0x7F,
	0xFF,0x7F,0xFF,0x7F,0xFF,0x7F,0xFF,0x7F,0xFF,0x7F,0xFF,0x7F,0xFF,0x7F,0xFF,0x7F,
	0x00,0x00,0x00,0x00,0xFF,0x7F,0xFF,0x7F,0x00,0x00,0x00,0x00,0xFF,0x7F,0xFF,0x7F,
	0xFF,0x7F,0xFF,0x7F,0x00,0x00,0x00,0x00,0x00,0x00,0x00,0x00,0x00,0x00,0x00,0x00,

	0x00,0x00,0x00,0x00,0xFF,0x7F,0xFF,0x7F,0xFF,0x7F,0xFF,0x7F,0xFF,0x7F,0xFF,0x7F,
	0x00,0x00,0x00,0x00,0xFF,0x7F,0xFF,0x7F,0xFF,0x7F,0xFF,0x7F,0xFF,0x7F,0xFF,0x7F,
	0x00,0x00,0x00,0x00,0x00,0x00,0x00,0x00,0xFF,0x7F,0xFF,0x7F,0x00,0x00,0x00,0x00,
	0x00,0x00,0x00,0x00,0xFF,0x7F,0xFF,0x7F,0xFF,0x7F,0xFF,0x7F,0x00,0x00,0x00,0x00,
	0xFF,0x7F,0xFF,0x7F,0xFF,0x7F,0xFF,0x7F,0x00,0x00,0x00,0x00,0x00,0x00,0x00,0x00,
	0x00,0x00,0x00,0x00,0xFF,0x7F,0xFF,0x7F,0xFF,0x7F,0xFF,0x7F,0x18,0x63,0x18,0x63,
	0xFF,0x7F,0x00,0x00,0x9C,0x73,0x9C,0x73,0x9C,0x73,0x9C,0x73,0x9C,0x73,0x9C,0x73,
	0xB5,0x56,0x9C,0x73,0x9C,0x73,0x9C,0x73,0x9C,0x73,0x9C,0x73,0x9C,0x73,0x00,0x00,

	0xFF,0x7F,0x18,0x63,0x18,0x63,0x00,0x00,0x00,0x00,0xFF,0x7F,0xFF,0x7F,0xFF,0x7F,
	0xFF,0x7F,0xFF,0x7F,0xFF,0x7F,0xFF,0x7F,0xFF,0x7F,0xFF,0x7F,0xFF,0x7F,0x00,0x00,
	0x00,0x00,0xFF,0x7F,0xFF,0x7F,0xFF,0x7F,0xFF,0x7F,0xFF,0x7F,0xFF,0x7F,0x00,0x00,
	0x00,0x00,0xFF,0x7F,0xFF,0x7F,0x00,0x00,0x00,0x00,0xFF,0x7F,0xFF,0x7F,0x00,0x00,
	0x00,0x00,0x00,0x00,0x00,0x00,0xFF,0x7F,0xFF,0x7F,0xFF,0x7F,0xFF,0x7F,0xFF,0x7F,
	0xFF,0x7F,0xFF,0x7F,0xFF,0x7F,0x00,0x00,0x00,0x00,0x00,0x00,0x00,0x00,0xFF,0x7F,
	0xFF,0x7F,0xFF,0x7F,0xFF,0x7F,0xFF,0x7F,0xFF,0x7F,0x00,0x00,0x00,0x00,0xFF,0x7F,
	0xFF,0x7F,0x00,0x00,0x00,0x00,0x00,0x00,0x00,0x00,0x00,0x00,0x00,0x00,0x00,0x00,

	0x00,0x00,0xFF,0x7F,0xFF,0x7F,0xFF,0x7F,0xFF,0x7F,0xFF,0x7F,0xFF,0x7F,0xFF,0x7F,
	0xFF,0x7F,0xFF,0x7F,0xFF,0x7F,0xFF,0x7F,0xFF,0x7F,0x18,0x63,0x18,0x63,0xFF,0x7F,
	0x00,0x00,0x9C,0x73,0x9C,0x73,0x9C,0x73,0x9C,0x73,0x9C,0x73,0x9C,0x73,0x9C,0x73,
	0xB5,0x56,0x9C,0x73,0x9C,0x73,0x9C,0x73,0x9C,0x73,0x9C,0x73,0x9C,0x73,0x9C,0x73,
	0x9C,0x73,0x9C,0x73,0x9C,0x73,0x9C,0x73,0x9C,0x73,0x9C,0x73,0x9C,0x73,0x9C,0x73,
	0x9C,0x73,0x9C,0x73,0x9C,0x73,0x9C,0x73,0x9C,0x73,0x9C,0x73,0x9C,0x73,0x9C,0x73,
	0xFF,0x7F,0xFF,0x7F,0xFF,0x7F,0xFF,0x7F,0xFF,0x7F,0xFF,0x7F,0xFF,0x7F,0xFF,0x7F,
	0xFF,0x7F,0xFF,0x7F,0xFF,0x7F,0xFF,0x7F,0xFF,0x7F,0xFF,0x7F,0xFF,0x7F,0xFF,0x7F,

	0xFF,0x7F,0xFF,0x7F,0xFF,0x7F,0xFF,0x7F,0xFF,0x7F,0xFF,0x7F,0xFF,0x7F,0xFF,0x7F,
	0xB5,0x56,0xFF,0x7F,0xFF,0x7F,0xFF,0x7F,0xFF,0x7F,0xFF,0x7F,0xFF,0x7F,0xFF,0x7F,
	0x00,0x00,0xFF,0x7F,0x18,0x63,0x18,0x63,0x00,0x00,0x00,0x00,0xFF,0x7F,0xFF,0x7F,
	0xFF,0x7F,0xFF,0x7F,0xFF,0x7F,0xFF,0x7F,0xFF,0x7F,0xFF,0x7F,0xFF,0x7F,0xFF,0x7F,
	0x00,0x00,0x00,0x00,0xFF,0x7F,0xFF,0x7F,0x00,0x00,0x00,0x00,0xFF,0x7F,0xFF,0x7F,
	0xFF,0x7F,0xFF,0x7F,0x00,0x00,0x00,0x00,0x00,0x00,0x00,0x00,0x00,0x00,0x00,0x00,
	0x00,0x00,0x00,0x00,0xFF,0x7F,0xFF,0x7F,0xFF,0x7F,0xFF,0x7F,0xFF,0x7F,0xFF,0x7F,
	0x00,0x00,0x00,0x00,0xFF,0x7F,0xFF,0x7F,0xFF,0x7F,0xFF,0x7F,0xFF,0x7F,0xFF,0x7F,

	0x00,0x00,0x00,0x00,0x00,0x00,0x00,0x00,0xFF,0x7F,0xFF,0x7F,0x00,0x00,0x00,0x00,
	0x00,0x00,0x00,0x00,0xFF,0x7F,0xFF,0x7F,0xFF,0x7F,0xFF,0x7F,0x00,0x00,0x00,0x00,
	0xFF,0x7F,0xFF,0x7F,0xFF,0x7F,0xFF,0x7F,0x00,0x00,0x00,0x00,0x00,0x00,0x00,0x00,
	0x00,0x00,0x00,0x00,0xFF,0x7F,0xFF,0x7F,0xFF,0x7F,0xFF,0x7F,0x18,0x63,0x18,0x63,
	0xFF,0x7F,0x00,0x00,0xFF,0x7F,0xFF,0x7F,0xFF,0x7F,0xFF,0x7F,0xFF,0x7F,0xFF,0x7F,
	0xB5,0x56,0xFF,0x7F,0xFF,0x7F,0xFF,0x7F,0xFF,0x7F,0xFF,0x7F,0xFF,0x7F,0x00,0x00,
	0xFF,0x7F,0x18,0x63,0x18,0x63,0x00,0x00,0x00,0x00,0xFF,0x7F,0xFF,0x7F,0xFF,0x7F,
	0xFF,0x7F,0xFF,0x7F,0xFF,0x7F,0xFF,0x7F,0xFF,0x7F,0xFF,0x7F,0xFF,0x7F,0x00,0x00,

	0x00,0x00,0xFF,0x7F,0xFF,0x7F,0xFF,0x7F,0xFF,0x7F,0xFF,0x7F,0xFF,0x7F,0x00,0x00,
	0x00,0x00,0xFF,0x7F,0xFF,0x7F,0x00,0x00,0x00,0x00,0xFF,0x7F,0xFF,0x7F,0x00,0x00,
	0x00,0x00,0x00,0x00,0x00,0x00,0xFF,0x7F,0xFF,0x7F,0xFF,0x7F,0xFF,0x7F,0xFF,0x7F,
	0xFF,0x7F,0xFF,0x7F,0xFF,0x7F,0x00,0x00,0x00,0x00,0x00,0x00,0x00,0x00,0xFF,0x7F,
	0xFF,0x7F,0xFF,0x7F,0xFF,0x7F,0xFF,0x7F,0xFF,0x7F,0x00,0x00,0x00,0x00,0xFF,0x7F,
	0xFF,0x7F,0x00,0x00,0x00,0x00,0x00,0x00,0x00,0x00,0x00,0x00,0x00,0x00,0x00,0x00,
	0x00,0x00,0xFF,0x7F,0xFF,0x7F,0xFF,0x7F,0xFF,0x7F,0xFF,0x7F,0xFF,0x7F,0xFF,0x7F,
	0xFF,0x7F,0xFF,0x7F,0xFF,0x7F,0xFF,0x7F,0xFF,0x7F,0x18,0x63,0x18,0x63,0xFF,0x7F,

	0x00,0x00,0xFF,0x7F,0xFF,0x7F,0xFF,0x7F,0xFF,0x7F,0xFF,0x7F,0xFF,0x7F,0xFF,0x7F,
	0xB5,0x56,0xFF,0x7F,0xFF,0x7F,0xFF,0x7F,0xFF,0x7F,0xFF,0x7F,0xFF,0x7F,0xFF,0x7F,
	0xFF,0x7F,0xFF,0x7F,0xFF,0x7F,0xFF,0x7F,0xFF,0x7F,0xFF,0x7F,0xFF,0x7F,0xFF,0x7F,
	0xFF,0x7F,0xFF,0x7F,0xFF,0x7F,0xFF,0x7F,0xFF,0x7F,0xFF,0x7F,0xFF,0x7F,0xFF,0x7F,
	0x9C,0x73,0x9C,0x73,0x9C,0x73,0x9C,0x73,0x9C,0x73,0x9C,0x73,0x9C,0x73,0x9C,0x73,
	0x9C,0x73,0x9C,0x73,0x9C,0x73,0x9C,0x73,0x9C,0x73,0x9C,0x73,0x9C,0x73,0x9C,0x73,
	0x9C,0x73,0x9C,0x73,0x9C,0x73,0x9C,0x73,0x9C,0x73,0x9C,0x73,0x9C,0x73,0x9C,0x73,
	0xB5,0x56,0x9C,0x73,0x9C,0x73,0x9C,0x73,0x9C,0x73,0x9C,0x73,0x9C,0x73,0x9C,0x73,

	0x00,0x00,0xFF,0x7F,0x18,0x63,0x18,0x63,0x00,0x00,0x00,0x00,0x00,0x00,0x00,0x00,
	0x00,0x00,0x00,0x00,0x00,0x00,0x00,0x00,0x00,0x00,0x00,0x00,0x00,0x00,0x00,0x00,
	0x00,0x00,0x00,0x00,0xFF,0x7F,0xFF,0x7F,0x00,0x00,0x00,0x00,0x00,0x00,0x00,0x00,
	0x00,0x00,0x00,0x00,0x00,0x00,0x00,0x00,0xFF,0x7F,0xFF,0x7F,0xFF,0x7F,0xFF,0x7F,
	0xFF,0x7F,0xFF,0x7F,0x00,0x00,0x00,0x00,0xFF,0x7F,0xFF,0x7F,0x00,0x00,0x00,0x00,
	0xFF,0x7F,0xFF,0x7F,0xFF,0x7F,0xFF,0x7F,0x00,0x00,0x00,0x00,0x00,0x00,0x00,0x00,
	0x00,0x00,0x00,0x00,0xFF,0x7F,0xFF,0x7F,0xFF,0x7F,0xFF,0x7F,0x00,0x00,0x00,0x00,
	0x00,0x00,0x00,0x00,0xFF,0x7F,0xFF,0x7F,0xFF,0x7F,0xFF,0x7F,0x00,0x00,0x00,0x00,

	0x00,0x00,0x00,0x00,0xFF,0x7F,0xFF,0x7F,0x00,0x00,0x00,0x00,0x00,0x00,0x00,0x00,
	0x00,0x00,0x00,0x00,0x00,0x00,0x00,0x00,0x00,0x00,0x00,0x00,0x18,0x63,0x18,0x63,
	0xFF,0x7F,0x00,0x00,0x9C,0x73,0x9C,0x73,0x9C,0x73,0x9C,0x73,0x9C,0x73,0x9C,0x73,
	0xB5,0x56,0x9C,0x73,0x9C,0x73,0x9C,0x73,0x9C,0x73,0x9C,0x73,0x9C,0x73,0x00,0x00,
	0xFF,0x7F,0x18,0x63,0x18,0x63,0x00,0x00,0x00,0x00,0x00,0x00,0x00,0x00,0x00,0x00,
	0x00,0x00,0x00,0x00,0x00,0x00,0x00,0x00,0x00,0x00,0x00,0x00,0x00,0x00,0x00,0x00,
	0x00,0x00,0xFF,0x7F,0xFF,0x7F,0xFF,0x7F,0xFF,0x7F,0xFF,0x7F,0xFF,0x7F,0x00,0x00,
	0x00,0x00,0x00,0x00,0x00,0x00,0x00,0x00,0x00,0x00,0xFF,0x7F,0xFF,0x7F,0x00,0x00,

	0x00,0x00,0x00,0x00,0x00,0x00,0xFF,0x7F,0xFF,0x7F,0x00,0x00,0x00,0x00,0x00,0x00,
	0x00,0x00,0xFF,0x7F,0xFF,0x7F,0xFF,0x7F,0xFF,0x7F,0xFF,0x7F,0xFF,0x7F,0xFF,0x7F,
	0xFF,0x7F,0xFF,0x7F,0xFF,0x7F,0x00,0x00,0x00,0x00,0x00,0x00,0x00,0x00,0xFF,0x7F,
	0xFF,0x7F,0x00,0x00,0x00,0x00,0x00,0x00,0x00,0x00,0xFF,0x7F,0xFF,0x7F,0x00,0x00,
	0x00,0x00,0x00,0x00,0x00,0x00,0xFF,0x7F,0xFF,0x7F,0x00,0x00,0x00,0x00,0xFF,0x7F,
	0xFF,0x7F,0x00,0x00,0x00,0x00,0x00,0x00,0x00,0x00,0x18,0x63,0x18,0x63,0xFF,0x7F,
	0x00,0x00,0x9C,0x73,0x9C,0x73,0x9C,0x73,0x9C,0x73,0x9C,0x73,0x9C,0x73,0x9C,0x73,
	0xB5,0x56,0x9C,0x73,0x9C,0x73,0x9C,0x73,0x9C,0x73,0x9C,0x73,0x9C,0x73,0x9C,0x73,

	0x9C,0x73,0x9C,0x73,0x9C,0x73,0x9C,0x73,0x9C,0x73,0x9C,0x73,0x9C,0x73,0x9C,0x73,
	0x9C,0x73,0x9C,0x73,0x9C,0x73,0x9C,0x73,0x9C,0x73,0x9C,0x73,0x9C,0x73,0x9C,0x73,
	0xFF,0x7F,0xFF,0x7F,0xFF,0x7F,0xFF,0x7F,0xFF,0x7F,0xFF,0x7F,0xFF,0x7F,0xFF,0x7F,
	0xFF,0x7F,0xFF,0x7F,0xFF,0x7F,0xFF,0x7F,0xFF,0x7F,0xFF,0x7F,0xFF,0x7F,0xFF,0x7F,
	0xFF,0x7F,0xFF,0x7F,0xFF,0x7F,0xFF,0x7F,0xFF,0x7F,0xFF,0x7F,0xFF,0x7F,0xFF,0x7F,
	0xB5,0x56,0xFF,0x7F,0xFF,0x7F,0xFF,0x7F,0xFF,0x7F,0xFF,0x7F,0xFF,0x7F,0xFF,0x7F,
	0x00,0x00,0xFF,0x7F,0x18,0x63,0x18,0x63,0x00,0x00,0x00,0x00,0x00,0x00,0x00,0x00,
	0x00,0x00,0x00,0x00,0x00,0x00,0x00,0x00,0x00,0x00,0x00,0x00,0x00,0x00,0x00,0x00,

	0x00,0x00,0x00,0x00,0xFF,0x7F,0xFF,0x7F,0x00,0x00,0x00,0x00,0x00,0x00,0x00,0x00,
	0x00,0x00,0x00,0x00,0x00,0x00,0x00,0x00,0xFF,0x7F,0xFF,0x7F,0xFF,0x7F,0xFF,0x7F,
	0xFF,0x7F,0xFF,0x7F,0x00,0x00,0x00,0x00,0xFF,0x7F,0xFF,0x7F,0x00,0x00,0x00,0x00,
	0xFF,0x7F,0xFF,0x7F,0xFF,0x7F,0xFF,0x7F,0x00,0x00,0x00,0x00,0x00,0x00,0x00,0x00,
	0x00,0x00,0x00,0x00,0xFF,0x7F,0xFF,0x7F,0xFF,0x7F,0xFF,0x7F,0x00,0x00,0x00,0x00,
	0x00,0x00,0x00,0x00,0xFF,0x7F,0xFF,0x7F,0xFF,0x7F,0xFF,0x7F,0x00,0x00,0x00,0x00,
	0x00,0x00,0x00,0x00,0xFF,0x7F,0xFF,0x7F,0x00,0x00,0x00,0x00,0x00,0x00,0x00,0x00,
	0x00,0x00,0x00,0x00,0x00,0x00,0x00,0x00,0x00,0x00,0x00,0x00,0x18,0x63,0x18,0x63,

	0xFF,0x7F,0x00,0x00,0xFF,0x7F,0xFF,0x7F,0xFF,0x7F,0xFF,0x7F,0xFF,0x7F,0xFF,0x7F,
	0xB5,0x56,0xFF,0x7F,0xFF,0x7F,0xFF,0x7F,0xFF,0x7F,0xFF,0x7F,0xFF,0x7F,0x00,0x00,
	0xFF,0x7F,0x18,0x63,0x18,0x63,0x00,0x00,0x00,0x00,0x00,0x00,0x00,0x00,0x00,0x00,
	0x00,0x00,0x00,0x00,0x00,0x00,0x00,0x00,0x00,0x00,0x00,0x00,0x00,0x00,0x00,0x00,
	0x00,0x00,0xFF,0x7F,0xFF,0x7F,0xFF,0x7F,0xFF,0x7F,0xFF,0x7F,0xFF,0x7F,0x00,0x00,
	0x00,0x00,0x00,0x00,0x00,0x00,0x00,0x00,0x00,0x00,0xFF,0x7F,0xFF,0x7F,0x00,0x00,
	0x00,0x00,0x00,0x00,0x00,0x00,0xFF,0x7F,0xFF,0x7F,0x00,0x00,0x00,0x00,0x00,0x00,
	0x00,0x00,0xFF,0x7F,0xFF,0x7F,0xFF,0x7F,0xFF,0x7F,0xFF,0x7F,0xFF,0x7F,0xFF,0x7F,

	0xFF,0x7F,0xFF,0x7F,0xFF,0x7F,0x00,0x00,0x00,0x00,0x00,0x00,0x00,0x00,0xFF,0x7F,
	0xFF,0x7F,0x00,0x00,0x00,0x00,0x00,0x00,0x00,0x00,0xFF,0x7F,0xFF,0x7F,0x00,0x00,
	0x00,0x00,0x00,0x00,0x00,0x00,0xFF,0x7F,0xFF,0x7F,0x00,0x00,0x00,0x00,0xFF,0x7F,
	0xFF,0x7F,0x00,0x00,0x00,0x00,0x00,0x00,0x00,0x00,0x18,0x63,0x18,0x63,0xFF,0x7F,
	0x00,0x00,0xFF,0x7F,0xFF,0x7F,0xFF,0x7F,0xFF,0x7F,0xFF,0x7F,0xFF,0x7F,0xFF,0x7F,
	0xB5,0x56,0xFF,0x7F,0xFF,0x7F,0xFF,0x7F,0xFF,0x7F,0xFF,0x7F,0xFF,0x7F,0xFF,0x7F,
	0xFF,0x7F,0xFF,0x7F,0xFF,0x7F,0xFF,0x7F,0xFF,0x7F,0xFF,0x7F,0xFF,0x7F,0xFF,0x7F,
	0xFF,0x7F,0xFF,0x7F,0xFF,0x7F,0xFF,0x7F,0xFF,0x7F,0xFF,0x7F,0xFF,0x7F,0xFF,0x7F,

	0x9C,0x73,0x9C,0x73,0x9C,0x73,0x9C,0x73,0x9C,0x73,0x9C,0x73,0x9C,0x73,0x9C,0x73,
	0x9C,0x73,0x9C,0x73,0x9C,0x73,0x9C,0x73,0x9C,0x73,0x9C,0x73,0x9C,0x73,0x9C,0x73,
	0x9C,0x73,0x9C,0x73,0x9C,0x73,0x9C,0x73,0x9C,0x73,0x9C,0x73,0x9C,0x73,0x9C,0x73,
	0xB5,0x56,0x9C,0x73,0x9C,0x73,0x9C,0x73,0x9C,0x73,0x9C,0x73,0x9C,0x73,0x9C,0x73,
	0x00,0x00,0xFF,0x7F,0x18,0x63,0x18,0x63,0x18,0x63,0x18,0x63,0x18,0x63,0x18,0x63,
	0x18,0x63,0x18,0x63,0x18,0x63,0x18,0x63,0x18,0x63,0x18,0x63,0x18,0x63,0x18,0x63,
	0x18,0x63,0x18,0x63,0x18,0x63,0x18,0x63,0x18,0x63,0x18,0x63,0x18,0x63,0x18,0x63,
	0x18,0x63,0x18,0x63,0x18,0x63,0x18,0x63,0x18,0x63,0x18,0x63,0x18,0x63,0x18,0x63,

	0x18,0x63,0x18,0x63,0x18,0x63,0x18,0x63,0x18,0x63,0x18,0x63,0x18,0x63,0x18,0x63,
	0x18,0x63,0x18,0x63,0x18,0x63,0x18,0x63,0x18,0x63,0x18,0x63,0x18,0x63,0x18,0x63,
	0x18,0x63,0x18,0x63,0x18,0x63,0x18,0x63,0x18,0x63,0x18,0x63,0x18,0x63,0x18,0x63,
	0x18,0x63,0x18,0x63,0x18,0x63,0x18,0x63,0x18,0x63,0x18,0x63,0x18,0x63,0x18,0x63,
	0x18,0x63,0x18,0x63,0x18,0x63,0x18,0x63,0x18,0x63,0x18,0x63,0x18,0x63,0x18,0x63,
	0x18,0x63,0x18,0x63,0x18,0x63,0x18,0x63,0x18,0x63,0x18,0x63,0x18,0x63,0x18,0x63,
	0xFF,0x7F,0x00,0x00,0x9C,0x73,0x9C,0x73,0x9C,0x73,0x9C,0x73,0x9C,0x73,0x9C,0x73,
	0xB5,0x56,0x9C,0x73,0x9C,0x73,0x9C,0x73,0x9C,0x73,0x9C,0x73,0x9C,0x73,0x00,0x00,

	0xFF,0x7F,0x18,0x63,0x18,0x63,0x18,0x63,0x18,0x63,0x18,0x63,0x18,0x63,0x18,0x63,
	0x18,0x63,0x18,0x63,0x18,0x63,0x18,0x63,0x18,0x63,0x18,0x63,0x18,0x63,0x18,0x63,
	0x18,0x63,0x18,0x63,0x18,0x63,0x18,0x63,0x18,0x63,0x18,0x63,0x18,0x63,0x18,0x63,
	0x18,0x63,0x18,0x63,0x18,0x63,0x18,0x63,0x18,0x63,0x18,0x63,0x18,0x63,0x18,0x63,
	0x18,0x63,0x18,0x63,0x18,0x63,0x18,0x63,0x18,0x63,0x18,0x63,0x18,0x63,0x18,0x63,
	0x18,0x63,0x18,0x63,0x18,0x63,0x18,0x63,0x18,0x63,0x18,0x63,0x18,0x63,0x18,0x63,
	0x18,0x63,0x18,0x63,0x18,0x63,0x18,0x63,0x18,0x63,0x18,0x63,0x18,0x63,0x18,0x63,
	0x18,0x63,0x18,0x63,0x18,0x63,0x18,0x63,0x18,0x63,0x18,0x63,0x18,0x63,0x18,0x63,

	0x18,0x63,0x18,0x63,0x18,0x63,0x18,0x63,0x18,0x63,0x18,0x63,0x18,0x63,0x18,0x63,
	0x18,0x63,0x18,0x63,0x18,0x63,0x18,0x63,0x18,0x63,0x18,0x63,0x18,0x63,0xFF,0x7F,
	0x00,0x00,0x9C,0x73,0x9C,0x73,0x9C,0x73,0x9C,0x73,0x9C,0x73,0x9C,0x73,0x9C,0x73,
	0xB5,0x56,0x9C,0x73,0x9C,0x73,0x9C,0x73,0x9C,0x73,0x9C,0x73,0x9C,0x73,0x9C,0x73,
	0x9C,0x73,0x9C,0x73,0x9C,0x73,0x9C,0x73,0x9C,0x73,0x9C,0x73,0x9C,0x73,0x9C,0x73,
	0x9C,0x73,0x9C,0x73,0x9C,0x73,0x9C,0x73,0x9C,0x73,0x9C,0x73,0x9C,0x73,0x9C,0x73,
	0xFF,0x7F,0xFF,0x7F,0xFF,0x7F,0xFF,0x7F,0xFF,0x7F,0xFF,0x7F,0xFF,0x7F,0xFF,0x7F,
	0xFF,0x7F,0xFF,0x7F,0xFF,0x7F,0xFF,0x7F,0xFF,0x7F,0xFF,0x7F,0xFF,0x7F,0xFF,0x7F,

	0xFF,0x7F,0xFF,0x7F,0xFF,0x7F,0xFF,0x7F,0xFF,0x7F,0xFF,0x7F,0xFF,0x7F,0xB5,0x56,
	0xB5,0x56,0xB5,0x56,0xFF,0x7F,0xFF,0x7F,0xFF,0x7F,0xFF,0x7F,0xFF,0x7F,0xFF,0x7F,
	0x00,0x00,0xFF,0x7F,0x18,0x63,0x18,0x63,0x18,0x63,0x18,0x63,0x18,0x63,0x18,0x63,
	0x18,0x63,0x18,0x63,0x18,0x63,0x18,0x63,0x18,0x63,0x18,0x63,0x18,0x63,0x18,0x63,
	0x18,0x63,0x18,0x63,0x18,0x63,0x18,0x63,0x18,0x63,0x18,0x63,0x18,0x63,0x18,0x63,
	0x18,0x63,0x18,0x63,0x18,0x63,0x18,0x63,0x18,0x63,0x18,0x63,0x18,0x63,0x18,0x63,
	0x18,0x63,0x18,0x63,0x18,0x63,0x18,0x63,0x18,0x63,0x18,0x63,0x18,0x63,0x18,0x63,
	0x18,0x63,0x18,0x63,0x18,0x63,0x18,0x63,0x18,0x63,0x18,0x63,0x18,0x63,0x18,0x63,

	0x18,0x63,0x18,0x63,0x18,0x63,0x18,0x63,0x18,0x63,0x18,0x63,0x18,0x63,0x18,0x63,
	0x18,0x63,0x18,0x63,0x18,0x63,0x18,0x63,0x18,0x63,0x18,0x63,0x18,0x63,0x18,0x63,
	0x18,0x63,0x18,0x63,0x18,0x63,0x18,0x63,0x18,0x63,0x18,0x63,0x18,0x63,0x18,0x63,
	0x18,0x63,0x18,0x63,0x18,0x63,0x18,0x63,0x18,0x63,0x18,0x63,0x18,0x63,0x18,0x63,
	0xFF,0x7F,0x00,0x00,0xFF,0x7F,0xFF,0x7F,0xFF,0x7F,0xFF,0x7F,0xFF,0x7F,0xB5,0x56,
	0xB5,0x56,0xB5,0x56,0xFF,0x7F,0xFF,0x7F,0xFF,0x7F,0xFF,0x7F,0xFF,0x7F,0x00,0x00,
	0xFF,0x7F,0x18,0x63,0x18,0x63,0x18,0x63,0x18,0x63,0x18,0x63,0x18,0x63,0x18,0x63,
	0x18,0x63,0x18,0x63,0x18,0x63,0x18,0x63,0x18,0x63,0x18,0x63,0x18,0x63,0x18,0x63,

	0x18,0x63,0x18,0x63,0x18,0x63,0x18,0x63,0x18,0x63,0x18,0x63,0x18,0x63,0x18,0x63,
	0x18,0x63,0x18,0x63,0x18,0x63,0x18,0x63,0x18,0x63,0x18,0x63,0x18,0x63,0x18,0x63,
	0x18,0x63,0x18,0x63,0x18,0x63,0x18,0x63,0x18,0x63,0x18,0x63,0x18,0x63,0x18,0x63,
	0x18,0x63,0x18,0x63,0x18,0x63,0x18,0x63,0x18,0x63,0x18,0x63,0x18,0x63,0x18,0x63,
	0x18,0x63,0x18,0x63,0x18,0x63,0x18,0x63,0x18,0x63,0x18,0x63,0x18,0x63,0x18,0x63,
	0x18,0x63,0x18,0x63,0x18,0x63,0x18,0x63,0x18,0x63,0x18,0x63,0x18,0x63,0x18,0x63,
	0x18,0x63,0x18,0x63,0x18,0x63,0x18,0x63,0x18,0x63,0x18,0x63,0x18,0x63,0x18,0x63,
	0x18,0x63,0x18,0x63,0x18,0x63,0x18,0x63,0x18,0x63,0x18,0x63,0x18,0x63,0xFF,0x7F,

	0x00,0x00,0xFF,0x7F,0xFF,0x7F,0xFF,0x7F,0xFF,0x7F,0xFF,0x7F,0xFF,0x7F,0xB5,0x56,
	0xB5,0x56,0xB5,0x56,0xFF,0x7F,0xFF,0x7F,0xFF,0x7F,0xFF,0x7F,0xFF,0x7F,0xFF,0x7F,
	0xFF,0x7F,0xFF,0x7F,0xFF,0x7F,0xFF,0x7F,0xFF,0x7F,0xFF,0x7F,0xFF,0x7F,0xFF,0x7F,
	0xFF,0x7F,0xFF,0x7F,0xFF,0x7F,0xFF,0x7F,0xFF,0x7F,0xFF,0x7F,0xFF,0x7F,0xFF,0x7F,
	0xB5,0x56,0xB5,0x56,0xB5,0x56,0xB5,0x56,0xB5,0x56,0xB5,0x56,0xB5,0x56,0xB5,0x56,
	0xB5,0x56,0xB5,0x56,0xB5,0x56,0xB5,0x56,0xB5,0x56,0xB5,0x56,0xB5,0x56,0xB5,0x56,
	0xB5,0x56,0xB5,0x56,0xB5,0x56,0xB5,0x56,0xB5,0x56,0xB5,0x56,0xB5,0x56,0xB5,0x56,
	0xB5,0x56,0xB5,0x56,0xB5,0x56,0xB5,0x56,0xB5,0x56,0xB5,0x56,0xB5,0x56,0xB5,0x56,

	0x00,0x00,0xFF,0x7F,0xFF,0x7F,0xFF,0x7F,0xFF,0x7F,0xFF,0x7F,0xFF,0x7F,0xFF,0x7F,
	0xFF,0x7F,0xFF,0x7F,0xFF,0x7F,0xFF,0x7F,0xFF,0x7F,0xFF,0x7F,0xFF,0x7F,0xFF,0x7F,
	0xFF,0x7F,0xFF,0x7F,0xFF,0x7F,0xFF,0x7F,0xFF,0x7F,0xFF,0x7F,0xFF,0x7F,0xFF,0x7F,
	0xFF,0x7F,0xFF,0x7F,0xFF,0x7F,0xFF,0x7F,0xFF,0x7F,0xFF,0x7F,0xFF,0x7F,0xFF,0x7F,
	0xFF,0x7F,0xFF,0x7F,0xFF,0x7F,0xFF,0x7F,0xFF,0x7F,0xFF,0x7F,0xFF,0x7F,0xFF,0x7F,
	0xFF,0x7F,0xFF,0x7F,0xFF,0x7F,0xFF,0x7F,0xFF,0x7F,0xFF,0x7F,0xFF,0x7F,0xFF,0x7F,
	0xFF,0x7F,0xFF,0x7F,0xFF,0x7F,0xFF,0x7F,0xFF,0x7F,0xFF,0x7F,0xFF,0x7F,0xFF,0x7F,
	0xFF,0x7F,0xFF,0x7F,0xFF,0x7F,0xFF,0x7F,0xFF,0x7F,0xFF,0x7F,0xFF,0x7F,0xFF,0x7F,

	0xFF,0x7F,0xFF,0x7F,0xFF,0x7F,0xFF,0x7F,0xFF,0x7F,0xFF,0x7F,0xFF,0x7F,0xFF,0x7F,
	0xFF,0x7F,0xFF,0x7F,0xFF,0x7F,0xFF,0x7F,0xFF,0x7F,0xFF,0x7F,0xFF,0x7F,0xFF,0x7F,
	0xFF,0x7F,0x00,0x00,0xB5,0x56,0xB5,0x56,0xB5,0x56,0xB5,0x56,0xB5,0x56,0xB5,0x56,
	0xB5,0x56,0xB5,0x56,0xB5,0x56,0xB5,0x56,0xB5,0x56,0xB5,0x56,0xB5,0x56,0x00,0x00,
	0xFF,0x7F,0xFF,0x7F,0xFF,0x7F,0xFF,0x7F,0xFF,0x7F,0xFF,0x7F,0xFF,0x7F,0xFF,0x7F,
	0xFF,0x7F,0xFF,0x7F,0xFF,0x7F,0xFF,0x7F,0xFF,0x7F,0xFF,0x7F,0xFF,0x7F,0xFF,0x7F,
	0xFF,0x7F,0xFF,0x7F,0xFF,0x7F,0xFF,0x7F,0xFF,0x7F,0xFF,0x7F,0xFF,0x7F,0xFF,0x7F,
	0xFF,0x7F,0xFF,0x7F,0xFF,0x7F,0xFF,0x7F,0xFF,0x7F,0xFF,0x7F,0xFF,0x7F,0xFF,0x7F,

	0xFF,0x7F,0xFF,0x7F,0xFF,0x7F,0xFF,0x7F,0xFF,0x7F,0xFF,0x7F,0xFF,0x7F,0xFF,0x7F,
	0xFF,0x7F,0xFF,0x7F,0xFF,0x7F,0xFF,0x7F,0xFF,0x7F,0xFF,0x7F,0xFF,0x7F,0xFF,0x7F,
	0xFF,0x7F,0xFF,0x7F,0xFF,0x7F,0xFF,0x7F,0xFF,0x7F,0xFF,0x7F,0xFF,0x7F,0xFF,0x7F,
	0xFF,0x7F,0xFF,0x7F,0xFF,0x7F,0xFF,0x7F,0xFF,0x7F,0xFF,0x7F,0xFF,0x7F,0xFF,0x7F,
	0xFF,0x7F,0xFF,0x7F,0xFF,0x7F,0xFF,0x7F,0xFF,0x7F,0xFF,0x7F,0xFF,0x7F,0xFF,0x7F,
	0xFF,0x7F,0xFF,0x7F,0xFF,0x7F,0xFF,0x7F,0xFF,0x7F,0xFF,0x7F,0xFF,0x7F,0xFF,0x7F,
	0x00,0x00,0xB5,0x56,0xB5,0x56,0xB5,0x56,0xB5,0x56,0xB5,0x56,0xB5,0x56,0xB5,0x56,
	0xB5,0x56,0xB5,0x56,0xB5,0x56,0xB5,0x56,0xB5,0x56,0xB5,0x56,0xB5,0x56,0xB5,0x56,

	0xB5,0x56,0xB5,0x56,0xB5,0x56,0xB5,0x56,0xB5,0x56,0xB5,0x56,0xB5,0x56,0xB5,0x56,
	0xB5,0x56,0xB5,0x56,0xB5,0x56,0xB5,0x56,0xB5,0x56,0xB5,0x56,0xB5,0x56,0xB5,0x56,
	0xFF,0x7F,0xFF,0x7F,0xFF,0x7F,0xFF,0x7F,0xFF,0x7F,0xFF,0x7F,0xFF,0x7F,0xFF,0x7F,
	0xFF,0x7F,0xFF,0x7F,0xFF,0x7F,0xFF,0x7F,0xFF,0x7F,0xFF,0x7F,0xFF,0x7F,0xFF,0x7F,
	0xFF,0x7F,0xFF,0x7F,0xFF,0x7F,0xFF,0x7F,0xFF,0x7F,0xFF,0x7F,0xFF,0x7F,0xB5,0x56,
	0xB5,0x56,0xB5,0x56,0xFF,0x7F,0xFF,0x7F,0xFF,0x7F,0xFF,0x7F,0xFF,0x7F,0xFF,0x7F,
	0x00,0x00,0x00,0x00,0x00,0x00,0x00,0x00,0x00,0x00,0x00,0x00,0x00,0x00,0x00,0x00,
	0x00,0x00,0x00,0x00,0x00,0x00,0x00,0x00,0x00,0x00,0x00,0x00,0x00,0x00,0x00,0x00,

	0x00,0x00,0x00,0x00,0x00,0x00,0x00,0x00,0x00,0x00,0x00,0x00,0x00,0x00,0x00,0x00,
	0x00,0x00,0x00,0x00,0x00,0x00,0x00,0x00,0x00,0x00,0x00,0x00,0x00,0x00,0x00,0x00,
	0x00,0x00,0x00,0x00,0x00,0x00,0x00,0x00,0x00,0x00,0x00,0x00,0x00,0x00,0x00,0x00,
	0x00,0x00,0x00,0x00,0x00,0x00,0x00,0x00,0x00,0x00,0x00,0x00,0x00,0x00,0x00,0x00,
	0x00,0x00,0x00,0x00,0x00,0x00,0x00,0x00,0x00,0x00,0x00,0x00,0x00,0x00,0x00,0x00,
	0x00,0x00,0x00,0x00,0x00,0x00,0x00,0x00,0x00,0x00,0x00,0x00,0x00,0x00,0x00,0x00,
	0x00,0x00,0x00,0x00,0x00,0x00,0x00,0x00,0x00,0x00,0x00,0x00,0x00,0x00,0x00,0x00,
	0x00,0x00,0x00,0x00,0x00,0x00,0x00,0x00,0x00,0x00,0x00,0x00,0x00,0x00,0x00,0x00,

	0x00,0x00,0x00,0x00,0xFF,0x7F,0xFF,0x7F,0xFF,0x7F,0xFF,0x7F,0xFF,0x7F,0xB5,0x56,
	0xB5,0x56,0xB5,0x56,0xFF,0x7F,0xFF,0x7F,0xFF,0x7F,0xFF,0x7F,0xFF,0x7F,0x00,0x00,
	0x00,0x00,0x00,0x00,0x00,0x00,0x00,0x00,0x00,0x00,0x00,0x00,0x00,0x00,0x00,0x00,
	0x00,0x00,0x00,0x00,0x00,0x00,0x00,0x00,0x00,0x00,0x00,0x00,0x00,0x00,0x00,0x00,
	0x00,0x00,0x00,0x00,0x00,0x00,0x00,0x00,0x00,0x00,0x00,0x00,0x00,0x00,0x00,0x00,
	0x00,0x00,0x00,0x00,0x00,0x00,0x00,0x00,0x00,0x00,0x00,0x00,0x00,0x00,0x00,0x00,
	0x00,0x00,0x00,0x00,0x00,0x00,0x00,0x00,0x00,0x00,0x00,0x00,0x00,0x00,0x00,0x00,
	0x00,0x00,0x00,0x00,0x00,0x00,0x00,0x00,0x00,0x00,0x00,0x00,0x00,0x00,0x00,0x00,

	0x00,0x00,0x00,0x00,0x00,0x00,0x00,0x00,0x00,0x00,0x00,0x00,0x00,0x00,0x00,0x00,
	0x00,0x00,0x00,0x00,0x00,0x00,0x00,0x00,0x00,0x00,0x00,0x00,0x00,0x00,0x00,0x00,
	0x00,0x00,0x00,0x00,0x00,0x00,0x00,0x00,0x00,0x00,0x00,0x00,0x00,0x00,0x00,0x00,
	0x00,0x00,0x00,0x00,0x00,0x00,0x00,0x00,0x00,0x00,0x00,0x00,0x00,0x00,0x00,0x00,
	0x00,0x00,0xFF,0x7F,0xFF,0x7F,0xFF,0x7F,0xFF,0x7F,0xFF,0x7F,0xFF,0x7F,0xB5,0x56,
	0xB5,0x56,0xB5,0x56,0xFF,0x7F,0xFF,0x7F,0xFF,0x7F,0xFF,0x7F,0xFF,0x7F,0xFF,0x7F,
	0xFF,0x7F,0xFF,0x7F,0xFF,0x7F,0xFF,0x7F,0xFF,0x7F,0xFF,0x7F,0xFF,0x7F,0xFF,0x7F,
	0xFF,0x7F,0xFF,0x7F,0xFF,0x7F,0xFF,0x7F,0xFF,0x7F,0xFF,0x7F,0xFF,0x7F,0xFF,0x7F,

	0x9C,0x73,0x9C,0x73,0x9C,0x73,0x9C,0x73,0x9C,0x73,0x9C,0x73,0x9C,0x73,0x9C,0x73,
	0x9C,0x73,0x9C,0x73,0x9C,0x73,0x9C,0x73,0x9C,0x73,0x9C,0x73,0x9C,0x73,0x9C,0x73,
	0x9C,0x73,0x9C,0x73,0x9C,0x73,0x9C,0x73,0x9C,0x73,0x9C,0x73,0x9C,0x73,0x9C,0x73,
	0xB5,0x56,0x9C,0x73,0x9C,0x73,0x9C,0x73,0x9C,0x73,0x9C,0x73,0x9C,0x73,0x9C,0x73,
	0x9C,0x73,0x9C,0x73,0x9C,0x73,0x9C,0x73,0x9C,0x73,0x9C,0x73,0x9C,0x73,0x9C,0x73,
	0x9C,0x73,0x9C,0x73,0x9C,0x73,0x9C,0x73,0x9C,0x73,0x9C,0x73,0x9C,0x73,0x9C,0x73,
	0x9C,0x73,0x9C,0x73,0x9C,0x73,0x9C,0x73,0x9C,0x73,0x9C,0x73,0x9C,0x73,0x9C,0x73,
	0x9C,0x73,0x9C,0x73,0x9C,0x73,0x9C,0x73,0x9C,0x73,0x9C,0x73,0x9C,0x73,0x9C,0x73,

	0x9C,0x73,0x9C,0x73,0x9C,0x73,0x9C,0x73,0x9C,0x73,0x9C,0x73,0x9C,0x73,0x9C,0x73,
	0xB5,0x56,0x9C,0x73,0x9C,0x73,0x9C,0x73,0x9C,0x73,0x9C,0x73,0x9C,0x73,0x9C,0x73,
	0x9C,0x73,0x9C,0x73,0x9C,0x73,0x9C,0x73,0x9C,0x73,0x9C,0x73,0x9C,0x73,0x9C,0x73,
	0x9C,0x73,0x9C,0x73,0x9C,0x73,0x9C,0x73,0x9C,0x73,0x9C,0x73,0x9C,0x73,0x9C,0x73,
	0x9C,0x73,0x9C,0x73,0x9C,0x73,0x9C,0x73,0x9C,0x73,0x9C,0x73,0x9C,0x73,0x9C,0x73,
	0x9C,0x73,0x9C,0x73,0x9C,0x73,0x9C,0x73,0x9C,0x73,0x9C,0x73,0x9C,0x73,0x9C,0x73,
	0x9C,0x73,0x9C,0x73,0x9C,0x73,0x9C,0x73,0x9C,0x73,0x9C,0x73,0x9C,0x73,0x9C,0x73,
	0xB5,0x56,0x9C,0x73,0x9C,0x73,0x9C,0x73,0x9C,0x73,0x9C,0x73,0x9C,0x73,0x9C,0x73,

	0x9C,0x73,0x9C,0x73,0x9C,0x73,0x9C,0x73,0x9C,0x73,0x9C,0x73,0x9C,0x73,0x9C,0x73,
	0x9C,0x73,0x9C,0x73,0x9C,0x73,0x9C,0x73,0x9C,0x73,0x9C,0x73,0x9C,0x73,0x9C,0x73,
	0x9C,0x73,0x9C,0x73,0x9C,0x73,0x9C,0x73,0x9C,0x73,0x9C,0x73,0x9C,0x73,0x9C,0x73,
	0x9C,0x73,0x9C,0x73,0x9C,0x73,0x9C,0x73,0x9C,0x73,0x9C,0x73,0x9C,0x73,0x9C,0x73,
	0x9C,0x73,0x9C,0x73,0x9C,0x73,0x9C,0x73,0x9C,0x73,0x9C,0x73,0x9C,0x73,0x9C,0x73,
	0xB5,0x56,0x9C,0x73,0x9C,0x73,0x9C,0x73,0x9C,0x73,0x9C,0x73,0x9C,0x73,0x9C,0x73,
	0x9C,0x73,0x9C,0x73,0x9C,0x73,0x9C,0x73,0x9C,0x73,0x9C,0x73,0x9C,0x73,0x9C,0x73,
	0x9C,0x73,0x9C,0x73,0x9C,0x73,0x9C,0x73,0x9C,0x73,0x9C,0x73,0x9C,0x73,0x9C,0x73,

	0x9C,0x73,0x9C,0x73,0x9C,0x73,0x9C,0x73,0x9C,0x73,0x9C,0x73,0x9C,0x73,0x9C,0x73,
	0x9C,0x73,0x9C,0x73,0x9C,0x73,0x9C,0x73,0x9C,0x73,0x9C,0x73,0x9C,0x73,0x9C,0x73,
	0x9C,0x73,0x9C,0x73,0x9C,0x73,0x9C,0x73,0x9C,0x73,0x9C,0x73,0x9C,0x73,0x9C,0x73,
	0xB5,0x56,0x9C,0x73,0x9C,0x73,0x9C,0x73,0x9C,0x73,0x9C,0x73,0x9C,0x73,0x9C,0x73,
	0x9C,0x73,0x9C,0x73,0x9C,0x73,0x9C,0x73,0x9C,0x73,0x9C,0x73,0x9C,0x73,0x9C,0x73,
	0x9C,0x73,0x9C,0x73,0x9C,0x73,0x9C,0x73,0x9C,0x73,0x9C,0x73,0x9C,0x73,0x9C,0x73,
	0xFF,0x7F,0xFF,0x7F,0xFF,0x7F,0xFF,0x7F,0xFF,0x7F,0xFF,0x7F,0xFF,0x7F,0xFF,0x7F,
	0xFF,0x7F,0xFF,0x7F,0xFF,0x7F,0xFF,0x7F,0xFF,0x7F,0xFF,0x7F,0xFF,0x7F,0xFF,0x7F,

	0xFF,0x7F,0xFF,0x7F,0xFF,0x7F,0xFF,0x7F,0xFF,0x7F,0xFF,0x7F,0xFF,0x7F,0xFF,0x7F,
	0xB5,0x56,0xFF,0x7F,0xFF,0x7F,0xFF,0x7F,0xFF,0x7F,0xFF,0x7F,0xFF,0x7F,0xFF,0x7F,
	0xFF,0x7F,0xFF,0x7F,0xFF,0x7F,0xFF,0x7F,0xFF,0x7F,0xFF,0x7F,0xFF,0x7F,0xFF,0x7F,
	0xFF,0x7F,0xFF,0x7F,0xFF,0x7F,0xFF,0x7F,0xFF,0x7F,0xFF,0x7F,0xFF,0x7F,0xFF,0x7F,
	0xFF,0x7F,0xFF,0x7F,0xFF,0x7F,0xFF,0x7F,0xFF,0x7F,0xFF,0x7F,0xFF,0x7F,0xFF,0x7F,
	0xFF,0x7F,0xFF,0x7F,0xFF,0x7F,0xFF,0x7F,0xFF,0x7F,0xFF,0x7F,0xFF,0x7F,0xFF,0x7F,
	0xFF,0x7F,0xFF,0x7F,0xFF,0x7F,0xFF,0x7F,0xFF,0x7F,0xFF,0x7F,0xFF,0x7F,0xFF,0x7F,
	0xB5,0x56,0xFF,0x7F,0xFF,0x7F,0xFF,0x7F,0xFF,0x7F,0xFF,0x7F,0xFF,0x7F,0xFF,0x7F,

	0xFF,0x7F,0xFF,0x7F,0xFF,0x7F,0xFF,0x7F,0xFF,0x7F,0xFF,0x7F,0xFF,0x7F,0xFF,0x7F,
	0xFF,0x7F,0xFF,0x7F,0xFF,0x7F,0xFF,0x7F,0xFF,0x7F,0xFF,0x7F,0xFF,0x7F,0xFF,0x7F,
	0xFF,0x7F,0xFF,0x7F,0xFF,0x7F,0xFF,0x7F,0xFF,0x7F,0xFF,0x7F,0xFF,0x7F,0xFF,0x7F,
	0xFF,0x7F,0xFF,0x7F,0xFF,0x7F,0xFF,0x7F,0xFF,0x7F,0xFF,0x7F,0xFF,0x7F,0xFF,0x7F,
	0xFF,0x7F,0xFF,0x7F,0xFF,0x7F,0xFF,0x7F,0xFF,0x7F,0xFF,0x7F,0xFF,0x7F,0xFF,0x7F,
	0xB5,0x56,0xFF,0x7F,0xFF,0x7F,0xFF,0x7F,0xFF,0x7F,0xFF,0x7F,0xFF,0x7F,0xFF,0x7F,
	0xFF,0x7F,0xFF,0x7F,0xFF,0x7F,0xFF,0x7F,0xFF,0x7F,0xFF,0x7F,0xFF,0x7F,0xFF,0x7F,
	0xFF,0x7F,0xFF,0x7F,0xFF,0x7F,0xFF,0x7F,0xFF,0x7F,0xFF,0x7F,0xFF,0x7F,0xFF,0x7F,

	0xFF,0x7F,0xFF,0x7F,0xFF,0x7F,0xFF,0x7F,0xFF,0x7F,0xFF,0x7F,0xFF,0x7F,0xFF,0x7F,
	0xFF,0x7F,0xFF,0x7F,0xFF,0x7F,0xFF,0x7F,0xFF,0x7F,0xFF,0x7F,0xFF,0x7F,0xFF,0x7F,
	0xFF,0x7F,0xFF,0x7F,0xFF,0x7F,0xFF,0x7F,0xFF,0x7F,0xFF,0x7F,0xFF,0x7F,0xFF,0x7F,
	0xB5,0x56,0xFF,0x7F,0xFF,0x7F,0xFF,0x7F,0xFF,0x7F,0xFF,0x7F,0xFF,0x7F,0xFF,0x7F,
	0xFF,0x7F,0xFF,0x7F,0xFF,0x7F,0xFF,0x7F,0xFF,0x7F,0xFF,0x7F,0xFF,0x7F,0xFF,0x7F,
	0xFF,0x7F,0xFF,0x7F,0xFF,0x7F,0xFF,0x7F,0xFF,0x7F,0xFF,0x7F,0xFF,0x7F,0xFF,0x7F,
	0xFF,0x7F,0xFF,0x7F,0xFF,0x7F,0xFF,0x7F,0xFF,0x7F,0xFF,0x7F,0xFF,0x7F,0xFF,0x7F,
	0xFF,0x7F,0xFF,0x7F,0xFF,0x7F,0xFF,0x7F,0xFF,0x7F,0xFF,0x7F,0xFF,0x7F,0xFF,0x7F,

	0xFF,0x7F,0xFF,0x7F,0xFF,0x7F,0xFF,0x7F,0xFF,0x7F,0xFF,0x7F,0xFF,0x7F,0xFF,0x7F,
	0xB5,0x56,0xFF,0x7F,0xFF,0x7F,0xFF,0x7F,0xFF,0x7F,0xFF,0x7F,0xFF,0x7F,0xFF,0x7F,
	0xFF,0x7F,0xFF,0x7F,0xFF,0x7F,0xFF,0x7F,0xFF,0x7F,0xFF,0x7F,0xFF,0x7F,0xFF,0x7F,
	0xFF,0x7F,0xFF,0x7F,0xFF,0x7F,0xFF,0x7F,0xFF,0x7F,0xFF,0x7F,0xFF,0x7F,0xFF,0x7F,
	0x9C,0x73,0x9C,0x73,0x9C,0x73,0x9C,0x73,0x9C,0x73,0x9C,0x73,0x9C,0x73,0x9C,0x73,
	0x9C,0x73,0x9C,0x73,0x9C,0x73,0x9C,0x73,0x9C,0x73,0x9C,0x73,0x9C,0x73,0x9C,0x73,
	0x9C,0x73,0x9C,0x73,0x9C,0x73,0x9C,0x73,0x9C,0x73,0x9C,0x73,0x9C,0x73,0x9C,0x73,
	0xB5,0x56,0x9C,0x73,0x9C,0x73,0x9C,0x73,0x9C,0x73,0x9C,0x73,0x9C,0x73,0x9C,0x73,

	0x9C,0x73,0x9C,0x73,0x9C,0x73,0x9C,0x73,0x9C,0x73,0x9C,0x73,0x9C,0x73,0x9C,0x73,
	0x9C,0x73,0x9C,0x73,0x9C,0x73,0x9C,0x73,0x9C,0x73,0x9C,0x73,0x9C,0x73,0x9C,0x73,
	0x9C,0x73,0x9C,0x73,0x9C,0x73,0x9C,0x73,0x9C,0x73,0x9C,0x73,0x9C,0x73,0x9C,0x73,
	0x9C,0x73,0x9C,0x73,0x9C,0x73,0x9C,0x73,0x9C,0x73,0x9C,0x73,0x9C,0x73,0x9C,0x73,
	0x9C,0x73,0x9C,0x73,0x9C,0x73,0x9C,0x73,0x9C,0x73,0x9C,0x73,0x9C,0x73,0x9C,0x73,
	0xB5,0x56,0x9C,0x73,0x9C,0x73,0x9C,0x73,0x9C,0x73,0x9C,0x73,0x9C,0x73,0x9C,0x73,
	0x9C,0x73,0x9C,0x73,0x9C,0x73,0x9C,0x73,0x9C,0x73,0x9C,0x73,0x9C,0x73,0x9C,0x73,
	0x9C,0x73,0x9C,0x73,0x9C,0x73,0x9C,0x73,0x9C,0x73,0x9C,0x73,0x9C,0x73,0x9C,0x73,

	0x9C,0x73,0x9C,0x73,0x9C,0x73,0x9C,0x73,0x9C,0x73,0x9C,0x73,0x9C,0x73,0x9C,0x73,
	0x9C,0x73,0x9C,0x73,0x9C,0x73,0x9C,0x73,0x9C,0x73,0x9C,0x73,0x9C,0x73,0x9C,0x73,
	0x9C,0x73,0x9C,0x73,0x9C,0x73,0x9C,0x73,0x9C,0x73,0x9C,0x73,0x9C,0x73,0x9C,0x73,
	0xB5,0x56,0x9C,0x73,0x9C,0x73,0x9C,0x73,0x9C,0x73,0x9C,0x73,0x9C,0x73,0x9C,0x73,
	0x9C,0x73,0x9C,0x73,0x9C,0x73,0x9C,0x73,0x9C,0x73,0x9C,0x73,0x9C,0x73,0x9C,0x73,
	0x9C,0x73,0x9C,0x73,0x9C,0x73,0x9C,0x73,0x9C,0x73,0x9C,0x73,0x9C,0x73,0x9C,0x73,
	0x9C,0x73,0x9C,0x73,0x9C,0x73,0x9C,0x73,0x9C,0x73,0x9C,0x73,0x9C,0x73,0x9C,0x73,
	0x9C,0x73,0x9C,0x73,0x9C,0x73,0x9C,0x73,0x9C,0x73,0x9C,0x73,0x9C,0x73,0x9C,0x73,

	0x9C,0x73,0x9C,0x73,0x9C,0x73,0x9C,0x73,0x9C,0x73,0x9C,0x73,0x9C,0x73,0x9C,0x73,
	0xB5,0x56,0x9C,0x73,0x9C,0x73,0x9C,0x73,0x9C,0x73,0x9C,0x73,0x9C,0x73,0x9C,0x73,
	0x9C,0x73,0x9C,0x73,0x9C,0x73,0x9C,0x73,0x9C,0x73,0x9C,0x73,0x9C,0x73,0x9C,0x73,
	0x9C,0x73,0x9C,0x73,0x9C,0x73,0x9C,0x73,0x9C,0x73,0x9C,0x73,0x9C,0x73,0x9C,0x73,
	0x9C,0x73,0x9C,0x73,0x9C,0x73,0x9C,0x73,0x9C,0x73,0x9C,0x73,0x9C,0x73,0x9C,0x73,
	0x9C,0x73,0x9C,0x73,0x9C,0x73,0x9C,0x73,0x9C,0x73,0x9C,0x73,0x9C,0x73,0x9C,0x73,
	0x9C,0x73,0x9C,0x73,0x9C,0x73,0x9C,0x73,0x9C,0x73,0x9C,0x73,0x9C,0x73,0x9C,0x73,
	0xB5,0x56,0x9C,0x73,0x9C,0x73,0x9C,0x73,0x9C,0x73,0x9C,0x73,0x9C,0x73,0x9C,0x73,

	0x9C,0x73,0x9C,0x73,0x9C,0x73,0x9C,0x73,0x9C,0x73,0x9C,0x73,0x9C,0x73,0x9C,0x73,
	0x9C,0x73,0x9C,0x73,0x9C,0x73,0x9C,0x73,0x9C,0x73,0x9C,0x73,0x9C,0x73,0x9C,0x73,
	0xFF,0x7F,0xFF,0x7F,0xFF,0x7F,0xFF,0x7F,0xFF,0x7F,0xFF,0x7F,0xFF,0x7F,0xFF,0x7F,
	0xFF,0x7F,0xFF,0x7F,0xFF,0x7F,0xFF,0x7F,0xFF,0x7F,0xFF,0x7F,0xFF,0x7F,0xFF,0x7F,
	0xFF,0x7F,0xFF,0x7F,0xFF,0x7F,0xFF,0x7F,0xFF,0x7F,0xFF,0x7F,0xFF,0x7F,0xFF,0x7F,
	0xB5,0x56,0xFF,0x7F,0xFF,0x7F,0xFF,0x7F,0xFF,0x7F,0xFF,0x7F,0xFF,0x7F,0xFF,0x7F,
	0xFF,0x7F,0xFF,0x7F,0xFF,0x7F,0xFF,0x7F,0xFF,0x7F,0xFF,0x7F,0xFF,0x7F,0xFF,0x7F,
	0xFF,0x7F,0xFF,0x7F,0xFF,0x7F,0xFF,0x7F,0xFF,0x7F,0xFF,0x7F,0xFF,0x7F,0xFF,0x7F,

	0xFF,0x7F,0xFF,0x7F,0xFF,0x7F,0xFF,0x7F,0xFF,0x7F,0xFF,0x7F,0xFF,0x7F,0xFF,0x7F,
	0xFF,0x7F,0xFF,0x7F,0xFF,0x7F,0xFF,0x7F,0xFF,0x7F,0xFF,0x7F,0xFF,0x7F,0xFF,0x7F,
	0xFF,0x7F,0xFF,0x7F,0xFF,0x7F,0xFF,0x7F,0xFF,0x7F,0xFF,0x7F,0xFF,0x7F,0xFF,0x7F,
	0xB5,0x56,0xFF,0x7F,0xFF,0x7F,0xFF,0x7F,0xFF,0x7F,0xFF,0x7F,0xFF,0x7F,0xFF,0x7F,
	0xFF,0x7F,0xFF,0x7F,0xFF,0x7F,0xFF,0x7F,0xFF,0x7F,0xFF,0x7F,0xFF,0x7F,0xFF,0x7F,
	0xFF,0x7F,0xFF,0x7F,0xFF,0x7F,0xFF,0x7F,0xFF,0x7F,0xFF,0x7F,0xFF,0x7F,0xFF,0x7F,
	0xFF,0x7F,0xFF,0x7F,0xFF,0x7F,0xFF,0x7F,0xFF,0x7F,0xFF,0x7F,0xFF,0x7F,0xFF,0x7F,
	0xFF,0x7F,0xFF,0x7F,0xFF,0x7F,0xFF,0x7F,0xFF,0x7F,0xFF,0x7F,0xFF,0x7F,0xFF,0x7F,

	0xFF,0x7F,0xFF,0x7F,0xFF,0x7F,0xFF,0x7F,0xFF,0x7F,0xFF,0x7F,0xFF,0x7F,0xFF,0x7F,
	0xB5,0x56,0xFF,0x7F,0xFF,0x7F,0xFF,0x7F,0xFF,0x7F,0xFF,0x7F,0xFF,0x7F,0xFF,0x7F,
	0xFF,0x7F,0xFF,0x7F,0xFF,0x7F,0xFF,0x7F,0xFF,0x7F,0xFF,0x7F,0xFF,0x7F,0xFF,0x7F,
	0xFF,0x7F,0xFF,0x7F,0xFF,0x7F,0xFF,0x7F,0xFF,0x7F,0xFF,0x7F,0xFF,0x7F,0xFF,0x7F,
	0xFF,0x7F,0xFF,0x7F,0xFF,0x7F,0xFF,0x7F,0xFF,0x7F,0xFF,0x7F,0xFF,0x7F,0xFF,0x7F,
	0xFF,0x7F,0xFF,0x7F,0xFF,0x7F,0xFF,0x7F,0xFF,0x7F,0xFF,0x7F,0xFF,0x7F,0xFF,0x7F,
	0xFF,0x7F,0xFF,0x7F,0xFF,0x7F,0xFF,0x7F,0xFF,0x7F,0xFF,0x7F,0xFF,0x7F,0xFF,0x7F,
	0xB5,0x56,0xFF,0x7F,0xFF,0x7F,0xFF,0x7F,0xFF,0x7F,0xFF,0x7F,0xFF,0x7F,0xFF,0x7F,

	0xFF,0x7F,0xFF,0x7F,0xFF,0x7F,0xFF,0x7F,0xFF,0x7F,0xFF,0x7F,0xFF,0x7F,0xFF,0x7F,
	0xFF,0x7F,0xFF,0x7F,0xFF,0x7F,0xFF,0x7F,0xFF,0x7F,0xFF,0x7F,0xFF,0x7F,0xFF,0x7F,
	0xFF,0x7F,0xFF,0x7F,0xFF,0x7F,0xFF,0x7F,0xFF,0x7F,0xFF,0x7F,0xFF,0x7F,0xFF,0x7F,
	0xFF,0x7F,0xFF,0x7F,0xFF,0x7F,0xFF,0x7F,0xFF,0x7F,0xFF,0x7F,0xFF,0x7F,0xFF,0x7F,
	0xFF,0x7F,0xFF,0x7F,0xFF,0x7F,0xFF,0x7F,0xFF,0x7F,0xFF,0x7F,0xFF,0x7F,0xFF,0x7F,
	0xB5,0x56,0xFF,0x7F,0xFF,0x7F,0xFF,0x7F,0xFF,0x7F,0xFF,0x7F,0xFF,0x7F,0xFF,0x7F,
	0xFF,0x7F,0xFF,0x7F,0xFF,0x7F,0xFF,0x7F,0xFF,0x7F,0xFF,0x7F,0xFF,0x7F,0xFF,0x7F,
	0xFF,0x7F,0xFF,0x7F,0xFF,0x7F,0xFF,0x7F,0xFF,0x7F,0xFF,0x7F,0xFF,0x7F,0xFF,0x7F,

	0x9C,0x73,0x9C,0x73,0x9C,0x73,0x9C,0x73,0x9C,0x73,0x9C,0x73,0x9C,0x73,0x9C,0x73,
	0x9C,0x73,0x9C,0x73,0x9C,0x73,0x9C,0x73,0x9C,0x73,0x9C,0x73,0x9C,0x73,0x9C,0x73,
	0x9C,0x73,0x9C,0x73,0x9C,0x73,0x9C,0x73,0x9C,0x73,0x9C,0x73,0x9C,0x73,0x9C,0x73,
	0xB5,0x56,0x9C,0x73,0x9C,0x73,0x9C,0x73,0x9C,0x73,0x9C,0x73,0x9C,0x73,0x9C,0x73,
	0x9C,0x73,0x9C,0x73,0x9C,0x73,0x9C,0x73,0x9C,0x73,0x9C,0x73,0x9C,0x73,0x9C,0x73,
	0x9C,0x73,0x9C,0x73,0x9C,0x73,0x9C,0x73,0x9C,0x73,0x9C,0x73,0x9C,0x73,0x9C,0x73,
	0x9C,0x73,0x9C,0x73,0x9C,0x73,0x9C,0x73,0x9C,0x73,0x9C,0x73,0x9C,0x73,0x9C,0x73,
	0x9C,0x73,0x9C,0x73,0x9C,0x73,0x9C,0x73,0x9C,0x73,0x9C,0x73,0x9C,0x73,0x9C,0x73,

	0x9C,0x73,0x9C,0x73,0x9C,0x73,0x9C,0x73,0x9C,0x73,0x9C,0x73,0x9C,0x73,0x9C,0x73,
	0xB5,0x56,0x9C,0x73,0x9C,0x73,0x9C,0x73,0x9C,0x73,0x9C,0x73,0x9C,0x73,0x9C,0x73,
	0x9C,0x73,0x9C,0x73,0x9C,0x73,0x9C,0x73,0x9C,0x73,0x9C,0x73,0x9C,0x73,0x9C,0x73,
	0x9C,0x73,0x9C,0x73,0x9C,0x73,0x9C,0x73,0x9C,0x73,0x9C,0x73,0x9C,0x73,0x9C,0x73,
	0x9C,0x73,0x9C,0x73,0x9C,0x73,0x9C,0x73,0x9C,0x73,0x9C,0x73,0x9C,0x73,0x9C,0x73,
	0x9C,0x73,0x9C,0x73,0x9C,0x73,0x9C,0x73,0x9C,0x73,0x9C,0x73,0x9C,0x73,0x9C,0x73,
	0x9C,0x73,0x9C,0x73,0x9C,0x73,0x9C,0x73,0x9C,0x73,0x9C,0x73,0x9C,0x73,0x9C,0x73,
	0xB5,0x56,0x9C,0x73,0x9C,0x73,0x9C,0x73,0x9C,0x73,0x9C,0x73,0x9C,0x73,0x9C,0x73,

	0x9C,0x73,0x9C,0x73,0x9C,0x73,0x9C,0x73,0x9C,0x73,0x9C,0x73,0x9C,0x73,0x9C,0x73,
	0x9C,0x73,0x9C,0x73,0x9C,0x73,0x9C,0x73,0x9C,0x73,0x9C,0x73,0x9C,0x73,0x9C,0x73,
	0x9C,0x73,0x9C,0x73,0x9C,0x73,0x9C,0x73,0x9C,0x73,0x9C,0x73,0x9C,0x73,0x9C,0x73,
	0x9C,0x73,0x9C,0x73,0x9C,0x73,0x9C,0x73,0x9C,0x73,0x9C,0x73,0x9C,0x73,0x9C,0x73,
	0x9C,0x73,0x9C,0x73,0x9C,0x73,0x9C,0x73,0x9C,0x73,0x9C,0x73,0x9C,0x73,0x9C,0x73,
	0xB5,0x56,0x9C,0x73,0x9C,0x73,0x9C,0x73,0x9C,0x73,0x9C,0x73,0x9C,0x73,0x9C,0x73,
	0x9C,0x73,0x9C,0x73,0x9C,0x73,0x9C,0x73,0x9C,0x73,0x9C,0x73,0x9C,0x73,0x9C,0x73,
	0x9C,0x73,0x9C,0x73,0x9C,0x73,0x9C,0x73,0x9C,0x73,0x9C,0x73,0x9C,0x73,0x9C,0x73,

	0x9C,0x73,0x9C,0x73,0x9C,0x73,0x9C,0x73,0x9C,0x73,0x9C,0x73,0x9C,0x73,0x9C,0x73,
	0x9C,0x73,0x9C,0x73,0x9C,0x73,0x9C,0x73,0x9C,0x73,0x9C,0x73,0x9C,0x73,0x9C,0x73,
	0x9C,0x73,0x9C,0x73,0x9C,0x73,0x9C,0x73,0x9C,0x73,0x9C,0x73,0x9C,0x73,0x9C,0x73,
	0xB5,0x56,0x9C,0x73,0x9C,0x73,0x9C,0x73,0x9C,0x73,0x9C,0x73,0x9C,0x73,0x9C,0x73,
	0x9C,0x73,0x9C,0x73,0x9C,0x73,0x9C,0x73,0x9C,0x73,0x9C,0x73,0x9C,0x73,0x9C,0x73,
	0x9C,0x73,0x9C,0x73,0x9C,0x73,0x9C,0x73,0x9C,0x73,0x9C,0x73,0x9C,0x73,0x9C,0x73,
	0xFF,0x7F,0xFF,0x7F,0xFF,0x7F,0xFF,0x7F,0xFF,0x7F,0xFF,0x7F,0xFF,0x7F,0xFF,0x7F,
	0xFF,0x7F,0xFF,0x7F,0xFF,0x7F,0xFF,0x7F,0xFF,0x7F,0xFF,0x7F,0xFF,0x7F,0xFF,0x7F,

	0xFF,0x7F,0xFF,0x7F,0xFF,0x7F,0xFF,0x7F,0xFF,0x7F,0xFF,0x7F,0xFF,0x7F,0xFF,0x7F,
	0xB5,0x56,0xFF,0x7F,0xFF,0x7F,0xFF,0x7F,0xFF,0x7F,0xFF,0x7F,0xFF,0x7F,0xFF,0x7F,
	0xFF,0x7F,0xFF,0x7F,0xFF,0x7F,0xFF,0x7F,0xFF,0x7F,0xFF,0x7F,0xFF,0x7F,0xFF,0x7F,
	0xFF,0x7F,0xFF,0x7F,0xFF,0x7F,0xFF,0x7F,0xFF,0x7F,0xFF,0x7F,0xFF,0x7F,0xFF,0x7F,
	0xFF,0x7F,0xFF,0x7F,0xFF,0x7F,0xFF,0x7F,0xFF,0x7F,0xFF,0x7F,0xFF,0x7F,0xFF,0x7F,
	0xFF,0x7F,0xFF,0x7F,0xFF,0x7F,0xFF,0x7F,0xFF,0x7F,0xFF,0x7F,0xFF,0x7F,0xFF,0x7F,
	0xFF,0x7F,0xFF,0x7F,0xFF,0x7F,0xFF,0x7F,0xFF,0x7F,0xFF,0x7F,0xFF,0x7F,0xFF,0x7F,
	0xB5,0x56,0xFF,0x7F,0xFF,0x7F,0xFF,0x7F,0xFF,0x7F,0xFF,0x7F,0xFF,0x7F,0xFF,0x7F,

	0xFF,0x7F,0xFF,0x7F,0xFF,0x7F,0xFF,0x7F,0xFF,0x7F,0xFF,0x7F,0xFF,0x7F,0xFF,0x7F,
	0xFF,0x7F,0xFF,0x7F,0xFF,0x7F,0xFF,0x7F,0xFF,0x7F,0xFF,0x7F,0xFF,0x7F,0xFF,0x7F,
	0xFF,0x7F,0xFF,0x7F,0xFF,0x7F,0xFF,0x7F,0xFF,0x7F,0xFF,0x7F,0xFF,0x7F,0xFF,0x7F,
	0xFF,0x7F,0xFF,0x7F,0xFF,0x7F,0xFF,0x7F,0xFF,0x7F,0xFF,0x7F,0xFF,0x7F,0xFF,0x7F,
	0xFF,0x7F,0xFF,0x7F,0xFF,0x7F,0xFF,0x7F,0xFF,0x7F,0xFF,0x7F,0xFF,0x7F,0xFF,0x7F,
	0xB5,0x56,0xFF,0x7F,0xFF,0x7F,0xFF,0x7F,0xFF,0x7F,0xFF,0x7F,0xFF,0x7F,0xFF,0x7F,
	0xFF,0x7F,0xFF,0x7F,0xFF,0x7F,0xFF,0x7F,0xFF,0x7F,0xFF,0x7F,0xFF,0x7F,0xFF,0x7F,
	0xFF,0x7F,0xFF,0x7F,0xFF,0x7F,0xFF,0x7F,0xFF,0x7F,0xFF,0x7F,0xFF,0x7F,0xFF,0x7F,

	0xFF,0x7F,0xFF,0x7F,0xFF,0x7F,0xFF,0x7F,0xFF,0x7F,0xFF,0x7F,0xFF,0x7F,0xFF,0x7F,
	0xFF,0x7F,0xFF,0x7F,0xFF,0x7F,0xFF,0x7F,0xFF,0x7F,0xFF,0x7F,0xFF,0x7F,0xFF,0x7F,
	0xFF,0x7F,0xFF,0x7F,0xFF,0x7F,0xFF,0x7F,0xFF,0x7F,0xFF,0x7F,0xFF,0x7F,0xFF,0x7F,
	0xB5,0x56,0xFF,0x7F,0xFF,0x7F,0xFF,0x7F,0xFF,0x7F,0xFF,0x7F,0xFF,0x7F,0xFF,0x7F,
	0xFF,0x7F,0xFF,0x7F,0xFF,0x7F,0xFF,0x7F,0xFF,0x7F,0xFF,0x7F,0xFF,0x7F,0xFF,0x7F,
	0xFF,0x7F,0xFF,0x7F,0xFF,0x7F,0xFF,0x7F,0xFF,0x7F,0xFF,0x7F,0xFF,0x7F,0xFF,0x7F,
	0xFF,0x7F,0xFF,0x7F,0xFF,0x7F,0xFF,0x7F,0xFF,0x7F,0xFF,0x7F,0xFF,0x7F,0xFF,0x7F,
	0xFF,0x7F,0xFF,0x7F,0xFF,0x7F,0xFF,0x7F,0xFF,0x7F,0xFF,0x7F,0xFF,0x7F,0xFF,0x7F,

	0xFF,0x7F,0xFF,0x7F,0xFF,0x7F,0xFF,0x7F,0xFF,0x7F,0xFF,0x7F,0xFF,0x7F,0xFF,0x7F,
	0xB5,0x56,0xFF,0x7F,0xFF,0x7F,0xFF,0x7F,0xFF,0x7F,0xFF,0x7F,0xFF,0x7F,0xFF,0x7F,
	0xFF,0x7F,0xFF,0x7F,0xFF,0x7F,0xFF,0x7F,0xFF,0x7F,0xFF,0x7F,0xFF,0x7F,0xFF,0x7F,
	0xFF,0x7F,0xFF,0x7F,0xFF,0x7F,0xFF,0x7F,0xFF,0x7F,0xFF,0x7F,0xFF,0x7F,0xFF,0x7F,
	0x9C,0x73,0x9C,0x73,0x9C,0x73,0x9C,0x73,0x9C,0x73,0x9C,0x73,0x9C,0x73,0x9C,0x73,
	0x9C,0x73,0x9C,0x73,0x9C,0x73,0x9C,0x73,0x9C,0x73,0x9C,0x73,0x9C,0x73,0x9C,0x73,
	0x9C,0x73,0x9C,0x73,0x9C,0x73,0x9C,0x73,0x9C,0x73,0x9C,0x73,0x9C,0x73,0x9C,0x73,
	0xB5,0x56,0x9C,0x73,0x9C,0x73,0x9C,0x73,0x9C,0x73,0x9C,0x73,0x9C,0x73,0x9C,0x73,

	0x9C,0x73,0x9C,0x73,0x9C,0x73,0x9C,0x73,0x9C,0x73,0x9C,0x73,0x9C,0x73,0x9C,0x73,
	0x9C,0x73,0x9C,0x73,0x9C,0x73,0x9C,0x73,0x9C,0x73,0x9C,0x73,0x9C,0x73,0x9C,0x73,
	0x9C,0x73,0x9C,0x73,0x9C,0x73,0x9C,0x73,0x9C,0x73,0x9C,0x73,0x9C,0x73,0x9C,0x73,
	0x9C,0x73,0x9C,0x73,0x9C,0x73,0x9C,0x73,0x9C,0x73,0x9C,0x73,0x9C,0x73,0x9C,0x73,
	0x9C,0x73,0x9C,0x73,0x9C,0x73,0x9C,0x73,0x9C,0x73,0x9C,0x73,0x9C,0x73,0x9C,0x73,
	0xB5,0x56,0x9C,0x73,0x9C,0x73,0x9C,0x73,0x9C,0x73,0x9C,0x73,0x9C,0x73,0x9C,0x73,
	0x9C,0x73,0x9C,0x73,0x9C,0x73,0x9C,0x73,0x9C,0x73,0x9C,0x73,0x9C,0x73,0x9C,0x73,
	0x9C,0x73,0x9C,0x73,0x9C,0x73,0x9C,0x73,0x9C,0x73,0x9C,0x73,0x9C,0x73,0x9C,0x73,

	0x9C,0x73,0x9C,0x73,0x9C,0x73,0x9C,0x73,0x9C,0x73,0x9C,0x73,0x9C,0x73,0x9C,0x73,
	0x9C,0x73,0x9C,0x73,0x9C,0x73,0x9C,0x73,0x9C,0x73,0x9C,0x73,0x9C,0x73,0x9C,0x73,
	0x9C,0x73,0x9C,0x73,0x9C,0x73,0x9C,0x73,0x9C,0x73,0x9C,0x73,0x9C,0x73,0x9C,0x73,
	0xB5,0x56,0x9C,0x73,0x9C,0x73,0x9C,0x73,0x9C,0x73,0x9C,0x73,0x9C,0x73,0x9C,0x73,
	0x9C,0x73,0x9C,0x73,0x9C,0x73,0x9C,0x73,0x9C,0x73,0x9C,0x73,0x9C,0x73,0x9C,0x73,
	0x9C,0x73,0x9C,0x73,0x9C,0x73,0x9C,0x73,0x9C,0x73,0x9C,0x73,0x9C,0x73,0x9C,0x73,
	0x9C,0x73,0x9C,0x73,0x9C,0x73,0x9C,0x73,0x9C,0x73,0x9C,0x73,0x9C,0x73,0x9C,0x73,
	0x9C,0x73,0x9C,0x73,0x9C,0x73,0x9C,0x73,0x9C,0x73,0x9C,0x73,0x9C,0x73,0x9C,0x73,

	0x9C,0x73,0x9C,0x73,0x9C,0x73,0x9C,0x73,0x9C,0x73,0x9C,0x73,0x9C,0x73,0x9C,0x73,
	0xB5,0x56,0x9C,0x73,0x9C,0x73,0x9C,0x73,0x9C,0x73,0x9C,0x73,0x9C,0x73,0x9C,0x73,
	0x9C,0x73,0x9C,0x73,0x9C,0x73,0x9C,0x73,0x9C,0x73,0x9C,0x73,0x9C,0x73,0x9C,0x73,
	0x9C,0x73,0x9C,0x73,0x9C,0x73,0x9C,0x73,0x9C,0x73,0x9C,0x73,0x9C,0x73,0x9C,0x73,
	0x9C,0x73,0x9C,0x73,0x9C,0x73,0x9C,0x73,0x9C,0x73,0x9C,0x73,0x9C,0x73,0x9C,0x73,
	0x9C,0x73,0x9C,0x73,0x9C,0x73,0x9C,0x73,0x9C,0x73,0x9C,0x73,0x9C,0x73,0x9C,0x73,
	0x9C,0x73,0x9C,0x73,0x9C,0x73,0x9C,0x73,0x9C,0x73,0x9C,0x73,0x9C,0x73,0x9C,0x73,
	0xB5,0x56,0x9C,0x73,0x9C,0x73,0x9C,0x73,0x9C,0x73,0x9C,0x73,0x9C,0x73,0x9C,0x73,

	0x9C,0x73,0x9C,0x73,0x9C,0x73,0x9C,0x73,0x9C,0x73,0x9C,0x73,0x9C,0x73,0x9C,0x73,
	0x9C,0x73,0x9C,0x73,0x9C,0x73,0x9C,0x73,0x9C,0x73,0x9C,0x73,0x9C,0x73,0x9C,0x73,
	0xFF,0x7F,0xFF,0x7F,0xFF,0x7F,0xFF,0x7F,0xFF,0x7F,0xFF,0x7F,0xFF,0x7F,0xFF,0x7F,
	0xFF,0x7F,0xFF,0x7F,0xFF,0x7F,0xFF,0x7F,0xFF,0x7F,0xFF,0x7F,0xFF,0x7F,0xFF,0x7F,
	0xFF,0x7F,0xFF,0x7F,0xFF,0x7F,0xFF,0x7F,0xFF,0x7F,0xFF,0x7F,0xFF,0x7F,0xFF,0x7F,
	0xB5,0x56,0xFF,0x7F,0xFF,0x7F,0xFF,0x7F,0xFF,0x7F,0xFF,0x7F,0xFF,0x7F,0xFF,0x7F,
	0xFF,0x7F,0xFF,0x7F,0xFF,0x7F,0xFF,0x7F,0xFF,0x7F,0xFF,0x7F,0xFF,0x7F,0xFF,0x7F,
	0xFF,0x7F,0xFF,0x7F,0xFF,0x7F,0xFF,0x7F,0xFF,0x7F,0xFF,0x7F,0xFF,0x7F,0xFF,0x7F,

	0xFF,0x7F,0xFF,0x7F,0xFF,0x7F,0xFF,0x7F,0xFF,0x7F,0xFF,0x7F,0xFF,0x7F,0xFF,0x7F,
	0xFF,0x7F,0xFF,0x7F,0xFF,0x7F,0xFF,0x7F,0xFF,0x7F,0xFF,0x7F,0xFF,0x7F,0xFF,0x7F,
	0xFF,0x7F,0xFF,0x7F,0xFF,0x7F,0xFF,0x7F,0xFF,0x7F,0xFF,0x7F,0xFF,0x7F,0xFF,0x7F,
	0xB5,0x56,0xFF,0x7F,0xFF,0x7F,0xFF,0x7F,0xFF,0x7F,0xFF,0x7F,0xFF,0x7F,0xFF,0x7F,
	0xFF,0x7F,0xFF,0x7F,0xFF,0x7F,0xFF,0x7F,0xFF,0x7F,0xFF,0x7F,0xFF,0x7F,0xFF,0x7F,
	0xFF,0x7F,0xFF,0x7F,0xFF,0x7F,0xFF,0x7F,0xFF,0x7F,0xFF,0x7F,0xFF,0x7F,0xFF,0x7F,
	0xFF,0x7F,0xFF,0x7F,0xFF,0x7F,0xFF,0x7F,0xFF,0x7F,0xFF,0x7F,0xFF,0x7F,0xFF,0x7F,
	0xFF,0x7F,0xFF,0x7F,0xFF,0x7F,0xFF,0x7F,0xFF,0x7F,0xFF,0x7F,0xFF,0x7F,0xFF,0x7F,

	0xFF,0x7F,0xFF,0x7F,0xFF,0x7F,0xFF,0x7F,0xFF,0x7F,0xFF,0x7F,0xFF,0x7F,0xFF,0x7F,
	0xB5,0x56,0xFF,0x7F,0xFF,0x7F,0xFF,0x7F,0xFF,0x7F,0xFF,0x7F,0xFF,0x7F,0xFF,0x7F,
	0xFF,0x7F,0xFF,0x7F,0xFF,0x7F,0xFF,0x7F,0xFF,0x7F,0xFF,0x7F,0xFF,0x7F,0xFF,0x7F,
	0xFF,0x7F,0xFF,0x7F,0xFF,0x7F,0xFF,0x7F,0xFF,0x7F,0xFF,0x7F,0xFF,0x7F,0xFF,0x7F,
	0xFF,0x7F,0xFF,0x7F,0xFF,0x7F,0xFF,0x7F,0xFF,0x7F,0xFF,0x7F,0xFF,0x7F,0xFF,0x7F,
	0xFF,0x7F,0xFF,0x7F,0xFF,0x7F,0xFF,0x7F,0xFF,0x7F,0xFF,0x7F,0xFF,0x7F,0xFF,0x7F,
	0xFF,0x7F,0xFF,0x7F,0xFF,0x7F,0xFF,0x7F,0xFF,0x7F,0xFF,0x7F,0xFF,0x7F,0xFF,0x7F,
	0xB5,0x56,0xFF,0x7F,0xFF,0x7F,0xFF,0x7F,0xFF,0x7F,0xFF,0x7F,0xFF,0x7F,0xFF,0x7F,

	0xFF,0x7F,0xFF,0x7F,0xFF,0x7F,0xFF,0x7F,0xFF,0x7F,0xFF,0x7F,0xFF,0x7F,0xFF,0x7F,
	0xFF,0x7F,0xFF,0x7F,0xFF,0x7F,0xFF,0x7F,0xFF,0x7F,0xFF,0x7F,0xFF,0x7F,0xFF,0x7F,
	0xFF,0x7F,0xFF,0x7F,0xFF,0x7F,0xFF,0x7F,0xFF,0x7F,0xFF,0x7F,0xFF,0x7F,0xFF,0x7F,
	0xFF,0x7F,0xFF,0x7F,0xFF,0x7F,0xFF,0x7F,0xFF,0x7F,0xFF,0x7F,0xFF,0x7F,0xFF,0x7F,
	0xFF,0x7F,0xFF,0x7F,0xFF,0x7F,0xFF,0x7F,0xFF,0x7F,0xFF,0x7F,0xFF,0x7F,0xFF,0x7F,
	0xB5,0x56,0xFF,0x7F,0xFF,0x7F,0xFF,0x7F,0xFF,0x7F,0xFF,0x7F,0xFF,0x7F,0xFF,0x7F,
	0xFF,0x7F,0xFF,0x7F,0xFF,0x7F,0xFF,0x7F,0xFF,0x7F,0xFF,0x7F,0xFF,0x7F,0xFF,0x7F,
	0xFF,0x7F,0xFF,0x7F,0xFF,0x7F,0xFF,0x7F,0xFF,0x7F,0xFF,0x7F,0xFF,0x7F,0xFF,0x7F,

	0x9C,0x73,0x9C,0x73,0x9C,0x73,0x9C,0x73,0x9C,0x73,0x9C,0x73,0x9C,0x73,0x9C,0x73,
	0x9C,0x73,0x9C,0x73,0x9C,0x73,0x9C,0x73,0x9C,0x73,0x9C,0x73,0x9C,0x73,0x9C,0x73,
	0x9C,0x73,0x9C,0x73,0x9C,0x73,0x9C,0x73,0x9C,0x73,0x9C,0x73,0x9C,0x73,0x9C,0x73,
	0xB5,0x56,0x9C,0x73,0x9C,0x73,0x9C,0x73,0x9C,0x73,0x9C,0x73,0x9C,0x73,0x9C,0x73,
	0x9C,0x73,0x9C,0x73,0x9C,0x73,0x9C,0x73,0x9C,0x73,0x9C,0x73,0x9C,0x73,0x9C,0x73,
	0x9C,0x73,0x9C,0x73,0x9C,0x73,0x9C,0x73,0x9C,0x73,0x9C,0x73,0x9C,0x73,0x9C,0x73,
	0x9C,0x73,0x9C,0x73,0x9C,0x73,0x9C,0x73,0x9C,0x73,0x9C,0x73,0x9C,0x73,0x9C,0x73,
	0x9C,0x73,0x9C,0x73,0x9C,0x73,0x9C,0x73,0x9C,0x73,0x9C,0x73,0x9C,0x73,0x9C,0x73,

	0x9C,0x73,0x9C,0x73,0x9C,0x73,0x9C,0x73,0x9C,0x73,0x9C,0x73,0x9C,0x73,0x9C,0x73,
	0xB5,0x56,0x9C,0x73,0x9C,0x73,0x9C,0x73,0x9C,0x73,0x9C,0x73,0x9C,0x73,0x9C,0x73,
	0x9C,0x73,0x9C,0x73,0x9C,0x73,0x9C,0x73,0x9C,0x73,0x9C,0x73,0x9C,0x73,0x9C,0x73,
	0x9C,0x73,0x9C,0x73,0x9C,0x73,0x9C,0x73,0x9C,0x73,0x9C,0x73,0x9C,0x73,0x9C,0x73,
	0x9C,0x73,0x9C,0x73,0x9C,0x73,0x9C,0x73,0x9C,0x73,0x9C,0x73,0x9C,0x73,0x9C,0x73,
	0x9C,0x73,0x9C,0x73,0x9C,0x73,0x9C,0x73,0x9C,0x73,0x9C,0x73,0x9C,0x73,0x9C,0x73,
	0x9C,0x73,0x9C,0x73,0x9C,0x73,0x9C,0x73,0x9C,0x73,0x9C,0x73,0x9C,0x73,0x9C,0x73,
	0xB5,0x56,0x9C,0x73,0x9C,0x73,0x9C,0x73,0x9C,0x73,0x9C,0x73,0x9C,0x73,0x9C,0x73,

	0x9C,0x73,0x9C,0x73,0x9C,0x73,0x9C,0x73,0x9C,0x73,0x9C,0x73,0x9C,0x73,0x9C,0x73,
	0x9C,0x73,0x9C,0x73,0x9C,0x73,0x9C,0x73,0x9C,0x73,0x9C,0x73,0x9C,0x73,0x9C,0x73,
	0x9C,0x73,0x9C,0x73,0x9C,0x73,0x9C,0x73,0x9C,0x73,0x9C,0x73,0x9C,0x73,0x9C,0x73,
	0x9C,0x73,0x9C,0x73,0x9C,0x73,0x9C,0x73,0x9C,0x73,0x9C,0x73,0x9C,0x73,0x9C,0x73,
	0x9C,0x73,0x9C,0x73,0x9C,0x73,0x9C,0x73,0x9C,0x73,0x9C,0x73,0x9C,0x73,0x9C,0x73,
	0xB5,0x56,0x9C,0x73,0x9C,0x73,0x9C,0x73,0x9C,0x73,0x9C,0x73,0x9C,0x73,0x9C,0x73,
	0x9C,0x73,0x9C,0x73,0x9C,0x73,0x9C,0x73,0x9C,0x73,0x9C,0x73,0x9C,0x73,0x9C,0x73,
	0x9C,0x73,0x9C,0x73,0x9C,0x73,0x9C,0x73,0x9C,0x73,0x9C,0x73,0x9C,0x73,0x9C,0x73,

	0x9C,0x73,0x9C,0x73,0x9C,0x73,0x9C,0x73,0x9C,0x73,0x9C,0x73,0x9C,0x73,0x9C,0x73,
	0x9C,0x73,0x9C,0x73,0x9C,0x73,0x9C,0x73,0x9C,0x73,0x9C,0x73,0x9C,0x73,0x9C,0x73,
	0x9C,0x73,0x9C,0x73,0x9C,0x73,0x9C,0x73,0x9C,0x73,0x9C,0x73,0x9C,0x73,0x9C,0x73,
	0xB5,0x56,0x9C,0x73,0x9C,0x73,0x9C,0x73,0x9C,0x73,0x9C,0x73,0x9C,0x73,0x9C,0x73,
	0x9C,0x73,0x9C,0x73,0x9C,0x73,0x9C,0x73,0x9C,0x73,0x9C,0x73,0x9C,0x73,0x9C,0x73,
	0x9C,0x73,0x9C,0x73,0x9C,0x73,0x9C,0x73,0x9C,0x73,0x9C,0x73,0x9C,0x73,0x9C,0x73,
	0xFF,0x7F,0xFF,0x7F,0xFF,0x7F,0xFF,0x7F,0xFF,0x7F,0xFF,0x7F,0xFF,0x7F,0xFF,0x7F,
	0xFF,0x7F,0xFF,0x7F,0xFF,0x7F,0xFF,0x7F,0xFF,0x7F,0xFF,0x7F,0xFF,0x7F,0xFF,0x7F,

	0xFF,0x7F,0xFF,0x7F,0xFF,0x7F,0xFF,0x7F,0xFF,0x7F,0xFF,0x7F,0xFF,0x7F,0xFF,0x7F,
	0xB5,0x56,0xFF,0x7F,0xFF,0x7F,0xFF,0x7F,0xFF,0x7F,0xFF,0x7F,0xFF,0x7F,0xFF,0x7F,
	0xFF,0x7F,0xFF,0x7F,0xFF,0x7F,0xFF,0x7F,0xFF,0x7F,0xFF,0x7F,0xFF,0x7F,0xFF,0x7F,
	0xFF,0x7F,0xFF,0x7F,0xFF,0x7F,0xFF,0x7F,0xFF,0x7F,0xFF,0x7F,0xFF,0x7F,0xFF,0x7F,
	0xFF,0x7F,0xFF,0x7F,0xFF,0x7F,0xFF,0x7F,0xFF,0x7F,0xFF,0x7F,0xFF,0x7F,0xFF,0x7F,
	0xFF,0x7F,0xFF,0x7F,0xFF,0x7F,0xFF,0x7F,0xFF,0x7F,0xFF,0x7F,0xFF,0x7F,0xFF,0x7F,
	0xFF,0x7F,0xFF,0x7F,0xFF,0x7F,0xFF,0x7F,0xFF,0x7F,0xFF,0x7F,0xFF,0x7F,0xFF,0x7F,
	0xB5,0x56,0xFF,0x7F,0xFF,0x7F,0xFF,0x7F,0xFF,0x7F,0xFF,0x7F,0xFF,0x7F,0xFF,0x7F,

	0xFF,0x7F,0xFF,0x7F,0xFF,0x7F,0xFF,0x7F,0xFF,0x7F,0xFF,0x7F,0xFF,0x7F,0xFF,0x7F,
	0xFF,0x7F,0xFF,0x7F,0xFF,0x7F,0xFF,0x7F,0xFF,0x7F,0xFF,0x7F,0xFF,0x7F,0xFF,0x7F,
	0xFF,0x7F,0xFF,0x7F,0xFF,0x7F,0xFF,0x7F,0xFF,0x7F,0xFF,0x7F,0xFF,0x7F,0xFF,0x7F,
	0xFF,0x7F,0xFF,0x7F,0xFF,0x7F,0xFF,0x7F,0xFF,0x7F,0xFF,0x7F,0xFF,0x7F,0xFF,0x7F,
	0xFF,0x7F,0xFF,0x7F,0xFF,0x7F,0xFF,0x7F,0xFF,0x7F,0xFF,0x7F,0xFF,0x7F,0xFF,0x7F,
	0xB5,0x56,0xFF,0x7F,0xFF,0x7F,0xFF,0x7F,0xFF,0x7F,0xFF,0x7F,0xFF,0x7F,0xFF,0x7F,
	0xFF,0x7F,0xFF,0x7F,0xFF,0x7F,0xFF,0x7F,0xFF,0x7F,0xFF,0x7F,0xFF,0x7F,0xFF,0x7F,
	0xFF,0x7F,0xFF,0x7F,0xFF,0x7F,0xFF,0x7F,0xFF,0x7F,0xFF,0x7F,0xFF,0x7F,0xFF,0x7F,

	0xFF,0x7F,0xFF,0x7F,0xFF,0x7F,0xFF,0x7F,0xFF,0x7F,0xFF,0x7F,0xFF,0x7F,0xFF,0x7F,
	0xFF,0x7F,0xFF,0x7F,0xFF,0x7F,0xFF,0x7F,0xFF,0x7F,0xFF,0x7F,0xFF,0x7F,0xFF,0x7F,
	0xFF,0x7F,0xFF,0x7F,0xFF,0x7F,0xFF,0x7F,0xFF,0x7F,0xFF,0x7F,0xFF,0x7F,0xFF,0x7F,
	0xB5,0x56,0xFF,0x7F,0xFF,0x7F,0xFF,0x7F,0xFF,0x7F,0xFF,0x7F,0xFF,0x7F,0xFF,0x7F,
	0xFF,0x7F,0xFF,0x7F,0xFF,0x7F,0xFF,0x7F,0xFF,0x7F,0xFF,0x7F,0xFF,0x7F,0xFF,0x7F,
	0xFF,0x7F,0xFF,0x7F,0xFF,0x7F,0xFF,0x7F,0xFF,0x7F,0xFF,0x7F,0xFF,0x7F,0xFF,0x7F,
	0xFF,0x7F,0xFF,0x7F,0xFF,0x7F,0xFF,0x7F,0xFF,0x7F,0xFF,0x7F,0xFF,0x7F,0xFF,0x7F,
	0xFF,0x7F,0xFF,0x7F,0xFF,0x7F,0xFF,0x7F,0xFF,0x7F,0xFF,0x7F,0xFF,0x7F,0xFF,0x7F,

	0xFF,0x7F,0xFF,0x7F,0xFF,0x7F,0xFF,0x7F,0xFF,0x7F,0xFF,0x7F,0xFF,0x7F,0xFF,0x7F,
	0xB5,0x56,0xFF,0x7F,0xFF,0x7F,0xFF,0x7F,0xFF,0x7F,0xFF,0x7F,0xFF,0x7F,0xFF,0x7F,
	0xFF,0x7F,0xFF,0x7F,0xFF,0x7F,0xFF,0x7F,0xFF,0x7F,0xFF,0x7F,0xFF,0x7F,0xFF,0x7F,
	0xFF,0x7F,0xFF,0x7F,0xFF,0x7F,0xFF,0x7F,0xFF,0x7F,0xFF,0x7F,0xFF,0x7F,0xFF,0x7F,
	0x9C,0x73,0x9C,0x73,0x9C,0x73,0x9C,0x73,0x9C,0x73,0x9C,0x73,0x9C,0x73,0x9C,0x73,
	0x9C,0x73,0x9C,0x73,0x9C,0x73,0x9C,0x73,0x9C,0x73,0x9C,0x73,0x9C,0x73,0x9C,0x73,
	0x9C,0x73,0x9C,0x73,0x9C,0x73,0x9C,0x73,0x9C,0x73,0x9C,0x73,0x9C,0x73,0x9C,0x73,
	0xB5,0x56,0x9C,0x73,0x9C,0x73,0x9C,0x73,0x9C,0x73,0x9C,0x73,0x9C,0x73,0x9C,0x73,

	0x9C,0x73,0x9C,0x73,0x9C,0x73,0x9C,0x73,0x9C,0x73,0x9C,0x73,0x9C,0x73,0x9C,0x73,
	0x9C,0x73,0x9C,0x73,0x9C,0x73,0x9C,0x73,0x9C,0x73,0x9C,0x73,0x9C,0x73,0x9C,0x73,
	0x9C,0x73,0x9C,0x73,0x9C,0x73,0x9C,0x73,0x9C,0x73,0x9C,0x73,0x9C,0x73,0x9C,0x73,
	0x9C,0x73,0x9C,0x73,0x9C,0x73,0x9C,0x73,0x9C,0x73,0x9C,0x73,0x9C,0x73,0x9C,0x73,
	0x9C,0x73,0x9C,0x73,0x9C,0x73,0x9C,0x73,0x9C,0x73,0x9C,0x73,0x9C,0x73,0x9C,0x73,
	0xB5,0x56,0x9C,0x73,0x9C,0x73,0x9C,0x73,0x9C,0x73,0x9C,0x73,0x9C,0x73,0x9C,0x73,
	0x9C,0x73,0x9C,0x73,0x9C,0x73,0x9C,0x73,0x9C,0x73,0x9C,0x73,0x9C,0x73,0x9C,0x73,
	0x9C,0x73,0x9C,0x73,0x9C,0x73,0x9C,0x73,0x9C,0x73,0x9C,0x73,0x9C,0x73,0x9C,0x73,

	0x9C,0x73,0x9C,0x73,0x9C,0x73,0x9C,0x73,0x9C,0x73,0x9C,0x73,0x9C,0x73,0x9C,0x73,
	0x9C,0x73,0x9C,0x73,0x9C,0x73,0x9C,0x73,0x9C,0x73,0x9C,0x73,0x9C,0x73,0x9C,0x73,
	0x9C,0x73,0x9C,0x73,0x9C,0x73,0x9C,0x73,0x9C,0x73,0x9C,0x73,0x9C,0x73,0x9C,0x73,
	0xB5,0x56,0x9C,0x73,0x9C,0x73,0x9C,0x73,0x9C,0x73,0x9C,0x73,0x9C,0x73,0x9C,0x73,
	0x9C,0x73,0x9C,0x73,0x9C,0x73,0x9C,0x73,0x9C,0x73,0x9C,0x73,0x9C,0x73,0x9C,0x73,
	0x9C,0x73,0x9C,0x73,0x9C,0x73,0x9C,0x73,0x9C,0x73,0x9C,0x73,0x9C,0x73,0x9C,0x73,
	0x9C,0x73,0x9C,0x73,0x9C,0x73,0x9C,0x73,0x9C,0x73,0x9C,0x73,0x9C,0x73,0x9C,0x73,
	0x9C,0x73,0x9C,0x73,0x9C,0x73,0x9C,0x73,0x9C,0x73,0x9C,0x73,0x9C,0x73,0x9C,0x73,

	0x9C,0x73,0x9C,0x73,0x9C,0x73,0x9C,0x73,0x9C,0x73,0x9C,0x73,0x9C,0x73,0x9C,0x73,
	0xB5,0x56,0x9C,0x73,0x9C,0x73,0x9C,0x73,0x9C,0x73,0x9C,0x73,0x9C,0x73,0x9C,0x73,
	0x9C,0x73,0x9C,0x73,0x9C,0x73,0x9C,0x73,0x9C,0x73,0x9C,0x73,0x9C,0x73,0x9C,0x73,
	0x9C,0x73,0x9C,0x73,0x9C,0x73,0x9C,0x73,0x9C,0x73,0x9C,0x73,0x9C,0x73,0x9C,0x73,
	0x9C,0x73,0x9C,0x73,0x9C,0x73,0x9C,0x73,0x9C,0x73,0x9C,0x73,0x9C,0x73,0x9C,0x73,
	0x9C,0x73,0x9C,0x73,0x9C,0x73,0x9C,0x73,0x9C,0x73,0x9C,0x73,0x9C,0x73,0x9C,0x73,
	0x9C,0x73,0x9C,0x73,0x9C,0x73,0x9C,0x73,0x9C,0x73,0x9C,0x73,0x9C,0x73,0x9C,0x73,
	0xB5,0x56,0x9C,0x73,0x9C,0x73,0x9C,0x73,0x9C,0x73,0x9C,0x73,0x9C,0x73,0x9C,0x73,

	0x9C,0x73,0x9C,0x73,0x9C,0x73,0x9C,0x73,0x9C,0x73,0x9C,0x73,0x9C,0x73,0x9C,0x73,
	0x9C,0x73,0x9C,0x73,0x9C,0x73,0x9C,0x73,0x9C,0x73,0x9C,0x73,0x9C,0x73,0x9C,0x73,
	0xFF,0x7F,0xFF,0x7F,0xFF,0x7F,0xFF,0x7F,0xFF,0x7F,0xFF,0x7F,0xFF,0x7F,0xFF,0x7F,
	0xFF,0x7F,0xFF,0x7F,0xFF,0x7F,0xFF,0x7F,0xFF,0x7F,0xFF,0x7F,0xFF,0x7F,0xFF,0x7F,
	0xFF,0x7F,0xFF,0x7F,0xFF,0x7F,0xFF,0x7F,0xFF,0x7F,0xFF,0x7F,0xFF,0x7F,0xFF,0x7F,
	0xB5,0x56,0xFF,0x7F,0xFF,0x7F,0xFF,0x7F,0xFF,0x7F,0xFF,0x7F,0xFF,0x7F,0xFF,0x7F,
	0xFF,0x7F,0xFF,0x7F,0xFF,0x7F,0xFF,0x7F,0xFF,0x7F,0xFF,0x7F,0xFF,0x7F,0xFF,0x7F,
	0xFF,0x7F,0xFF,0x7F,0xFF,0x7F,0xFF,0x7F,0xFF,0x7F,0xFF,0x7F,0xFF,0x7F,0xFF,0x7F,

	0xFF,0x7F,0xFF,0x7F,0xFF,0x7F,0xFF,0x7F,0xFF,0x7F,0xFF,0x7F,0xFF,0x7F,0xFF,0x7F,
	0xFF,0x7F,0xFF,0x7F,0xFF,0x7F,0xFF,0x7F,0xFF,0x7F,0xFF,0x7F,0xFF,0x7F,0xFF,0x7F,
	0xFF,0x7F,0xFF,0x7F,0xFF,0x7F,0xFF,0x7F,0xFF,0x7F,0xFF,0x7F,0xFF,0x7F,0xFF,0x7F,
	0xB5,0x56,0xFF,0x7F,0xFF,0x7F,0xFF,0x7F,0xFF,0x7F,0xFF,0x7F,0xFF,0x7F,0xFF,0x7F,
	0xFF,0x7F,0xFF,0x7F,0xFF,0x7F,0xFF,0x7F,0xFF,0x7F,0xFF,0x7F,0xFF,0x7F,0xFF,0x7F,
	0xFF,0x7F,0xFF,0x7F,0xFF,0x7F,0xFF,0x7F,0xFF,0x7F,0xFF,0x7F,0xFF,0x7F,0xFF,0x7F,
	0xFF,0x7F,0xFF,0x7F,0xFF,0x7F,0xFF,0x7F,0xFF,0x7F,0xFF,0x7F,0xFF,0x7F,0xFF,0x7F,
	0xFF,0x7F,0xFF,0x7F,0xFF,0x7F,0xFF,0x7F,0xFF,0x7F,0xFF,0x7F,0xFF,0x7F,0xFF,0x7F,

	0xFF,0x7F,0xFF,0x7F,0xFF,0x7F,0xFF,0x7F,0xFF,0x7F,0xFF,0x7F,0xFF,0x7F,0xFF,0x7F,
	0xB5,0x56,0xFF,0x7F,0xFF,0x7F,0xFF,0x7F,0xFF,0x7F,0xFF,0x7F,0xFF,0x7F,0xFF,0x7F,
	0xFF,0x7F,0xFF,0x7F,0xFF,0x7F,0xFF,0x7F,0xFF,0x7F,0xFF,0x7F,0xFF,0x7F,0xFF,0x7F,
	0xFF,0x7F,0xFF,0x7F,0xFF,0x7F,0xFF,0x7F,0xFF,0x7F,0xFF,0x7F,0xFF,0x7F,0xFF,0x7F,
	0xFF,0x7F,0xFF,0x7F,0xFF,0x7F,0xFF,0x7F,0xFF,0x7F,0xFF,0x7F,0xFF,0x7F,0xFF,0x7F,
	0xFF,0x7F,0xFF,0x7F,0xFF,0x7F,0xFF,0x7F,0xFF,0x7F,0xFF,0x7F,0xFF,0x7F,0xFF,0x7F,
	0xFF,0x7F,0xFF,0x7F,0xFF,0x7F,0xFF,0x7F,0xFF,0x7F,0xFF,0x7F,0xFF,0x7F,0xFF,0x7F,
	0xB5,0x56,0xFF,0x7F,0xFF,0x7F,0xFF,0x7F,0xFF,0x7F,0xFF,0x7F,0xFF,0x7F,0xFF,0x7F,

	0xFF,0x7F,0xFF,0x7F,0xFF,0x7F,0xFF,0x7F,0xFF,0x7F,0xFF,0x7F,0xFF,0x7F,0xFF,0x7F,
	0xFF,0x7F,0xFF,0x7F,0xFF,0x7F,0xFF,0x7F,0xFF,0x7F,0xFF,0x7F,0xFF,0x7F,0xFF,0x7F,
	0xFF,0x7F,0xFF,0x7F,0xFF,0x7F,0xFF,0x7F,0xFF,0x7F,0xFF,0x7F,0xFF,0x7F,0xFF,0x7F,
	0xFF,0x7F,0xFF,0x7F,0xFF,0x7F,0xFF,0x7F,0xFF,0x7F,0xFF,0x7F,0xFF,0x7F,0xFF,0x7F,
	0xFF,0x7F,0xFF,0x7F,0xFF,0x7F,0xFF,0x7F,0xFF,0x7F,0xFF,0x7F,0xFF,0x7F,0xFF,0x7F,
	0xB5,0x56,0xFF,0x7F,0xFF,0x7F,0xFF,0x7F,0xFF,0x7F,0xFF,0x7F,0xFF,0x7F,0xFF,0x7F,
	0xFF,0x7F,0xFF,0x7F,0xFF,0x7F,0xFF,0x7F,0xFF,0x7F,0xFF,0x7F,0xFF,0x7F,0xFF,0x7F,
	0xFF,0x7F,0xFF,0x7F,0xFF,0x7F,0xFF,0x7F,0xFF,0x7F,0xFF,0x7F,0xFF,0x7F,0xFF,0x7F,

	0x9C,0x73,0x9C,0x73,0x9C,0x73,0x9C,0x73,0x9C,0x73,0x9C,0x73,0x9C,0x73,0x9C,0x73,
	0x9C,0x73,0x9C,0x73,0x9C,0x73,0x9C,0x73,0x9C,0x73,0x9C,0x73,0x9C,0x73,0x9C,0x73,
	0x9C,0x73,0x9C,0x73,0x9C,0x73,0x9C,0x73,0x9C,0x73,0x9C,0x73,0x9C,0x73,0x9C,0x73,
	0xB5,0x56,0x9C,0x73,0x9C,0x73,0x9C,0x73,0x9C,0x73,0x9C,0x73,0x9C,0x73,0x9C,0x73,
	0x9C,0x73,0x9C,0x73,0x9C,0x73,0x9C,0x73,0x9C,0x73,0x9C,0x73,0x9C,0x73,0x9C,0x73,
	0x9C,0x73,0x9C,0x73,0x9C,0x73,0x9C,0x73,0x9C,0x73,0x9C,0x73,0x9C,0x73,0x9C,0x73,
	0x9C,0x73,0x9C,0x73,0x9C,0x73,0x9C,0x73,0x9C,0x73,0x9C,0x73,0x9C,0x73,0x9C,0x73,
	0x9C,0x73,0x9C,0x73,0x9C,0x73,0x9C,0x73,0x9C,0x73,0x9C,0x73,0x9C,0x73,0x9C,0x73,

	0x9C,0x73,0x9C,0x73,0x9C,0x73,0x9C,0x73,0x9C,0x73,0x9C,0x73,0x9C,0x73,0x9C,0x73,
	0xB5,0x56,0x9C,0x73,0x9C,0x73,0x9C,0x73,0x9C,0x73,0x9C,0x73,0x9C,0x73,0x9C,0x73,
	0x9C,0x73,0x9C,0x73,0x9C,0x73,0x9C,0x73,0x9C,0x73,0x9C,0x73,0x9C,0x73,0x9C,0x73,
	0x9C,0x73,0x9C,0x73,0x9C,0x73,0x9C,0x73,0x9C,0x73,0x9C,0x73,0x9C,0x73,0x9C,0x73,
	0x9C,0x73,0x9C,0x73,0x9C,0x73,0x9C,0x73,0x9C,0x73,0x9C,0x73,0x9C,0x73,0x9C,0x73,
	0x9C,0x73,0x9C,0x73,0x9C,0x73,0x9C,0x73,0x9C,0x73,0x9C,0x73,0x9C,0x73,0x9C,0x73,
	0x9C,0x73,0x9C,0x73,0x9C,0x73,0x9C,0x73,0x9C,0x73,0x9C,0x73,0x9C,0x73,0x9C,0x73,
	0xB5,0x56,0x9C,0x73,0x9C,0x73,0x9C,0x73,0x9C,0x73,0x9C,0x73,0x9C,0x73,0x9C,0x73,

	0x9C,0x73,0x9C,0x73,0x9C,0x73,0x9C,0x73,0x9C,0x73,0x9C,0x73,0x9C,0x73,0x9C,0x73,
	0x9C,0x73,0x9C,0x73,0x9C,0x73,0x9C,0x73,0x9C,0x73,0x9C,0x73,0x9C,0x73,0x9C,0x73,
	0x9C,0x73,0x9C,0x73,0x9C,0x73,0x9C,0x73,0x9C,0x73,0x9C,0x73,0x9C,0x73,0x9C,0x73,
	0x9C,0x73,0x9C,0x73,0x9C,0x73,0x9C,0x73,0x9C,0x73,0x9C,0x73,0x9C,0x73,0x9C,0x73,
	0x9C,0x73,0x9C,0x73,0x9C,0x73,0x9C,0x73,0x9C,0x73,0x9C,0x73,0x9C,0x73,0x9C,0x73,
	0xB5,0x56,0x9C,0x73,0x9C,0x73,0x9C,0x73,0x9C,0x73,0x9C,0x73,0x9C,0x73,0x9C,0x73,
	0x9C,0x73,0x9C,0x73,0x9C,0x73,0x9C,0x73,0x9C,0x73,0x9C,0x73,0x9C,0x73,0x9C,0x73,
	0x9C,0x73,0x9C,0x73,0x9C,0x73,0x9C,0x73,0x9C,0x73,0x9C,0x73,0x9C,0x73,0x9C,0x73,

	0x9C,0x73,0x9C,0x73,0x9C,0x73,0x9C,0x73,0x9C,0x73,0x9C,0x73,0x9C,0x73,0x9C,0x73,
	0x9C,0x73,0x9C,0x73,0x9C,0x73,0x9C,0x73,0x9C,0x73,0x9C,0x73,0x9C,0x73,0x9C,0x73,
	0x9C,0x73,0x9C,0x73,0x9C,0x73,0x9C,0x73,0x9C,0x73,0x9C,0x73,0x9C,0x73,0x9C,0x73,
	0xB5,0x56,0x9C,0x73,0x9C,0x73,0x9C,0x73,0x9C,0x73,0x9C,0x73,0x9C,0x73,0x9C,0x73,
	0x9C,0x73,0x9C,0x73,0x9C,0x73,0x9C,0x73,0x9C,0x73,0x9C,0x73,0x9C,0x73,0x9C,0x73,
	0x9C,0x73,0x9C,0x73,0x9C,0x73,0x9C,0x73,0x9C,0x73,0x9C,0x73,0x9C,0x73,0x9C,0x73,
	0xFF,0x7F,0xFF,0x7F,0xFF,0x7F,0xFF,0x7F,0xFF,0x7F,0xFF,0x7F,0xFF,0x7F,0xFF,0x7F,
	0xFF,0x7F,0xFF,0x7F,0xFF,0x7F,0xFF,0x7F,0xFF,0x7F,0xFF,0x7F,0xFF,0x7F,0xFF,0x7F,

	0xFF,0x7F,0xFF,0x7F,0xFF,0x7F,0xFF,0x7F,0xFF,0x7F,0xFF,0x7F,0xFF,0x7F,0xFF,0x7F,
	0xB5,0x56,0xFF,0x7F,0xFF,0x7F,0xFF,0x7F,0xFF,0x7F,0xFF,0x7F,0xFF,0x7F,0xFF,0x7F,
	0xFF,0x7F,0xFF,0x7F,0xFF,0x7F,0xFF,0x7F,0xFF,0x7F,0xFF,0x7F,0xFF,0x7F,0xFF,0x7F,
	0xFF,0x7F,0xFF,0x7F,0xFF,0x7F,0xFF,0x7F,0xFF,0x7F,0xFF,0x7F,0xFF,0x7F,0xFF,0x7F,
	0xFF,0x7F,0xFF,0x7F,0xFF,0x7F,0xFF,0x7F,0xFF,0x7F,0xFF,0x7F,0xFF,0x7F,0xFF,0x7F,
	0xFF,0x7F,0xFF,0x7F,0xFF,0x7F,0xFF,0x7F,0xFF,0x7F,0xFF,0x7F,0xFF,0x7F,0xFF,0x7F,
	0xFF,0x7F,0xFF,0x7F,0xFF,0x7F,0xFF,0x7F,0xFF,0x7F,0xFF,0x7F,0xFF,0x7F,0xFF,0x7F,
	0xB5,0x56,0xFF,0x7F,0xFF,0x7F,0xFF,0x7F,0xFF,0x7F,0xFF,0x7F,0xFF,0x7F,0xFF,0x7F,

	0xFF,0x7F,0xFF,0x7F,0xFF,0x7F,0xFF,0x7F,0xFF,0x7F,0xFF,0x7F,0xFF,0x7F,0xFF,0x7F,
	0xFF,0x7F,0xFF,0x7F,0xFF,0x7F,0xFF,0x7F,0xFF,0x7F,0xFF,0x7F,0xFF,0x7F,0xFF,0x7F,
	0xFF,0x7F,0xFF,0x7F,0xFF,0x7F,0xFF,0x7F,0xFF,0x7F,0xFF,0x7F,0xFF,0x7F,0xFF,0x7F,
	0xFF,0x7F,0xFF,0x7F,0xFF,0x7F,0xFF,0x7F,0xFF,0x7F,0xFF,0x7F,0xFF,0x7F,0xFF,0x7F,
	0xFF,0x7F,0xFF,0x7F,0xFF,0x7F,0xFF,0x7F,0xFF,0x7F,0xFF,0x7F,0xFF,0x7F,0xFF,0x7F,
	0xB5,0x56,0xFF,0x7F,0xFF,0x7F,0xFF,0x7F,0xFF,0x7F,0xFF,0x7F,0xFF,0x7F,0xFF,0x7F,
	0xFF,0x7F,0xFF,0x7F,0xFF,0x7F,0xFF,0x7F,0xFF,0x7F,0xFF,0x7F,0xFF,0x7F,0xFF,0x7F,
	0xFF,0x7F,0xFF,0x7F,0xFF,0x7F,0xFF,0x7F,0xFF,0x7F,0xFF,0x7F,0xFF,0x7F,0xFF,0x7F,

	0xFF,0x7F,0xFF,0x7F,0xFF,0x7F,0xFF,0x7F,0xFF,0x7F,0xFF,0x7F,0xFF,0x7F,0xFF,0x7F,
	0xFF,0x7F,0xFF,0x7F,0xFF,0x7F,0xFF,0x7F,0xFF,0x7F,0xFF,0x7F,0xFF,0x7F,0xFF,0x7F,
	0xFF,0x7F,0xFF,0x7F,0xFF,0x7F,0xFF,0x7F,0xFF,0x7F,0xFF,0x7F,0xFF,0x7F,0xFF,0x7F,
	0xB5,0x56,0xFF,0x7F,0xFF,0x7F,0xFF,0x7F,0xFF,0x7F,0xFF,0x7F,0xFF,0x7F,0xFF,0x7F,
	0xFF,0x7F,0xFF,0x7F,0xFF,0x7F,0xFF,0x7F,0xFF,0x7F,0xFF,0x7F,0xFF,0x7F,0xFF,0x7F,
	0xFF,0x7F,0xFF,0x7F,0xFF,0x7F,0xFF,0x7F,0xFF,0x7F,0xFF,0x7F,0xFF,0x7F,0xFF,0x7F,
	0xFF,0x7F,0xFF,0x7F,0xFF,0x7F,0xFF,0x7F,0xFF,0x7F,0xFF,0x7F,0xFF,0x7F,0xFF,0x7F,
	0xFF,0x7F,0xFF,0x7F,0xFF,0x7F,0xFF,0x7F,0xFF,0x7F,0xFF,0x7F,0xFF,0x7F,0xFF,0x7F,

	0xFF,0x7F,0xFF,0x7F,0xFF,0x7F,0xFF,0x7F,0xFF,0x7F,0xFF,0x7F,0xFF,0x7F,0xFF,0x7F,
	0xB5,0x56,0xFF,0x7F,0xFF,0x7F,0xFF,0x7F,0xFF,0x7F,0xFF,0x7F,0xFF,0x7F,0xFF,0x7F,
	0xFF,0x7F,0xFF,0x7F,0xFF,0x7F,0xFF,0x7F,0xFF,0x7F,0xFF,0x7F,0xFF,0x7F,0xFF,0x7F,
	0xFF,0x7F,0xFF,0x7F,0xFF,0x7F,0xFF,0x7F,0xFF,0x7F,0xFF,0x7F,0xFF,0x7F,0xFF,0x7F,
	0x9C,0x73,0x9C,0x73,0x9C,0x73,0x9C,0x73,0x9C,0x73,0x9C,0x73,0x9C,0x73,0x9C,0x73,
	0x9C,0x73,0x9C,0x73,0x9C,0x73,0x9C,0x73,0x9C,0x73,0x9C,0x73,0x9C,0x73,0x9C,0x73,
	0x9C,0x73,0x9C,0x73,0x9C,0x73,0x9C,0x73,0x9C,0x73,0x9C,0x73,0x9C,0x73,0x9C,0x73,
	0xB5,0x56,0x9C,0x73,0x9C,0x73,0x9C,0x73,0x9C,0x73,0x9C,0x73,0x9C,0x73,0x9C,0x73,

	0x9C,0x73,0x9C,0x73,0x9C,0x73,0x9C,0x73,0x9C,0x73,0x9C,0x73,0x9C,0x73,0x9C,0x73,
	0x9C,0x73,0x9C,0x73,0x9C,0x73,0x9C,0x73,0x9C,0x73,0x9C,0x73,0x9C,0x73,0x9C,0x73,
	0x9C,0x73,0x9C,0x73,0x9C,0x73,0x9C,0x73,0x9C,0x73,0x9C,0x73,0x9C,0x73,0x9C,0x73,
	0x9C,0x73,0x9C,0x73,0x9C,0x73,0x9C,0x73,0x9C,0x73,0x9C,0x73,0x9C,0x73,0x9C,0x73,
	0x9C,0x73,0x9C,0x73,0x9C,0x73,0x9C,0x73,0x9C,0x73,0x9C,0x73,0x9C,0x73,0x9C,0x73,
	0xB5,0x56,0x9C,0x73,0x9C,0x73,0x9C,0x73,0x9C,0x73,0x9C,0x73,0x9C,0x73,0x9C,0x73,
	0x9C,0x73,0x9C,0x73,0x9C,0x73,0x9C,0x73,0x9C,0x73,0x9C,0x73,0x9C,0x73,0x9C,0x73,
	0x9C,0x73,0x9C,0x73,0x9C,0x73,0x9C,0x73,0x9C,0x73,0x9C,0x73,0x9C,0x73,0x9C,0x73,

	0x9C,0x73,0x9C,0x73,0x9C,0x73,0x9C,0x73,0x9C,0x73,0x9C,0x73,0x9C,0x73,0x9C,0x73,
	0x9C,0x73,0x9C,0x73,0x9C,0x73,0x9C,0x73,0x9C,0x73,0x9C,0x73,0x9C,0x73,0x9C,0x73,
	0x9C,0x73,0x9C,0x73,0x9C,0x73,0x9C,0x73,0x9C,0x73,0x9C,0x73,0x9C,0x73,0x9C,0x73,
	0xB5,0x56,0x9C,0x73,0x9C,0x73,0x9C,0x73,0x9C,0x73,0x9C,0x73,0x9C,0x73,0x9C,0x73,
	0x9C,0x73,0x9C,0x73,0x9C,0x73,0x9C,0x73,0x9C,0x73,0x9C,0x73,0x9C,0x73,0x9C,0x73,
	0x9C,0x73,0x9C,0x73,0x9C,0x73,0x9C,0x73,0x9C,0x73,0x9C,0x73,0x9C,0x73,0x9C,0x73,
	0x9C,0x73,0x9C,0x73,0x9C,0x73,0x9C,0x73,0x9C,0x73,0x9C,0x73,0x9C,0x73,0x9C,0x73,
	0x9C,0x73,0x9C,0x73,0x9C,0x73,0x9C,0x73,0x9C,0x73,0x9C,0x73,0x9C,0x73,0x9C,0x73,

	0x9C,0x73,0x9C,0x73,0x9C,0x73,0x9C,0x73,0x9C,0x73,0x9C,0x73,0x9C,0x73,0x9C,0x73,
	0xB5,0x56,0x9C,0x73,0x9C,0x73,0x9C,0x73,0x9C,0x73,0x9C,0x73,0x9C,0x73,0x9C,0x73,
	0x9C,0x73,0x9C,0x73,0x9C,0x73,0x9C,0x73,0x9C,0x73,0x9C,0x73,0x9C,0x73,0x9C,0x73,
	0x9C,0x73,0x9C,0x73,0x9C,0x73,0x9C,0x73,0x9C,0x73,0x9C,0x73,0x9C,0x73,0x9C,0x73,
	0x9C,0x73,0x9C,0x73,0x9C,0x73,0x9C,0x73,0x9C,0x73,0x9C,0x73,0x9C,0x73,0x9C,0x73,
	0x9C,0x73,0x9C,0x73,0x9C,0x73,0x9C,0x73,0x9C,0x73,0x9C,0x73,0x9C,0x73,0x9C,0x73,
	0x9C,0x73,0x9C,0x73,0x9C,0x73,0x9C,0x73,0x9C,0x73,0x9C,0x73,0x9C,0x73,0x9C,0x73,
	0xB5,0x56,0x9C,0x73,0x9C,0x73,0x9C,0x73,0x9C,0x73,0x9C,0x73,0x9C,0x73,0x9C,0x73,

	0x9C,0x73,0x9C,0x73,0x9C,0x73,0x9C,0x73,0x9C,0x73,0x9C,0x73,0x9C,0x73,0x9C,0x73,
	0x9C,0x73,0x9C,0x73,0x9C,0x73,0x9C,0x73,0x9C,0x73,0x9C,0x73,0x9C,0x73,0x9C,0x73,
	0xFF,0x7F,0xFF,0x7F,0xFF,0x7F,0xFF,0x7F,0xFF,0x7F,0xFF,0x7F,0xFF,0x7F,0xFF,0x7F,
	0xFF,0x7F,0xFF,0x7F,0xFF,0x7F,0xFF,0x7F,0xFF,0x7F,0xFF,0x7F,0xFF,0x7F,0xFF,0x7F,
	0xFF,0x7F,0xFF,0x7F,0xFF,0x7F,0xFF,0x7F,0xFF,0x7F,0xFF,0x7F,0xFF,0x7F,0xFF,0x7F,
	0xB5,0x56,0xFF,0x7F,0xFF,0x7F,0xFF,0x7F,0xFF,0x7F,0xFF,0x7F,0xFF,0x7F,0xFF,0x7F,
	0xFF,0x7F,0xFF,0x7F,0xFF,0x7F,0xFF,0x7F,0xFF,0x7F,0xFF,0x7F,0xFF,0x7F,0xFF,0x7F,
	0xFF,0x7F,0xFF,0x7F,0xFF,0x7F,0xFF,0x7F,0xFF,0x7F,0xFF,0x7F,0xFF,0x7F,0xFF,0x7F,

	0xFF,0x7F,0xFF,0x7F,0xFF,0x7F,0xFF,0x7F,0xFF,0x7F,0xFF,0x7F,0xFF,0x7F,0xFF,0x7F,
	0xFF,0x7F,0xFF,0x7F,0xFF,0x7F,0xFF,0x7F,0xFF,0x7F,0xFF,0x7F,0xFF,0x7F,0xFF,0x7F,
	0xFF,0x7F,0xFF,0x7F,0xFF,0x7F,0xFF,0x7F,0xFF,0x7F,0xFF,0x7F,0xFF,0x7F,0xFF,0x7F,
	0xB5,0x56,0xFF,0x7F,0xFF,0x7F,0xFF,0x7F,0xFF,0x7F,0xFF,0x7F,0xFF,0x7F,0xFF,0x7F,
	0xFF,0x7F,0xFF,0x7F,0xFF,0x7F,0xFF,0x7F,0xFF,0x7F,0xFF,0x7F,0xFF,0x7F,0xFF,0x7F,
	0xFF,0x7F,0xFF,0x7F,0xFF,0x7F,0xFF,0x7F,0xFF,0x7F,0xFF,0x7F,0xFF,0x7F,0xFF,0x7F,
	0xFF,0x7F,0xFF,0x7F,0xFF,0x7F,0xFF,0x7F,0xFF,0x7F,0xFF,0x7F,0xFF,0x7F,0xFF,0x7F,
	0xFF,0x7F,0xFF,0x7F,0xFF,0x7F,0xFF,0x7F,0xFF,0x7F,0xFF,0x7F,0xFF,0x7F,0xFF,0x7F,

	0xFF,0x7F,0xFF,0x7F,0xFF,0x7F,0xFF,0x7F,0xFF,0x7F,0xFF,0x7F,0xFF,0x7F,0xFF,0x7F,
	0xB5,0x56,0xFF,0x7F,0xFF,0x7F,0xFF,0x7F,0xFF,0x7F,0xFF,0x7F,0xFF,0x7F,0xFF,0x7F,
	0xFF,0x7F,0xFF,0x7F,0xFF,0x7F,0xFF,0x7F,0xFF,0x7F,0xFF,0x7F,0xFF,0x7F,0xFF,0x7F,
	0xFF,0x7F,0xFF,0x7F,0xFF,0x7F,0xFF,0x7F,0xFF,0x7F,0xFF,0x7F,0xFF,0x7F,0xFF,0x7F,
	0xFF,0x7F,0xFF,0x7F,0xFF,0x7F,0xFF,0x7F,0xFF,0x7F,0xFF,0x7F,0xFF,0x7F,0xFF,0x7F,
	0xFF,0x7F,0xFF,0x7F,0xFF,0x7F,0xFF,0x7F,0xFF,0x7F,0xFF,0x7F,0xFF,0x7F,0xFF,0x7F,
	0xFF,0x7F,0xFF,0x7F,0xFF,0x7F,0xFF,0x7F,0xFF,0x7F,0xFF,0x7F,0xFF,0x7F,0xFF,0x7F,
	0xB5,0x56,0xFF,0x7F,0xFF,0x7F,0xFF,0x7F,0xFF,0x7F,0xFF,0x7F,0xFF,0x7F,0xFF,0x7F,

	0xFF,0x7F,0xFF,0x7F,0xFF,0x7F,0xFF,0x7F,0xFF,0x7F,0xFF,0x7F,0xFF,0x7F,0xFF,0x7F,
	0xFF,0x7F,0xFF,0x7F,0xFF,0x7F,0xFF,0x7F,0xFF,0x7F,0xFF,0x7F,0xFF,0x7F,0xFF,0x7F,
	0xFF,0x7F,0xFF,0x7F,0xFF,0x7F,0xFF,0x7F,0xFF,0x7F,0xFF,0x7F,0xFF,0x7F,0xFF,0x7F,
	0xFF,0x7F,0xFF,0x7F,0xFF,0x7F,0xFF,0x7F,0xFF,0x7F,0xFF,0x7F,0xFF,0x7F,0xFF,0x7F,
	0xFF,0x7F,0xFF,0x7F,0xFF,0x7F,0xFF,0x7F,0xFF,0x7F,0xFF,0x7F,0xFF,0x7F,0xFF,0x7F,
	0xB5,0x56,0xFF,0x7F,0xFF,0x7F,0xFF,0x7F,0xFF,0x7F,0xFF,0x7F,0xFF,0x7F,0xFF,0x7F,
	0xFF,0x7F,0xFF,0x7F,0xFF,0x7F,0xFF,0x7F,0xFF,0x7F,0xFF,0x7F,0xFF,0x7F,0xFF,0x7F,
	0xFF,0x7F,0xFF,0x7F,0xFF,0x7F,0xFF,0x7F,0xFF,0x7F,0xFF,0x7F,0xFF,0x7F,0xFF,0x7F,

	0x9C,0x73,0x9C,0x73,0x9C,0x73,0x9C,0x73,0x9C,0x73,0x9C,0x73,0x9C,0x73,0x9C,0x73,
	0x9C,0x73,0x9C,0x73,0x9C,0x73,0x9C,0x73,0x9C,0x73,0x9C,0x73,0x9C,0x73,0x9C,0x73,
	0x9C,0x73,0x9C,0x73,0x9C,0x73,0x9C,0x73,0x9C,0x73,0x9C,0x73,0x9C,0x73,0x9C,0x73,
	0xB5,0x56,0x9C,0x73,0x9C,0x73,0x9C,0x73,0x9C,0x73,0x9C,0x73,0x9C,0x73,0x9C,0x73,
	0x9C,0x73,0x9C,0x73,0x9C,0x73,0x9C,0x73,0x9C,0x73,0x9C,0x73,0x9C,0x73,0x9C,0x73,
	0x9C,0x73,0x9C,0x73,0x9C,0x73,0x9C,0x73,0x9C,0x73,0x9C,0x73,0x9C,0x73,0x9C,0x73,
	0x9C,0x73,0x9C,0x73,0x9C,0x73,0x9C,0x73,0x9C,0x73,0x9C,0x73,0x9C,0x73,0x9C,0x73,
	0x9C,0x73,0x9C,0x73,0x9C,0x73,0x9C,0x73,0x9C,0x73,0x9C,0x73,0x9C,0x73,0x9C,0x73,

	0x9C,0x73,0x9C,0x73,0x9C,0x73,0x9C,0x73,0x9C,0x73,0x9C,0x73,0x9C,0x73,0x9C,0x73,
	0xB5,0x56,0x9C,0x73,0x9C,0x73,0x9C,0x73,0x9C,0x73,0x9C,0x73,0x9C,0x73,0x9C,0x73,
	0x9C,0x73,0x9C,0x73,0x9C,0x73,0x9C,0x73,0x9C,0x73,0x9C,0x73,0x9C,0x73,0x9C,0x73,
	0x9C,0x73,0x9C,0x73,0x9C,0x73,0x9C,0x73,0x9C,0x73,0x9C,0x73,0x9C,0x73,0x9C,0x73,
	0x9C,0x73,0x9C,0x73,0x9C,0x73,0x9C,0x73,0x9C,0x73,0x9C,0x73,0x9C,0x73,0x9C,0x73,
	0x9C,0x73,0x9C,0x73,0x9C,0x73,0x9C,0x73,0x9C,0x73,0x9C,0x73,0x9C,0x73,0x9C,0x73,
	0x9C,0x73,0x9C,0x73,0x9C,0x73,0x9C,0x73,0x9C,0x73,0x9C,0x73,0x9C,0x73,0x9C,0x73,
	0xB5,0x56,0x9C,0x73,0x9C,0x73,0x9C,0x73,0x9C,0x73,0x9C,0x73,0x9C,0x73,0x9C,0x73,

	0x9C,0x73,0x9C,0x73,0x9C,0x73,0x9C,0x73,0x9C,0x73,0x9C,0x73,0x9C,0x73,0x9C,0x73,
	0x9C,0x73,0x9C,0x73,0x9C,0x73,0x9C,0x73,0x9C,0x73,0x9C,0x73,0x9C,0x73,0x9C,0x73,
	0x9C,0x73,0x9C,0x73,0x9C,0x73,0x9C,0x73,0x9C,0x73,0x9C,0x73,0x9C,0x73,0x9C,0x73,
	0x9C,0x73,0x9C,0x73,0x9C,0x73,0x9C,0x73,0x9C,0x73,0x9C,0x73,0x9C,0x73,0x9C,0x73,
	0x9C,0x73,0x9C,0x73,0x9C,0x73,0x9C,0x73,0x9C,0x73,0x9C,0x73,0x9C,0x73,0x9C,0x73,
	0xB5,0x56,0x9C,0x73,0x9C,0x73,0x9C,0x73,0x9C,0x73,0x9C,0x73,0x9C,0x73,0x9C,0x73,
	0x9C,0x73,0x9C,0x73,0x9C,0x73,0x9C,0x73,0x9C,0x73,0x9C,0x73,0x9C,0x73,0x9C,0x73,
	0x9C,0x73,0x9C,0x73,0x9C,0x73,0x9C,0x73,0x9C,0x73,0x9C,0x73,0x9C,0x73,0x9C,0x73,

	0x9C,0x73,0x9C,0x73,0x9C,0x73,0x9C,0x73,0x9C,0x73,0x9C,0x73,0x9C,0x73,0x9C,0x73,
	0x9C,0x73,0x9C,0x73,0x9C,0x73,0x9C,0x73,0x9C,0x73,0x9C,0x73,0x9C,0x73,0x9C,0x73,
	0x9C,0x73,0x9C,0x73,0x9C,0x73,0x9C,0x73,0x9C,0x73,0x9C,0x73,0x9C,0x73,0x9C,0x73,
	0xB5,0x56,0x9C,0x73,0x9C,0x73,0x9C,0x73,0x9C,0x73,0x9C,0x73,0x9C,0x73,0x9C,0x73,
	0x9C,0x73,0x9C,0x73,0x9C,0x73,0x9C,0x73,0x9C,0x73,0x9C,0x73,0x9C,0x73,0x9C,0x73,
	0x9C,0x73,0x9C,0x73,0x9C,0x73,0x9C,0x73,0x9C,0x73,0x9C,0x73,0x9C,0x73,0x9C,0x73,
	0xFF,0x7F,0xFF,0x7F,0xFF,0x7F,0xFF,0x7F,0xFF,0x7F,0xFF,0x7F,0xFF,0x7F,0xFF,0x7F,
	0xFF,0x7F,0xFF,0x7F,0xFF,0x7F,0xFF,0x7F,0xFF,0x7F,0xFF,0x7F,0xFF,0x7F,0xFF,0x7F,

	0xFF,0x7F,0xFF,0x7F,0xFF,0x7F,0xFF,0x7F,0xFF,0x7F,0xFF,0x7F,0xFF,0x7F,0xFF,0x7F,
	0xB5,0x56,0xFF,0x7F,0xFF,0x7F,0xFF,0x7F,0xFF,0x7F,0xFF,0x7F,0xFF,0x7F,0xFF,0x7F,
	0xFF,0x7F,0xFF,0x7F,0xFF,0x7F,0xFF,0x7F,0xFF,0x7F,0xFF,0x7F,0xFF,0x7F,0xFF,0x7F,
	0xFF,0x7F,0xFF,0x7F,0xFF,0x7F,0xFF,0x7F,0xFF,0x7F,0xFF,0x7F,0xFF,0x7F,0xFF,0x7F,
	0xFF,0x7F,0xFF,0x7F,0xFF,0x7F,0xFF,0x7F,0xFF,0x7F,0xFF,0x7F,0xFF,0x7F,0xFF,0x7F,
	0xFF,0x7F,0xFF,0x7F,0xFF,0x7F,0xFF,0x7F,0xFF,0x7F,0xFF,0x7F,0xFF,0x7F,0xFF,0x7F,
	0xFF,0x7F,0xFF,0x7F,0xFF,0x7F,0xFF,0x7F,0xFF,0x7F,0xFF,0x7F,0xFF,0x7F,0xFF,0x7F,
	0xB5,0x56,0xFF,0x7F,0xFF,0x7F,0xFF,0x7F,0xFF,0x7F,0xFF,0x7F,0xFF,0x7F,0xFF,0x7F,

	0xFF,0x7F,0xFF,0x7F,0xFF,0x7F,0xFF,0x7F,0xFF,0x7F,0xFF,0x7F,0xFF,0x7F,0xFF,0x7F,
	0xFF,0x7F,0xFF,0x7F,0xFF,0x7F,0xFF,0x7F,0xFF,0x7F,0xFF,0x7F,0xFF,0x7F,0xFF,0x7F,
	0xFF,0x7F,0xFF,0x7F,0xFF,0x7F,0xFF,0x7F,0xFF,0x7F,0xFF,0x7F,0xFF,0x7F,0xFF,0x7F,
	0xFF,0x7F,0xFF,0x7F,0xFF,0x7F,0xFF,0x7F,0xFF,0x7F,0xFF,0x7F,0xFF,0x7F,0xFF,0x7F,
	0xFF,0x7F,0xFF,0x7F,0xFF,0x7F,0xFF,0x7F,0xFF,0x7F,0xFF,0x7F,0xFF,0x7F,0xFF,0x7F,
	0xB5,0x56,0xFF,0x7F,0xFF,0x7F,0xFF,0x7F,0xFF,0x7F,0xFF,0x7F,0xFF,0x7F,0xFF,0x7F,
	0xFF,0x7F,0xFF,0x7F,0xFF,0x7F,0xFF,0x7F,0xFF,0x7F,0xFF,0x7F,0xFF,0x7F,0xFF,0x7F,
	0xFF,0x7F,0xFF,0x7F,0xFF,0x7F,0xFF,0x7F,0xFF,0x7F,0xFF,0x7F,0xFF,0x7F,0xFF,0x7F,

	0xFF,0x7F,0xFF,0x7F,0xFF,0x7F,0xFF,0x7F,0xFF,0x7F,0xFF,0x7F,0xFF,0x7F,0xFF,0x7F,
	0xFF,0x7F,0xFF,0x7F,0xFF,0x7F,0xFF,0x7F,0xFF,0x7F,0xFF,0x7F,0xFF,0x7F,0xFF,0x7F,
	0xFF,0x7F,0xFF,0x7F,0xFF,0x7F,0xFF,0x7F,0xFF,0x7F,0xFF,0x7F,0xFF,0x7F,0xFF,0x7F,
	0xB5,0x56,0xFF,0x7F,0xFF,0x7F,0xFF,0x7F,0xFF,0x7F,0xFF,0x7F,0xFF,0x7F,0xFF,0x7F,
	0xFF,0x7F,0xFF,0x7F,0xFF,0x7F,0xFF,0x7F,0xFF,0x7F,0xFF,0x7F,0xFF,0x7F,0xFF,0x7F,
	0xFF,0x7F,0xFF,0x7F,0xFF,0x7F,0xFF,0x7F,0xFF,0x7F,0xFF,0x7F,0xFF,0x7F,0xFF,0x7F,
	0xFF,0x7F,0xFF,0x7F,0xFF,0x7F,0xFF,0x7F,0xFF,0x7F,0xFF,0x7F,0xFF,0x7F,0xFF,0x7F,
	0xFF,0x7F,0xFF,0x7F,0xFF,0x7F,0xFF,0x7F,0xFF,0x7F,0xFF,0x7F,0xFF,0x7F,0xFF,0x7F,

	0xFF,0x7F,0xFF,0x7F,0xFF,0x7F,0xFF,0x7F,0xFF,0x7F,0xFF,0x7F,0xFF,0x7F,0xFF,0x7F,
	0xB5,0x56,0xFF,0x7F,0xFF,0x7F,0xFF,0x7F,0xFF,0x7F,0xFF,0x7F,0xFF,0x7F,0xFF,0x7F,
	0xFF,0x7F,0xFF,0x7F,0xFF,0x7F,0xFF,0x7F,0xFF,0x7F,0xFF,0x7F,0xFF,0x7F,0xFF,0x7F,
	0xFF,0x7F,0xFF,0x7F,0xFF,0x7F,0xFF,0x7F,0xFF,0x7F,0xFF,0x7F,0xFF,0x7F,0xFF,0x7F,
	0x9C,0x73,0x9C,0x73,0x9C,0x73,0x9C,0x73,0x9C,0x73,0x9C,0x73,0x9C,0x73,0x9C,0x73,
	0x9C,0x73,0x9C,0x73,0x9C,0x73,0x9C,0x73,0x9C,0x73,0x9C,0x73,0x9C,0x73,0x9C,0x73,
	0x9C,0x73,0x9C,0x73,0x9C,0x73,0x9C,0x73,0x9C,0x73,0x9C,0x73,0x9C,0x73,0x9C,0x73,
	0xB5,0x56,0x9C,0x73,0x9C,0x73,0x9C,0x73,0x9C,0x73,0x9C,0x73,0x9C,0x73,0x9C,0x73,

	0x9C,0x73,0x9C,0x73,0x9C,0x73,0x9C,0x73,0x9C,0x73,0x9C,0x73,0x9C,0x73,0x9C,0x73,
	0x9C,0x73,0x9C,0x73,0x9C,0x73,0x9C,0x73,0x9C,0x73,0x9C,0x73,0x9C,0x73,0x9C,0x73,
	0x9C,0x73,0x9C,0x73,0x9C,0x73,0x9C,0x73,0x9C,0x73,0x9C,0x73,0x9C,0x73,0x9C,0x73,
	0x9C,0x73,0x9C,0x73,0x9C,0x73,0x9C,0x73,0x9C,0x73,0x9C,0x73,0x9C,0x73,0x9C,0x73,
	0x9C,0x73,0x9C,0x73,0x9C,0x73,0x9C,0x73,0x9C,0x73,0x9C,0x73,0x9C,0x73,0x9C,0x73,
	0xB5,0x56,0x9C,0x73,0x9C,0x73,0x9C,0x73,0x9C,0x73,0x9C,0x73,0x9C,0x73,0x9C,0x73,
	0x9C,0x73,0x9C,0x73,0x9C,0x73,0x9C,0x73,0x9C,0x73,0x9C,0x73,0x9C,0x73,0x9C,0x73,
	0x9C,0x73,0x9C,0x73,0x9C,0x73,0x9C,0x73,0x9C,0x73,0x9C,0x73,0x9C,0x73,0x9C,0x73,

	0x9C,0x73,0x9C,0x73,0x9C,0x73,0x9C,0x73,0x9C,0x73,0x9C,0x73,0x9C,0x73,0x9C,0x73,
	0x9C,0x73,0x9C,0x73,0x9C,0x73,0x9C,0x73,0x9C,0x73,0x9C,0x73,0x9C,0x73,0x9C,0x73,
	0x9C,0x73,0x9C,0x73,0x9C,0x73,0x9C,0x73,0x9C,0x73,0x9C,0x73,0x9C,0x73,0x9C,0x73,
	0xB5,0x56,0x9C,0x73,0x9C,0x73,0x9C,0x73,0x9C,0x73,0x9C,0x73,0x9C,0x73,0x9C,0x73,
	0x9C,0x73,0x9C,0x73,0x9C,0x73,0x9C,0x73,0x9C,0x73,0x9C,0x73,0x9C,0x73,0x9C,0x73,
	0x9C,0x73,0x9C,0x73,0x9C,0x73,0x9C,0x73,0x9C,0x73,0x9C,0x73,0x9C,0x73,0x9C,0x73,
	0x9C,0x73,0x9C,0x73,0x9C,0x73,0x9C,0x73,0x9C,0x73,0x9C,0x73,0x9C,0x73,0x9C,0x73,
	0x9C,0x73,0x9C,0x73,0x9C,0x73,0x9C,0x73,0x9C,0x73,0x9C,0x73,0x9C,0x73,0x9C,0x73,

	0x9C,0x73,0x9C,0x73,0x9C,0x73,0x9C,0x73,0x9C,0x73,0x9C,0x73,0x9C,0x73,0x9C,0x73,
	0xB5,0x56,0x9C,0x73,0x9C,0x73,0x9C,0x73,0x9C,0x73,0x9C,0x73,0x9C,0x73,0x9C,0x73,
	0x9C,0x73,0x9C,0x73,0x9C,0x73,0x9C,0x73,0x9C,0x73,0x9C,0x73,0x9C,0x73,0x9C,0x73,
	0x9C,0x73,0x9C,0x73,0x9C,0x73,0x9C,0x73,0x9C,0x73,0x9C,0x73,0x9C,0x73,0x9C,0x73,
	0x9C,0x73,0x9C,0x73,0x9C,0x73,0x9C,0x73,0x9C,0x73,0x9C,0x73,0x9C,0x73,0x9C,0x73,
	0x9C,0x73,0x9C,0x73,0x9C,0x73,0x9C,0x73,0x9C,0x73,0x9C,0x73,0x9C,0x73,0x9C,0x73,
	0x9C,0x73,0x9C,0x73,0x9C,0x73,0x9C,0x73,0x9C,0x73,0x9C,0x73,0x9C,0x73,0x9C,0x73,
	0xB5,0x56,0x9C,0x73,0x9C,0x73,0x9C,0x73,0x9C,0x73,0x9C,0x73,0x9C,0x73,0x9C,0x73,

	0x9C,0x73,0x9C,0x73,0x9C,0x73,0x9C,0x73,0x9C,0x73,0x9C,0x73,0x9C,0x73,0x9C,0x73,
	0x9C,0x73,0x9C,0x73,0x9C,0x73,0x9C,0x73,0x9C,0x73,0x9C,0x73,0x9C,0x73,0x9C,0x73,
	0xFF,0x7F,0xFF,0x7F,0xFF,0x7F,0xFF,0x7F,0xFF,0x7F,0xFF,0x7F,0xFF,0x7F,0xFF,0x7F,
	0xFF,0x7F,0xFF,0x7F,0xFF,0x7F,0xFF,0x7F,0xFF,0x7F,0xFF,0x7F,0xFF,0x7F,0xFF,0x7F,
	0xFF,0x7F,0xFF,0x7F,0xFF,0x7F,0xFF,0x7F,0xFF,0x7F,0xFF,0x7F,0xFF,0x7F,0xFF,0x7F,
	0xB5,0x56,0xFF,0x7F,0xFF,0x7F,0xFF,0x7F,0xFF,0x7F,0xFF,0x7F,0xFF,0x7F,0xFF,0x7F,
	0xFF,0x7F,0xFF,0x7F,0xFF,0x7F,0xFF,0x7F,0xFF,0x7F,0xFF,0x7F,0xFF,0x7F,0xFF,0x7F,
	0xFF,0x7F,0xFF,0x7F,0xFF,0x7F,0xFF,0x7F,0xFF,0x7F,0xFF,0x7F,0xFF,0x7F,0xFF,0x7F,

	0xFF,0x7F,0xFF,0x7F,0xFF,0x7F,0xFF,0x7F,0xFF,0x7F,0xFF,0x7F,0xFF,0x7F,0xFF,0x7F,
	0xFF,0x7F,0xFF,0x7F,0xFF,0x7F,0xFF,0x7F,0xFF,0x7F,0xFF,0x7F,0xFF,0x7F,0xFF,0x7F,
	0xFF,0x7F,0xFF,0x7F,0xFF,0x7F,0xFF,0x7F,0xFF,0x7F,0xFF,0x7F,0xFF,0x7F,0xFF,0x7F,
	0xB5,0x56,0xFF,0x7F,0xFF,0x7F,0xFF,0x7F,0xFF,0x7F,0xFF,0x7F,0xFF,0x7F,0xFF,0x7F,
	0xFF,0x7F,0xFF,0x7F,0xFF,0x7F,0xFF,0x7F,0xFF,0x7F,0xFF,0x7F,0xFF,0x7F,0xFF,0x7F,
	0xFF,0x7F,0xFF,0x7F,0xFF,0x7F,0xFF,0x7F,0xFF,0x7F,0xFF,0x7F,0xFF,0x7F,0xFF,0x7F,
	0xFF,0x7F,0xFF,0x7F,0xFF,0x7F,0xFF,0x7F,0xFF,0x7F,0xFF,0x7F,0xFF,0x7F,0xFF,0x7F,
	0xFF,0x7F,0xFF,0x7F,0xFF,0x7F,0xFF,0x7F,0xFF,0x7F,0xFF,0x7F,0xFF,0x7F,0xFF,0x7F,

	0xFF,0x7F,0xFF,0x7F,0xFF,0x7F,0xFF,0x7F,0xFF,0x7F,0xFF,0x7F,0xFF,0x7F,0xFF,0x7F,
	0xB5,0x56,0xFF,0x7F,0xFF,0x7F,0xFF,0x7F,0xFF,0x7F,0xFF,0x7F,0xFF,0x7F,0xFF,0x7F,
	0xFF,0x7F,0xFF,0x7F,0xFF,0x7F,0xFF,0x7F,0xFF,0x7F,0xFF,0x7F,0xFF,0x7F,0xFF,0x7F,
	0xFF,0x7F,0xFF,0x7F,0xFF,0x7F,0xFF,0x7F,0xFF,0x7F,0xFF,0x7F,0xFF,0x7F,0xFF,0x7F,
	0xFF,0x7F,0xFF,0x7F,0xFF,0x7F,0xFF,0x7F,0xFF,0x7F,0xFF,0x7F,0xFF,0x7F,0xFF,0x7F,
	0xFF,0x7F,0xFF,0x7F,0xFF,0x7F,0xFF,0x7F,0xFF,0x7F,0xFF,0x7F,0xFF,0x7F,0xFF,0x7F,
	0xFF,0x7F,0xFF,0x7F,0xFF,0x7F,0xFF,0x7F,0xFF,0x7F,0xFF,0x7F,0xFF,0x7F,0xFF,0x7F,
	0xB5,0x56,0xFF,0x7F,0xFF,0x7F,0xFF,0x7F,0xFF,0x7F,0xFF,0x7F,0xFF,0x7F,0xFF,0x7F,

	0xFF,0x7F,0xFF,0x7F,0xFF,0x7F,0xFF,0x7F,0xFF,0x7F,0xFF,0x7F,0xFF,0x7F,0xFF,0x7F,
	0xFF,0x7F,0xFF,0x7F,0xFF,0x7F,0xFF,0x7F,0xFF,0x7F,0xFF,0x7F,0xFF,0x7F,0xFF,0x7F,
	0xFF,0x7F,0xFF,0x7F,0xFF,0x7F,0xFF,0x7F,0xFF,0x7F,0xFF,0x7F,0xFF,0x7F,0xFF,0x7F,
	0xFF,0x7F,0xFF,0x7F,0xFF,0x7F,0xFF,0x7F,0xFF,0x7F,0xFF,0x7F,0xFF,0x7F,0xFF,0x7F,
	0xFF,0x7F,0xFF,0x7F,0xFF,0x7F,0xFF,0x7F,0xFF,0x7F,0xFF,0x7F,0xFF,0x7F,0xFF,0x7F,
	0xB5,0x56,0xFF,0x7F,0xFF,0x7F,0xFF,0x7F,0xFF,0x7F,0xFF,0x7F,0xFF,0x7F,0xFF,0x7F,
	0xFF,0x7F,0xFF,0x7F,0xFF,0x7F,0xFF,0x7F,0xFF,0x7F,0xFF,0x7F,0xFF,0x7F,0xFF,0x7F,
	0xFF,0x7F,0xFF,0x7F,0xFF,0x7F,0xFF,0x7F,0xFF,0x7F,0xFF,0x7F,0xFF,0x7F,0xFF,0x7F,
};

//}}BLOCK(gImage_HELP_BLANK)
