
//{{BLOCK(gImage_splash)

//======================================================================
//
//	gImage_splash, 240x160@16, 
//	+ bitmap not compressed
//	Total size: 76800 = 76800
//
//	Time-stamp: 2026-09-26, 00:57:37
//	Exported by Cearn's GBA Image Transmogrifier, v0.8.6
//	( http://www.coranac.com/projects/#grit )
//
//======================================================================

const unsigned char gImage_splash[76800] __attribute__((aligned(4)))=
{
	0x9C,0x73,0x9C,0x73,0x9C,0x73,0x9C,0x73,0x9C,0x73,0x9C,0x73,0x9C,0x73,0x9C,0x73,
	0x9C,0x73,0x9C,0x73,0x9C,0x73,0x9C,0x73,0x9C,0x73,0x9C,0x73,0x9C,0x73,0x9C,0x73,
	0x9C,0x73,0x9C,0x73,0x9C,0x73,0x9C,0x73,0x9C,0x73,0x9C,0x73,0x9C,0x73,0x9C,0x73,
	0xB5,0x56,0x9C,0x73,0x9C,0x73,0x9C,0x73,0x9C,0x73,0x9C,0x73,0x9C,0x73,0x9C,0x73,
	0x9C,0x73,0x9C,0x73,0x9C,0x73,0x9C,0x73,0x9C,0x73,0x9C,0x73,0x9C,0x73,0x9C,0x73,
	0x9C,0x73,0x9C,0x73,0x9C,0x73,0x9C,0x73,0x9C,0x73,0x9C,0x73,0x9C,0x73,0x9C,0x73,
	0x9C,0x73,0x9C,0x73,0x9C,0x73,0x9C,0x73,0x9C,0x73,0x9C,0x73,0x9C,0x73,0x9C,0x73,
	0x9C,0x73,0x9C,0x73,0x9C,0x73,0x9C,0x73,0x9C,0x73,0x9C,0x73,0x9C,0x73,0x9C,0x73,

	0x9C,0x73,0x9C,0x73,0x9C,0x73,0x9C,0x73,0x9C,0x73,0x9C,0x73,0x9C,0x73,0x9C,0x73,
	0xB5,0x56,0x9C,0x73,0x9C,0x73,0x9C,0x73,0x9C,0x73,0x9C,0x73,0x9C,0x73,0x9C,0x73,
	0x9C,0x73,0x9C,0x73,0x9C,0x73,0x9C,0x73,0x9C,0x73,0x9C,0x73,0x9C,0x73,0x9C,0x73,
	0x9C,0x73,0x9C,0x73,0x9C,0x73,0x9C,0x73,0x9C,0x73,0x9C,0x73,0x9C,0x73,0x9C,0x73,
	0x9C,0x73,0x9C,0x73,0x9C,0x73,0x9C,0x73,0x9C,0x73,0x9C,0x73,0x9C,0x73,0x9C,0x73,
	0x9C,0x73,0x9C,0x73,0x9C,0x73,0x9C,0x73,0x9C,0x73,0x9C,0x73,0x9C,0x73,0x9C,0x73,
	0x9C,0x73,0x9C,0x73,0x9C,0x73,0x9C,0x73,0x9C,0x73,0x9C,0x73,0x9C,0x73,0x9C,0x73,
	0xB5,0x56,0x9C,0x73,0x9C,0x73,0x9C,0x73,0x9C,0x73,0x9C,0x73,0x9C,0x73,0x9C,0x73,

	0x9C,0x73,0x9C,0x73,0x9C,0x73,0x9C,0x73,0x9C,0x73,0x9C,0x73,0x9C,0x73,0x9C,0x73,
	0x9C,0x73,0x9C,0x73,0x9C,0x73,0x9C,0x73,0x9C,0x73,0x9C,0x73,0x9C,0x73,0x9C,0x73,
	0x9C,0x73,0x9C,0x73,0x9C,0x73,0x9C,0x73,0x9C,0x73,0x9C,0x73,0x9C,0x73,0x9C,0x73,
	0x9C,0x73,0x9C,0x73,0x9C,0x73,0x9C,0x73,0x9C,0x73,0x9C,0x73,0x9C,0x73,0x9C,0x73,
	0x9C,0x73,0x9C,0x73,0x9C,0x73,0x9C,0x73,0x9C,0x73,0x9C,0x73,0x9C,0x73,0x9C,0x73,
	0xB5,0x56,0x9C,0x73,0x9C,0x73,0x9C,0x73,0x9C,0x73,0x9C,0x73,0x9C,0x73,0x9C,0x73,
	0x9C,0x73,0x9C,0x73,0x9C,0x73,0x9C,0x73,0x9C,0x73,0x9C,0x73,0x9C,0x73,0x9C,0x73,
	0x9C,0x73,0x9C,0x73,0x9C,0x73,0x9C,0x73,0x9C,0x73,0x9C,0x73,0x9C,0x73,0x9C,0x73,

	0x9C,0x73,0x9C,0x73,0x9C,0x73,0x9C,0x73,0x9C,0x73,0x9C,0x73,0x9C,0x73,0x9C,0x73,
	0x9C,0x73,0x9C,0x73,0x9C,0x73,0x9C,0x73,0x9C,0x73,0x9C,0x73,0x9C,0x73,0x9C,0x73,
	0x9C,0x73,0x9C,0x73,0x9C,0x73,0x9C,0x73,0x9C,0x73,0x9C,0x73,0x9C,0x73,0x9C,0x73,
	0xB5,0x56,0x9C,0x73,0x9C,0x73,0x9C,0x73,0x9C,0x73,0x9C,0x73,0x9C,0x73,0x9C,0x73,
	0x9C,0x73,0x9C,0x73,0x9C,0x73,0x9C,0x73,0x9C,0x73,0x9C,0x73,0x9C,0x73,0x9C,0x73,
	0x9C,0x73,0x9C,0x73,0x9C,0x73,0x9C,0x73,0x9C,0x73,0x9C,0x73,0x9C,0x73,0x9C,0x73,
	0xFF,0x7F,0xFF,0x7F,0xFF,0x7F,0xFF,0x7F,0xFF,0x7F,0xFF,0x7F,0xFF,0x7F,0xFF,0x7F,
	0xFF,0x7F,0xFF,0x7F,0xFF,0x7F,0xFF,0x7F,0xFF,0x7F,0xFF,0x7F,0xFF,0x7F,0xFF,0x7F,

	0xFF,0x7F,0xFF,0x7F,0xFF,0x7F,0xFF,0x7F,0xFF,0x7F,0xFF,0x7F,0xFF,0x7F,0xFF,0x7F,
	0xB5,0x56,0xFF,0x7F,0xFF,0x7F,0xFF,0x7F,0xFF,0x7F,0xFF,0x7F,0xFF,0x7F,0xFF,0x7F,
	0xFF,0x7F,0xFF,0x7F,0xFF,0x7F,0xFF,0x7F,0xFF,0x7F,0xFF,0x7F,0xFF,0x7F,0xFF,0x7F,
	0xFF,0x7F,0xFF,0x7F,0xFF,0x7F,0xFF,0x7F,0xFF,0x7F,0xFF,0x7F,0xFF,0x7F,0xFF,0x7F,
	0xFF,0x7F,0xFF,0x7F,0xFF,0x7F,0xFF,0x7F,0xFF,0x7F,0xFF,0x7F,0xFF,0x7F,0xFF,0x7F,
	0xFF,0x7F,0xFF,0x7F,0xFF,0x7F,0xFF,0x7F,0xFF,0x7F,0xFF,0x7F,0xFF,0x7F,0xFF,0x7F,
	0xFF,0x7F,0xFF,0x7F,0xFF,0x7F,0xFF,0x7F,0xFF,0x7F,0xFF,0x7F,0xFF,0x7F,0xFF,0x7F,
	0xB5,0x56,0xFF,0x7F,0xFF,0x7F,0xFF,0x7F,0xFF,0x7F,0xFF,0x7F,0xFF,0x7F,0xFF,0x7F,

	0xFF,0x7F,0xFF,0x7F,0xFF,0x7F,0xFF,0x7F,0xFF,0x7F,0xFF,0x7F,0xFF,0x7F,0xFF,0x7F,
	0xFF,0x7F,0xFF,0x7F,0xFF,0x7F,0xFF,0x7F,0xFF,0x7F,0xFF,0x7F,0xFF,0x7F,0xFF,0x7F,
	0xFF,0x7F,0xFF,0x7F,0xFF,0x7F,0xFF,0x7F,0xFF,0x7F,0xFF,0x7F,0xFF,0x7F,0xFF,0x7F,
	0xFF,0x7F,0xFF,0x7F,0xFF,0x7F,0xFF,0x7F,0xFF,0x7F,0xFF,0x7F,0xFF,0x7F,0xFF,0x7F,
	0xFF,0x7F,0xFF,0x7F,0xFF,0x7F,0xFF,0x7F,0xFF,0x7F,0xFF,0x7F,0xFF,0x7F,0xFF,0x7F,
	0xB5,0x56,0xFF,0x7F,0xFF,0x7F,0xFF,0x7F,0xFF,0x7F,0xFF,0x7F,0xFF,0x7F,0xFF,0x7F,
	0xFF,0x7F,0xFF,0x7F,0xFF,0x7F,0xFF,0x7F,0xFF,0x7F,0xFF,0x7F,0xFF,0x7F,0xFF,0x7F,
	0xFF,0x7F,0xFF,0x7F,0xFF,0x7F,0xFF,0x7F,0xFF,0x7F,0xFF,0x7F,0xFF,0x7F,0xFF,0x7F,

	0xFF,0x7F,0xFF,0x7F,0xFF,0x7F,0xFF,0x7F,0xFF,0x7F,0xFF,0x7F,0xFF,0x7F,0xFF,0x7F,
	0xFF,0x7F,0xFF,0x7F,0xFF,0x7F,0xFF,0x7F,0xFF,0x7F,0xFF,0x7F,0xFF,0x7F,0xFF,0x7F,
	0xFF,0x7F,0xFF,0x7F,0xFF,0x7F,0xFF,0x7F,0xFF,0x7F,0xFF,0x7F,0xFF,0x7F,0xFF,0x7F,
	0xB5,0x56,0xFF,0x7F,0xFF,0x7F,0xFF,0x7F,0xFF,0x7F,0xFF,0x7F,0xFF,0x7F,0xFF,0x7F,
	0xFF,0x7F,0xFF,0x7F,0xFF,0x7F,0xFF,0x7F,0xFF,0x7F,0xFF,0x7F,0xFF,0x7F,0xFF,0x7F,
	0xFF,0x7F,0xFF,0x7F,0xFF,0x7F,0xFF,0x7F,0xFF,0x7F,0xFF,0x7F,0xFF,0x7F,0xFF,0x7F,
	0xFF,0x7F,0xFF,0x7F,0xFF,0x7F,0xFF,0x7F,0xFF,0x7F,0xFF,0x7F,0xFF,0x7F,0xFF,0x7F,
	0xFF,0x7F,0xFF,0x7F,0xFF,0x7F,0xFF,0x7F,0xFF,0x7F,0xFF,0x7F,0xFF,0x7F,0xFF,0x7F,

	0xFF,0x7F,0xFF,0x7F,0xFF,0x7F,0xFF,0x7F,0xFF,0x7F,0xFF,0x7F,0xFF,0x7F,0xFF,0x7F,
	0xB5,0x56,0xFF,0x7F,0xFF,0x7F,0xFF,0x7F,0xFF,0x7F,0xFF,0x7F,0xFF,0x7F,0xFF,0x7F,
	0xFF,0x7F,0xFF,0x7F,0xFF,0x7F,0xFF,0x7F,0xFF,0x7F,0xFF,0x7F,0xFF,0x7F,0xFF,0x7F,
	0xFF,0x7F,0xFF,0x7F,0xFF,0x7F,0xFF,0x7F,0xFF,0x7F,0xFF,0x7F,0xFF,0x7F,0xFF,0x7F,
	0x9C,0x73,0x9C,0x73,0x9C,0x73,0x9C,0x73,0x9C,0x73,0x9C,0x73,0x9C,0x73,0x9C,0x73,
	0x9C,0x73,0x9C,0x73,0x9C,0x73,0x9C,0x73,0x9C,0x73,0x9C,0x73,0x9C,0x73,0x9C,0x73,
	0x9C,0x73,0x9C,0x73,0x9C,0x73,0x9C,0x73,0x9C,0x73,0x9C,0x73,0x9C,0x73,0x9C,0x73,
	0xB5,0x56,0x9C,0x73,0x9C,0x73,0x9C,0x73,0x9C,0x73,0x9C,0x73,0x9C,0x73,0x9C,0x73,

	0x9C,0x73,0x9C,0x73,0x9C,0x73,0x9C,0x73,0x9C,0x73,0x9C,0x73,0x9C,0x73,0x9C,0x73,
	0x9C,0x73,0x9C,0x73,0x9C,0x73,0x9C,0x73,0x9C,0x73,0x9C,0x73,0x9C,0x73,0x9C,0x73,
	0x9C,0x73,0x9C,0x73,0x9C,0x73,0x9C,0x73,0x9C,0x73,0x9C,0x73,0x9C,0x73,0x9C,0x73,
	0x9C,0x73,0x9C,0x73,0x9C,0x73,0x9C,0x73,0x9C,0x73,0x9C,0x73,0x9C,0x73,0x9C,0x73,
	0x9C,0x73,0x9C,0x73,0x9C,0x73,0x9C,0x73,0x9C,0x73,0x9C,0x73,0x9C,0x73,0x9C,0x73,
	0xB5,0x56,0x9C,0x73,0x9C,0x73,0x9C,0x73,0x9C,0x73,0x9C,0x73,0x9C,0x73,0x9C,0x73,
	0x9C,0x73,0x9C,0x73,0x9C,0x73,0x9C,0x73,0x9C,0x73,0x9C,0x73,0x9C,0x73,0x9C,0x73,
	0x9C,0x73,0x9C,0x73,0x9C,0x73,0x9C,0x73,0x9C,0x73,0x9C,0x73,0x9C,0x73,0x9C,0x73,

	0x9C,0x73,0x9C,0x73,0x9C,0x73,0x9C,0x73,0x9C,0x73,0x9C,0x73,0x9C,0x73,0x9C,0x73,
	0x9C,0x73,0x9C,0x73,0x9C,0x73,0x9C,0x73,0x9C,0x73,0x9C,0x73,0x9C,0x73,0x9C,0x73,
	0x9C,0x73,0x9C,0x73,0x9C,0x73,0x9C,0x73,0x9C,0x73,0x9C,0x73,0x9C,0x73,0x9C,0x73,
	0xB5,0x56,0x9C,0x73,0x9C,0x73,0x9C,0x73,0x9C,0x73,0x9C,0x73,0x9C,0x73,0x9C,0x73,
	0x9C,0x73,0x9C,0x73,0x9C,0x73,0x9C,0x73,0x9C,0x73,0x9C,0x73,0x9C,0x73,0x9C,0x73,
	0x9C,0x73,0x9C,0x73,0x9C,0x73,0x9C,0x73,0x9C,0x73,0x9C,0x73,0x9C,0x73,0x9C,0x73,
	0x9C,0x73,0x9C,0x73,0x9C,0x73,0x9C,0x73,0x9C,0x73,0x9C,0x73,0x9C,0x73,0x9C,0x73,
	0x9C,0x73,0x9C,0x73,0x9C,0x73,0x9C,0x73,0x9C,0x73,0x9C,0x73,0x9C,0x73,0x9C,0x73,

	0x9C,0x73,0x9C,0x73,0x9C,0x73,0x9C,0x73,0x9C,0x73,0x9C,0x73,0x9C,0x73,0x9C,0x73,
	0xB5,0x56,0x9C,0x73,0x9C,0x73,0x9C,0x73,0x9C,0x73,0x9C,0x73,0x9C,0x73,0x9C,0x73,
	0x9C,0x73,0x9C,0x73,0x9C,0x73,0x9C,0x73,0x9C,0x73,0x9C,0x73,0x9C,0x73,0x9C,0x73,
	0x9C,0x73,0x9C,0x73,0x9C,0x73,0x9C,0x73,0x9C,0x73,0x9C,0x73,0x9C,0x73,0x9C,0x73,
	0x9C,0x73,0x9C,0x73,0x9C,0x73,0x9C,0x73,0x9C,0x73,0x9C,0x73,0x9C,0x73,0x9C,0x73,
	0x9C,0x73,0x9C,0x73,0x9C,0x73,0x9C,0x73,0x9C,0x73,0x9C,0x73,0x9C,0x73,0x9C,0x73,
	0x9C,0x73,0x9C,0x73,0x9C,0x73,0x9C,0x73,0x9C,0x73,0x9C,0x73,0x9C,0x73,0x9C,0x73,
	0xB5,0x56,0x9C,0x73,0x9C,0x73,0x9C,0x73,0x9C,0x73,0x9C,0x73,0x9C,0x73,0x9C,0x73,

	0x9C,0x73,0x9C,0x73,0x9C,0x73,0x9C,0x73,0x9C,0x73,0x9C,0x73,0x9C,0x73,0x9C,0x73,
	0x9C,0x73,0x9C,0x73,0x9C,0x73,0x9C,0x73,0x9C,0x73,0x9C,0x73,0x9C,0x73,0x9C,0x73,
	0xFF,0x7F,0xFF,0x7F,0xFF,0x7F,0xFF,0x7F,0xFF,0x7F,0xFF,0x7F,0xFF,0x7F,0xFF,0x7F,
	0xFF,0x7F,0xFF,0x7F,0xFF,0x7F,0xFF,0x7F,0xFF,0x7F,0xFF,0x7F,0xFF,0x7F,0xFF,0x7F,
	0xFF,0x7F,0xFF,0x7F,0xFF,0x7F,0xFF,0x7F,0xFF,0x7F,0xFF,0x7F,0xFF,0x7F,0xFF,0x7F,
	0xB5,0x56,0xFF,0x7F,0xFF,0x7F,0xFF,0x7F,0xFF,0x7F,0xFF,0x7F,0xFF,0x7F,0xFF,0x7F,
	0xFF,0x7F,0xFF,0x7F,0xFF,0x7F,0xFF,0x7F,0xFF,0x7F,0xFF,0x7F,0xFF,0x7F,0xFF,0x7F,
	0xFF,0x7F,0xFF,0x7F,0xFF,0x7F,0xFF,0x7F,0xFF,0x7F,0xFF,0x7F,0xFF,0x7F,0xFF,0x7F,

	0xFF,0x7F,0xFF,0x7F,0xFF,0x7F,0xFF,0x7F,0xFF,0x7F,0xFF,0x7F,0xFF,0x7F,0xFF,0x7F,
	0xFF,0x7F,0xFF,0x7F,0xFF,0x7F,0xFF,0x7F,0xFF,0x7F,0xFF,0x7F,0xFF,0x7F,0xFF,0x7F,
	0xFF,0x7F,0xFF,0x7F,0xFF,0x7F,0xFF,0x7F,0xFF,0x7F,0xFF,0x7F,0xFF,0x7F,0xFF,0x7F,
	0xB5,0x56,0xFF,0x7F,0xFF,0x7F,0xFF,0x7F,0xFF,0x7F,0xFF,0x7F,0xFF,0x7F,0xFF,0x7F,
	0xFF,0x7F,0xFF,0x7F,0xFF,0x7F,0xFF,0x7F,0xFF,0x7F,0xFF,0x7F,0xFF,0x7F,0xFF,0x7F,
	0xFF,0x7F,0xFF,0x7F,0xFF,0x7F,0xFF,0x7F,0xFF,0x7F,0xFF,0x7F,0xFF,0x7F,0xFF,0x7F,
	0xFF,0x7F,0xFF,0x7F,0xFF,0x7F,0xFF,0x7F,0xFF,0x7F,0xFF,0x7F,0xFF,0x7F,0xFF,0x7F,
	0xFF,0x7F,0xFF,0x7F,0xFF,0x7F,0xFF,0x7F,0xFF,0x7F,0xFF,0x7F,0xFF,0x7F,0xFF,0x7F,

	0xFF,0x7F,0xFF,0x7F,0xFF,0x7F,0xFF,0x7F,0xFF,0x7F,0xFF,0x7F,0xFF,0x7F,0xFF,0x7F,
	0xB5,0x56,0xFF,0x7F,0xFF,0x7F,0xFF,0x7F,0xFF,0x7F,0xFF,0x7F,0xFF,0x7F,0xFF,0x7F,
	0xFF,0x7F,0xFF,0x7F,0xFF,0x7F,0xFF,0x7F,0xFF,0x7F,0xFF,0x7F,0xFF,0x7F,0xFF,0x7F,
	0xFF,0x7F,0xFF,0x7F,0xFF,0x7F,0xFF,0x7F,0xFF,0x7F,0xFF,0x7F,0xFF,0x7F,0xFF,0x7F,
	0xFF,0x7F,0xFF,0x7F,0xFF,0x7F,0xFF,0x7F,0xFF,0x7F,0xFF,0x7F,0xFF,0x7F,0xFF,0x7F,
	0xFF,0x7F,0xFF,0x7F,0xFF,0x7F,0xFF,0x7F,0xFF,0x7F,0xFF,0x7F,0xFF,0x7F,0xFF,0x7F,
	0xFF,0x7F,0xFF,0x7F,0xFF,0x7F,0xFF,0x7F,0xFF,0x7F,0xFF,0x7F,0xFF,0x7F,0xFF,0x7F,
	0xB5,0x56,0xFF,0x7F,0xFF,0x7F,0xFF,0x7F,0xFF,0x7F,0xFF,0x7F,0xFF,0x7F,0xFF,0x7F,

	0xFF,0x7F,0xFF,0x7F,0xFF,0x7F,0xFF,0x7F,0xFF,0x7F,0xFF,0x7F,0xFF,0x7F,0xFF,0x7F,
	0xFF,0x7F,0xFF,0x7F,0xFF,0x7F,0xFF,0x7F,0xFF,0x7F,0xFF,0x7F,0xFF,0x7F,0xFF,0x7F,
	0xFF,0x7F,0xFF,0x7F,0xFF,0x7F,0xFF,0x7F,0xFF,0x7F,0xFF,0x7F,0xFF,0x7F,0xFF,0x7F,
	0xFF,0x7F,0xFF,0x7F,0xFF,0x7F,0xFF,0x7F,0xFF,0x7F,0xFF,0x7F,0xFF,0x7F,0xFF,0x7F,
	0xFF,0x7F,0xFF,0x7F,0xFF,0x7F,0xFF,0x7F,0xFF,0x7F,0xFF,0x7F,0xFF,0x7F,0xFF,0x7F,
	0xB5,0x56,0xFF,0x7F,0xFF,0x7F,0xFF,0x7F,0xFF,0x7F,0xFF,0x7F,0xFF,0x7F,0xFF,0x7F,
	0xFF,0x7F,0xFF,0x7F,0xFF,0x7F,0xFF,0x7F,0xFF,0x7F,0xFF,0x7F,0xFF,0x7F,0xFF,0x7F,
	0xFF,0x7F,0xFF,0x7F,0xFF,0x7F,0xFF,0x7F,0xFF,0x7F,0xFF,0x7F,0xFF,0x7F,0xFF,0x7F,

	0x9C,0x73,0x9C,0x73,0x9C,0x73,0x9C,0x73,0x9C,0x73,0x9C,0x73,0x9C,0x73,0x9C,0x73,
	0x9C,0x73,0x9C,0x73,0x9C,0x73,0x9C,0x73,0x9C,0x73,0x9C,0x73,0x9C,0x73,0x9C,0x73,
	0x9C,0x73,0x9C,0x73,0x9C,0x73,0x9C,0x73,0x9C,0x73,0x9C,0x73,0x9C,0x73,0x9C,0x73,
	0xB5,0x56,0x9C,0x73,0x9C,0x73,0x9C,0x73,0x9C,0x73,0x9C,0x73,0x9C,0x73,0x9C,0x73,
	0x9C,0x73,0x9C,0x73,0x9C,0x73,0x9C,0x73,0x9C,0x73,0x9C,0x73,0x9C,0x73,0x9C,0x73,
	0x9C,0x73,0x9C,0x73,0x9C,0x73,0x9C,0x73,0x9C,0x73,0x9C,0x73,0x9C,0x73,0x9C,0x73,
	0x9C,0x73,0x9C,0x73,0x9C,0x73,0x9C,0x73,0x9C,0x73,0x9C,0x73,0x9C,0x73,0x9C,0x73,
	0x9C,0x73,0x9C,0x73,0x9C,0x73,0x9C,0x73,0x9C,0x73,0x9C,0x73,0x9C,0x73,0x9C,0x73,

	0x9C,0x73,0x9C,0x73,0x9C,0x73,0x9C,0x73,0x9C,0x73,0x9C,0x73,0x9C,0x73,0x9C,0x73,
	0xB5,0x56,0x9C,0x73,0x9C,0x73,0x9C,0x73,0x9C,0x73,0x9C,0x73,0x9C,0x73,0x9C,0x73,
	0x9C,0x73,0x9C,0x73,0x9C,0x73,0x9C,0x73,0x9C,0x73,0x9C,0x73,0x9C,0x73,0x9C,0x73,
	0x9C,0x73,0x9C,0x73,0x9C,0x73,0x9C,0x73,0x9C,0x73,0x9C,0x73,0x9C,0x73,0x9C,0x73,
	0x9C,0x73,0x9C,0x73,0x9C,0x73,0x9C,0x73,0x9C,0x73,0x9C,0x73,0x9C,0x73,0x9C,0x73,
	0x9C,0x73,0x9C,0x73,0x9C,0x73,0x9C,0x73,0x9C,0x73,0x9C,0x73,0x9C,0x73,0x9C,0x73,
	0x9C,0x73,0x9C,0x73,0x9C,0x73,0x9C,0x73,0x9C,0x73,0x9C,0x73,0x9C,0x73,0x9C,0x73,
	0xB5,0x56,0x9C,0x73,0x9C,0x73,0x9C,0x73,0x9C,0x73,0x9C,0x73,0x9C,0x73,0x9C,0x73,

	0x9C,0x73,0x9C,0x73,0x9C,0x73,0x9C,0x73,0x9C,0x73,0x9C,0x73,0x9C,0x73,0x9C,0x73,
	0x9C,0x73,0x9C,0x73,0x9C,0x73,0x9C,0x73,0x9C,0x73,0x9C,0x73,0x9C,0x73,0x9C,0x73,
	0x9C,0x73,0x9C,0x73,0x9C,0x73,0x9C,0x73,0x9C,0x73,0x9C,0x73,0x9C,0x73,0x9C,0x73,
	0x9C,0x73,0x9C,0x73,0x9C,0x73,0x9C,0x73,0x9C,0x73,0x9C,0x73,0x9C,0x73,0x9C,0x73,
	0x9C,0x73,0x9C,0x73,0x9C,0x73,0x9C,0x73,0x9C,0x73,0x9C,0x73,0x9C,0x73,0x9C,0x73,
	0xB5,0x56,0x9C,0x73,0x9C,0x73,0x9C,0x73,0x9C,0x73,0x9C,0x73,0x9C,0x73,0x9C,0x73,
	0x9C,0x73,0x9C,0x73,0x9C,0x73,0x9C,0x73,0x9C,0x73,0x9C,0x73,0x9C,0x73,0x9C,0x73,
	0x9C,0x73,0x9C,0x73,0x9C,0x73,0x9C,0x73,0x9C,0x73,0x9C,0x73,0x9C,0x73,0x9C,0x73,

	0x9C,0x73,0x9C,0x73,0x9C,0x73,0x9C,0x73,0x9C,0x73,0x9C,0x73,0x9C,0x73,0x9C,0x73,
	0x9C,0x73,0x9C,0x73,0x9C,0x73,0x9C,0x73,0x9C,0x73,0x9C,0x73,0x9C,0x73,0x9C,0x73,
	0x9C,0x73,0x9C,0x73,0x9C,0x73,0x9C,0x73,0x9C,0x73,0x9C,0x73,0x9C,0x73,0x9C,0x73,
	0xB5,0x56,0x9C,0x73,0x9C,0x73,0x9C,0x73,0x9C,0x73,0x9C,0x73,0x9C,0x73,0x9C,0x73,
	0x9C,0x73,0x9C,0x73,0x9C,0x73,0x9C,0x73,0x9C,0x73,0x9C,0x73,0x9C,0x73,0x9C,0x73,
	0x9C,0x73,0x9C,0x73,0x9C,0x73,0x9C,0x73,0x9C,0x73,0x9C,0x73,0x9C,0x73,0x9C,0x73,
	0xFF,0x7F,0xFF,0x7F,0xFF,0x7F,0xFF,0x7F,0xFF,0x7F,0xFF,0x7F,0xFF,0x7F,0xFF,0x7F,
	0xFF,0x7F,0xFF,0x7F,0xFF,0x7F,0xFF,0x7F,0xFF,0x7F,0xFF,0x7F,0xFF,0x7F,0xFF,0x7F,

	0xFF,0x7F,0xFF,0x7F,0xFF,0x7F,0xFF,0x7F,0xFF,0x7F,0xFF,0x7F,0xFF,0x7F,0xFF,0x7F,
	0xB5,0x56,0xFF,0x7F,0xFF,0x7F,0xFF,0x7F,0xFF,0x7F,0xFF,0x7F,0xFF,0x7F,0xFF,0x7F,
	0xFF,0x7F,0xFF,0x7F,0xFF,0x7F,0xFF,0x7F,0xFF,0x7F,0xFF,0x7F,0xFF,0x7F,0xFF,0x7F,
	0xFF,0x7F,0xFF,0x7F,0xFF,0x7F,0xFF,0x7F,0xFF,0x7F,0xFF,0x7F,0xFF,0x7F,0xFF,0x7F,
	0xFF,0x7F,0xFF,0x7F,0xFF,0x7F,0xFF,0x7F,0xFF,0x7F,0xFF,0x7F,0xFF,0x7F,0xFF,0x7F,
	0xFF,0x7F,0xFF,0x7F,0xFF,0x7F,0xFF,0x7F,0xFF,0x7F,0xFF,0x7F,0xFF,0x7F,0xFF,0x7F,
	0xFF,0x7F,0xFF,0x7F,0xFF,0x7F,0xFF,0x7F,0xFF,0x7F,0xFF,0x7F,0xFF,0x7F,0xFF,0x7F,
	0xB5,0x56,0xFF,0x7F,0xFF,0x7F,0xFF,0x7F,0xFF,0x7F,0xFF,0x7F,0xFF,0x7F,0xFF,0x7F,

	0xFF,0x7F,0xFF,0x7F,0xFF,0x7F,0xFF,0x7F,0xFF,0x7F,0xFF,0x7F,0xFF,0x7F,0xFF,0x7F,
	0xFF,0x7F,0xFF,0x7F,0xFF,0x7F,0xFF,0x7F,0xFF,0x7F,0xFF,0x7F,0xFF,0x7F,0xFF,0x7F,
	0xFF,0x7F,0xFF,0x7F,0xFF,0x7F,0xFF,0x7F,0xFF,0x7F,0xFF,0x7F,0xFF,0x7F,0xFF,0x7F,
	0xFF,0x7F,0xFF,0x7F,0xFF,0x7F,0xFF,0x7F,0xFF,0x7F,0xFF,0x7F,0xFF,0x7F,0xFF,0x7F,
	0xFF,0x7F,0xFF,0x7F,0xFF,0x7F,0xFF,0x7F,0xFF,0x7F,0xFF,0x7F,0xFF,0x7F,0xFF,0x7F,
	0xB5,0x56,0xFF,0x7F,0xFF,0x7F,0xFF,0x7F,0xFF,0x7F,0xFF,0x7F,0xFF,0x7F,0xFF,0x7F,
	0xFF,0x7F,0xFF,0x7F,0xFF,0x7F,0xFF,0x7F,0xFF,0x7F,0xFF,0x7F,0xFF,0x7F,0xFF,0x7F,
	0xFF,0x7F,0xFF,0x7F,0xFF,0x7F,0xFF,0x7F,0xFF,0x7F,0xFF,0x7F,0xFF,0x7F,0xFF,0x7F,

	0xFF,0x7F,0xFF,0x7F,0xFF,0x7F,0xFF,0x7F,0xFF,0x7F,0xFF,0x7F,0xFF,0x7F,0xFF,0x7F,
	0xFF,0x7F,0xFF,0x7F,0xFF,0x7F,0xFF,0x7F,0xFF,0x7F,0xFF,0x7F,0xFF,0x7F,0xFF,0x7F,
	0xFF,0x7F,0xFF,0x7F,0xFF,0x7F,0xFF,0x7F,0xFF,0x7F,0xFF,0x7F,0xFF,0x7F,0xFF,0x7F,
	0xB5,0x56,0xFF,0x7F,0xFF,0x7F,0xFF,0x7F,0xFF,0x7F,0xFF,0x7F,0xFF,0x7F,0xFF,0x7F,
	0xFF,0x7F,0xFF,0x7F,0xFF,0x7F,0xFF,0x7F,0xFF,0x7F,0xFF,0x7F,0xFF,0x7F,0xFF,0x7F,
	0xFF,0x7F,0xFF,0x7F,0xFF,0x7F,0xFF,0x7F,0xFF,0x7F,0xFF,0x7F,0xFF,0x7F,0xFF,0x7F,
	0xFF,0x7F,0xFF,0x7F,0xFF,0x7F,0xFF,0x7F,0xFF,0x7F,0xFF,0x7F,0xFF,0x7F,0xFF,0x7F,
	0xFF,0x7F,0xFF,0x7F,0xFF,0x7F,0xFF,0x7F,0xFF,0x7F,0xFF,0x7F,0xFF,0x7F,0xFF,0x7F,

	0xFF,0x7F,0xFF,0x7F,0xFF,0x7F,0xFF,0x7F,0xFF,0x7F,0xFF,0x7F,0xFF,0x7F,0xFF,0x7F,
	0xB5,0x56,0xFF,0x7F,0xFF,0x7F,0xFF,0x7F,0xFF,0x7F,0xFF,0x7F,0xFF,0x7F,0xFF,0x7F,
	0xFF,0x7F,0xFF,0x7F,0xFF,0x7F,0xFF,0x7F,0xFF,0x7F,0xFF,0x7F,0xFF,0x7F,0xFF,0x7F,
	0xFF,0x7F,0xFF,0x7F,0xFF,0x7F,0xFF,0x7F,0xFF,0x7F,0xFF,0x7F,0xFF,0x7F,0xFF,0x7F,
	0x9C,0x73,0x9C,0x73,0x9C,0x73,0x9C,0x73,0x9C,0x73,0x9C,0x73,0x9C,0x73,0x9C,0x73,
	0x9C,0x73,0x9C,0x73,0x9C,0x73,0x9C,0x73,0x9C,0x73,0x9C,0x73,0x9C,0x73,0x9C,0x73,
	0x9C,0x73,0x9C,0x73,0x9C,0x73,0x9C,0x73,0x9C,0x73,0x9C,0x73,0x9C,0x73,0x9C,0x73,
	0xB5,0x56,0x9C,0x73,0x9C,0x73,0x9C,0x73,0x9C,0x73,0x9C,0x73,0x9C,0x73,0x9C,0x73,

	0x9C,0x73,0x9C,0x73,0x9C,0x73,0x9C,0x73,0x9C,0x73,0x9C,0x73,0x9C,0x73,0x9C,0x73,
	0x9C,0x73,0x9C,0x73,0x9C,0x73,0x9C,0x73,0x9C,0x73,0x9C,0x73,0x9C,0x73,0x9C,0x73,
	0x9C,0x73,0x9C,0x73,0x9C,0x73,0x9C,0x73,0x9C,0x73,0x9C,0x73,0x9C,0x73,0x9C,0x73,
	0x9C,0x73,0x9C,0x73,0x9C,0x73,0x9C,0x73,0x9C,0x73,0x9C,0x73,0x9C,0x73,0x9C,0x73,
	0x9C,0x73,0x9C,0x73,0x9C,0x73,0x9C,0x73,0x9C,0x73,0x9C,0x73,0x9C,0x73,0x9C,0x73,
	0xB5,0x56,0x9C,0x73,0x9C,0x73,0x9C,0x73,0x9C,0x73,0x9C,0x73,0x9C,0x73,0x9C,0x73,
	0x9C,0x73,0x9C,0x73,0x9C,0x73,0x9C,0x73,0x9C,0x73,0x9C,0x73,0x9C,0x73,0x9C,0x73,
	0x9C,0x73,0x9C,0x73,0x9C,0x73,0x9C,0x73,0x9C,0x73,0x9C,0x73,0x9C,0x73,0x9C,0x73,

	0x9C,0x73,0x9C,0x73,0x9C,0x73,0x9C,0x73,0x9C,0x73,0x9C,0x73,0x9C,0x73,0x9C,0x73,
	0x9C,0x73,0x9C,0x73,0x9C,0x73,0x9C,0x73,0x9C,0x73,0x9C,0x73,0x9C,0x73,0x9C,0x73,
	0x9C,0x73,0x9C,0x73,0x9C,0x73,0x9C,0x73,0x9C,0x73,0x9C,0x73,0x9C,0x73,0x9C,0x73,
	0xB5,0x56,0x9C,0x73,0x9C,0x73,0x9C,0x73,0x9C,0x73,0x9C,0x73,0x9C,0x73,0x9C,0x73,
	0x9C,0x73,0x9C,0x73,0x9C,0x73,0x9C,0x73,0x9C,0x73,0x9C,0x73,0x9C,0x73,0x9C,0x73,
	0x9C,0x73,0x9C,0x73,0x9C,0x73,0x9C,0x73,0x9C,0x73,0x9C,0x73,0x9C,0x73,0x9C,0x73,
	0x9C,0x73,0x9C,0x73,0x9C,0x73,0x9C,0x73,0x9C,0x73,0x9C,0x73,0x9C,0x73,0x9C,0x73,
	0x9C,0x73,0x9C,0x73,0x9C,0x73,0x9C,0x73,0x9C,0x73,0x9C,0x73,0x9C,0x73,0x9C,0x73,

	0x9C,0x73,0x9C,0x73,0x9C,0x73,0x9C,0x73,0x9C,0x73,0x9C,0x73,0x9C,0x73,0x9C,0x73,
	0xB5,0x56,0x9C,0x73,0x9C,0x73,0x9C,0x73,0x9C,0x73,0x9C,0x73,0x9C,0x73,0x9C,0x73,
	0x9C,0x73,0x9C,0x73,0x9C,0x73,0x9C,0x73,0x9C,0x73,0x9C,0x73,0x9C,0x73,0x9C,0x73,
	0x9C,0x73,0x9C,0x73,0x9C,0x73,0x9C,0x73,0x9C,0x73,0x9C,0x73,0x9C,0x73,0x9C,0x73,
	0x9C,0x73,0x9C,0x73,0x9C,0x73,0x9C,0x73,0x9C,0x73,0x9C,0x73,0x9C,0x73,0x9C,0x73,
	0x9C,0x73,0x9C,0x73,0x9C,0x73,0x9C,0x73,0x9C,0x73,0x9C,0x73,0x9C,0x73,0x9C,0x73,
	0x9C,0x73,0x9C,0x73,0x9C,0x73,0x9C,0x73,0x9C,0x73,0x9C,0x73,0x9C,0x73,0x9C,0x73,
	0xB5,0x56,0x9C,0x73,0x9C,0x73,0x9C,0x73,0x9C,0x73,0x9C,0x73,0x9C,0x73,0x9C,0x73,

	0x9C,0x73,0x9C,0x73,0x9C,0x73,0x9C,0x73,0x9C,0x73,0x9C,0x73,0x9C,0x73,0x9C,0x73,
	0x9C,0x73,0x9C,0x73,0x9C,0x73,0x9C,0x73,0x9C,0x73,0x9C,0x73,0x9C,0x73,0x9C,0x73,
	0xFF,0x7F,0xFF,0x7F,0xFF,0x7F,0xFF,0x7F,0xFF,0x7F,0xFF,0x7F,0xFF,0x7F,0xFF,0x7F,
	0xFF,0x7F,0xFF,0x7F,0xFF,0x7F,0xFF,0x7F,0xFF,0x7F,0xFF,0x7F,0xFF,0x7F,0xFF,0x7F,
	0xFF,0x7F,0xFF,0x7F,0xFF,0x7F,0xFF,0x7F,0xFF,0x7F,0xFF,0x7F,0xFF,0x7F,0xFF,0x7F,
	0xB5,0x56,0xFF,0x7F,0xFF,0x7F,0xFF,0x7F,0xFF,0x7F,0xFF,0x7F,0xFF,0x7F,0xFF,0x7F,
	0xFF,0x7F,0xFF,0x7F,0xFF,0x7F,0xFF,0x7F,0xFF,0x7F,0xFF,0x7F,0xFF,0x7F,0xFF,0x7F,
	0xFF,0x7F,0xFF,0x7F,0xFF,0x7F,0xFF,0x7F,0xFF,0x7F,0xFF,0x7F,0xFF,0x7F,0xFF,0x7F,

	0xFF,0x7F,0xFF,0x7F,0xFF,0x7F,0xFF,0x7F,0xFF,0x7F,0xFF,0x7F,0xFF,0x7F,0xFF,0x7F,
	0xFF,0x7F,0xFF,0x7F,0xFF,0x7F,0xFF,0x7F,0xFF,0x7F,0xFF,0x7F,0xFF,0x7F,0xFF,0x7F,
	0xFF,0x7F,0xFF,0x7F,0xFF,0x7F,0xFF,0x7F,0xFF,0x7F,0xFF,0x7F,0xFF,0x7F,0xFF,0x7F,
	0xB5,0x56,0xFF,0x7F,0xFF,0x7F,0xFF,0x7F,0xFF,0x7F,0xFF,0x7F,0xFF,0x7F,0xFF,0x7F,
	0xFF,0x7F,0xFF,0x7F,0xFF,0x7F,0xFF,0x7F,0xFF,0x7F,0xFF,0x7F,0xFF,0x7F,0xFF,0x7F,
	0xFF,0x7F,0xFF,0x7F,0xFF,0x7F,0xFF,0x7F,0xFF,0x7F,0xFF,0x7F,0xFF,0x7F,0xFF,0x7F,
	0xFF,0x7F,0xFF,0x7F,0xFF,0x7F,0xFF,0x7F,0xFF,0x7F,0xFF,0x7F,0xFF,0x7F,0xFF,0x7F,
	0xFF,0x7F,0xFF,0x7F,0xFF,0x7F,0xFF,0x7F,0xFF,0x7F,0xFF,0x7F,0xFF,0x7F,0xFF,0x7F,

	0xFF,0x7F,0xFF,0x7F,0xFF,0x7F,0xFF,0x7F,0xFF,0x7F,0xFF,0x7F,0xFF,0x7F,0xFF,0x7F,
	0xB5,0x56,0xFF,0x7F,0xFF,0x7F,0xFF,0x7F,0xFF,0x7F,0xFF,0x7F,0xFF,0x7F,0xFF,0x7F,
	0xFF,0x7F,0xFF,0x7F,0xFF,0x7F,0xFF,0x7F,0xFF,0x7F,0xFF,0x7F,0xFF,0x7F,0xFF,0x7F,
	0xFF,0x7F,0xFF,0x7F,0xFF,0x7F,0xFF,0x7F,0xFF,0x7F,0xFF,0x7F,0xFF,0x7F,0xFF,0x7F,
	0xFF,0x7F,0xFF,0x7F,0xFF,0x7F,0xFF,0x7F,0xFF,0x7F,0xFF,0x7F,0xFF,0x7F,0xFF,0x7F,
	0xFF,0x7F,0xFF,0x7F,0xFF,0x7F,0xFF,0x7F,0xFF,0x7F,0xFF,0x7F,0xFF,0x7F,0xFF,0x7F,
	0xFF,0x7F,0xFF,0x7F,0xFF,0x7F,0xFF,0x7F,0xFF,0x7F,0xFF,0x7F,0xFF,0x7F,0xFF,0x7F,
	0xB5,0x56,0xFF,0x7F,0xFF,0x7F,0xFF,0x7F,0xFF,0x7F,0xFF,0x7F,0xFF,0x7F,0xFF,0x7F,

	0xFF,0x7F,0xFF,0x7F,0xFF,0x7F,0xFF,0x7F,0xFF,0x7F,0xFF,0x7F,0xFF,0x7F,0xFF,0x7F,
	0xFF,0x7F,0xFF,0x7F,0xFF,0x7F,0xFF,0x7F,0xFF,0x7F,0xFF,0x7F,0xFF,0x7F,0xFF,0x7F,
	0xFF,0x7F,0xFF,0x7F,0xFF,0x7F,0xFF,0x7F,0xFF,0x7F,0xFF,0x7F,0xFF,0x7F,0xFF,0x7F,
	0xFF,0x7F,0xFF,0x7F,0xFF,0x7F,0xFF,0x7F,0xFF,0x7F,0xFF,0x7F,0xFF,0x7F,0xFF,0x7F,
	0xFF,0x7F,0xFF,0x7F,0xFF,0x7F,0xFF,0x7F,0xFF,0x7F,0xFF,0x7F,0xFF,0x7F,0xFF,0x7F,
	0xB5,0x56,0xFF,0x7F,0xFF,0x7F,0xFF,0x7F,0xFF,0x7F,0xFF,0x7F,0xFF,0x7F,0xFF,0x7F,
	0xFF,0x7F,0xFF,0x7F,0xFF,0x7F,0xFF,0x7F,0xFF,0x7F,0xFF,0x7F,0xFF,0x7F,0xFF,0x7F,
	0xFF,0x7F,0xFF,0x7F,0xFF,0x7F,0xFF,0x7F,0xFF,0x7F,0xFF,0x7F,0xFF,0x7F,0xFF,0x7F,

	0x9C,0x73,0x9C,0x73,0x9C,0x73,0x9C,0x73,0x9C,0x73,0x9C,0x73,0x9C,0x73,0x9C,0x73,
	0x9C,0x73,0x9C,0x73,0x9C,0x73,0x9C,0x73,0x9C,0x73,0x9C,0x73,0x9C,0x73,0x9C,0x73,
	0x9C,0x73,0x9C,0x73,0x9C,0x73,0x9C,0x73,0x9C,0x73,0x9C,0x73,0x9C,0x73,0x9C,0x73,
	0xB5,0x56,0x9C,0x73,0x9C,0x73,0x9C,0x73,0x9C,0x73,0x9C,0x73,0x9C,0x73,0x9C,0x73,
	0x9C,0x73,0x9C,0x73,0x9C,0x73,0x9C,0x73,0x9C,0x73,0x9C,0x73,0x9C,0x73,0x9C,0x73,
	0x9C,0x73,0x9C,0x73,0x9C,0x73,0x9C,0x73,0x9C,0x73,0x9C,0x73,0x9C,0x73,0x9C,0x73,
	0x9C,0x73,0x9C,0x73,0x9C,0x73,0x9C,0x73,0x9C,0x73,0x9C,0x73,0x9C,0x73,0x9C,0x73,
	0x9C,0x73,0x9C,0x73,0x9C,0x73,0x9C,0x73,0x9C,0x73,0x9C,0x73,0x9C,0x73,0x9C,0x73,

	0x9C,0x73,0x9C,0x73,0x9C,0x73,0x9C,0x73,0x9C,0x73,0x9C,0x73,0x9C,0x73,0x9C,0x73,
	0xB5,0x56,0x9C,0x73,0x9C,0x73,0x9C,0x73,0x9C,0x73,0x9C,0x73,0x9C,0x73,0x9C,0x73,
	0x9C,0x73,0x9C,0x73,0x9C,0x73,0x9C,0x73,0x9C,0x73,0x9C,0x73,0x9C,0x73,0x9C,0x73,
	0x9C,0x73,0x9C,0x73,0x9C,0x73,0x9C,0x73,0x9C,0x73,0x9C,0x73,0x9C,0x73,0x9C,0x73,
	0x9C,0x73,0x9C,0x73,0x9C,0x73,0x9C,0x73,0x9C,0x73,0x9C,0x73,0x9C,0x73,0x9C,0x73,
	0x9C,0x73,0x9C,0x73,0x9C,0x73,0x9C,0x73,0x9C,0x73,0x9C,0x73,0x9C,0x73,0x9C,0x73,
	0x9C,0x73,0x9C,0x73,0x9C,0x73,0x9C,0x73,0x9C,0x73,0x9C,0x73,0x9C,0x73,0x9C,0x73,
	0xB5,0x56,0x9C,0x73,0x9C,0x73,0x9C,0x73,0x9C,0x73,0x9C,0x73,0x9C,0x73,0x9C,0x73,

	0x9C,0x73,0x9C,0x73,0x9C,0x73,0x9C,0x73,0x9C,0x73,0x9C,0x73,0x9C,0x73,0x9C,0x73,
	0x9C,0x73,0x9C,0x73,0x9C,0x73,0x9C,0x73,0x9C,0x73,0x9C,0x73,0x9C,0x73,0x9C,0x73,
	0x9C,0x73,0x9C,0x73,0x9C,0x73,0x9C,0x73,0x9C,0x73,0x9C,0x73,0x9C,0x73,0x9C,0x73,
	0x9C,0x73,0x9C,0x73,0x9C,0x73,0x9C,0x73,0x9C,0x73,0x9C,0x73,0x9C,0x73,0x9C,0x73,
	0x9C,0x73,0x9C,0x73,0x9C,0x73,0x9C,0x73,0x9C,0x73,0x9C,0x73,0x9C,0x73,0x9C,0x73,
	0xB5,0x56,0x9C,0x73,0x9C,0x73,0x9C,0x73,0x9C,0x73,0x9C,0x73,0x9C,0x73,0x9C,0x73,
	0x9C,0x73,0x9C,0x73,0x9C,0x73,0x9C,0x73,0x9C,0x73,0x9C,0x73,0x9C,0x73,0x9C,0x73,
	0x9C,0x73,0x9C,0x73,0x9C,0x73,0x9C,0x73,0x9C,0x73,0x9C,0x73,0x9C,0x73,0x9C,0x73,

	0x9C,0x73,0x9C,0x73,0x9C,0x73,0x9C,0x73,0x9C,0x73,0x9C,0x73,0x9C,0x73,0x9C,0x73,
	0x9C,0x73,0x9C,0x73,0x9C,0x73,0x9C,0x73,0x9C,0x73,0x9C,0x73,0x9C,0x73,0x9C,0x73,
	0x9C,0x73,0x9C,0x73,0x9C,0x73,0x9C,0x73,0x9C,0x73,0x9C,0x73,0x9C,0x73,0x9C,0x73,
	0xB5,0x56,0x9C,0x73,0x9C,0x73,0x9C,0x73,0x9C,0x73,0x9C,0x73,0x9C,0x73,0x9C,0x73,
	0x9C,0x73,0x9C,0x73,0x9C,0x73,0x9C,0x73,0x9C,0x73,0x9C,0x73,0x9C,0x73,0x9C,0x73,
	0x9C,0x73,0x9C,0x73,0x9C,0x73,0x9C,0x73,0x9C,0x73,0x9C,0x73,0x9C,0x73,0x9C,0x73,
	0xFF,0x7F,0xFF,0x7F,0xFF,0x7F,0xFF,0x7F,0xFF,0x7F,0xFF,0x7F,0xFF,0x7F,0xFF,0x7F,
	0xFF,0x7F,0xFF,0x7F,0xFF,0x7F,0xFF,0x7F,0xFF,0x7F,0xFF,0x7F,0xFF,0x7F,0xFF,0x7F,

	0xFF,0x7F,0xFF,0x7F,0xFF,0x7F,0xFF,0x7F,0xFF,0x7F,0xFF,0x7F,0xFF,0x7F,0xFF,0x7F,
	0xB5,0x56,0xFF,0x7F,0xFF,0x7F,0xFF,0x7F,0xFF,0x7F,0xFF,0x7F,0xFF,0x7F,0xFF,0x7F,
	0xFF,0x7F,0xFF,0x7F,0xFF,0x7F,0xFF,0x7F,0xFF,0x7F,0xFF,0x7F,0xFF,0x7F,0xFF,0x7F,
	0xFF,0x7F,0xFF,0x7F,0xFF,0x7F,0xFF,0x7F,0xFF,0x7F,0xFF,0x7F,0xFF,0x7F,0xFF,0x7F,
	0xFF,0x7F,0xFF,0x7F,0xFF,0x7F,0xFF,0x7F,0xFF,0x7F,0xFF,0x7F,0xFF,0x7F,0xFF,0x7F,
	0xFF,0x7F,0xFF,0x7F,0xFF,0x7F,0xFF,0x7F,0xFF,0x7F,0xFF,0x7F,0xFF,0x7F,0xFF,0x7F,
	0xFF,0x7F,0xFF,0x7F,0xFF,0x7F,0xFF,0x7F,0xFF,0x7F,0xFF,0x7F,0xFF,0x7F,0xFF,0x7F,
	0xB5,0x56,0xFF,0x7F,0xFF,0x7F,0xFF,0x7F,0xFF,0x7F,0xFF,0x7F,0xFF,0x7F,0xFF,0x7F,

	0xFF,0x7F,0xFF,0x7F,0xFF,0x7F,0xFF,0x7F,0xFF,0x7F,0xFF,0x7F,0xFF,0x7F,0xFF,0x7F,
	0xFF,0x7F,0xFF,0x7F,0xFF,0x7F,0xFF,0x7F,0xFF,0x7F,0xFF,0x7F,0xFF,0x7F,0xFF,0x7F,
	0xFF,0x7F,0xFF,0x7F,0xFF,0x7F,0xFF,0x7F,0xFF,0x7F,0xFF,0x7F,0xFF,0x7F,0xFF,0x7F,
	0xFF,0x7F,0xFF,0x7F,0xFF,0x7F,0xFF,0x7F,0xFF,0x7F,0xFF,0x7F,0xFF,0x7F,0xFF,0x7F,
	0xFF,0x7F,0xFF,0x7F,0xFF,0x7F,0xFF,0x7F,0xFF,0x7F,0xFF,0x7F,0xFF,0x7F,0xFF,0x7F,
	0xB5,0x56,0xFF,0x7F,0xFF,0x7F,0xFF,0x7F,0xFF,0x7F,0xFF,0x7F,0xFF,0x7F,0xFF,0x7F,
	0xFF,0x7F,0xFF,0x7F,0xFF,0x7F,0xFF,0x7F,0xFF,0x7F,0xFF,0x7F,0xFF,0x7F,0xFF,0x7F,
	0xFF,0x7F,0xFF,0x7F,0xFF,0x7F,0xFF,0x7F,0xFF,0x7F,0xFF,0x7F,0xFF,0x7F,0xFF,0x7F,

	0xFF,0x7F,0xFF,0x7F,0xFF,0x7F,0xFF,0x7F,0xFF,0x7F,0xFF,0x7F,0xFF,0x7F,0xFF,0x7F,
	0xFF,0x7F,0xFF,0x7F,0xFF,0x7F,0xFF,0x7F,0xFF,0x7F,0xFF,0x7F,0xFF,0x7F,0xFF,0x7F,
	0xFF,0x7F,0xFF,0x7F,0xFF,0x7F,0xFF,0x7F,0xFF,0x7F,0xFF,0x7F,0xFF,0x7F,0xFF,0x7F,
	0xB5,0x56,0xFF,0x7F,0xFF,0x7F,0xFF,0x7F,0xFF,0x7F,0xFF,0x7F,0xFF,0x7F,0xFF,0x7F,
	0xFF,0x7F,0xFF,0x7F,0xFF,0x7F,0xFF,0x7F,0xFF,0x7F,0xFF,0x7F,0xFF,0x7F,0xFF,0x7F,
	0xFF,0x7F,0xFF,0x7F,0xFF,0x7F,0xFF,0x7F,0xFF,0x7F,0xFF,0x7F,0xFF,0x7F,0xFF,0x7F,
	0xFF,0x7F,0xFF,0x7F,0xFF,0x7F,0xFF,0x7F,0xFF,0x7F,0xFF,0x7F,0xFF,0x7F,0xFF,0x7F,
	0xFF,0x7F,0xFF,0x7F,0xFF,0x7F,0xFF,0x7F,0xFF,0x7F,0xFF,0x7F,0xFF,0x7F,0xFF,0x7F,

	0xFF,0x7F,0xFF,0x7F,0xFF,0x7F,0xFF,0x7F,0xFF,0x7F,0xFF,0x7F,0xFF,0x7F,0xFF,0x7F,
	0xB5,0x56,0xFF,0x7F,0xFF,0x7F,0xFF,0x7F,0xFF,0x7F,0xFF,0x7F,0xFF,0x7F,0xFF,0x7F,
	0xFF,0x7F,0xFF,0x7F,0xFF,0x7F,0xFF,0x7F,0xFF,0x7F,0xFF,0x7F,0xFF,0x7F,0xFF,0x7F,
	0xFF,0x7F,0xFF,0x7F,0xFF,0x7F,0xFF,0x7F,0xFF,0x7F,0xFF,0x7F,0xFF,0x7F,0xFF,0x7F,
	0x9C,0x73,0x9C,0x73,0x9C,0x73,0x9C,0x73,0x9C,0x73,0x9C,0x73,0x9C,0x73,0x9C,0x73,
	0x9C,0x73,0x9C,0x73,0x9C,0x73,0x9C,0x73,0x9C,0x73,0x9C,0x73,0x9C,0x73,0x9C,0x73,
	0x9C,0x73,0x9C,0x73,0x9C,0x73,0x9C,0x73,0x9C,0x73,0x9C,0x73,0x9C,0x73,0x9C,0x73,
	0xB5,0x56,0x9C,0x73,0x9C,0x73,0x9C,0x73,0x9C,0x73,0x9C,0x73,0x9C,0x73,0x9C,0x73,

	0x9C,0x73,0x9C,0x73,0x9C,0x73,0x9C,0x73,0x9C,0x73,0x9C,0x73,0x9C,0x73,0x9C,0x73,
	0x9C,0x73,0x9C,0x73,0x9C,0x73,0x9C,0x73,0x9C,0x73,0x9C,0x73,0x9C,0x73,0x9C,0x73,
	0x9C,0x73,0x9C,0x73,0x9C,0x73,0x9C,0x73,0x9C,0x73,0x9C,0x73,0x9C,0x73,0x9C,0x73,
	0x9C,0x73,0x9C,0x73,0x9C,0x73,0x9C,0x73,0x9C,0x73,0x9C,0x73,0x9C,0x73,0x9C,0x73,
	0x9C,0x73,0x9C,0x73,0x9C,0x73,0x9C,0x73,0x9C,0x73,0x9C,0x73,0x9C,0x73,0x9C,0x73,
	0xB5,0x56,0x9C,0x73,0x9C,0x73,0x9C,0x73,0x9C,0x73,0x9C,0x73,0x9C,0x73,0x9C,0x73,
	0x9C,0x73,0x9C,0x73,0x9C,0x73,0x9C,0x73,0x9C,0x73,0x9C,0x73,0x9C,0x73,0x9C,0x73,
	0x9C,0x73,0x9C,0x73,0x9C,0x73,0x9C,0x73,0x9C,0x73,0x9C,0x73,0x9C,0x73,0x9C,0x73,

	0x9C,0x73,0x9C,0x73,0x9C,0x73,0x9C,0x73,0x9C,0x73,0x9C,0x73,0x9C,0x73,0x9C,0x73,
	0x9C,0x73,0x9C,0x73,0x9C,0x73,0x9C,0x73,0x9C,0x73,0x9C,0x73,0x9C,0x73,0x9C,0x73,
	0x9C,0x73,0x9C,0x73,0x9C,0x73,0x9C,0x73,0x9C,0x73,0x9C,0x73,0x9C,0x73,0x9C,0x73,
	0xB5,0x56,0x9C,0x73,0x9C,0x73,0x9C,0x73,0x9C,0x73,0x9C,0x73,0x9C,0x73,0x9C,0x73,
	0x9C,0x73,0x9C,0x73,0x9C,0x73,0x9C,0x73,0x9C,0x73,0x9C,0x73,0x9C,0x73,0x9C,0x73,
	0x9C,0x73,0x9C,0x73,0x9C,0x73,0x9C,0x73,0x9C,0x73,0x9C,0x73,0x9C,0x73,0x9C,0x73,
	0x9C,0x73,0x9C,0x73,0x9C,0x73,0x9C,0x73,0x9C,0x73,0x9C,0x73,0x9C,0x73,0x9C,0x73,
	0x9C,0x73,0x9C,0x73,0x9C,0x73,0x9C,0x73,0x9C,0x73,0x9C,0x73,0x9C,0x73,0x9C,0x73,

	0x9C,0x73,0x9C,0x73,0x9C,0x73,0x9C,0x73,0x9C,0x73,0x9C,0x73,0x9C,0x73,0x9C,0x73,
	0xB5,0x56,0x9C,0x73,0x9C,0x73,0x9C,0x73,0x9C,0x73,0x9C,0x73,0x9C,0x73,0x9C,0x73,
	0x9C,0x73,0x9C,0x73,0x9C,0x73,0x9C,0x73,0x9C,0x73,0x9C,0x73,0x9C,0x73,0x9C,0x73,
	0x9C,0x73,0x9C,0x73,0x9C,0x73,0x9C,0x73,0x9C,0x73,0x9C,0x73,0x9C,0x73,0x9C,0x73,
	0x9C,0x73,0x9C,0x73,0x9C,0x73,0x9C,0x73,0x9C,0x73,0x9C,0x73,0x9C,0x73,0x9C,0x73,
	0x9C,0x73,0x9C,0x73,0x9C,0x73,0x9C,0x73,0x9C,0x73,0x9C,0x73,0x9C,0x73,0x9C,0x73,
	0x9C,0x73,0x9C,0x73,0x9C,0x73,0x9C,0x73,0x9C,0x73,0x9C,0x73,0x9C,0x73,0x9C,0x73,
	0xB5,0x56,0x9C,0x73,0x9C,0x73,0x9C,0x73,0x9C,0x73,0x9C,0x73,0x9C,0x73,0x9C,0x73,

	0x9C,0x73,0x9C,0x73,0x9C,0x73,0x9C,0x73,0x9C,0x73,0x9C,0x73,0x9C,0x73,0x9C,0x73,
	0x9C,0x73,0x9C,0x73,0x9C,0x73,0x9C,0x73,0x9C,0x73,0x9C,0x73,0x9C,0x73,0x9C,0x73,
	0xFF,0x7F,0xFF,0x7F,0xFF,0x7F,0xFF,0x7F,0xFF,0x7F,0xFF,0x7F,0xFF,0x7F,0xFF,0x7F,
	0xFF,0x7F,0xFF,0x7F,0xFF,0x7F,0xFF,0x7F,0xFF,0x7F,0xFF,0x7F,0xFF,0x7F,0xFF,0x7F,
	0xFF,0x7F,0xFF,0x7F,0xFF,0x7F,0xFF,0x7F,0xFF,0x7F,0xFF,0x7F,0xFF,0x7F,0xFF,0x7F,
	0xB5,0x56,0xFF,0x7F,0xFF,0x7F,0xFF,0x7F,0xFF,0x7F,0xFF,0x7F,0xFF,0x7F,0xFF,0x7F,
	0xFF,0x7F,0xFF,0x7F,0xFF,0x7F,0xFF,0x7F,0xFF,0x7F,0xFF,0x7F,0xFF,0x7F,0xFF,0x7F,
	0xFF,0x7F,0xFF,0x7F,0xFF,0x7F,0xFF,0x7F,0xFF,0x7F,0xFF,0x7F,0xFF,0x7F,0xFF,0x7F,

	0xFF,0x7F,0xFF,0x7F,0xFF,0x7F,0xFF,0x7F,0xFF,0x7F,0xFF,0x7F,0xFF,0x7F,0xFF,0x7F,
	0xFF,0x7F,0xFF,0x7F,0xFF,0x7F,0xFF,0x7F,0xFF,0x7F,0xFF,0x7F,0xFF,0x7F,0xFF,0x7F,
	0xFF,0x7F,0xFF,0x7F,0xFF,0x7F,0xFF,0x7F,0xFF,0x7F,0xFF,0x7F,0xFF,0x7F,0xFF,0x7F,
	0xB5,0x56,0xFF,0x7F,0xFF,0x7F,0xFF,0x7F,0xFF,0x7F,0xFF,0x7F,0xFF,0x7F,0xFF,0x7F,
	0xFF,0x7F,0xFF,0x7F,0xFF,0x7F,0xFF,0x7F,0xFF,0x7F,0xFF,0x7F,0xFF,0x7F,0xFF,0x7F,
	0xFF,0x7F,0xFF,0x7F,0xFF,0x7F,0xFF,0x7F,0xFF,0x7F,0xFF,0x7F,0xFF,0x7F,0xFF,0x7F,
	0xFF,0x7F,0xFF,0x7F,0xFF,0x7F,0xFF,0x7F,0xFF,0x7F,0xFF,0x7F,0xFF,0x7F,0xFF,0x7F,
	0xFF,0x7F,0xFF,0x7F,0xFF,0x7F,0xFF,0x7F,0xFF,0x7F,0xFF,0x7F,0xFF,0x7F,0xFF,0x7F,

	0xFF,0x7F,0xFF,0x7F,0xFF,0x7F,0xFF,0x7F,0xFF,0x7F,0xFF,0x7F,0xFF,0x7F,0xFF,0x7F,
	0xB5,0x56,0xFF,0x7F,0xFF,0x7F,0xFF,0x7F,0xFF,0x7F,0xFF,0x7F,0xFF,0x7F,0xFF,0x7F,
	0xFF,0x7F,0xFF,0x7F,0xFF,0x7F,0xFF,0x7F,0xFF,0x7F,0xFF,0x7F,0xFF,0x7F,0xFF,0x7F,
	0xFF,0x7F,0xFF,0x7F,0xFF,0x7F,0xFF,0x7F,0xFF,0x7F,0xFF,0x7F,0xFF,0x7F,0xFF,0x7F,
	0xFF,0x7F,0xFF,0x7F,0xFF,0x7F,0xFF,0x7F,0xFF,0x7F,0xFF,0x7F,0xFF,0x7F,0xFF,0x7F,
	0xFF,0x7F,0xFF,0x7F,0xFF,0x7F,0xFF,0x7F,0xFF,0x7F,0xFF,0x7F,0xFF,0x7F,0xFF,0x7F,
	0xFF,0x7F,0xFF,0x7F,0xFF,0x7F,0xFF,0x7F,0xFF,0x7F,0xFF,0x7F,0xFF,0x7F,0xFF,0x7F,
	0xB5,0x56,0xFF,0x7F,0xFF,0x7F,0xFF,0x7F,0xFF,0x7F,0xFF,0x7F,0xFF,0x7F,0xFF,0x7F,

	0xFF,0x7F,0xFF,0x7F,0xFF,0x7F,0xFF,0x7F,0xFF,0x7F,0xFF,0x7F,0xFF,0x7F,0xFF,0x7F,
	0xFF,0x7F,0xFF,0x7F,0xFF,0x7F,0xFF,0x7F,0xFF,0x7F,0xFF,0x7F,0xFF,0x7F,0xFF,0x7F,
	0xFF,0x7F,0xFF,0x7F,0xFF,0x7F,0xFF,0x7F,0xFF,0x7F,0xFF,0x7F,0xFF,0x7F,0xFF,0x7F,
	0xFF,0x7F,0xFF,0x7F,0xFF,0x7F,0xFF,0x7F,0xFF,0x7F,0xFF,0x7F,0xFF,0x7F,0xFF,0x7F,
	0xFF,0x7F,0xFF,0x7F,0xFF,0x7F,0xFF,0x7F,0xFF,0x7F,0xFF,0x7F,0xFF,0x7F,0xFF,0x7F,
	0xB5,0x56,0xFF,0x7F,0xFF,0x7F,0xFF,0x7F,0xFF,0x7F,0xFF,0x7F,0xFF,0x7F,0xFF,0x7F,
	0xFF,0x7F,0xFF,0x7F,0xFF,0x7F,0xFF,0x7F,0xFF,0x7F,0xFF,0x7F,0xFF,0x7F,0xFF,0x7F,
	0xFF,0x7F,0xFF,0x7F,0xFF,0x7F,0xFF,0x7F,0xFF,0x7F,0xFF,0x7F,0xFF,0x7F,0xFF,0x7F,

	0x9C,0x73,0x9C,0x73,0x9C,0x73,0x9C,0x73,0x9C,0x73,0x9C,0x73,0x9C,0x73,0x9C,0x73,
	0x9C,0x73,0x9C,0x73,0x9C,0x73,0x9C,0x73,0x9C,0x73,0x9C,0x73,0x9C,0x73,0x9C,0x73,
	0x9C,0x73,0x9C,0x73,0x9C,0x73,0x9C,0x73,0x9C,0x73,0x9C,0x73,0x9C,0x73,0x9C,0x73,
	0xB5,0x56,0x9C,0x73,0x9C,0x73,0x9C,0x73,0x9C,0x73,0x9C,0x73,0x9C,0x73,0x9C,0x73,
	0x9C,0x73,0x9C,0x73,0x9C,0x73,0x9C,0x73,0x9C,0x73,0x9C,0x73,0x9C,0x73,0x9C,0x73,
	0x9C,0x73,0x9C,0x73,0x9C,0x73,0x9C,0x73,0x9C,0x73,0x9C,0x73,0x9C,0x73,0x9C,0x73,
	0x9C,0x73,0x9C,0x73,0x9C,0x73,0x9C,0x73,0x9C,0x73,0x9C,0x73,0x9C,0x73,0x9C,0x73,
	0x9C,0x73,0x9C,0x73,0x9C,0x73,0x9C,0x73,0x9C,0x73,0x9C,0x73,0x9C,0x73,0x9C,0x73,

	0x9C,0x73,0x9C,0x73,0x9C,0x73,0x9C,0x73,0x9C,0x73,0x9C,0x73,0x9C,0x73,0x9C,0x73,
	0xB5,0x56,0x9C,0x73,0x9C,0x73,0x9C,0x73,0x9C,0x73,0x9C,0x73,0x9C,0x73,0x9C,0x73,
	0x9C,0x73,0x9C,0x73,0x9C,0x73,0x9C,0x73,0x9C,0x73,0x9C,0x73,0x9C,0x73,0x9C,0x73,
	0x9C,0x73,0x9C,0x73,0x9C,0x73,0x9C,0x73,0x9C,0x73,0x9C,0x73,0x9C,0x73,0x9C,0x73,
	0x9C,0x73,0x9C,0x73,0x9C,0x73,0x9C,0x73,0x9C,0x73,0x9C,0x73,0x9C,0x73,0x9C,0x73,
	0x9C,0x73,0x9C,0x73,0x9C,0x73,0x9C,0x73,0x9C,0x73,0x9C,0x73,0x9C,0x73,0x9C,0x73,
	0x9C,0x73,0x9C,0x73,0x9C,0x73,0x9C,0x73,0x9C,0x73,0x9C,0x73,0x9C,0x73,0x9C,0x73,
	0xB5,0x56,0x9C,0x73,0x9C,0x73,0x9C,0x73,0x9C,0x73,0x9C,0x73,0x9C,0x73,0x9C,0x73,

	0x9C,0x73,0x9C,0x73,0x9C,0x73,0x9C,0x73,0x9C,0x73,0x9C,0x73,0x9C,0x73,0x9C,0x73,
	0x9C,0x73,0x9C,0x73,0x9C,0x73,0x9C,0x73,0x9C,0x73,0x9C,0x73,0x9C,0x73,0x9C,0x73,
	0x9C,0x73,0x9C,0x73,0x9C,0x73,0x9C,0x73,0x9C,0x73,0x9C,0x73,0x9C,0x73,0x9C,0x73,
	0x9C,0x73,0x9C,0x73,0x9C,0x73,0x9C,0x73,0x9C,0x73,0x9C,0x73,0x9C,0x73,0x9C,0x73,
	0x9C,0x73,0x9C,0x73,0x9C,0x73,0x9C,0x73,0x9C,0x73,0x9C,0x73,0x9C,0x73,0x9C,0x73,
	0xB5,0x56,0x9C,0x73,0x9C,0x73,0x9C,0x73,0x9C,0x73,0x9C,0x73,0x9C,0x73,0x9C,0x73,
	0x9C,0x73,0x9C,0x73,0x9C,0x73,0x9C,0x73,0x9C,0x73,0x9C,0x73,0x9C,0x73,0x9C,0x73,
	0x9C,0x73,0x9C,0x73,0x9C,0x73,0x9C,0x73,0x9C,0x73,0x9C,0x73,0x9C,0x73,0x9C,0x73,

	0x9C,0x73,0x9C,0x73,0x9C,0x73,0x9C,0x73,0x9C,0x73,0x9C,0x73,0x9C,0x73,0x9C,0x73,
	0x9C,0x73,0x9C,0x73,0x9C,0x73,0x9C,0x73,0x9C,0x73,0x9C,0x73,0x9C,0x73,0x9C,0x73,
	0x9C,0x73,0x9C,0x73,0x9C,0x73,0x9C,0x73,0x9C,0x73,0x9C,0x73,0x9C,0x73,0x9C,0x73,
	0xB5,0x56,0x9C,0x73,0x9C,0x73,0x9C,0x73,0x9C,0x73,0x9C,0x73,0x9C,0x73,0x9C,0x73,
	0x9C,0x73,0x9C,0x73,0x9C,0x73,0x9C,0x73,0x9C,0x73,0x9C,0x73,0x9C,0x73,0x9C,0x73,
	0x9C,0x73,0x9C,0x73,0x9C,0x73,0x9C,0x73,0x9C,0x73,0x9C,0x73,0x9C,0x73,0x9C,0x73,
	0xFF,0x7F,0xFF,0x7F,0xFF,0x7F,0xFF,0x7F,0xFF,0x7F,0xFF,0x7F,0xFF,0x7F,0xFF,0x7F,
	0xFF,0x7F,0xFF,0x7F,0xFF,0x7F,0xFF,0x7F,0xFF,0x7F,0xFF,0x7F,0xFF,0x7F,0xFF,0x7F,

	0xFF,0x7F,0xFF,0x7F,0xFF,0x7F,0xFF,0x7F,0xFF,0x7F,0xFF,0x7F,0xFF,0x7F,0xFF,0x7F,
	0xB5,0x56,0xFF,0x7F,0xFF,0x7F,0xFF,0x7F,0xFF,0x7F,0xFF,0x7F,0xFF,0x7F,0xFF,0x7F,
	0xFF,0x7F,0xFF,0x7F,0xFF,0x7F,0xFF,0x7F,0xFF,0x7F,0xFF,0x7F,0xFF,0x7F,0xFF,0x7F,
	0xFF,0x7F,0xFF,0x7F,0xFF,0x7F,0xFF,0x7F,0xFF,0x7F,0xFF,0x7F,0xFF,0x7F,0xFF,0x7F,
	0xFF,0x7F,0xFF,0x7F,0xFF,0x7F,0xFF,0x7F,0xFF,0x7F,0xFF,0x7F,0xFF,0x7F,0xFF,0x7F,
	0xFF,0x7F,0xFF,0x7F,0xFF,0x7F,0xFF,0x7F,0xFF,0x7F,0xFF,0x7F,0xFF,0x7F,0xFF,0x7F,
	0xFF,0x7F,0xFF,0x7F,0xFF,0x7F,0xFF,0x7F,0xFF,0x7F,0xFF,0x7F,0xFF,0x7F,0xFF,0x7F,
	0xB5,0x56,0xFF,0x7F,0xFF,0x7F,0xFF,0x7F,0xFF,0x7F,0xFF,0x7F,0xFF,0x7F,0xFF,0x7F,

	0xFF,0x7F,0xFF,0x7F,0xFF,0x7F,0xFF,0x7F,0xFF,0x7F,0xFF,0x7F,0xFF,0x7F,0xFF,0x7F,
	0xFF,0x7F,0xFF,0x7F,0xFF,0x7F,0xFF,0x7F,0xFF,0x7F,0xFF,0x7F,0xFF,0x7F,0xFF,0x7F,
	0xFF,0x7F,0xFF,0x7F,0xFF,0x7F,0xFF,0x7F,0xFF,0x7F,0xFF,0x7F,0xFF,0x7F,0xFF,0x7F,
	0xFF,0x7F,0xFF,0x7F,0xFF,0x7F,0xFF,0x7F,0xFF,0x7F,0xFF,0x7F,0xFF,0x7F,0xFF,0x7F,
	0xFF,0x7F,0xFF,0x7F,0xFF,0x7F,0xFF,0x7F,0xFF,0x7F,0xFF,0x7F,0xFF,0x7F,0xFF,0x7F,
	0xB5,0x56,0xFF,0x7F,0xFF,0x7F,0xFF,0x7F,0xFF,0x7F,0xFF,0x7F,0xFF,0x7F,0xFF,0x7F,
	0xFF,0x7F,0xFF,0x7F,0xFF,0x7F,0xFF,0x7F,0xFF,0x7F,0xFF,0x7F,0xFF,0x7F,0xFF,0x7F,
	0xFF,0x7F,0xFF,0x7F,0xFF,0x7F,0xFF,0x7F,0xFF,0x7F,0xFF,0x7F,0xFF,0x7F,0xFF,0x7F,

	0xFF,0x7F,0xFF,0x7F,0xFF,0x7F,0xFF,0x7F,0xFF,0x7F,0xFF,0x7F,0xFF,0x7F,0xFF,0x7F,
	0xFF,0x7F,0xFF,0x7F,0xFF,0x7F,0xFF,0x7F,0xFF,0x7F,0xFF,0x7F,0xFF,0x7F,0xFF,0x7F,
	0xFF,0x7F,0xFF,0x7F,0xFF,0x7F,0xFF,0x7F,0xFF,0x7F,0xFF,0x7F,0xFF,0x7F,0xFF,0x7F,
	0xB5,0x56,0xFF,0x7F,0xFF,0x7F,0xFF,0x7F,0xFF,0x7F,0xFF,0x7F,0xFF,0x7F,0xFF,0x7F,
	0xFF,0x7F,0xFF,0x7F,0xFF,0x7F,0xFF,0x7F,0xFF,0x7F,0xFF,0x7F,0xFF,0x7F,0xFF,0x7F,
	0xFF,0x7F,0xFF,0x7F,0xFF,0x7F,0xFF,0x7F,0xFF,0x7F,0xFF,0x7F,0xFF,0x7F,0xFF,0x7F,
	0xFF,0x7F,0xFF,0x7F,0xFF,0x7F,0xFF,0x7F,0xFF,0x7F,0xFF,0x7F,0xFF,0x7F,0xFF,0x7F,
	0xFF,0x7F,0xFF,0x7F,0xFF,0x7F,0xFF,0x7F,0xFF,0x7F,0xFF,0x7F,0xFF,0x7F,0xFF,0x7F,

	0xFF,0x7F,0xFF,0x7F,0xFF,0x7F,0xFF,0x7F,0xFF,0x7F,0xFF,0x7F,0xFF,0x7F,0xFF,0x7F,
	0xB5,0x56,0xFF,0x7F,0xFF,0x7F,0xFF,0x7F,0xFF,0x7F,0xFF,0x7F,0xFF,0x7F,0xFF,0x7F,
	0xFF,0x7F,0xFF,0x7F,0xFF,0x7F,0xFF,0x7F,0xFF,0x7F,0xFF,0x7F,0xFF,0x7F,0xFF,0x7F,
	0xFF,0x7F,0xFF,0x7F,0xFF,0x7F,0xFF,0x7F,0xFF,0x7F,0xFF,0x7F,0xFF,0x7F,0xFF,0x7F,
	0x9C,0x73,0x9C,0x73,0x9C,0x73,0x9C,0x73,0x9C,0x73,0x9C,0x73,0x9C,0x73,0x9C,0x73,
	0x9C,0x73,0x9C,0x73,0x9C,0x73,0x9C,0x73,0x9C,0x73,0x9C,0x73,0x9C,0x73,0x9C,0x73,
	0x9C,0x73,0x9C,0x73,0x9C,0x73,0x9C,0x73,0x9C,0x73,0x9C,0x73,0x9C,0x73,0x9C,0x73,
	0xB5,0x56,0x9C,0x73,0x9C,0x73,0x9C,0x73,0x9C,0x73,0x9C,0x73,0x9C,0x73,0x9C,0x73,

	0x9C,0x73,0x9C,0x73,0x9C,0x73,0x9C,0x73,0x9C,0x73,0x9C,0x73,0x9C,0x73,0x9C,0x73,
	0x9C,0x73,0x9C,0x73,0x9C,0x73,0x9C,0x73,0x9C,0x73,0x9C,0x73,0x9C,0x73,0x9C,0x73,
	0x9C,0x73,0x9C,0x73,0x9C,0x73,0x9C,0x73,0x9C,0x73,0x9C,0x73,0x9C,0x73,0x9C,0x73,
	0x9C,0x73,0x9C,0x73,0x9C,0x73,0x9C,0x73,0x9C,0x73,0x9C,0x73,0x9C,0x73,0x9C,0x73,
	0x9C,0x73,0x9C,0x73,0x9C,0x73,0x9C,0x73,0x9C,0x73,0x9C,0x73,0x9C,0x73,0x9C,0x73,
	0xB5,0x56,0x9C,0x73,0x9C,0x73,0x9C,0x73,0x9C,0x73,0x9C,0x73,0x9C,0x73,0x9C,0x73,
	0x9C,0x73,0x9C,0x73,0x9C,0x73,0x9C,0x73,0x9C,0x73,0x9C,0x73,0x9C,0x73,0x9C,0x73,
	0x9C,0x73,0x9C,0x73,0x9C,0x73,0x9C,0x73,0x9C,0x73,0x9C,0x73,0x9C,0x73,0x9C,0x73,

	0x9C,0x73,0x9C,0x73,0x9C,0x73,0x9C,0x73,0x9C,0x73,0x9C,0x73,0x9C,0x73,0x9C,0x73,
	0x9C,0x73,0x9C,0x73,0x9C,0x73,0x9C,0x73,0x9C,0x73,0x9C,0x73,0x9C,0x73,0x9C,0x73,
	0x9C,0x73,0x9C,0x73,0x9C,0x73,0x9C,0x73,0x9C,0x73,0x9C,0x73,0x9C,0x73,0x9C,0x73,
	0xB5,0x56,0x9C,0x73,0x9C,0x73,0x9C,0x73,0x9C,0x73,0x9C,0x73,0x9C,0x73,0x9C,0x73,
	0x9C,0x73,0x9C,0x73,0x9C,0x73,0x9C,0x73,0x9C,0x73,0x9C,0x73,0x9C,0x73,0x9C,0x73,
	0x9C,0x73,0x9C,0x73,0x9C,0x73,0x9C,0x73,0x9C,0x73,0x9C,0x73,0x9C,0x73,0x9C,0x73,
	0x9C,0x73,0x9C,0x73,0x9C,0x73,0x9C,0x73,0x9C,0x73,0x9C,0x73,0x9C,0x73,0x9C,0x73,
	0x9C,0x73,0x9C,0x73,0x9C,0x73,0x9C,0x73,0x9C,0x73,0x9C,0x73,0x9C,0x73,0x9C,0x73,

	0x9C,0x73,0x9C,0x73,0x9C,0x73,0x9C,0x73,0x9C,0x73,0x9C,0x73,0x9C,0x73,0x9C,0x73,
	0xB5,0x56,0x9C,0x73,0x9C,0x73,0x9C,0x73,0x9C,0x73,0x9C,0x73,0x9C,0x73,0x9C,0x73,
	0x9C,0x73,0x9C,0x73,0x9C,0x73,0x9C,0x73,0x9C,0x73,0x9C,0x73,0x9C,0x73,0x9C,0x73,
	0x9C,0x73,0x9C,0x73,0x9C,0x73,0x9C,0x73,0x9C,0x73,0x9C,0x73,0x9C,0x73,0x9C,0x73,
	0x9C,0x73,0x9C,0x73,0x9C,0x73,0x9C,0x73,0x9C,0x73,0x9C,0x73,0x9C,0x73,0x9C,0x73,
	0x9C,0x73,0x9C,0x73,0x9C,0x73,0x9C,0x73,0x9C,0x73,0x9C,0x73,0x9C,0x73,0x9C,0x73,
	0x9C,0x73,0x9C,0x73,0x9C,0x73,0x9C,0x73,0x9C,0x73,0x9C,0x73,0x9C,0x73,0x9C,0x73,
	0xB5,0x56,0x9C,0x73,0x9C,0x73,0x9C,0x73,0x9C,0x73,0x9C,0x73,0x9C,0x73,0x9C,0x73,

	0x9C,0x73,0x9C,0x73,0x9C,0x73,0x9C,0x73,0x9C,0x73,0x9C,0x73,0x9C,0x73,0x9C,0x73,
	0x9C,0x73,0x9C,0x73,0x9C,0x73,0x9C,0x73,0x9C,0x73,0x9C,0x73,0x9C,0x73,0x9C,0x73,
	0xFF,0x7F,0xFF,0x7F,0xFF,0x7F,0xFF,0x7F,0xFF,0x7F,0xFF,0x7F,0xFF,0x7F,0xFF,0x7F,
	0xFF,0x7F,0xFF,0x7F,0xFF,0x7F,0xFF,0x7F,0xFF,0x7F,0xFF,0x7F,0xFF,0x7F,0xFF,0x7F,
	0xFF,0x7F,0xFF,0x7F,0xFF,0x7F,0xFF,0x7F,0xFF,0x7F,0xFF,0x7F,0xFF,0x7F,0xFF,0x7F,
	0xB5,0x56,0xFF,0x7F,0xFF,0x7F,0xFF,0x7F,0xFF,0x7F,0xFF,0x7F,0xFF,0x7F,0xFF,0x7F,
	0xFF,0x7F,0xFF,0x7F,0xFF,0x7F,0xFF,0x7F,0xFF,0x7F,0xFF,0x7F,0xFF,0x7F,0xFF,0x7F,
	0xFF,0x7F,0xFF,0x7F,0xFF,0x7F,0xFF,0x7F,0xFF,0x7F,0xFF,0x7F,0xFF,0x7F,0xFF,0x7F,

	0xFF,0x7F,0xFF,0x7F,0xFF,0x7F,0xFF,0x7F,0xFF,0x7F,0xFF,0x7F,0xFF,0x7F,0xFF,0x7F,
	0xFF,0x7F,0xFF,0x7F,0xFF,0x7F,0xFF,0x7F,0xFF,0x7F,0xFF,0x7F,0xFF,0x7F,0xFF,0x7F,
	0xFF,0x7F,0xFF,0x7F,0xFF,0x7F,0xFF,0x7F,0xFF,0x7F,0xFF,0x7F,0xFF,0x7F,0xFF,0x7F,
	0xB5,0x56,0xFF,0x7F,0xFF,0x7F,0xFF,0x7F,0xFF,0x7F,0xFF,0x7F,0xFF,0x7F,0xFF,0x7F,
	0xFF,0x7F,0xFF,0x7F,0xFF,0x7F,0xFF,0x7F,0xFF,0x7F,0xFF,0x7F,0xFF,0x7F,0xFF,0x7F,
	0xFF,0x7F,0xFF,0x7F,0xFF,0x7F,0xFF,0x7F,0xFF,0x7F,0xFF,0x7F,0xFF,0x7F,0xFF,0x7F,
	0xFF,0x7F,0xFF,0x7F,0xFF,0x7F,0xFF,0x7F,0xFF,0x7F,0xFF,0x7F,0xFF,0x7F,0xFF,0x7F,
	0xFF,0x7F,0xFF,0x7F,0xFF,0x7F,0xFF,0x7F,0xFF,0x7F,0xFF,0x7F,0xFF,0x7F,0xFF,0x7F,

	0xFF,0x7F,0xFF,0x7F,0xFF,0x7F,0xFF,0x7F,0xFF,0x7F,0xFF,0x7F,0xFF,0x7F,0xFF,0x7F,
	0xB5,0x56,0xFF,0x7F,0xFF,0x7F,0xFF,0x7F,0xFF,0x7F,0xFF,0x7F,0xFF,0x7F,0xFF,0x7F,
	0xFF,0x7F,0xFF,0x7F,0xFF,0x7F,0xFF,0x7F,0xFF,0x7F,0xFF,0x7F,0xFF,0x7F,0xFF,0x7F,
	0xFF,0x7F,0xFF,0x7F,0xFF,0x7F,0xFF,0x7F,0xFF,0x7F,0xFF,0x7F,0xFF,0x7F,0xFF,0x7F,
	0xFF,0x7F,0xFF,0x7F,0xFF,0x7F,0xFF,0x7F,0xFF,0x7F,0xFF,0x7F,0xFF,0x7F,0xFF,0x7F,
	0xFF,0x7F,0xFF,0x7F,0xFF,0x7F,0xFF,0x7F,0xFF,0x7F,0xFF,0x7F,0xFF,0x7F,0xFF,0x7F,
	0xFF,0x7F,0xFF,0x7F,0xFF,0x7F,0xFF,0x7F,0xFF,0x7F,0xFF,0x7F,0xFF,0x7F,0xFF,0x7F,
	0xB5,0x56,0xFF,0x7F,0xFF,0x7F,0xFF,0x7F,0xFF,0x7F,0xFF,0x7F,0xFF,0x7F,0xFF,0x7F,

	0xFF,0x7F,0xFF,0x7F,0xFF,0x7F,0xFF,0x7F,0xFF,0x7F,0xFF,0x7F,0xFF,0x7F,0xFF,0x7F,
	0xFF,0x7F,0xFF,0x7F,0xFF,0x7F,0xFF,0x7F,0xFF,0x7F,0xFF,0x7F,0xFF,0x7F,0xFF,0x7F,
	0xFF,0x7F,0xFF,0x7F,0xFF,0x7F,0xFF,0x7F,0xFF,0x7F,0xFF,0x7F,0xFF,0x7F,0xFF,0x7F,
	0xFF,0x7F,0xFF,0x7F,0xFF,0x7F,0xFF,0x7F,0xFF,0x7F,0xFF,0x7F,0xFF,0x7F,0xFF,0x7F,
	0xFF,0x7F,0xFF,0x7F,0xFF,0x7F,0xFF,0x7F,0xFF,0x7F,0xFF,0x7F,0xFF,0x7F,0xFF,0x7F,
	0xB5,0x56,0xFF,0x7F,0xFF,0x7F,0xFF,0x7F,0xFF,0x7F,0xFF,0x7F,0xFF,0x7F,0xFF,0x7F,
	0xFF,0x7F,0xFF,0x7F,0xFF,0x7F,0xFF,0x7F,0xFF,0x7F,0xFF,0x7F,0xFF,0x7F,0xFF,0x7F,
	0xFF,0x7F,0xFF,0x7F,0xFF,0x7F,0xFF,0x7F,0xFF,0x7F,0xFF,0x7F,0xFF,0x7F,0xFF,0x7F,

	0x9C,0x73,0x9C,0x73,0x9C,0x73,0x9C,0x73,0x9C,0x73,0x9C,0x73,0x9C,0x73,0x9C,0x73,
	0x9C,0x73,0x9C,0x73,0x9C,0x73,0x9C,0x73,0x9C,0x73,0x9C,0x73,0x9C,0x73,0x9C,0x73,
	0x9C,0x73,0x9C,0x73,0x9C,0x73,0x9C,0x73,0x9C,0x73,0x9C,0x73,0x9C,0x73,0x9C,0x73,
	0xB5,0x56,0x9C,0x73,0x9C,0x73,0x9C,0x73,0x9C,0x73,0x9C,0x73,0x9C,0x73,0x9C,0x73,
	0x9C,0x73,0x9C,0x73,0x9C,0x73,0x9C,0x73,0x9C,0x73,0x9C,0x73,0x9C,0x73,0x9C,0x73,
	0x9C,0x73,0x9C,0x73,0x9C,0x73,0x9C,0x73,0x9C,0x73,0x9C,0x73,0x9C,0x73,0x9C,0x73,
	0x9C,0x73,0x9C,0x73,0x9C,0x73,0x9C,0x73,0x9C,0x73,0x9C,0x73,0x9C,0x73,0x9C,0x73,
	0x9C,0x73,0x9C,0x73,0x9C,0x73,0x9C,0x73,0x9C,0x73,0x9C,0x73,0x9C,0x73,0x9C,0x73,

	0x9C,0x73,0x9C,0x73,0x9C,0x73,0x9C,0x73,0x9C,0x73,0x9C,0x73,0x9C,0x73,0x9C,0x73,
	0xB5,0x56,0x9C,0x73,0x9C,0x73,0x9C,0x73,0x9C,0x73,0x9C,0x73,0x9C,0x73,0x9C,0x73,
	0x9C,0x73,0x9C,0x73,0x9C,0x73,0x9C,0x73,0x9C,0x73,0x9C,0x73,0x9C,0x73,0x9C,0x73,
	0x9C,0x73,0x9C,0x73,0x9C,0x73,0x9C,0x73,0x9C,0x73,0x9C,0x73,0x9C,0x73,0x9C,0x73,
	0x9C,0x73,0x9C,0x73,0x9C,0x73,0x9C,0x73,0x9C,0x73,0x9C,0x73,0x9C,0x73,0x9C,0x73,
	0x9C,0x73,0x9C,0x73,0x9C,0x73,0x9C,0x73,0x9C,0x73,0x9C,0x73,0x9C,0x73,0x9C,0x73,
	0x9C,0x73,0x9C,0x73,0x9C,0x73,0x9C,0x73,0x9C,0x73,0x9C,0x73,0x9C,0x73,0x9C,0x73,
	0xB5,0x56,0x9C,0x73,0x9C,0x73,0x9C,0x73,0x9C,0x73,0x9C,0x73,0x9C,0x73,0x9C,0x73,

	0x9C,0x73,0x9C,0x73,0x9C,0x73,0x9C,0x73,0x9C,0x73,0x9C,0x73,0x9C,0x73,0x9C,0x73,
	0x9C,0x73,0x9C,0x73,0x9C,0x73,0x9C,0x73,0x9C,0x73,0x9C,0x73,0x9C,0x73,0x9C,0x73,
	0x9C,0x73,0x9C,0x73,0x9C,0x73,0x9C,0x73,0x9C,0x73,0x9C,0x73,0x9C,0x73,0x9C,0x73,
	0x9C,0x73,0x9C,0x73,0x9C,0x73,0x9C,0x73,0x9C,0x73,0x9C,0x73,0x9C,0x73,0x9C,0x73,
	0x9C,0x73,0x9C,0x73,0x9C,0x73,0x9C,0x73,0x9C,0x73,0x9C,0x73,0x9C,0x73,0x9C,0x73,
	0xB5,0x56,0x9C,0x73,0x9C,0x73,0x9C,0x73,0x9C,0x73,0x9C,0x73,0x9C,0x73,0x9C,0x73,
	0x9C,0x73,0x9C,0x73,0x9C,0x73,0x9C,0x73,0x9C,0x73,0x9C,0x73,0x9C,0x73,0x9C,0x73,
	0x9C,0x73,0x9C,0x73,0x9C,0x73,0x9C,0x73,0x9C,0x73,0x9C,0x73,0x9C,0x73,0x9C,0x73,

	0x9C,0x73,0x9C,0x73,0x9C,0x73,0x9C,0x73,0x9C,0x73,0x9C,0x73,0x9C,0x73,0x9C,0x73,
	0x9C,0x73,0x9C,0x73,0x9C,0x73,0x9C,0x73,0x9C,0x73,0x9C,0x73,0x9C,0x73,0x9C,0x73,
	0x9C,0x73,0x9C,0x73,0x9C,0x73,0x9C,0x73,0x9C,0x73,0x9C,0x73,0x9C,0x73,0x9C,0x73,
	0xB5,0x56,0x9C,0x73,0x9C,0x73,0x9C,0x73,0x9C,0x73,0x9C,0x73,0x9C,0x73,0x9C,0x73,
	0x9C,0x73,0x9C,0x73,0x9C,0x73,0x9C,0x73,0x9C,0x73,0x9C,0x73,0x9C,0x73,0x9C,0x73,
	0x9C,0x73,0x9C,0x73,0x9C,0x73,0x9C,0x73,0x9C,0x73,0x9C,0x73,0x9C,0x73,0x9C,0x73,
	0xFF,0x7F,0xFF,0x7F,0xFF,0x7F,0xFF,0x7F,0xFF,0x7F,0xFF,0x7F,0xFF,0x7F,0xFF,0x7F,
	0xFF,0x7F,0xFF,0x7F,0xFF,0x7F,0xFF,0x7F,0xFF,0x7F,0xFF,0x7F,0xFF,0x7F,0xFF,0x7F,

	0xFF,0x7F,0xFF,0x7F,0xFF,0x7F,0xFF,0x7F,0xFF,0x7F,0xFF,0x7F,0xFF,0x7F,0xFF,0x7F,
	0xB5,0x56,0xFF,0x7F,0xFF,0x7F,0xFF,0x7F,0xFF,0x7F,0xFF,0x7F,0xFF,0x7F,0xFF,0x7F,
	0xFF,0x7F,0xFF,0x7F,0xFF,0x7F,0xFF,0x7F,0xFF,0x7F,0xFF,0x7F,0xFF,0x7F,0xFF,0x7F,
	0xFF,0x7F,0xFF,0x7F,0xFF,0x7F,0xFF,0x7F,0xFF,0x7F,0xFF,0x7F,0xFF,0x7F,0xFF,0x7F,
	0xFF,0x7F,0xFF,0x7F,0xFF,0x7F,0xFF,0x7F,0xFF,0x7F,0xFF,0x7F,0xFF,0x7F,0xFF,0x7F,
	0xFF,0x7F,0xFF,0x7F,0xFF,0x7F,0xFF,0x7F,0xFF,0x7F,0xFF,0x7F,0xFF,0x7F,0xFF,0x7F,
	0xFF,0x7F,0xFF,0x7F,0xFF,0x7F,0xFF,0x7F,0xFF,0x7F,0xFF,0x7F,0xFF,0x7F,0xFF,0x7F,
	0xB5,0x56,0xFF,0x7F,0xFF,0x7F,0xFF,0x7F,0xFF,0x7F,0xFF,0x7F,0xFF,0x7F,0xFF,0x7F,

	0xFF,0x7F,0xFF,0x7F,0xFF,0x7F,0xFF,0x7F,0xFF,0x7F,0xFF,0x7F,0xFF,0x7F,0xFF,0x7F,
	0xFF,0x7F,0xFF,0x7F,0xFF,0x7F,0xFF,0x7F,0xFF,0x7F,0xFF,0x7F,0xFF,0x7F,0xFF,0x7F,
	0xFF,0x7F,0xFF,0x7F,0xFF,0x7F,0xFF,0x7F,0xFF,0x7F,0xFF,0x7F,0xFF,0x7F,0xFF,0x7F,
	0xFF,0x7F,0xFF,0x7F,0xFF,0x7F,0xFF,0x7F,0xFF,0x7F,0xFF,0x7F,0xFF,0x7F,0xFF,0x7F,
	0xFF,0x7F,0xFF,0x7F,0xFF,0x7F,0xFF,0x7F,0xFF,0x7F,0xFF,0x7F,0xFF,0x7F,0xFF,0x7F,
	0xB5,0x56,0xFF,0x7F,0xFF,0x7F,0xFF,0x7F,0xFF,0x7F,0xFF,0x7F,0xFF,0x7F,0xFF,0x7F,
	0xFF,0x7F,0xFF,0x7F,0xFF,0x7F,0xFF,0x7F,0xFF,0x7F,0xFF,0x7F,0xFF,0x7F,0xFF,0x7F,
	0xFF,0x7F,0xFF,0x7F,0xFF,0x7F,0xFF,0x7F,0xFF,0x7F,0xFF,0x7F,0xFF,0x7F,0xFF,0x7F,

	0xFF,0x7F,0xFF,0x7F,0xFF,0x7F,0xFF,0x7F,0xFF,0x7F,0xFF,0x7F,0xFF,0x7F,0xFF,0x7F,
	0xFF,0x7F,0xFF,0x7F,0xFF,0x7F,0xFF,0x7F,0xFF,0x7F,0xFF,0x7F,0xFF,0x7F,0xFF,0x7F,
	0xFF,0x7F,0xFF,0x7F,0xFF,0x7F,0xFF,0x7F,0xFF,0x7F,0xFF,0x7F,0xFF,0x7F,0xFF,0x7F,
	0xB5,0x56,0xFF,0x7F,0xFF,0x7F,0xFF,0x7F,0xFF,0x7F,0xFF,0x7F,0xFF,0x7F,0xFF,0x7F,
	0xFF,0x7F,0xFF,0x7F,0xFF,0x7F,0xFF,0x7F,0xFF,0x7F,0xFF,0x7F,0xFF,0x7F,0xFF,0x7F,
	0xFF,0x7F,0xFF,0x7F,0xFF,0x7F,0xFF,0x7F,0xFF,0x7F,0xFF,0x7F,0xFF,0x7F,0xFF,0x7F,
	0xFF,0x7F,0xFF,0x7F,0xFF,0x7F,0xFF,0x7F,0xFF,0x7F,0xFF,0x7F,0xFF,0x7F,0xFF,0x7F,
	0xFF,0x7F,0xFF,0x7F,0xFF,0x7F,0xFF,0x7F,0xFF,0x7F,0xFF,0x7F,0xFF,0x7F,0xFF,0x7F,

	0xFF,0x7F,0xFF,0x7F,0xFF,0x7F,0xFF,0x7F,0xFF,0x7F,0xFF,0x7F,0xFF,0x7F,0xFF,0x7F,
	0xB5,0x56,0xFF,0x7F,0xFF,0x7F,0xFF,0x7F,0xFF,0x7F,0xFF,0x7F,0xFF,0x7F,0xFF,0x7F,
	0xFF,0x7F,0xFF,0x7F,0xFF,0x7F,0xFF,0x7F,0xFF,0x7F,0xFF,0x7F,0xFF,0x7F,0xFF,0x7F,
	0xFF,0x7F,0xFF,0x7F,0xFF,0x7F,0xFF,0x7F,0xFF,0x7F,0xFF,0x7F,0xFF,0x7F,0xFF,0x7F,
	0x9C,0x73,0x9C,0x73,0x9C,0x73,0x9C,0x73,0x9C,0x73,0x9C,0x73,0x9C,0x73,0x9C,0x73,
	0x9C,0x73,0x9C,0x73,0x9C,0x73,0x9C,0x73,0x9C,0x73,0x9C,0x73,0x9C,0x73,0x9C,0x73,
	0x9C,0x73,0x9C,0x73,0x9C,0x73,0x9C,0x73,0x9C,0x73,0x9C,0x73,0x9C,0x73,0x9C,0x73,
	0xB5,0x56,0x9C,0x73,0x9C,0x73,0x9C,0x73,0x9C,0x73,0x9C,0x73,0x9C,0x73,0x9C,0x73,

	0x9C,0x73,0x9C,0x73,0x9C,0x73,0x9C,0x73,0x9C,0x73,0x9C,0x73,0x9C,0x73,0x9C,0x73,
	0x9C,0x73,0x9C,0x73,0x9C,0x73,0x9C,0x73,0x9C,0x73,0x9C,0x73,0x9C,0x73,0x9C,0x73,
	0x9C,0x73,0x9C,0x73,0x9C,0x73,0x9C,0x73,0x9C,0x73,0x9C,0x73,0x9C,0x73,0x9C,0x73,
	0x9C,0x73,0x9C,0x73,0x9C,0x73,0x9C,0x73,0x9C,0x73,0x9C,0x73,0x9C,0x73,0x9C,0x73,
	0x9C,0x73,0x9C,0x73,0x9C,0x73,0x9C,0x73,0x9C,0x73,0x9C,0x73,0x9C,0x73,0x9C,0x73,
	0xB5,0x56,0x9C,0x73,0x9C,0x73,0x9C,0x73,0x9C,0x73,0x9C,0x73,0x9C,0x73,0x9C,0x73,
	0x9C,0x73,0x9C,0x73,0x9C,0x73,0x9C,0x73,0x9C,0x73,0x9C,0x73,0x9C,0x73,0x9C,0x73,
	0x9C,0x73,0x9C,0x73,0x9C,0x73,0x9C,0x73,0x9C,0x73,0x9C,0x73,0x9C,0x73,0x9C,0x73,

	0x9C,0x73,0x9C,0x73,0x9C,0x73,0x9C,0x73,0x9C,0x73,0x9C,0x73,0x9C,0x73,0x9C,0x73,
	0x9C,0x73,0x9C,0x73,0x9C,0x73,0x9C,0x73,0x9C,0x73,0x9C,0x73,0x9C,0x73,0x9C,0x73,
	0x9C,0x73,0x9C,0x73,0x9C,0x73,0x9C,0x73,0x9C,0x73,0x9C,0x73,0x9C,0x73,0x9C,0x73,
	0xB5,0x56,0x9C,0x73,0x9C,0x73,0x9C,0x73,0x9C,0x73,0x9C,0x73,0x9C,0x73,0x9C,0x73,
	0x9C,0x73,0x9C,0x73,0x9C,0x73,0x9C,0x73,0x9C,0x73,0x9C,0x73,0x9C,0x73,0x9C,0x73,
	0x9C,0x73,0x9C,0x73,0x9C,0x73,0x9C,0x73,0x9C,0x73,0x9C,0x73,0x9C,0x73,0x9C,0x73,
	0x9C,0x73,0x9C,0x73,0x9C,0x73,0x9C,0x73,0x9C,0x73,0x9C,0x73,0x9C,0x73,0x9C,0x73,
	0x9C,0x73,0x9C,0x73,0x9C,0x73,0x9C,0x73,0x9C,0x73,0x9C,0x73,0x9C,0x73,0x9C,0x73,

	0x9C,0x73,0x9C,0x73,0x9C,0x73,0x9C,0x73,0x9C,0x73,0x9C,0x73,0x9C,0x73,0x9C,0x73,
	0xB5,0x56,0x9C,0x73,0x9C,0x73,0x9C,0x73,0x9C,0x73,0x9C,0x73,0x9C,0x73,0x9C,0x73,
	0x9C,0x73,0x9C,0x73,0x9C,0x73,0x9C,0x73,0x9C,0x73,0x9C,0x73,0x9C,0x73,0x9C,0x73,
	0x9C,0x73,0x9C,0x73,0x9C,0x73,0x9C,0x73,0x9C,0x73,0x9C,0x73,0x9C,0x73,0x9C,0x73,
	0x9C,0x73,0x9C,0x73,0x9C,0x73,0x9C,0x73,0x9C,0x73,0x9C,0x73,0x9C,0x73,0x9C,0x73,
	0x9C,0x73,0x9C,0x73,0x9C,0x73,0x9C,0x73,0x9C,0x73,0x9C,0x73,0x9C,0x73,0x9C,0x73,
	0x9C,0x73,0x9C,0x73,0x9C,0x73,0x9C,0x73,0x9C,0x73,0x9C,0x73,0x9C,0x73,0x9C,0x73,
	0xB5,0x56,0x9C,0x73,0x9C,0x73,0x9C,0x73,0x9C,0x73,0x9C,0x73,0x9C,0x73,0x9C,0x73,

	0x9C,0x73,0x9C,0x73,0x9C,0x73,0x9C,0x73,0x9C,0x73,0x9C,0x73,0x9C,0x73,0x9C,0x73,
	0x9C,0x73,0x9C,0x73,0x9C,0x73,0x9C,0x73,0x9C,0x73,0x9C,0x73,0x9C,0x73,0x9C,0x73,
	0xFF,0x7F,0xFF,0x7F,0xFF,0x7F,0xFF,0x7F,0xFF,0x7F,0xFF,0x7F,0xFF,0x7F,0xFF,0x7F,
	0xFF,0x7F,0xFF,0x7F,0xFF,0x7F,0xFF,0x7F,0xFF,0x7F,0xFF,0x7F,0xFF,0x7F,0xFF,0x7F,
	0xFF,0x7F,0xFF,0x7F,0xFF,0x7F,0xFF,0x7F,0xFF,0x7F,0xFF,0x7F,0xFF,0x7F,0xFF,0x7F,
	0xB5,0x56,0xFF,0x7F,0xFF,0x7F,0xFF,0x7F,0xFF,0x7F,0xFF,0x7F,0xFF,0x7F,0xFF,0x7F,
	0xFF,0x7F,0xFF,0x7F,0xFF,0x7F,0xFF,0x7F,0xFF,0x7F,0xFF,0x7F,0xFF,0x7F,0xFF,0x7F,
	0xFF,0x7F,0xFF,0x7F,0xFF,0x7F,0xFF,0x7F,0xFF,0x7F,0xFF,0x7F,0xFF,0x7F,0xFF,0x7F,

	0xFF,0x7F,0xFF,0x7F,0xFF,0x7F,0xFF,0x7F,0xFF,0x7F,0xFF,0x7F,0xFF,0x7F,0xFF,0x7F,
	0xFF,0x7F,0xFF,0x7F,0xFF,0x7F,0xFF,0x7F,0xFF,0x7F,0xFF,0x7F,0xFF,0x7F,0xFF,0x7F,
	0xFF,0x7F,0xFF,0x7F,0xFF,0x7F,0xFF,0x7F,0xFF,0x7F,0xFF,0x7F,0xFF,0x7F,0xFF,0x7F,
	0xB5,0x56,0xFF,0x7F,0xFF,0x7F,0xFF,0x7F,0xFF,0x7F,0xFF,0x7F,0xFF,0x7F,0xFF,0x7F,
	0xFF,0x7F,0xFF,0x7F,0xFF,0x7F,0xFF,0x7F,0xFF,0x7F,0xFF,0x7F,0xFF,0x7F,0xFF,0x7F,
	0xFF,0x7F,0xFF,0x7F,0xFF,0x7F,0xFF,0x7F,0xFF,0x7F,0xFF,0x7F,0xFF,0x7F,0xFF,0x7F,
	0xFF,0x7F,0xFF,0x7F,0xFF,0x7F,0xFF,0x7F,0xFF,0x7F,0xFF,0x7F,0xFF,0x7F,0xFF,0x7F,
	0xFF,0x7F,0xFF,0x7F,0xFF,0x7F,0xFF,0x7F,0xFF,0x7F,0xFF,0x7F,0xFF,0x7F,0xFF,0x7F,

	0xFF,0x7F,0xFF,0x7F,0xFF,0x7F,0xFF,0x7F,0xFF,0x7F,0xFF,0x7F,0xFF,0x7F,0xFF,0x7F,
	0xB5,0x56,0xFF,0x7F,0xFF,0x7F,0xFF,0x7F,0xFF,0x7F,0xFF,0x7F,0xFF,0x7F,0xFF,0x7F,
	0xFF,0x7F,0xFF,0x7F,0xFF,0x7F,0xFF,0x7F,0xFF,0x7F,0xFF,0x7F,0xFF,0x7F,0xFF,0x7F,
	0xFF,0x7F,0xFF,0x7F,0xFF,0x7F,0xFF,0x7F,0xFF,0x7F,0xFF,0x7F,0xFF,0x7F,0xFF,0x7F,
	0xFF,0x7F,0xFF,0x7F,0xFF,0x7F,0xFF,0x7F,0xFF,0x7F,0xFF,0x7F,0xFF,0x7F,0xFF,0x7F,
	0xFF,0x7F,0xFF,0x7F,0xFF,0x7F,0xFF,0x7F,0xFF,0x7F,0xFF,0x7F,0xFF,0x7F,0xFF,0x7F,
	0xFF,0x7F,0xFF,0x7F,0xFF,0x7F,0xFF,0x7F,0xFF,0x7F,0xFF,0x7F,0xFF,0x7F,0xFF,0x7F,
	0xB5,0x56,0xFF,0x7F,0xFF,0x7F,0xFF,0x7F,0xFF,0x7F,0xFF,0x7F,0xFF,0x7F,0xFF,0x7F,

	0xFF,0x7F,0xFF,0x7F,0xFF,0x7F,0xFF,0x7F,0xFF,0x7F,0xFF,0x7F,0xFF,0x7F,0xFF,0x7F,
	0xFF,0x7F,0xFF,0x7F,0xFF,0x7F,0xFF,0x7F,0xFF,0x7F,0xFF,0x7F,0xFF,0x7F,0xFF,0x7F,
	0xFF,0x7F,0xFF,0x7F,0xFF,0x7F,0xFF,0x7F,0xFF,0x7F,0xFF,0x7F,0xFF,0x7F,0xFF,0x7F,
	0xFF,0x7F,0xFF,0x7F,0xFF,0x7F,0xFF,0x7F,0xFF,0x7F,0xFF,0x7F,0xFF,0x7F,0xFF,0x7F,
	0xFF,0x7F,0xFF,0x7F,0xFF,0x7F,0xFF,0x7F,0xFF,0x7F,0xFF,0x7F,0xFF,0x7F,0xFF,0x7F,
	0xB5,0x56,0xFF,0x7F,0xFF,0x7F,0xFF,0x7F,0xFF,0x7F,0xFF,0x7F,0xFF,0x7F,0xFF,0x7F,
	0xFF,0x7F,0xFF,0x7F,0xFF,0x7F,0xFF,0x7F,0xFF,0x7F,0xFF,0x7F,0xFF,0x7F,0xFF,0x7F,
	0xFF,0x7F,0xFF,0x7F,0xFF,0x7F,0xFF,0x7F,0xFF,0x7F,0xFF,0x7F,0xFF,0x7F,0xFF,0x7F,

	0x9C,0x73,0x9C,0x73,0x9C,0x73,0x9C,0x73,0x9C,0x73,0x9C,0x73,0x9C,0x73,0x9C,0x73,
	0x9C,0x73,0x9C,0x73,0x9C,0x73,0x9C,0x73,0x9C,0x73,0x9C,0x73,0x9C,0x73,0x9C,0x73,
	0x9C,0x73,0x9C,0x73,0x9C,0x73,0x9C,0x73,0x9C,0x73,0x9C,0x73,0x9C,0x73,0x9C,0x73,
	0xB5,0x56,0x9C,0x73,0x9C,0x73,0x9C,0x73,0x9C,0x73,0x9C,0x73,0x9C,0x73,0x9C,0x73,
	0x9C,0x73,0x9C,0x73,0x9C,0x73,0x9C,0x73,0x9C,0x73,0x9C,0x73,0x9C,0x73,0x9C,0x73,
	0x9C,0x73,0x9C,0x73,0x9C,0x73,0x9C,0x73,0x9C,0x73,0x9C,0x73,0x9C,0x73,0x9C,0x73,
	0x9C,0x73,0x9C,0x73,0x9C,0x73,0x9C,0x73,0x9C,0x73,0x9C,0x73,0x9C,0x73,0x9C,0x73,
	0x9C,0x73,0x9C,0x73,0x9C,0x73,0x9C,0x73,0x9C,0x73,0x9C,0x73,0x9C,0x73,0x9C,0x73,

	0x9C,0x73,0x9C,0x73,0x9C,0x73,0x9C,0x73,0x9C,0x73,0x9C,0x73,0x9C,0x73,0x9C,0x73,
	0xB5,0x56,0x9C,0x73,0x9C,0x73,0x9C,0x73,0x9C,0x73,0x9C,0x73,0x9C,0x73,0x9C,0x73,
	0x9C,0x73,0x9C,0x73,0x9C,0x73,0x9C,0x73,0x9C,0x73,0x9C,0x73,0x9C,0x73,0x9C,0x73,
	0x9C,0x73,0x9C,0x73,0x9C,0x73,0x9C,0x73,0x9C,0x73,0x9C,0x73,0x9C,0x73,0x9C,0x73,
	0x9C,0x73,0x9C,0x73,0x9C,0x73,0x9C,0x73,0x9C,0x73,0x9C,0x73,0x9C,0x73,0x9C,0x73,
	0x9C,0x73,0x9C,0x73,0x9C,0x73,0x9C,0x73,0x9C,0x73,0x9C,0x73,0x9C,0x73,0x9C,0x73,
	0x9C,0x73,0x9C,0x73,0x9C,0x73,0x9C,0x73,0x9C,0x73,0x9C,0x73,0x9C,0x73,0x9C,0x73,
	0xB5,0x56,0x9C,0x73,0x9C,0x73,0x9C,0x73,0x9C,0x73,0x9C,0x73,0x9C,0x73,0x9C,0x73,

	0x9C,0x73,0x9C,0x73,0x9C,0x73,0x9C,0x73,0x9C,0x73,0x9C,0x73,0x9C,0x73,0x9C,0x73,
	0x9C,0x73,0x9C,0x73,0x9C,0x73,0x9C,0x73,0x9C,0x73,0x9C,0x73,0x9C,0x73,0x9C,0x73,
	0x9C,0x73,0x9C,0x73,0x9C,0x73,0x9C,0x73,0x9C,0x73,0x9C,0x73,0x9C,0x73,0x9C,0x73,
	0x9C,0x73,0x9C,0x73,0x9C,0x73,0x9C,0x73,0x9C,0x73,0x9C,0x73,0x9C,0x73,0x9C,0x73,
	0x9C,0x73,0x9C,0x73,0x9C,0x73,0x9C,0x73,0x9C,0x73,0x9C,0x73,0x9C,0x73,0x9C,0x73,
	0xB5,0x56,0x9C,0x73,0x9C,0x73,0x9C,0x73,0x9C,0x73,0x9C,0x73,0x9C,0x73,0x9C,0x73,
	0x9C,0x73,0x9C,0x73,0x9C,0x73,0x9C,0x73,0x9C,0x73,0x9C,0x73,0x9C,0x73,0x9C,0x73,
	0x9C,0x73,0x9C,0x73,0x9C,0x73,0x9C,0x73,0x9C,0x73,0x9C,0x73,0x9C,0x73,0x9C,0x73,

	0x9C,0x73,0x9C,0x73,0x9C,0x73,0x9C,0x73,0x9C,0x73,0x9C,0x73,0x9C,0x73,0x9C,0x73,
	0x9C,0x73,0x9C,0x73,0x9C,0x73,0x9C,0x73,0x9C,0x73,0x9C,0x73,0x9C,0x73,0x9C,0x73,
	0x9C,0x73,0x9C,0x73,0x9C,0x73,0x9C,0x73,0x9C,0x73,0x9C,0x73,0x9C,0x73,0x9C,0x73,
	0xB5,0x56,0x9C,0x73,0x9C,0x73,0x9C,0x73,0x9C,0x73,0x9C,0x73,0x9C,0x73,0x9C,0x73,
	0x9C,0x73,0x9C,0x73,0x9C,0x73,0x9C,0x73,0x9C,0x73,0x9C,0x73,0x9C,0x73,0x9C,0x73,
	0x9C,0x73,0x9C,0x73,0x9C,0x73,0x9C,0x73,0x9C,0x73,0x9C,0x73,0x9C,0x73,0x9C,0x73,
	0xFF,0x7F,0xFF,0x7F,0xFF,0x7F,0xFF,0x7F,0xFF,0x7F,0xFF,0x7F,0xFF,0x7F,0xFF,0x7F,
	0xFF,0x7F,0xFF,0x7F,0xFF,0x7F,0xFF,0x7F,0xFF,0x7F,0xFF,0x7F,0xFF,0x7F,0xFF,0x7F,

	0xFF,0x7F,0xFF,0x7F,0xFF,0x7F,0xFF,0x7F,0xFF,0x7F,0xFF,0x7F,0xFF,0x7F,0xFF,0x7F,
	0xB5,0x56,0xFF,0x7F,0xFF,0x7F,0xFF,0x7F,0xFF,0x7F,0xFF,0x7F,0xFF,0x7F,0xFF,0x7F,
	0xFF,0x7F,0xFF,0x7F,0xFF,0x7F,0xFF,0x7F,0xFF,0x7F,0xFF,0x7F,0xFF,0x7F,0xFF,0x7F,
	0xFF,0x7F,0xFF,0x7F,0xFF,0x7F,0xFF,0x7F,0xFF,0x7F,0xFF,0x7F,0xFF,0x7F,0xFF,0x7F,
	0xFF,0x7F,0xFF,0x7F,0xFF,0x7F,0xFF,0x7F,0xFF,0x7F,0xFF,0x7F,0xFF,0x7F,0xFF,0x7F,
	0xFF,0x7F,0xFF,0x7F,0xFF,0x7F,0xFF,0x7F,0xFF,0x7F,0xFF,0x7F,0xFF,0x7F,0xFF,0x7F,
	0xFF,0x7F,0xFF,0x7F,0xFF,0x7F,0xFF,0x7F,0xFF,0x7F,0xFF,0x7F,0xFF,0x7F,0xFF,0x7F,
	0xB5,0x56,0xFF,0x7F,0xFF,0x7F,0xFF,0x7F,0xFF,0x7F,0xFF,0x7F,0xFF,0x7F,0xFF,0x7F,

	0xFF,0x7F,0xFF,0x7F,0xFF,0x7F,0xFF,0x7F,0xFF,0x7F,0xFF,0x7F,0xFF,0x7F,0xFF,0x7F,
	0xFF,0x7F,0xFF,0x7F,0xFF,0x7F,0xFF,0x7F,0xFF,0x7F,0xFF,0x7F,0xFF,0x7F,0xFF,0x7F,
	0xFF,0x7F,0xFF,0x7F,0xFF,0x7F,0xFF,0x7F,0xFF,0x7F,0xFF,0x7F,0xFF,0x7F,0xFF,0x7F,
	0xFF,0x7F,0xFF,0x7F,0xFF,0x7F,0xFF,0x7F,0xFF,0x7F,0xFF,0x7F,0xFF,0x7F,0xFF,0x7F,
	0xFF,0x7F,0xFF,0x7F,0xFF,0x7F,0xFF,0x7F,0xFF,0x7F,0xFF,0x7F,0xFF,0x7F,0xFF,0x7F,
	0xB5,0x56,0xFF,0x7F,0xFF,0x7F,0xFF,0x7F,0xFF,0x7F,0xFF,0x7F,0xFF,0x7F,0xFF,0x7F,
	0xFF,0x7F,0xFF,0x7F,0xFF,0x7F,0xFF,0x7F,0xFF,0x7F,0xFF,0x7F,0xFF,0x7F,0xFF,0x7F,
	0xFF,0x7F,0xFF,0x7F,0xFF,0x7F,0xFF,0x7F,0xFF,0x7F,0xFF,0x7F,0xFF,0x7F,0xFF,0x7F,

	0xFF,0x7F,0xFF,0x7F,0xFF,0x7F,0xFF,0x7F,0xFF,0x7F,0xFF,0x7F,0xFF,0x7F,0xFF,0x7F,
	0xFF,0x7F,0xFF,0x7F,0xFF,0x7F,0xFF,0x7F,0xFF,0x7F,0xFF,0x7F,0xFF,0x7F,0xFF,0x7F,
	0xFF,0x7F,0xFF,0x7F,0xFF,0x7F,0xFF,0x7F,0xFF,0x7F,0xFF,0x7F,0xFF,0x7F,0xFF,0x7F,
	0xB5,0x56,0xFF,0x7F,0xFF,0x7F,0xFF,0x7F,0xFF,0x7F,0xFF,0x7F,0xFF,0x7F,0xFF,0x7F,
	0xFF,0x7F,0xFF,0x7F,0xFF,0x7F,0xFF,0x7F,0xFF,0x7F,0xFF,0x7F,0xFF,0x7F,0xFF,0x7F,
	0xFF,0x7F,0xFF,0x7F,0xFF,0x7F,0xFF,0x7F,0xFF,0x7F,0xFF,0x7F,0xFF,0x7F,0xFF,0x7F,
	0xFF,0x7F,0xFF,0x7F,0xFF,0x7F,0xFF,0x7F,0xFF,0x7F,0xFF,0x7F,0xFF,0x7F,0xFF,0x7F,
	0xFF,0x7F,0xFF,0x7F,0xFF,0x7F,0xFF,0x7F,0xFF,0x7F,0xFF,0x7F,0xFF,0x7F,0xFF,0x7F,

	0xFF,0x7F,0xFF,0x7F,0xFF,0x7F,0xFF,0x7F,0xFF,0x7F,0xFF,0x7F,0xFF,0x7F,0xFF,0x7F,
	0xB5,0x56,0xFF,0x7F,0xFF,0x7F,0xFF,0x7F,0xFF,0x7F,0xFF,0x7F,0xFF,0x7F,0xFF,0x7F,
	0xFF,0x7F,0xFF,0x7F,0xFF,0x7F,0xFF,0x7F,0xFF,0x7F,0xFF,0x7F,0xFF,0x7F,0xFF,0x7F,
	0xFF,0x7F,0xFF,0x7F,0xFF,0x7F,0xFF,0x7F,0xFF,0x7F,0xFF,0x7F,0xFF,0x7F,0xFF,0x7F,
	0x9C,0x73,0x9C,0x73,0x9C,0x73,0x9C,0x73,0x9C,0x73,0x9C,0x73,0x9C,0x73,0x9C,0x73,
	0x9C,0x73,0x9C,0x73,0x9C,0x73,0x9C,0x73,0x9C,0x73,0x9C,0x73,0x9C,0x73,0x9C,0x73,
	0x9C,0x73,0x9C,0x73,0x9C,0x73,0x9C,0x73,0x9C,0x73,0x9C,0x73,0x9C,0x73,0x9C,0x73,
	0xB5,0x56,0x9C,0x73,0x9C,0x73,0x9C,0x73,0x9C,0x73,0x9C,0x73,0x9C,0x73,0x9C,0x73,

	0x9C,0x73,0x9C,0x73,0x9C,0x73,0x9C,0x73,0x9C,0x73,0x9C,0x73,0x9C,0x73,0x9C,0x73,
	0x9C,0x73,0x9C,0x73,0x9C,0x73,0x9C,0x73,0x9C,0x73,0x9C,0x73,0x9C,0x73,0x9C,0x73,
	0x9C,0x73,0x9C,0x73,0x9C,0x73,0x9C,0x73,0x9C,0x73,0x9C,0x73,0x9C,0x73,0x9C,0x73,
	0x9C,0x73,0x9C,0x73,0x9C,0x73,0x9C,0x73,0x9C,0x73,0x9C,0x73,0x9C,0x73,0x9C,0x73,
	0x9C,0x73,0x9C,0x73,0x9C,0x73,0x9C,0x73,0x9C,0x73,0x9C,0x73,0x9C,0x73,0x9C,0x73,
	0xB5,0x56,0x9C,0x73,0x9C,0x73,0x9C,0x73,0x9C,0x73,0x9C,0x73,0x9C,0x73,0x9C,0x73,
	0x9C,0x73,0x9C,0x73,0x9C,0x73,0x9C,0x73,0x9C,0x73,0x9C,0x73,0x9C,0x73,0x9C,0x73,
	0x9C,0x73,0x9C,0x73,0x9C,0x73,0x9C,0x73,0x9C,0x73,0x9C,0x73,0x9C,0x73,0x9C,0x73,

	0x9C,0x73,0x9C,0x73,0x9C,0x73,0x9C,0x73,0x9C,0x73,0x9C,0x73,0x9C,0x73,0x9C,0x73,
	0x9C,0x73,0x9C,0x73,0x9C,0x73,0x9C,0x73,0x9C,0x73,0x9C,0x73,0x9C,0x73,0x9C,0x73,
	0x9C,0x73,0x9C,0x73,0x9C,0x73,0x9C,0x73,0x9C,0x73,0x9C,0x73,0x9C,0x73,0x9C,0x73,
	0xB5,0x56,0x9C,0x73,0x9C,0x73,0x9C,0x73,0x9C,0x73,0x9C,0x73,0x9C,0x73,0x9C,0x73,
	0x9C,0x73,0x9C,0x73,0x9C,0x73,0x9C,0x73,0x9C,0x73,0x9C,0x73,0x9C,0x73,0x9C,0x73,
	0x9C,0x73,0x9C,0x73,0x9C,0x73,0x9C,0x73,0x9C,0x73,0x9C,0x73,0x9C,0x73,0x9C,0x73,
	0x9C,0x73,0x9C,0x73,0x9C,0x73,0x9C,0x73,0x9C,0x73,0x9C,0x73,0x9C,0x73,0x9C,0x73,
	0x9C,0x73,0x9C,0x73,0x9C,0x73,0x9C,0x73,0x9C,0x73,0x9C,0x73,0x9C,0x73,0x9C,0x73,

	0x9C,0x73,0x9C,0x73,0x9C,0x73,0x9C,0x73,0x9C,0x73,0x9C,0x73,0x9C,0x73,0x9C,0x73,
	0xB5,0x56,0x9C,0x73,0x9C,0x73,0x9C,0x73,0x9C,0x73,0x9C,0x73,0x9C,0x73,0x9C,0x73,
	0x9C,0x73,0x9C,0x73,0x9C,0x73,0x9C,0x73,0x9C,0x73,0x9C,0x73,0x9C,0x73,0x9C,0x73,
	0x9C,0x73,0x9C,0x73,0x9C,0x73,0x9C,0x73,0x9C,0x73,0x9C,0x73,0x9C,0x73,0x9C,0x73,
	0x9C,0x73,0x9C,0x73,0x9C,0x73,0x9C,0x73,0x9C,0x73,0x9C,0x73,0x9C,0x73,0x9C,0x73,
	0x9C,0x73,0x9C,0x73,0x9C,0x73,0x9C,0x73,0x9C,0x73,0x9C,0x73,0x9C,0x73,0x9C,0x73,
	0x9C,0x73,0x9C,0x73,0x9C,0x73,0x9C,0x73,0x9C,0x73,0x9C,0x73,0x9C,0x73,0x9C,0x73,
	0xB5,0x56,0x9C,0x73,0x9C,0x73,0x9C,0x73,0x9C,0x73,0x9C,0x73,0x9C,0x73,0x9C,0x73,

	0x9C,0x73,0x9C,0x73,0x9C,0x73,0x9C,0x73,0x9C,0x73,0x9C,0x73,0x9C,0x73,0x9C,0x73,
	0x9C,0x73,0x9C,0x73,0x9C,0x73,0x9C,0x73,0x9C,0x73,0x9C,0x73,0x9C,0x73,0x9C,0x73,
	0xFF,0x7F,0xFF,0x7F,0xFF,0x7F,0xFF,0x7F,0xFF,0x7F,0xFF,0x7F,0xFF,0x7F,0xFF,0x7F,
	0xFF,0x7F,0xFF,0x7F,0xFF,0x7F,0xFF,0x7F,0xFF,0x7F,0xFF,0x7F,0xFF,0x7F,0xFF,0x7F,
	0xFF,0x7F,0xFF,0x7F,0xFF,0x7F,0xFF,0x7F,0xFF,0x7F,0xFF,0x7F,0xFF,0x7F,0xFF,0x7F,
	0xB5,0x56,0xFF,0x7F,0xFF,0x7F,0xFF,0x7F,0xFF,0x7F,0xFF,0x7F,0xFF,0x7F,0xFF,0x7F,
	0xFF,0x7F,0xFF,0x7F,0xFF,0x7F,0xFF,0x7F,0xFF,0x7F,0xFF,0x7F,0xFF,0x7F,0xFF,0x7F,
	0xFF,0x7F,0xFF,0x7F,0xFF,0x7F,0xFF,0x7F,0xFF,0x7F,0xFF,0x7F,0xFF,0x7F,0xFF,0x7F,

	0xFF,0x7F,0xFF,0x7F,0xFF,0x7F,0xFF,0x7F,0xFF,0x7F,0xFF,0x7F,0xFF,0x7F,0xFF,0x7F,
	0xFF,0x7F,0xFF,0x7F,0xFF,0x7F,0xFF,0x7F,0xFF,0x7F,0xFF,0x7F,0xFF,0x7F,0xFF,0x7F,
	0xFF,0x7F,0xFF,0x7F,0xFF,0x7F,0xFF,0x7F,0xFF,0x7F,0xFF,0x7F,0xFF,0x7F,0xFF,0x7F,
	0xB5,0x56,0xFF,0x7F,0xFF,0x7F,0xFF,0x7F,0xFF,0x7F,0xFF,0x7F,0xFF,0x7F,0xFF,0x7F,
	0xFF,0x7F,0xFF,0x7F,0xFF,0x7F,0xFF,0x7F,0xFF,0x7F,0xFF,0x7F,0xFF,0x7F,0xFF,0x7F,
	0xFF,0x7F,0xFF,0x7F,0xFF,0x7F,0xFF,0x7F,0xFF,0x7F,0xFF,0x7F,0xFF,0x7F,0xFF,0x7F,
	0xFF,0x7F,0xFF,0x7F,0xFF,0x7F,0xFF,0x7F,0xFF,0x7F,0xFF,0x7F,0xFF,0x7F,0xFF,0x7F,
	0xFF,0x7F,0xFF,0x7F,0xFF,0x7F,0xFF,0x7F,0xFF,0x7F,0xFF,0x7F,0xFF,0x7F,0xFF,0x7F,

	0xFF,0x7F,0xFF,0x7F,0xFF,0x7F,0xFF,0x7F,0xFF,0x7F,0xFF,0x7F,0xFF,0x7F,0xFF,0x7F,
	0xB5,0x56,0xFF,0x7F,0xFF,0x7F,0xFF,0x7F,0xFF,0x7F,0xFF,0x7F,0xFF,0x7F,0xFF,0x7F,
	0xFF,0x7F,0xFF,0x7F,0xFF,0x7F,0xFF,0x7F,0xFF,0x7F,0xFF,0x7F,0xFF,0x7F,0xFF,0x7F,
	0xFF,0x7F,0xFF,0x7F,0xFF,0x7F,0xFF,0x7F,0xFF,0x7F,0xFF,0x7F,0xFF,0x7F,0xFF,0x7F,
	0xFF,0x7F,0xFF,0x7F,0xFF,0x7F,0xFF,0x7F,0xFF,0x7F,0xFF,0x7F,0xFF,0x7F,0xFF,0x7F,
	0xFF,0x7F,0xFF,0x7F,0xFF,0x7F,0xFF,0x7F,0xFF,0x7F,0xFF,0x7F,0xFF,0x7F,0xFF,0x7F,
	0xFF,0x7F,0xFF,0x7F,0xFF,0x7F,0xFF,0x7F,0xFF,0x7F,0xFF,0x7F,0xFF,0x7F,0xFF,0x7F,
	0xB5,0x56,0xFF,0x7F,0xFF,0x7F,0xFF,0x7F,0xFF,0x7F,0xFF,0x7F,0xFF,0x7F,0xFF,0x7F,

	0xFF,0x7F,0xFF,0x7F,0xFF,0x7F,0xFF,0x7F,0xFF,0x7F,0xFF,0x7F,0xFF,0x7F,0xFF,0x7F,
	0xFF,0x7F,0xFF,0x7F,0xFF,0x7F,0xFF,0x7F,0xFF,0x7F,0xFF,0x7F,0xFF,0x7F,0xFF,0x7F,
	0xFF,0x7F,0xFF,0x7F,0xFF,0x7F,0xFF,0x7F,0xFF,0x7F,0xFF,0x7F,0xFF,0x7F,0xFF,0x7F,
	0xFF,0x7F,0xFF,0x7F,0xFF,0x7F,0xFF,0x7F,0xFF,0x7F,0xFF,0x7F,0xFF,0x7F,0xFF,0x7F,
	0xFF,0x7F,0xFF,0x7F,0xFF,0x7F,0xFF,0x7F,0xFF,0x7F,0xFF,0x7F,0xFF,0x7F,0xFF,0x7F,
	0xB5,0x56,0xFF,0x7F,0xFF,0x7F,0xFF,0x7F,0xFF,0x7F,0xFF,0x7F,0xFF,0x7F,0xFF,0x7F,
	0xFF,0x7F,0xFF,0x7F,0xFF,0x7F,0xFF,0x7F,0xFF,0x7F,0xFF,0x7F,0xFF,0x7F,0xFF,0x7F,
	0xFF,0x7F,0xFF,0x7F,0xFF,0x7F,0xFF,0x7F,0xFF,0x7F,0xFF,0x7F,0xFF,0x7F,0xFF,0x7F,

	0x9C,0x73,0x9C,0x73,0x9C,0x73,0x9C,0x73,0x9C,0x73,0x9C,0x73,0x9C,0x73,0x9C,0x73,
	0x9C,0x73,0x9C,0x73,0x9C,0x73,0x9C,0x73,0x9C,0x73,0x9C,0x73,0x9C,0x73,0x9C,0x73,
	0x9C,0x73,0x9C,0x73,0x9C,0x73,0x9C,0x73,0x9C,0x73,0x9C,0x73,0x9C,0x73,0x9C,0x73,
	0xB5,0x56,0x9C,0x73,0x9C,0x73,0x9C,0x73,0x9C,0x73,0x9C,0x73,0x9C,0x73,0x9C,0x73,
	0x9C,0x73,0x9C,0x73,0x9C,0x73,0x9C,0x73,0x9C,0x73,0x9C,0x73,0x9C,0x73,0x9C,0x73,
	0x9C,0x73,0x9C,0x73,0x9C,0x73,0x9C,0x73,0x9C,0x73,0x9C,0x73,0x9C,0x73,0x9C,0x73,
	0x9C,0x73,0x9C,0x73,0x9C,0x73,0x9C,0x73,0x9C,0x73,0x9C,0x73,0x9C,0x73,0x9C,0x73,
	0x9C,0x73,0x9C,0x73,0x9C,0x73,0x9C,0x73,0x9C,0x73,0x9C,0x73,0x9C,0x73,0x9C,0x73,

	0x9C,0x73,0x9C,0x73,0x9C,0x73,0x9C,0x73,0x9C,0x73,0x9C,0x73,0x9C,0x73,0x9C,0x73,
	0xB5,0x56,0x9C,0x73,0x9C,0x73,0x9C,0x73,0x9C,0x73,0x9C,0x73,0x9C,0x73,0x9C,0x73,
	0x9C,0x73,0x9C,0x73,0x9C,0x73,0x9C,0x73,0x9C,0x73,0x9C,0x73,0x9C,0x73,0x9C,0x73,
	0x9C,0x73,0x9C,0x73,0x9C,0x73,0x9C,0x73,0x9C,0x73,0x9C,0x73,0x9C,0x73,0x9C,0x73,
	0x9C,0x73,0x9C,0x73,0x9C,0x73,0x9C,0x73,0x9C,0x73,0x9C,0x73,0x9C,0x73,0x9C,0x73,
	0x9C,0x73,0x9C,0x73,0x9C,0x73,0x9C,0x73,0x9C,0x73,0x9C,0x73,0x9C,0x73,0x9C,0x73,
	0x9C,0x73,0x9C,0x73,0x9C,0x73,0x9C,0x73,0x9C,0x73,0x9C,0x73,0x9C,0x73,0x9C,0x73,
	0xB5,0x56,0x9C,0x73,0x9C,0x73,0x9C,0x73,0x9C,0x73,0x9C,0x73,0x9C,0x73,0x9C,0x73,

	0x9C,0x73,0x9C,0x73,0x9C,0x73,0x9C,0x73,0x9C,0x73,0x9C,0x73,0x9C,0x73,0x9C,0x73,
	0x9C,0x73,0x9C,0x73,0x9C,0x73,0x9C,0x73,0x9C,0x73,0x9C,0x73,0x9C,0x73,0x9C,0x73,
	0x9C,0x73,0x9C,0x73,0x9C,0x73,0x9C,0x73,0x9C,0x73,0x9C,0x73,0x9C,0x73,0x9C,0x73,
	0x9C,0x73,0x9C,0x73,0x9C,0x73,0x9C,0x73,0x9C,0x73,0x9C,0x73,0x9C,0x73,0x9C,0x73,
	0x9C,0x73,0x9C,0x73,0x9C,0x73,0x9C,0x73,0x9C,0x73,0x9C,0x73,0x9C,0x73,0x9C,0x73,
	0xB5,0x56,0x9C,0x73,0x9C,0x73,0x9C,0x73,0x9C,0x73,0x9C,0x73,0x9C,0x73,0x9C,0x73,
	0x9C,0x73,0x9C,0x73,0x9C,0x73,0x9C,0x73,0x9C,0x73,0x9C,0x73,0x9C,0x73,0x9C,0x73,
	0x9C,0x73,0x9C,0x73,0x9C,0x73,0x9C,0x73,0x9C,0x73,0x9C,0x73,0x9C,0x73,0x9C,0x73,

	0x9C,0x73,0x9C,0x73,0x9C,0x73,0x9C,0x73,0x9C,0x73,0x9C,0x73,0x9C,0x73,0x9C,0x73,
	0x9C,0x73,0x9C,0x73,0x9C,0x73,0x9C,0x73,0x9C,0x73,0x9C,0x73,0x9C,0x73,0x9C,0x73,
	0x9C,0x73,0x9C,0x73,0x9C,0x73,0x9C,0x73,0x9C,0x73,0x9C,0x73,0x9C,0x73,0x9C,0x73,
	0xB5,0x56,0x9C,0x73,0x9C,0x73,0x9C,0x73,0x9C,0x73,0x9C,0x73,0x9C,0x73,0x9C,0x73,
	0x9C,0x73,0x9C,0x73,0x9C,0x73,0x9C,0x73,0x9C,0x73,0x9C,0x73,0x9C,0x73,0x9C,0x73,
	0x9C,0x73,0x9C,0x73,0x9C,0x73,0x9C,0x73,0x9C,0x73,0x9C,0x73,0x9C,0x73,0x9C,0x73,
	0xFF,0x7F,0xFF,0x7F,0xFF,0x7F,0xFF,0x7F,0xFF,0x7F,0xFF,0x7F,0xFF,0x7F,0xFF,0x7F,
	0xFF,0x7F,0xFF,0x7F,0xFF,0x7F,0xFF,0x7F,0xFF,0x7F,0xFF,0x7F,0xFF,0x7F,0xFF,0x7F,

	0xFF,0x7F,0xFF,0x7F,0xFF,0x7F,0xFF,0x7F,0xFF,0x7F,0xFF,0x7F,0xFF,0x7F,0xFF,0x7F,
	0xB5,0x56,0xFF,0x7F,0xFF,0x7F,0xFF,0x7F,0xFF,0x7F,0xFF,0x7F,0xFF,0x7F,0xFF,0x7F,
	0xFF,0x7F,0xFF,0x7F,0xFF,0x7F,0xFF,0x7F,0xFF,0x7F,0xFF,0x7F,0xFF,0x7F,0xFF,0x7F,
	0xFF,0x7F,0xFF,0x7F,0xFF,0x7F,0xFF,0x7F,0xFF,0x7F,0xFF,0x7F,0xFF,0x7F,0xFF,0x7F,
	0xFF,0x7F,0xFF,0x7F,0xFF,0x7F,0xFF,0x7F,0xFF,0x7F,0xFF,0x7F,0xFF,0x7F,0xFF,0x7F,
	0xFF,0x7F,0xFF,0x7F,0xFF,0x7F,0xFF,0x7F,0xFF,0x7F,0xFF,0x7F,0xFF,0x7F,0xFF,0x7F,
	0xFF,0x7F,0xFF,0x7F,0xFF,0x7F,0xFF,0x7F,0xFF,0x7F,0xFF,0x7F,0xFF,0x7F,0xFF,0x7F,
	0xB5,0x56,0xFF,0x7F,0xFF,0x7F,0xFF,0x7F,0xFF,0x7F,0xFF,0x7F,0xFF,0x7F,0xFF,0x7F,

	0xFF,0x7F,0xFF,0x7F,0xFF,0x7F,0xFF,0x7F,0xFF,0x7F,0xFF,0x7F,0xFF,0x7F,0xFF,0x7F,
	0xFF,0x7F,0xFF,0x7F,0xFF,0x7F,0xFF,0x7F,0xFF,0x7F,0xFF,0x7F,0xFF,0x7F,0xFF,0x7F,
	0xFF,0x7F,0xFF,0x7F,0xFF,0x7F,0xFF,0x7F,0xFF,0x7F,0xFF,0x7F,0xFF,0x7F,0xFF,0x7F,
	0xFF,0x7F,0xFF,0x7F,0xFF,0x7F,0xFF,0x7F,0xFF,0x7F,0xFF,0x7F,0xFF,0x7F,0xFF,0x7F,
	0xFF,0x7F,0xFF,0x7F,0xFF,0x7F,0xFF,0x7F,0xFF,0x7F,0xFF,0x7F,0xFF,0x7F,0xFF,0x7F,
	0xB5,0x56,0xFF,0x7F,0xFF,0x7F,0xFF,0x7F,0xFF,0x7F,0xFF,0x7F,0xFF,0x7F,0xFF,0x7F,
	0xFF,0x7F,0xFF,0x7F,0xFF,0x7F,0xFF,0x7F,0xFF,0x7F,0xFF,0x7F,0xFF,0x7F,0xFF,0x7F,
	0xFF,0x7F,0xFF,0x7F,0xFF,0x7F,0xFF,0x7F,0xFF,0x7F,0xFF,0x7F,0xFF,0x7F,0xFF,0x7F,

	0xFF,0x7F,0xFF,0x7F,0xFF,0x7F,0xFF,0x7F,0xFF,0x7F,0xFF,0x7F,0xFF,0x7F,0xFF,0x7F,
	0xFF,0x7F,0xFF,0x7F,0xFF,0x7F,0xFF,0x7F,0xFF,0x7F,0xFF,0x7F,0xFF,0x7F,0xFF,0x7F,
	0xFF,0x7F,0xFF,0x7F,0xFF,0x7F,0xFF,0x7F,0xFF,0x7F,0xFF,0x7F,0xFF,0x7F,0xFF,0x7F,
	0xB5,0x56,0xFF,0x7F,0xFF,0x7F,0xFF,0x7F,0xFF,0x7F,0xFF,0x7F,0xFF,0x7F,0xFF,0x7F,
	0xFF,0x7F,0xFF,0x7F,0xFF,0x7F,0xFF,0x7F,0xFF,0x7F,0xFF,0x7F,0xFF,0x7F,0xFF,0x7F,
	0xFF,0x7F,0xFF,0x7F,0xFF,0x7F,0xFF,0x7F,0xFF,0x7F,0xFF,0x7F,0xFF,0x7F,0xFF,0x7F,
	0xFF,0x7F,0xFF,0x7F,0xFF,0x7F,0xFF,0x7F,0xFF,0x7F,0xFF,0x7F,0xFF,0x7F,0xFF,0x7F,
	0xFF,0x7F,0xFF,0x7F,0xFF,0x7F,0xFF,0x7F,0xFF,0x7F,0xFF,0x7F,0xFF,0x7F,0xFF,0x7F,

	0xFF,0x7F,0xFF,0x7F,0xFF,0x7F,0xFF,0x7F,0xFF,0x7F,0xFF,0x7F,0xFF,0x7F,0xFF,0x7F,
	0xB5,0x56,0xFF,0x7F,0xFF,0x7F,0xFF,0x7F,0xFF,0x7F,0xFF,0x7F,0xFF,0x7F,0xFF,0x7F,
	0xFF,0x7F,0xFF,0x7F,0xFF,0x7F,0xFF,0x7F,0xFF,0x7F,0xFF,0x7F,0xFF,0x7F,0xFF,0x7F,
	0xFF,0x7F,0xFF,0x7F,0xFF,0x7F,0xFF,0x7F,0xFF,0x7F,0xFF,0x7F,0xFF,0x7F,0xFF,0x7F,
	0x9C,0x73,0x9C,0x73,0x9C,0x73,0x9C,0x73,0x9C,0x73,0x9C,0x73,0x9C,0x73,0x9C,0x73,
	0x9C,0x73,0x9C,0x73,0x9C,0x73,0x9C,0x73,0x9C,0x73,0x9C,0x73,0x9C,0x73,0x9C,0x73,
	0x9C,0x73,0x9C,0x73,0x9C,0x73,0x9C,0x73,0x9C,0x73,0x9C,0x73,0x9C,0x73,0x9C,0x73,
	0xB5,0x56,0x9C,0x73,0x9C,0x73,0x9C,0x73,0x9C,0x73,0x9C,0x73,0x9C,0x73,0x9C,0x73,

	0x9C,0x73,0x9C,0x73,0x9C,0x73,0x9C,0x73,0x9C,0x73,0x9C,0x73,0x9C,0x73,0x9C,0x73,
	0x9C,0x73,0x9C,0x73,0x9C,0x73,0x9C,0x73,0x9C,0x73,0x9C,0x73,0x9C,0x73,0x9C,0x73,
	0x9C,0x73,0x9C,0x73,0x9C,0x73,0x9C,0x73,0x9C,0x73,0x9C,0x73,0x9C,0x73,0x9C,0x73,
	0x9C,0x73,0x9C,0x73,0x9C,0x73,0x9C,0x73,0x9C,0x73,0x9C,0x73,0x9C,0x73,0x9C,0x73,
	0x9C,0x73,0x9C,0x73,0x9C,0x73,0x9C,0x73,0x9C,0x73,0x9C,0x73,0x9C,0x73,0x9C,0x73,
	0xB5,0x56,0x9C,0x73,0x9C,0x73,0x9C,0x73,0x9C,0x73,0x9C,0x73,0x9C,0x73,0x9C,0x73,
	0x9C,0x73,0x9C,0x73,0x9C,0x73,0x9C,0x73,0x9C,0x73,0x9C,0x73,0x9C,0x73,0x9C,0x73,
	0x9C,0x73,0x9C,0x73,0x9C,0x73,0x9C,0x73,0x9C,0x73,0x9C,0x73,0x9C,0x73,0x9C,0x73,

	0x9C,0x73,0x9C,0x73,0x9C,0x73,0x9C,0x73,0x9C,0x73,0x9C,0x73,0x9C,0x73,0x9C,0x73,
	0x9C,0x73,0x9C,0x73,0x9C,0x73,0x9C,0x73,0x9C,0x73,0x9C,0x73,0x9C,0x73,0x9C,0x73,
	0x9C,0x73,0x9C,0x73,0x9C,0x73,0x9C,0x73,0x9C,0x73,0x9C,0x73,0x9C,0x73,0x9C,0x73,
	0xB5,0x56,0x9C,0x73,0x9C,0x73,0x9C,0x73,0x9C,0x73,0x9C,0x73,0x9C,0x73,0x9C,0x73,
	0x9C,0x73,0x9C,0x73,0x9C,0x73,0x9C,0x73,0x9C,0x73,0x9C,0x73,0x9C,0x73,0x9C,0x73,
	0x9C,0x73,0x9C,0x73,0x9C,0x73,0x9C,0x73,0x9C,0x73,0x9C,0x73,0x9C,0x73,0x9C,0x73,
	0x9C,0x73,0x9C,0x73,0x9C,0x73,0x9C,0x73,0x9C,0x73,0x9C,0x73,0x9C,0x73,0x9C,0x73,
	0x9C,0x73,0x9C,0x73,0x9C,0x73,0x9C,0x73,0x9C,0x73,0x9C,0x73,0x9C,0x73,0x9C,0x73,

	0x9C,0x73,0x9C,0x73,0x9C,0x73,0x9C,0x73,0x9C,0x73,0x9C,0x73,0x9C,0x73,0x9C,0x73,
	0xB5,0x56,0x9C,0x73,0x9C,0x73,0x9C,0x73,0x9C,0x73,0x9C,0x73,0x9C,0x73,0x9C,0x73,
	0x9C,0x73,0x9C,0x73,0x9C,0x73,0x9C,0x73,0x9C,0x73,0x9C,0x73,0x9C,0x73,0x9C,0x73,
	0x9C,0x73,0x9C,0x73,0x9C,0x73,0x9C,0x73,0x9C,0x73,0x9C,0x73,0x9C,0x73,0x9C,0x73,
	0x9C,0x73,0x9C,0x73,0x9C,0x73,0x9C,0x73,0x9C,0x73,0x9C,0x73,0x9C,0x73,0x9C,0x73,
	0x9C,0x73,0x9C,0x73,0x9C,0x73,0x9C,0x73,0x9C,0x73,0x9C,0x73,0x9C,0x73,0x9C,0x73,
	0x9C,0x73,0x9C,0x73,0x9C,0x73,0x9C,0x73,0x9C,0x73,0x9C,0x73,0x9C,0x73,0x9C,0x73,
	0xB5,0x56,0x9C,0x73,0x9C,0x73,0x9C,0x73,0x9C,0x73,0x9C,0x73,0x9C,0x73,0x9C,0x73,

	0x9C,0x73,0x9C,0x73,0x9C,0x73,0x9C,0x73,0x9C,0x73,0x9C,0x73,0x9C,0x73,0x9C,0x73,
	0x9C,0x73,0x9C,0x73,0x9C,0x73,0x9C,0x73,0x9C,0x73,0x9C,0x73,0x9C,0x73,0x9C,0x73,
	0xFF,0x7F,0xFF,0x7F,0xFF,0x7F,0xFF,0x7F,0xFF,0x7F,0xFF,0x7F,0xFF,0x7F,0xFF,0x7F,
	0xFF,0x7F,0xFF,0x7F,0xFF,0x7F,0xFF,0x7F,0xFF,0x7F,0xFF,0x7F,0xFF,0x7F,0xFF,0x7F,
	0xFF,0x7F,0xFF,0x7F,0xFF,0x7F,0xFF,0x7F,0xFF,0x7F,0xFF,0x7F,0xFF,0x7F,0xFF,0x7F,
	0xB5,0x56,0xFF,0x7F,0xFF,0x7F,0xFF,0x7F,0xFF,0x7F,0xFF,0x7F,0xFF,0x7F,0xFF,0x7F,
	0xFF,0x7F,0xFF,0x7F,0xFF,0x7F,0xFF,0x7F,0xFF,0x7F,0xFF,0x7F,0xFF,0x7F,0xFF,0x7F,
	0xFF,0x7F,0xFF,0x7F,0xFF,0x7F,0xFF,0x7F,0xFF,0x7F,0xFF,0x7F,0xFF,0x7F,0xFF,0x7F,

	0xFF,0x7F,0xFF,0x7F,0xFF,0x7F,0xFF,0x7F,0xFF,0x7F,0xFF,0x7F,0xFF,0x7F,0xFF,0x7F,
	0xFF,0x7F,0xFF,0x7F,0xFF,0x7F,0xFF,0x7F,0xFF,0x7F,0xFF,0x7F,0xFF,0x7F,0xFF,0x7F,
	0xFF,0x7F,0xFF,0x7F,0xFF,0x7F,0xFF,0x7F,0xFF,0x7F,0xFF,0x7F,0xFF,0x7F,0xFF,0x7F,
	0xB5,0x56,0xFF,0x7F,0xFF,0x7F,0xFF,0x7F,0xFF,0x7F,0xFF,0x7F,0xFF,0x7F,0xFF,0x7F,
	0xFF,0x7F,0xFF,0x7F,0xFF,0x7F,0xFF,0x7F,0xFF,0x7F,0xFF,0x7F,0xFF,0x7F,0xFF,0x7F,
	0xFF,0x7F,0xFF,0x7F,0xFF,0x7F,0xFF,0x7F,0xFF,0x7F,0xFF,0x7F,0xFF,0x7F,0xFF,0x7F,
	0xFF,0x7F,0xFF,0x7F,0xFF,0x7F,0xFF,0x7F,0xFF,0x7F,0xFF,0x7F,0xFF,0x7F,0xFF,0x7F,
	0xFF,0x7F,0xFF,0x7F,0xFF,0x7F,0xFF,0x7F,0xFF,0x7F,0xFF,0x7F,0xFF,0x7F,0xFF,0x7F,

	0xFF,0x7F,0xFF,0x7F,0xFF,0x7F,0xFF,0x7F,0xFF,0x7F,0xFF,0x7F,0xFF,0x7F,0xFF,0x7F,
	0xB5,0x56,0xFF,0x7F,0xFF,0x7F,0xFF,0x7F,0xFF,0x7F,0xFF,0x7F,0xFF,0x7F,0xFF,0x7F,
	0xFF,0x7F,0xFF,0x7F,0xFF,0x7F,0xFF,0x7F,0xFF,0x7F,0xFF,0x7F,0xFF,0x7F,0xFF,0x7F,
	0xFF,0x7F,0xFF,0x7F,0xFF,0x7F,0xFF,0x7F,0xFF,0x7F,0xFF,0x7F,0xFF,0x7F,0xFF,0x7F,
	0xFF,0x7F,0xFF,0x7F,0xFF,0x7F,0xFF,0x7F,0xFF,0x7F,0xFF,0x7F,0xFF,0x7F,0xFF,0x7F,
	0xFF,0x7F,0xFF,0x7F,0xFF,0x7F,0xFF,0x7F,0xFF,0x7F,0xFF,0x7F,0xFF,0x7F,0xFF,0x7F,
	0xFF,0x7F,0xFF,0x7F,0xFF,0x7F,0xFF,0x7F,0xFF,0x7F,0xFF,0x7F,0xFF,0x7F,0xFF,0x7F,
	0xB5,0x56,0xFF,0x7F,0xFF,0x7F,0xFF,0x7F,0xFF,0x7F,0xFF,0x7F,0xFF,0x7F,0xFF,0x7F,

	0xFF,0x7F,0xFF,0x7F,0xFF,0x7F,0xFF,0x7F,0xFF,0x7F,0xFF,0x7F,0xFF,0x7F,0xFF,0x7F,
	0xFF,0x7F,0xFF,0x7F,0xFF,0x7F,0xFF,0x7F,0xFF,0x7F,0xFF,0x7F,0xFF,0x7F,0xFF,0x7F,
	0xFF,0x7F,0xFF,0x7F,0xFF,0x7F,0xFF,0x7F,0xFF,0x7F,0xFF,0x7F,0xFF,0x7F,0xFF,0x7F,
	0xFF,0x7F,0xFF,0x7F,0xFF,0x7F,0xFF,0x7F,0xFF,0x7F,0xFF,0x7F,0xFF,0x7F,0xFF,0x7F,
	0xFF,0x7F,0xFF,0x7F,0xFF,0x7F,0xFF,0x7F,0xFF,0x7F,0xFF,0x7F,0xFF,0x7F,0xFF,0x7F,
	0xB5,0x56,0xFF,0x7F,0xFF,0x7F,0xFF,0x7F,0xFF,0x7F,0xFF,0x7F,0xFF,0x7F,0xFF,0x7F,
	0xFF,0x7F,0xFF,0x7F,0xFF,0x7F,0xFF,0x7F,0xFF,0x7F,0xFF,0x7F,0xFF,0x7F,0xFF,0x7F,
	0xFF,0x7F,0xFF,0x7F,0xFF,0x7F,0xFF,0x7F,0xFF,0x7F,0xFF,0x7F,0xFF,0x7F,0xFF,0x7F,

	0x9C,0x73,0x9C,0x73,0x9C,0x73,0x9C,0x73,0x9C,0x73,0x9C,0x73,0x9C,0x73,0x9C,0x73,
	0x9C,0x73,0x9C,0x73,0x9C,0x73,0x9C,0x73,0x9C,0x73,0x9C,0x73,0x9C,0x73,0x9C,0x73,
	0x9C,0x73,0x9C,0x73,0x9C,0x73,0x9C,0x73,0x9C,0x73,0x9C,0x73,0x9C,0x73,0x9C,0x73,
	0xB5,0x56,0x9C,0x73,0x9C,0x73,0x9C,0x73,0x9C,0x73,0x9C,0x73,0x9C,0x73,0x9C,0x73,
	0x9C,0x73,0x9C,0x73,0x9C,0x73,0x9C,0x73,0x9C,0x73,0x9C,0x73,0x9C,0x73,0x9C,0x73,
	0x9C,0x73,0x9C,0x73,0x9C,0x73,0x9C,0x73,0x9C,0x73,0x9C,0x73,0x9C,0x73,0x9C,0x73,
	0x9C,0x73,0x9C,0x73,0x9C,0x73,0x9C,0x73,0x9C,0x73,0x9C,0x73,0x9C,0x73,0x9C,0x73,
	0x9C,0x73,0x9C,0x73,0x9C,0x73,0x9C,0x73,0x9C,0x73,0x9C,0x73,0x9C,0x73,0x9C,0x73,

	0x9C,0x73,0x9C,0x73,0x9C,0x73,0x9C,0x73,0x9C,0x73,0x9C,0x73,0x9C,0x73,0x9C,0x73,
	0xB5,0x56,0x9C,0x73,0x9C,0x73,0x9C,0x73,0x9C,0x73,0x9C,0x73,0x9C,0x73,0x9C,0x73,
	0x9C,0x73,0x9C,0x73,0x9C,0x73,0x9C,0x73,0x9C,0x73,0x9C,0x73,0x9C,0x73,0x9C,0x73,
	0x9C,0x73,0x9C,0x73,0x9C,0x73,0x9C,0x73,0x9C,0x73,0x9C,0x73,0x9C,0x73,0x9C,0x73,
	0x9C,0x73,0x9C,0x73,0x9C,0x73,0x9C,0x73,0x9C,0x73,0x9C,0x73,0x9C,0x73,0x9C,0x73,
	0x9C,0x73,0x9C,0x73,0x9C,0x73,0x9C,0x73,0x9C,0x73,0x9C,0x73,0x9C,0x73,0x9C,0x73,
	0x9C,0x73,0x9C,0x73,0x9C,0x73,0x9C,0x73,0x9C,0x73,0x9C,0x73,0x9C,0x73,0x9C,0x73,
	0xB5,0x56,0x9C,0x73,0x9C,0x73,0x9C,0x73,0x9C,0x73,0x9C,0x73,0x9C,0x73,0x9C,0x73,

	0x9C,0x73,0x9C,0x73,0x9C,0x73,0x9C,0x73,0x9C,0x73,0x9C,0x73,0x9C,0x73,0x9C,0x73,
	0x9C,0x73,0x9C,0x73,0x9C,0x73,0x9C,0x73,0x9C,0x73,0x9C,0x73,0x9C,0x73,0x9C,0x73,
	0x9C,0x73,0x9C,0x73,0x9C,0x73,0x9C,0x73,0x9C,0x73,0x9C,0x73,0x9C,0x73,0x9C,0x73,
	0x9C,0x73,0x9C,0x73,0x9C,0x73,0x9C,0x73,0x9C,0x73,0x9C,0x73,0x9C,0x73,0x9C,0x73,
	0x9C,0x73,0x9C,0x73,0x9C,0x73,0x9C,0x73,0x9C,0x73,0x9C,0x73,0x9C,0x73,0x9C,0x73,
	0xB5,0x56,0x9C,0x73,0x9C,0x73,0x9C,0x73,0x9C,0x73,0x9C,0x73,0x9C,0x73,0x9C,0x73,
	0x9C,0x73,0x9C,0x73,0x9C,0x73,0x9C,0x73,0x9C,0x73,0x9C,0x73,0x9C,0x73,0x9C,0x73,
	0x9C,0x73,0x9C,0x73,0x9C,0x73,0x9C,0x73,0x9C,0x73,0x9C,0x73,0x9C,0x73,0x9C,0x73,

	0x9C,0x73,0x9C,0x73,0x9C,0x73,0x9C,0x73,0x9C,0x73,0x9C,0x73,0x9C,0x73,0x9C,0x73,
	0x9C,0x73,0x9C,0x73,0x9C,0x73,0x9C,0x73,0x9C,0x73,0x9C,0x73,0x9C,0x73,0x9C,0x73,
	0x9C,0x73,0x9C,0x73,0x9C,0x73,0x9C,0x73,0x9C,0x73,0x9C,0x73,0x9C,0x73,0x9C,0x73,
	0xB5,0x56,0x9C,0x73,0x9C,0x73,0x9C,0x73,0x9C,0x73,0x9C,0x73,0x9C,0x73,0x9C,0x73,
	0x9C,0x73,0x9C,0x73,0x9C,0x73,0x9C,0x73,0x9C,0x73,0x9C,0x73,0x9C,0x73,0x9C,0x73,
	0x9C,0x73,0x9C,0x73,0x9C,0x73,0x9C,0x73,0x9C,0x73,0x9C,0x73,0x9C,0x73,0x9C,0x73,
	0xFF,0x7F,0xFF,0x7F,0xFF,0x7F,0xFF,0x7F,0xFF,0x7F,0xFF,0x7F,0xFF,0x7F,0xFF,0x7F,
	0xFF,0x7F,0xFF,0x7F,0xFF,0x7F,0xFF,0x7F,0xFF,0x7F,0xFF,0x7F,0xFF,0x7F,0xFF,0x7F,

	0xFF,0x7F,0xFF,0x7F,0xFF,0x7F,0xFF,0x7F,0xFF,0x7F,0xFF,0x7F,0xFF,0x7F,0xFF,0x7F,
	0xB5,0x56,0xFF,0x7F,0xFF,0x7F,0xFF,0x7F,0xFF,0x7F,0xFF,0x7F,0xFF,0x7F,0xFF,0x7F,
	0xFF,0x7F,0xFF,0x7F,0xFF,0x7F,0xFF,0x7F,0xFF,0x7F,0xFF,0x7F,0xFF,0x7F,0xFF,0x7F,
	0xFF,0x7F,0xFF,0x7F,0xFF,0x7F,0xFF,0x7F,0xFF,0x7F,0xFF,0x7F,0xFF,0x7F,0xFF,0x7F,
	0xFF,0x7F,0xFF,0x7F,0xFF,0x7F,0xFF,0x7F,0xFF,0x7F,0xFF,0x7F,0xFF,0x7F,0xFF,0x7F,
	0xFF,0x7F,0xFF,0x7F,0xFF,0x7F,0xFF,0x7F,0xFF,0x7F,0xFF,0x7F,0xFF,0x7F,0xFF,0x7F,
	0xFF,0x7F,0xFF,0x7F,0xFF,0x7F,0xFF,0x7F,0xFF,0x7F,0xFF,0x7F,0xFF,0x7F,0xFF,0x7F,
	0xB5,0x56,0xFF,0x7F,0xFF,0x7F,0xFF,0x7F,0xFF,0x7F,0xFF,0x7F,0xFF,0x7F,0xFF,0x7F,

	0xFF,0x7F,0xFF,0x7F,0xFF,0x7F,0xFF,0x7F,0xFF,0x7F,0xFF,0x7F,0xFF,0x7F,0xFF,0x7F,
	0xFF,0x7F,0xFF,0x7F,0xFF,0x7F,0xFF,0x7F,0xFF,0x7F,0xFF,0x7F,0xFF,0x7F,0xFF,0x7F,
	0xFF,0x7F,0xFF,0x7F,0xFF,0x7F,0xFF,0x7F,0xFF,0x7F,0xFF,0x7F,0xFF,0x7F,0xFF,0x7F,
	0xFF,0x7F,0xFF,0x7F,0xFF,0x7F,0xFF,0x7F,0xFF,0x7F,0xFF,0x7F,0xFF,0x7F,0xFF,0x7F,
	0xFF,0x7F,0xFF,0x7F,0xFF,0x7F,0xFF,0x7F,0xFF,0x7F,0xFF,0x7F,0xFF,0x7F,0xFF,0x7F,
	0xB5,0x56,0xFF,0x7F,0xFF,0x7F,0xFF,0x7F,0xFF,0x7F,0xFF,0x7F,0xFF,0x7F,0xFF,0x7F,
	0xFF,0x7F,0xFF,0x7F,0xFF,0x7F,0xFF,0x7F,0xFF,0x7F,0xFF,0x7F,0xFF,0x7F,0xFF,0x7F,
	0xFF,0x7F,0xFF,0x7F,0xFF,0x7F,0xFF,0x7F,0xFF,0x7F,0xFF,0x7F,0xFF,0x7F,0xFF,0x7F,

	0xFF,0x7F,0xFF,0x7F,0xFF,0x7F,0xFF,0x7F,0xFF,0x7F,0xFF,0x7F,0xFF,0x7F,0xFF,0x7F,
	0xFF,0x7F,0xFF,0x7F,0xFF,0x7F,0xFF,0x7F,0xFF,0x7F,0xFF,0x7F,0xFF,0x7F,0xFF,0x7F,
	0xFF,0x7F,0xFF,0x7F,0xFF,0x7F,0xFF,0x7F,0xFF,0x7F,0xFF,0x7F,0xFF,0x7F,0xFF,0x7F,
	0xB5,0x56,0xFF,0x7F,0xFF,0x7F,0xFF,0x7F,0xFF,0x7F,0xFF,0x7F,0xFF,0x7F,0xFF,0x7F,
	0xFF,0x7F,0xFF,0x7F,0xFF,0x7F,0xFF,0x7F,0xFF,0x7F,0xFF,0x7F,0xFF,0x7F,0xFF,0x7F,
	0xFF,0x7F,0xFF,0x7F,0xFF,0x7F,0xFF,0x7F,0xFF,0x7F,0xFF,0x7F,0xFF,0x7F,0xFF,0x7F,
	0xFF,0x7F,0xFF,0x7F,0xFF,0x7F,0xFF,0x7F,0xFF,0x7F,0xFF,0x7F,0xFF,0x7F,0xFF,0x7F,
	0xFF,0x7F,0xFF,0x7F,0xFF,0x7F,0xFF,0x7F,0xFF,0x7F,0xFF,0x7F,0xFF,0x7F,0xFF,0x7F,

	0xFF,0x7F,0xFF,0x7F,0xFF,0x7F,0xFF,0x7F,0xFF,0x7F,0xFF,0x7F,0xFF,0x7F,0xFF,0x7F,
	0xB5,0x56,0xFF,0x7F,0xFF,0x7F,0xFF,0x7F,0xFF,0x7F,0xFF,0x7F,0xFF,0x7F,0xFF,0x7F,
	0xFF,0x7F,0xFF,0x7F,0xFF,0x7F,0xFF,0x7F,0xFF,0x7F,0xFF,0x7F,0xFF,0x7F,0xFF,0x7F,
	0xFF,0x7F,0xFF,0x7F,0xFF,0x7F,0xFF,0x7F,0xFF,0x7F,0xFF,0x7F,0xFF,0x7F,0xFF,0x7F,
	0x9C,0x73,0x9C,0x73,0x9C,0x73,0x9C,0x73,0x9C,0x73,0x9C,0x73,0x9C,0x73,0x9C,0x73,
	0x9C,0x73,0x9C,0x73,0x9C,0x73,0x9C,0x73,0x9C,0x73,0x9C,0x73,0x9C,0x73,0x9C,0x73,
	0x9C,0x73,0x9C,0x73,0x9C,0x73,0x9C,0x73,0x9C,0x73,0x9C,0x73,0x9C,0x73,0x9C,0x73,
	0xB5,0x56,0x9C,0x73,0x9C,0x73,0x9C,0x73,0x9C,0x73,0x9C,0x73,0x9C,0x73,0x9C,0x73,

	0x9C,0x73,0x9C,0x73,0x9C,0x73,0x9C,0x73,0x9C,0x73,0x9C,0x73,0x9C,0x73,0x9C,0x73,
	0x9C,0x73,0x9C,0x73,0x9C,0x73,0x9C,0x73,0x9C,0x73,0x9C,0x73,0x9C,0x73,0x9C,0x73,
	0x9C,0x73,0x9C,0x73,0x9C,0x73,0x9C,0x73,0x9C,0x73,0x9C,0x73,0x9C,0x73,0x9C,0x73,
	0x9C,0x73,0x9C,0x73,0x9C,0x73,0x9C,0x73,0x9C,0x73,0x9C,0x73,0x9C,0x73,0x9C,0x73,
	0x9C,0x73,0x9C,0x73,0x9C,0x73,0x9C,0x73,0x9C,0x73,0x9C,0x73,0x9C,0x73,0x9C,0x73,
	0xB5,0x56,0x9C,0x73,0x9C,0x73,0x9C,0x73,0x9C,0x73,0x9C,0x73,0x9C,0x73,0x9C,0x73,
	0x9C,0x73,0x9C,0x73,0x9C,0x73,0x9C,0x73,0x9C,0x73,0x9C,0x73,0x9C,0x73,0x9C,0x73,
	0x9C,0x73,0x9C,0x73,0x9C,0x73,0x9C,0x73,0x9C,0x73,0x9C,0x73,0x9C,0x73,0x9C,0x73,

	0x9C,0x73,0x9C,0x73,0x9C,0x73,0x9C,0x73,0x9C,0x73,0x9C,0x73,0x9C,0x73,0x9C,0x73,
	0x9C,0x73,0x9C,0x73,0x9C,0x73,0x9C,0x73,0x9C,0x73,0x9C,0x73,0x9C,0x73,0x9C,0x73,
	0x9C,0x73,0x9C,0x73,0x9C,0x73,0x9C,0x73,0x9C,0x73,0x9C,0x73,0x9C,0x73,0x9C,0x73,
	0xB5,0x56,0x9C,0x73,0x9C,0x73,0x9C,0x73,0x9C,0x73,0x9C,0x73,0x9C,0x73,0x9C,0x73,
	0x9C,0x73,0x9C,0x73,0x9C,0x73,0x9C,0x73,0x9C,0x73,0x9C,0x73,0x9C,0x73,0x9C,0x73,
	0x9C,0x73,0x9C,0x73,0x9C,0x73,0x9C,0x73,0x9C,0x73,0x9C,0x73,0x9C,0x73,0x9C,0x73,
	0x9C,0x73,0x9C,0x73,0x9C,0x73,0x9C,0x73,0x9C,0x73,0x9C,0x73,0x9C,0x73,0x9C,0x73,
	0x9C,0x73,0x9C,0x73,0x9C,0x73,0x9C,0x73,0x9C,0x73,0x9C,0x73,0x9C,0x73,0x9C,0x73,

	0x9C,0x73,0x9C,0x73,0x9C,0x73,0x9C,0x73,0x9C,0x73,0x9C,0x73,0x9C,0x73,0x9C,0x73,
	0xB5,0x56,0x9C,0x73,0x9C,0x73,0x9C,0x73,0x9C,0x73,0x9C,0x73,0x9C,0x73,0x9C,0x73,
	0x9C,0x73,0x9C,0x73,0x9C,0x73,0x9C,0x73,0x9C,0x73,0x9C,0x73,0x9C,0x73,0x9C,0x73,
	0x9C,0x73,0x9C,0x73,0x9C,0x73,0x9C,0x73,0x9C,0x73,0x9C,0x73,0x9C,0x73,0x9C,0x73,
	0x9C,0x73,0x9C,0x73,0x9C,0x73,0x9C,0x73,0x9C,0x73,0x9C,0x73,0x9C,0x73,0x9C,0x73,
	0x9C,0x73,0x9C,0x73,0x9C,0x73,0x9C,0x73,0x9C,0x73,0x9C,0x73,0x9C,0x73,0x9C,0x73,
	0x9C,0x73,0x9C,0x73,0x9C,0x73,0x9C,0x73,0x9C,0x73,0x9C,0x73,0x9C,0x73,0x9C,0x73,
	0xB5,0x56,0x9C,0x73,0x9C,0x73,0x9C,0x73,0x9C,0x73,0x9C,0x73,0x9C,0x73,0x9C,0x73,

	0x9C,0x73,0x9C,0x73,0x9C,0x73,0x9C,0x73,0x9C,0x73,0x9C,0x73,0x9C,0x73,0x9C,0x73,
	0x9C,0x73,0x9C,0x73,0x9C,0x73,0x9C,0x73,0x9C,0x73,0x9C,0x73,0x9C,0x73,0x9C,0x73,
	0xFF,0x7F,0xFF,0x7F,0xFF,0x7F,0xFF,0x7F,0xFF,0x7F,0xFF,0x7F,0xFF,0x7F,0xFF,0x7F,
	0xFF,0x7F,0xFF,0x7F,0xFF,0x7F,0xFF,0x7F,0xFF,0x7F,0xFF,0x7F,0xFF,0x7F,0xFF,0x7F,
	0xFF,0x7F,0xFF,0x7F,0xFF,0x7F,0xFF,0x7F,0xFF,0x7F,0xFF,0x7F,0xFF,0x7F,0xFF,0x7F,
	0xB5,0x56,0xFF,0x7F,0xFF,0x7F,0xFF,0x7F,0xFF,0x7F,0xFF,0x7F,0xFF,0x7F,0xFF,0x7F,
	0xFF,0x7F,0xFF,0x7F,0xFF,0x7F,0xFF,0x7F,0xFF,0x7F,0xFF,0x7F,0xFF,0x7F,0xFF,0x7F,
	0xFF,0x7F,0xFF,0x7F,0xFF,0x7F,0xFF,0x7F,0xFF,0x7F,0xFF,0x7F,0xFF,0x7F,0xFF,0x7F,

	0xFF,0x7F,0xFF,0x7F,0xFF,0x7F,0xFF,0x7F,0xFF,0x7F,0xFF,0x7F,0xFF,0x7F,0xFF,0x7F,
	0xFF,0x7F,0xFF,0x7F,0xFF,0x7F,0xFF,0x7F,0xFF,0x7F,0xFF,0x7F,0xFF,0x7F,0xFF,0x7F,
	0xFF,0x7F,0xFF,0x7F,0xFF,0x7F,0xFF,0x7F,0xFF,0x7F,0xFF,0x7F,0xFF,0x7F,0xFF,0x7F,
	0xB5,0x56,0xFF,0x7F,0xFF,0x7F,0xFF,0x7F,0xFF,0x7F,0xFF,0x7F,0xFF,0x7F,0xFF,0x7F,
	0xFF,0x7F,0xFF,0x7F,0xFF,0x7F,0xFF,0x7F,0xFF,0x7F,0xFF,0x7F,0xFF,0x7F,0xFF,0x7F,
	0xFF,0x7F,0xFF,0x7F,0xFF,0x7F,0xFF,0x7F,0xFF,0x7F,0xFF,0x7F,0xFF,0x7F,0xFF,0x7F,
	0xFF,0x7F,0xFF,0x7F,0xFF,0x7F,0xFF,0x7F,0xFF,0x7F,0xFF,0x7F,0xFF,0x7F,0xFF,0x7F,
	0xFF,0x7F,0xFF,0x7F,0xFF,0x7F,0xFF,0x7F,0xFF,0x7F,0xFF,0x7F,0xFF,0x7F,0xFF,0x7F,

	0xFF,0x7F,0xFF,0x7F,0xFF,0x7F,0xFF,0x7F,0xFF,0x7F,0xFF,0x7F,0xFF,0x7F,0xFF,0x7F,
	0xB5,0x56,0xFF,0x7F,0xFF,0x7F,0xFF,0x7F,0xFF,0x7F,0xFF,0x7F,0xFF,0x7F,0xFF,0x7F,
	0xFF,0x7F,0xFF,0x7F,0xFF,0x7F,0xFF,0x7F,0xFF,0x7F,0xFF,0x7F,0xFF,0x7F,0xFF,0x7F,
	0xFF,0x7F,0xFF,0x7F,0xFF,0x7F,0xFF,0x7F,0xFF,0x7F,0xFF,0x7F,0xFF,0x7F,0xFF,0x7F,
	0xFF,0x7F,0xFF,0x7F,0xFF,0x7F,0xFF,0x7F,0xFF,0x7F,0xFF,0x7F,0xFF,0x7F,0xFF,0x7F,
	0xFF,0x7F,0xFF,0x7F,0xFF,0x7F,0xFF,0x7F,0xFF,0x7F,0xFF,0x7F,0xFF,0x7F,0xFF,0x7F,
	0xFF,0x7F,0xFF,0x7F,0xFF,0x7F,0xFF,0x7F,0xFF,0x7F,0xFF,0x7F,0xFF,0x7F,0xFF,0x7F,
	0xB5,0x56,0xFF,0x7F,0xFF,0x7F,0xFF,0x7F,0xFF,0x7F,0xFF,0x7F,0xFF,0x7F,0xFF,0x7F,

	0xFF,0x7F,0xFF,0x7F,0xFF,0x7F,0xFF,0x7F,0xFF,0x7F,0xFF,0x7F,0xFF,0x7F,0xFF,0x7F,
	0xFF,0x7F,0xFF,0x7F,0xFF,0x7F,0xFF,0x7F,0xFF,0x7F,0xFF,0x7F,0xFF,0x7F,0xFF,0x7F,
	0xFF,0x7F,0xFF,0x7F,0xFF,0x7F,0xFF,0x7F,0xFF,0x7F,0xFF,0x7F,0xFF,0x7F,0xFF,0x7F,
	0xFF,0x7F,0xFF,0x7F,0xFF,0x7F,0xFF,0x7F,0xFF,0x7F,0xFF,0x7F,0xFF,0x7F,0xFF,0x7F,
	0xFF,0x7F,0xFF,0x7F,0xFF,0x7F,0xFF,0x7F,0xFF,0x7F,0xFF,0x7F,0xFF,0x7F,0xFF,0x7F,
	0xB5,0x56,0xFF,0x7F,0xFF,0x7F,0xFF,0x7F,0xFF,0x7F,0xFF,0x7F,0xFF,0x7F,0xFF,0x7F,
	0xFF,0x7F,0xFF,0x7F,0xFF,0x7F,0xFF,0x7F,0xFF,0x7F,0xFF,0x7F,0xFF,0x7F,0xFF,0x7F,
	0xFF,0x7F,0xFF,0x7F,0xFF,0x7F,0xFF,0x7F,0xFF,0x7F,0xFF,0x7F,0xFF,0x7F,0xFF,0x7F,

	0x9C,0x73,0x9C,0x73,0x9C,0x73,0x9C,0x73,0x9C,0x73,0x9C,0x73,0x9C,0x73,0x9C,0x73,
	0x9C,0x73,0x9C,0x73,0x9C,0x73,0x9C,0x73,0x9C,0x73,0x9C,0x73,0x9C,0x73,0x9C,0x73,
	0x9C,0x73,0x9C,0x73,0x9C,0x73,0x9C,0x73,0x9C,0x73,0x9C,0x73,0x9C,0x73,0x9C,0x73,
	0xB5,0x56,0x9C,0x73,0x9C,0x73,0x9C,0x73,0x9C,0x73,0x9C,0x73,0x9C,0x73,0x9C,0x73,
	0x9C,0x73,0x9C,0x73,0x9C,0x73,0x9C,0x73,0x9C,0x73,0x9C,0x73,0x9C,0x73,0x9C,0x73,
	0x9C,0x73,0x9C,0x73,0x9C,0x73,0x9C,0x73,0x9C,0x73,0x9C,0x73,0x9C,0x73,0x9C,0x73,
	0x9C,0x73,0x9C,0x73,0x9C,0x73,0x9C,0x73,0x9C,0x73,0x9C,0x73,0x9C,0x73,0x9C,0x73,
	0x9C,0x73,0x9C,0x73,0x9C,0x73,0x9C,0x73,0x9C,0x73,0x9C,0x73,0x9C,0x73,0x9C,0x73,

	0x9C,0x73,0x9C,0x73,0x9C,0x73,0x9C,0x73,0x9C,0x73,0x9C,0x73,0x9C,0x73,0x9C,0x73,
	0xB5,0x56,0x9C,0x73,0x9C,0x73,0x9C,0x73,0x9C,0x73,0x9C,0x73,0x9C,0x73,0x9C,0x73,
	0x9C,0x73,0x9C,0x73,0x9C,0x73,0x9C,0x73,0x9C,0x73,0x9C,0x73,0x9C,0x73,0x9C,0x73,
	0x9C,0x73,0x9C,0x73,0x9C,0x73,0x9C,0x73,0x9C,0x73,0x9C,0x73,0x9C,0x73,0x9C,0x73,
	0x9C,0x73,0x9C,0x73,0x9C,0x73,0x9C,0x73,0x9C,0x73,0x9C,0x73,0x9C,0x73,0x9C,0x73,
	0x9C,0x73,0x9C,0x73,0x9C,0x73,0x9C,0x73,0x9C,0x73,0x9C,0x73,0x9C,0x73,0x9C,0x73,
	0x9C,0x73,0x9C,0x73,0x9C,0x73,0x9C,0x73,0x9C,0x73,0x9C,0x73,0x9C,0x73,0x9C,0x73,
	0xB5,0x56,0x9C,0x73,0x9C,0x73,0x9C,0x73,0x9C,0x73,0x9C,0x73,0x9C,0x73,0x9C,0x73,

	0x9C,0x73,0x9C,0x73,0x9C,0x73,0x9C,0x73,0x9C,0x73,0x9C,0x73,0x9C,0x73,0x9C,0x73,
	0x9C,0x73,0x9C,0x73,0x9C,0x73,0x9C,0x73,0x9C,0x73,0x9C,0x73,0x9C,0x73,0x9C,0x73,
	0x9C,0x73,0x9C,0x73,0x9C,0x73,0x9C,0x73,0x9C,0x73,0x9C,0x73,0x9C,0x73,0x9C,0x73,
	0x9C,0x73,0x9C,0x73,0x9C,0x73,0x9C,0x73,0x9C,0x73,0x9C,0x73,0x9C,0x73,0x9C,0x73,
	0x9C,0x73,0x9C,0x73,0x9C,0x73,0x9C,0x73,0x9C,0x73,0x9C,0x73,0x9C,0x73,0x9C,0x73,
	0xB5,0x56,0x9C,0x73,0x9C,0x73,0x9C,0x73,0x9C,0x73,0x9C,0x73,0x9C,0x73,0x9C,0x73,
	0x9C,0x73,0x9C,0x73,0x9C,0x73,0x9C,0x73,0x9C,0x73,0x9C,0x73,0x9C,0x73,0x9C,0x73,
	0x9C,0x73,0x9C,0x73,0x9C,0x73,0x9C,0x73,0x9C,0x73,0x9C,0x73,0x9C,0x73,0x9C,0x73,

	0x9C,0x73,0x9C,0x73,0x9C,0x73,0x9C,0x73,0x9C,0x73,0x9C,0x73,0x9C,0x73,0x9C,0x73,
	0x9C,0x73,0x9C,0x73,0x9C,0x73,0x9C,0x73,0x9C,0x73,0x9C,0x73,0x9C,0x73,0x9C,0x73,
	0x9C,0x73,0x9C,0x73,0x9C,0x73,0x9C,0x73,0x9C,0x73,0x9C,0x73,0x9C,0x73,0x9C,0x73,
	0xB5,0x56,0x9C,0x73,0x9C,0x73,0x9C,0x73,0x9C,0x73,0x9C,0x73,0x9C,0x73,0x9C,0x73,
	0x9C,0x73,0x9C,0x73,0x9C,0x73,0x9C,0x73,0x9C,0x73,0x9C,0x73,0x9C,0x73,0x9C,0x73,
	0x9C,0x73,0x9C,0x73,0x9C,0x73,0x9C,0x73,0x9C,0x73,0x9C,0x73,0x9C,0x73,0x9C,0x73,
	0xFF,0x7F,0xFF,0x7F,0xFF,0x7F,0xFF,0x7F,0xFF,0x7F,0xFF,0x7F,0xFF,0x7F,0xFF,0x7F,
	0xFF,0x7F,0xFF,0x7F,0xFF,0x7F,0xFF,0x7F,0xFF,0x7F,0xFF,0x7F,0xFF,0x7F,0xFF,0x7F,

	0xFF,0x7F,0xFF,0x7F,0xFF,0x7F,0xFF,0x7F,0xFF,0x7F,0xFF,0x7F,0xFF,0x7F,0xFF,0x7F,
	0xB5,0x56,0xFF,0x7F,0xFF,0x7F,0xFF,0x7F,0xFF,0x7F,0xFF,0x7F,0xFF,0x7F,0xFF,0x7F,
	0xFF,0x7F,0xFF,0x7F,0xFF,0x7F,0xFF,0x7F,0xFF,0x7F,0xFF,0x7F,0xFF,0x7F,0xFF,0x7F,
	0xFF,0x7F,0xFF,0x7F,0xFF,0x7F,0xFF,0x7F,0xFF,0x7F,0xFF,0x7F,0xFF,0x7F,0xFF,0x7F,
	0xFF,0x7F,0xFF,0x7F,0xFF,0x7F,0xFF,0x7F,0xFF,0x7F,0xFF,0x7F,0xFF,0x7F,0xFF,0x7F,
	0xFF,0x7F,0xFF,0x7F,0xFF,0x7F,0xFF,0x7F,0xFF,0x7F,0xFF,0x7F,0xFF,0x7F,0xFF,0x7F,
	0xFF,0x7F,0xFF,0x7F,0xFF,0x7F,0xFF,0x7F,0xFF,0x7F,0xFF,0x7F,0xFF,0x7F,0xFF,0x7F,
	0xB5,0x56,0xFF,0x7F,0xFF,0x7F,0xFF,0x7F,0xFF,0x7F,0xFF,0x7F,0xFF,0x7F,0xFF,0x7F,

	0xFF,0x7F,0xFF,0x7F,0xFF,0x7F,0xFF,0x7F,0xFF,0x7F,0xFF,0x7F,0xFF,0x7F,0xFF,0x7F,
	0xFF,0x7F,0xFF,0x7F,0xFF,0x7F,0xFF,0x7F,0xFF,0x7F,0xFF,0x7F,0xFF,0x7F,0xFF,0x7F,
	0xFF,0x7F,0xFF,0x7F,0xFF,0x7F,0xFF,0x7F,0xFF,0x7F,0xFF,0x7F,0xFF,0x7F,0xFF,0x7F,
	0xFF,0x7F,0xFF,0x7F,0xFF,0x7F,0xFF,0x7F,0xFF,0x7F,0xFF,0x7F,0xFF,0x7F,0xFF,0x7F,
	0xFF,0x7F,0xFF,0x7F,0xFF,0x7F,0xFF,0x7F,0xFF,0x7F,0xFF,0x7F,0xFF,0x7F,0xFF,0x7F,
	0xB5,0x56,0xFF,0x7F,0xFF,0x7F,0xFF,0x7F,0xFF,0x7F,0xFF,0x7F,0xFF,0x7F,0xFF,0x7F,
	0xFF,0x7F,0xFF,0x7F,0xFF,0x7F,0xFF,0x7F,0xFF,0x7F,0xFF,0x7F,0xFF,0x7F,0xFF,0x7F,
	0xFF,0x7F,0xFF,0x7F,0xFF,0x7F,0xFF,0x7F,0xFF,0x7F,0xFF,0x7F,0xFF,0x7F,0xFF,0x7F,

	0xFF,0x7F,0xFF,0x7F,0xFF,0x7F,0xFF,0x7F,0xFF,0x7F,0xFF,0x7F,0xFF,0x7F,0xFF,0x7F,
	0xFF,0x7F,0xFF,0x7F,0xFF,0x7F,0xFF,0x7F,0xFF,0x7F,0xFF,0x7F,0xFF,0x7F,0xFF,0x7F,
	0xFF,0x7F,0xFF,0x7F,0xFF,0x7F,0xFF,0x7F,0xFF,0x7F,0xFF,0x7F,0xFF,0x7F,0xFF,0x7F,
	0xB5,0x56,0xFF,0x7F,0xFF,0x7F,0xFF,0x7F,0xFF,0x7F,0xFF,0x7F,0xFF,0x7F,0xFF,0x7F,
	0xFF,0x7F,0xFF,0x7F,0xFF,0x7F,0xFF,0x7F,0xFF,0x7F,0xFF,0x7F,0xFF,0x7F,0xFF,0x7F,
	0xFF,0x7F,0xFF,0x7F,0xFF,0x7F,0xFF,0x7F,0xFF,0x7F,0xFF,0x7F,0xFF,0x7F,0xFF,0x7F,
	0xFF,0x7F,0xFF,0x7F,0xFF,0x7F,0xFF,0x7F,0xFF,0x7F,0xFF,0x7F,0xFF,0x7F,0xFF,0x7F,
	0xFF,0x7F,0xFF,0x7F,0xFF,0x7F,0xFF,0x7F,0xFF,0x7F,0xFF,0x7F,0xFF,0x7F,0xFF,0x7F,

	0xFF,0x7F,0xFF,0x7F,0xFF,0x7F,0xFF,0x7F,0xFF,0x7F,0xFF,0x7F,0xFF,0x7F,0xFF,0x7F,
	0xB5,0x56,0xFF,0x7F,0xFF,0x7F,0xFF,0x7F,0xFF,0x7F,0xFF,0x7F,0xFF,0x7F,0xFF,0x7F,
	0xFF,0x7F,0xFF,0x7F,0xFF,0x7F,0xFF,0x7F,0xFF,0x7F,0xFF,0x7F,0xFF,0x7F,0xFF,0x7F,
	0xFF,0x7F,0xFF,0x7F,0xFF,0x7F,0xFF,0x7F,0xFF,0x7F,0xFF,0x7F,0xFF,0x7F,0xFF,0x7F,
	0x9C,0x73,0x9C,0x73,0x9C,0x73,0x9C,0x73,0x9C,0x73,0x9C,0x73,0x9C,0x73,0x9C,0x73,
	0x9C,0x73,0x9C,0x73,0x9C,0x73,0x9C,0x73,0x9C,0x73,0x9C,0x73,0x9C,0x73,0x9C,0x73,
	0x9C,0x73,0x9C,0x73,0x9C,0x73,0x9C,0x73,0x9C,0x73,0x9C,0x73,0x9C,0x73,0x9C,0x73,
	0xB5,0x56,0x9C,0x73,0x9C,0x73,0x9C,0x73,0x9C,0x73,0x9C,0x73,0x9C,0x73,0x9C,0x73,

	0x9C,0x73,0x9C,0x73,0x9C,0x73,0x9C,0x73,0x9C,0x73,0x9C,0x73,0x9C,0x73,0x9C,0x73,
	0x9C,0x73,0x9C,0x73,0x9C,0x73,0x9C,0x73,0x9C,0x73,0x9C,0x73,0x9C,0x73,0x9C,0x73,
	0x9C,0x73,0x9C,0x73,0x9C,0x73,0x9C,0x73,0x9C,0x73,0x9C,0x73,0x9C,0x73,0x9C,0x73,
	0x9C,0x73,0x9C,0x73,0x9C,0x73,0x9C,0x73,0x9C,0x73,0x9C,0x73,0x9C,0x73,0x9C,0x73,
	0x9C,0x73,0x9C,0x73,0x9C,0x73,0x9C,0x73,0x9C,0x73,0x9C,0x73,0x9C,0x73,0x9C,0x73,
	0xB5,0x56,0x9C,0x73,0x9C,0x73,0x9C,0x73,0x9C,0x73,0x9C,0x73,0x9C,0x73,0x9C,0x73,
	0x9C,0x73,0x9C,0x73,0x9C,0x73,0x9C,0x73,0x9C,0x73,0x9C,0x73,0x9C,0x73,0x9C,0x73,
	0x9C,0x73,0x9C,0x73,0x9C,0x73,0x9C,0x73,0x9C,0x73,0x9C,0x73,0x9C,0x73,0x9C,0x73,

	0x9C,0x73,0x9C,0x73,0x9C,0x73,0x9C,0x73,0x9C,0x73,0x9C,0x73,0x9C,0x73,0x9C,0x73,
	0x9C,0x73,0x9C,0x73,0x9C,0x73,0x9C,0x73,0x9C,0x73,0x9C,0x73,0x9C,0x73,0x9C,0x73,
	0x9C,0x73,0x9C,0x73,0x9C,0x73,0x9C,0x73,0x9C,0x73,0x9C,0x73,0x9C,0x73,0x9C,0x73,
	0xB5,0x56,0x9C,0x73,0x9C,0x73,0x9C,0x73,0x9C,0x73,0x9C,0x73,0x9C,0x73,0x9C,0x73,
	0x9C,0x73,0x9C,0x73,0x9C,0x73,0x9C,0x73,0x9C,0x73,0x9C,0x73,0x9C,0x73,0x9C,0x73,
	0x9C,0x73,0x9C,0x73,0x9C,0x73,0x9C,0x73,0x9C,0x73,0x9C,0x73,0x9C,0x73,0x9C,0x73,
	0x9C,0x73,0x9C,0x73,0x9C,0x73,0x9C,0x73,0x9C,0x73,0x9C,0x73,0x9C,0x73,0x9C,0x73,
	0x9C,0x73,0x9C,0x73,0x9C,0x73,0x9C,0x73,0x9C,0x73,0x9C,0x73,0x9C,0x73,0x9C,0x73,

	0x9C,0x73,0x9C,0x73,0x9C,0x73,0x9C,0x73,0x9C,0x73,0x9C,0x73,0x9C,0x73,0x9C,0x73,
	0xB5,0x56,0x9C,0x73,0x9C,0x73,0x9C,0x73,0x9C,0x73,0x9C,0x73,0x9C,0x73,0x9C,0x73,
	0x9C,0x73,0x9C,0x73,0x9C,0x73,0x9C,0x73,0x9C,0x73,0x9C,0x73,0x9C,0x73,0x9C,0x73,
	0x9C,0x73,0x9C,0x73,0x9C,0x73,0x9C,0x73,0x9C,0x73,0x9C,0x73,0x9C,0x73,0x9C,0x73,
	0x9C,0x73,0x9C,0x73,0x9C,0x73,0x9C,0x73,0x9C,0x73,0x9C,0x73,0x9C,0x73,0x9C,0x73,
	0x9C,0x73,0x9C,0x73,0x9C,0x73,0x9C,0x73,0x9C,0x73,0x9C,0x73,0x9C,0x73,0x9C,0x73,
	0x9C,0x73,0x9C,0x73,0x9C,0x73,0x9C,0x73,0x9C,0x73,0x9C,0x73,0x9C,0x73,0x9C,0x73,
	0xB5,0x56,0x9C,0x73,0x9C,0x73,0x9C,0x73,0x9C,0x73,0x9C,0x73,0x9C,0x73,0x9C,0x73,

	0x9C,0x73,0x9C,0x73,0x9C,0x73,0x9C,0x73,0x9C,0x73,0x9C,0x73,0x9C,0x73,0x9C,0x73,
	0x9C,0x73,0x9C,0x73,0x9C,0x73,0x9C,0x73,0x9C,0x73,0x9C,0x73,0x9C,0x73,0x9C,0x73,
	0xFF,0x7F,0xFF,0x7F,0xFF,0x7F,0xFF,0x7F,0xFF,0x7F,0xFF,0x7F,0xFF,0x7F,0xFF,0x7F,
	0xFF,0x7F,0xFF,0x7F,0xFF,0x7F,0xFF,0x7F,0xFF,0x7F,0xFF,0x7F,0xFF,0x7F,0xFF,0x7F,
	0xFF,0x7F,0xFF,0x7F,0xFF,0x7F,0xFF,0x7F,0xFF,0x7F,0xFF,0x7F,0xFF,0x7F,0xFF,0x7F,
	0xB5,0x56,0xFF,0x7F,0xFF,0x7F,0xFF,0x7F,0xFF,0x7F,0xFF,0x7F,0xFF,0x7F,0xFF,0x7F,
	0xFF,0x7F,0xFF,0x7F,0xFF,0x7F,0xFF,0x7F,0xFF,0x7F,0xFF,0x7F,0xFF,0x7F,0xFF,0x7F,
	0xFF,0x7F,0xFF,0x7F,0xFF,0x7F,0xFF,0x7F,0xFF,0x7F,0xFF,0x7F,0xFF,0x7F,0xFF,0x7F,

	0xFF,0x7F,0xFF,0x7F,0xFF,0x7F,0xFF,0x7F,0xFF,0x7F,0xFF,0x7F,0xFF,0x7F,0xFF,0x7F,
	0xFF,0x7F,0xFF,0x7F,0xFF,0x7F,0xFF,0x7F,0xFF,0x7F,0xFF,0x7F,0xFF,0x7F,0xFF,0x7F,
	0xFF,0x7F,0xFF,0x7F,0xFF,0x7F,0xFF,0x7F,0xFF,0x7F,0xFF,0x7F,0xFF,0x7F,0xFF,0x7F,
	0xB5,0x56,0xFF,0x7F,0xFF,0x7F,0xFF,0x7F,0xFF,0x7F,0xFF,0x7F,0xFF,0x7F,0xFF,0x7F,
	0xFF,0x7F,0xFF,0x7F,0xFF,0x7F,0xFF,0x7F,0xFF,0x7F,0xFF,0x7F,0xFF,0x7F,0xFF,0x7F,
	0xFF,0x7F,0xFF,0x7F,0xFF,0x7F,0xFF,0x7F,0xFF,0x7F,0xFF,0x7F,0xFF,0x7F,0xFF,0x7F,
	0xFF,0x7F,0xFF,0x7F,0xFF,0x7F,0xFF,0x7F,0xFF,0x7F,0xFF,0x7F,0xFF,0x7F,0xFF,0x7F,
	0xFF,0x7F,0xFF,0x7F,0xFF,0x7F,0xFF,0x7F,0xFF,0x7F,0xFF,0x7F,0xFF,0x7F,0xFF,0x7F,

	0xFF,0x7F,0xFF,0x7F,0xFF,0x7F,0xFF,0x7F,0xFF,0x7F,0xFF,0x7F,0xFF,0x7F,0xFF,0x7F,
	0xB5,0x56,0xFF,0x7F,0xFF,0x7F,0xFF,0x7F,0xFF,0x7F,0xFF,0x7F,0xFF,0x7F,0xFF,0x7F,
	0xFF,0x7F,0xFF,0x7F,0xFF,0x7F,0xFF,0x7F,0xFF,0x7F,0xFF,0x7F,0xFF,0x7F,0xFF,0x7F,
	0xFF,0x7F,0xFF,0x7F,0xFF,0x7F,0xFF,0x7F,0xFF,0x7F,0xFF,0x7F,0xFF,0x7F,0xFF,0x7F,
	0xFF,0x7F,0xFF,0x7F,0xFF,0x7F,0xFF,0x7F,0xFF,0x7F,0xFF,0x7F,0xFF,0x7F,0xFF,0x7F,
	0xFF,0x7F,0xFF,0x7F,0xFF,0x7F,0xFF,0x7F,0xFF,0x7F,0xFF,0x7F,0xFF,0x7F,0xFF,0x7F,
	0xFF,0x7F,0xFF,0x7F,0xFF,0x7F,0xFF,0x7F,0xFF,0x7F,0xFF,0x7F,0xFF,0x7F,0xFF,0x7F,
	0xB5,0x56,0xFF,0x7F,0xFF,0x7F,0xFF,0x7F,0xFF,0x7F,0xFF,0x7F,0xFF,0x7F,0xFF,0x7F,

	0xFF,0x7F,0xFF,0x7F,0xFF,0x7F,0xFF,0x7F,0xFF,0x7F,0xFF,0x7F,0xFF,0x7F,0xFF,0x7F,
	0xFF,0x7F,0xFF,0x7F,0xFF,0x7F,0xFF,0x7F,0xFF,0x7F,0xFF,0x7F,0xFF,0x7F,0xFF,0x7F,
	0xFF,0x7F,0xFF,0x7F,0xFF,0x7F,0xFF,0x7F,0xFF,0x7F,0xFF,0x7F,0xFF,0x7F,0xFF,0x7F,
	0xFF,0x7F,0xFF,0x7F,0xFF,0x7F,0xFF,0x7F,0xFF,0x7F,0xFF,0x7F,0xFF,0x7F,0xFF,0x7F,
	0xFF,0x7F,0xFF,0x7F,0xFF,0x7F,0xFF,0x7F,0xFF,0x7F,0xFF,0x7F,0xFF,0x7F,0xFF,0x7F,
	0xB5,0x56,0xFF,0x7F,0xFF,0x7F,0xFF,0x7F,0xFF,0x7F,0xFF,0x7F,0xFF,0x7F,0xFF,0x7F,
	0xFF,0x7F,0xFF,0x7F,0xFF,0x7F,0xFF,0x7F,0xFF,0x7F,0xFF,0x7F,0xFF,0x7F,0xFF,0x7F,
	0xFF,0x7F,0xFF,0x7F,0xFF,0x7F,0xFF,0x7F,0xFF,0x7F,0xFF,0x7F,0xFF,0x7F,0xFF,0x7F,

	0x9C,0x73,0x9C,0x73,0x9C,0x73,0x9C,0x73,0x9C,0x73,0x9C,0x73,0x9C,0x73,0x9C,0x73,
	0x9C,0x73,0x9C,0x73,0x9C,0x73,0x9C,0x73,0x9C,0x73,0x9C,0x73,0x9C,0x73,0x9C,0x73,
	0x9C,0x73,0x9C,0x73,0x9C,0x73,0x9C,0x73,0x9C,0x73,0x9C,0x73,0x9C,0x73,0x9C,0x73,
	0xB5,0x56,0x9C,0x73,0x9C,0x73,0x9C,0x73,0x9C,0x73,0x9C,0x73,0x9C,0x73,0x9C,0x73,
	0x9C,0x73,0x9C,0x73,0x9C,0x73,0x9C,0x73,0x9C,0x73,0x9C,0x73,0x9C,0x73,0x9C,0x73,
	0x9C,0x73,0x9C,0x73,0x9C,0x73,0x9C,0x73,0x9C,0x73,0x9C,0x73,0x9C,0x73,0x9C,0x73,
	0x9C,0x73,0x9C,0x73,0x9C,0x73,0x9C,0x73,0x9C,0x73,0x9C,0x73,0x9C,0x73,0x9C,0x73,
	0x9C,0x73,0x9C,0x73,0x9C,0x73,0x9C,0x73,0x9C,0x73,0x9C,0x73,0x9C,0x73,0x9C,0x73,

	0x9C,0x73,0x9C,0x73,0x9C,0x73,0x9C,0x73,0x9C,0x73,0x9C,0x73,0x9C,0x73,0x9C,0x73,
	0xB5,0x56,0x9C,0x73,0x9C,0x73,0x9C,0x73,0x9C,0x73,0x9C,0x73,0x9C,0x73,0x9C,0x73,
	0x9C,0x73,0x9C,0x73,0x9C,0x73,0x9C,0x73,0x9C,0x73,0x9C,0x73,0x9C,0x73,0x9C,0x73,
	0x9C,0x73,0x9C,0x73,0x9C,0x73,0x9C,0x73,0x9C,0x73,0x9C,0x73,0x9C,0x73,0x9C,0x73,
	0x9C,0x73,0x9C,0x73,0x9C,0x73,0x9C,0x73,0x9C,0x73,0x9C,0x73,0x9C,0x73,0x9C,0x73,
	0x9C,0x73,0x9C,0x73,0x9C,0x73,0x9C,0x73,0x9C,0x73,0x9C,0x73,0x9C,0x73,0x9C,0x73,
	0x9C,0x73,0x9C,0x73,0x9C,0x73,0x9C,0x73,0x9C,0x73,0x9C,0x73,0x9C,0x73,0x9C,0x73,
	0xB5,0x56,0x9C,0x73,0x9C,0x73,0x9C,0x73,0x9C,0x73,0x9C,0x73,0x9C,0x73,0x9C,0x73,

	0x9C,0x73,0x9C,0x73,0x9C,0x73,0x9C,0x73,0x9C,0x73,0x9C,0x73,0x9C,0x73,0x9C,0x73,
	0x9C,0x73,0x9C,0x73,0x9C,0x73,0x9C,0x73,0x9C,0x73,0x9C,0x73,0x9C,0x73,0x9C,0x73,
	0x9C,0x73,0x9C,0x73,0x9C,0x73,0x9C,0x73,0x9C,0x73,0x9C,0x73,0x9C,0x73,0x9C,0x73,
	0x9C,0x73,0x9C,0x73,0x9C,0x73,0x9C,0x73,0x9C,0x73,0x9C,0x73,0x9C,0x73,0x9C,0x73,
	0x9C,0x73,0x9C,0x73,0x9C,0x73,0x9C,0x73,0x9C,0x73,0x9C,0x73,0x9C,0x73,0x9C,0x73,
	0xB5,0x56,0x9C,0x73,0x9C,0x73,0x9C,0x73,0x9C,0x73,0x9C,0x73,0x9C,0x73,0x9C,0x73,
	0x9C,0x73,0x9C,0x73,0x9C,0x73,0x9C,0x73,0x9C,0x73,0x9C,0x73,0x9C,0x73,0x9C,0x73,
	0x9C,0x73,0x9C,0x73,0x9C,0x73,0x9C,0x73,0x9C,0x73,0x9C,0x73,0x9C,0x73,0x9C,0x73,

	0x9C,0x73,0x9C,0x73,0x9C,0x73,0x9C,0x73,0x9C,0x73,0x9C,0x73,0x9C,0x73,0x9C,0x73,
	0x9C,0x73,0x9C,0x73,0x9C,0x73,0x9C,0x73,0x9C,0x73,0x9C,0x73,0x9C,0x73,0x9C,0x73,
	0x9C,0x73,0x9C,0x73,0x9C,0x73,0x9C,0x73,0x9C,0x73,0x9C,0x73,0x9C,0x73,0x9C,0x73,
	0xB5,0x56,0x9C,0x73,0x9C,0x73,0x9C,0x73,0x9C,0x73,0x9C,0x73,0x9C,0x73,0x9C,0x73,
	0x9C,0x73,0x9C,0x73,0x9C,0x73,0x9C,0x73,0x9C,0x73,0x9C,0x73,0x9C,0x73,0x9C,0x73,
	0x9C,0x73,0x9C,0x73,0x9C,0x73,0x9C,0x73,0x9C,0x73,0x9C,0x73,0x9C,0x73,0x9C,0x73,
	0xFF,0x7F,0xFF,0x7F,0xFF,0x7F,0xFF,0x7F,0xFF,0x7F,0xFF,0x7F,0xFF,0x7F,0xFF,0x7F,
	0xFF,0x7F,0xFF,0x7F,0xFF,0x7F,0xFF,0x7F,0xFF,0x7F,0xFF,0x7F,0xFF,0x7F,0xFF,0x7F,

	0xFF,0x7F,0xFF,0x7F,0xFF,0x7F,0xFF,0x7F,0xFF,0x7F,0xFF,0x7F,0xFF,0x7F,0xFF,0x7F,
	0xB5,0x56,0xFF,0x7F,0xFF,0x7F,0xFF,0x7F,0xFF,0x7F,0xFF,0x7F,0xFF,0x7F,0xFF,0x7F,
	0xFF,0x7F,0xFF,0x7F,0xFF,0x7F,0xFF,0x7F,0xFF,0x7F,0xFF,0x7F,0xFF,0x7F,0xFF,0x7F,
	0xFF,0x7F,0xFF,0x7F,0xFF,0x7F,0xFF,0x7F,0xFF,0x7F,0xFF,0x7F,0xFF,0x7F,0xFF,0x7F,
	0xFF,0x7F,0xFF,0x7F,0xFF,0x7F,0xFF,0x7F,0xFF,0x7F,0xFF,0x7F,0xFF,0x7F,0xFF,0x7F,
	0xFF,0x7F,0xFF,0x7F,0xFF,0x7F,0xFF,0x7F,0xFF,0x7F,0xFF,0x7F,0xFF,0x7F,0xFF,0x7F,
	0xFF,0x7F,0xFF,0x7F,0xFF,0x7F,0xFF,0x7F,0xFF,0x7F,0xFF,0x7F,0xFF,0x7F,0xFF,0x7F,
	0xB5,0x56,0xFF,0x7F,0xFF,0x7F,0xFF,0x7F,0xFF,0x7F,0xFF,0x7F,0xFF,0x7F,0xFF,0x7F,

	0xFF,0x7F,0xFF,0x7F,0xFF,0x7F,0xFF,0x7F,0xFF,0x7F,0xFF,0x7F,0xFF,0x7F,0xFF,0x7F,
	0xFF,0x7F,0xFF,0x7F,0xFF,0x7F,0xFF,0x7F,0xFF,0x7F,0xFF,0x7F,0xFF,0x7F,0xFF,0x7F,
	0xFF,0x7F,0xFF,0x7F,0xFF,0x7F,0xFF,0x7F,0xFF,0x7F,0xFF,0x7F,0xFF,0x7F,0xFF,0x7F,
	0xFF,0x7F,0xFF,0x7F,0xFF,0x7F,0xFF,0x7F,0xFF,0x7F,0xFF,0x7F,0xFF,0x7F,0xFF,0x7F,
	0xFF,0x7F,0xFF,0x7F,0xFF,0x7F,0xFF,0x7F,0xFF,0x7F,0xFF,0x7F,0xFF,0x7F,0xFF,0x7F,
	0xB5,0x56,0xFF,0x7F,0xFF,0x7F,0xFF,0x7F,0xFF,0x7F,0xFF,0x7F,0xFF,0x7F,0xFF,0x7F,
	0xFF,0x7F,0xFF,0x7F,0xFF,0x7F,0xFF,0x7F,0xFF,0x7F,0xFF,0x7F,0xFF,0x7F,0xFF,0x7F,
	0xFF,0x7F,0xFF,0x7F,0xFF,0x7F,0xFF,0x7F,0xFF,0x7F,0xFF,0x7F,0xFF,0x7F,0xFF,0x7F,

	0xFF,0x7F,0xFF,0x7F,0xFF,0x7F,0xFF,0x7F,0xFF,0x7F,0xFF,0x7F,0xFF,0x7F,0xFF,0x7F,
	0xFF,0x7F,0xFF,0x7F,0xFF,0x7F,0xFF,0x7F,0xFF,0x7F,0xFF,0x7F,0xFF,0x7F,0xFF,0x7F,
	0xFF,0x7F,0xFF,0x7F,0xFF,0x7F,0xFF,0x7F,0xFF,0x7F,0xFF,0x7F,0xFF,0x7F,0xFF,0x7F,
	0xB5,0x56,0xFF,0x7F,0xFF,0x7F,0xFF,0x7F,0xFF,0x7F,0xFF,0x7F,0xFF,0x7F,0xFF,0x7F,
	0xFF,0x7F,0xFF,0x7F,0xFF,0x7F,0xFF,0x7F,0xFF,0x7F,0xFF,0x7F,0xFF,0x7F,0xFF,0x7F,
	0xFF,0x7F,0xFF,0x7F,0xFF,0x7F,0xFF,0x7F,0xFF,0x7F,0xFF,0x7F,0xFF,0x7F,0xFF,0x7F,
	0xFF,0x7F,0xFF,0x7F,0xFF,0x7F,0xFF,0x7F,0xFF,0x7F,0xFF,0x7F,0xFF,0x7F,0xFF,0x7F,
	0xFF,0x7F,0xFF,0x7F,0xFF,0x7F,0xFF,0x7F,0xFF,0x7F,0xFF,0x7F,0xFF,0x7F,0xFF,0x7F,

	0xFF,0x7F,0xFF,0x7F,0xFF,0x7F,0xFF,0x7F,0xFF,0x7F,0xFF,0x7F,0xFF,0x7F,0xFF,0x7F,
	0xB5,0x56,0xFF,0x7F,0xFF,0x7F,0xFF,0x7F,0xFF,0x7F,0xFF,0x7F,0xFF,0x7F,0xFF,0x7F,
	0xFF,0x7F,0xFF,0x7F,0xFF,0x7F,0xFF,0x7F,0xFF,0x7F,0xFF,0x7F,0xFF,0x7F,0xFF,0x7F,
	0xFF,0x7F,0xFF,0x7F,0xFF,0x7F,0xFF,0x7F,0xFF,0x7F,0xFF,0x7F,0xFF,0x7F,0xFF,0x7F,
	0x9C,0x73,0x9C,0x73,0x9C,0x73,0x9C,0x73,0x9C,0x73,0x9C,0x73,0x9C,0x73,0x9C,0x73,
	0x9C,0x73,0x9C,0x73,0x9C,0x73,0x9C,0x73,0x9C,0x73,0x9C,0x73,0x9C,0x73,0x9C,0x73,
	0x9C,0x73,0x9C,0x73,0x9C,0x73,0x9C,0x73,0x9C,0x73,0x9C,0x73,0x9C,0x73,0x9C,0x73,
	0xB5,0x56,0x9C,0x73,0x9C,0x73,0x9C,0x73,0x9C,0x73,0x9C,0x73,0x9C,0x73,0x9C,0x73,

	0x9C,0x73,0x9C,0x73,0x9C,0x73,0x9C,0x73,0x9C,0x73,0x9C,0x73,0x9C,0x73,0x9C,0x73,
	0x9C,0x73,0x9C,0x73,0x9C,0x73,0x9C,0x73,0x9C,0x73,0x9C,0x73,0x9C,0x73,0x9C,0x73,
	0x9C,0x73,0x9C,0x73,0x9C,0x73,0x9C,0x73,0x9C,0x73,0x9C,0x73,0x9C,0x73,0x9C,0x73,
	0x9C,0x73,0x9C,0x73,0x9C,0x73,0x9C,0x73,0x9C,0x73,0x9C,0x73,0x9C,0x73,0x9C,0x73,
	0x9C,0x73,0x9C,0x73,0x9C,0x73,0x9C,0x73,0x9C,0x73,0x9C,0x73,0x9C,0x73,0x9C,0x73,
	0xB5,0x56,0x9C,0x73,0x9C,0x73,0x9C,0x73,0x9C,0x73,0x9C,0x73,0x9C,0x73,0x9C,0x73,
	0x9C,0x73,0x9C,0x73,0x9C,0x73,0x9C,0x73,0x9C,0x73,0x9C,0x73,0x9C,0x73,0x9C,0x73,
	0x9C,0x73,0x9C,0x73,0x9C,0x73,0x9C,0x73,0x9C,0x73,0x9C,0x73,0x9C,0x73,0x9C,0x73,

	0x9C,0x73,0x9C,0x73,0x9C,0x73,0x9C,0x73,0x9C,0x73,0x9C,0x73,0x9C,0x73,0x9C,0x73,
	0x9C,0x73,0x9C,0x73,0x9C,0x73,0x9C,0x73,0x9C,0x73,0x9C,0x73,0x9C,0x73,0x9C,0x73,
	0x9C,0x73,0x9C,0x73,0x9C,0x73,0x9C,0x73,0x9C,0x73,0x9C,0x73,0x9C,0x73,0x9C,0x73,
	0xB5,0x56,0x9C,0x73,0x9C,0x73,0x9C,0x73,0x9C,0x73,0x9C,0x73,0x9C,0x73,0x9C,0x73,
	0x9C,0x73,0x9C,0x73,0x9C,0x73,0x9C,0x73,0x9C,0x73,0x9C,0x73,0x9C,0x73,0x9C,0x73,
	0x9C,0x73,0x9C,0x73,0x9C,0x73,0x9C,0x73,0x9C,0x73,0x9C,0x73,0x9C,0x73,0x9C,0x73,
	0x9C,0x73,0x9C,0x73,0x9C,0x73,0x9C,0x73,0x9C,0x73,0x9C,0x73,0x9C,0x73,0x9C,0x73,
	0x9C,0x73,0x9C,0x73,0x9C,0x73,0x9C,0x73,0x9C,0x73,0x9C,0x73,0x9C,0x73,0x9C,0x73,

	0x9C,0x73,0x9C,0x73,0x9C,0x73,0x9C,0x73,0x9C,0x73,0x9C,0x73,0x9C,0x73,0x9C,0x73,
	0xB5,0x56,0x9C,0x73,0x9C,0x73,0x9C,0x73,0x9C,0x73,0x9C,0x73,0x9C,0x73,0x9C,0x73,
	0x9C,0x73,0x9C,0x73,0x9C,0x73,0x9C,0x73,0x9C,0x73,0x9C,0x73,0x9C,0x73,0x9C,0x73,
	0x9C,0x73,0x9C,0x73,0x9C,0x73,0x9C,0x73,0x9C,0x73,0x9C,0x73,0x9C,0x73,0x9C,0x73,
	0x9C,0x73,0x9C,0x73,0x9C,0x73,0x9C,0x73,0x9C,0x73,0x9C,0x73,0x9C,0x73,0x9C,0x73,
	0x9C,0x73,0x9C,0x73,0x9C,0x73,0x9C,0x73,0x9C,0x73,0x9C,0x73,0x9C,0x73,0x9C,0x73,
	0x9C,0x73,0x9C,0x73,0x9C,0x73,0x9C,0x73,0x9C,0x73,0x9C,0x73,0x9C,0x73,0x9C,0x73,
	0xB5,0x56,0x9C,0x73,0x9C,0x73,0x9C,0x73,0x9C,0x73,0x9C,0x73,0x9C,0x73,0x9C,0x73,

	0x9C,0x73,0x9C,0x73,0x9C,0x73,0x9C,0x73,0x9C,0x73,0x9C,0x73,0x9C,0x73,0x9C,0x73,
	0x9C,0x73,0x9C,0x73,0x9C,0x73,0x9C,0x73,0x9C,0x73,0x9C,0x73,0x9C,0x73,0x9C,0x73,
	0xFF,0x7F,0xFF,0x7F,0xFF,0x7F,0xFF,0x7F,0xFF,0x7F,0xFF,0x7F,0xFF,0x7F,0xFF,0x7F,
	0xFF,0x7F,0xFF,0x7F,0xFF,0x7F,0xFF,0x7F,0xFF,0x7F,0xFF,0x7F,0xFF,0x7F,0xFF,0x7F,
	0xFF,0x7F,0xFF,0x7F,0xFF,0x7F,0xFF,0x7F,0xFF,0x7F,0xFF,0x7F,0xFF,0x7F,0xFF,0x7F,
	0xB5,0x56,0xFF,0x7F,0xFF,0x7F,0xFF,0x7F,0xFF,0x7F,0xFF,0x7F,0xFF,0x7F,0xFF,0x7F,
	0xFF,0x7F,0xFF,0x7F,0xFF,0x7F,0xFF,0x7F,0xFF,0x7F,0xFF,0x7F,0xFF,0x7F,0xFF,0x7F,
	0xFF,0x7F,0xFF,0x7F,0xFF,0x7F,0xFF,0x7F,0xFF,0x7F,0xFF,0x7F,0xFF,0x7F,0xFF,0x7F,

	0xFF,0x7F,0xFF,0x7F,0xFF,0x7F,0xFF,0x7F,0xFF,0x7F,0xFF,0x7F,0xFF,0x7F,0xFF,0x7F,
	0xFF,0x7F,0xFF,0x7F,0xFF,0x7F,0xFF,0x7F,0xFF,0x7F,0xFF,0x7F,0xFF,0x7F,0xFF,0x7F,
	0xFF,0x7F,0xFF,0x7F,0xFF,0x7F,0xFF,0x7F,0xFF,0x7F,0xFF,0x7F,0xFF,0x7F,0xFF,0x7F,
	0xB5,0x56,0xFF,0x7F,0xFF,0x7F,0xFF,0x7F,0xFF,0x7F,0xFF,0x7F,0xFF,0x7F,0xFF,0x7F,
	0xFF,0x7F,0xFF,0x7F,0xFF,0x7F,0xFF,0x7F,0xFF,0x7F,0xFF,0x7F,0xFF,0x7F,0xFF,0x7F,
	0xFF,0x7F,0xFF,0x7F,0xFF,0x7F,0xFF,0x7F,0xFF,0x7F,0xFF,0x7F,0xFF,0x7F,0xFF,0x7F,
	0xFF,0x7F,0xFF,0x7F,0xFF,0x7F,0xFF,0x7F,0xFF,0x7F,0xFF,0x7F,0xFF,0x7F,0xFF,0x7F,
	0xFF,0x7F,0xFF,0x7F,0xFF,0x7F,0xFF,0x7F,0xFF,0x7F,0xFF,0x7F,0xFF,0x7F,0xFF,0x7F,

	0xFF,0x7F,0xFF,0x7F,0xFF,0x7F,0xFF,0x7F,0xFF,0x7F,0xFF,0x7F,0xFF,0x7F,0xFF,0x7F,
	0xB5,0x56,0xFF,0x7F,0xFF,0x7F,0xFF,0x7F,0xFF,0x7F,0xFF,0x7F,0xFF,0x7F,0xFF,0x7F,
	0xFF,0x7F,0xFF,0x7F,0xFF,0x7F,0xFF,0x7F,0xFF,0x7F,0xFF,0x7F,0xFF,0x7F,0xFF,0x7F,
	0xFF,0x7F,0xFF,0x7F,0xFF,0x7F,0xFF,0x7F,0xFF,0x7F,0xFF,0x7F,0xFF,0x7F,0xFF,0x7F,
	0xFF,0x7F,0xFF,0x7F,0xFF,0x7F,0xFF,0x7F,0xFF,0x7F,0xFF,0x7F,0xFF,0x7F,0xFF,0x7F,
	0xFF,0x7F,0xFF,0x7F,0xFF,0x7F,0xFF,0x7F,0xFF,0x7F,0xFF,0x7F,0xFF,0x7F,0xFF,0x7F,
	0xFF,0x7F,0xFF,0x7F,0xFF,0x7F,0xFF,0x7F,0xFF,0x7F,0xFF,0x7F,0xFF,0x7F,0xFF,0x7F,
	0xB5,0x56,0xFF,0x7F,0xFF,0x7F,0xFF,0x7F,0xFF,0x7F,0xFF,0x7F,0xFF,0x7F,0xFF,0x7F,

	0xFF,0x7F,0xFF,0x7F,0xFF,0x7F,0xFF,0x7F,0xFF,0x7F,0xFF,0x7F,0xFF,0x7F,0xFF,0x7F,
	0xFF,0x7F,0xFF,0x7F,0xFF,0x7F,0xFF,0x7F,0xFF,0x7F,0xFF,0x7F,0xFF,0x7F,0xFF,0x7F,
	0xFF,0x7F,0xFF,0x7F,0xFF,0x7F,0xFF,0x7F,0xFF,0x7F,0xFF,0x7F,0xFF,0x7F,0xFF,0x7F,
	0xFF,0x7F,0xFF,0x7F,0xFF,0x7F,0xFF,0x7F,0xFF,0x7F,0xFF,0x7F,0xFF,0x7F,0xFF,0x7F,
	0xFF,0x7F,0xFF,0x7F,0xFF,0x7F,0xFF,0x7F,0xFF,0x7F,0xFF,0x7F,0xFF,0x7F,0xFF,0x7F,
	0xB5,0x56,0xFF,0x7F,0xFF,0x7F,0xFF,0x7F,0xFF,0x7F,0xFF,0x7F,0xFF,0x7F,0xFF,0x7F,
	0xFF,0x7F,0xFF,0x7F,0xFF,0x7F,0xFF,0x7F,0xFF,0x7F,0xFF,0x7F,0xFF,0x7F,0xFF,0x7F,
	0xFF,0x7F,0xFF,0x7F,0xFF,0x7F,0xFF,0x7F,0xFF,0x7F,0xFF,0x7F,0xFF,0x7F,0xFF,0x7F,

	0x9C,0x73,0x9C,0x73,0x9C,0x73,0x9C,0x73,0x9C,0x73,0x9C,0x73,0x9C,0x73,0x9C,0x73,
	0x9C,0x73,0x9C,0x73,0x9C,0x73,0x9C,0x73,0x9C,0x73,0x9C,0x73,0x9C,0x73,0x9C,0x73,
	0x9C,0x73,0x9C,0x73,0x9C,0x73,0x9C,0x73,0x9C,0x73,0x9C,0x73,0x9C,0x73,0x9C,0x73,
	0xB5,0x56,0x9C,0x73,0x9C,0x73,0x9C,0x73,0x9C,0x73,0x9C,0x73,0x9C,0x73,0x9C,0x73,
	0x9C,0x73,0x9C,0x73,0x9C,0x73,0x9C,0x73,0x9C,0x73,0x9C,0x73,0x9C,0x73,0x9C,0x73,
	0x9C,0x73,0x9C,0x73,0x9C,0x73,0x9C,0x73,0x9C,0x73,0x9C,0x73,0x9C,0x73,0x9C,0x73,
	0x9C,0x73,0x9C,0x73,0x9C,0x73,0x9C,0x73,0x9C,0x73,0x9C,0x73,0x9C,0x73,0x9C,0x73,
	0x9C,0x73,0x9C,0x73,0x9C,0x73,0x9C,0x73,0x9C,0x73,0x9C,0x73,0x9C,0x73,0x9C,0x73,

	0x9C,0x73,0x9C,0x73,0x9C,0x73,0x9C,0x73,0x9C,0x73,0x9C,0x73,0x9C,0x73,0x9C,0x73,
	0xB5,0x56,0x9C,0x73,0x9C,0x73,0x9C,0x73,0x9C,0x73,0x9C,0x73,0x9C,0x73,0x9C,0x73,
	0x9C,0x73,0x9C,0x73,0x9C,0x73,0x9C,0x73,0x9C,0x73,0x9C,0x73,0x9C,0x73,0x9C,0x73,
	0x9C,0x73,0x9C,0x73,0x9C,0x73,0x9C,0x73,0x9C,0x73,0x9C,0x73,0x9C,0x73,0x9C,0x73,
	0x9C,0x73,0x9C,0x73,0x9C,0x73,0x9C,0x73,0x9C,0x73,0x9C,0x73,0x9C,0x73,0x9C,0x73,
	0x9C,0x73,0x9C,0x73,0x9C,0x73,0x9C,0x73,0x9C,0x73,0x9C,0x73,0x9C,0x73,0x9C,0x73,
	0x9C,0x73,0x9C,0x73,0x9C,0x73,0x9C,0x73,0x9C,0x73,0x9C,0x73,0x9C,0x73,0x9C,0x73,
	0xB5,0x56,0x9C,0x73,0x9C,0x73,0x9C,0x73,0x9C,0x73,0x9C,0x73,0x9C,0x73,0x9C,0x73,

	0x9C,0x73,0x9C,0x73,0x9C,0x73,0x9C,0x73,0x9C,0x73,0x9C,0x73,0x9C,0x73,0x9C,0x73,
	0x9C,0x73,0x9C,0x73,0x9C,0x73,0x9C,0x73,0x9C,0x73,0x9C,0x73,0x9C,0x73,0x9C,0x73,
	0x9C,0x73,0x9C,0x73,0x9C,0x73,0x9C,0x73,0x9C,0x73,0x9C,0x73,0x9C,0x73,0x9C,0x73,
	0x9C,0x73,0x9C,0x73,0x9C,0x73,0x9C,0x73,0x9C,0x73,0x9C,0x73,0x9C,0x73,0x9C,0x73,
	0x9C,0x73,0x9C,0x73,0x9C,0x73,0x9C,0x73,0x9C,0x73,0x9C,0x73,0x9C,0x73,0x9C,0x73,
	0xB5,0x56,0x9C,0x73,0x9C,0x73,0x9C,0x73,0x9C,0x73,0x9C,0x73,0x9C,0x73,0x9C,0x73,
	0x9C,0x73,0x9C,0x73,0x9C,0x73,0x9C,0x73,0x9C,0x73,0x9C,0x73,0x9C,0x73,0x9C,0x73,
	0x9C,0x73,0x9C,0x73,0x9C,0x73,0x9C,0x73,0x9C,0x73,0x9C,0x73,0x9C,0x73,0x9C,0x73,

	0x9C,0x73,0x9C,0x73,0x9C,0x73,0x9C,0x73,0x9C,0x73,0x9C,0x73,0x9C,0x73,0x9C,0x73,
	0x9C,0x73,0x9C,0x73,0x9C,0x73,0x9C,0x73,0x9C,0x73,0x9C,0x73,0x9C,0x73,0x9C,0x73,
	0x9C,0x73,0x9C,0x73,0x9C,0x73,0x9C,0x73,0x9C,0x73,0x9C,0x73,0x9C,0x73,0x9C,0x73,
	0xB5,0x56,0x9C,0x73,0x9C,0x73,0x9C,0x73,0x9C,0x73,0x9C,0x73,0x9C,0x73,0x9C,0x73,
	0x9C,0x73,0x9C,0x73,0x9C,0x73,0x9C,0x73,0x9C,0x73,0x9C,0x73,0x9C,0x73,0x9C,0x73,
	0x9C,0x73,0x9C,0x73,0x9C,0x73,0x9C,0x73,0x9C,0x73,0x9C,0x73,0x9C,0x73,0x9C,0x73,
	0xFF,0x7F,0xFF,0x7F,0xFF,0x7F,0xFF,0x7F,0xFF,0x7F,0xFF,0x7F,0xFF,0x7F,0xFF,0x7F,
	0xFF,0x7F,0xFF,0x7F,0xFF,0x7F,0xFF,0x7F,0xFF,0x7F,0xFF,0x7F,0xFF,0x7F,0xFF,0x7F,

	0xFF,0x7F,0xFF,0x7F,0xFF,0x7F,0xFF,0x7F,0xFF,0x7F,0xFF,0x7F,0xFF,0x7F,0xB5,0x56,
	0xB5,0x56,0xB5,0x56,0xFF,0x7F,0xFF,0x7F,0xFF,0x7F,0xFF,0x7F,0xFF,0x7F,0xFF,0x7F,
	0xFF,0x7F,0xFF,0x7F,0xFF,0x7F,0xFF,0x7F,0xFF,0x7F,0xFF,0x7F,0xFF,0x7F,0xFF,0x7F,
	0xFF,0x7F,0xFF,0x7F,0xFF,0x7F,0xFF,0x7F,0xFF,0x7F,0xFF,0x7F,0xFF,0x7F,0xFF,0x7F,
	0xFF,0x7F,0xFF,0x7F,0xFF,0x7F,0xFF,0x7F,0xFF,0x7F,0xFF,0x7F,0xFF,0x7F,0xFF,0x7F,
	0xFF,0x7F,0xFF,0x7F,0xFF,0x7F,0xFF,0x7F,0xFF,0x7F,0xFF,0x7F,0xFF,0x7F,0xFF,0x7F,
	0xFF,0x7F,0xFF,0x7F,0xFF,0x7F,0xFF,0x7F,0xFF,0x7F,0xFF,0x7F,0xFF,0x7F,0xB5,0x56,
	0xB5,0x56,0xB5,0x56,0xFF,0x7F,0xFF,0x7F,0xFF,0x7F,0xFF,0x7F,0xFF,0x7F,0xFF,0x7F,

	0xFF,0x7F,0xFF,0x7F,0xFF,0x7F,0xFF,0x7F,0xFF,0x7F,0xFF,0x7F,0xFF,0x7F,0xFF,0x7F,
	0xFF,0x7F,0xFF,0x7F,0xFF,0x7F,0xFF,0x7F,0xFF,0x7F,0xFF,0x7F,0xFF,0x7F,0xFF,0x7F,
	0xFF,0x7F,0xFF,0x7F,0xFF,0x7F,0xFF,0x7F,0xFF,0x7F,0xFF,0x7F,0xFF,0x7F,0xFF,0x7F,
	0xFF,0x7F,0xFF,0x7F,0xFF,0x7F,0xFF,0x7F,0xFF,0x7F,0xFF,0x7F,0xFF,0x7F,0xFF,0x7F,
	0xFF,0x7F,0xFF,0x7F,0xFF,0x7F,0xFF,0x7F,0xFF,0x7F,0xFF,0x7F,0xFF,0x7F,0xB5,0x56,
	0xB5,0x56,0xB5,0x56,0xFF,0x7F,0xFF,0x7F,0xFF,0x7F,0xFF,0x7F,0xFF,0x7F,0xFF,0x7F,
	0xFF,0x7F,0xFF,0x7F,0xFF,0x7F,0xFF,0x7F,0xFF,0x7F,0xFF,0x7F,0xFF,0x7F,0xFF,0x7F,
	0xFF,0x7F,0xFF,0x7F,0xFF,0x7F,0xFF,0x7F,0xFF,0x7F,0xFF,0x7F,0xFF,0x7F,0xFF,0x7F,

	0xFF,0x7F,0xFF,0x7F,0xFF,0x7F,0xFF,0x7F,0xFF,0x7F,0xFF,0x7F,0xFF,0x7F,0xFF,0x7F,
	0xFF,0x7F,0xFF,0x7F,0xFF,0x7F,0xFF,0x7F,0xFF,0x7F,0xFF,0x7F,0xFF,0x7F,0xFF,0x7F,
	0xFF,0x7F,0xFF,0x7F,0xFF,0x7F,0xFF,0x7F,0xFF,0x7F,0xFF,0x7F,0xFF,0x7F,0xB5,0x56,
	0xB5,0x56,0xB5,0x56,0xFF,0x7F,0xFF,0x7F,0xFF,0x7F,0xFF,0x7F,0xFF,0x7F,0xFF,0x7F,
	0xFF,0x7F,0xFF,0x7F,0xFF,0x7F,0xFF,0x7F,0xFF,0x7F,0xFF,0x7F,0xFF,0x7F,0xFF,0x7F,
	0xFF,0x7F,0xFF,0x7F,0xFF,0x7F,0xFF,0x7F,0xFF,0x7F,0xFF,0x7F,0xFF,0x7F,0xFF,0x7F,
	0xFF,0x7F,0xFF,0x7F,0xFF,0x7F,0xFF,0x7F,0xFF,0x7F,0xFF,0x7F,0xFF,0x7F,0xFF,0x7F,
	0xFF,0x7F,0xFF,0x7F,0xFF,0x7F,0xFF,0x7F,0xFF,0x7F,0xFF,0x7F,0xFF,0x7F,0xFF,0x7F,

	0xFF,0x7F,0xFF,0x7F,0xFF,0x7F,0xFF,0x7F,0xFF,0x7F,0xFF,0x7F,0xFF,0x7F,0xB5,0x56,
	0xB5,0x56,0xB5,0x56,0xFF,0x7F,0xFF,0x7F,0xFF,0x7F,0xFF,0x7F,0xFF,0x7F,0xFF,0x7F,
	0xFF,0x7F,0xFF,0x7F,0xFF,0x7F,0xFF,0x7F,0xFF,0x7F,0xFF,0x7F,0xFF,0x7F,0xFF,0x7F,
	0xFF,0x7F,0xFF,0x7F,0xFF,0x7F,0xFF,0x7F,0xFF,0x7F,0xFF,0x7F,0xFF,0x7F,0xFF,0x7F,
	0xB5,0x56,0xB5,0x56,0xB5,0x56,0xB5,0x56,0xB5,0x56,0xB5,0x56,0xB5,0x56,0xB5,0x56,
	0xB5,0x56,0xB5,0x56,0xB5,0x56,0xB5,0x56,0xB5,0x56,0xB5,0x56,0xB5,0x56,0xB5,0x56,
	0xB5,0x56,0xB5,0x56,0xB5,0x56,0xB5,0x56,0xB5,0x56,0xB5,0x56,0xB5,0x56,0xB5,0x56,
	0xB5,0x56,0xB5,0x56,0xB5,0x56,0xB5,0x56,0xB5,0x56,0xB5,0x56,0xB5,0x56,0xB5,0x56,

	0xB5,0x56,0xB5,0x56,0xB5,0x56,0xB5,0x56,0xB5,0x56,0xB5,0x56,0xB5,0x56,0xB5,0x56,
	0xB5,0x56,0xB5,0x56,0xB5,0x56,0xB5,0x56,0xB5,0x56,0xB5,0x56,0xB5,0x56,0xB5,0x56,
	0xB5,0x56,0xB5,0x56,0xB5,0x56,0xB5,0x56,0xB5,0x56,0xB5,0x56,0xB5,0x56,0xB5,0x56,
	0xB5,0x56,0xB5,0x56,0xB5,0x56,0xB5,0x56,0xB5,0x56,0xB5,0x56,0xB5,0x56,0xB5,0x56,
	0xB5,0x56,0xB5,0x56,0xB5,0x56,0xB5,0x56,0xB5,0x56,0xB5,0x56,0xB5,0x56,0xB5,0x56,
	0xB5,0x56,0xB5,0x56,0xB5,0x56,0xB5,0x56,0xB5,0x56,0xB5,0x56,0xB5,0x56,0xB5,0x56,
	0xB5,0x56,0xB5,0x56,0xB5,0x56,0xB5,0x56,0xB5,0x56,0xB5,0x56,0xB5,0x56,0xB5,0x56,
	0xB5,0x56,0xB5,0x56,0xB5,0x56,0xB5,0x56,0xB5,0x56,0xB5,0x56,0xB5,0x56,0xB5,0x56,

	0xB5,0x56,0xB5,0x56,0xB5,0x56,0xB5,0x56,0xB5,0x56,0xB5,0x56,0xB5,0x56,0xB5,0x56,
	0xB5,0x56,0xB5,0x56,0xB5,0x56,0xB5,0x56,0xB5,0x56,0xB5,0x56,0xB5,0x56,0xB5,0x56,
	0xB5,0x56,0xB5,0x56,0xB5,0x56,0xB5,0x56,0xB5,0x56,0xB5,0x56,0xB5,0x56,0xB5,0x56,
	0xB5,0x56,0xB5,0x56,0xB5,0x56,0xB5,0x56,0xB5,0x56,0xB5,0x56,0xB5,0x56,0xB5,0x56,
	0xB5,0x56,0xB5,0x56,0xB5,0x56,0xB5,0x56,0xB5,0x56,0xB5,0x56,0xB5,0x56,0xB5,0x56,
	0xB5,0x56,0xB5,0x56,0xB5,0x56,0xB5,0x56,0xB5,0x56,0xB5,0x56,0xB5,0x56,0xB5,0x56,
	0xB5,0x56,0xB5,0x56,0xB5,0x56,0xB5,0x56,0xB5,0x56,0xB5,0x56,0xB5,0x56,0xB5,0x56,
	0xB5,0x56,0xB5,0x56,0xB5,0x56,0xB5,0x56,0xB5,0x56,0xB5,0x56,0xB5,0x56,0xB5,0x56,

	0xB5,0x56,0xB5,0x56,0xB5,0x56,0xB5,0x56,0xB5,0x56,0xB5,0x56,0xB5,0x56,0xB5,0x56,
	0xB5,0x56,0xB5,0x56,0xB5,0x56,0xB5,0x56,0xB5,0x56,0xB5,0x56,0xB5,0x56,0xB5,0x56,
	0xB5,0x56,0xB5,0x56,0xB5,0x56,0xB5,0x56,0xB5,0x56,0xB5,0x56,0xB5,0x56,0xB5,0x56,
	0xB5,0x56,0xB5,0x56,0xB5,0x56,0xB5,0x56,0xB5,0x56,0xB5,0x56,0xB5,0x56,0xB5,0x56,
	0xB5,0x56,0xB5,0x56,0xB5,0x56,0xB5,0x56,0xB5,0x56,0xB5,0x56,0xB5,0x56,0xB5,0x56,
	0xB5,0x56,0xB5,0x56,0xB5,0x56,0xB5,0x56,0xB5,0x56,0xB5,0x56,0xB5,0x56,0xB5,0x56,
	0xB5,0x56,0xB5,0x56,0xB5,0x56,0xB5,0x56,0xB5,0x56,0xB5,0x56,0xB5,0x56,0xB5,0x56,
	0xB5,0x56,0xB5,0x56,0xB5,0x56,0xB5,0x56,0xB5,0x56,0xB5,0x56,0xB5,0x56,0xB5,0x56,

	0xB5,0x56,0xB5,0x56,0xB5,0x56,0xB5,0x56,0xB5,0x56,0xB5,0x56,0xB5,0x56,0xB5,0x56,
	0xB5,0x56,0xB5,0x56,0xB5,0x56,0xB5,0x56,0xB5,0x56,0xB5,0x56,0xB5,0x56,0xB5,0x56,
	0xFF,0x7F,0xFF,0x7F,0xFF,0x7F,0xFF,0x7F,0xFF,0x7F,0xFF,0x7F,0xFF,0x7F,0xFF,0x7F,
	0xFF,0x7F,0xFF,0x7F,0xFF,0x7F,0xFF,0x7F,0xFF,0x7F,0xFF,0x7F,0xFF,0x7F,0xFF,0x7F,
	0xFF,0x7F,0xFF,0x7F,0xFF,0x7F,0xFF,0x7F,0xFF,0x7F,0xFF,0x7F,0xFF,0x7F,0xB5,0x56,
	0xB5,0x56,0xB5,0x56,0xFF,0x7F,0xFF,0x7F,0xFF,0x7F,0xFF,0x7F,0xFF,0x7F,0xFF,0x7F,
	0xFF,0x7F,0xFF,0x7F,0xFF,0x7F,0xFF,0x7F,0xFF,0x7F,0xFF,0x7F,0xFF,0x7F,0xFF,0x7F,
	0xFF,0x7F,0xFF,0x7F,0xFF,0x7F,0xFF,0x7F,0xFF,0x7F,0xFF,0x7F,0xFF,0x7F,0xFF,0x7F,

	0xFF,0x7F,0xFF,0x7F,0xFF,0x7F,0xFF,0x7F,0xFF,0x7F,0xFF,0x7F,0xFF,0x7F,0xFF,0x7F,
	0xFF,0x7F,0xFF,0x7F,0xFF,0x7F,0xFF,0x7F,0xFF,0x7F,0xFF,0x7F,0xFF,0x7F,0xFF,0x7F,
	0xFF,0x7F,0xFF,0x7F,0xFF,0x7F,0xFF,0x7F,0xFF,0x7F,0xFF,0x7F,0xFF,0x7F,0xB5,0x56,
	0xB5,0x56,0xB5,0x56,0xFF,0x7F,0xFF,0x7F,0xFF,0x7F,0xFF,0x7F,0xFF,0x7F,0xFF,0x7F,
	0xFF,0x7F,0xFF,0x7F,0xFF,0x7F,0xFF,0x7F,0xFF,0x7F,0xFF,0x7F,0xFF,0x7F,0xFF,0x7F,
	0xFF,0x7F,0xFF,0x7F,0xFF,0x7F,0xFF,0x7F,0xFF,0x7F,0xFF,0x7F,0xFF,0x7F,0xFF,0x7F,
	0xFF,0x7F,0xFF,0x7F,0xFF,0x7F,0xFF,0x7F,0xFF,0x7F,0xFF,0x7F,0xFF,0x7F,0xFF,0x7F,
	0xFF,0x7F,0xFF,0x7F,0xFF,0x7F,0xFF,0x7F,0xFF,0x7F,0xFF,0x7F,0xFF,0x7F,0xFF,0x7F,

	0xFF,0x7F,0xFF,0x7F,0xFF,0x7F,0xFF,0x7F,0xFF,0x7F,0xFF,0x7F,0xFF,0x7F,0xB5,0x56,
	0xB5,0x56,0xB5,0x56,0xFF,0x7F,0xFF,0x7F,0xFF,0x7F,0xFF,0x7F,0xFF,0x7F,0xFF,0x7F,
	0xFF,0x7F,0xFF,0x7F,0xFF,0x7F,0xFF,0x7F,0xFF,0x7F,0xFF,0x7F,0xFF,0x7F,0xFF,0x7F,
	0xFF,0x7F,0xFF,0x7F,0xFF,0x7F,0xFF,0x7F,0xFF,0x7F,0xFF,0x7F,0xFF,0x7F,0xFF,0x7F,
	0xFF,0x7F,0xFF,0x7F,0xFF,0x7F,0xFF,0x7F,0xFF,0x7F,0xFF,0x7F,0xFF,0x7F,0xFF,0x7F,
	0xFF,0x7F,0xFF,0x7F,0xFF,0x7F,0xFF,0x7F,0xFF,0x7F,0xFF,0x7F,0xFF,0x7F,0xFF,0x7F,
	0xFF,0x7F,0xFF,0x7F,0xFF,0x7F,0xFF,0x7F,0xFF,0x7F,0xFF,0x7F,0xFF,0x7F,0xB5,0x56,
	0xB5,0x56,0xB5,0x56,0xFF,0x7F,0xFF,0x7F,0xFF,0x7F,0xFF,0x7F,0xFF,0x7F,0xFF,0x7F,

	0xFF,0x7F,0xFF,0x7F,0xFF,0x7F,0xFF,0x7F,0xFF,0x7F,0xFF,0x7F,0xFF,0x7F,0xFF,0x7F,
	0xFF,0x7F,0xFF,0x7F,0xFF,0x7F,0xFF,0x7F,0xFF,0x7F,0xFF,0x7F,0xFF,0x7F,0xFF,0x7F,
	0xFF,0x7F,0xFF,0x7F,0xFF,0x7F,0xFF,0x7F,0xFF,0x7F,0xFF,0x7F,0xFF,0x7F,0xFF,0x7F,
	0xFF,0x7F,0xFF,0x7F,0xFF,0x7F,0xFF,0x7F,0xFF,0x7F,0xFF,0x7F,0xFF,0x7F,0xFF,0x7F,
	0xFF,0x7F,0xFF,0x7F,0xFF,0x7F,0xFF,0x7F,0xFF,0x7F,0xFF,0x7F,0xFF,0x7F,0xB5,0x56,
	0xB5,0x56,0xB5,0x56,0xFF,0x7F,0xFF,0x7F,0xFF,0x7F,0xFF,0x7F,0xFF,0x7F,0xFF,0x7F,
	0xFF,0x7F,0xFF,0x7F,0xFF,0x7F,0xFF,0x7F,0xFF,0x7F,0xFF,0x7F,0xFF,0x7F,0xFF,0x7F,
	0xFF,0x7F,0xFF,0x7F,0xFF,0x7F,0xFF,0x7F,0xFF,0x7F,0xFF,0x7F,0xFF,0x7F,0xFF,0x7F,

	0x9C,0x73,0x9C,0x73,0x9C,0x73,0x9C,0x73,0x9C,0x73,0x9C,0x73,0x9C,0x73,0x9C,0x73,
	0x9C,0x73,0x9C,0x73,0x9C,0x73,0x9C,0x73,0x9C,0x73,0x9C,0x73,0x9C,0x73,0x9C,0x73,
	0x9C,0x73,0x9C,0x73,0x9C,0x73,0x9C,0x73,0x9C,0x73,0x9C,0x73,0x9C,0x73,0x9C,0x73,
	0xB5,0x56,0x9C,0x73,0x9C,0x73,0x9C,0x73,0x9C,0x73,0x9C,0x73,0x9C,0x73,0x9C,0x73,
	0x9C,0x73,0x9C,0x73,0x9C,0x73,0x9C,0x73,0x9C,0x73,0x9C,0x73,0x9C,0x73,0x9C,0x73,
	0x9C,0x73,0x9C,0x73,0x9C,0x73,0x9C,0x73,0x9C,0x73,0x9C,0x73,0x9C,0x73,0x9C,0x73,
	0x9C,0x73,0x9C,0x73,0x9C,0x73,0x9C,0x73,0x9C,0x73,0x9C,0x73,0x9C,0x73,0x9C,0x73,
	0x9C,0x73,0x9C,0x73,0x9C,0x73,0x9C,0x73,0x9C,0x73,0x9C,0x73,0x9C,0x73,0x9C,0x73,

	0x9C,0x73,0x9C,0x73,0x9C,0x73,0x9C,0x73,0x9C,0x73,0x9C,0x73,0x9C,0x73,0x9C,0x73,
	0xB5,0x56,0x9C,0x73,0x9C,0x73,0x9C,0x73,0x9C,0x73,0x9C,0x73,0x9C,0x73,0x9C,0x73,
	0x9C,0x73,0x9C,0x73,0x9C,0x73,0x9C,0x73,0x9C,0x73,0x9C,0x73,0x9C,0x73,0x9C,0x73,
	0x9C,0x73,0x9C,0x73,0x9C,0x73,0x9C,0x73,0x9C,0x73,0x9C,0x73,0x9C,0x73,0x9C,0x73,
	0x9C,0x73,0x9C,0x73,0x9C,0x73,0x9C,0x73,0x9C,0x73,0x9C,0x73,0x9C,0x73,0x9C,0x73,
	0x9C,0x73,0x9C,0x73,0x9C,0x73,0x9C,0x73,0x9C,0x73,0x9C,0x73,0x9C,0x73,0x9C,0x73,
	0x9C,0x73,0x9C,0x73,0x9C,0x73,0x9C,0x73,0x9C,0x73,0x9C,0x73,0x9C,0x73,0x9C,0x73,
	0xB5,0x56,0x9C,0x73,0x9C,0x73,0x9C,0x73,0x9C,0x73,0x9C,0x73,0x9C,0x73,0x9C,0x73,

	0x9C,0x73,0x9C,0x73,0x9C,0x73,0x9C,0x73,0x9C,0x73,0x9C,0x73,0x9C,0x73,0x9C,0x73,
	0x9C,0x73,0x9C,0x73,0x9C,0x73,0x9C,0x73,0x9C,0x73,0x9C,0x73,0x9C,0x73,0x9C,0x73,
	0x9C,0x73,0x9C,0x73,0x9C,0x73,0x9C,0x73,0x9C,0x73,0x9C,0x73,0x9C,0x73,0x9C,0x73,
	0x9C,0x73,0x9C,0x73,0x9C,0x73,0x9C,0x73,0x9C,0x73,0x9C,0x73,0x9C,0x73,0x9C,0x73,
	0x9C,0x73,0x9C,0x73,0x9C,0x73,0x9C,0x73,0x9C,0x73,0x9C,0x73,0x9C,0x73,0x9C,0x73,
	0xB5,0x56,0x9C,0x73,0x9C,0x73,0x9C,0x73,0x9C,0x73,0x9C,0x73,0x9C,0x73,0x9C,0x73,
	0x9C,0x73,0x9C,0x73,0x9C,0x73,0x9C,0x73,0x9C,0x73,0x9C,0x73,0x9C,0x73,0x9C,0x73,
	0x9C,0x73,0x9C,0x73,0x9C,0x73,0x9C,0x73,0x9C,0x73,0x9C,0x73,0x9C,0x73,0x9C,0x73,

	0x9C,0x73,0x9C,0x73,0x9C,0x73,0x9C,0x73,0x9C,0x73,0x9C,0x73,0x9C,0x73,0x9C,0x73,
	0x9C,0x73,0x9C,0x73,0x9C,0x73,0x9C,0x73,0x9C,0x73,0x9C,0x73,0x9C,0x73,0x9C,0x73,
	0x9C,0x73,0x9C,0x73,0x9C,0x73,0x9C,0x73,0x9C,0x73,0x9C,0x73,0x9C,0x73,0x9C,0x73,
	0xB5,0x56,0x9C,0x73,0x9C,0x73,0x9C,0x73,0x9C,0x73,0x9C,0x73,0x9C,0x73,0x9C,0x73,
	0x9C,0x73,0x9C,0x73,0x9C,0x73,0x9C,0x73,0x9C,0x73,0x9C,0x73,0x9C,0x73,0x9C,0x73,
	0x9C,0x73,0x9C,0x73,0x9C,0x73,0x9C,0x73,0x9C,0x73,0x9C,0x73,0x9C,0x73,0x9C,0x73,
	0xFF,0x7F,0xFF,0x7F,0xFF,0x7F,0xFF,0x7F,0xFF,0x7F,0xFF,0x7F,0xFF,0x7F,0xFF,0x7F,
	0xFF,0x7F,0xFF,0x7F,0xFF,0x7F,0xFF,0x7F,0xFF,0x7F,0xFF,0x7F,0xFF,0x7F,0xFF,0x7F,

	0xFF,0x7F,0xFF,0x7F,0xFF,0x7F,0xFF,0x7F,0xFF,0x7F,0xFF,0x7F,0xFF,0x7F,0xFF,0x7F,
	0xB5,0x56,0xFF,0x7F,0xFF,0x7F,0xFF,0x7F,0xFF,0x7F,0xFF,0x7F,0xFF,0x7F,0xFF,0x7F,
	0xFF,0x7F,0xFF,0x7F,0xFF,0x7F,0xFF,0x7F,0xFF,0x7F,0xFF,0x7F,0xFF,0x7F,0xFF,0x7F,
	0xFF,0x7F,0xFF,0x7F,0xFF,0x7F,0xFF,0x7F,0xFF,0x7F,0xFF,0x7F,0xFF,0x7F,0xFF,0x7F,
	0xFF,0x7F,0xFF,0x7F,0xFF,0x7F,0xFF,0x7F,0xFF,0x7F,0xFF,0x7F,0xFF,0x7F,0xFF,0x7F,
	0xFF,0x7F,0xFF,0x7F,0xFF,0x7F,0xFF,0x7F,0xFF,0x7F,0xFF,0x7F,0xFF,0x7F,0xFF,0x7F,
	0xFF,0x7F,0xFF,0x7F,0xFF,0x7F,0xFF,0x7F,0xFF,0x7F,0xFF,0x7F,0xFF,0x7F,0xFF,0x7F,
	0xB5,0x56,0xFF,0x7F,0xFF,0x7F,0xFF,0x7F,0xFF,0x7F,0xFF,0x7F,0xFF,0x7F,0xFF,0x7F,

	0xFF,0x7F,0xFF,0x7F,0xFF,0x7F,0xFF,0x7F,0xFF,0x7F,0xFF,0x7F,0xFF,0x7F,0xFF,0x7F,
	0xFF,0x7F,0xFF,0x7F,0xFF,0x7F,0xFF,0x7F,0xFF,0x7F,0xFF,0x7F,0xFF,0x7F,0xFF,0x7F,
	0xFF,0x7F,0xFF,0x7F,0xFF,0x7F,0xFF,0x7F,0xFF,0x7F,0xFF,0x7F,0xFF,0x7F,0xFF,0x7F,
	0xFF,0x7F,0xFF,0x7F,0xFF,0x7F,0xFF,0x7F,0xFF,0x7F,0xFF,0x7F,0xFF,0x7F,0xFF,0x7F,
	0xFF,0x7F,0xFF,0x7F,0xFF,0x7F,0xFF,0x7F,0xFF,0x7F,0xFF,0x7F,0xFF,0x7F,0xFF,0x7F,
	0xB5,0x56,0xFF,0x7F,0xFF,0x7F,0xFF,0x7F,0xFF,0x7F,0xFF,0x7F,0xFF,0x7F,0xFF,0x7F,
	0xFF,0x7F,0xFF,0x7F,0xFF,0x7F,0xFF,0x7F,0xFF,0x7F,0xFF,0x7F,0xFF,0x7F,0xFF,0x7F,
	0xFF,0x7F,0xFF,0x7F,0xFF,0x7F,0xFF,0x7F,0xFF,0x7F,0xFF,0x7F,0xFF,0x7F,0xFF,0x7F,

	0xFF,0x7F,0xFF,0x7F,0xFF,0x7F,0xFF,0x7F,0xFF,0x7F,0xFF,0x7F,0xFF,0x7F,0xFF,0x7F,
	0xFF,0x7F,0xFF,0x7F,0xFF,0x7F,0xFF,0x7F,0xFF,0x7F,0xFF,0x7F,0xFF,0x7F,0xFF,0x7F,
	0xFF,0x7F,0xFF,0x7F,0xFF,0x7F,0xFF,0x7F,0xFF,0x7F,0xFF,0x7F,0xFF,0x7F,0xFF,0x7F,
	0xB5,0x56,0xFF,0x7F,0xFF,0x7F,0xFF,0x7F,0xFF,0x7F,0xFF,0x7F,0xFF,0x7F,0xFF,0x7F,
	0xFF,0x7F,0xFF,0x7F,0xFF,0x7F,0xFF,0x7F,0xFF,0x7F,0xFF,0x7F,0xFF,0x7F,0xFF,0x7F,
	0xFF,0x7F,0xFF,0x7F,0xFF,0x7F,0xFF,0x7F,0xFF,0x7F,0xFF,0x7F,0xFF,0x7F,0xFF,0x7F,
	0xFF,0x7F,0xFF,0x7F,0xFF,0x7F,0xFF,0x7F,0xFF,0x7F,0xFF,0x7F,0xFF,0x7F,0xFF,0x7F,
	0xFF,0x7F,0xFF,0x7F,0xFF,0x7F,0xFF,0x7F,0xFF,0x7F,0xFF,0x7F,0xFF,0x7F,0xFF,0x7F,

	0xFF,0x7F,0xFF,0x7F,0xFF,0x7F,0xFF,0x7F,0xFF,0x7F,0xFF,0x7F,0xFF,0x7F,0xFF,0x7F,
	0xB5,0x56,0xFF,0x7F,0xFF,0x7F,0xFF,0x7F,0xFF,0x7F,0xFF,0x7F,0xFF,0x7F,0xFF,0x7F,
	0xFF,0x7F,0xFF,0x7F,0xFF,0x7F,0xFF,0x7F,0xFF,0x7F,0xFF,0x7F,0xFF,0x7F,0xFF,0x7F,
	0xFF,0x7F,0xFF,0x7F,0xFF,0x7F,0xFF,0x7F,0xFF,0x7F,0xFF,0x7F,0xFF,0x7F,0xFF,0x7F,
	0x9C,0x73,0x9C,0x73,0x9C,0x73,0x9C,0x73,0x9C,0x73,0x9C,0x73,0x9C,0x73,0x9C,0x73,
	0x9C,0x73,0x9C,0x73,0x9C,0x73,0x9C,0x73,0x9C,0x73,0x9C,0x73,0x9C,0x73,0x9C,0x73,
	0x9C,0x73,0x9C,0x73,0x9C,0x73,0x9C,0x73,0x9C,0x73,0x9C,0x73,0x9C,0x73,0x9C,0x73,
	0xB5,0x56,0x9C,0x73,0x9C,0x73,0x9C,0x73,0x9C,0x73,0x9C,0x73,0x9C,0x73,0x9C,0x73,

	0x9C,0x73,0x9C,0x73,0x9C,0x73,0x9C,0x73,0x9C,0x73,0x9C,0x73,0x9C,0x73,0x9C,0x73,
	0x9C,0x73,0x9C,0x73,0x9C,0x73,0x9C,0x73,0x9C,0x73,0x9C,0x73,0x9C,0x73,0x9C,0x73,
	0x9C,0x73,0x9C,0x73,0x9C,0x73,0x9C,0x73,0x9C,0x73,0x9C,0x73,0x9C,0x73,0x9C,0x73,
	0x9C,0x73,0x9C,0x73,0x9C,0x73,0x9C,0x73,0x9C,0x73,0x9C,0x73,0x9C,0x73,0x9C,0x73,
	0x9C,0x73,0x9C,0x73,0x9C,0x73,0x9C,0x73,0x9C,0x73,0x9C,0x73,0x9C,0x73,0x9C,0x73,
	0xB5,0x56,0x9C,0x73,0x9C,0x73,0x9C,0x73,0x9C,0x73,0x9C,0x73,0x9C,0x73,0x9C,0x73,
	0x9C,0x73,0x9C,0x73,0x9C,0x73,0x9C,0x73,0x9C,0x73,0x9C,0x73,0x9C,0x73,0x9C,0x73,
	0x9C,0x73,0x9C,0x73,0x9C,0x73,0x9C,0x73,0x9C,0x73,0x9C,0x73,0x9C,0x73,0x9C,0x73,

	0x9C,0x73,0x9C,0x73,0x9C,0x73,0x9C,0x73,0x9C,0x73,0x9C,0x73,0x9C,0x73,0x9C,0x73,
	0x9C,0x73,0x9C,0x73,0x9C,0x73,0x9C,0x73,0x9C,0x73,0x9C,0x73,0x9C,0x73,0x9C,0x73,
	0x9C,0x73,0x9C,0x73,0x9C,0x73,0x9C,0x73,0x9C,0x73,0x9C,0x73,0x9C,0x73,0x9C,0x73,
	0xB5,0x56,0x9C,0x73,0x9C,0x73,0x9C,0x73,0x9C,0x73,0x9C,0x73,0x9C,0x73,0x9C,0x73,
	0x9C,0x73,0x9C,0x73,0x9C,0x73,0x9C,0x73,0x9C,0x73,0x9C,0x73,0x9C,0x73,0x9C,0x73,
	0x9C,0x73,0x9C,0x73,0x9C,0x73,0x9C,0x73,0x9C,0x73,0x9C,0x73,0x9C,0x73,0x9C,0x73,
	0x9C,0x73,0x9C,0x73,0x9C,0x73,0x9C,0x73,0x9C,0x73,0x9C,0x73,0x9C,0x73,0x9C,0x73,
	0x9C,0x73,0x9C,0x73,0x9C,0x73,0x9C,0x73,0x9C,0x73,0x9C,0x73,0x9C,0x73,0x9C,0x73,

	0x9C,0x73,0x9C,0x73,0x9C,0x73,0x9C,0x73,0x9C,0x73,0x9C,0x73,0x9C,0x73,0x9C,0x73,
	0xB5,0x56,0x9C,0x73,0x9C,0x73,0x9C,0x73,0x9C,0x73,0x9C,0x73,0x9C,0x73,0x9C,0x73,
	0x9C,0x73,0x9C,0x73,0x9C,0x73,0x9C,0x73,0x9C,0x73,0x9C,0x73,0x9C,0x73,0x9C,0x73,
	0x9C,0x73,0x9C,0x73,0x9C,0x73,0x9C,0x73,0x9C,0x73,0x9C,0x73,0x9C,0x73,0x9C,0x73,
	0x9C,0x73,0x9C,0x73,0x9C,0x73,0x9C,0x73,0x9C,0x73,0x9C,0x73,0x9C,0x73,0x9C,0x73,
	0x9C,0x73,0x9C,0x73,0x9C,0x73,0x9C,0x73,0x9C,0x73,0x9C,0x73,0x9C,0x73,0x9C,0x73,
	0x9C,0x73,0x9C,0x73,0x9C,0x73,0x9C,0x73,0x9C,0x73,0x9C,0x73,0x9C,0x73,0x9C,0x73,
	0xB5,0x56,0x9C,0x73,0x9C,0x73,0x9C,0x73,0x9C,0x73,0x9C,0x73,0x9C,0x73,0x9C,0x73,

	0x9C,0x73,0x9C,0x73,0x9C,0x73,0x9C,0x73,0x9C,0x73,0x9C,0x73,0x9C,0x73,0x9C,0x73,
	0x9C,0x73,0x9C,0x73,0x9C,0x73,0x9C,0x73,0x9C,0x73,0x9C,0x73,0x9C,0x73,0x9C,0x73,
	0xFF,0x7F,0xFF,0x7F,0xFF,0x7F,0xFF,0x7F,0xFF,0x7F,0xFF,0x7F,0xFF,0x7F,0xFF,0x7F,
	0xFF,0x7F,0xFF,0x7F,0xFF,0x7F,0xFF,0x7F,0xFF,0x7F,0xFF,0x7F,0xFF,0x7F,0xFF,0x7F,
	0xFF,0x7F,0xFF,0x7F,0xFF,0x7F,0xFF,0x7F,0xFF,0x7F,0xFF,0x7F,0xFF,0x7F,0xFF,0x7F,
	0xB5,0x56,0xFF,0x7F,0xFF,0x7F,0xFF,0x7F,0xFF,0x7F,0xFF,0x7F,0xFF,0x7F,0xFF,0x7F,
	0xFF,0x7F,0xFF,0x7F,0xFF,0x7F,0xFF,0x7F,0xFF,0x7F,0xFF,0x7F,0xFF,0x7F,0xFF,0x7F,
	0xFF,0x7F,0xFF,0x7F,0xFF,0x7F,0xFF,0x7F,0xFF,0x7F,0xFF,0x7F,0xFF,0x7F,0xFF,0x7F,

	0xFF,0x7F,0xFF,0x7F,0xFF,0x7F,0xFF,0x7F,0xFF,0x7F,0xFF,0x7F,0xFF,0x7F,0xFF,0x7F,
	0xFF,0x7F,0xFF,0x7F,0xFF,0x7F,0xFF,0x7F,0xFF,0x7F,0xFF,0x7F,0xFF,0x7F,0xFF,0x7F,
	0xFF,0x7F,0xFF,0x7F,0xFF,0x7F,0xFF,0x7F,0xFF,0x7F,0xFF,0x7F,0xFF,0x7F,0xFF,0x7F,
	0xB5,0x56,0xFF,0x7F,0xFF,0x7F,0xFF,0x7F,0xFF,0x7F,0xFF,0x7F,0xFF,0x7F,0xFF,0x7F,
	0xFF,0x7F,0xFF,0x7F,0xFF,0x7F,0xFF,0x7F,0xFF,0x7F,0xFF,0x7F,0xFF,0x7F,0xFF,0x7F,
	0xFF,0x7F,0xFF,0x7F,0xFF,0x7F,0xFF,0x7F,0xFF,0x7F,0xFF,0x7F,0xFF,0x7F,0xFF,0x7F,
	0xFF,0x7F,0xFF,0x7F,0xFF,0x7F,0xFF,0x7F,0xFF,0x7F,0xFF,0x7F,0xFF,0x7F,0xFF,0x7F,
	0xFF,0x7F,0xFF,0x7F,0xFF,0x7F,0xFF,0x7F,0xFF,0x7F,0xFF,0x7F,0xFF,0x7F,0xFF,0x7F,

	0xFF,0x7F,0xFF,0x7F,0xFF,0x7F,0xFF,0x7F,0xFF,0x7F,0xFF,0x7F,0xFF,0x7F,0xFF,0x7F,
	0xB5,0x56,0xFF,0x7F,0xFF,0x7F,0xFF,0x7F,0xFF,0x7F,0xFF,0x7F,0xFF,0x7F,0xFF,0x7F,
	0xFF,0x7F,0xFF,0x7F,0xFF,0x7F,0xFF,0x7F,0xFF,0x7F,0xFF,0x7F,0xFF,0x7F,0xFF,0x7F,
	0xFF,0x7F,0xFF,0x7F,0xFF,0x7F,0xFF,0x7F,0xFF,0x7F,0xFF,0x7F,0xFF,0x7F,0xFF,0x7F,
	0xFF,0x7F,0xFF,0x7F,0xFF,0x7F,0xFF,0x7F,0xFF,0x7F,0xFF,0x7F,0xFF,0x7F,0xFF,0x7F,
	0xFF,0x7F,0xFF,0x7F,0xFF,0x7F,0xFF,0x7F,0xFF,0x7F,0xFF,0x7F,0xFF,0x7F,0xFF,0x7F,
	0xFF,0x7F,0xFF,0x7F,0xFF,0x7F,0xFF,0x7F,0xFF,0x7F,0xFF,0x7F,0xFF,0x7F,0xFF,0x7F,
	0xB5,0x56,0xFF,0x7F,0xFF,0x7F,0xFF,0x7F,0xFF,0x7F,0xFF,0x7F,0xFF,0x7F,0xFF,0x7F,

	0xFF,0x7F,0xFF,0x7F,0xFF,0x7F,0xFF,0x7F,0xFF,0x7F,0xFF,0x7F,0xFF,0x7F,0xFF,0x7F,
	0xFF,0x7F,0xFF,0x7F,0xFF,0x7F,0xFF,0x7F,0xFF,0x7F,0xFF,0x7F,0xFF,0x7F,0xFF,0x7F,
	0xFF,0x7F,0xFF,0x7F,0xFF,0x7F,0xFF,0x7F,0xFF,0x7F,0xFF,0x7F,0xFF,0x7F,0xFF,0x7F,
	0xFF,0x7F,0xFF,0x7F,0xFF,0x7F,0xFF,0x7F,0xFF,0x7F,0xFF,0x7F,0xFF,0x7F,0xFF,0x7F,
	0xFF,0x7F,0xFF,0x7F,0xFF,0x7F,0xFF,0x7F,0xFF,0x7F,0xFF,0x7F,0xFF,0x7F,0xFF,0x7F,
	0xB5,0x56,0xFF,0x7F,0xFF,0x7F,0xFF,0x7F,0xFF,0x7F,0xFF,0x7F,0xFF,0x7F,0xFF,0x7F,
	0xFF,0x7F,0xFF,0x7F,0xFF,0x7F,0xFF,0x7F,0xFF,0x7F,0xFF,0x7F,0xFF,0x7F,0xFF,0x7F,
	0xFF,0x7F,0xFF,0x7F,0xFF,0x7F,0xFF,0x7F,0xFF,0x7F,0xFF,0x7F,0xFF,0x7F,0xFF,0x7F,

	0x9C,0x73,0x9C,0x73,0x9C,0x73,0x9C,0x73,0x9C,0x73,0x9C,0x73,0x9C,0x73,0x9C,0x73,
	0x9C,0x73,0x9C,0x73,0x9C,0x73,0x9C,0x73,0x9C,0x73,0x9C,0x73,0x9C,0x73,0x9C,0x73,
	0x9C,0x73,0x9C,0x73,0x9C,0x73,0x9C,0x73,0x9C,0x73,0x9C,0x73,0x9C,0x73,0x9C,0x73,
	0xB5,0x56,0x9C,0x73,0x9C,0x73,0x9C,0x73,0x9C,0x73,0x9C,0x73,0x9C,0x73,0x9C,0x73,
	0x9C,0x73,0x9C,0x73,0x9C,0x73,0x9C,0x73,0x9C,0x73,0x9C,0x73,0x9C,0x73,0x9C,0x73,
	0x9C,0x73,0x9C,0x73,0x9C,0x73,0x9C,0x73,0x9C,0x73,0x9C,0x73,0x9C,0x73,0x9C,0x73,
	0x9C,0x73,0x9C,0x73,0x9C,0x73,0x9C,0x73,0x9C,0x73,0x9C,0x73,0x9C,0x73,0x9C,0x73,
	0x9C,0x73,0x9C,0x73,0x9C,0x73,0x9C,0x73,0x9C,0x73,0x9C,0x73,0x9C,0x73,0x9C,0x73,

	0x9C,0x73,0x9C,0x73,0x9C,0x73,0x9C,0x73,0x9C,0x73,0x9C,0x73,0x9C,0x73,0x9C,0x73,
	0xB5,0x56,0x9C,0x73,0x9C,0x73,0x9C,0x73,0x9C,0x73,0x9C,0x73,0x9C,0x73,0x9C,0x73,
	0x9C,0x73,0x9C,0x73,0x9C,0x73,0x9C,0x73,0x9C,0x73,0x9C,0x73,0x9C,0x73,0x9C,0x73,
	0x9C,0x73,0x9C,0x73,0x9C,0x73,0x9C,0x73,0x9C,0x73,0x9C,0x73,0x9C,0x73,0x9C,0x73,
	0x9C,0x73,0x9C,0x73,0x9C,0x73,0x9C,0x73,0x9C,0x73,0x9C,0x73,0x9C,0x73,0x9C,0x73,
	0x9C,0x73,0x9C,0x73,0x9C,0x73,0x9C,0x73,0x9C,0x73,0x9C,0x73,0x9C,0x73,0x9C,0x73,
	0x9C,0x73,0x9C,0x73,0x9C,0x73,0x9C,0x73,0x9C,0x73,0x9C,0x73,0x9C,0x73,0x9C,0x73,
	0xB5,0x56,0x9C,0x73,0x9C,0x73,0x9C,0x73,0x9C,0x73,0x9C,0x73,0x9C,0x73,0x9C,0x73,

	0x9C,0x73,0x9C,0x73,0x9C,0x73,0x9C,0x73,0x9C,0x73,0x9C,0x73,0x9C,0x73,0x9C,0x73,
	0x9C,0x73,0x9C,0x73,0x9C,0x73,0x9C,0x73,0x9C,0x73,0x9C,0x73,0x9C,0x73,0x9C,0x73,
	0x9C,0x73,0x9C,0x73,0x9C,0x73,0x9C,0x73,0x9C,0x73,0x9C,0x73,0x9C,0x73,0x9C,0x73,
	0x9C,0x73,0x9C,0x73,0x9C,0x73,0x9C,0x73,0x9C,0x73,0x9C,0x73,0x9C,0x73,0x9C,0x73,
	0x9C,0x73,0x9C,0x73,0x9C,0x73,0x9C,0x73,0x9C,0x73,0x9C,0x73,0x9C,0x73,0x9C,0x73,
	0xB5,0x56,0x9C,0x73,0x9C,0x73,0x9C,0x73,0x9C,0x73,0x9C,0x73,0x9C,0x73,0x9C,0x73,
	0x9C,0x73,0x9C,0x73,0x9C,0x73,0x9C,0x73,0x9C,0x73,0x9C,0x73,0x9C,0x73,0x9C,0x73,
	0x9C,0x73,0x9C,0x73,0x9C,0x73,0x9C,0x73,0x9C,0x73,0x9C,0x73,0x9C,0x73,0x9C,0x73,

	0x9C,0x73,0x9C,0x73,0x9C,0x73,0x9C,0x73,0x9C,0x73,0x9C,0x73,0x9C,0x73,0x9C,0x73,
	0x9C,0x73,0x9C,0x73,0x9C,0x73,0x9C,0x73,0x9C,0x73,0x9C,0x73,0x9C,0x73,0x9C,0x73,
	0x9C,0x73,0x9C,0x73,0x9C,0x73,0x9C,0x73,0x9C,0x73,0x9C,0x73,0x9C,0x73,0x9C,0x73,
	0xB5,0x56,0x9C,0x73,0x9C,0x73,0x9C,0x73,0x9C,0x73,0x9C,0x73,0x9C,0x73,0x9C,0x73,
	0x9C,0x73,0x9C,0x73,0x9C,0x73,0x9C,0x73,0x9C,0x73,0x9C,0x73,0x9C,0x73,0x9C,0x73,
	0x9C,0x73,0x9C,0x73,0x9C,0x73,0x9C,0x73,0x9C,0x73,0x9C,0x73,0x9C,0x73,0x9C,0x73,
	0xFF,0x7F,0xFF,0x7F,0xFF,0x7F,0xFF,0x7F,0xFF,0x7F,0xFF,0x7F,0xFF,0x7F,0xFF,0x7F,
	0xFF,0x7F,0xFF,0x7F,0xFF,0x7F,0xFF,0x7F,0xFF,0x7F,0xFF,0x7F,0xFF,0x7F,0xFF,0x7F,

	0xFF,0x7F,0xFF,0x7F,0xFF,0x7F,0xFF,0x7F,0xFF,0x7F,0xFF,0x7F,0xFF,0x7F,0xFF,0x7F,
	0xB5,0x56,0xFF,0x7F,0xFF,0x7F,0xFF,0x7F,0xFF,0x7F,0xFF,0x7F,0xFF,0x7F,0xFF,0x7F,
	0xFF,0x7F,0xFF,0x7F,0xFF,0x7F,0xFF,0x7F,0xFF,0x7F,0xFF,0x7F,0xFF,0x7F,0xFF,0x7F,
	0xFF,0x7F,0xFF,0x7F,0xFF,0x7F,0xFF,0x7F,0xFF,0x7F,0xFF,0x7F,0xFF,0x7F,0xFF,0x7F,
	0xFF,0x7F,0xFF,0x7F,0xFF,0x7F,0xFF,0x7F,0xFF,0x7F,0xFF,0x7F,0xFF,0x7F,0xFF,0x7F,
	0xFF,0x7F,0xFF,0x7F,0xFF,0x7F,0xFF,0x7F,0xFF,0x7F,0xFF,0x7F,0xFF,0x7F,0xFF,0x7F,
	0xFF,0x7F,0xFF,0x7F,0xFF,0x7F,0xFF,0x7F,0xFF,0x7F,0xFF,0x7F,0xFF,0x7F,0xFF,0x7F,
	0xB5,0x56,0xFF,0x7F,0xFF,0x7F,0xFF,0x7F,0xFF,0x7F,0xFF,0x7F,0xFF,0x7F,0xFF,0x7F,

	0xFF,0x7F,0xFF,0x7F,0xFF,0x7F,0xFF,0x7F,0xFF,0x7F,0xFF,0x7F,0xFF,0x7F,0xFF,0x7F,
	0xFF,0x7F,0xFF,0x7F,0xFF,0x7F,0xFF,0x7F,0xFF,0x7F,0xFF,0x7F,0xFF,0x7F,0xFF,0x7F,
	0xFF,0x7F,0xFF,0x7F,0xFF,0x7F,0xFF,0x7F,0xFF,0x7F,0xFF,0x7F,0xFF,0x7F,0xFF,0x7F,
	0xFF,0x7F,0xFF,0x7F,0xFF,0x7F,0xFF,0x7F,0xFF,0x7F,0xFF,0x7F,0xFF,0x7F,0xFF,0x7F,
	0xFF,0x7F,0xFF,0x7F,0xFF,0x7F,0xFF,0x7F,0xFF,0x7F,0xFF,0x7F,0xFF,0x7F,0xFF,0x7F,
	0xB5,0x56,0xFF,0x7F,0xFF,0x7F,0xFF,0x7F,0xFF,0x7F,0xFF,0x7F,0xFF,0x7F,0xFF,0x7F,
	0xFF,0x7F,0xFF,0x7F,0xFF,0x7F,0xFF,0x7F,0xFF,0x7F,0xFF,0x7F,0xFF,0x7F,0xFF,0x7F,
	0xFF,0x7F,0xFF,0x7F,0xFF,0x7F,0xFF,0x7F,0xFF,0x7F,0xFF,0x7F,0xFF,0x7F,0xFF,0x7F,

	0xFF,0x7F,0xFF,0x7F,0xFF,0x7F,0xFF,0x7F,0xFF,0x7F,0xFF,0x7F,0xFF,0x7F,0xFF,0x7F,
	0xFF,0x7F,0xFF,0x7F,0xFF,0x7F,0xFF,0x7F,0xFF,0x7F,0xFF,0x7F,0xFF,0x7F,0xFF,0x7F,
	0xFF,0x7F,0xFF,0x7F,0xFF,0x7F,0xFF,0x7F,0xFF,0x7F,0xFF,0x7F,0xFF,0x7F,0xFF,0x7F,
	0xB5,0x56,0xFF,0x7F,0xFF,0x7F,0xFF,0x7F,0xFF,0x7F,0xFF,0x7F,0xFF,0x7F,0xFF,0x7F,
	0xFF,0x7F,0xFF,0x7F,0xFF,0x7F,0xFF,0x7F,0xFF,0x7F,0xFF,0x7F,0xFF,0x7F,0xFF,0x7F,
	0xFF,0x7F,0xFF,0x7F,0xFF,0x7F,0xFF,0x7F,0xFF,0x7F,0xFF,0x7F,0xFF,0x7F,0xFF,0x7F,
	0xFF,0x7F,0xFF,0x7F,0xFF,0x7F,0xFF,0x7F,0xFF,0x7F,0xFF,0x7F,0xFF,0x7F,0xFF,0x7F,
	0xFF,0x7F,0xFF,0x7F,0xFF,0x7F,0xFF,0x7F,0xFF,0x7F,0xFF,0x7F,0xFF,0x7F,0xFF,0x7F,

	0xFF,0x7F,0xFF,0x7F,0xFF,0x7F,0xFF,0x7F,0xFF,0x7F,0xFF,0x7F,0xFF,0x7F,0xFF,0x7F,
	0xB5,0x56,0xFF,0x7F,0xFF,0x7F,0xFF,0x7F,0xFF,0x7F,0xFF,0x7F,0xFF,0x7F,0xFF,0x7F,
	0xFF,0x7F,0xFF,0x7F,0xFF,0x7F,0xFF,0x7F,0xFF,0x7F,0xFF,0x7F,0xFF,0x7F,0xFF,0x7F,
	0xFF,0x7F,0xFF,0x7F,0xFF,0x7F,0xFF,0x7F,0xFF,0x7F,0xFF,0x7F,0xFF,0x7F,0xFF,0x7F,
	0x9C,0x73,0x9C,0x73,0x9C,0x73,0x9C,0x73,0x9C,0x73,0x9C,0x73,0x9C,0x73,0x9C,0x73,
	0x9C,0x73,0x9C,0x73,0x9C,0x73,0x9C,0x73,0x9C,0x73,0x9C,0x73,0x9C,0x73,0x9C,0x73,
	0x9C,0x73,0x9C,0x73,0x9C,0x73,0x9C,0x73,0x9C,0x73,0x9C,0x73,0x9C,0x73,0x9C,0x73,
	0xB5,0x56,0x9C,0x73,0x9C,0x73,0x9C,0x73,0x9C,0x73,0x9C,0x73,0x9C,0x73,0x9C,0x73,

	0x9C,0x73,0x9C,0x73,0x9C,0x73,0x9C,0x73,0x9C,0x73,0x9C,0x73,0x9C,0x73,0x9C,0x73,
	0x9C,0x73,0x9C,0x73,0x9C,0x73,0x9C,0x73,0x9C,0x73,0x9C,0x73,0x9C,0x73,0x9C,0x73,
	0x9C,0x73,0x9C,0x73,0x9C,0x73,0x9C,0x73,0x9C,0x73,0x9C,0x73,0x9C,0x73,0x9C,0x73,
	0x9C,0x73,0x9C,0x73,0x9C,0x73,0x9C,0x73,0x9C,0x73,0x9C,0x73,0x9C,0x73,0x9C,0x73,
	0x9C,0x73,0x9C,0x73,0x9C,0x73,0x9C,0x73,0x9C,0x73,0x9C,0x73,0x9C,0x73,0x9C,0x73,
	0xB5,0x56,0x9C,0x73,0x9C,0x73,0x9C,0x73,0x9C,0x73,0x9C,0x73,0x9C,0x73,0x9C,0x73,
	0x9C,0x73,0x9C,0x73,0x9C,0x73,0x9C,0x73,0x9C,0x73,0x9C,0x73,0x9C,0x73,0x9C,0x73,
	0x9C,0x73,0x9C,0x73,0x9C,0x73,0x9C,0x73,0x9C,0x73,0x9C,0x73,0x9C,0x73,0x9C,0x73,

	0x9C,0x73,0x9C,0x73,0x9C,0x73,0x9C,0x73,0x9C,0x73,0x9C,0x73,0x9C,0x73,0x9C,0x73,
	0x9C,0x73,0x9C,0x73,0x9C,0x73,0x9C,0x73,0x9C,0x73,0x9C,0x73,0x9C,0x73,0x9C,0x73,
	0x9C,0x73,0x9C,0x73,0x9C,0x73,0x9C,0x73,0x9C,0x73,0x9C,0x73,0x9C,0x73,0x9C,0x73,
	0xB5,0x56,0x9C,0x73,0x9C,0x73,0x9C,0x73,0x9C,0x73,0x9C,0x73,0x9C,0x73,0x9C,0x73,
	0x9C,0x73,0x9C,0x73,0x9C,0x73,0x9C,0x73,0x9C,0x73,0x9C,0x73,0x9C,0x73,0x9C,0x73,
	0x9C,0x73,0x9C,0x73,0x9C,0x73,0x9C,0x73,0x9C,0x73,0x9C,0x73,0x9C,0x73,0x9C,0x73,
	0x9C,0x73,0x9C,0x73,0x9C,0x73,0x9C,0x73,0x9C,0x73,0x9C,0x73,0x9C,0x73,0x9C,0x73,
	0x9C,0x73,0x9C,0x73,0x9C,0x73,0x9C,0x73,0x9C,0x73,0x9C,0x73,0x9C,0x73,0x9C,0x73,

	0x9C,0x73,0x9C,0x73,0x9C,0x73,0x9C,0x73,0x9C,0x73,0x9C,0x73,0x9C,0x73,0x9C,0x73,
	0xB5,0x56,0x9C,0x73,0x9C,0x73,0x9C,0x73,0x9C,0x73,0x9C,0x73,0x9C,0x73,0x9C,0x73,
	0x9C,0x73,0x9C,0x73,0x9C,0x73,0x9C,0x73,0x9C,0x73,0x9C,0x73,0x9C,0x73,0x9C,0x73,
	0x9C,0x73,0x9C,0x73,0x9C,0x73,0x9C,0x73,0x9C,0x73,0x9C,0x73,0x9C,0x73,0x9C,0x73,
	0x9C,0x73,0x9C,0x73,0x9C,0x73,0x9C,0x73,0x9C,0x73,0x9C,0x73,0x9C,0x73,0x9C,0x73,
	0x9C,0x73,0x9C,0x73,0x9C,0x73,0x9C,0x73,0x9C,0x73,0x9C,0x73,0x9C,0x73,0x9C,0x73,
	0x9C,0x73,0x9C,0x73,0x9C,0x73,0x9C,0x73,0x9C,0x73,0x9C,0x73,0x9C,0x73,0x9C,0x73,
	0xB5,0x56,0x9C,0x73,0x9C,0x73,0x9C,0x73,0x9C,0x73,0x9C,0x73,0x9C,0x73,0x9C,0x73,

	0x9C,0x73,0x9C,0x73,0x9C,0x73,0x9C,0x73,0x9C,0x73,0x9C,0x73,0x9C,0x73,0x9C,0x73,
	0x9C,0x73,0x9C,0x73,0x9C,0x73,0x9C,0x73,0x9C,0x73,0x9C,0x73,0x9C,0x73,0x9C,0x73,
	0xFF,0x7F,0xFF,0x7F,0xFF,0x7F,0xFF,0x7F,0xFF,0x7F,0xFF,0x7F,0xFF,0x7F,0xFF,0x7F,
	0xFF,0x7F,0xFF,0x7F,0xFF,0x7F,0xFF,0x7F,0xFF,0x7F,0xFF,0x7F,0xFF,0x7F,0xFF,0x7F,
	0xFF,0x7F,0xFF,0x7F,0xFF,0x7F,0xFF,0x7F,0xFF,0x7F,0xFF,0x7F,0xFF,0x7F,0xFF,0x7F,
	0xB5,0x56,0xFF,0x7F,0xFF,0x7F,0xFF,0x7F,0xFF,0x7F,0xFF,0x7F,0xFF,0x7F,0xFF,0x7F,
	0xFF,0x7F,0xFF,0x7F,0xFF,0x7F,0xFF,0x7F,0xFF,0x7F,0xFF,0x7F,0xFF,0x7F,0xFF,0x7F,
	0xFF,0x7F,0xFF,0x7F,0xFF,0x7F,0xFF,0x7F,0xFF,0x7F,0xFF,0x7F,0xFF,0x7F,0xFF,0x7F,

	0xFF,0x7F,0xFF,0x7F,0xFF,0x7F,0xFF,0x7F,0xFF,0x7F,0xFF,0x7F,0xFF,0x7F,0xFF,0x7F,
	0xFF,0x7F,0xFF,0x7F,0xFF,0x7F,0xFF,0x7F,0xFF,0x7F,0xFF,0x7F,0xFF,0x7F,0xFF,0x7F,
	0xFF,0x7F,0xFF,0x7F,0xFF,0x7F,0xFF,0x7F,0xFF,0x7F,0xFF,0x7F,0xFF,0x7F,0xFF,0x7F,
	0xB5,0x56,0xFF,0x7F,0xFF,0x7F,0xFF,0x7F,0xFF,0x7F,0xFF,0x7F,0xFF,0x7F,0xFF,0x7F,
	0xFF,0x7F,0xFF,0x7F,0xFF,0x7F,0xFF,0x7F,0xFF,0x7F,0xFF,0x7F,0xFF,0x7F,0xFF,0x7F,
	0xFF,0x7F,0xFF,0x7F,0xFF,0x7F,0xFF,0x7F,0xFF,0x7F,0xFF,0x7F,0xFF,0x7F,0xFF,0x7F,
	0xFF,0x7F,0xFF,0x7F,0xFF,0x7F,0xFF,0x7F,0xFF,0x7F,0xFF,0x7F,0xFF,0x7F,0xFF,0x7F,
	0xFF,0x7F,0xFF,0x7F,0xFF,0x7F,0xFF,0x7F,0xFF,0x7F,0xFF,0x7F,0xFF,0x7F,0xFF,0x7F,

	0xFF,0x7F,0xFF,0x7F,0xFF,0x7F,0xFF,0x7F,0xFF,0x7F,0xFF,0x7F,0xFF,0x7F,0xFF,0x7F,
	0xB5,0x56,0xFF,0x7F,0xFF,0x7F,0xFF,0x7F,0xFF,0x7F,0xFF,0x7F,0xFF,0x7F,0xFF,0x7F,
	0xFF,0x7F,0xFF,0x7F,0xFF,0x7F,0xFF,0x7F,0xFF,0x7F,0xFF,0x7F,0xFF,0x7F,0xFF,0x7F,
	0xFF,0x7F,0xFF,0x7F,0xFF,0x7F,0xFF,0x7F,0xFF,0x7F,0xFF,0x7F,0xFF,0x7F,0xFF,0x7F,
	0xFF,0x7F,0xFF,0x7F,0xFF,0x7F,0xFF,0x7F,0xFF,0x7F,0xFF,0x7F,0xFF,0x7F,0xFF,0x7F,
	0xFF,0x7F,0xFF,0x7F,0xFF,0x7F,0xFF,0x7F,0xFF,0x7F,0xFF,0x7F,0xFF,0x7F,0xFF,0x7F,
	0xFF,0x7F,0xFF,0x7F,0xFF,0x7F,0xFF,0x7F,0xFF,0x7F,0xFF,0x7F,0xFF,0x7F,0xFF,0x7F,
	0xB5,0x56,0xFF,0x7F,0xFF,0x7F,0xFF,0x7F,0xFF,0x7F,0xFF,0x7F,0xFF,0x7F,0xFF,0x7F,

	0xFF,0x7F,0xFF,0x7F,0xFF,0x7F,0xFF,0x7F,0xFF,0x7F,0xFF,0x7F,0xFF,0x7F,0xFF,0x7F,
	0xFF,0x7F,0xFF,0x7F,0xFF,0x7F,0xFF,0x7F,0xFF,0x7F,0xFF,0x7F,0xFF,0x7F,0xFF,0x7F,
	0xFF,0x7F,0xFF,0x7F,0xFF,0x7F,0xFF,0x7F,0xFF,0x7F,0xFF,0x7F,0xFF,0x7F,0xFF,0x7F,
	0xFF,0x7F,0xFF,0x7F,0xFF,0x7F,0xFF,0x7F,0xFF,0x7F,0xFF,0x7F,0xFF,0x7F,0xFF,0x7F,
	0xFF,0x7F,0xFF,0x7F,0xFF,0x7F,0xFF,0x7F,0xFF,0x7F,0xFF,0x7F,0xFF,0x7F,0xFF,0x7F,
	0xB5,0x56,0xFF,0x7F,0xFF,0x7F,0xFF,0x7F,0xFF,0x7F,0xFF,0x7F,0xFF,0x7F,0xFF,0x7F,
	0xFF,0x7F,0xFF,0x7F,0xFF,0x7F,0xFF,0x7F,0xFF,0x7F,0xFF,0x7F,0xFF,0x7F,0xFF,0x7F,
	0xFF,0x7F,0xFF,0x7F,0xFF,0x7F,0xFF,0x7F,0xFF,0x7F,0xFF,0x7F,0xFF,0x7F,0xFF,0x7F,

	0x9C,0x73,0x9C,0x73,0x9C,0x73,0x9C,0x73,0x9C,0x73,0x9C,0x73,0x9C,0x73,0x9C,0x73,
	0x9C,0x73,0x9C,0x73,0x9C,0x73,0x9C,0x73,0x9C,0x73,0x9C,0x73,0x9C,0x73,0x9C,0x73,
	0x9C,0x73,0x9C,0x73,0x9C,0x73,0x9C,0x73,0x9C,0x73,0x9C,0x73,0x9C,0x73,0x9C,0x73,
	0xB5,0x56,0x9C,0x73,0x9C,0x73,0x9C,0x73,0x9C,0x73,0x9C,0x73,0x9C,0x73,0x9C,0x73,
	0x9C,0x73,0x9C,0x73,0x9C,0x73,0x9C,0x73,0x9C,0x73,0x9C,0x73,0x9C,0x73,0x9C,0x73,
	0x9C,0x73,0x9C,0x73,0x9C,0x73,0x9C,0x73,0x9C,0x73,0x9C,0x73,0x9C,0x73,0x9C,0x73,
	0x9C,0x73,0x9C,0x73,0x9C,0x73,0x9C,0x73,0x9C,0x73,0x9C,0x73,0x9C,0x73,0x9C,0x73,
	0x9C,0x73,0x9C,0x73,0x9C,0x73,0x9C,0x73,0x9C,0x73,0x9C,0x73,0x9C,0x73,0x9C,0x73,

	0x9C,0x73,0x9C,0x73,0x9C,0x73,0x9C,0x73,0x00,0x00,0x00,0x00,0x00,0x00,0x00,0x00,
	0x00,0x00,0x00,0x00,0x00,0x00,0x00,0x00,0x00,0x00,0x00,0x00,0x00,0x00,0x00,0x00,
	0x00,0x00,0x00,0x00,0x00,0x00,0x00,0x00,0x00,0x00,0x00,0x00,0x00,0x00,0x00,0x00,
	0x00,0x00,0x00,0x00,0x00,0x00,0x00,0x00,0x00,0x00,0x00,0x00,0x00,0x00,0x00,0x00,
	0x00,0x00,0x00,0x00,0x00,0x00,0x00,0x00,0x00,0x00,0x00,0x00,0x00,0x00,0x00,0x00,
	0x00,0x00,0x00,0x00,0x00,0x00,0x00,0x00,0x00,0x00,0x00,0x00,0x00,0x00,0x00,0x00,
	0x00,0x00,0x00,0x00,0x00,0x00,0x00,0x00,0x00,0x00,0x00,0x00,0x00,0x00,0x00,0x00,
	0x00,0x00,0x00,0x00,0x00,0x00,0x00,0x00,0x00,0x00,0x00,0x00,0x00,0x00,0x00,0x00,

	0x00,0x00,0x00,0x00,0x00,0x00,0x00,0x00,0x00,0x00,0x00,0x00,0x00,0x00,0x00,0x00,
	0x00,0x00,0x00,0x00,0x00,0x00,0x00,0x00,0x00,0x00,0x00,0x00,0x00,0x00,0x00,0x00,
	0x00,0x00,0x00,0x00,0x00,0x00,0x00,0x00,0x00,0x00,0x00,0x00,0x00,0x00,0x00,0x00,
	0x00,0x00,0x00,0x00,0x00,0x00,0x00,0x00,0x00,0x00,0x00,0x00,0x00,0x00,0x00,0x00,
	0x00,0x00,0x00,0x00,0x00,0x00,0x00,0x00,0x00,0x00,0x00,0x00,0x00,0x00,0x00,0x00,
	0x00,0x00,0x00,0x00,0x00,0x00,0x00,0x00,0x00,0x00,0x9C,0x73,0x9C,0x73,0x9C,0x73,
	0x9C,0x73,0x9C,0x73,0x9C,0x73,0x9C,0x73,0x9C,0x73,0x9C,0x73,0x9C,0x73,0x9C,0x73,
	0x9C,0x73,0x9C,0x73,0x9C,0x73,0x9C,0x73,0x9C,0x73,0x9C,0x73,0x9C,0x73,0x9C,0x73,

	0x9C,0x73,0x9C,0x73,0x9C,0x73,0x9C,0x73,0x9C,0x73,0x9C,0x73,0x9C,0x73,0x9C,0x73,
	0x9C,0x73,0x9C,0x73,0x9C,0x73,0x9C,0x73,0x9C,0x73,0x9C,0x73,0x9C,0x73,0x9C,0x73,
	0x9C,0x73,0x9C,0x73,0x9C,0x73,0x9C,0x73,0x9C,0x73,0x9C,0x73,0x9C,0x73,0x9C,0x73,
	0xB5,0x56,0x9C,0x73,0x9C,0x73,0x9C,0x73,0x9C,0x73,0x9C,0x73,0x9C,0x73,0x9C,0x73,
	0x9C,0x73,0x9C,0x73,0x9C,0x73,0x9C,0x73,0x9C,0x73,0x9C,0x73,0x9C,0x73,0x9C,0x73,
	0x9C,0x73,0x9C,0x73,0x9C,0x73,0x9C,0x73,0x9C,0x73,0x9C,0x73,0x9C,0x73,0x9C,0x73,
	0xFF,0x7F,0xFF,0x7F,0xFF,0x7F,0xFF,0x7F,0xFF,0x7F,0xFF,0x7F,0xFF,0x7F,0xFF,0x7F,
	0xFF,0x7F,0xFF,0x7F,0xFF,0x7F,0xFF,0x7F,0xFF,0x7F,0xFF,0x7F,0xFF,0x7F,0xFF,0x7F,

	0xFF,0x7F,0xFF,0x7F,0xFF,0x7F,0xFF,0x7F,0xFF,0x7F,0xFF,0x7F,0xFF,0x7F,0xFF,0x7F,
	0xB5,0x56,0xFF,0x7F,0xFF,0x7F,0xFF,0x7F,0xFF,0x7F,0xFF,0x7F,0xFF,0x7F,0xFF,0x7F,
	0xFF,0x7F,0xFF,0x7F,0xFF,0x7F,0xFF,0x7F,0xFF,0x7F,0xFF,0x7F,0xFF,0x7F,0xFF,0x7F,
	0xFF,0x7F,0xFF,0x7F,0xFF,0x7F,0xFF,0x7F,0xFF,0x7F,0xFF,0x7F,0xFF,0x7F,0xFF,0x7F,
	0xFF,0x7F,0xFF,0x7F,0xFF,0x7F,0xFF,0x7F,0xFF,0x7F,0xFF,0x7F,0xFF,0x7F,0xFF,0x7F,
	0xFF,0x7F,0xFF,0x7F,0xFF,0x7F,0xFF,0x7F,0xFF,0x7F,0xFF,0x7F,0xFF,0x7F,0xFF,0x7F,
	0xFF,0x7F,0xFF,0x7F,0xFF,0x7F,0xFF,0x7F,0x00,0x00,0xFF,0x7F,0xFF,0x7F,0xFF,0x7F,
	0xFF,0x7F,0xFF,0x7F,0xFF,0x7F,0xFF,0x7F,0xFF,0x7F,0xFF,0x7F,0xFF,0x7F,0xFF,0x7F,

	0xFF,0x7F,0xFF,0x7F,0xFF,0x7F,0xFF,0x7F,0xFF,0x7F,0xFF,0x7F,0xFF,0x7F,0xFF,0x7F,
	0xFF,0x7F,0xFF,0x7F,0xFF,0x7F,0xFF,0x7F,0xFF,0x7F,0xFF,0x7F,0xFF,0x7F,0xFF,0x7F,
	0xFF,0x7F,0xFF,0x7F,0xFF,0x7F,0xFF,0x7F,0xFF,0x7F,0xFF,0x7F,0xFF,0x7F,0xFF,0x7F,
	0xFF,0x7F,0xFF,0x7F,0xFF,0x7F,0xFF,0x7F,0xFF,0x7F,0xFF,0x7F,0xFF,0x7F,0xFF,0x7F,
	0xFF,0x7F,0xFF,0x7F,0xFF,0x7F,0xFF,0x7F,0xFF,0x7F,0xFF,0x7F,0xFF,0x7F,0xFF,0x7F,
	0xFF,0x7F,0xFF,0x7F,0xFF,0x7F,0xFF,0x7F,0xFF,0x7F,0xFF,0x7F,0xFF,0x7F,0xFF,0x7F,
	0xFF,0x7F,0xFF,0x7F,0xFF,0x7F,0xFF,0x7F,0xFF,0x7F,0xFF,0x7F,0xFF,0x7F,0xFF,0x7F,
	0xFF,0x7F,0xFF,0x7F,0xFF,0x7F,0xFF,0x7F,0xFF,0x7F,0xFF,0x7F,0xFF,0x7F,0xFF,0x7F,

	0xFF,0x7F,0xFF,0x7F,0xFF,0x7F,0xFF,0x7F,0xFF,0x7F,0xFF,0x7F,0xFF,0x7F,0xFF,0x7F,
	0xFF,0x7F,0xFF,0x7F,0xFF,0x7F,0xFF,0x7F,0xFF,0x7F,0xFF,0x7F,0xFF,0x7F,0xFF,0x7F,
	0xFF,0x7F,0xFF,0x7F,0xFF,0x7F,0xFF,0x7F,0xFF,0x7F,0xFF,0x7F,0xFF,0x7F,0xFF,0x7F,
	0xFF,0x7F,0xFF,0x7F,0xFF,0x7F,0xFF,0x7F,0x00,0x00,0xFF,0x7F,0xFF,0x7F,0xFF,0x7F,
	0xFF,0x7F,0xFF,0x7F,0xFF,0x7F,0xFF,0x7F,0xFF,0x7F,0xFF,0x7F,0xFF,0x7F,0xFF,0x7F,
	0xFF,0x7F,0xFF,0x7F,0xFF,0x7F,0xFF,0x7F,0xFF,0x7F,0xFF,0x7F,0xFF,0x7F,0xFF,0x7F,
	0xFF,0x7F,0xFF,0x7F,0xFF,0x7F,0xFF,0x7F,0xFF,0x7F,0xFF,0x7F,0xFF,0x7F,0xFF,0x7F,
	0xFF,0x7F,0xFF,0x7F,0xFF,0x7F,0xFF,0x7F,0xFF,0x7F,0xFF,0x7F,0xFF,0x7F,0xFF,0x7F,

	0xFF,0x7F,0xFF,0x7F,0xFF,0x7F,0xFF,0x7F,0xFF,0x7F,0xFF,0x7F,0xFF,0x7F,0xFF,0x7F,
	0xB5,0x56,0xFF,0x7F,0xFF,0x7F,0xFF,0x7F,0xFF,0x7F,0xFF,0x7F,0xFF,0x7F,0xFF,0x7F,
	0xFF,0x7F,0xFF,0x7F,0xFF,0x7F,0xFF,0x7F,0xFF,0x7F,0xFF,0x7F,0xFF,0x7F,0xFF,0x7F,
	0xFF,0x7F,0xFF,0x7F,0xFF,0x7F,0xFF,0x7F,0xFF,0x7F,0xFF,0x7F,0xFF,0x7F,0xFF,0x7F,
	0x9C,0x73,0x9C,0x73,0x9C,0x73,0x9C,0x73,0x9C,0x73,0x9C,0x73,0x9C,0x73,0x9C,0x73,
	0x9C,0x73,0x9C,0x73,0x9C,0x73,0x9C,0x73,0x9C,0x73,0x9C,0x73,0x9C,0x73,0x9C,0x73,
	0x9C,0x73,0x9C,0x73,0x9C,0x73,0x9C,0x73,0x9C,0x73,0x9C,0x73,0x9C,0x73,0x9C,0x73,
	0xB5,0x56,0x9C,0x73,0x9C,0x73,0x9C,0x73,0x9C,0x73,0x9C,0x73,0x9C,0x73,0x9C,0x73,

	0x9C,0x73,0x9C,0x73,0x9C,0x73,0x9C,0x73,0x9C,0x73,0x9C,0x73,0x9C,0x73,0x9C,0x73,
	0x9C,0x73,0x9C,0x73,0x9C,0x73,0x9C,0x73,0x9C,0x73,0x9C,0x73,0x9C,0x73,0x9C,0x73,
	0x9C,0x73,0x9C,0x73,0x9C,0x73,0x9C,0x73,0x9C,0x73,0x9C,0x73,0x9C,0x73,0x9C,0x73,
	0x9C,0x73,0x9C,0x73,0x9C,0x73,0x9C,0x73,0x9C,0x73,0x9C,0x73,0x9C,0x73,0x9C,0x73,
	0x9C,0x73,0x9C,0x73,0x9C,0x73,0x9C,0x73,0x00,0x00,0xFF,0x7F,0xFF,0x7F,0xFF,0x7F,
	0xFF,0x7F,0xFF,0x7F,0xFF,0x7F,0xFF,0x7F,0xFF,0x7F,0xFF,0x7F,0xFF,0x7F,0xFF,0x7F,
	0xFF,0x7F,0xFF,0x7F,0xFF,0x7F,0xFF,0x7F,0xFF,0x7F,0xFF,0x7F,0xFF,0x7F,0xFF,0x7F,
	0xFF,0x7F,0xFF,0x7F,0xFF,0x7F,0xFF,0x7F,0xFF,0x7F,0xFF,0x7F,0xFF,0x7F,0xFF,0x7F,

	0xFF,0x7F,0xFF,0x7F,0xFF,0x7F,0xFF,0x7F,0xFF,0x7F,0xFF,0x7F,0xFF,0x7F,0xFF,0x7F,
	0xFF,0x7F,0xFF,0x7F,0xFF,0x7F,0xFF,0x7F,0xFF,0x7F,0xFF,0x7F,0xFF,0x7F,0xFF,0x7F,
	0xFF,0x7F,0xFF,0x7F,0xFF,0x7F,0xFF,0x7F,0xFF,0x7F,0xFF,0x7F,0xFF,0x7F,0xFF,0x7F,
	0xFF,0x7F,0xFF,0x7F,0xFF,0x7F,0xFF,0x7F,0xFF,0x7F,0xFF,0x7F,0xFF,0x7F,0xFF,0x7F,
	0xFF,0x7F,0xFF,0x7F,0xFF,0x7F,0xFF,0x7F,0xFF,0x7F,0xFF,0x7F,0xFF,0x7F,0xFF,0x7F,
	0xFF,0x7F,0xFF,0x7F,0xFF,0x7F,0xFF,0x7F,0xFF,0x7F,0xFF,0x7F,0xFF,0x7F,0xFF,0x7F,
	0xFF,0x7F,0xFF,0x7F,0xFF,0x7F,0xFF,0x7F,0xFF,0x7F,0xFF,0x7F,0xFF,0x7F,0xFF,0x7F,
	0xFF,0x7F,0xFF,0x7F,0xFF,0x7F,0xFF,0x7F,0xFF,0x7F,0xFF,0x7F,0xFF,0x7F,0xFF,0x7F,

	0xFF,0x7F,0xFF,0x7F,0xFF,0x7F,0xFF,0x7F,0xFF,0x7F,0xFF,0x7F,0xFF,0x7F,0xFF,0x7F,
	0xFF,0x7F,0xFF,0x7F,0xFF,0x7F,0xFF,0x7F,0x00,0x00,0x9C,0x73,0x9C,0x73,0x9C,0x73,
	0x9C,0x73,0x9C,0x73,0x9C,0x73,0x9C,0x73,0x9C,0x73,0x9C,0x73,0x9C,0x73,0x9C,0x73,
	0x9C,0x73,0x9C,0x73,0x9C,0x73,0x9C,0x73,0x9C,0x73,0x9C,0x73,0x9C,0x73,0x9C,0x73,
	0x9C,0x73,0x9C,0x73,0x9C,0x73,0x9C,0x73,0x9C,0x73,0x9C,0x73,0x9C,0x73,0x9C,0x73,
	0x9C,0x73,0x9C,0x73,0x9C,0x73,0x9C,0x73,0x9C,0x73,0x9C,0x73,0x9C,0x73,0x9C,0x73,
	0x9C,0x73,0x9C,0x73,0x9C,0x73,0x9C,0x73,0x9C,0x73,0x9C,0x73,0x9C,0x73,0x9C,0x73,
	0xB5,0x56,0x9C,0x73,0x9C,0x73,0x9C,0x73,0x9C,0x73,0x9C,0x73,0x9C,0x73,0x9C,0x73,

	0x9C,0x73,0x9C,0x73,0x9C,0x73,0x9C,0x73,0x9C,0x73,0x9C,0x73,0x9C,0x73,0x9C,0x73,
	0x9C,0x73,0x9C,0x73,0x9C,0x73,0x9C,0x73,0x9C,0x73,0x9C,0x73,0x9C,0x73,0x9C,0x73,
	0xFF,0x7F,0xFF,0x7F,0xFF,0x7F,0xFF,0x7F,0xFF,0x7F,0xFF,0x7F,0xFF,0x7F,0xFF,0x7F,
	0xFF,0x7F,0xFF,0x7F,0xFF,0x7F,0xFF,0x7F,0xFF,0x7F,0xFF,0x7F,0xFF,0x7F,0xFF,0x7F,
	0xFF,0x7F,0xFF,0x7F,0xFF,0x7F,0xFF,0x7F,0xFF,0x7F,0xFF,0x7F,0xFF,0x7F,0xFF,0x7F,
	0xB5,0x56,0xFF,0x7F,0xFF,0x7F,0xFF,0x7F,0xFF,0x7F,0xFF,0x7F,0xFF,0x7F,0xFF,0x7F,
	0xFF,0x7F,0xFF,0x7F,0xFF,0x7F,0xFF,0x7F,0xFF,0x7F,0xFF,0x7F,0xFF,0x7F,0xFF,0x7F,
	0xFF,0x7F,0xFF,0x7F,0xFF,0x7F,0xFF,0x7F,0xFF,0x7F,0xFF,0x7F,0xFF,0x7F,0xFF,0x7F,

	0xFF,0x7F,0xFF,0x7F,0xFF,0x7F,0xFF,0x7F,0xFF,0x7F,0xFF,0x7F,0xFF,0x7F,0xFF,0x7F,
	0xFF,0x7F,0xFF,0x7F,0xFF,0x7F,0xFF,0x7F,0xFF,0x7F,0xFF,0x7F,0xFF,0x7F,0xFF,0x7F,
	0xFF,0x7F,0xFF,0x7F,0xFF,0x7F,0xFF,0x7F,0x00,0x00,0xFF,0x7F,0xFF,0x7F,0xFF,0x7F,
	0xFF,0x7F,0xFF,0x7F,0xFF,0x7F,0xFF,0x7F,0xFF,0x7F,0xFF,0x7F,0xFF,0x7F,0xFF,0x7F,
	0xFF,0x7F,0xFF,0x7F,0xFF,0x7F,0xFF,0x7F,0xFF,0x7F,0xFF,0x7F,0xFF,0x7F,0xFF,0x7F,
	0xFF,0x7F,0xFF,0x7F,0xFF,0x7F,0xFF,0x7F,0xFF,0x7F,0xFF,0x7F,0xFF,0x7F,0xFF,0x7F,
	0xFF,0x7F,0xFF,0x7F,0xFF,0x7F,0xFF,0x7F,0xFF,0x7F,0xFF,0x7F,0xFF,0x7F,0xFF,0x7F,
	0xFF,0x7F,0xFF,0x7F,0xFF,0x7F,0xFF,0x7F,0xFF,0x7F,0xFF,0x7F,0xFF,0x7F,0xFF,0x7F,

	0xFF,0x7F,0xFF,0x7F,0xFF,0x7F,0xFF,0x7F,0xFF,0x7F,0xFF,0x7F,0xFF,0x7F,0xFF,0x7F,
	0xFF,0x7F,0xFF,0x7F,0xFF,0x7F,0xFF,0x7F,0xFF,0x7F,0xFF,0x7F,0xFF,0x7F,0xFF,0x7F,
	0xFF,0x7F,0xFF,0x7F,0xFF,0x7F,0xFF,0x7F,0xFF,0x7F,0xFF,0x7F,0xFF,0x7F,0xFF,0x7F,
	0xFF,0x7F,0xFF,0x7F,0xFF,0x7F,0xFF,0x7F,0xFF,0x7F,0xFF,0x7F,0xFF,0x7F,0xFF,0x7F,
	0xFF,0x7F,0xFF,0x7F,0xFF,0x7F,0xFF,0x7F,0xFF,0x7F,0xFF,0x7F,0xFF,0x7F,0xFF,0x7F,
	0xFF,0x7F,0xFF,0x7F,0xFF,0x7F,0xFF,0x7F,0xFF,0x7F,0xFF,0x7F,0xFF,0x7F,0xFF,0x7F,
	0xFF,0x7F,0xFF,0x7F,0xFF,0x7F,0xFF,0x7F,0xFF,0x7F,0xFF,0x7F,0xFF,0x7F,0xFF,0x7F,
	0xFF,0x7F,0xFF,0x7F,0xFF,0x7F,0xFF,0x7F,0x00,0x00,0xFF,0x7F,0xFF,0x7F,0xFF,0x7F,

	0xFF,0x7F,0xFF,0x7F,0xFF,0x7F,0xFF,0x7F,0xFF,0x7F,0xFF,0x7F,0xFF,0x7F,0xFF,0x7F,
	0xFF,0x7F,0xFF,0x7F,0xFF,0x7F,0xFF,0x7F,0xFF,0x7F,0xFF,0x7F,0xFF,0x7F,0xFF,0x7F,
	0xFF,0x7F,0xFF,0x7F,0xFF,0x7F,0xFF,0x7F,0xFF,0x7F,0xFF,0x7F,0xFF,0x7F,0xFF,0x7F,
	0xFF,0x7F,0xFF,0x7F,0xFF,0x7F,0xFF,0x7F,0xFF,0x7F,0xFF,0x7F,0xFF,0x7F,0xFF,0x7F,
	0xFF,0x7F,0xFF,0x7F,0xFF,0x7F,0xFF,0x7F,0xFF,0x7F,0xFF,0x7F,0xFF,0x7F,0xFF,0x7F,
	0xB5,0x56,0xFF,0x7F,0xFF,0x7F,0xFF,0x7F,0xFF,0x7F,0xFF,0x7F,0xFF,0x7F,0xFF,0x7F,
	0xFF,0x7F,0xFF,0x7F,0xFF,0x7F,0xFF,0x7F,0xFF,0x7F,0xFF,0x7F,0xFF,0x7F,0xFF,0x7F,
	0xFF,0x7F,0xFF,0x7F,0xFF,0x7F,0xFF,0x7F,0xFF,0x7F,0xFF,0x7F,0xFF,0x7F,0xFF,0x7F,

	0x9C,0x73,0x9C,0x73,0x9C,0x73,0x9C,0x73,0x9C,0x73,0x9C,0x73,0x9C,0x73,0x9C,0x73,
	0x9C,0x73,0x9C,0x73,0x9C,0x73,0x9C,0x73,0x9C,0x73,0x9C,0x73,0x9C,0x73,0x9C,0x73,
	0x9C,0x73,0x9C,0x73,0x9C,0x73,0x9C,0x73,0x9C,0x73,0x9C,0x73,0x9C,0x73,0x9C,0x73,
	0xB5,0x56,0x9C,0x73,0x9C,0x73,0x9C,0x73,0x9C,0x73,0x9C,0x73,0x9C,0x73,0x9C,0x73,
	0x9C,0x73,0x9C,0x73,0x9C,0x73,0x9C,0x73,0x9C,0x73,0x9C,0x73,0x9C,0x73,0x9C,0x73,
	0x9C,0x73,0x9C,0x73,0x9C,0x73,0x9C,0x73,0x9C,0x73,0x9C,0x73,0x9C,0x73,0x9C,0x73,
	0x9C,0x73,0x9C,0x73,0x9C,0x73,0x9C,0x73,0x9C,0x73,0x9C,0x73,0x9C,0x73,0x9C,0x73,
	0x9C,0x73,0x9C,0x73,0x9C,0x73,0x9C,0x73,0x9C,0x73,0x9C,0x73,0x9C,0x73,0x9C,0x73,

	0x9C,0x73,0x9C,0x73,0x9C,0x73,0x9C,0x73,0x00,0x00,0xFF,0x7F,0xFF,0x7F,0xFF,0x7F,
	0xFF,0x7F,0xFF,0x7F,0xFF,0x7F,0xFF,0x7F,0xFF,0x7F,0xFF,0x7F,0xFF,0x7F,0xFF,0x7F,
	0xFF,0x7F,0xFF,0x7F,0xFF,0x7F,0xFF,0x7F,0xFF,0x7F,0xFF,0x7F,0xFF,0x7F,0xFF,0x7F,
	0xFF,0x7F,0xFF,0x7F,0xFF,0x7F,0xFF,0x7F,0xFF,0x7F,0xFF,0x7F,0xFF,0x7F,0xFF,0x7F,
	0xFF,0x7F,0xFF,0x7F,0xFF,0x7F,0xFF,0x7F,0xFF,0x7F,0xFF,0x7F,0xFF,0x7F,0xFF,0x7F,
	0xFF,0x7F,0xFF,0x7F,0xFF,0x7F,0xFF,0x7F,0xFF,0x7F,0xFF,0x7F,0xFF,0x7F,0xFF,0x7F,
	0xFF,0x7F,0xFF,0x7F,0xFF,0x7F,0xFF,0x7F,0xFF,0x7F,0xFF,0x7F,0xFF,0x7F,0xFF,0x7F,
	0xFF,0x7F,0xFF,0x7F,0xFF,0x7F,0xFF,0x7F,0xFF,0x7F,0xFF,0x7F,0xFF,0x7F,0xFF,0x7F,

	0xFF,0x7F,0xFF,0x7F,0xFF,0x7F,0xFF,0x7F,0xFF,0x7F,0xFF,0x7F,0xFF,0x7F,0xFF,0x7F,
	0xFF,0x7F,0xFF,0x7F,0xFF,0x7F,0xFF,0x7F,0xFF,0x7F,0xFF,0x7F,0xFF,0x7F,0xFF,0x7F,
	0xFF,0x7F,0xFF,0x7F,0xFF,0x7F,0xFF,0x7F,0xFF,0x7F,0xFF,0x7F,0xFF,0x7F,0xFF,0x7F,
	0xFF,0x7F,0xFF,0x7F,0xFF,0x7F,0xFF,0x7F,0xFF,0x7F,0xFF,0x7F,0xFF,0x7F,0xFF,0x7F,
	0xFF,0x7F,0xFF,0x7F,0xFF,0x7F,0xFF,0x7F,0xFF,0x7F,0xFF,0x7F,0xFF,0x7F,0xFF,0x7F,
	0xFF,0x7F,0xFF,0x7F,0xFF,0x7F,0xFF,0x7F,0x00,0x00,0x9C,0x73,0x9C,0x73,0x9C,0x73,
	0x9C,0x73,0x9C,0x73,0x9C,0x73,0x9C,0x73,0x9C,0x73,0x9C,0x73,0x9C,0x73,0x9C,0x73,
	0x9C,0x73,0x9C,0x73,0x9C,0x73,0x9C,0x73,0x9C,0x73,0x9C,0x73,0x9C,0x73,0x9C,0x73,

	0x9C,0x73,0x9C,0x73,0x9C,0x73,0x9C,0x73,0x9C,0x73,0x9C,0x73,0x9C,0x73,0x9C,0x73,
	0x9C,0x73,0x9C,0x73,0x9C,0x73,0x9C,0x73,0x9C,0x73,0x9C,0x73,0x9C,0x73,0x9C,0x73,
	0x9C,0x73,0x9C,0x73,0x9C,0x73,0x9C,0x73,0x9C,0x73,0x9C,0x73,0x9C,0x73,0x9C,0x73,
	0xB5,0x56,0x9C,0x73,0x9C,0x73,0x9C,0x73,0x9C,0x73,0x9C,0x73,0x9C,0x73,0x9C,0x73,
	0x9C,0x73,0x9C,0x73,0x9C,0x73,0x9C,0x73,0x9C,0x73,0x9C,0x73,0x9C,0x73,0x9C,0x73,
	0x9C,0x73,0x9C,0x73,0x9C,0x73,0x9C,0x73,0x9C,0x73,0x9C,0x73,0x9C,0x73,0x9C,0x73,
	0xFF,0x7F,0xFF,0x7F,0xFF,0x7F,0xFF,0x7F,0xFF,0x7F,0xFF,0x7F,0xFF,0x7F,0xFF,0x7F,
	0xFF,0x7F,0xFF,0x7F,0xFF,0x7F,0xFF,0x7F,0xFF,0x7F,0xFF,0x7F,0xFF,0x7F,0xFF,0x7F,

	0xFF,0x7F,0xFF,0x7F,0xFF,0x7F,0xFF,0x7F,0xFF,0x7F,0xFF,0x7F,0xFF,0x7F,0xFF,0x7F,
	0xB5,0x56,0xFF,0x7F,0xFF,0x7F,0xFF,0x7F,0xFF,0x7F,0xFF,0x7F,0xFF,0x7F,0xFF,0x7F,
	0xFF,0x7F,0xFF,0x7F,0xFF,0x7F,0xFF,0x7F,0xFF,0x7F,0xFF,0x7F,0xFF,0x7F,0xFF,0x7F,
	0xFF,0x7F,0xFF,0x7F,0xFF,0x7F,0xFF,0x7F,0xFF,0x7F,0xFF,0x7F,0xFF,0x7F,0xFF,0x7F,
	0xFF,0x7F,0xFF,0x7F,0xFF,0x7F,0xFF,0x7F,0xFF,0x7F,0xFF,0x7F,0xFF,0x7F,0xFF,0x7F,
	0xFF,0x7F,0xFF,0x7F,0xFF,0x7F,0xFF,0x7F,0xFF,0x7F,0xFF,0x7F,0xFF,0x7F,0xFF,0x7F,
	0xFF,0x7F,0xFF,0x7F,0xFF,0x7F,0xFF,0x7F,0x00,0x00,0xFF,0x7F,0xFF,0x7F,0xFF,0x7F,
	0xFF,0x7F,0xFF,0x7F,0xFF,0x7F,0xFF,0x7F,0xFF,0x7F,0xFF,0x7F,0xFF,0x7F,0xFF,0x7F,

	0xFF,0x7F,0xFF,0x7F,0xFF,0x7F,0xFF,0x7F,0xFF,0x7F,0xFF,0x7F,0xFF,0x7F,0xFF,0x7F,
	0xFF,0x7F,0xFF,0x7F,0xFF,0x7F,0xFF,0x7F,0xFF,0x7F,0xFF,0x7F,0xFF,0x7F,0xFF,0x7F,
	0xFF,0x7F,0xFF,0x7F,0xFF,0x7F,0xFF,0x7F,0xFF,0x7F,0xFF,0x7F,0xFF,0x7F,0xFF,0x7F,
	0xFF,0x7F,0xFF,0x7F,0xFF,0x7F,0xFF,0x7F,0xFF,0x7F,0xFF,0x7F,0xFF,0x7F,0xFF,0x7F,
	0xFF,0x7F,0xFF,0x7F,0xFF,0x7F,0xFF,0x7F,0xFF,0x7F,0xFF,0x7F,0xFF,0x7F,0xFF,0x7F,
	0xFF,0x7F,0xFF,0x7F,0xFF,0x7F,0xFF,0x7F,0xFF,0x7F,0xFF,0x7F,0xFF,0x7F,0xFF,0x7F,
	0xFF,0x7F,0xFF,0x7F,0xFF,0x7F,0xFF,0x7F,0xFF,0x7F,0xFF,0x7F,0xFF,0x7F,0xFF,0x7F,
	0xFF,0x7F,0xFF,0x7F,0xFF,0x7F,0xFF,0x7F,0xFF,0x7F,0xFF,0x7F,0xFF,0x7F,0xFF,0x7F,

	0xFF,0x7F,0xFF,0x7F,0xFF,0x7F,0xFF,0x7F,0xFF,0x7F,0xFF,0x7F,0xFF,0x7F,0xFF,0x7F,
	0xFF,0x7F,0xFF,0x7F,0xFF,0x7F,0xFF,0x7F,0xFF,0x7F,0xFF,0x7F,0xFF,0x7F,0xFF,0x7F,
	0xFF,0x7F,0xFF,0x7F,0xFF,0x7F,0xFF,0x7F,0xFF,0x7F,0xFF,0x7F,0xFF,0x7F,0xFF,0x7F,
	0xFF,0x7F,0xFF,0x7F,0xFF,0x7F,0xFF,0x7F,0x00,0x00,0xFF,0x7F,0xFF,0x7F,0xFF,0x7F,
	0xFF,0x7F,0xFF,0x7F,0xFF,0x7F,0xFF,0x7F,0xFF,0x7F,0xFF,0x7F,0xFF,0x7F,0xFF,0x7F,
	0xFF,0x7F,0xFF,0x7F,0xFF,0x7F,0xFF,0x7F,0xFF,0x7F,0xFF,0x7F,0xFF,0x7F,0xFF,0x7F,
	0xFF,0x7F,0xFF,0x7F,0xFF,0x7F,0xFF,0x7F,0xFF,0x7F,0xFF,0x7F,0xFF,0x7F,0xFF,0x7F,
	0xFF,0x7F,0xFF,0x7F,0xFF,0x7F,0xFF,0x7F,0xFF,0x7F,0xFF,0x7F,0xFF,0x7F,0xFF,0x7F,

	0xFF,0x7F,0xFF,0x7F,0xFF,0x7F,0xFF,0x7F,0xFF,0x7F,0xFF,0x7F,0xFF,0x7F,0xFF,0x7F,
	0xB5,0x56,0xFF,0x7F,0xFF,0x7F,0xFF,0x7F,0xFF,0x7F,0xFF,0x7F,0xFF,0x7F,0xFF,0x7F,
	0xFF,0x7F,0xFF,0x7F,0xFF,0x7F,0xFF,0x7F,0xFF,0x7F,0xFF,0x7F,0xFF,0x7F,0xFF,0x7F,
	0xFF,0x7F,0xFF,0x7F,0xFF,0x7F,0xFF,0x7F,0xFF,0x7F,0xFF,0x7F,0xFF,0x7F,0xFF,0x7F,
	0x9C,0x73,0x9C,0x73,0x9C,0x73,0x9C,0x73,0x9C,0x73,0x9C,0x73,0x9C,0x73,0x9C,0x73,
	0x9C,0x73,0x9C,0x73,0x9C,0x73,0x9C,0x73,0x9C,0x73,0x9C,0x73,0x9C,0x73,0x9C,0x73,
	0x9C,0x73,0x9C,0x73,0x9C,0x73,0x9C,0x73,0x9C,0x73,0x9C,0x73,0x9C,0x73,0x9C,0x73,
	0xB5,0x56,0x9C,0x73,0x9C,0x73,0x9C,0x73,0x9C,0x73,0x9C,0x73,0x9C,0x73,0x9C,0x73,

	0x9C,0x73,0x9C,0x73,0x9C,0x73,0x9C,0x73,0x9C,0x73,0x9C,0x73,0x9C,0x73,0x9C,0x73,
	0x9C,0x73,0x9C,0x73,0x9C,0x73,0x9C,0x73,0x9C,0x73,0x9C,0x73,0x9C,0x73,0x9C,0x73,
	0x9C,0x73,0x9C,0x73,0x9C,0x73,0x9C,0x73,0x9C,0x73,0x9C,0x73,0x9C,0x73,0x9C,0x73,
	0x9C,0x73,0x9C,0x73,0x9C,0x73,0x9C,0x73,0x9C,0x73,0x9C,0x73,0x9C,0x73,0x9C,0x73,
	0x9C,0x73,0x9C,0x73,0x9C,0x73,0x9C,0x73,0x00,0x00,0xFF,0x7F,0xDE,0x7B,0xFF,0x7F,
	0xDE,0x7B,0xFF,0x7F,0xDE,0x7B,0xFF,0x7F,0xDE,0x7B,0xFF,0x7F,0xDE,0x7B,0xFF,0x7F,
	0xDE,0x7B,0xFF,0x7F,0xDE,0x7B,0xFF,0x7F,0xDE,0x7B,0xFF,0x7F,0xDE,0x7B,0xFF,0x7F,
	0xDE,0x7B,0xFF,0x7F,0xDE,0x7B,0xFF,0x7F,0xDE,0x7B,0xFF,0x7F,0xDE,0x7B,0xFF,0x7F,

	0xDE,0x7B,0xFF,0x7F,0xDE,0x7B,0xFF,0x7F,0xDE,0x7B,0xFF,0x7F,0xDE,0x7B,0xFF,0x7F,
	0xDE,0x7B,0xFF,0x7F,0xDE,0x7B,0xFF,0x7F,0xDE,0x7B,0xFF,0x7F,0xDE,0x7B,0xFF,0x7F,
	0xDE,0x7B,0xFF,0x7F,0xDE,0x7B,0xFF,0x7F,0xDE,0x7B,0xFF,0x7F,0xDE,0x7B,0xFF,0x7F,
	0xDE,0x7B,0xFF,0x7F,0xDE,0x7B,0xFF,0x7F,0xDE,0x7B,0xFF,0x7F,0xDE,0x7B,0xFF,0x7F,
	0xDE,0x7B,0xFF,0x7F,0xDE,0x7B,0xFF,0x7F,0xDE,0x7B,0xFF,0x7F,0xDE,0x7B,0xFF,0x7F,
	0xDE,0x7B,0xFF,0x7F,0xDE,0x7B,0xFF,0x7F,0xDE,0x7B,0xFF,0x7F,0xDE,0x7B,0xFF,0x7F,
	0xDE,0x7B,0xFF,0x7F,0xDE,0x7B,0xFF,0x7F,0xDE,0x7B,0xFF,0x7F,0xDE,0x7B,0xFF,0x7F,
	0xDE,0x7B,0xFF,0x7F,0xDE,0x7B,0xFF,0x7F,0xDE,0x7B,0xFF,0x7F,0xDE,0x7B,0xFF,0x7F,

	0xDE,0x7B,0xFF,0x7F,0xDE,0x7B,0xFF,0x7F,0xDE,0x7B,0xFF,0x7F,0xDE,0x7B,0xFF,0x7F,
	0xDE,0x7B,0xFF,0x7F,0xDE,0x7B,0xFF,0x7F,0x00,0x00,0x9C,0x73,0x9C,0x73,0x9C,0x73,
	0x9C,0x73,0x9C,0x73,0x9C,0x73,0x9C,0x73,0x9C,0x73,0x9C,0x73,0x9C,0x73,0x9C,0x73,
	0x9C,0x73,0x9C,0x73,0x9C,0x73,0x9C,0x73,0x9C,0x73,0x9C,0x73,0x9C,0x73,0x9C,0x73,
	0x9C,0x73,0x9C,0x73,0x9C,0x73,0x9C,0x73,0x9C,0x73,0x9C,0x73,0x9C,0x73,0x9C,0x73,
	0x9C,0x73,0x9C,0x73,0x9C,0x73,0x9C,0x73,0x9C,0x73,0x9C,0x73,0x9C,0x73,0x9C,0x73,
	0x9C,0x73,0x9C,0x73,0x9C,0x73,0x9C,0x73,0x9C,0x73,0x9C,0x73,0x9C,0x73,0x9C,0x73,
	0xB5,0x56,0x9C,0x73,0x9C,0x73,0x9C,0x73,0x9C,0x73,0x9C,0x73,0x9C,0x73,0x9C,0x73,

	0x9C,0x73,0x9C,0x73,0x9C,0x73,0x9C,0x73,0x9C,0x73,0x9C,0x73,0x9C,0x73,0x9C,0x73,
	0x9C,0x73,0x9C,0x73,0x9C,0x73,0x9C,0x73,0x9C,0x73,0x9C,0x73,0x9C,0x73,0x9C,0x73,
	0xFF,0x7F,0xFF,0x7F,0xFF,0x7F,0xFF,0x7F,0xFF,0x7F,0xFF,0x7F,0xFF,0x7F,0xFF,0x7F,
	0xFF,0x7F,0xFF,0x7F,0xFF,0x7F,0xFF,0x7F,0xFF,0x7F,0xFF,0x7F,0xFF,0x7F,0xFF,0x7F,
	0xFF,0x7F,0xFF,0x7F,0xFF,0x7F,0xFF,0x7F,0xFF,0x7F,0xFF,0x7F,0xFF,0x7F,0xFF,0x7F,
	0xB5,0x56,0xFF,0x7F,0xFF,0x7F,0xFF,0x7F,0xFF,0x7F,0xFF,0x7F,0xFF,0x7F,0xFF,0x7F,
	0xFF,0x7F,0xFF,0x7F,0xFF,0x7F,0xFF,0x7F,0xFF,0x7F,0xFF,0x7F,0xFF,0x7F,0xFF,0x7F,
	0xFF,0x7F,0xFF,0x7F,0xFF,0x7F,0xFF,0x7F,0xFF,0x7F,0xFF,0x7F,0xFF,0x7F,0xFF,0x7F,

	0xFF,0x7F,0xFF,0x7F,0xFF,0x7F,0xFF,0x7F,0xFF,0x7F,0xFF,0x7F,0xFF,0x7F,0xFF,0x7F,
	0xFF,0x7F,0xFF,0x7F,0xFF,0x7F,0xFF,0x7F,0xFF,0x7F,0xFF,0x7F,0xFF,0x7F,0xFF,0x7F,
	0xFF,0x7F,0xFF,0x7F,0xFF,0x7F,0xFF,0x7F,0x00,0x00,0xFF,0x7F,0xFF,0x7F,0xDE,0x7B,
	0xFF,0x7F,0xDE,0x7B,0xFF,0x7F,0xDE,0x7B,0xFF,0x7F,0xDE,0x7B,0xFF,0x7F,0xDE,0x7B,
	0xFF,0x7F,0xDE,0x7B,0xFF,0x7F,0xDE,0x7B,0xFF,0x7F,0xDE,0x7B,0xFF,0x7F,0xDE,0x7B,
	0xFF,0x7F,0xDE,0x7B,0xFF,0x7F,0xDE,0x7B,0xFF,0x7F,0xDE,0x7B,0xFF,0x7F,0xDE,0x7B,
	0xFF,0x7F,0xDE,0x7B,0xFF,0x7F,0xDE,0x7B,0xFF,0x7F,0xDE,0x7B,0xFF,0x7F,0xDE,0x7B,
	0xFF,0x7F,0xDE,0x7B,0xFF,0x7F,0xDE,0x7B,0xFF,0x7F,0xDE,0x7B,0xFF,0x7F,0xDE,0x7B,

	0xFF,0x7F,0xDE,0x7B,0xFF,0x7F,0xDE,0x7B,0xFF,0x7F,0xDE,0x7B,0xFF,0x7F,0xDE,0x7B,
	0xFF,0x7F,0xDE,0x7B,0xFF,0x7F,0xDE,0x7B,0xFF,0x7F,0xDE,0x7B,0xFF,0x7F,0xDE,0x7B,
	0xFF,0x7F,0xDE,0x7B,0xFF,0x7F,0xDE,0x7B,0xFF,0x7F,0xDE,0x7B,0xFF,0x7F,0xDE,0x7B,
	0xFF,0x7F,0xDE,0x7B,0xFF,0x7F,0xDE,0x7B,0xFF,0x7F,0xDE,0x7B,0xFF,0x7F,0xDE,0x7B,
	0xFF,0x7F,0xDE,0x7B,0xFF,0x7F,0xDE,0x7B,0xFF,0x7F,0xDE,0x7B,0xFF,0x7F,0xDE,0x7B,
	0xFF,0x7F,0xDE,0x7B,0xFF,0x7F,0xDE,0x7B,0xFF,0x7F,0xDE,0x7B,0xFF,0x7F,0xDE,0x7B,
	0xFF,0x7F,0xDE,0x7B,0xFF,0x7F,0xDE,0x7B,0xFF,0x7F,0xDE,0x7B,0xFF,0x7F,0xDE,0x7B,
	0xFF,0x7F,0xDE,0x7B,0xFF,0x7F,0xFF,0x7F,0x00,0x00,0xFF,0x7F,0xFF,0x7F,0xFF,0x7F,

	0xFF,0x7F,0xFF,0x7F,0xFF,0x7F,0xFF,0x7F,0xFF,0x7F,0xFF,0x7F,0xFF,0x7F,0xFF,0x7F,
	0xFF,0x7F,0xFF,0x7F,0xFF,0x7F,0xFF,0x7F,0xFF,0x7F,0xFF,0x7F,0xFF,0x7F,0xFF,0x7F,
	0xFF,0x7F,0xFF,0x7F,0xFF,0x7F,0xFF,0x7F,0xFF,0x7F,0xFF,0x7F,0xFF,0x7F,0xFF,0x7F,
	0xFF,0x7F,0xFF,0x7F,0xFF,0x7F,0xFF,0x7F,0xFF,0x7F,0xFF,0x7F,0xFF,0x7F,0xFF,0x7F,
	0xFF,0x7F,0xFF,0x7F,0xFF,0x7F,0xFF,0x7F,0xFF,0x7F,0xFF,0x7F,0xFF,0x7F,0xFF,0x7F,
	0xB5,0x56,0xFF,0x7F,0xFF,0x7F,0xFF,0x7F,0xFF,0x7F,0xFF,0x7F,0xFF,0x7F,0xFF,0x7F,
	0xFF,0x7F,0xFF,0x7F,0xFF,0x7F,0xFF,0x7F,0xFF,0x7F,0xFF,0x7F,0xFF,0x7F,0xFF,0x7F,
	0xFF,0x7F,0xFF,0x7F,0xFF,0x7F,0xFF,0x7F,0xFF,0x7F,0xFF,0x7F,0xFF,0x7F,0xFF,0x7F,

	0x9C,0x73,0x9C,0x73,0x9C,0x73,0x9C,0x73,0x9C,0x73,0x9C,0x73,0x9C,0x73,0x9C,0x73,
	0x9C,0x73,0x9C,0x73,0x9C,0x73,0x9C,0x73,0x9C,0x73,0x9C,0x73,0x9C,0x73,0x9C,0x73,
	0x9C,0x73,0x9C,0x73,0x9C,0x73,0x9C,0x73,0x9C,0x73,0x9C,0x73,0x9C,0x73,0x9C,0x73,
	0xB5,0x56,0x9C,0x73,0x9C,0x73,0x9C,0x73,0x9C,0x73,0x9C,0x73,0x9C,0x73,0x9C,0x73,
	0x9C,0x73,0x9C,0x73,0x9C,0x73,0x9C,0x73,0x9C,0x73,0x9C,0x73,0x9C,0x73,0x9C,0x73,
	0x9C,0x73,0x9C,0x73,0x9C,0x73,0x9C,0x73,0x9C,0x73,0x9C,0x73,0x9C,0x73,0x9C,0x73,
	0x9C,0x73,0x9C,0x73,0x9C,0x73,0x9C,0x73,0x9C,0x73,0x9C,0x73,0x9C,0x73,0x9C,0x73,
	0x9C,0x73,0x9C,0x73,0x9C,0x73,0x9C,0x73,0x9C,0x73,0x9C,0x73,0x9C,0x73,0x9C,0x73,

	0x9C,0x73,0x9C,0x73,0x9C,0x73,0x9C,0x73,0x00,0x00,0xFF,0x7F,0xDE,0x7B,0xFF,0x7F,
	0xDE,0x7B,0xFF,0x7F,0xDE,0x7B,0xFF,0x7F,0xDE,0x7B,0xFF,0x7F,0xDE,0x7B,0xFF,0x7F,
	0xDE,0x7B,0xFF,0x7F,0xDE,0x7B,0xFF,0x7F,0xDE,0x7B,0xFF,0x7F,0xDE,0x7B,0xFF,0x7F,
	0xDE,0x7B,0xFF,0x7F,0xDE,0x7B,0xFF,0x7F,0xDE,0x7B,0xFF,0x7F,0xDE,0x7B,0xFF,0x7F,
	0xDE,0x7B,0xFF,0x7F,0xDE,0x7B,0xFF,0x7F,0xDE,0x7B,0xFF,0x7F,0xDE,0x7B,0xFF,0x7F,
	0xDE,0x7B,0xFF,0x7F,0xDE,0x7B,0xFF,0x7F,0xDE,0x7B,0xFF,0x7F,0xDE,0x7B,0xFF,0x7F,
	0xDE,0x7B,0xFF,0x7F,0xDE,0x7B,0xFF,0x7F,0xDE,0x7B,0xFF,0x7F,0xDE,0x7B,0xFF,0x7F,
	0xDE,0x7B,0xFF,0x7F,0xDE,0x7B,0xFF,0x7F,0xDE,0x7B,0xFF,0x7F,0xDE,0x7B,0xFF,0x7F,

	0xDE,0x7B,0xFF,0x7F,0xDE,0x7B,0xFF,0x7F,0xDE,0x7B,0xFF,0x7F,0xDE,0x7B,0xFF,0x7F,
	0xDE,0x7B,0xFF,0x7F,0xDE,0x7B,0xFF,0x7F,0xDE,0x7B,0xFF,0x7F,0xDE,0x7B,0xFF,0x7F,
	0xDE,0x7B,0xFF,0x7F,0xDE,0x7B,0xFF,0x7F,0xDE,0x7B,0xFF,0x7F,0xDE,0x7B,0xFF,0x7F,
	0xDE,0x7B,0xFF,0x7F,0xDE,0x7B,0xFF,0x7F,0xDE,0x7B,0xFF,0x7F,0xDE,0x7B,0xFF,0x7F,
	0xDE,0x7B,0xFF,0x7F,0xDE,0x7B,0xFF,0x7F,0xDE,0x7B,0xFF,0x7F,0xDE,0x7B,0xFF,0x7F,
	0xDE,0x7B,0xFF,0x7F,0xDE,0x7B,0xFF,0x7F,0x00,0x00,0x9C,0x73,0x9C,0x73,0x9C,0x73,
	0x9C,0x73,0x9C,0x73,0x9C,0x73,0x9C,0x73,0x9C,0x73,0x9C,0x73,0x9C,0x73,0x9C,0x73,
	0x9C,0x73,0x9C,0x73,0x9C,0x73,0x9C,0x73,0x9C,0x73,0x9C,0x73,0x9C,0x73,0x9C,0x73,

	0x9C,0x73,0x9C,0x73,0x9C,0x73,0x9C,0x73,0x9C,0x73,0x9C,0x73,0x9C,0x73,0x9C,0x73,
	0x9C,0x73,0x9C,0x73,0x9C,0x73,0x9C,0x73,0x9C,0x73,0x9C,0x73,0x9C,0x73,0x9C,0x73,
	0x9C,0x73,0x9C,0x73,0x9C,0x73,0x9C,0x73,0x9C,0x73,0x9C,0x73,0x9C,0x73,0x9C,0x73,
	0xB5,0x56,0x9C,0x73,0x9C,0x73,0x9C,0x73,0x9C,0x73,0x9C,0x73,0x9C,0x73,0x9C,0x73,
	0x9C,0x73,0x9C,0x73,0x9C,0x73,0x9C,0x73,0x9C,0x73,0x9C,0x73,0x9C,0x73,0x9C,0x73,
	0x9C,0x73,0x9C,0x73,0x9C,0x73,0x9C,0x73,0x9C,0x73,0x9C,0x73,0x9C,0x73,0x9C,0x73,
	0xFF,0x7F,0xFF,0x7F,0xFF,0x7F,0xFF,0x7F,0xFF,0x7F,0xFF,0x7F,0xFF,0x7F,0xFF,0x7F,
	0xFF,0x7F,0xFF,0x7F,0xFF,0x7F,0xFF,0x7F,0xFF,0x7F,0xFF,0x7F,0xFF,0x7F,0xFF,0x7F,

	0xFF,0x7F,0xFF,0x7F,0xFF,0x7F,0xFF,0x7F,0xFF,0x7F,0xFF,0x7F,0xFF,0x7F,0xFF,0x7F,
	0xB5,0x56,0xFF,0x7F,0xFF,0x7F,0xFF,0x7F,0xFF,0x7F,0xFF,0x7F,0xFF,0x7F,0xFF,0x7F,
	0xFF,0x7F,0xFF,0x7F,0xFF,0x7F,0xFF,0x7F,0xFF,0x7F,0xFF,0x7F,0xFF,0x7F,0xFF,0x7F,
	0xFF,0x7F,0xFF,0x7F,0xFF,0x7F,0xFF,0x7F,0xFF,0x7F,0xFF,0x7F,0xFF,0x7F,0xFF,0x7F,
	0xFF,0x7F,0xFF,0x7F,0xFF,0x7F,0xFF,0x7F,0xFF,0x7F,0xFF,0x7F,0xFF,0x7F,0xFF,0x7F,
	0xFF,0x7F,0xFF,0x7F,0xFF,0x7F,0xFF,0x7F,0xFF,0x7F,0xFF,0x7F,0xFF,0x7F,0xFF,0x7F,
	0xFF,0x7F,0xFF,0x7F,0xFF,0x7F,0xFF,0x7F,0x00,0x00,0xFF,0x7F,0xDE,0x7B,0xDE,0x7B,
	0xDE,0x7B,0xDE,0x7B,0xDE,0x7B,0xDE,0x7B,0xDE,0x7B,0xDE,0x7B,0xDE,0x7B,0xDE,0x7B,

	0xDE,0x7B,0xDE,0x7B,0xDE,0x7B,0xDE,0x7B,0xDE,0x7B,0xDE,0x7B,0xDE,0x7B,0xDE,0x7B,
	0xDE,0x7B,0xDE,0x7B,0xDE,0x7B,0xDE,0x7B,0xDE,0x7B,0xDE,0x7B,0xDE,0x7B,0xDE,0x7B,
	0xDE,0x7B,0xDE,0x7B,0xDE,0x7B,0xDE,0x7B,0xDE,0x7B,0xDE,0x7B,0xDE,0x7B,0xDE,0x7B,
	0xDE,0x7B,0xDE,0x7B,0xDE,0x7B,0xDE,0x7B,0xDE,0x7B,0xDE,0x7B,0xDE,0x7B,0xDE,0x7B,
	0xDE,0x7B,0xDE,0x7B,0xDE,0x7B,0xDE,0x7B,0xDE,0x7B,0xDE,0x7B,0xDE,0x7B,0xDE,0x7B,
	0xDE,0x7B,0xDE,0x7B,0xDE,0x7B,0xDE,0x7B,0xDE,0x7B,0xDE,0x7B,0xDE,0x7B,0xDE,0x7B,
	0xDE,0x7B,0xDE,0x7B,0xDE,0x7B,0xDE,0x7B,0xDE,0x7B,0xDE,0x7B,0xDE,0x7B,0xDE,0x7B,
	0xDE,0x7B,0xDE,0x7B,0xDE,0x7B,0xDE,0x7B,0xDE,0x7B,0xDE,0x7B,0xDE,0x7B,0xDE,0x7B,

	0xDE,0x7B,0xDE,0x7B,0xDE,0x7B,0xDE,0x7B,0xDE,0x7B,0xDE,0x7B,0xDE,0x7B,0xDE,0x7B,
	0xDE,0x7B,0xDE,0x7B,0xDE,0x7B,0xDE,0x7B,0xDE,0x7B,0xDE,0x7B,0xDE,0x7B,0xDE,0x7B,
	0xDE,0x7B,0xDE,0x7B,0xDE,0x7B,0xDE,0x7B,0xDE,0x7B,0xDE,0x7B,0xDE,0x7B,0xDE,0x7B,
	0xDE,0x7B,0xDE,0x7B,0xDE,0x7B,0xFF,0x7F,0x00,0x00,0xFF,0x7F,0xFF,0x7F,0xFF,0x7F,
	0xFF,0x7F,0xFF,0x7F,0xFF,0x7F,0xFF,0x7F,0xFF,0x7F,0xFF,0x7F,0xFF,0x7F,0xFF,0x7F,
	0xFF,0x7F,0xFF,0x7F,0xFF,0x7F,0xFF,0x7F,0xFF,0x7F,0xFF,0x7F,0xFF,0x7F,0xFF,0x7F,
	0xFF,0x7F,0xFF,0x7F,0xFF,0x7F,0xFF,0x7F,0xFF,0x7F,0xFF,0x7F,0xFF,0x7F,0xFF,0x7F,
	0xFF,0x7F,0xFF,0x7F,0xFF,0x7F,0xFF,0x7F,0xFF,0x7F,0xFF,0x7F,0xFF,0x7F,0xFF,0x7F,

	0xFF,0x7F,0xFF,0x7F,0xFF,0x7F,0xFF,0x7F,0xFF,0x7F,0xFF,0x7F,0xFF,0x7F,0xFF,0x7F,
	0xB5,0x56,0xFF,0x7F,0xFF,0x7F,0xFF,0x7F,0xFF,0x7F,0xFF,0x7F,0xFF,0x7F,0xFF,0x7F,
	0xFF,0x7F,0xFF,0x7F,0xFF,0x7F,0xFF,0x7F,0xFF,0x7F,0xFF,0x7F,0xFF,0x7F,0xFF,0x7F,
	0xFF,0x7F,0xFF,0x7F,0xFF,0x7F,0xFF,0x7F,0xFF,0x7F,0xFF,0x7F,0xFF,0x7F,0xFF,0x7F,
	0x9C,0x73,0x9C,0x73,0x9C,0x73,0x9C,0x73,0x9C,0x73,0x9C,0x73,0x9C,0x73,0x9C,0x73,
	0x9C,0x73,0x9C,0x73,0x9C,0x73,0x9C,0x73,0x9C,0x73,0x9C,0x73,0x9C,0x73,0x9C,0x73,
	0x9C,0x73,0x9C,0x73,0x9C,0x73,0x9C,0x73,0x9C,0x73,0x9C,0x73,0x9C,0x73,0x9C,0x73,
	0xB5,0x56,0x9C,0x73,0x9C,0x73,0x9C,0x73,0x9C,0x73,0x9C,0x73,0x9C,0x73,0x9C,0x73,

	0x9C,0x73,0x9C,0x73,0x9C,0x73,0x9C,0x73,0x9C,0x73,0x9C,0x73,0x9C,0x73,0x9C,0x73,
	0x9C,0x73,0x9C,0x73,0x9C,0x73,0x9C,0x73,0x9C,0x73,0x9C,0x73,0x9C,0x73,0x9C,0x73,
	0x9C,0x73,0x9C,0x73,0x9C,0x73,0x9C,0x73,0x9C,0x73,0x9C,0x73,0x9C,0x73,0x9C,0x73,
	0x9C,0x73,0x9C,0x73,0x9C,0x73,0x9C,0x73,0x9C,0x73,0x9C,0x73,0x9C,0x73,0x9C,0x73,
	0x9C,0x73,0x9C,0x73,0x9C,0x73,0x9C,0x73,0x00,0x00,0xFF,0x7F,0xDE,0x7B,0xDE,0x7B,
	0xDE,0x7B,0xDE,0x7B,0xDE,0x7B,0xDE,0x7B,0xDE,0x7B,0xDE,0x7B,0xDE,0x7B,0xDE,0x7B,
	0xDE,0x7B,0xDE,0x7B,0xDE,0x7B,0xDE,0x7B,0xDE,0x7B,0xDE,0x7B,0xDE,0x7B,0xDE,0x7B,
	0xDE,0x7B,0xDE,0x7B,0xDE,0x7B,0xDE,0x7B,0xDE,0x7B,0xDE,0x7B,0xDE,0x7B,0xDE,0x7B,

	0xDE,0x7B,0xDE,0x7B,0xDE,0x7B,0xDE,0x7B,0xDE,0x7B,0xDE,0x7B,0xDE,0x7B,0xDE,0x7B,
	0xDE,0x7B,0xDE,0x7B,0xDE,0x7B,0xDE,0x7B,0xDE,0x7B,0xDE,0x7B,0xDE,0x7B,0xDE,0x7B,
	0xDE,0x7B,0xDE,0x7B,0xDE,0x7B,0xDE,0x7B,0xDE,0x7B,0xDE,0x7B,0xDE,0x7B,0xDE,0x7B,
	0xDE,0x7B,0xDE,0x7B,0xDE,0x7B,0xDE,0x7B,0xDE,0x7B,0xDE,0x7B,0xDE,0x7B,0xDE,0x7B,
	0xDE,0x7B,0xDE,0x7B,0xDE,0x7B,0xDE,0x7B,0xDE,0x7B,0xDE,0x7B,0xDE,0x7B,0xDE,0x7B,
	0xDE,0x7B,0xDE,0x7B,0xDE,0x7B,0xDE,0x7B,0xDE,0x7B,0xDE,0x7B,0xDE,0x7B,0xDE,0x7B,
	0xDE,0x7B,0xDE,0x7B,0xDE,0x7B,0xDE,0x7B,0xDE,0x7B,0xDE,0x7B,0xDE,0x7B,0xDE,0x7B,
	0xDE,0x7B,0xDE,0x7B,0xDE,0x7B,0xDE,0x7B,0xDE,0x7B,0xDE,0x7B,0xDE,0x7B,0xDE,0x7B,

	0xDE,0x7B,0xDE,0x7B,0xDE,0x7B,0xDE,0x7B,0xDE,0x7B,0xDE,0x7B,0xDE,0x7B,0xDE,0x7B,
	0xDE,0x7B,0xDE,0x7B,0xDE,0x7B,0xFF,0x7F,0x00,0x00,0x9C,0x73,0x9C,0x73,0x9C,0x73,
	0x9C,0x73,0x9C,0x73,0x9C,0x73,0x9C,0x73,0x9C,0x73,0x9C,0x73,0x9C,0x73,0x9C,0x73,
	0x9C,0x73,0x9C,0x73,0x9C,0x73,0x9C,0x73,0x9C,0x73,0x9C,0x73,0x9C,0x73,0x9C,0x73,
	0x9C,0x73,0x9C,0x73,0x9C,0x73,0x9C,0x73,0x9C,0x73,0x9C,0x73,0x9C,0x73,0x9C,0x73,
	0x9C,0x73,0x9C,0x73,0x9C,0x73,0x9C,0x73,0x9C,0x73,0x9C,0x73,0x9C,0x73,0x9C,0x73,
	0x9C,0x73,0x9C,0x73,0x9C,0x73,0x9C,0x73,0x9C,0x73,0x9C,0x73,0x9C,0x73,0x9C,0x73,
	0xB5,0x56,0x9C,0x73,0x9C,0x73,0x9C,0x73,0x9C,0x73,0x9C,0x73,0x9C,0x73,0x9C,0x73,

	0x9C,0x73,0x9C,0x73,0x9C,0x73,0x9C,0x73,0x9C,0x73,0x9C,0x73,0x9C,0x73,0x9C,0x73,
	0x9C,0x73,0x9C,0x73,0x9C,0x73,0x9C,0x73,0x9C,0x73,0x9C,0x73,0x9C,0x73,0x9C,0x73,
	0xFF,0x7F,0xFF,0x7F,0xFF,0x7F,0xFF,0x7F,0xFF,0x7F,0xFF,0x7F,0xFF,0x7F,0xFF,0x7F,
	0xFF,0x7F,0xFF,0x7F,0xFF,0x7F,0xFF,0x7F,0xFF,0x7F,0xFF,0x7F,0xFF,0x7F,0xFF,0x7F,
	0xFF,0x7F,0xFF,0x7F,0xFF,0x7F,0xFF,0x7F,0xFF,0x7F,0xFF,0x7F,0xFF,0x7F,0xFF,0x7F,
	0xB5,0x56,0xFF,0x7F,0xFF,0x7F,0xFF,0x7F,0xFF,0x7F,0xFF,0x7F,0xFF,0x7F,0xFF,0x7F,
	0xFF,0x7F,0xFF,0x7F,0xFF,0x7F,0xFF,0x7F,0xFF,0x7F,0xFF,0x7F,0xFF,0x7F,0xFF,0x7F,
	0xFF,0x7F,0xFF,0x7F,0xFF,0x7F,0xFF,0x7F,0xFF,0x7F,0xFF,0x7F,0xFF,0x7F,0xFF,0x7F,

	0xFF,0x7F,0xFF,0x7F,0xFF,0x7F,0xFF,0x7F,0xFF,0x7F,0xFF,0x7F,0xFF,0x7F,0xFF,0x7F,
	0xFF,0x7F,0xFF,0x7F,0xFF,0x7F,0xFF,0x7F,0xFF,0x7F,0xFF,0x7F,0xFF,0x7F,0xFF,0x7F,
	0xFF,0x7F,0xFF,0x7F,0xFF,0x7F,0xFF,0x7F,0x00,0x00,0xFF,0x7F,0xDE,0x7B,0xDE,0x7B,
	0xDE,0x7B,0xDE,0x7B,0xDE,0x7B,0xDE,0x7B,0xDE,0x7B,0xDE,0x7B,0xDE,0x7B,0xDE,0x7B,
	0xDE,0x7B,0xDE,0x7B,0xDE,0x7B,0xDE,0x7B,0xDE,0x7B,0xDE,0x7B,0xDE,0x7B,0xDE,0x7B,
	0xDE,0x7B,0xDE,0x7B,0xDE,0x7B,0xDE,0x7B,0xDE,0x7B,0xDE,0x7B,0xDE,0x7B,0xDE,0x7B,
	0xDE,0x7B,0xDE,0x7B,0xDE,0x7B,0xDE,0x7B,0xDE,0x7B,0xDE,0x7B,0xDE,0x7B,0xDE,0x7B,
	0xDE,0x7B,0xDE,0x7B,0xDE,0x7B,0xDE,0x7B,0xDE,0x7B,0xDE,0x7B,0xDE,0x7B,0xDE,0x7B,

	0xDE,0x7B,0xDE,0x7B,0xDE,0x7B,0xDE,0x7B,0xDE,0x7B,0xDE,0x7B,0xDE,0x7B,0xDE,0x7B,
	0xDE,0x7B,0xDE,0x7B,0xDE,0x7B,0xDE,0x7B,0xDE,0x7B,0xDE,0x7B,0xDE,0x7B,0xDE,0x7B,
	0xDE,0x7B,0xDE,0x7B,0xDE,0x7B,0xDE,0x7B,0xDE,0x7B,0xDE,0x7B,0xDE,0x7B,0xDE,0x7B,
	0xDE,0x7B,0xDE,0x7B,0xDE,0x7B,0xDE,0x7B,0xDE,0x7B,0xDE,0x7B,0xDE,0x7B,0xDE,0x7B,
	0xDE,0x7B,0xDE,0x7B,0xDE,0x7B,0xDE,0x7B,0xDE,0x7B,0xDE,0x7B,0xDE,0x7B,0xDE,0x7B,
	0xDE,0x7B,0xDE,0x7B,0xDE,0x7B,0xDE,0x7B,0xDE,0x7B,0xDE,0x7B,0xDE,0x7B,0xDE,0x7B,
	0xDE,0x7B,0xDE,0x7B,0xDE,0x7B,0xDE,0x7B,0xDE,0x7B,0xDE,0x7B,0xDE,0x7B,0xDE,0x7B,
	0xDE,0x7B,0xDE,0x7B,0xDE,0x7B,0xFF,0x7F,0x00,0x00,0xFF,0x7F,0xFF,0x7F,0xFF,0x7F,

	0xFF,0x7F,0xFF,0x7F,0xFF,0x7F,0xFF,0x7F,0xFF,0x7F,0xFF,0x7F,0xFF,0x7F,0xFF,0x7F,
	0xFF,0x7F,0xFF,0x7F,0xFF,0x7F,0xFF,0x7F,0xFF,0x7F,0xFF,0x7F,0xFF,0x7F,0xFF,0x7F,
	0xFF,0x7F,0xFF,0x7F,0xFF,0x7F,0xFF,0x7F,0xFF,0x7F,0xFF,0x7F,0xFF,0x7F,0xFF,0x7F,
	0xFF,0x7F,0xFF,0x7F,0xFF,0x7F,0xFF,0x7F,0xFF,0x7F,0xFF,0x7F,0xFF,0x7F,0xFF,0x7F,
	0xFF,0x7F,0xFF,0x7F,0xFF,0x7F,0xFF,0x7F,0xFF,0x7F,0xFF,0x7F,0xFF,0x7F,0xFF,0x7F,
	0xB5,0x56,0xFF,0x7F,0xFF,0x7F,0xFF,0x7F,0xFF,0x7F,0xFF,0x7F,0xFF,0x7F,0xFF,0x7F,
	0xFF,0x7F,0xFF,0x7F,0xFF,0x7F,0xFF,0x7F,0xFF,0x7F,0xFF,0x7F,0xFF,0x7F,0xFF,0x7F,
	0xFF,0x7F,0xFF,0x7F,0xFF,0x7F,0xFF,0x7F,0xFF,0x7F,0xFF,0x7F,0xFF,0x7F,0xFF,0x7F,

	0x9C,0x73,0x9C,0x73,0x9C,0x73,0x9C,0x73,0x9C,0x73,0x9C,0x73,0x9C,0x73,0x9C,0x73,
	0x9C,0x73,0x9C,0x73,0x9C,0x73,0x9C,0x73,0x9C,0x73,0x9C,0x73,0x9C,0x73,0x9C,0x73,
	0x9C,0x73,0x9C,0x73,0x9C,0x73,0x9C,0x73,0x9C,0x73,0x9C,0x73,0x9C,0x73,0x9C,0x73,
	0xB5,0x56,0x9C,0x73,0x9C,0x73,0x9C,0x73,0x9C,0x73,0x9C,0x73,0x9C,0x73,0x9C,0x73,
	0x9C,0x73,0x9C,0x73,0x9C,0x73,0x9C,0x73,0x9C,0x73,0x9C,0x73,0x9C,0x73,0x9C,0x73,
	0x9C,0x73,0x9C,0x73,0x9C,0x73,0x9C,0x73,0x9C,0x73,0x9C,0x73,0x9C,0x73,0x9C,0x73,
	0x9C,0x73,0x9C,0x73,0x9C,0x73,0x9C,0x73,0x9C,0x73,0x9C,0x73,0x9C,0x73,0x9C,0x73,
	0x9C,0x73,0x9C,0x73,0x9C,0x73,0x9C,0x73,0x9C,0x73,0x9C,0x73,0x9C,0x73,0x9C,0x73,

	0x9C,0x73,0x9C,0x73,0x9C,0x73,0x9C,0x73,0x00,0x00,0xFF,0x7F,0x9C,0x73,0xDE,0x7B,
	0x9C,0x73,0xDE,0x7B,0x9C,0x73,0xDE,0x7B,0x9C,0x73,0xDE,0x7B,0x9C,0x73,0xDE,0x7B,
	0x9C,0x73,0xDE,0x7B,0x9C,0x73,0xDE,0x7B,0x9C,0x73,0xDE,0x7B,0x9C,0x73,0xDE,0x7B,
	0x9C,0x73,0xDE,0x7B,0x9C,0x73,0xDE,0x7B,0x9C,0x73,0xDE,0x7B,0x9C,0x73,0xDE,0x7B,
	0x9C,0x73,0xDE,0x7B,0x9C,0x73,0xDE,0x7B,0x9C,0x73,0xDE,0x7B,0x9C,0x73,0xDE,0x7B,
	0x9C,0x73,0xDE,0x7B,0x9C,0x73,0xDE,0x7B,0x9C,0x73,0xDE,0x7B,0x9C,0x73,0xDE,0x7B,
	0x9C,0x73,0xDE,0x7B,0x9C,0x73,0xDE,0x7B,0x9C,0x73,0xDE,0x7B,0x9C,0x73,0xDE,0x7B,
	0x9C,0x73,0xDE,0x7B,0x9C,0x73,0xDE,0x7B,0x9C,0x73,0xDE,0x7B,0x9C,0x73,0xDE,0x7B,

	0x9C,0x73,0xDE,0x7B,0x9C,0x73,0xDE,0x7B,0x9C,0x73,0xDE,0x7B,0x9C,0x73,0xDE,0x7B,
	0x9C,0x73,0xDE,0x7B,0x9C,0x73,0xDE,0x7B,0x9C,0x73,0xDE,0x7B,0x9C,0x73,0xDE,0x7B,
	0x9C,0x73,0xDE,0x7B,0x9C,0x73,0xDE,0x7B,0x9C,0x73,0xDE,0x7B,0x9C,0x73,0xDE,0x7B,
	0x9C,0x73,0xDE,0x7B,0x9C,0x73,0xDE,0x7B,0x9C,0x73,0xDE,0x7B,0x9C,0x73,0xDE,0x7B,
	0x9C,0x73,0xDE,0x7B,0x9C,0x73,0xDE,0x7B,0x9C,0x73,0xDE,0x7B,0x9C,0x73,0xDE,0x7B,
	0x9C,0x73,0xDE,0x7B,0x9C,0x73,0xFF,0x7F,0x00,0x00,0x9C,0x73,0x9C,0x73,0x9C,0x73,
	0x9C,0x73,0x9C,0x73,0x9C,0x73,0x9C,0x73,0x9C,0x73,0x9C,0x73,0x9C,0x73,0x9C,0x73,
	0x9C,0x73,0x9C,0x73,0x9C,0x73,0x9C,0x73,0x9C,0x73,0x9C,0x73,0x9C,0x73,0x9C,0x73,

	0x9C,0x73,0x9C,0x73,0x9C,0x73,0x9C,0x73,0x9C,0x73,0x9C,0x73,0x9C,0x73,0x9C,0x73,
	0x9C,0x73,0x9C,0x73,0x9C,0x73,0x9C,0x73,0x9C,0x73,0x9C,0x73,0x9C,0x73,0x9C,0x73,
	0x9C,0x73,0x9C,0x73,0x9C,0x73,0x9C,0x73,0x9C,0x73,0x9C,0x73,0x9C,0x73,0x9C,0x73,
	0xB5,0x56,0x9C,0x73,0x9C,0x73,0x9C,0x73,0x9C,0x73,0x9C,0x73,0x9C,0x73,0x9C,0x73,
	0x9C,0x73,0x9C,0x73,0x9C,0x73,0x9C,0x73,0x9C,0x73,0x9C,0x73,0x9C,0x73,0x9C,0x73,
	0x9C,0x73,0x9C,0x73,0x9C,0x73,0x9C,0x73,0x9C,0x73,0x9C,0x73,0x9C,0x73,0x9C,0x73,
	0xFF,0x7F,0xFF,0x7F,0xFF,0x7F,0xFF,0x7F,0xFF,0x7F,0xFF,0x7F,0xFF,0x7F,0xFF,0x7F,
	0xFF,0x7F,0xFF,0x7F,0xFF,0x7F,0xFF,0x7F,0xFF,0x7F,0xFF,0x7F,0xFF,0x7F,0xFF,0x7F,

	0xFF,0x7F,0xFF,0x7F,0xFF,0x7F,0xFF,0x7F,0xFF,0x7F,0xFF,0x7F,0xFF,0x7F,0xFF,0x7F,
	0xB5,0x56,0xFF,0x7F,0xFF,0x7F,0xFF,0x7F,0xFF,0x7F,0xFF,0x7F,0xFF,0x7F,0xFF,0x7F,
	0xFF,0x7F,0xFF,0x7F,0xFF,0x7F,0xFF,0x7F,0xFF,0x7F,0xFF,0x7F,0xFF,0x7F,0xFF,0x7F,
	0xFF,0x7F,0xFF,0x7F,0xFF,0x7F,0xFF,0x7F,0xFF,0x7F,0xFF,0x7F,0xFF,0x7F,0xFF,0x7F,
	0xFF,0x7F,0xFF,0x7F,0xFF,0x7F,0xFF,0x7F,0xFF,0x7F,0xFF,0x7F,0xFF,0x7F,0xFF,0x7F,
	0xFF,0x7F,0xFF,0x7F,0xFF,0x7F,0xFF,0x7F,0xFF,0x7F,0xFF,0x7F,0xFF,0x7F,0xFF,0x7F,
	0xFF,0x7F,0xFF,0x7F,0xFF,0x7F,0xFF,0x7F,0x00,0x00,0xFF,0x7F,0xDE,0x7B,0x9C,0x73,
	0xDE,0x7B,0x9C,0x73,0xDE,0x7B,0x9C,0x73,0xDE,0x7B,0x9C,0x73,0xDE,0x7B,0x9C,0x73,

	0xDE,0x7B,0x7B,0x6F,0x7B,0x6F,0x39,0x67,0x7B,0x6F,0x39,0x67,0x7B,0x6F,0x39,0x67,
	0x7B,0x6F,0x39,0x67,0xDE,0x7B,0x9C,0x73,0x9C,0x73,0x39,0x67,0x7B,0x6F,0x39,0x67,
	0x7B,0x6F,0x39,0x67,0x7B,0x6F,0x39,0x67,0x7B,0x6F,0x39,0x67,0x7B,0x6F,0x39,0x67,
	0x9C,0x73,0x5A,0x6B,0xBD,0x77,0x9C,0x73,0xDE,0x7B,0x9C,0x73,0xDE,0x7B,0x9C,0x73,
	0xDE,0x7B,0x9C,0x73,0xDE,0x7B,0x9C,0x73,0xDE,0x7B,0x9C,0x73,0xBD,0x77,0x5A,0x6B,
	0x7B,0x6F,0x39,0x67,0x7B,0x6F,0x39,0x67,0x7B,0x6F,0x39,0x67,0x9C,0x73,0x7B,0x6F,
	0xDD,0x7B,0x9C,0x73,0xDE,0x7B,0x9C,0x73,0xDE,0x7B,0x9C,0x73,0xDE,0x7B,0x9C,0x73,
	0xDE,0x7B,0x9C,0x73,0xDE,0x7B,0x9C,0x73,0xDE,0x7B,0x9C,0x73,0xDE,0x7B,0x9C,0x73,

	0xDE,0x7B,0x9C,0x73,0xDE,0x7B,0x9C,0x73,0xDE,0x7B,0x9C,0x73,0xDE,0x7B,0x9C,0x73,
	0xDE,0x7B,0x9C,0x73,0xDE,0x7B,0x9C,0x73,0xDE,0x7B,0x9C,0x73,0xDE,0x7B,0x9C,0x73,
	0xDE,0x7B,0x9C,0x73,0xDE,0x7B,0x9C,0x73,0xDE,0x7B,0x9C,0x73,0xDE,0x7B,0x9C,0x73,
	0xDE,0x7B,0x9C,0x73,0xDE,0x7B,0xFF,0x7F,0x00,0x00,0xFF,0x7F,0xFF,0x7F,0xFF,0x7F,
	0xFF,0x7F,0xFF,0x7F,0xFF,0x7F,0xFF,0x7F,0xFF,0x7F,0xFF,0x7F,0xFF,0x7F,0xFF,0x7F,
	0xFF,0x7F,0xFF,0x7F,0xFF,0x7F,0xFF,0x7F,0xFF,0x7F,0xFF,0x7F,0xFF,0x7F,0xFF,0x7F,
	0xFF,0x7F,0xFF,0x7F,0xFF,0x7F,0xFF,0x7F,0xFF,0x7F,0xFF,0x7F,0xFF,0x7F,0xFF,0x7F,
	0xFF,0x7F,0xFF,0x7F,0xFF,0x7F,0xFF,0x7F,0xFF,0x7F,0xFF,0x7F,0xFF,0x7F,0xFF,0x7F,

	0xFF,0x7F,0xFF,0x7F,0xFF,0x7F,0xFF,0x7F,0xFF,0x7F,0xFF,0x7F,0xFF,0x7F,0xFF,0x7F,
	0xB5,0x56,0xFF,0x7F,0xFF,0x7F,0xFF,0x7F,0xFF,0x7F,0xFF,0x7F,0xFF,0x7F,0xFF,0x7F,
	0xFF,0x7F,0xFF,0x7F,0xFF,0x7F,0xFF,0x7F,0xFF,0x7F,0xFF,0x7F,0xFF,0x7F,0xFF,0x7F,
	0xFF,0x7F,0xFF,0x7F,0xFF,0x7F,0xFF,0x7F,0xFF,0x7F,0xFF,0x7F,0xFF,0x7F,0xFF,0x7F,
	0x9C,0x73,0x9C,0x73,0x9C,0x73,0x9C,0x73,0x9C,0x73,0x9C,0x73,0x9C,0x73,0x9C,0x73,
	0x9C,0x73,0x9C,0x73,0x9C,0x73,0x9C,0x73,0x9C,0x73,0x9C,0x73,0x9C,0x73,0x9C,0x73,
	0x9C,0x73,0x9C,0x73,0x9C,0x73,0x9C,0x73,0x9C,0x73,0x9C,0x73,0x9C,0x73,0x9C,0x73,
	0xB5,0x56,0x9C,0x73,0x9C,0x73,0x9C,0x73,0x9C,0x73,0x9C,0x73,0x9C,0x73,0x9C,0x73,

	0x9C,0x73,0x9C,0x73,0x9C,0x73,0x9C,0x73,0x9C,0x73,0x9C,0x73,0x9C,0x73,0x9C,0x73,
	0x9C,0x73,0x9C,0x73,0x9C,0x73,0x9C,0x73,0x9C,0x73,0x9C,0x73,0x9C,0x73,0x9C,0x73,
	0x9C,0x73,0x9C,0x73,0x9C,0x73,0x9C,0x73,0x9C,0x73,0x9C,0x73,0x9C,0x73,0x9C,0x73,
	0x9C,0x73,0x9C,0x73,0x9C,0x73,0x9C,0x73,0x9C,0x73,0x9C,0x73,0x9C,0x73,0x9C,0x73,
	0x9C,0x73,0x9C,0x73,0x9C,0x73,0x9C,0x73,0x00,0x00,0xFF,0x7F,0x9C,0x73,0xDE,0x7B,
	0x9C,0x73,0xDE,0x7B,0x9C,0x73,0xDE,0x7B,0x9C,0x73,0xDE,0x7B,0x9C,0x73,0xDE,0x7B,
	0x9C,0x73,0x31,0x46,0x63,0x0C,0x42,0x08,0x42,0x08,0x42,0x08,0x42,0x08,0x42,0x08,
	0x42,0x08,0x84,0x10,0xF6,0x5E,0xDE,0x7B,0x94,0x52,0x42,0x08,0x42,0x08,0x42,0x08,

	0x42,0x08,0x42,0x08,0x42,0x08,0x42,0x08,0x42,0x08,0x63,0x0C,0x63,0x0C,0x84,0x10,
	0xA5,0x14,0xC6,0x18,0x4A,0x29,0x11,0x42,0x17,0x63,0xBD,0x77,0x9C,0x73,0xDE,0x7B,
	0x9C,0x73,0xDE,0x7B,0x9C,0x73,0xBD,0x77,0x5A,0x6B,0x73,0x4E,0x4A,0x29,0xC6,0x18,
	0x85,0x10,0x63,0x0C,0x63,0x0C,0x63,0x0C,0x63,0x0C,0x84,0x10,0xA5,0x14,0xC5,0x18,
	0x7B,0x6F,0xDE,0x7B,0x9C,0x73,0xDE,0x7B,0x9C,0x73,0xDE,0x7B,0x9C,0x73,0xDE,0x7B,
	0x9C,0x73,0xDE,0x7B,0x9C,0x73,0xDE,0x7B,0x9C,0x73,0xDE,0x7B,0x9C,0x73,0xDE,0x7B,
	0x9C,0x73,0xDE,0x7B,0x9C,0x73,0xDE,0x7B,0x9C,0x73,0xDE,0x7B,0x9C,0x73,0xDE,0x7B,
	0x9C,0x73,0xDE,0x7B,0x9C,0x73,0xDE,0x7B,0x9C,0x73,0xDE,0x7B,0x9C,0x73,0xDE,0x7B,

	0x9C,0x73,0xDE,0x7B,0x9C,0x73,0xDE,0x7B,0x9C,0x73,0xDE,0x7B,0x9C,0x73,0xDE,0x7B,
	0x9C,0x73,0xDE,0x7B,0x9C,0x73,0xFF,0x7F,0x00,0x00,0x9C,0x73,0x9C,0x73,0x9C,0x73,
	0x9C,0x73,0x9C,0x73,0x9C,0x73,0x9C,0x73,0x9C,0x73,0x9C,0x73,0x9C,0x73,0x9C,0x73,
	0x9C,0x73,0x9C,0x73,0x9C,0x73,0x9C,0x73,0x9C,0x73,0x9C,0x73,0x9C,0x73,0x9C,0x73,
	0x9C,0x73,0x9C,0x73,0x9C,0x73,0x9C,0x73,0x9C,0x73,0x9C,0x73,0x9C,0x73,0x9C,0x73,
	0x9C,0x73,0x9C,0x73,0x9C,0x73,0x9C,0x73,0x9C,0x73,0x9C,0x73,0x9C,0x73,0x9C,0x73,
	0x9C,0x73,0x9C,0x73,0x9C,0x73,0x9C,0x73,0x9C,0x73,0x9C,0x73,0x9C,0x73,0x9C,0x73,
	0xB5,0x56,0x9C,0x73,0x9C,0x73,0x9C,0x73,0x9C,0x73,0x9C,0x73,0x9C,0x73,0x9C,0x73,

	0x9C,0x73,0x9C,0x73,0x9C,0x73,0x9C,0x73,0x9C,0x73,0x9C,0x73,0x9C,0x73,0x9C,0x73,
	0x9C,0x73,0x9C,0x73,0x9C,0x73,0x9C,0x73,0x9C,0x73,0x9C,0x73,0x9C,0x73,0x9C,0x73,
	0xFF,0x7F,0xFF,0x7F,0xFF,0x7F,0xFF,0x7F,0xFF,0x7F,0xFF,0x7F,0xFF,0x7F,0xFF,0x7F,
	0xFF,0x7F,0xFF,0x7F,0xFF,0x7F,0xFF,0x7F,0xFF,0x7F,0xFF,0x7F,0xFF,0x7F,0xFF,0x7F,
	0xFF,0x7F,0xFF,0x7F,0xFF,0x7F,0xFF,0x7F,0xFF,0x7F,0xFF,0x7F,0xFF,0x7F,0xFF,0x7F,
	0xB5,0x56,0xFF,0x7F,0xFF,0x7F,0xFF,0x7F,0xFF,0x7F,0xFF,0x7F,0xFF,0x7F,0xFF,0x7F,
	0xFF,0x7F,0xFF,0x7F,0xFF,0x7F,0xFF,0x7F,0xFF,0x7F,0xFF,0x7F,0xFF,0x7F,0xFF,0x7F,
	0xFF,0x7F,0xFF,0x7F,0xFF,0x7F,0xFF,0x7F,0xFF,0x7F,0xFF,0x7F,0xFF,0x7F,0xFF,0x7F,

	0xFF,0x7F,0xFF,0x7F,0xFF,0x7F,0xFF,0x7F,0xFF,0x7F,0xFF,0x7F,0xFF,0x7F,0xFF,0x7F,
	0xFF,0x7F,0xFF,0x7F,0xFF,0x7F,0xFF,0x7F,0xFF,0x7F,0xFF,0x7F,0xFF,0x7F,0xFF,0x7F,
	0xFF,0x7F,0xFF,0x7F,0xFF,0x7F,0xFF,0x7F,0x00,0x00,0xFF,0x7F,0x9C,0x73,0x9C,0x73,
	0x9C,0x73,0x9C,0x73,0x9C,0x73,0x9C,0x73,0x9C,0x73,0x9C,0x73,0x9C,0x73,0x9C,0x73,
	0x9C,0x73,0x64,0x0C,0x8C,0x31,0x5A,0x6B,0x5A,0x6B,0x5A,0x6B,0x5A,0x6B,0x5A,0x6B,
	0x18,0x63,0x84,0x10,0x4A,0x29,0x9C,0x73,0x94,0x52,0x42,0x08,0x42,0x08,0x42,0x08,
	0x42,0x08,0x63,0x0C,0x84,0x10,0x84,0x10,0x84,0x10,0x84,0x10,0x63,0x0C,0x63,0x0C,
	0x42,0x08,0x42,0x08,0x42,0x08,0x42,0x08,0x63,0x0C,0x6B,0x2D,0x18,0x63,0x7B,0x6F,

	0x9C,0x73,0x9C,0x73,0x9C,0x73,0x93,0x52,0xC6,0x18,0x42,0x08,0x42,0x08,0x42,0x08,
	0x84,0x10,0xA5,0x14,0xC6,0x18,0xC6,0x18,0xA5,0x14,0x84,0x10,0x63,0x0C,0x00,0x00,
	0x7B,0x6F,0x9C,0x73,0x9C,0x73,0x9C,0x73,0x9C,0x73,0x9C,0x73,0x9C,0x73,0x9C,0x73,
	0x9C,0x73,0x9C,0x73,0x9C,0x73,0x9C,0x73,0x9C,0x73,0x9C,0x73,0x9C,0x73,0x9C,0x73,
	0x9C,0x73,0x9C,0x73,0x9C,0x73,0x9C,0x73,0x9C,0x73,0x9C,0x73,0x9C,0x73,0x9C,0x73,
	0x9C,0x73,0x9C,0x73,0x9C,0x73,0x9C,0x73,0x9C,0x73,0x9C,0x73,0x9C,0x73,0x9C,0x73,
	0x9C,0x73,0x9C,0x73,0x9C,0x73,0x9C,0x73,0x9C,0x73,0x9C,0x73,0x9C,0x73,0x9C,0x73,
	0x9C,0x73,0x9C,0x73,0x9C,0x73,0xFF,0x7F,0x00,0x00,0xFF,0x7F,0xFF,0x7F,0xFF,0x7F,

	0xFF,0x7F,0xFF,0x7F,0xFF,0x7F,0xFF,0x7F,0xFF,0x7F,0xFF,0x7F,0xFF,0x7F,0xFF,0x7F,
	0xFF,0x7F,0xFF,0x7F,0xFF,0x7F,0xFF,0x7F,0xFF,0x7F,0xFF,0x7F,0xFF,0x7F,0xFF,0x7F,
	0xFF,0x7F,0xFF,0x7F,0xFF,0x7F,0xFF,0x7F,0xFF,0x7F,0xFF,0x7F,0xFF,0x7F,0xFF,0x7F,
	0xFF,0x7F,0xFF,0x7F,0xFF,0x7F,0xFF,0x7F,0xFF,0x7F,0xFF,0x7F,0xFF,0x7F,0xFF,0x7F,
	0xFF,0x7F,0xFF,0x7F,0xFF,0x7F,0xFF,0x7F,0xFF,0x7F,0xFF,0x7F,0xFF,0x7F,0xFF,0x7F,
	0xB5,0x56,0xFF,0x7F,0xFF,0x7F,0xFF,0x7F,0xFF,0x7F,0xFF,0x7F,0xFF,0x7F,0xFF,0x7F,
	0xFF,0x7F,0xFF,0x7F,0xFF,0x7F,0xFF,0x7F,0xFF,0x7F,0xFF,0x7F,0xFF,0x7F,0xFF,0x7F,
	0xFF,0x7F,0xFF,0x7F,0xFF,0x7F,0xFF,0x7F,0xFF,0x7F,0xFF,0x7F,0xFF,0x7F,0xFF,0x7F,

	0x9C,0x73,0x9C,0x73,0x9C,0x73,0x9C,0x73,0x9C,0x73,0x9C,0x73,0x9C,0x73,0x9C,0x73,
	0x9C,0x73,0x9C,0x73,0x9C,0x73,0x9C,0x73,0x9C,0x73,0x9C,0x73,0x9C,0x73,0x9C,0x73,
	0x9C,0x73,0x9C,0x73,0x9C,0x73,0x9C,0x73,0x9C,0x73,0x9C,0x73,0x9C,0x73,0x9C,0x73,
	0xB5,0x56,0x9C,0x73,0x9C,0x73,0x9C,0x73,0x9C,0x73,0x9C,0x73,0x9C,0x73,0x9C,0x73,
	0x9C,0x73,0x9C,0x73,0x9C,0x73,0x9C,0x73,0x9C,0x73,0x9C,0x73,0x9C,0x73,0x9C,0x73,
	0x9C,0x73,0x9C,0x73,0x9C,0x73,0x9C,0x73,0x9C,0x73,0x9C,0x73,0x9C,0x73,0x9C,0x73,
	0x9C,0x73,0x9C,0x73,0x9C,0x73,0x9C,0x73,0x9C,0x73,0x9C,0x73,0x9C,0x73,0x9C,0x73,
	0x9C,0x73,0x9C,0x73,0x9C,0x73,0x9C,0x73,0x9C,0x73,0x9C,0x73,0x9C,0x73,0x9C,0x73,

	0x9C,0x73,0x9C,0x73,0x9C,0x73,0x9C,0x73,0x00,0x00,0xFF,0x7F,0x9C,0x73,0x9C,0x73,
	0x9C,0x73,0x9C,0x73,0x9C,0x73,0x9C,0x73,0x9C,0x73,0x9C,0x73,0x9C,0x73,0x9C,0x73,
	0x9C,0x73,0x42,0x08,0x94,0x52,0x9C,0x73,0x9C,0x73,0x9C,0x73,0x9C,0x73,0x9C,0x73,
	0x9C,0x73,0xC6,0x18,0x29,0x25,0x9C,0x73,0x94,0x52,0x42,0x08,0x42,0x08,0x42,0x08,
	0x42,0x08,0xF7,0x5E,0x39,0x67,0x39,0x67,0x39,0x67,0x39,0x67,0x39,0x67,0xD5,0x5A,
	0xAD,0x35,0x63,0x0C,0x42,0x08,0x42,0x08,0x42,0x08,0x42,0x08,0x84,0x10,0x94,0x52,
	0x7B,0x6F,0x9C,0x73,0xD6,0x5A,0x21,0x04,0x42,0x08,0x42,0x08,0x63,0x0C,0x8D,0x31,
	0x18,0x63,0x5A,0x6B,0x7A,0x6F,0x5A,0x6B,0x5A,0x6B,0x39,0x67,0xB4,0x56,0xCE,0x39,

	0x7B,0x6F,0x9C,0x73,0x9C,0x73,0x9C,0x73,0x9C,0x73,0x9C,0x73,0x9C,0x73,0x9C,0x73,
	0x9C,0x73,0x9C,0x73,0x9C,0x73,0x9C,0x73,0x9C,0x73,0x9C,0x73,0x9C,0x73,0x9C,0x73,
	0x9C,0x73,0x9C,0x73,0x9C,0x73,0x9C,0x73,0x9C,0x73,0x9C,0x73,0x9C,0x73,0x9C,0x73,
	0x9C,0x73,0x9C,0x73,0x9C,0x73,0x9C,0x73,0x9C,0x73,0x9C,0x73,0x9C,0x73,0x9C,0x73,
	0x9C,0x73,0x9C,0x73,0x9C,0x73,0x9C,0x73,0x9C,0x73,0x9C,0x73,0x9C,0x73,0x9C,0x73,
	0x9C,0x73,0x9C,0x73,0x9C,0x73,0xFF,0x7F,0x00,0x00,0x9C,0x73,0x9C,0x73,0x9C,0x73,
	0x9C,0x73,0x9C,0x73,0x9C,0x73,0x9C,0x73,0x9C,0x73,0x9C,0x73,0x9C,0x73,0x9C,0x73,
	0x9C,0x73,0x9C,0x73,0x9C,0x73,0x9C,0x73,0x9C,0x73,0x9C,0x73,0x9C,0x73,0x9C,0x73,

	0x9C,0x73,0x9C,0x73,0x9C,0x73,0x9C,0x73,0x9C,0x73,0x9C,0x73,0x9C,0x73,0x9C,0x73,
	0x9C,0x73,0x9C,0x73,0x9C,0x73,0x9C,0x73,0x9C,0x73,0x9C,0x73,0x9C,0x73,0x9C,0x73,
	0x9C,0x73,0x9C,0x73,0x9C,0x73,0x9C,0x73,0x9C,0x73,0x9C,0x73,0x9C,0x73,0x9C,0x73,
	0xB5,0x56,0x9C,0x73,0x9C,0x73,0x9C,0x73,0x9C,0x73,0x9C,0x73,0x9C,0x73,0x9C,0x73,
	0x9C,0x73,0x9C,0x73,0x9C,0x73,0x9C,0x73,0x9C,0x73,0x9C,0x73,0x9C,0x73,0x9C,0x73,
	0x9C,0x73,0x9C,0x73,0x9C,0x73,0x9C,0x73,0x9C,0x73,0x9C,0x73,0x9C,0x73,0x9C,0x73,
	0xFF,0x7F,0xFF,0x7F,0xFF,0x7F,0xFF,0x7F,0xFF,0x7F,0xFF,0x7F,0xFF,0x7F,0xFF,0x7F,
	0xFF,0x7F,0xFF,0x7F,0xFF,0x7F,0xFF,0x7F,0xFF,0x7F,0xFF,0x7F,0xFF,0x7F,0xFF,0x7F,

	0xFF,0x7F,0xFF,0x7F,0xFF,0x7F,0xFF,0x7F,0xFF,0x7F,0xFF,0x7F,0xFF,0x7F,0xFF,0x7F,
	0xB5,0x56,0xFF,0x7F,0xFF,0x7F,0xFF,0x7F,0xFF,0x7F,0xFF,0x7F,0xFF,0x7F,0xFF,0x7F,
	0xFF,0x7F,0xFF,0x7F,0xFF,0x7F,0xFF,0x7F,0xFF,0x7F,0xFF,0x7F,0xFF,0x7F,0xFF,0x7F,
	0xFF,0x7F,0xFF,0x7F,0xFF,0x7F,0xFF,0x7F,0xFF,0x7F,0xFF,0x7F,0xFF,0x7F,0xFF,0x7F,
	0xFF,0x7F,0xFF,0x7F,0xFF,0x7F,0xFF,0x7F,0xFF,0x7F,0xFF,0x7F,0xFF,0x7F,0xFF,0x7F,
	0xFF,0x7F,0xFF,0x7F,0xFF,0x7F,0xFF,0x7F,0xFF,0x7F,0xFF,0x7F,0xFF,0x7F,0xFF,0x7F,
	0xFF,0x7F,0xFF,0x7F,0xFF,0x7F,0xFF,0x7F,0x00,0x00,0xFF,0x7F,0x9C,0x73,0x9C,0x73,
	0x9C,0x73,0x9C,0x73,0x9C,0x73,0x9C,0x73,0x9C,0x73,0x9C,0x73,0x9C,0x73,0x9C,0x73,

	0x9C,0x73,0x42,0x08,0x94,0x52,0x9C,0x73,0x9C,0x73,0x9C,0x73,0x9C,0x73,0x9C,0x73,
	0x9C,0x73,0xC6,0x18,0x29,0x25,0x9C,0x73,0x94,0x52,0x42,0x08,0x42,0x08,0x42,0x08,
	0x42,0x08,0x39,0x67,0x9C,0x73,0x9C,0x73,0x9C,0x73,0x9C,0x73,0x9C,0x73,0x9C,0x73,
	0x9C,0x73,0x18,0x63,0x6B,0x2D,0x42,0x08,0x42,0x08,0x42,0x08,0x42,0x08,0x63,0x0C,
	0xB5,0x56,0x7B,0x6F,0xCE,0x39,0x42,0x08,0x42,0x08,0x42,0x08,0x84,0x10,0x39,0x67,
	0x9C,0x73,0x9C,0x73,0x9C,0x73,0x9C,0x73,0x9C,0x73,0x9C,0x73,0x9C,0x73,0x9C,0x73,
	0x9C,0x73,0x9C,0x73,0x9C,0x73,0x9C,0x73,0x9C,0x73,0x9C,0x73,0x9C,0x73,0x9C,0x73,
	0x9C,0x73,0x9C,0x73,0x9C,0x73,0x9C,0x73,0x9C,0x73,0x9C,0x73,0x9C,0x73,0x9C,0x73,

	0x9C,0x73,0x9C,0x73,0x9C,0x73,0x9C,0x73,0x9C,0x73,0x9C,0x73,0x9C,0x73,0x9C,0x73,
	0x9C,0x73,0x9C,0x73,0x9C,0x73,0x9C,0x73,0x9C,0x73,0x9C,0x73,0x9C,0x73,0x9C,0x73,
	0x9C,0x73,0x9C,0x73,0x9C,0x73,0x9C,0x73,0x9C,0x73,0x9C,0x73,0x9C,0x73,0x9C,0x73,
	0x9C,0x73,0x9C,0x73,0x9C,0x73,0xFF,0x7F,0x00,0x00,0xFF,0x7F,0xFF,0x7F,0xFF,0x7F,
	0xFF,0x7F,0xFF,0x7F,0xFF,0x7F,0xFF,0x7F,0xFF,0x7F,0xFF,0x7F,0xFF,0x7F,0xFF,0x7F,
	0xFF,0x7F,0xFF,0x7F,0xFF,0x7F,0xFF,0x7F,0xFF,0x7F,0xFF,0x7F,0xFF,0x7F,0xFF,0x7F,
	0xFF,0x7F,0xFF,0x7F,0xFF,0x7F,0xFF,0x7F,0xFF,0x7F,0xFF,0x7F,0xFF,0x7F,0xFF,0x7F,
	0xFF,0x7F,0xFF,0x7F,0xFF,0x7F,0xFF,0x7F,0xFF,0x7F,0xFF,0x7F,0xFF,0x7F,0xFF,0x7F,

	0xFF,0x7F,0xFF,0x7F,0xFF,0x7F,0xFF,0x7F,0xFF,0x7F,0xFF,0x7F,0xFF,0x7F,0xFF,0x7F,
	0xB5,0x56,0xFF,0x7F,0xFF,0x7F,0xFF,0x7F,0xFF,0x7F,0xFF,0x7F,0xFF,0x7F,0xFF,0x7F,
	0xFF,0x7F,0xFF,0x7F,0xFF,0x7F,0xFF,0x7F,0xFF,0x7F,0xFF,0x7F,0xFF,0x7F,0xFF,0x7F,
	0xFF,0x7F,0xFF,0x7F,0xFF,0x7F,0xFF,0x7F,0xFF,0x7F,0xFF,0x7F,0xFF,0x7F,0xFF,0x7F,
	0x9C,0x73,0x9C,0x73,0x9C,0x73,0x9C,0x73,0x9C,0x73,0x9C,0x73,0x9C,0x73,0x9C,0x73,
	0x9C,0x73,0x9C,0x73,0x9C,0x73,0x9C,0x73,0x9C,0x73,0x9C,0x73,0x9C,0x73,0x9C,0x73,
	0x9C,0x73,0x9C,0x73,0x9C,0x73,0x9C,0x73,0x9C,0x73,0x9C,0x73,0x9C,0x73,0x9C,0x73,
	0xB5,0x56,0x9C,0x73,0x9C,0x73,0x9C,0x73,0x9C,0x73,0x9C,0x73,0x9C,0x73,0x9C,0x73,

	0x9C,0x73,0x9C,0x73,0x9C,0x73,0x9C,0x73,0x9C,0x73,0x9C,0x73,0x9C,0x73,0x9C,0x73,
	0x9C,0x73,0x9C,0x73,0x9C,0x73,0x9C,0x73,0x9C,0x73,0x9C,0x73,0x9C,0x73,0x9C,0x73,
	0x9C,0x73,0x9C,0x73,0x9C,0x73,0x9C,0x73,0x9C,0x73,0x9C,0x73,0x9C,0x73,0x9C,0x73,
	0x9C,0x73,0x9C,0x73,0x9C,0x73,0x9C,0x73,0x9C,0x73,0x9C,0x73,0x9C,0x73,0x9C,0x73,
	0x9C,0x73,0x9C,0x73,0x9C,0x73,0x9C,0x73,0x00,0x00,0xFF,0x7F,0x9C,0x73,0x9C,0x73,
	0x9C,0x73,0x9C,0x73,0x9C,0x73,0x9C,0x73,0x9C,0x73,0x9C,0x73,0x9C,0x73,0x9C,0x73,
	0x9C,0x73,0x42,0x08,0x94,0x52,0x9C,0x73,0x9C,0x73,0x9C,0x73,0x9C,0x73,0x9C,0x73,
	0x9C,0x73,0xC6,0x18,0x29,0x25,0x9C,0x73,0x94,0x52,0x42,0x08,0x42,0x08,0x42,0x08,

	0x42,0x08,0x39,0x67,0x9C,0x73,0x9C,0x73,0x9C,0x73,0x9C,0x73,0x9C,0x73,0x9C,0x73,
	0x9C,0x73,0x9C,0x73,0x7B,0x6F,0x4A,0x29,0x63,0x0C,0x42,0x08,0x42,0x08,0x42,0x08,
	0xE7,0x1C,0x7B,0x6F,0xCE,0x39,0x42,0x08,0x42,0x08,0x42,0x08,0x63,0x0C,0xEF,0x3D,
	0x5A,0x6B,0x9C,0x73,0x9C,0x73,0x9C,0x73,0x9C,0x73,0x9C,0x73,0x9C,0x73,0x9C,0x73,
	0x9C,0x73,0x9C,0x73,0x9C,0x73,0x9C,0x73,0x9C,0x73,0x9C,0x73,0x9C,0x73,0x9C,0x73,
	0x9C,0x73,0x9C,0x73,0x9C,0x73,0x9C,0x73,0x9C,0x73,0x9C,0x73,0x9C,0x73,0x9C,0x73,
	0x9C,0x73,0x9C,0x73,0x9C,0x73,0x9C,0x73,0x9C,0x73,0x9C,0x73,0x9C,0x73,0x9C,0x73,
	0x9C,0x73,0x9C,0x73,0x9C,0x73,0x9C,0x73,0x9C,0x73,0x9C,0x73,0x9C,0x73,0x9C,0x73,

	0x9C,0x73,0x9C,0x73,0x9C,0x73,0x9C,0x73,0x9C,0x73,0x9C,0x73,0x9C,0x73,0x9C,0x73,
	0x9C,0x73,0x9C,0x73,0x9C,0x73,0xFF,0x7F,0x00,0x00,0x9C,0x73,0x9C,0x73,0x9C,0x73,
	0x9C,0x73,0x9C,0x73,0x9C,0x73,0x9C,0x73,0x9C,0x73,0x9C,0x73,0x9C,0x73,0x9C,0x73,
	0x9C,0x73,0x9C,0x73,0x9C,0x73,0x9C,0x73,0x9C,0x73,0x9C,0x73,0x9C,0x73,0x9C,0x73,
	0x9C,0x73,0x9C,0x73,0x9C,0x73,0x9C,0x73,0x9C,0x73,0x9C,0x73,0x9C,0x73,0x9C,0x73,
	0x9C,0x73,0x9C,0x73,0x9C,0x73,0x9C,0x73,0x9C,0x73,0x9C,0x73,0x9C,0x73,0x9C,0x73,
	0x9C,0x73,0x9C,0x73,0x9C,0x73,0x9C,0x73,0x9C,0x73,0x9C,0x73,0x9C,0x73,0x9C,0x73,
	0xB5,0x56,0x9C,0x73,0x9C,0x73,0x9C,0x73,0x9C,0x73,0x9C,0x73,0x9C,0x73,0x9C,0x73,

	0x9C,0x73,0x9C,0x73,0x9C,0x73,0x9C,0x73,0x9C,0x73,0x9C,0x73,0x9C,0x73,0x9C,0x73,
	0x9C,0x73,0x9C,0x73,0x9C,0x73,0x9C,0x73,0x9C,0x73,0x9C,0x73,0x9C,0x73,0x9C,0x73,
	0xFF,0x7F,0xFF,0x7F,0xFF,0x7F,0xFF,0x7F,0xFF,0x7F,0xFF,0x7F,0xFF,0x7F,0xFF,0x7F,
	0xFF,0x7F,0xFF,0x7F,0xFF,0x7F,0xFF,0x7F,0xFF,0x7F,0xFF,0x7F,0xFF,0x7F,0xFF,0x7F,
	0xFF,0x7F,0xFF,0x7F,0xFF,0x7F,0xFF,0x7F,0xFF,0x7F,0xFF,0x7F,0xFF,0x7F,0xFF,0x7F,
	0xB5,0x56,0xFF,0x7F,0xFF,0x7F,0xFF,0x7F,0xFF,0x7F,0xFF,0x7F,0xFF,0x7F,0xFF,0x7F,
	0xFF,0x7F,0xFF,0x7F,0xFF,0x7F,0xFF,0x7F,0xFF,0x7F,0xFF,0x7F,0xFF,0x7F,0xFF,0x7F,
	0xFF,0x7F,0xFF,0x7F,0xFF,0x7F,0xFF,0x7F,0xFF,0x7F,0xFF,0x7F,0xFF,0x7F,0xFF,0x7F,

	0xFF,0x7F,0xFF,0x7F,0xFF,0x7F,0xFF,0x7F,0xFF,0x7F,0xFF,0x7F,0xFF,0x7F,0xFF,0x7F,
	0xFF,0x7F,0xFF,0x7F,0xFF,0x7F,0xFF,0x7F,0xFF,0x7F,0xFF,0x7F,0xFF,0x7F,0xFF,0x7F,
	0xFF,0x7F,0xFF,0x7F,0xFF,0x7F,0xFF,0x7F,0x00,0x00,0xFF,0x7F,0x9C,0x73,0x5A,0x6B,
	0x9C,0x73,0x5A,0x6B,0x9C,0x73,0x5A,0x6B,0x9C,0x73,0x5A,0x6B,0x9C,0x73,0x5A,0x6B,
	0x9C,0x73,0x42,0x08,0x73,0x4E,0x5A,0x6B,0x9C,0x73,0x5A,0x6B,0x9C,0x73,0x5A,0x6B,
	0x7B,0x6F,0xC6,0x18,0x29,0x25,0x5A,0x6B,0x94,0x52,0x42,0x08,0x42,0x08,0x42,0x08,
	0x42,0x08,0xF7,0x5E,0x9C,0x73,0x5A,0x6B,0x9C,0x73,0x5A,0x6B,0x9C,0x73,0x5A,0x6B,
	0x9C,0x73,0x5A,0x6B,0x9C,0x73,0xD6,0x5A,0x62,0x0C,0x42,0x08,0x42,0x08,0x42,0x08,

	0x63,0x0C,0x94,0x52,0xD6,0x5A,0x63,0x0C,0x42,0x08,0x42,0x08,0x42,0x08,0x63,0x0C,
	0xC6,0x18,0x52,0x4A,0x5A,0x6B,0x39,0x67,0x9C,0x73,0x5A,0x6B,0x9C,0x73,0x5A,0x6B,
	0x9C,0x73,0x5A,0x6B,0x9C,0x73,0x5A,0x6B,0x9C,0x73,0x5A,0x6B,0x9C,0x73,0x5A,0x6B,
	0x9C,0x73,0x5A,0x6B,0x9C,0x73,0x5A,0x6B,0x9C,0x73,0x5A,0x6B,0x9C,0x73,0x5A,0x6B,
	0x9C,0x73,0x5A,0x6B,0x9C,0x73,0x5A,0x6B,0x9C,0x73,0x5A,0x6B,0x9C,0x73,0x5A,0x6B,
	0x9C,0x73,0x5A,0x6B,0x9C,0x73,0x5A,0x6B,0x9C,0x73,0x5A,0x6B,0x9C,0x73,0x5A,0x6B,
	0x9C,0x73,0x5A,0x6B,0x9C,0x73,0x5A,0x6B,0x9C,0x73,0x5A,0x6B,0x9C,0x73,0x5A,0x6B,
	0x9C,0x73,0x5A,0x6B,0x9C,0x73,0xFF,0x7F,0x00,0x00,0xFF,0x7F,0xFF,0x7F,0xFF,0x7F,

	0xFF,0x7F,0xFF,0x7F,0xFF,0x7F,0xFF,0x7F,0xFF,0x7F,0xFF,0x7F,0xFF,0x7F,0xFF,0x7F,
	0xFF,0x7F,0xFF,0x7F,0xFF,0x7F,0xFF,0x7F,0xFF,0x7F,0xFF,0x7F,0xFF,0x7F,0xFF,0x7F,
	0xFF,0x7F,0xFF,0x7F,0xFF,0x7F,0xFF,0x7F,0xFF,0x7F,0xFF,0x7F,0xFF,0x7F,0xFF,0x7F,
	0xFF,0x7F,0xFF,0x7F,0xFF,0x7F,0xFF,0x7F,0xFF,0x7F,0xFF,0x7F,0xFF,0x7F,0xFF,0x7F,
	0xFF,0x7F,0xFF,0x7F,0xFF,0x7F,0xFF,0x7F,0xFF,0x7F,0xFF,0x7F,0xFF,0x7F,0xFF,0x7F,
	0xB5,0x56,0xFF,0x7F,0xFF,0x7F,0xFF,0x7F,0xFF,0x7F,0xFF,0x7F,0xFF,0x7F,0xFF,0x7F,
	0xFF,0x7F,0xFF,0x7F,0xFF,0x7F,0xFF,0x7F,0xFF,0x7F,0xFF,0x7F,0xFF,0x7F,0xFF,0x7F,
	0xFF,0x7F,0xFF,0x7F,0xFF,0x7F,0xFF,0x7F,0xFF,0x7F,0xFF,0x7F,0xFF,0x7F,0xFF,0x7F,

	0x9C,0x73,0x9C,0x73,0x9C,0x73,0x9C,0x73,0x9C,0x73,0x9C,0x73,0x9C,0x73,0x9C,0x73,
	0x9C,0x73,0x9C,0x73,0x9C,0x73,0x9C,0x73,0x9C,0x73,0x9C,0x73,0x9C,0x73,0x9C,0x73,
	0x9C,0x73,0x9C,0x73,0x9C,0x73,0x9C,0x73,0x9C,0x73,0x9C,0x73,0x9C,0x73,0x9C,0x73,
	0xB5,0x56,0x9C,0x73,0x9C,0x73,0x9C,0x73,0x9C,0x73,0x9C,0x73,0x9C,0x73,0x9C,0x73,
	0x9C,0x73,0x9C,0x73,0x9C,0x73,0x9C,0x73,0x9C,0x73,0x9C,0x73,0x9C,0x73,0x9C,0x73,
	0x9C,0x73,0x9C,0x73,0x9C,0x73,0x9C,0x73,0x9C,0x73,0x9C,0x73,0x9C,0x73,0x9C,0x73,
	0x9C,0x73,0x9C,0x73,0x9C,0x73,0x9C,0x73,0x9C,0x73,0x9C,0x73,0x9C,0x73,0x9C,0x73,
	0x9C,0x73,0x9C,0x73,0x9C,0x73,0x9C,0x73,0x9C,0x73,0x9C,0x73,0x9C,0x73,0x9C,0x73,

	0x9C,0x73,0x9C,0x73,0x9C,0x73,0x9C,0x73,0x00,0x00,0xFF,0x7F,0x5A,0x6B,0x9C,0x73,
	0x5A,0x6B,0x9C,0x73,0x5A,0x6B,0x9C,0x73,0x5A,0x6B,0x9C,0x73,0x5A,0x6B,0x9C,0x73,
	0x5A,0x6B,0x08,0x21,0xA5,0x14,0x6B,0x2D,0x6B,0x2D,0x6B,0x2D,0x6B,0x2D,0x6B,0x2D,
	0x4A,0x29,0x63,0x0C,0xAD,0x35,0x9C,0x73,0x73,0x4E,0x42,0x08,0x42,0x08,0x42,0x08,
	0x42,0x08,0x39,0x67,0x5A,0x6B,0x9C,0x73,0x5A,0x6B,0x9C,0x73,0x5A,0x6B,0x9C,0x73,
	0x5A,0x6B,0x9C,0x73,0x5A,0x6B,0x7B,0x6F,0x09,0x21,0x42,0x08,0x42,0x08,0x42,0x08,
	0x42,0x08,0x8C,0x31,0x39,0x67,0x73,0x4E,0xA5,0x14,0x63,0x0C,0x42,0x08,0x42,0x08,
	0x42,0x08,0x42,0x08,0xA5,0x14,0x6B,0x2D,0x94,0x52,0x7B,0x6F,0x5A,0x6B,0x9C,0x73,

	0x5A,0x6B,0x9C,0x73,0x5A,0x6B,0x9C,0x73,0x5A,0x6B,0x9C,0x73,0x5A,0x6B,0x9C,0x73,
	0x5A,0x6B,0x9C,0x73,0x5A,0x6B,0x9C,0x73,0x5A,0x6B,0x9C,0x73,0x5A,0x6B,0x9C,0x73,
	0x5A,0x6B,0x9C,0x73,0x5A,0x6B,0x9C,0x73,0x5A,0x6B,0x9C,0x73,0x5A,0x6B,0x9C,0x73,
	0x5A,0x6B,0x9C,0x73,0x5A,0x6B,0x9C,0x73,0x5A,0x6B,0x9C,0x73,0x5A,0x6B,0x9C,0x73,
	0x5A,0x6B,0x9C,0x73,0x5A,0x6B,0x9C,0x73,0x5A,0x6B,0x9C,0x73,0x5A,0x6B,0x9C,0x73,
	0x5A,0x6B,0x9C,0x73,0x5A,0x6B,0xFF,0x7F,0x00,0x00,0x9C,0x73,0x9C,0x73,0x9C,0x73,
	0x9C,0x73,0x9C,0x73,0x9C,0x73,0x9C,0x73,0x9C,0x73,0x9C,0x73,0x9C,0x73,0x9C,0x73,
	0x9C,0x73,0x9C,0x73,0x9C,0x73,0x9C,0x73,0x9C,0x73,0x9C,0x73,0x9C,0x73,0x9C,0x73,

	0x9C,0x73,0x9C,0x73,0x9C,0x73,0x9C,0x73,0x9C,0x73,0x9C,0x73,0x9C,0x73,0x9C,0x73,
	0x9C,0x73,0x9C,0x73,0x9C,0x73,0x9C,0x73,0x9C,0x73,0x9C,0x73,0x9C,0x73,0x9C,0x73,
	0x9C,0x73,0x9C,0x73,0x9C,0x73,0x9C,0x73,0x9C,0x73,0x9C,0x73,0x9C,0x73,0x9C,0x73,
	0xB5,0x56,0x9C,0x73,0x9C,0x73,0x9C,0x73,0x9C,0x73,0x9C,0x73,0x9C,0x73,0x9C,0x73,
	0x9C,0x73,0x9C,0x73,0x9C,0x73,0x9C,0x73,0x9C,0x73,0x9C,0x73,0x9C,0x73,0x9C,0x73,
	0x9C,0x73,0x9C,0x73,0x9C,0x73,0x9C,0x73,0x9C,0x73,0x9C,0x73,0x9C,0x73,0x9C,0x73,
	0xFF,0x7F,0xFF,0x7F,0xFF,0x7F,0xFF,0x7F,0xFF,0x7F,0xFF,0x7F,0xFF,0x7F,0xFF,0x7F,
	0xFF,0x7F,0xFF,0x7F,0xFF,0x7F,0xFF,0x7F,0xFF,0x7F,0xFF,0x7F,0xFF,0x7F,0xFF,0x7F,

	0xFF,0x7F,0xFF,0x7F,0xFF,0x7F,0xFF,0x7F,0xFF,0x7F,0xFF,0x7F,0xFF,0x7F,0xFF,0x7F,
	0xB5,0x56,0xFF,0x7F,0xFF,0x7F,0xFF,0x7F,0xFF,0x7F,0xFF,0x7F,0xFF,0x7F,0xFF,0x7F,
	0xFF,0x7F,0xFF,0x7F,0xFF,0x7F,0xFF,0x7F,0xFF,0x7F,0xFF,0x7F,0xFF,0x7F,0xFF,0x7F,
	0xFF,0x7F,0xFF,0x7F,0xFF,0x7F,0xFF,0x7F,0xFF,0x7F,0xFF,0x7F,0xFF,0x7F,0xFF,0x7F,
	0xFF,0x7F,0xFF,0x7F,0xFF,0x7F,0xFF,0x7F,0xFF,0x7F,0xFF,0x7F,0xFF,0x7F,0xFF,0x7F,
	0xFF,0x7F,0xFF,0x7F,0xFF,0x7F,0xFF,0x7F,0xFF,0x7F,0xFF,0x7F,0xFF,0x7F,0xFF,0x7F,
	0xFF,0x7F,0xFF,0x7F,0xFF,0x7F,0xFF,0x7F,0x00,0x00,0xFF,0x7F,0x9C,0x73,0x5A,0x6B,
	0x9C,0x73,0x5A,0x6B,0x9C,0x73,0x5A,0x6B,0x9C,0x73,0x5A,0x6B,0x9C,0x73,0x5A,0x6B,

	0x9C,0x73,0xF7,0x5E,0xE7,0x1C,0x84,0x10,0x84,0x10,0x84,0x10,0x84,0x10,0x84,0x10,
	0x84,0x10,0xAC,0x35,0x5A,0x6B,0x5A,0x6B,0x94,0x52,0x42,0x08,0x42,0x08,0x42,0x08,
	0x42,0x08,0xF7,0x5E,0x9C,0x73,0x5A,0x6B,0x9C,0x73,0x5A,0x6B,0x9C,0x73,0x5A,0x6B,
	0x9C,0x73,0x5A,0x6B,0x9C,0x73,0x39,0x67,0x6B,0x2D,0x42,0x08,0x42,0x08,0x42,0x08,
	0x42,0x08,0x4A,0x29,0x7B,0x6F,0x39,0x67,0x39,0x67,0xAE,0x35,0x84,0x10,0x42,0x08,
	0x42,0x08,0x42,0x08,0x42,0x08,0x42,0x08,0x42,0x08,0x4A,0x29,0xD6,0x5A,0x5A,0x6B,
	0x9C,0x73,0x5A,0x6B,0x9C,0x73,0x5A,0x6B,0x9C,0x73,0x5A,0x6B,0x9C,0x73,0x5A,0x6B,
	0x9C,0x73,0x5A,0x6B,0x9C,0x73,0x5A,0x6B,0x9C,0x73,0x5A,0x6B,0x9C,0x73,0x5A,0x6B,

	0x9C,0x73,0x5A,0x6B,0x9C,0x73,0x5A,0x6B,0x9C,0x73,0x5A,0x6B,0x9C,0x73,0x5A,0x6B,
	0x9C,0x73,0x5A,0x6B,0x9C,0x73,0x5A,0x6B,0x9C,0x73,0x5A,0x6B,0x9C,0x73,0x5A,0x6B,
	0x9C,0x73,0x5A,0x6B,0x9C,0x73,0x5A,0x6B,0x9C,0x73,0x5A,0x6B,0x9C,0x73,0x5A,0x6B,
	0x9C,0x73,0x5A,0x6B,0x9C,0x73,0xFF,0x7F,0x00,0x00,0xFF,0x7F,0xFF,0x7F,0xFF,0x7F,
	0xFF,0x7F,0xFF,0x7F,0xFF,0x7F,0xFF,0x7F,0xFF,0x7F,0xFF,0x7F,0xFF,0x7F,0xFF,0x7F,
	0xFF,0x7F,0xFF,0x7F,0xFF,0x7F,0xFF,0x7F,0xFF,0x7F,0xFF,0x7F,0xFF,0x7F,0xFF,0x7F,
	0xFF,0x7F,0xFF,0x7F,0xFF,0x7F,0xFF,0x7F,0xFF,0x7F,0xFF,0x7F,0xFF,0x7F,0xFF,0x7F,
	0xFF,0x7F,0xFF,0x7F,0xFF,0x7F,0xFF,0x7F,0xFF,0x7F,0xFF,0x7F,0xFF,0x7F,0xFF,0x7F,

	0xFF,0x7F,0xFF,0x7F,0xFF,0x7F,0xFF,0x7F,0xFF,0x7F,0xFF,0x7F,0xFF,0x7F,0xFF,0x7F,
	0xB5,0x56,0xFF,0x7F,0xFF,0x7F,0xFF,0x7F,0xFF,0x7F,0xFF,0x7F,0xFF,0x7F,0xFF,0x7F,
	0xFF,0x7F,0xFF,0x7F,0xFF,0x7F,0xFF,0x7F,0xFF,0x7F,0xFF,0x7F,0xFF,0x7F,0xFF,0x7F,
	0xFF,0x7F,0xFF,0x7F,0xFF,0x7F,0xFF,0x7F,0xFF,0x7F,0xFF,0x7F,0xFF,0x7F,0xFF,0x7F,
	0x9C,0x73,0x9C,0x73,0x9C,0x73,0x9C,0x73,0x9C,0x73,0x9C,0x73,0x9C,0x73,0x9C,0x73,
	0x9C,0x73,0x9C,0x73,0x9C,0x73,0x9C,0x73,0x9C,0x73,0x9C,0x73,0x9C,0x73,0x9C,0x73,
	0x9C,0x73,0x9C,0x73,0x9C,0x73,0x9C,0x73,0x9C,0x73,0x9C,0x73,0x9C,0x73,0x9C,0x73,
	0xB5,0x56,0x9C,0x73,0x9C,0x73,0x9C,0x73,0x9C,0x73,0x9C,0x73,0x9C,0x73,0x9C,0x73,

	0x9C,0x73,0x9C,0x73,0x9C,0x73,0x9C,0x73,0x9C,0x73,0x9C,0x73,0x9C,0x73,0x9C,0x73,
	0x9C,0x73,0x9C,0x73,0x9C,0x73,0x9C,0x73,0x9C,0x73,0x9C,0x73,0x9C,0x73,0x9C,0x73,
	0x9C,0x73,0x9C,0x73,0x9C,0x73,0x9C,0x73,0x9C,0x73,0x9C,0x73,0x9C,0x73,0x9C,0x73,
	0x9C,0x73,0x9C,0x73,0x9C,0x73,0x9C,0x73,0x9C,0x73,0x9C,0x73,0x9C,0x73,0x9C,0x73,
	0x9C,0x73,0x9C,0x73,0x9C,0x73,0x9C,0x73,0x00,0x00,0xFF,0x7F,0x5A,0x6B,0x5A,0x6B,
	0x5A,0x6B,0x5A,0x6B,0x5A,0x6B,0x5A,0x6B,0x5A,0x6B,0x5A,0x6B,0x5A,0x6B,0x5A,0x6B,
	0x5A,0x6B,0x39,0x67,0xD6,0x5A,0xD6,0x5A,0xD6,0x5A,0xD6,0x5A,0xD6,0x5A,0xD6,0x5A,
	0xD6,0x5A,0xF7,0x5E,0x39,0x67,0x5A,0x6B,0x73,0x4E,0x42,0x08,0x42,0x08,0x42,0x08,

	0x42,0x08,0xF7,0x5E,0x5A,0x6B,0x5A,0x6B,0x5A,0x6B,0x5A,0x6B,0x5A,0x6B,0x5A,0x6B,
	0x5A,0x6B,0x5A,0x6B,0x5A,0x6B,0x39,0x67,0x6B,0x2D,0x42,0x08,0x42,0x08,0x42,0x08,
	0x42,0x08,0x4A,0x29,0x39,0x67,0x5A,0x6B,0x5A,0x6B,0x39,0x67,0xF7,0x5E,0xCE,0x39,
	0x84,0x10,0x42,0x08,0x42,0x08,0x42,0x08,0x42,0x08,0x42,0x08,0x00,0x00,0x6B,0x2D,
	0x18,0x63,0x5A,0x6B,0x5A,0x6B,0x5A,0x6B,0x5A,0x6B,0x5A,0x6B,0x5A,0x6B,0x5A,0x6B,
	0x5A,0x6B,0x5A,0x6B,0x5A,0x6B,0x5A,0x6B,0x5A,0x6B,0x5A,0x6B,0x5A,0x6B,0x5A,0x6B,
	0x5A,0x6B,0x5A,0x6B,0x5A,0x6B,0x5A,0x6B,0x5A,0x6B,0x5A,0x6B,0x18,0x63,0x00,0x00,
	0x31,0x46,0x5A,0x6B,0x5A,0x6B,0x5A,0x6B,0x5A,0x6B,0x5A,0x6B,0x5A,0x6B,0x5A,0x6B,

	0x5A,0x6B,0x5A,0x6B,0x5A,0x6B,0x5A,0x6B,0x5A,0x6B,0x5A,0x6B,0x5A,0x6B,0x5A,0x6B,
	0x5A,0x6B,0x5A,0x6B,0x5A,0x6B,0xFF,0x7F,0x00,0x00,0x9C,0x73,0x9C,0x73,0x9C,0x73,
	0x9C,0x73,0x9C,0x73,0x9C,0x73,0x9C,0x73,0x9C,0x73,0x9C,0x73,0x9C,0x73,0x9C,0x73,
	0x9C,0x73,0x9C,0x73,0x9C,0x73,0x9C,0x73,0x9C,0x73,0x9C,0x73,0x9C,0x73,0x9C,0x73,
	0x9C,0x73,0x9C,0x73,0x9C,0x73,0x9C,0x73,0x9C,0x73,0x9C,0x73,0x9C,0x73,0x9C,0x73,
	0x9C,0x73,0x9C,0x73,0x9C,0x73,0x9C,0x73,0x9C,0x73,0x9C,0x73,0x9C,0x73,0x9C,0x73,
	0x9C,0x73,0x9C,0x73,0x9C,0x73,0x9C,0x73,0x9C,0x73,0x9C,0x73,0x9C,0x73,0x9C,0x73,
	0xB5,0x56,0x9C,0x73,0x9C,0x73,0x9C,0x73,0x9C,0x73,0x9C,0x73,0x9C,0x73,0x9C,0x73,

	0x9C,0x73,0x9C,0x73,0x9C,0x73,0x9C,0x73,0x9C,0x73,0x9C,0x73,0x9C,0x73,0x9C,0x73,
	0x9C,0x73,0x9C,0x73,0x9C,0x73,0x9C,0x73,0x9C,0x73,0x9C,0x73,0x9C,0x73,0x9C,0x73,
	0xFF,0x7F,0xFF,0x7F,0xFF,0x7F,0xFF,0x7F,0xFF,0x7F,0xFF,0x7F,0xFF,0x7F,0xFF,0x7F,
	0xFF,0x7F,0xFF,0x7F,0xFF,0x7F,0xFF,0x7F,0xFF,0x7F,0xFF,0x7F,0xFF,0x7F,0xFF,0x7F,
	0xFF,0x7F,0xFF,0x7F,0xFF,0x7F,0xFF,0x7F,0xFF,0x7F,0xFF,0x7F,0xFF,0x7F,0xFF,0x7F,
	0xB5,0x56,0xFF,0x7F,0xFF,0x7F,0xFF,0x7F,0xFF,0x7F,0xFF,0x7F,0xFF,0x7F,0xFF,0x7F,
	0xFF,0x7F,0xFF,0x7F,0xFF,0x7F,0xFF,0x7F,0xFF,0x7F,0xFF,0x7F,0xFF,0x7F,0xFF,0x7F,
	0xFF,0x7F,0xFF,0x7F,0xFF,0x7F,0xFF,0x7F,0xFF,0x7F,0xFF,0x7F,0xFF,0x7F,0xFF,0x7F,

	0xFF,0x7F,0xFF,0x7F,0xFF,0x7F,0xFF,0x7F,0xFF,0x7F,0xFF,0x7F,0xFF,0x7F,0xFF,0x7F,
	0xFF,0x7F,0xFF,0x7F,0xFF,0x7F,0xFF,0x7F,0xFF,0x7F,0xFF,0x7F,0xFF,0x7F,0xFF,0x7F,
	0xFF,0x7F,0xFF,0x7F,0xFF,0x7F,0xFF,0x7F,0x00,0x00,0xFF,0x7F,0x5A,0x6B,0x5A,0x6B,
	0x5A,0x6B,0x5A,0x6B,0x5A,0x6B,0x5A,0x6B,0x5A,0x6B,0x5A,0x6B,0x5A,0x6B,0x5A,0x6B,
	0x5A,0x6B,0x94,0x52,0x31,0x46,0x10,0x42,0x10,0x42,0x10,0x42,0x10,0x42,0x10,0x42,
	0x10,0x42,0x31,0x46,0xF6,0x5E,0x5A,0x6B,0x73,0x4E,0x42,0x08,0x42,0x08,0x42,0x08,
	0x42,0x08,0xF7,0x5E,0x5A,0x6B,0x5A,0x6B,0x5A,0x6B,0x5A,0x6B,0x5A,0x6B,0x5A,0x6B,
	0x5A,0x6B,0x5A,0x6B,0x5A,0x6B,0x39,0x67,0x4A,0x29,0x42,0x08,0x42,0x08,0x42,0x08,

	0x42,0x08,0x6B,0x2D,0x59,0x6B,0x5A,0x6B,0x5A,0x6B,0x5A,0x6B,0x5A,0x6B,0x5A,0x6B,
	0xF7,0x5E,0xAD,0x35,0x00,0x00,0x42,0x08,0x42,0x08,0x42,0x08,0x42,0x08,0x42,0x08,
	0x29,0x25,0x18,0x63,0x5A,0x6B,0x5A,0x6B,0xB5,0x56,0x8C,0x31,0xC6,0x18,0xE7,0x1C,
	0x8C,0x31,0xD6,0x5A,0x39,0x67,0x00,0x00,0xEF,0x3D,0x5A,0x6B,0x5A,0x6B,0x5A,0x6B,
	0x5A,0x6B,0x5A,0x6B,0x5A,0x6B,0x5A,0x6B,0x5A,0x6B,0x5A,0x6B,0x18,0x63,0x00,0x00,
	0x31,0x46,0x5A,0x6B,0x5A,0x6B,0x5A,0x6B,0x5A,0x6B,0x5A,0x6B,0x5A,0x6B,0x5A,0x6B,
	0x5A,0x6B,0x5A,0x6B,0x5A,0x6B,0x5A,0x6B,0x5A,0x6B,0x5A,0x6B,0x5A,0x6B,0x5A,0x6B,
	0x5A,0x6B,0x5A,0x6B,0x5A,0x6B,0xFF,0x7F,0x00,0x00,0xFF,0x7F,0xFF,0x7F,0xFF,0x7F,

	0xFF,0x7F,0xFF,0x7F,0xFF,0x7F,0xFF,0x7F,0xFF,0x7F,0xFF,0x7F,0xFF,0x7F,0xFF,0x7F,
	0xFF,0x7F,0xFF,0x7F,0xFF,0x7F,0xFF,0x7F,0xFF,0x7F,0xFF,0x7F,0xFF,0x7F,0xFF,0x7F,
	0xFF,0x7F,0xFF,0x7F,0xFF,0x7F,0xFF,0x7F,0xFF,0x7F,0xFF,0x7F,0xFF,0x7F,0xFF,0x7F,
	0xFF,0x7F,0xFF,0x7F,0xFF,0x7F,0xFF,0x7F,0xFF,0x7F,0xFF,0x7F,0xFF,0x7F,0xFF,0x7F,
	0xFF,0x7F,0xFF,0x7F,0xFF,0x7F,0xFF,0x7F,0xFF,0x7F,0xFF,0x7F,0xFF,0x7F,0xFF,0x7F,
	0xB5,0x56,0xFF,0x7F,0xFF,0x7F,0xFF,0x7F,0xFF,0x7F,0xFF,0x7F,0xFF,0x7F,0xFF,0x7F,
	0xFF,0x7F,0xFF,0x7F,0xFF,0x7F,0xFF,0x7F,0xFF,0x7F,0xFF,0x7F,0xFF,0x7F,0xFF,0x7F,
	0xFF,0x7F,0xFF,0x7F,0xFF,0x7F,0xFF,0x7F,0xFF,0x7F,0xFF,0x7F,0xFF,0x7F,0xFF,0x7F,

	0x9C,0x73,0x9C,0x73,0x9C,0x73,0x9C,0x73,0x9C,0x73,0x9C,0x73,0x9C,0x73,0x9C,0x73,
	0x9C,0x73,0x9C,0x73,0x9C,0x73,0x9C,0x73,0x9C,0x73,0x9C,0x73,0x9C,0x73,0x9C,0x73,
	0x9C,0x73,0x9C,0x73,0x9C,0x73,0x9C,0x73,0x9C,0x73,0x9C,0x73,0x9C,0x73,0x9C,0x73,
	0xB5,0x56,0x9C,0x73,0x9C,0x73,0x9C,0x73,0x9C,0x73,0x9C,0x73,0x9C,0x73,0x9C,0x73,
	0x9C,0x73,0x9C,0x73,0x9C,0x73,0x9C,0x73,0x9C,0x73,0x9C,0x73,0x9C,0x73,0x9C,0x73,
	0x9C,0x73,0x9C,0x73,0x9C,0x73,0x9C,0x73,0x9C,0x73,0x9C,0x73,0x9C,0x73,0x9C,0x73,
	0x9C,0x73,0x9C,0x73,0x9C,0x73,0x9C,0x73,0x9C,0x73,0x9C,0x73,0x9C,0x73,0x9C,0x73,
	0x9C,0x73,0x9C,0x73,0x9C,0x73,0x9C,0x73,0x9C,0x73,0x9C,0x73,0x9C,0x73,0x9C,0x73,

	0x9C,0x73,0x9C,0x73,0x9C,0x73,0x9C,0x73,0x00,0x00,0xFF,0x7F,0x5A,0x6B,0x5A,0x6B,
	0x5A,0x6B,0x5A,0x6B,0x5A,0x6B,0x5A,0x6B,0x5A,0x6B,0x5A,0x6B,0x5A,0x6B,0x5A,0x6B,
	0x5A,0x6B,0x31,0x46,0x73,0x4E,0x59,0x6B,0x5A,0x6B,0x5A,0x6B,0x5A,0x6B,0x5A,0x6B,
	0x38,0x67,0x31,0x46,0x52,0x4A,0x5A,0x6B,0x73,0x4E,0x42,0x08,0x42,0x08,0x42,0x08,
	0x42,0x08,0xF7,0x5E,0x5A,0x6B,0x5A,0x6B,0x5A,0x6B,0x5A,0x6B,0x5A,0x6B,0x5A,0x6B,
	0x5A,0x6B,0x5A,0x6B,0x5A,0x6B,0x18,0x63,0x84,0x10,0x42,0x08,0x42,0x08,0x42,0x08,
	0x63,0x0C,0x32,0x46,0x5A,0x6B,0x5A,0x6B,0x5A,0x6B,0x5A,0x6B,0x5A,0x6B,0x5A,0x6B,
	0x5A,0x6B,0x5A,0x6B,0xD6,0x5A,0xAD,0x35,0x83,0x10,0x42,0x08,0x42,0x08,0x42,0x08,

	0x42,0x08,0x4A,0x29,0x39,0x67,0xF7,0x5E,0x42,0x08,0xCE,0x39,0x39,0x67,0x39,0x67,
	0x52,0x4A,0x94,0x52,0x39,0x67,0x00,0x00,0xEF,0x3D,0x5A,0x6B,0x5A,0x6B,0x5A,0x6B,
	0x5A,0x6B,0x5A,0x6B,0x5A,0x6B,0x5A,0x6B,0x5A,0x6B,0x5A,0x6B,0x18,0x63,0x00,0x00,
	0x31,0x46,0x5A,0x6B,0x5A,0x6B,0x5A,0x6B,0x5A,0x6B,0x5A,0x6B,0x5A,0x6B,0x5A,0x6B,
	0x5A,0x6B,0x5A,0x6B,0x5A,0x6B,0x5A,0x6B,0x5A,0x6B,0x5A,0x6B,0x5A,0x6B,0x5A,0x6B,
	0x5A,0x6B,0x5A,0x6B,0x5A,0x6B,0xFF,0x7F,0x00,0x00,0x9C,0x73,0x9C,0x73,0x9C,0x73,
	0x9C,0x73,0x9C,0x73,0x9C,0x73,0x9C,0x73,0x9C,0x73,0x9C,0x73,0x9C,0x73,0x9C,0x73,
	0x9C,0x73,0x9C,0x73,0x9C,0x73,0x9C,0x73,0x9C,0x73,0x9C,0x73,0x9C,0x73,0x9C,0x73,

	0x9C,0x73,0x9C,0x73,0x9C,0x73,0x9C,0x73,0x9C,0x73,0x9C,0x73,0x9C,0x73,0x9C,0x73,
	0x9C,0x73,0x9C,0x73,0x9C,0x73,0x9C,0x73,0x9C,0x73,0x9C,0x73,0x9C,0x73,0x9C,0x73,
	0x9C,0x73,0x9C,0x73,0x9C,0x73,0x9C,0x73,0x9C,0x73,0x9C,0x73,0x9C,0x73,0x9C,0x73,
	0xB5,0x56,0x9C,0x73,0x9C,0x73,0x9C,0x73,0x9C,0x73,0x9C,0x73,0x9C,0x73,0x9C,0x73,
	0x9C,0x73,0x9C,0x73,0x9C,0x73,0x9C,0x73,0x9C,0x73,0x9C,0x73,0x9C,0x73,0x9C,0x73,
	0x9C,0x73,0x9C,0x73,0x9C,0x73,0x9C,0x73,0x9C,0x73,0x9C,0x73,0x9C,0x73,0x9C,0x73,
	0xFF,0x7F,0xFF,0x7F,0xFF,0x7F,0xFF,0x7F,0xFF,0x7F,0xFF,0x7F,0xFF,0x7F,0xFF,0x7F,
	0xFF,0x7F,0xFF,0x7F,0xFF,0x7F,0xFF,0x7F,0xFF,0x7F,0xFF,0x7F,0xFF,0x7F,0xFF,0x7F,

	0xFF,0x7F,0xFF,0x7F,0xFF,0x7F,0xFF,0x7F,0xFF,0x7F,0xFF,0x7F,0xFF,0x7F,0xFF,0x7F,
	0xB5,0x56,0xFF,0x7F,0xFF,0x7F,0xFF,0x7F,0xFF,0x7F,0xFF,0x7F,0xFF,0x7F,0xFF,0x7F,
	0xFF,0x7F,0xFF,0x7F,0xFF,0x7F,0xFF,0x7F,0xFF,0x7F,0xFF,0x7F,0xFF,0x7F,0xFF,0x7F,
	0xFF,0x7F,0xFF,0x7F,0xFF,0x7F,0xFF,0x7F,0xFF,0x7F,0xFF,0x7F,0xFF,0x7F,0xFF,0x7F,
	0xFF,0x7F,0xFF,0x7F,0xFF,0x7F,0xFF,0x7F,0xFF,0x7F,0xFF,0x7F,0xFF,0x7F,0xFF,0x7F,
	0xFF,0x7F,0xFF,0x7F,0xFF,0x7F,0xFF,0x7F,0xFF,0x7F,0xFF,0x7F,0xFF,0x7F,0xFF,0x7F,
	0xFF,0x7F,0xFF,0x7F,0xFF,0x7F,0xFF,0x7F,0x00,0x00,0xFF,0x7F,0x5A,0x6B,0x5A,0x6B,
	0x5A,0x6B,0x5A,0x6B,0x5A,0x6B,0x5A,0x6B,0x5A,0x6B,0x5A,0x6B,0x5A,0x6B,0x5A,0x6B,

	0x5A,0x6B,0x31,0x46,0xD6,0x5A,0x5A,0x6B,0x5A,0x6B,0x5A,0x6B,0x5A,0x6B,0x5A,0x6B,
	0x5A,0x6B,0x31,0x46,0x52,0x4A,0x5A,0x6B,0x73,0x4E,0x42,0x08,0x42,0x08,0x42,0x08,
	0x42,0x08,0xF7,0x5E,0x5A,0x6B,0x5A,0x6B,0x5A,0x6B,0x5A,0x6B,0x5A,0x6B,0x5A,0x6B,
	0x5A,0x6B,0x5A,0x6B,0x39,0x67,0xCE,0x39,0x63,0x0C,0x42,0x08,0x42,0x08,0x42,0x08,
	0xA5,0x14,0x18,0x63,0x5A,0x6B,0x5A,0x6B,0x5A,0x6B,0x5A,0x6B,0x5A,0x6B,0x5A,0x6B,
	0x5A,0x6B,0x5A,0x6B,0x5A,0x6B,0x39,0x67,0x52,0x4A,0x63,0x0C,0x42,0x08,0x42,0x08,
	0x42,0x08,0xC6,0x18,0x18,0x63,0xB5,0x56,0x00,0x00,0x8C,0x31,0xB5,0x56,0x18,0x63,
	0x5A,0x6B,0x5A,0x6B,0x8C,0x31,0x00,0x00,0x00,0x00,0x00,0x00,0xB5,0x56,0x10,0x42,

	0x00,0x00,0xF7,0x5E,0x5A,0x6B,0x10,0x42,0x42,0x08,0x18,0x63,0x18,0x63,0x00,0x00,
	0x31,0x46,0x5A,0x6B,0x94,0x52,0x6B,0x2D,0xA5,0x14,0x4A,0x29,0xB5,0x56,0x5A,0x6B,
	0x5A,0x6B,0x5A,0x6B,0x5A,0x6B,0x5A,0x6B,0x5A,0x6B,0x5A,0x6B,0x5A,0x6B,0x5A,0x6B,
	0x5A,0x6B,0x5A,0x6B,0x5A,0x6B,0xFF,0x7F,0x00,0x00,0xFF,0x7F,0xFF,0x7F,0xFF,0x7F,
	0xFF,0x7F,0xFF,0x7F,0xFF,0x7F,0xFF,0x7F,0xFF,0x7F,0xFF,0x7F,0xFF,0x7F,0xFF,0x7F,
	0xFF,0x7F,0xFF,0x7F,0xFF,0x7F,0xFF,0x7F,0xFF,0x7F,0xFF,0x7F,0xFF,0x7F,0xFF,0x7F,
	0xFF,0x7F,0xFF,0x7F,0xFF,0x7F,0xFF,0x7F,0xFF,0x7F,0xFF,0x7F,0xFF,0x7F,0xFF,0x7F,
	0xFF,0x7F,0xFF,0x7F,0xFF,0x7F,0xFF,0x7F,0xFF,0x7F,0xFF,0x7F,0xFF,0x7F,0xFF,0x7F,

	0xFF,0x7F,0xFF,0x7F,0xFF,0x7F,0xFF,0x7F,0xFF,0x7F,0xFF,0x7F,0xFF,0x7F,0xFF,0x7F,
	0xB5,0x56,0xFF,0x7F,0xFF,0x7F,0xFF,0x7F,0xFF,0x7F,0xFF,0x7F,0xFF,0x7F,0xFF,0x7F,
	0xFF,0x7F,0xFF,0x7F,0xFF,0x7F,0xFF,0x7F,0xFF,0x7F,0xFF,0x7F,0xFF,0x7F,0xFF,0x7F,
	0xFF,0x7F,0xFF,0x7F,0xFF,0x7F,0xFF,0x7F,0xFF,0x7F,0xFF,0x7F,0xFF,0x7F,0xFF,0x7F,
	0x9C,0x73,0x9C,0x73,0x9C,0x73,0x9C,0x73,0x9C,0x73,0x9C,0x73,0x9C,0x73,0x9C,0x73,
	0x9C,0x73,0x9C,0x73,0x9C,0x73,0x9C,0x73,0x9C,0x73,0x9C,0x73,0x9C,0x73,0x9C,0x73,
	0x9C,0x73,0x9C,0x73,0x9C,0x73,0x9C,0x73,0x9C,0x73,0x9C,0x73,0x9C,0x73,0x9C,0x73,
	0xB5,0x56,0x9C,0x73,0x9C,0x73,0x9C,0x73,0x9C,0x73,0x9C,0x73,0x9C,0x73,0x9C,0x73,

	0x9C,0x73,0x9C,0x73,0x9C,0x73,0x9C,0x73,0x9C,0x73,0x9C,0x73,0x9C,0x73,0x9C,0x73,
	0x9C,0x73,0x9C,0x73,0x9C,0x73,0x9C,0x73,0x9C,0x73,0x9C,0x73,0x9C,0x73,0x9C,0x73,
	0x9C,0x73,0x9C,0x73,0x9C,0x73,0x9C,0x73,0x9C,0x73,0x9C,0x73,0x9C,0x73,0x9C,0x73,
	0x9C,0x73,0x9C,0x73,0x9C,0x73,0x9C,0x73,0x9C,0x73,0x9C,0x73,0x9C,0x73,0x9C,0x73,
	0x9C,0x73,0x9C,0x73,0x9C,0x73,0x9C,0x73,0x00,0x00,0xFF,0x7F,0x5A,0x6B,0x5A,0x6B,
	0x5A,0x6B,0x5A,0x6B,0x5A,0x6B,0x5A,0x6B,0x5A,0x6B,0x5A,0x6B,0x5A,0x6B,0x5A,0x6B,
	0x5A,0x6B,0x31,0x46,0xD6,0x5A,0x5A,0x6B,0x5A,0x6B,0x5A,0x6B,0x5A,0x6B,0x5A,0x6B,
	0x5A,0x6B,0x31,0x46,0x52,0x4A,0x5A,0x6B,0x73,0x4E,0x42,0x08,0x42,0x08,0x42,0x08,

	0x42,0x08,0xF7,0x5E,0x5A,0x6B,0x5A,0x6B,0x5A,0x6B,0x5A,0x6B,0x5A,0x6B,0x5A,0x6B,
	0x5A,0x6B,0x39,0x67,0x52,0x4A,0x84,0x10,0x42,0x08,0x42,0x08,0x42,0x08,0x42,0x08,
	0x10,0x42,0x39,0x67,0x39,0x67,0x5A,0x6B,0x5A,0x6B,0x5A,0x6B,0x5A,0x6B,0x5A,0x6B,
	0x5A,0x6B,0x5A,0x6B,0x5A,0x6B,0x5A,0x6B,0xF6,0x5E,0x22,0x04,0x42,0x08,0x42,0x08,
	0x42,0x08,0xC6,0x18,0x18,0x63,0x39,0x67,0x10,0x42,0x84,0x10,0x00,0x00,0x00,0x00,
	0x6B,0x2D,0xF7,0x5E,0x39,0x67,0x00,0x00,0xEF,0x3D,0x5A,0x6B,0x5A,0x6B,0xF7,0x5E,
	0x00,0x00,0x31,0x46,0x39,0x67,0xA5,0x14,0xEF,0x3D,0x5A,0x6B,0x18,0x63,0x00,0x00,
	0x31,0x46,0xD6,0x5A,0x00,0x00,0x73,0x4E,0x39,0x67,0xCE,0x39,0xA5,0x14,0x39,0x67,

	0x5A,0x6B,0x5A,0x6B,0x5A,0x6B,0x5A,0x6B,0x5A,0x6B,0x5A,0x6B,0x5A,0x6B,0x5A,0x6B,
	0x5A,0x6B,0x5A,0x6B,0x5A,0x6B,0xFF,0x7F,0x00,0x00,0x9C,0x73,0x9C,0x73,0x9C,0x73,
	0x9C,0x73,0x9C,0x73,0x9C,0x73,0x9C,0x73,0x9C,0x73,0x9C,0x73,0x9C,0x73,0x9C,0x73,
	0x9C,0x73,0x9C,0x73,0x9C,0x73,0x9C,0x73,0x9C,0x73,0x9C,0x73,0x9C,0x73,0x9C,0x73,
	0x9C,0x73,0x9C,0x73,0x9C,0x73,0x9C,0x73,0x9C,0x73,0x9C,0x73,0x9C,0x73,0x9C,0x73,
	0x9C,0x73,0x9C,0x73,0x9C,0x73,0x9C,0x73,0x9C,0x73,0x9C,0x73,0x9C,0x73,0x9C,0x73,
	0x9C,0x73,0x9C,0x73,0x9C,0x73,0x9C,0x73,0x9C,0x73,0x9C,0x73,0x9C,0x73,0x9C,0x73,
	0xB5,0x56,0x9C,0x73,0x9C,0x73,0x9C,0x73,0x9C,0x73,0x9C,0x73,0x9C,0x73,0x9C,0x73,

	0x9C,0x73,0x9C,0x73,0x9C,0x73,0x9C,0x73,0x9C,0x73,0x9C,0x73,0x9C,0x73,0x9C,0x73,
	0x9C,0x73,0x9C,0x73,0x9C,0x73,0x9C,0x73,0x9C,0x73,0x9C,0x73,0x9C,0x73,0x9C,0x73,
	0xFF,0x7F,0xFF,0x7F,0xFF,0x7F,0xFF,0x7F,0xFF,0x7F,0xFF,0x7F,0xFF,0x7F,0xFF,0x7F,
	0xFF,0x7F,0xFF,0x7F,0xFF,0x7F,0xFF,0x7F,0xFF,0x7F,0xFF,0x7F,0xFF,0x7F,0xFF,0x7F,
	0xFF,0x7F,0xFF,0x7F,0xFF,0x7F,0xFF,0x7F,0xFF,0x7F,0xFF,0x7F,0xFF,0x7F,0xFF,0x7F,
	0xB5,0x56,0xFF,0x7F,0xFF,0x7F,0xFF,0x7F,0xFF,0x7F,0xFF,0x7F,0xFF,0x7F,0xFF,0x7F,
	0xFF,0x7F,0xFF,0x7F,0xFF,0x7F,0xFF,0x7F,0xFF,0x7F,0xFF,0x7F,0xFF,0x7F,0xFF,0x7F,
	0xFF,0x7F,0xFF,0x7F,0xFF,0x7F,0xFF,0x7F,0xFF,0x7F,0xFF,0x7F,0xFF,0x7F,0xFF,0x7F,

	0xFF,0x7F,0xFF,0x7F,0xFF,0x7F,0xFF,0x7F,0xFF,0x7F,0xFF,0x7F,0xFF,0x7F,0xFF,0x7F,
	0xFF,0x7F,0xFF,0x7F,0xFF,0x7F,0xFF,0x7F,0xFF,0x7F,0xFF,0x7F,0xFF,0x7F,0xFF,0x7F,
	0xFF,0x7F,0xFF,0x7F,0xFF,0x7F,0xFF,0x7F,0x00,0x00,0xFF,0x7F,0x5A,0x6B,0x5A,0x6B,
	0x5A,0x6B,0x5A,0x6B,0x5A,0x6B,0x5A,0x6B,0x5A,0x6B,0x5A,0x6B,0x5A,0x6B,0x5A,0x6B,
	0x5A,0x6B,0x31,0x46,0xD6,0x5A,0x5A,0x6B,0x5A,0x6B,0x5A,0x6B,0x5A,0x6B,0x5A,0x6B,
	0x5A,0x6B,0x31,0x46,0x52,0x4A,0x5A,0x6B,0x73,0x4E,0x42,0x08,0x42,0x08,0x42,0x08,
	0x42,0x08,0xF7,0x5E,0x5A,0x6B,0x5A,0x6B,0x5A,0x6B,0x5A,0x6B,0x5A,0x6B,0x18,0x63,
	0x94,0x52,0x6B,0x2D,0x63,0x0C,0x42,0x08,0x42,0x08,0x42,0x08,0x42,0x08,0xCD,0x39,

	0x39,0x67,0x5A,0x6B,0x94,0x52,0x73,0x4E,0xD6,0x5A,0x18,0x63,0x5A,0x6B,0x5A,0x6B,
	0x5A,0x6B,0x5A,0x6B,0x5A,0x6B,0xD6,0x5A,0x6C,0x2D,0x42,0x08,0x42,0x08,0x42,0x08,
	0x63,0x0C,0x6B,0x2D,0x39,0x67,0x5A,0x6B,0x5A,0x6B,0x39,0x67,0xF7,0x5E,0x31,0x46,
	0x00,0x00,0xEF,0x3D,0x39,0x67,0x00,0x00,0xEF,0x3D,0x5A,0x6B,0x5A,0x6B,0x5A,0x6B,
	0x8C,0x31,0xC6,0x18,0x73,0x4E,0x00,0x00,0xD6,0x5A,0x5A,0x6B,0x18,0x63,0x00,0x00,
	0x31,0x46,0x52,0x4A,0x00,0x00,0x00,0x00,0x00,0x00,0x00,0x00,0x00,0x00,0xF7,0x5E,
	0x5A,0x6B,0x5A,0x6B,0x5A,0x6B,0x5A,0x6B,0x5A,0x6B,0x5A,0x6B,0x5A,0x6B,0x5A,0x6B,
	0x5A,0x6B,0x5A,0x6B,0x5A,0x6B,0xFF,0x7F,0x00,0x00,0xFF,0x7F,0xFF,0x7F,0xFF,0x7F,

	0xFF,0x7F,0xFF,0x7F,0xFF,0x7F,0xFF,0x7F,0xFF,0x7F,0xFF,0x7F,0xFF,0x7F,0xFF,0x7F,
	0xFF,0x7F,0xFF,0x7F,0xFF,0x7F,0xFF,0x7F,0xFF,0x7F,0xFF,0x7F,0xFF,0x7F,0xFF,0x7F,
	0xFF,0x7F,0xFF,0x7F,0xFF,0x7F,0xFF,0x7F,0xFF,0x7F,0xFF,0x7F,0xFF,0x7F,0xFF,0x7F,
	0xFF,0x7F,0xFF,0x7F,0xFF,0x7F,0xFF,0x7F,0xFF,0x7F,0xFF,0x7F,0xFF,0x7F,0xFF,0x7F,
	0xFF,0x7F,0xFF,0x7F,0xFF,0x7F,0xFF,0x7F,0xFF,0x7F,0xFF,0x7F,0xFF,0x7F,0xFF,0x7F,
	0xB5,0x56,0xFF,0x7F,0xFF,0x7F,0xFF,0x7F,0xFF,0x7F,0xFF,0x7F,0xFF,0x7F,0xFF,0x7F,
	0xFF,0x7F,0xFF,0x7F,0xFF,0x7F,0xFF,0x7F,0xFF,0x7F,0xFF,0x7F,0xFF,0x7F,0xFF,0x7F,
	0xFF,0x7F,0xFF,0x7F,0xFF,0x7F,0xFF,0x7F,0xFF,0x7F,0xFF,0x7F,0xFF,0x7F,0xFF,0x7F,

	0x9C,0x73,0x9C,0x73,0x9C,0x73,0x9C,0x73,0x9C,0x73,0x9C,0x73,0x9C,0x73,0x9C,0x73,
	0x9C,0x73,0x9C,0x73,0x9C,0x73,0x9C,0x73,0x9C,0x73,0x9C,0x73,0x9C,0x73,0x9C,0x73,
	0x9C,0x73,0x9C,0x73,0x9C,0x73,0x9C,0x73,0x9C,0x73,0x9C,0x73,0x9C,0x73,0x9C,0x73,
	0xB5,0x56,0x9C,0x73,0x9C,0x73,0x9C,0x73,0x9C,0x73,0x9C,0x73,0x9C,0x73,0x9C,0x73,
	0x9C,0x73,0x9C,0x73,0x9C,0x73,0x9C,0x73,0x9C,0x73,0x9C,0x73,0x9C,0x73,0x9C,0x73,
	0x9C,0x73,0x9C,0x73,0x9C,0x73,0x9C,0x73,0x9C,0x73,0x9C,0x73,0x9C,0x73,0x9C,0x73,
	0x9C,0x73,0x9C,0x73,0x9C,0x73,0x9C,0x73,0x9C,0x73,0x9C,0x73,0x9C,0x73,0x9C,0x73,
	0x9C,0x73,0x9C,0x73,0x9C,0x73,0x9C,0x73,0x9C,0x73,0x9C,0x73,0x9C,0x73,0x9C,0x73,

	0x9C,0x73,0x9C,0x73,0x9C,0x73,0x9C,0x73,0x00,0x00,0xFF,0x7F,0x5A,0x6B,0x5A,0x6B,
	0x5A,0x6B,0x5A,0x6B,0x5A,0x6B,0x5A,0x6B,0x5A,0x6B,0x5A,0x6B,0x5A,0x6B,0x5A,0x6B,
	0x5A,0x6B,0x31,0x46,0x93,0x52,0x59,0x6B,0x5A,0x6B,0x5A,0x6B,0x5A,0x6B,0x5A,0x6B,
	0x39,0x67,0x31,0x46,0x52,0x4A,0x5A,0x6B,0x73,0x4E,0x42,0x08,0x42,0x08,0x42,0x08,
	0x42,0x08,0x29,0x25,0x6B,0x2D,0x6B,0x2D,0x6B,0x2D,0x6B,0x2D,0x09,0x21,0x84,0x10,
	0x42,0x08,0x42,0x08,0x42,0x08,0x42,0x08,0x42,0x08,0x22,0x04,0x73,0x4E,0x39,0x67,
	0x5A,0x6B,0x5A,0x6B,0x52,0x4A,0x42,0x08,0x00,0x00,0x63,0x0C,0xA5,0x14,0x4A,0x29,
	0x6B,0x2D,0x6B,0x2D,0xE7,0x1C,0x21,0x04,0x42,0x08,0x42,0x08,0x42,0x08,0x42,0x08,

	0x4A,0x29,0x18,0x63,0x5A,0x6B,0x94,0x52,0x52,0x4A,0x18,0x63,0x39,0x67,0x73,0x4E,
	0x00,0x00,0x52,0x4A,0x39,0x67,0x42,0x08,0xAD,0x35,0x5A,0x6B,0x5A,0x6B,0x5A,0x6B,
	0xB5,0x56,0x00,0x00,0x84,0x10,0x6B,0x2D,0x5A,0x6B,0x5A,0x6B,0x18,0x63,0x00,0x00,
	0x31,0x46,0xD6,0x5A,0x00,0x00,0x52,0x4A,0x39,0x67,0x5A,0x6B,0x5A,0x6B,0x5A,0x6B,
	0x5A,0x6B,0x5A,0x6B,0x5A,0x6B,0x5A,0x6B,0x5A,0x6B,0x5A,0x6B,0x5A,0x6B,0x5A,0x6B,
	0x5A,0x6B,0x5A,0x6B,0x5A,0x6B,0xFF,0x7F,0x00,0x00,0x9C,0x73,0x9C,0x73,0x9C,0x73,
	0x9C,0x73,0x9C,0x73,0x9C,0x73,0x9C,0x73,0x9C,0x73,0x9C,0x73,0x9C,0x73,0x9C,0x73,
	0x9C,0x73,0x9C,0x73,0x9C,0x73,0x9C,0x73,0x9C,0x73,0x9C,0x73,0x9C,0x73,0x9C,0x73,

	0x9C,0x73,0x9C,0x73,0x9C,0x73,0x9C,0x73,0x9C,0x73,0x9C,0x73,0x9C,0x73,0x9C,0x73,
	0x9C,0x73,0x9C,0x73,0x9C,0x73,0x9C,0x73,0x9C,0x73,0x9C,0x73,0x9C,0x73,0x9C,0x73,
	0x9C,0x73,0x9C,0x73,0x9C,0x73,0x9C,0x73,0x9C,0x73,0x9C,0x73,0x9C,0x73,0x9C,0x73,
	0xB5,0x56,0x9C,0x73,0x9C,0x73,0x9C,0x73,0x9C,0x73,0x9C,0x73,0x9C,0x73,0x9C,0x73,
	0x9C,0x73,0x9C,0x73,0x9C,0x73,0x9C,0x73,0x9C,0x73,0x9C,0x73,0x9C,0x73,0x9C,0x73,
	0x9C,0x73,0x9C,0x73,0x9C,0x73,0x9C,0x73,0x9C,0x73,0x9C,0x73,0x9C,0x73,0x9C,0x73,
	0xFF,0x7F,0xFF,0x7F,0xFF,0x7F,0xFF,0x7F,0xFF,0x7F,0xFF,0x7F,0xFF,0x7F,0xFF,0x7F,
	0xFF,0x7F,0xFF,0x7F,0xFF,0x7F,0xFF,0x7F,0xFF,0x7F,0xFF,0x7F,0xFF,0x7F,0xFF,0x7F,

	0xFF,0x7F,0xFF,0x7F,0xFF,0x7F,0xFF,0x7F,0xFF,0x7F,0xFF,0x7F,0xFF,0x7F,0xFF,0x7F,
	0xB5,0x56,0xFF,0x7F,0xFF,0x7F,0xFF,0x7F,0xFF,0x7F,0xFF,0x7F,0xFF,0x7F,0xFF,0x7F,
	0xFF,0x7F,0xFF,0x7F,0xFF,0x7F,0xFF,0x7F,0xFF,0x7F,0xFF,0x7F,0xFF,0x7F,0xFF,0x7F,
	0xFF,0x7F,0xFF,0x7F,0xFF,0x7F,0xFF,0x7F,0xFF,0x7F,0xFF,0x7F,0xFF,0x7F,0xFF,0x7F,
	0xFF,0x7F,0xFF,0x7F,0xFF,0x7F,0xFF,0x7F,0xFF,0x7F,0xFF,0x7F,0xFF,0x7F,0xFF,0x7F,
	0xFF,0x7F,0xFF,0x7F,0xFF,0x7F,0xFF,0x7F,0xFF,0x7F,0xFF,0x7F,0xFF,0x7F,0xFF,0x7F,
	0xFF,0x7F,0xFF,0x7F,0xFF,0x7F,0xFF,0x7F,0x00,0x00,0xFF,0x7F,0x18,0x63,0x5A,0x6B,
	0x18,0x63,0x5A,0x6B,0x18,0x63,0x5A,0x6B,0x18,0x63,0x5A,0x6B,0x18,0x63,0x5A,0x6B,

	0x18,0x63,0x73,0x4E,0x31,0x46,0x10,0x42,0x10,0x42,0x10,0x42,0x10,0x42,0x10,0x42,
	0x10,0x42,0x31,0x46,0xB4,0x56,0x5A,0x6B,0x73,0x4E,0x42,0x08,0x42,0x08,0x42,0x08,
	0x42,0x08,0x42,0x08,0x42,0x08,0x42,0x08,0x42,0x08,0x42,0x08,0x42,0x08,0x42,0x08,
	0x21,0x04,0x00,0x00,0x63,0x0C,0x2A,0x25,0x30,0x46,0x17,0x63,0x18,0x63,0x5A,0x6B,
	0x18,0x63,0x5A,0x6B,0x52,0x4A,0x63,0x0C,0x21,0x04,0x42,0x08,0x63,0x0C,0x63,0x0C,
	0x63,0x0C,0x63,0x0C,0x63,0x0C,0x42,0x08,0x21,0x04,0x84,0x10,0x6B,0x2D,0x73,0x4E,
	0xF7,0x5E,0x5A,0x6B,0x18,0x63,0xD6,0x5A,0x8C,0x31,0x08,0x21,0x84,0x10,0x4A,0x29,
	0x31,0x46,0x5A,0x6B,0x18,0x63,0x52,0x4A,0xC6,0x18,0x84,0x10,0x94,0x52,0x5A,0x6B,

	0x18,0x63,0x08,0x21,0x00,0x00,0x94,0x52,0x18,0x63,0x5A,0x6B,0xD6,0x5A,0x00,0x00,
	0x10,0x42,0x5A,0x6B,0x73,0x4E,0x6B,0x2D,0xA5,0x14,0x84,0x10,0x29,0x25,0x39,0x67,
	0x18,0x63,0x5A,0x6B,0x18,0x63,0x5A,0x6B,0x18,0x63,0x5A,0x6B,0x18,0x63,0x5A,0x6B,
	0x18,0x63,0x5A,0x6B,0x18,0x63,0xFF,0x7F,0x00,0x00,0xFF,0x7F,0xFF,0x7F,0xFF,0x7F,
	0xFF,0x7F,0xFF,0x7F,0xFF,0x7F,0xFF,0x7F,0xFF,0x7F,0xFF,0x7F,0xFF,0x7F,0xFF,0x7F,
	0xFF,0x7F,0xFF,0x7F,0xFF,0x7F,0xFF,0x7F,0xFF,0x7F,0xFF,0x7F,0xFF,0x7F,0xFF,0x7F,
	0xFF,0x7F,0xFF,0x7F,0xFF,0x7F,0xFF,0x7F,0xFF,0x7F,0xFF,0x7F,0xFF,0x7F,0xFF,0x7F,
	0xFF,0x7F,0xFF,0x7F,0xFF,0x7F,0xFF,0x7F,0xFF,0x7F,0xFF,0x7F,0xFF,0x7F,0xFF,0x7F,

	0xFF,0x7F,0xFF,0x7F,0xFF,0x7F,0xFF,0x7F,0xFF,0x7F,0xFF,0x7F,0xFF,0x7F,0xFF,0x7F,
	0xB5,0x56,0xFF,0x7F,0xFF,0x7F,0xFF,0x7F,0xFF,0x7F,0xFF,0x7F,0xFF,0x7F,0xFF,0x7F,
	0xFF,0x7F,0xFF,0x7F,0xFF,0x7F,0xFF,0x7F,0xFF,0x7F,0xFF,0x7F,0xFF,0x7F,0xFF,0x7F,
	0xFF,0x7F,0xFF,0x7F,0xFF,0x7F,0xFF,0x7F,0xFF,0x7F,0xFF,0x7F,0xFF,0x7F,0xFF,0x7F,
	0x9C,0x73,0x9C,0x73,0x9C,0x73,0x9C,0x73,0x9C,0x73,0x9C,0x73,0x9C,0x73,0x9C,0x73,
	0x9C,0x73,0x9C,0x73,0x9C,0x73,0x9C,0x73,0x9C,0x73,0x9C,0x73,0x9C,0x73,0x9C,0x73,
	0x9C,0x73,0x9C,0x73,0x9C,0x73,0x9C,0x73,0x9C,0x73,0x9C,0x73,0x9C,0x73,0x9C,0x73,
	0xB5,0x56,0x9C,0x73,0x9C,0x73,0x9C,0x73,0x9C,0x73,0x9C,0x73,0x9C,0x73,0x9C,0x73,

	0x9C,0x73,0x9C,0x73,0x9C,0x73,0x9C,0x73,0x9C,0x73,0x9C,0x73,0x9C,0x73,0x9C,0x73,
	0x9C,0x73,0x9C,0x73,0x9C,0x73,0x9C,0x73,0x9C,0x73,0x9C,0x73,0x9C,0x73,0x9C,0x73,
	0x9C,0x73,0x9C,0x73,0x9C,0x73,0x9C,0x73,0x9C,0x73,0x9C,0x73,0x9C,0x73,0x9C,0x73,
	0x9C,0x73,0x9C,0x73,0x9C,0x73,0x9C,0x73,0x9C,0x73,0x9C,0x73,0x9C,0x73,0x9C,0x73,
	0x9C,0x73,0x9C,0x73,0x9C,0x73,0x9C,0x73,0x00,0x00,0xFF,0x7F,0x5A,0x6B,0x18,0x63,
	0x5A,0x6B,0x18,0x63,0x5A,0x6B,0x18,0x63,0x5A,0x6B,0x18,0x63,0x5A,0x6B,0x18,0x63,
	0x5A,0x6B,0x17,0x63,0x94,0x52,0x52,0x4A,0x73,0x4E,0x52,0x4A,0x73,0x4E,0x52,0x4A,
	0x73,0x4E,0x94,0x52,0x59,0x6B,0x18,0x63,0xB5,0x56,0x8C,0x31,0xAD,0x35,0x8C,0x31,

	0xAD,0x35,0x8C,0x31,0xAD,0x35,0x8C,0x31,0xAD,0x35,0xAD,0x35,0xEF,0x3D,0xEF,0x3D,
	0x73,0x4E,0x94,0x52,0x18,0x63,0x18,0x63,0x5A,0x6B,0x18,0x63,0x5A,0x6B,0x18,0x63,
	0x5A,0x6B,0x18,0x63,0x39,0x67,0xD5,0x5A,0xD6,0x5A,0x52,0x4A,0xEF,0x3D,0xAD,0x35,
	0xCE,0x39,0xAD,0x35,0x10,0x42,0x52,0x4A,0xD6,0x5A,0xF7,0x5E,0x5A,0x6B,0x18,0x63,
	0x5A,0x6B,0x18,0x63,0x5A,0x6B,0x18,0x63,0x5A,0x6B,0x18,0x63,0x5A,0x6B,0x18,0x63,
	0x5A,0x6B,0x18,0x63,0x5A,0x6B,0x18,0x63,0x5A,0x6B,0x18,0x63,0x5A,0x6B,0x18,0x63,
	0x39,0x67,0x08,0x21,0xE7,0x1C,0xF7,0x5E,0x5A,0x6B,0x18,0x63,0x5A,0x6B,0x18,0x63,
	0x5A,0x6B,0x18,0x63,0x5A,0x6B,0x18,0x63,0x5A,0x6B,0x18,0x63,0x5A,0x6B,0x18,0x63,

	0x5A,0x6B,0x18,0x63,0x5A,0x6B,0x18,0x63,0x5A,0x6B,0x18,0x63,0x5A,0x6B,0x18,0x63,
	0x5A,0x6B,0x18,0x63,0x5A,0x6B,0xFF,0x7F,0x00,0x00,0x9C,0x73,0x9C,0x73,0x9C,0x73,
	0x9C,0x73,0x9C,0x73,0x9C,0x73,0x9C,0x73,0x9C,0x73,0x9C,0x73,0x9C,0x73,0x9C,0x73,
	0x9C,0x73,0x9C,0x73,0x9C,0x73,0x9C,0x73,0x9C,0x73,0x9C,0x73,0x9C,0x73,0x9C,0x73,
	0x9C,0x73,0x9C,0x73,0x9C,0x73,0x9C,0x73,0x9C,0x73,0x9C,0x73,0x9C,0x73,0x9C,0x73,
	0x9C,0x73,0x9C,0x73,0x9C,0x73,0x9C,0x73,0x9C,0x73,0x9C,0x73,0x9C,0x73,0x9C,0x73,
	0x9C,0x73,0x9C,0x73,0x9C,0x73,0x9C,0x73,0x9C,0x73,0x9C,0x73,0x9C,0x73,0x9C,0x73,
	0xB5,0x56,0x9C,0x73,0x9C,0x73,0x9C,0x73,0x9C,0x73,0x9C,0x73,0x9C,0x73,0x9C,0x73,

	0x9C,0x73,0x9C,0x73,0x9C,0x73,0x9C,0x73,0x9C,0x73,0x9C,0x73,0x9C,0x73,0x9C,0x73,
	0x9C,0x73,0x9C,0x73,0x9C,0x73,0x9C,0x73,0x9C,0x73,0x9C,0x73,0x9C,0x73,0x9C,0x73,
	0xFF,0x7F,0xFF,0x7F,0xFF,0x7F,0xFF,0x7F,0xFF,0x7F,0xFF,0x7F,0xFF,0x7F,0xFF,0x7F,
	0xFF,0x7F,0xFF,0x7F,0xFF,0x7F,0xFF,0x7F,0xFF,0x7F,0xFF,0x7F,0xFF,0x7F,0xFF,0x7F,
	0xFF,0x7F,0xFF,0x7F,0xFF,0x7F,0xFF,0x7F,0xFF,0x7F,0xFF,0x7F,0xFF,0x7F,0xFF,0x7F,
	0xB5,0x56,0xFF,0x7F,0xFF,0x7F,0xFF,0x7F,0xFF,0x7F,0xFF,0x7F,0xFF,0x7F,0xFF,0x7F,
	0xFF,0x7F,0xFF,0x7F,0xFF,0x7F,0xFF,0x7F,0xFF,0x7F,0xFF,0x7F,0xFF,0x7F,0xFF,0x7F,
	0xFF,0x7F,0xFF,0x7F,0xFF,0x7F,0xFF,0x7F,0xFF,0x7F,0xFF,0x7F,0xFF,0x7F,0xFF,0x7F,

	0xFF,0x7F,0xFF,0x7F,0xFF,0x7F,0xFF,0x7F,0xFF,0x7F,0xFF,0x7F,0xFF,0x7F,0xFF,0x7F,
	0xFF,0x7F,0xFF,0x7F,0xFF,0x7F,0xFF,0x7F,0xFF,0x7F,0xFF,0x7F,0xFF,0x7F,0xFF,0x7F,
	0xFF,0x7F,0xFF,0x7F,0xFF,0x7F,0xFF,0x7F,0x00,0x00,0xFF,0x7F,0x18,0x63,0x5A,0x6B,
	0x18,0x63,0x5A,0x6B,0x18,0x63,0x5A,0x6B,0x18,0x63,0x5A,0x6B,0x18,0x63,0x5A,0x6B,
	0x18,0x63,0x5A,0x6B,0x18,0x63,0x5A,0x6B,0x18,0x63,0x5A,0x6B,0x18,0x63,0x5A,0x6B,
	0x18,0x63,0x5A,0x6B,0x18,0x63,0x5A,0x6B,0x18,0x63,0x5A,0x6B,0x18,0x63,0x5A,0x6B,
	0x18,0x63,0x5A,0x6B,0x18,0x63,0x5A,0x6B,0x18,0x63,0x5A,0x6B,0x18,0x63,0x5A,0x6B,
	0x18,0x63,0x5A,0x6B,0x18,0x63,0x5A,0x6B,0x18,0x63,0x5A,0x6B,0x18,0x63,0x5A,0x6B,

	0x18,0x63,0x5A,0x6B,0x18,0x63,0x5A,0x6B,0x18,0x63,0x5A,0x6B,0x18,0x63,0x5A,0x6B,
	0x18,0x63,0x5A,0x6B,0x18,0x63,0x5A,0x6B,0x18,0x63,0x5A,0x6B,0x18,0x63,0x5A,0x6B,
	0x18,0x63,0x5A,0x6B,0x18,0x63,0x5A,0x6B,0x18,0x63,0x5A,0x6B,0x18,0x63,0x5A,0x6B,
	0x18,0x63,0x5A,0x6B,0x18,0x63,0x5A,0x6B,0x18,0x63,0x5A,0x6B,0x18,0x63,0x5A,0x6B,
	0x73,0x4E,0x00,0x00,0x31,0x46,0x5A,0x6B,0x18,0x63,0x5A,0x6B,0x18,0x63,0x5A,0x6B,
	0x18,0x63,0x5A,0x6B,0x18,0x63,0x5A,0x6B,0x18,0x63,0x5A,0x6B,0x18,0x63,0x5A,0x6B,
	0x18,0x63,0x5A,0x6B,0x18,0x63,0x5A,0x6B,0x18,0x63,0x5A,0x6B,0x18,0x63,0x5A,0x6B,
	0x18,0x63,0x5A,0x6B,0x18,0x63,0xFF,0x7F,0x00,0x00,0xFF,0x7F,0xFF,0x7F,0xFF,0x7F,

	0xFF,0x7F,0xFF,0x7F,0xFF,0x7F,0xFF,0x7F,0xFF,0x7F,0xFF,0x7F,0xFF,0x7F,0xFF,0x7F,
	0xFF,0x7F,0xFF,0x7F,0xFF,0x7F,0xFF,0x7F,0xFF,0x7F,0xFF,0x7F,0xFF,0x7F,0xFF,0x7F,
	0xFF,0x7F,0xFF,0x7F,0xFF,0x7F,0xFF,0x7F,0xFF,0x7F,0xFF,0x7F,0xFF,0x7F,0xFF,0x7F,
	0xFF,0x7F,0xFF,0x7F,0xFF,0x7F,0xFF,0x7F,0xFF,0x7F,0xFF,0x7F,0xFF,0x7F,0xFF,0x7F,
	0xFF,0x7F,0xFF,0x7F,0xFF,0x7F,0xFF,0x7F,0xFF,0x7F,0xFF,0x7F,0xFF,0x7F,0xFF,0x7F,
	0xB5,0x56,0xFF,0x7F,0xFF,0x7F,0xFF,0x7F,0xFF,0x7F,0xFF,0x7F,0xFF,0x7F,0xFF,0x7F,
	0xFF,0x7F,0xFF,0x7F,0xFF,0x7F,0xFF,0x7F,0xFF,0x7F,0xFF,0x7F,0xFF,0x7F,0xFF,0x7F,
	0xFF,0x7F,0xFF,0x7F,0xFF,0x7F,0xFF,0x7F,0xFF,0x7F,0xFF,0x7F,0xFF,0x7F,0xFF,0x7F,

	0x9C,0x73,0x9C,0x73,0x9C,0x73,0x9C,0x73,0x9C,0x73,0x9C,0x73,0x9C,0x73,0x9C,0x73,
	0x9C,0x73,0x9C,0x73,0x9C,0x73,0x9C,0x73,0x9C,0x73,0x9C,0x73,0x9C,0x73,0x9C,0x73,
	0x9C,0x73,0x9C,0x73,0x9C,0x73,0x9C,0x73,0x9C,0x73,0x9C,0x73,0x9C,0x73,0x9C,0x73,
	0xB5,0x56,0x9C,0x73,0x9C,0x73,0x9C,0x73,0x9C,0x73,0x9C,0x73,0x9C,0x73,0x9C,0x73,
	0x9C,0x73,0x9C,0x73,0x9C,0x73,0x9C,0x73,0x9C,0x73,0x9C,0x73,0x9C,0x73,0x9C,0x73,
	0x9C,0x73,0x9C,0x73,0x9C,0x73,0x9C,0x73,0x9C,0x73,0x9C,0x73,0x9C,0x73,0x9C,0x73,
	0x9C,0x73,0x9C,0x73,0x9C,0x73,0x9C,0x73,0x9C,0x73,0x9C,0x73,0x9C,0x73,0x9C,0x73,
	0x9C,0x73,0x9C,0x73,0x9C,0x73,0x9C,0x73,0x9C,0x73,0x9C,0x73,0x9C,0x73,0x9C,0x73,

	0x9C,0x73,0x9C,0x73,0x9C,0x73,0x9C,0x73,0x00,0x00,0xFF,0x7F,0x5A,0x6B,0x18,0x63,
	0x5A,0x6B,0x18,0x63,0x5A,0x6B,0x18,0x63,0x5A,0x6B,0x18,0x63,0x5A,0x6B,0x18,0x63,
	0x5A,0x6B,0x18,0x63,0x5A,0x6B,0x18,0x63,0x5A,0x6B,0x18,0x63,0x5A,0x6B,0x18,0x63,
	0x5A,0x6B,0x18,0x63,0x5A,0x6B,0x18,0x63,0x5A,0x6B,0x18,0x63,0x5A,0x6B,0x18,0x63,
	0x5A,0x6B,0x18,0x63,0x5A,0x6B,0x18,0x63,0x5A,0x6B,0x18,0x63,0x5A,0x6B,0x18,0x63,
	0x5A,0x6B,0x18,0x63,0x5A,0x6B,0x18,0x63,0x5A,0x6B,0x18,0x63,0x5A,0x6B,0x18,0x63,
	0x5A,0x6B,0x18,0x63,0x5A,0x6B,0x18,0x63,0x5A,0x6B,0x18,0x63,0x5A,0x6B,0x18,0x63,
	0x5A,0x6B,0x18,0x63,0x5A,0x6B,0x18,0x63,0x5A,0x6B,0x18,0x63,0x5A,0x6B,0x18,0x63,

	0x5A,0x6B,0x18,0x63,0x5A,0x6B,0x18,0x63,0x5A,0x6B,0x18,0x63,0x5A,0x6B,0x18,0x63,
	0x5A,0x6B,0x18,0x63,0x5A,0x6B,0x18,0x63,0x5A,0x6B,0x18,0x63,0x5A,0x6B,0x18,0x63,
	0x5A,0x6B,0x18,0x63,0x5A,0x6B,0x18,0x63,0x5A,0x6B,0x18,0x63,0x5A,0x6B,0x18,0x63,
	0x5A,0x6B,0x18,0x63,0x5A,0x6B,0x18,0x63,0x5A,0x6B,0x18,0x63,0x5A,0x6B,0x18,0x63,
	0x5A,0x6B,0x18,0x63,0x5A,0x6B,0x18,0x63,0x5A,0x6B,0x18,0x63,0x5A,0x6B,0x18,0x63,
	0x5A,0x6B,0x18,0x63,0x5A,0x6B,0xFF,0x7F,0x00,0x00,0x9C,0x73,0x9C,0x73,0x9C,0x73,
	0x9C,0x73,0x9C,0x73,0x9C,0x73,0x9C,0x73,0x9C,0x73,0x9C,0x73,0x9C,0x73,0x9C,0x73,
	0x9C,0x73,0x9C,0x73,0x9C,0x73,0x9C,0x73,0x9C,0x73,0x9C,0x73,0x9C,0x73,0x9C,0x73,

	0x9C,0x73,0x9C,0x73,0x9C,0x73,0x9C,0x73,0x9C,0x73,0x9C,0x73,0x9C,0x73,0x9C,0x73,
	0x9C,0x73,0x9C,0x73,0x9C,0x73,0x9C,0x73,0x9C,0x73,0x9C,0x73,0x9C,0x73,0x9C,0x73,
	0x9C,0x73,0x9C,0x73,0x9C,0x73,0x9C,0x73,0x9C,0x73,0x9C,0x73,0x9C,0x73,0x9C,0x73,
	0xB5,0x56,0x9C,0x73,0x9C,0x73,0x9C,0x73,0x9C,0x73,0x9C,0x73,0x9C,0x73,0x9C,0x73,
	0x9C,0x73,0x9C,0x73,0x9C,0x73,0x9C,0x73,0x9C,0x73,0x9C,0x73,0x9C,0x73,0x9C,0x73,
	0x9C,0x73,0x9C,0x73,0x9C,0x73,0x9C,0x73,0x9C,0x73,0x9C,0x73,0x9C,0x73,0x9C,0x73,
	0xFF,0x7F,0xFF,0x7F,0xFF,0x7F,0xFF,0x7F,0xFF,0x7F,0xFF,0x7F,0xFF,0x7F,0xFF,0x7F,
	0xFF,0x7F,0xFF,0x7F,0xFF,0x7F,0xFF,0x7F,0xFF,0x7F,0xFF,0x7F,0xFF,0x7F,0xFF,0x7F,

	0xFF,0x7F,0xFF,0x7F,0xFF,0x7F,0xFF,0x7F,0xFF,0x7F,0xFF,0x7F,0xFF,0x7F,0xFF,0x7F,
	0xB5,0x56,0xFF,0x7F,0xFF,0x7F,0xFF,0x7F,0xFF,0x7F,0xFF,0x7F,0xFF,0x7F,0xFF,0x7F,
	0xFF,0x7F,0xFF,0x7F,0xFF,0x7F,0xFF,0x7F,0xFF,0x7F,0xFF,0x7F,0xFF,0x7F,0xFF,0x7F,
	0xFF,0x7F,0xFF,0x7F,0xFF,0x7F,0xFF,0x7F,0xFF,0x7F,0xFF,0x7F,0xFF,0x7F,0xFF,0x7F,
	0xFF,0x7F,0xFF,0x7F,0xFF,0x7F,0xFF,0x7F,0xFF,0x7F,0xFF,0x7F,0xFF,0x7F,0xFF,0x7F,
	0xFF,0x7F,0xFF,0x7F,0xFF,0x7F,0xFF,0x7F,0xFF,0x7F,0xFF,0x7F,0xFF,0x7F,0xFF,0x7F,
	0xFF,0x7F,0xFF,0x7F,0xFF,0x7F,0xFF,0x7F,0x00,0x00,0xFF,0x7F,0x18,0x63,0x5A,0x6B,
	0x18,0x63,0x5A,0x6B,0x18,0x63,0x5A,0x6B,0x18,0x63,0x5A,0x6B,0x18,0x63,0x5A,0x6B,

	0x18,0x63,0x5A,0x6B,0x18,0x63,0x5A,0x6B,0x18,0x63,0x5A,0x6B,0x18,0x63,0x5A,0x6B,
	0x18,0x63,0x5A,0x6B,0x18,0x63,0x5A,0x6B,0x18,0x63,0x5A,0x6B,0x18,0x63,0x5A,0x6B,
	0x18,0x63,0x5A,0x6B,0x18,0x63,0x5A,0x6B,0x18,0x63,0x5A,0x6B,0x18,0x63,0x5A,0x6B,
	0x18,0x63,0x5A,0x6B,0x18,0x63,0x5A,0x6B,0x18,0x63,0x5A,0x6B,0x18,0x63,0x5A,0x6B,
	0x18,0x63,0x5A,0x6B,0x18,0x63,0x5A,0x6B,0x18,0x63,0x5A,0x6B,0x18,0x63,0x5A,0x6B,
	0x18,0x63,0x5A,0x6B,0x18,0x63,0x5A,0x6B,0x18,0x63,0x5A,0x6B,0x18,0x63,0x5A,0x6B,
	0x18,0x63,0x5A,0x6B,0x18,0x63,0x5A,0x6B,0x18,0x63,0x5A,0x6B,0x18,0x63,0x5A,0x6B,
	0x18,0x63,0x5A,0x6B,0x18,0x63,0x5A,0x6B,0x18,0x63,0x5A,0x6B,0x18,0x63,0x5A,0x6B,

	0x18,0x63,0x5A,0x6B,0x18,0x63,0x5A,0x6B,0x18,0x63,0x5A,0x6B,0x18,0x63,0x5A,0x6B,
	0x18,0x63,0x5A,0x6B,0x18,0x63,0x5A,0x6B,0x18,0x63,0x5A,0x6B,0x18,0x63,0x5A,0x6B,
	0x18,0x63,0x5A,0x6B,0x18,0x63,0x5A,0x6B,0x18,0x63,0x5A,0x6B,0x18,0x63,0x5A,0x6B,
	0x18,0x63,0x5A,0x6B,0x18,0x63,0xFF,0x7F,0x00,0x00,0xFF,0x7F,0xFF,0x7F,0xFF,0x7F,
	0xFF,0x7F,0xFF,0x7F,0xFF,0x7F,0xFF,0x7F,0xFF,0x7F,0xFF,0x7F,0xFF,0x7F,0xFF,0x7F,
	0xFF,0x7F,0xFF,0x7F,0xFF,0x7F,0xFF,0x7F,0xFF,0x7F,0xFF,0x7F,0xFF,0x7F,0xFF,0x7F,
	0xFF,0x7F,0xFF,0x7F,0xFF,0x7F,0xFF,0x7F,0xFF,0x7F,0xFF,0x7F,0xFF,0x7F,0xFF,0x7F,
	0xFF,0x7F,0xFF,0x7F,0xFF,0x7F,0xFF,0x7F,0xFF,0x7F,0xFF,0x7F,0xFF,0x7F,0xFF,0x7F,

	0xFF,0x7F,0xFF,0x7F,0xFF,0x7F,0xFF,0x7F,0xFF,0x7F,0xFF,0x7F,0xFF,0x7F,0xFF,0x7F,
	0xB5,0x56,0xFF,0x7F,0xFF,0x7F,0xFF,0x7F,0xFF,0x7F,0xFF,0x7F,0xFF,0x7F,0xFF,0x7F,
	0xFF,0x7F,0xFF,0x7F,0xFF,0x7F,0xFF,0x7F,0xFF,0x7F,0xFF,0x7F,0xFF,0x7F,0xFF,0x7F,
	0xFF,0x7F,0xFF,0x7F,0xFF,0x7F,0xFF,0x7F,0xFF,0x7F,0xFF,0x7F,0xFF,0x7F,0xFF,0x7F,
	0x9C,0x73,0x9C,0x73,0x9C,0x73,0x9C,0x73,0x9C,0x73,0x9C,0x73,0x9C,0x73,0x9C,0x73,
	0x9C,0x73,0x9C,0x73,0x9C,0x73,0x9C,0x73,0x9C,0x73,0x9C,0x73,0x9C,0x73,0x9C,0x73,
	0x9C,0x73,0x9C,0x73,0x9C,0x73,0x9C,0x73,0x9C,0x73,0x9C,0x73,0x9C,0x73,0x9C,0x73,
	0xB5,0x56,0x9C,0x73,0x9C,0x73,0x9C,0x73,0x9C,0x73,0x9C,0x73,0x9C,0x73,0x9C,0x73,

	0x9C,0x73,0x9C,0x73,0x9C,0x73,0x9C,0x73,0x9C,0x73,0x9C,0x73,0x9C,0x73,0x9C,0x73,
	0x9C,0x73,0x9C,0x73,0x9C,0x73,0x9C,0x73,0x9C,0x73,0x9C,0x73,0x9C,0x73,0x9C,0x73,
	0x9C,0x73,0x9C,0x73,0x9C,0x73,0x9C,0x73,0x9C,0x73,0x9C,0x73,0x9C,0x73,0x9C,0x73,
	0x9C,0x73,0x9C,0x73,0x9C,0x73,0x9C,0x73,0x9C,0x73,0x9C,0x73,0x9C,0x73,0x9C,0x73,
	0x9C,0x73,0x9C,0x73,0x9C,0x73,0x9C,0x73,0x00,0x00,0xFF,0x7F,0x5A,0x6B,0x18,0x63,
	0x5A,0x6B,0x18,0x63,0x5A,0x6B,0x18,0x63,0x5A,0x6B,0x18,0x63,0x5A,0x6B,0x18,0x63,
	0x5A,0x6B,0x18,0x63,0x5A,0x6B,0x18,0x63,0x5A,0x6B,0x18,0x63,0x5A,0x6B,0x18,0x63,
	0x5A,0x6B,0x18,0x63,0x5A,0x6B,0x18,0x63,0x5A,0x6B,0x18,0x63,0x5A,0x6B,0x18,0x63,

	0x5A,0x6B,0x18,0x63,0x5A,0x6B,0x18,0x63,0x5A,0x6B,0x18,0x63,0x5A,0x6B,0x18,0x63,
	0x5A,0x6B,0x18,0x63,0x5A,0x6B,0x18,0x63,0x5A,0x6B,0x18,0x63,0x5A,0x6B,0x18,0x63,
	0x5A,0x6B,0x18,0x63,0x5A,0x6B,0x18,0x63,0x5A,0x6B,0x18,0x63,0x5A,0x6B,0x18,0x63,
	0x5A,0x6B,0x18,0x63,0x5A,0x6B,0x18,0x63,0x5A,0x6B,0x18,0x63,0x5A,0x6B,0x18,0x63,
	0x5A,0x6B,0x18,0x63,0x5A,0x6B,0x18,0x63,0x5A,0x6B,0x18,0x63,0x5A,0x6B,0x18,0x63,
	0x5A,0x6B,0x18,0x63,0x5A,0x6B,0x18,0x63,0x5A,0x6B,0x18,0x63,0x5A,0x6B,0x18,0x63,
	0x5A,0x6B,0x18,0x63,0x5A,0x6B,0x18,0x63,0x5A,0x6B,0x18,0x63,0x5A,0x6B,0x18,0x63,
	0x5A,0x6B,0x18,0x63,0x5A,0x6B,0x18,0x63,0x5A,0x6B,0x18,0x63,0x5A,0x6B,0x18,0x63,

	0x5A,0x6B,0x18,0x63,0x5A,0x6B,0x18,0x63,0x5A,0x6B,0x18,0x63,0x5A,0x6B,0x18,0x63,
	0x5A,0x6B,0x18,0x63,0x5A,0x6B,0xFF,0x7F,0x00,0x00,0x9C,0x73,0x9C,0x73,0x9C,0x73,
	0x9C,0x73,0x9C,0x73,0x9C,0x73,0x9C,0x73,0x9C,0x73,0x9C,0x73,0x9C,0x73,0x9C,0x73,
	0x9C,0x73,0x9C,0x73,0x9C,0x73,0x9C,0x73,0x9C,0x73,0x9C,0x73,0x9C,0x73,0x9C,0x73,
	0x9C,0x73,0x9C,0x73,0x9C,0x73,0x9C,0x73,0x9C,0x73,0x9C,0x73,0x9C,0x73,0x9C,0x73,
	0x9C,0x73,0x9C,0x73,0x9C,0x73,0x9C,0x73,0x9C,0x73,0x9C,0x73,0x9C,0x73,0x9C,0x73,
	0x9C,0x73,0x9C,0x73,0x9C,0x73,0x9C,0x73,0x9C,0x73,0x9C,0x73,0x9C,0x73,0x9C,0x73,
	0xB5,0x56,0x9C,0x73,0x9C,0x73,0x9C,0x73,0x9C,0x73,0x9C,0x73,0x9C,0x73,0x9C,0x73,

	0x9C,0x73,0x9C,0x73,0x9C,0x73,0x9C,0x73,0x9C,0x73,0x9C,0x73,0x9C,0x73,0x9C,0x73,
	0x9C,0x73,0x9C,0x73,0x9C,0x73,0x9C,0x73,0x9C,0x73,0x9C,0x73,0x9C,0x73,0x9C,0x73,
	0xFF,0x7F,0xFF,0x7F,0xFF,0x7F,0xFF,0x7F,0xFF,0x7F,0xFF,0x7F,0xFF,0x7F,0xFF,0x7F,
	0xFF,0x7F,0xFF,0x7F,0xFF,0x7F,0xFF,0x7F,0xFF,0x7F,0xFF,0x7F,0xFF,0x7F,0xFF,0x7F,
	0xFF,0x7F,0xFF,0x7F,0xFF,0x7F,0xFF,0x7F,0xFF,0x7F,0xFF,0x7F,0xFF,0x7F,0xFF,0x7F,
	0xB5,0x56,0xFF,0x7F,0xFF,0x7F,0xFF,0x7F,0xFF,0x7F,0xFF,0x7F,0xFF,0x7F,0xFF,0x7F,
	0xFF,0x7F,0xFF,0x7F,0xFF,0x7F,0xFF,0x7F,0xFF,0x7F,0xFF,0x7F,0xFF,0x7F,0xFF,0x7F,
	0xFF,0x7F,0xFF,0x7F,0xFF,0x7F,0xFF,0x7F,0xFF,0x7F,0xFF,0x7F,0xFF,0x7F,0xFF,0x7F,

	0xFF,0x7F,0xFF,0x7F,0xFF,0x7F,0xFF,0x7F,0xFF,0x7F,0xFF,0x7F,0xFF,0x7F,0xFF,0x7F,
	0xFF,0x7F,0xFF,0x7F,0xFF,0x7F,0xFF,0x7F,0xFF,0x7F,0xFF,0x7F,0xFF,0x7F,0xFF,0x7F,
	0xFF,0x7F,0xFF,0x7F,0xFF,0x7F,0xFF,0x7F,0x00,0x00,0xFF,0x7F,0x18,0x63,0x5A,0x6B,
	0x18,0x63,0x5A,0x6B,0x18,0x63,0x5A,0x6B,0x18,0x63,0x5A,0x6B,0x18,0x63,0x5A,0x6B,
	0x18,0x63,0x5A,0x6B,0x18,0x63,0x5A,0x6B,0x18,0x63,0x5A,0x6B,0x18,0x63,0x5A,0x6B,
	0x18,0x63,0x5A,0x6B,0x18,0x63,0x5A,0x6B,0x18,0x63,0x5A,0x6B,0x18,0x63,0x5A,0x6B,
	0x18,0x63,0x5A,0x6B,0x18,0x63,0x5A,0x6B,0x18,0x63,0x5A,0x6B,0x18,0x63,0x5A,0x6B,
	0x18,0x63,0x5A,0x6B,0x18,0x63,0x5A,0x6B,0x18,0x63,0x5A,0x6B,0x18,0x63,0x5A,0x6B,

	0x18,0x63,0x5A,0x6B,0x18,0x63,0x5A,0x6B,0x18,0x63,0x5A,0x6B,0x18,0x63,0x5A,0x6B,
	0x18,0x63,0x5A,0x6B,0x18,0x63,0x5A,0x6B,0x18,0x63,0x5A,0x6B,0x18,0x63,0x5A,0x6B,
	0x18,0x63,0x5A,0x6B,0x18,0x63,0x5A,0x6B,0x18,0x63,0x5A,0x6B,0x18,0x63,0x5A,0x6B,
	0x18,0x63,0x5A,0x6B,0x18,0x63,0x5A,0x6B,0x18,0x63,0x5A,0x6B,0x18,0x63,0x5A,0x6B,
	0x18,0x63,0x5A,0x6B,0x18,0x63,0x5A,0x6B,0x18,0x63,0x5A,0x6B,0x18,0x63,0x5A,0x6B,
	0x18,0x63,0x5A,0x6B,0x18,0x63,0x5A,0x6B,0x18,0x63,0x5A,0x6B,0x18,0x63,0x5A,0x6B,
	0x18,0x63,0x5A,0x6B,0x18,0x63,0x5A,0x6B,0x18,0x63,0x5A,0x6B,0x18,0x63,0x5A,0x6B,
	0x18,0x63,0x5A,0x6B,0x18,0x63,0xFF,0x7F,0x00,0x00,0xFF,0x7F,0xFF,0x7F,0xFF,0x7F,

	0xFF,0x7F,0xFF,0x7F,0xFF,0x7F,0xFF,0x7F,0xFF,0x7F,0xFF,0x7F,0xFF,0x7F,0xFF,0x7F,
	0xFF,0x7F,0xFF,0x7F,0xFF,0x7F,0xFF,0x7F,0xFF,0x7F,0xFF,0x7F,0xFF,0x7F,0xFF,0x7F,
	0xFF,0x7F,0xFF,0x7F,0xFF,0x7F,0xFF,0x7F,0xFF,0x7F,0xFF,0x7F,0xFF,0x7F,0xFF,0x7F,
	0xFF,0x7F,0xFF,0x7F,0xFF,0x7F,0xFF,0x7F,0xFF,0x7F,0xFF,0x7F,0xFF,0x7F,0xFF,0x7F,
	0xFF,0x7F,0xFF,0x7F,0xFF,0x7F,0xFF,0x7F,0xFF,0x7F,0xFF,0x7F,0xFF,0x7F,0xFF,0x7F,
	0xB5,0x56,0xFF,0x7F,0xFF,0x7F,0xFF,0x7F,0xFF,0x7F,0xFF,0x7F,0xFF,0x7F,0xFF,0x7F,
	0xFF,0x7F,0xFF,0x7F,0xFF,0x7F,0xFF,0x7F,0xFF,0x7F,0xFF,0x7F,0xFF,0x7F,0xFF,0x7F,
	0xFF,0x7F,0xFF,0x7F,0xFF,0x7F,0xFF,0x7F,0xFF,0x7F,0xFF,0x7F,0xFF,0x7F,0xFF,0x7F,

	0x9C,0x73,0x9C,0x73,0x9C,0x73,0x9C,0x73,0x9C,0x73,0x9C,0x73,0x9C,0x73,0x9C,0x73,
	0x9C,0x73,0x9C,0x73,0x9C,0x73,0x9C,0x73,0x9C,0x73,0x9C,0x73,0x9C,0x73,0x9C,0x73,
	0x9C,0x73,0x9C,0x73,0x9C,0x73,0x9C,0x73,0x9C,0x73,0x9C,0x73,0x9C,0x73,0x9C,0x73,
	0xB5,0x56,0x9C,0x73,0x9C,0x73,0x9C,0x73,0x9C,0x73,0x9C,0x73,0x9C,0x73,0x9C,0x73,
	0x9C,0x73,0x9C,0x73,0x9C,0x73,0x9C,0x73,0x9C,0x73,0x9C,0x73,0x9C,0x73,0x9C,0x73,
	0x9C,0x73,0x9C,0x73,0x9C,0x73,0x9C,0x73,0x9C,0x73,0x9C,0x73,0x9C,0x73,0x9C,0x73,
	0x9C,0x73,0x9C,0x73,0x9C,0x73,0x9C,0x73,0x9C,0x73,0x9C,0x73,0x9C,0x73,0x9C,0x73,
	0x9C,0x73,0x9C,0x73,0x9C,0x73,0x9C,0x73,0x9C,0x73,0x9C,0x73,0x9C,0x73,0x9C,0x73,

	0x9C,0x73,0x9C,0x73,0x9C,0x73,0x9C,0x73,0x00,0x00,0xFF,0x7F,0x18,0x63,0x18,0x63,
	0x18,0x63,0x18,0x63,0x18,0x63,0x18,0x63,0x18,0x63,0x18,0x63,0x18,0x63,0x18,0x63,
	0x18,0x63,0x18,0x63,0x18,0x63,0x18,0x63,0x18,0x63,0x18,0x63,0x18,0x63,0x18,0x63,
	0x18,0x63,0x18,0x63,0x18,0x63,0x18,0x63,0x18,0x63,0x18,0x63,0x18,0x63,0x18,0x63,
	0x18,0x63,0x18,0x63,0x18,0x63,0x18,0x63,0x18,0x63,0x18,0x63,0x18,0x63,0x18,0x63,
	0x18,0x63,0x18,0x63,0x18,0x63,0x18,0x63,0x18,0x63,0x18,0x63,0x18,0x63,0x18,0x63,
	0x18,0x63,0x18,0x63,0x18,0x63,0x18,0x63,0x18,0x63,0x18,0x63,0x18,0x63,0x18,0x63,
	0x18,0x63,0x18,0x63,0x18,0x63,0x18,0x63,0x18,0x63,0x18,0x63,0x18,0x63,0x18,0x63,

	0x18,0x63,0x18,0x63,0x18,0x63,0x18,0x63,0x18,0x63,0x18,0x63,0x18,0x63,0x18,0x63,
	0x18,0x63,0x18,0x63,0x18,0x63,0x18,0x63,0x18,0x63,0x18,0x63,0x18,0x63,0x18,0x63,
	0x18,0x63,0x18,0x63,0x18,0x63,0x18,0x63,0x18,0x63,0x18,0x63,0x18,0x63,0x18,0x63,
	0x18,0x63,0x18,0x63,0x18,0x63,0x18,0x63,0x18,0x63,0x18,0x63,0x18,0x63,0x18,0x63,
	0x18,0x63,0x18,0x63,0x18,0x63,0x18,0x63,0x18,0x63,0x18,0x63,0x18,0x63,0x18,0x63,
	0x18,0x63,0x18,0x63,0x18,0x63,0xFF,0x7F,0x00,0x00,0x9C,0x73,0x9C,0x73,0x9C,0x73,
	0x9C,0x73,0x9C,0x73,0x9C,0x73,0x9C,0x73,0x9C,0x73,0x9C,0x73,0x9C,0x73,0x9C,0x73,
	0x9C,0x73,0x9C,0x73,0x9C,0x73,0x9C,0x73,0x9C,0x73,0x9C,0x73,0x9C,0x73,0x9C,0x73,

	0x9C,0x73,0x9C,0x73,0x9C,0x73,0x9C,0x73,0x9C,0x73,0x9C,0x73,0x9C,0x73,0x9C,0x73,
	0x9C,0x73,0x9C,0x73,0x9C,0x73,0x9C,0x73,0x9C,0x73,0x9C,0x73,0x9C,0x73,0x9C,0x73,
	0x9C,0x73,0x9C,0x73,0x9C,0x73,0x9C,0x73,0x9C,0x73,0x9C,0x73,0x9C,0x73,0x9C,0x73,
	0xB5,0x56,0x9C,0x73,0x9C,0x73,0x9C,0x73,0x9C,0x73,0x9C,0x73,0x9C,0x73,0x9C,0x73,
	0x9C,0x73,0x9C,0x73,0x9C,0x73,0x9C,0x73,0x9C,0x73,0x9C,0x73,0x9C,0x73,0x9C,0x73,
	0x9C,0x73,0x9C,0x73,0x9C,0x73,0x9C,0x73,0x9C,0x73,0x9C,0x73,0x9C,0x73,0x9C,0x73,
	0xFF,0x7F,0xFF,0x7F,0xFF,0x7F,0xFF,0x7F,0xFF,0x7F,0xFF,0x7F,0xFF,0x7F,0xFF,0x7F,
	0xFF,0x7F,0xFF,0x7F,0xFF,0x7F,0xFF,0x7F,0xFF,0x7F,0xFF,0x7F,0xFF,0x7F,0xFF,0x7F,

	0xFF,0x7F,0xFF,0x7F,0xFF,0x7F,0xFF,0x7F,0xFF,0x7F,0xFF,0x7F,0xFF,0x7F,0xB5,0x56,
	0xB5,0x56,0xB5,0x56,0xFF,0x7F,0xFF,0x7F,0xFF,0x7F,0xFF,0x7F,0xFF,0x7F,0xFF,0x7F,
	0xFF,0x7F,0xFF,0x7F,0xFF,0x7F,0xFF,0x7F,0xFF,0x7F,0xFF,0x7F,0xFF,0x7F,0xFF,0x7F,
	0xFF,0x7F,0xFF,0x7F,0xFF,0x7F,0xFF,0x7F,0xFF,0x7F,0xFF,0x7F,0xFF,0x7F,0xFF,0x7F,
	0xFF,0x7F,0xFF,0x7F,0xFF,0x7F,0xFF,0x7F,0xFF,0x7F,0xFF,0x7F,0xFF,0x7F,0xFF,0x7F,
	0xFF,0x7F,0xFF,0x7F,0xFF,0x7F,0xFF,0x7F,0xFF,0x7F,0xFF,0x7F,0xFF,0x7F,0xFF,0x7F,
	0xFF,0x7F,0xFF,0x7F,0xFF,0x7F,0xFF,0x7F,0x00,0x00,0xFF,0x7F,0x18,0x63,0x18,0x63,
	0x18,0x63,0x18,0x63,0x18,0x63,0x18,0x63,0x18,0x63,0x18,0x63,0x18,0x63,0x18,0x63,

	0x18,0x63,0x18,0x63,0x18,0x63,0x18,0x63,0x18,0x63,0x18,0x63,0x18,0x63,0x18,0x63,
	0x18,0x63,0x18,0x63,0x18,0x63,0x18,0x63,0x18,0x63,0x18,0x63,0x18,0x63,0x18,0x63,
	0x18,0x63,0x18,0x63,0x18,0x63,0x18,0x63,0x18,0x63,0x18,0x63,0x18,0x63,0x18,0x63,
	0x18,0x63,0x18,0x63,0x18,0x63,0x18,0x63,0x18,0x63,0x18,0x63,0x18,0x63,0x18,0x63,
	0x18,0x63,0x18,0x63,0x18,0x63,0x18,0x63,0x18,0x63,0x18,0x63,0x18,0x63,0x18,0x63,
	0x18,0x63,0x18,0x63,0x18,0x63,0x18,0x63,0x18,0x63,0x18,0x63,0x18,0x63,0x18,0x63,
	0x18,0x63,0x18,0x63,0x18,0x63,0x18,0x63,0x18,0x63,0x18,0x63,0x18,0x63,0x18,0x63,
	0x18,0x63,0x18,0x63,0x18,0x63,0x18,0x63,0x18,0x63,0x18,0x63,0x18,0x63,0x18,0x63,

	0x18,0x63,0x18,0x63,0x18,0x63,0x18,0x63,0x18,0x63,0x18,0x63,0x18,0x63,0x18,0x63,
	0x18,0x63,0x18,0x63,0x18,0x63,0x18,0x63,0x18,0x63,0x18,0x63,0x18,0x63,0x18,0x63,
	0x18,0x63,0x18,0x63,0x18,0x63,0x18,0x63,0x18,0x63,0x18,0x63,0x18,0x63,0x18,0x63,
	0x18,0x63,0x18,0x63,0x18,0x63,0xFF,0x7F,0x00,0x00,0xFF,0x7F,0xFF,0x7F,0xFF,0x7F,
	0xFF,0x7F,0xFF,0x7F,0xFF,0x7F,0xFF,0x7F,0xFF,0x7F,0xFF,0x7F,0xFF,0x7F,0xFF,0x7F,
	0xFF,0x7F,0xFF,0x7F,0xFF,0x7F,0xFF,0x7F,0xFF,0x7F,0xFF,0x7F,0xFF,0x7F,0xFF,0x7F,
	0xFF,0x7F,0xFF,0x7F,0xFF,0x7F,0xFF,0x7F,0xFF,0x7F,0xFF,0x7F,0xFF,0x7F,0xFF,0x7F,
	0xFF,0x7F,0xFF,0x7F,0xFF,0x7F,0xFF,0x7F,0xFF,0x7F,0xFF,0x7F,0xFF,0x7F,0xFF,0x7F,

	0xFF,0x7F,0xFF,0x7F,0xFF,0x7F,0xFF,0x7F,0xFF,0x7F,0xFF,0x7F,0xFF,0x7F,0xB5,0x56,
	0xB5,0x56,0xB5,0x56,0xFF,0x7F,0xFF,0x7F,0xFF,0x7F,0xFF,0x7F,0xFF,0x7F,0xFF,0x7F,
	0xFF,0x7F,0xFF,0x7F,0xFF,0x7F,0xFF,0x7F,0xFF,0x7F,0xFF,0x7F,0xFF,0x7F,0xFF,0x7F,
	0xFF,0x7F,0xFF,0x7F,0xFF,0x7F,0xFF,0x7F,0xFF,0x7F,0xFF,0x7F,0xFF,0x7F,0xFF,0x7F,
	0xB5,0x56,0xB5,0x56,0xB5,0x56,0xB5,0x56,0xB5,0x56,0xB5,0x56,0xB5,0x56,0xB5,0x56,
	0xB5,0x56,0xB5,0x56,0xB5,0x56,0xB5,0x56,0xB5,0x56,0xB5,0x56,0xB5,0x56,0xB5,0x56,
	0xB5,0x56,0xB5,0x56,0xB5,0x56,0xB5,0x56,0xB5,0x56,0xB5,0x56,0xB5,0x56,0xB5,0x56,
	0xB5,0x56,0xB5,0x56,0xB5,0x56,0xB5,0x56,0xB5,0x56,0xB5,0x56,0xB5,0x56,0xB5,0x56,

	0xB5,0x56,0xB5,0x56,0xB5,0x56,0xB5,0x56,0xB5,0x56,0xB5,0x56,0xB5,0x56,0xB5,0x56,
	0xB5,0x56,0xB5,0x56,0xB5,0x56,0xB5,0x56,0xB5,0x56,0xB5,0x56,0xB5,0x56,0xB5,0x56,
	0xB5,0x56,0xB5,0x56,0xB5,0x56,0xB5,0x56,0xB5,0x56,0xB5,0x56,0xB5,0x56,0xB5,0x56,
	0xB5,0x56,0xB5,0x56,0xB5,0x56,0xB5,0x56,0xB5,0x56,0xB5,0x56,0xB5,0x56,0xB5,0x56,
	0xB5,0x56,0xB5,0x56,0xB5,0x56,0xB5,0x56,0x00,0x00,0xFF,0x7F,0x18,0x63,0x18,0x63,
	0x18,0x63,0x18,0x63,0x18,0x63,0x18,0x63,0x18,0x63,0x18,0x63,0x18,0x63,0x18,0x63,
	0x18,0x63,0x18,0x63,0x18,0x63,0x18,0x63,0x18,0x63,0x18,0x63,0x18,0x63,0x18,0x63,
	0x18,0x63,0x18,0x63,0x18,0x63,0x18,0x63,0x18,0x63,0x18,0x63,0x18,0x63,0x18,0x63,

	0x18,0x63,0x18,0x63,0x18,0x63,0x18,0x63,0x18,0x63,0x18,0x63,0x18,0x63,0x18,0x63,
	0x18,0x63,0x18,0x63,0x18,0x63,0x18,0x63,0x18,0x63,0x18,0x63,0x18,0x63,0x18,0x63,
	0x18,0x63,0x18,0x63,0x18,0x63,0x18,0x63,0x18,0x63,0x18,0x63,0x18,0x63,0x18,0x63,
	0x18,0x63,0x18,0x63,0x18,0x63,0x18,0x63,0x18,0x63,0x18,0x63,0x18,0x63,0x18,0x63,
	0x18,0x63,0x18,0x63,0x18,0x63,0x18,0x63,0x18,0x63,0x18,0x63,0x18,0x63,0x18,0x63,
	0x18,0x63,0x18,0x63,0x18,0x63,0x18,0x63,0x18,0x63,0x18,0x63,0x18,0x63,0x18,0x63,
	0x18,0x63,0x18,0x63,0x18,0x63,0x18,0x63,0x18,0x63,0x18,0x63,0x18,0x63,0x18,0x63,
	0x18,0x63,0x18,0x63,0x18,0x63,0x18,0x63,0x18,0x63,0x18,0x63,0x18,0x63,0x18,0x63,

	0x18,0x63,0x18,0x63,0x18,0x63,0x18,0x63,0x18,0x63,0x18,0x63,0x18,0x63,0x18,0x63,
	0x18,0x63,0x18,0x63,0x18,0x63,0xFF,0x7F,0x00,0x00,0xB5,0x56,0xB5,0x56,0xB5,0x56,
	0xB5,0x56,0xB5,0x56,0xB5,0x56,0xB5,0x56,0xB5,0x56,0xB5,0x56,0xB5,0x56,0xB5,0x56,
	0xB5,0x56,0xB5,0x56,0xB5,0x56,0xB5,0x56,0xB5,0x56,0xB5,0x56,0xB5,0x56,0xB5,0x56,
	0xB5,0x56,0xB5,0x56,0xB5,0x56,0xB5,0x56,0xB5,0x56,0xB5,0x56,0xB5,0x56,0xB5,0x56,
	0xB5,0x56,0xB5,0x56,0xB5,0x56,0xB5,0x56,0xB5,0x56,0xB5,0x56,0xB5,0x56,0xB5,0x56,
	0xB5,0x56,0xB5,0x56,0xB5,0x56,0xB5,0x56,0xB5,0x56,0xB5,0x56,0xB5,0x56,0xB5,0x56,
	0xB5,0x56,0xB5,0x56,0xB5,0x56,0xB5,0x56,0xB5,0x56,0xB5,0x56,0xB5,0x56,0xB5,0x56,

	0xB5,0x56,0xB5,0x56,0xB5,0x56,0xB5,0x56,0xB5,0x56,0xB5,0x56,0xB5,0x56,0xB5,0x56,
	0xB5,0x56,0xB5,0x56,0xB5,0x56,0xB5,0x56,0xB5,0x56,0xB5,0x56,0xB5,0x56,0xB5,0x56,
	0xFF,0x7F,0xFF,0x7F,0xFF,0x7F,0xFF,0x7F,0xFF,0x7F,0xFF,0x7F,0xFF,0x7F,0xFF,0x7F,
	0xFF,0x7F,0xFF,0x7F,0xFF,0x7F,0xFF,0x7F,0xFF,0x7F,0xFF,0x7F,0xFF,0x7F,0xFF,0x7F,
	0xFF,0x7F,0xFF,0x7F,0xFF,0x7F,0xFF,0x7F,0xFF,0x7F,0xFF,0x7F,0xFF,0x7F,0xB5,0x56,
	0xB5,0x56,0xB5,0x56,0xFF,0x7F,0xFF,0x7F,0xFF,0x7F,0xFF,0x7F,0xFF,0x7F,0xFF,0x7F,
	0xFF,0x7F,0xFF,0x7F,0xFF,0x7F,0xFF,0x7F,0xFF,0x7F,0xFF,0x7F,0xFF,0x7F,0xFF,0x7F,
	0xFF,0x7F,0xFF,0x7F,0xFF,0x7F,0xFF,0x7F,0xFF,0x7F,0xFF,0x7F,0xFF,0x7F,0xFF,0x7F,

	0xFF,0x7F,0xFF,0x7F,0xFF,0x7F,0xFF,0x7F,0xFF,0x7F,0xFF,0x7F,0xFF,0x7F,0xFF,0x7F,
	0xFF,0x7F,0xFF,0x7F,0xFF,0x7F,0xFF,0x7F,0xFF,0x7F,0xFF,0x7F,0xFF,0x7F,0xFF,0x7F,
	0xFF,0x7F,0xFF,0x7F,0xFF,0x7F,0xFF,0x7F,0x00,0x00,0xFF,0x7F,0x18,0x63,0x18,0x63,
	0x18,0x63,0x18,0x63,0x18,0x63,0x18,0x63,0x18,0x63,0x18,0x63,0x18,0x63,0x18,0x63,
	0x18,0x63,0x18,0x63,0x18,0x63,0x18,0x63,0x18,0x63,0x18,0x63,0x18,0x63,0x18,0x63,
	0x18,0x63,0x18,0x63,0x18,0x63,0x18,0x63,0x18,0x63,0x18,0x63,0x18,0x63,0x18,0x63,
	0x18,0x63,0x18,0x63,0x18,0x63,0x18,0x63,0x18,0x63,0x18,0x63,0x18,0x63,0x18,0x63,
	0x18,0x63,0x18,0x63,0x18,0x63,0x18,0x63,0x18,0x63,0x18,0x63,0x18,0x63,0x18,0x63,

	0x18,0x63,0x18,0x63,0x18,0x63,0x18,0x63,0x18,0x63,0x18,0x63,0x18,0x63,0x18,0x63,
	0x18,0x63,0x18,0x63,0x18,0x63,0x18,0x63,0x18,0x63,0x18,0x63,0x18,0x63,0x18,0x63,
	0x18,0x63,0x18,0x63,0x18,0x63,0x18,0x63,0x18,0x63,0x18,0x63,0x18,0x63,0x18,0x63,
	0x18,0x63,0x18,0x63,0x18,0x63,0x18,0x63,0x18,0x63,0x18,0x63,0x18,0x63,0x18,0x63,
	0x18,0x63,0x18,0x63,0x18,0x63,0x18,0x63,0x18,0x63,0x18,0x63,0x18,0x63,0x18,0x63,
	0x18,0x63,0x18,0x63,0x18,0x63,0x18,0x63,0x18,0x63,0x18,0x63,0x18,0x63,0x18,0x63,
	0x18,0x63,0x18,0x63,0x18,0x63,0x18,0x63,0x18,0x63,0x18,0x63,0x18,0x63,0x18,0x63,
	0x18,0x63,0x18,0x63,0x18,0x63,0xFF,0x7F,0x00,0x00,0xFF,0x7F,0xFF,0x7F,0xFF,0x7F,

	0xFF,0x7F,0xFF,0x7F,0xFF,0x7F,0xFF,0x7F,0xFF,0x7F,0xFF,0x7F,0xFF,0x7F,0xFF,0x7F,
	0xFF,0x7F,0xFF,0x7F,0xFF,0x7F,0xFF,0x7F,0xFF,0x7F,0xFF,0x7F,0xFF,0x7F,0xFF,0x7F,
	0xFF,0x7F,0xFF,0x7F,0xFF,0x7F,0xFF,0x7F,0xFF,0x7F,0xFF,0x7F,0xFF,0x7F,0xFF,0x7F,
	0xFF,0x7F,0xFF,0x7F,0xFF,0x7F,0xFF,0x7F,0xFF,0x7F,0xFF,0x7F,0xFF,0x7F,0xFF,0x7F,
	0xFF,0x7F,0xFF,0x7F,0xFF,0x7F,0xFF,0x7F,0xFF,0x7F,0xFF,0x7F,0xFF,0x7F,0xB5,0x56,
	0xB5,0x56,0xB5,0x56,0xFF,0x7F,0xFF,0x7F,0xFF,0x7F,0xFF,0x7F,0xFF,0x7F,0xFF,0x7F,
	0xFF,0x7F,0xFF,0x7F,0xFF,0x7F,0xFF,0x7F,0xFF,0x7F,0xFF,0x7F,0xFF,0x7F,0xFF,0x7F,
	0xFF,0x7F,0xFF,0x7F,0xFF,0x7F,0xFF,0x7F,0xFF,0x7F,0xFF,0x7F,0xFF,0x7F,0xFF,0x7F,

	0x9C,0x73,0x9C,0x73,0x9C,0x73,0x9C,0x73,0x9C,0x73,0x9C,0x73,0x9C,0x73,0x9C,0x73,
	0x9C,0x73,0x9C,0x73,0x9C,0x73,0x9C,0x73,0x9C,0x73,0x9C,0x73,0x9C,0x73,0x9C,0x73,
	0x9C,0x73,0x9C,0x73,0x9C,0x73,0x9C,0x73,0x9C,0x73,0x9C,0x73,0x9C,0x73,0x9C,0x73,
	0xB5,0x56,0x9C,0x73,0x9C,0x73,0x9C,0x73,0x9C,0x73,0x9C,0x73,0x9C,0x73,0x9C,0x73,
	0x9C,0x73,0x9C,0x73,0x9C,0x73,0x9C,0x73,0x9C,0x73,0x9C,0x73,0x9C,0x73,0x9C,0x73,
	0x9C,0x73,0x9C,0x73,0x9C,0x73,0x9C,0x73,0x9C,0x73,0x9C,0x73,0x9C,0x73,0x9C,0x73,
	0x9C,0x73,0x9C,0x73,0x9C,0x73,0x9C,0x73,0x9C,0x73,0x9C,0x73,0x9C,0x73,0x9C,0x73,
	0x9C,0x73,0x9C,0x73,0x9C,0x73,0x9C,0x73,0x9C,0x73,0x9C,0x73,0x9C,0x73,0x9C,0x73,

	0x9C,0x73,0x9C,0x73,0x9C,0x73,0x9C,0x73,0x00,0x00,0xFF,0x7F,0x18,0x63,0x18,0x63,
	0x18,0x63,0x18,0x63,0x18,0x63,0x18,0x63,0x18,0x63,0x18,0x63,0x18,0x63,0x18,0x63,
	0x18,0x63,0x18,0x63,0x18,0x63,0x18,0x63,0x18,0x63,0x18,0x63,0x18,0x63,0x18,0x63,
	0x18,0x63,0x18,0x63,0x18,0x63,0x18,0x63,0x18,0x63,0x18,0x63,0x18,0x63,0x18,0x63,
	0x18,0x63,0x18,0x63,0x18,0x63,0x18,0x63,0x18,0x63,0x18,0x63,0x18,0x63,0x18,0x63,
	0x18,0x63,0x18,0x63,0x18,0x63,0x18,0x63,0x18,0x63,0x18,0x63,0x18,0x63,0x18,0x63,
	0x18,0x63,0x18,0x63,0x18,0x63,0x18,0x63,0x18,0x63,0x18,0x63,0x18,0x63,0x18,0x63,
	0x18,0x63,0x18,0x63,0x18,0x63,0x18,0x63,0x18,0x63,0x18,0x63,0x18,0x63,0x18,0x63,

	0x18,0x63,0x18,0x63,0x18,0x63,0x18,0x63,0x18,0x63,0x18,0x63,0x18,0x63,0x18,0x63,
	0x18,0x63,0x18,0x63,0x18,0x63,0x18,0x63,0x18,0x63,0x18,0x63,0x18,0x63,0x18,0x63,
	0x18,0x63,0x18,0x63,0x18,0x63,0x18,0x63,0x18,0x63,0x18,0x63,0x18,0x63,0x18,0x63,
	0x18,0x63,0x18,0x63,0x18,0x63,0x18,0x63,0x18,0x63,0x18,0x63,0x18,0x63,0x18,0x63,
	0x18,0x63,0x18,0x63,0x18,0x63,0x18,0x63,0x18,0x63,0x18,0x63,0x18,0x63,0x18,0x63,
	0x18,0x63,0x18,0x63,0x18,0x63,0xFF,0x7F,0x00,0x00,0x9C,0x73,0x9C,0x73,0x9C,0x73,
	0x9C,0x73,0x9C,0x73,0x9C,0x73,0x9C,0x73,0x9C,0x73,0x9C,0x73,0x9C,0x73,0x9C,0x73,
	0x9C,0x73,0x9C,0x73,0x9C,0x73,0x9C,0x73,0x9C,0x73,0x9C,0x73,0x9C,0x73,0x9C,0x73,

	0x9C,0x73,0x9C,0x73,0x9C,0x73,0x9C,0x73,0x9C,0x73,0x9C,0x73,0x9C,0x73,0x9C,0x73,
	0x9C,0x73,0x9C,0x73,0x9C,0x73,0x9C,0x73,0x9C,0x73,0x9C,0x73,0x9C,0x73,0x9C,0x73,
	0x9C,0x73,0x9C,0x73,0x9C,0x73,0x9C,0x73,0x9C,0x73,0x9C,0x73,0x9C,0x73,0x9C,0x73,
	0xB5,0x56,0x9C,0x73,0x9C,0x73,0x9C,0x73,0x9C,0x73,0x9C,0x73,0x9C,0x73,0x9C,0x73,
	0x9C,0x73,0x9C,0x73,0x9C,0x73,0x9C,0x73,0x9C,0x73,0x9C,0x73,0x9C,0x73,0x9C,0x73,
	0x9C,0x73,0x9C,0x73,0x9C,0x73,0x9C,0x73,0x9C,0x73,0x9C,0x73,0x9C,0x73,0x9C,0x73,
	0xFF,0x7F,0xFF,0x7F,0xFF,0x7F,0xFF,0x7F,0xFF,0x7F,0xFF,0x7F,0xFF,0x7F,0xFF,0x7F,
	0xFF,0x7F,0xFF,0x7F,0xFF,0x7F,0xFF,0x7F,0xFF,0x7F,0xFF,0x7F,0xFF,0x7F,0xFF,0x7F,

	0xFF,0x7F,0xFF,0x7F,0xFF,0x7F,0xFF,0x7F,0xFF,0x7F,0xFF,0x7F,0xFF,0x7F,0xFF,0x7F,
	0xB5,0x56,0xFF,0x7F,0xFF,0x7F,0xFF,0x7F,0xFF,0x7F,0xFF,0x7F,0xFF,0x7F,0xFF,0x7F,
	0xFF,0x7F,0xFF,0x7F,0xFF,0x7F,0xFF,0x7F,0xFF,0x7F,0xFF,0x7F,0xFF,0x7F,0xFF,0x7F,
	0xFF,0x7F,0xFF,0x7F,0xFF,0x7F,0xFF,0x7F,0xFF,0x7F,0xFF,0x7F,0xFF,0x7F,0xFF,0x7F,
	0xFF,0x7F,0xFF,0x7F,0xFF,0x7F,0xFF,0x7F,0xFF,0x7F,0xFF,0x7F,0xFF,0x7F,0xFF,0x7F,
	0xFF,0x7F,0xFF,0x7F,0xFF,0x7F,0xFF,0x7F,0xFF,0x7F,0xFF,0x7F,0xFF,0x7F,0xFF,0x7F,
	0xFF,0x7F,0xFF,0x7F,0xFF,0x7F,0xFF,0x7F,0x00,0x00,0xFF,0x7F,0x18,0x63,0x18,0x63,
	0x18,0x63,0x18,0x63,0x18,0x63,0x18,0x63,0x18,0x63,0x18,0x63,0x18,0x63,0x18,0x63,

	0x18,0x63,0x18,0x63,0x18,0x63,0x18,0x63,0x18,0x63,0x18,0x63,0x18,0x63,0x18,0x63,
	0x18,0x63,0x18,0x63,0x18,0x63,0x18,0x63,0x18,0x63,0x18,0x63,0x18,0x63,0x18,0x63,
	0x18,0x63,0x18,0x63,0x18,0x63,0x18,0x63,0x18,0x63,0x18,0x63,0x18,0x63,0x18,0x63,
	0x18,0x63,0x18,0x63,0x18,0x63,0x18,0x63,0x18,0x63,0x18,0x63,0x18,0x63,0x18,0x63,
	0x18,0x63,0x18,0x63,0x18,0x63,0x18,0x63,0x18,0x63,0x18,0x63,0x18,0x63,0x18,0x63,
	0x18,0x63,0x18,0x63,0x18,0x63,0x18,0x63,0x18,0x63,0x18,0x63,0x18,0x63,0x18,0x63,
	0x18,0x63,0x18,0x63,0x18,0x63,0x18,0x63,0x18,0x63,0x18,0x63,0x18,0x63,0x18,0x63,
	0x18,0x63,0x18,0x63,0x18,0x63,0x18,0x63,0x18,0x63,0x18,0x63,0x18,0x63,0x18,0x63,

	0x18,0x63,0x18,0x63,0x18,0x63,0x18,0x63,0x18,0x63,0x18,0x63,0x18,0x63,0x18,0x63,
	0x18,0x63,0x18,0x63,0x18,0x63,0x18,0x63,0x18,0x63,0x18,0x63,0x18,0x63,0x18,0x63,
	0x18,0x63,0x18,0x63,0x18,0x63,0x18,0x63,0x18,0x63,0x18,0x63,0x18,0x63,0x18,0x63,
	0x18,0x63,0x18,0x63,0x18,0x63,0xFF,0x7F,0x00,0x00,0xFF,0x7F,0xFF,0x7F,0xFF,0x7F,
	0xFF,0x7F,0xFF,0x7F,0xFF,0x7F,0xFF,0x7F,0xFF,0x7F,0xFF,0x7F,0xFF,0x7F,0xFF,0x7F,
	0xFF,0x7F,0xFF,0x7F,0xFF,0x7F,0xFF,0x7F,0xFF,0x7F,0xFF,0x7F,0xFF,0x7F,0xFF,0x7F,
	0xFF,0x7F,0xFF,0x7F,0xFF,0x7F,0xFF,0x7F,0xFF,0x7F,0xFF,0x7F,0xFF,0x7F,0xFF,0x7F,
	0xFF,0x7F,0xFF,0x7F,0xFF,0x7F,0xFF,0x7F,0xFF,0x7F,0xFF,0x7F,0xFF,0x7F,0xFF,0x7F,

	0xFF,0x7F,0xFF,0x7F,0xFF,0x7F,0xFF,0x7F,0xFF,0x7F,0xFF,0x7F,0xFF,0x7F,0xFF,0x7F,
	0xB5,0x56,0xFF,0x7F,0xFF,0x7F,0xFF,0x7F,0xFF,0x7F,0xFF,0x7F,0xFF,0x7F,0xFF,0x7F,
	0xFF,0x7F,0xFF,0x7F,0xFF,0x7F,0xFF,0x7F,0xFF,0x7F,0xFF,0x7F,0xFF,0x7F,0xFF,0x7F,
	0xFF,0x7F,0xFF,0x7F,0xFF,0x7F,0xFF,0x7F,0xFF,0x7F,0xFF,0x7F,0xFF,0x7F,0xFF,0x7F,
	0x9C,0x73,0x9C,0x73,0x9C,0x73,0x9C,0x73,0x9C,0x73,0x9C,0x73,0x9C,0x73,0x9C,0x73,
	0x9C,0x73,0x9C,0x73,0x9C,0x73,0x9C,0x73,0x9C,0x73,0x9C,0x73,0x9C,0x73,0x9C,0x73,
	0x9C,0x73,0x9C,0x73,0x9C,0x73,0x9C,0x73,0x9C,0x73,0x9C,0x73,0x9C,0x73,0x9C,0x73,
	0xB5,0x56,0x9C,0x73,0x9C,0x73,0x9C,0x73,0x9C,0x73,0x9C,0x73,0x9C,0x73,0x9C,0x73,

	0x9C,0x73,0x9C,0x73,0x9C,0x73,0x9C,0x73,0x9C,0x73,0x9C,0x73,0x9C,0x73,0x9C,0x73,
	0x9C,0x73,0x9C,0x73,0x9C,0x73,0x9C,0x73,0x9C,0x73,0x9C,0x73,0x9C,0x73,0x9C,0x73,
	0x9C,0x73,0x9C,0x73,0x9C,0x73,0x9C,0x73,0x9C,0x73,0x9C,0x73,0x9C,0x73,0x9C,0x73,
	0x9C,0x73,0x9C,0x73,0x9C,0x73,0x9C,0x73,0x9C,0x73,0x9C,0x73,0x9C,0x73,0x9C,0x73,
	0x9C,0x73,0x9C,0x73,0x9C,0x73,0x9C,0x73,0x00,0x00,0xFF,0x7F,0x18,0x63,0x18,0x63,
	0x18,0x63,0x18,0x63,0x18,0x63,0x18,0x63,0x18,0x63,0x18,0x63,0x18,0x63,0x18,0x63,
	0x18,0x63,0x18,0x63,0x18,0x63,0x18,0x63,0x18,0x63,0x18,0x63,0x18,0x63,0x18,0x63,
	0x18,0x63,0x18,0x63,0x18,0x63,0x18,0x63,0x18,0x63,0x18,0x63,0x18,0x63,0x18,0x63,

	0x18,0x63,0x18,0x63,0x18,0x63,0x18,0x63,0x18,0x63,0x18,0x63,0x18,0x63,0x18,0x63,
	0x18,0x63,0x18,0x63,0x18,0x63,0x18,0x63,0x18,0x63,0x18,0x63,0x18,0x63,0x18,0x63,
	0x18,0x63,0x18,0x63,0x18,0x63,0x18,0x63,0x18,0x63,0x18,0x63,0x18,0x63,0x18,0x63,
	0x18,0x63,0x18,0x63,0x18,0x63,0x18,0x63,0x18,0x63,0x18,0x63,0x18,0x63,0x18,0x63,
	0x18,0x63,0x18,0x63,0x18,0x63,0x18,0x63,0x18,0x63,0x18,0x63,0x18,0x63,0x18,0x63,
	0x18,0x63,0x18,0x63,0x18,0x63,0x18,0x63,0x18,0x63,0x18,0x63,0x18,0x63,0x18,0x63,
	0x18,0x63,0x18,0x63,0x18,0x63,0x18,0x63,0x18,0x63,0x18,0x63,0x18,0x63,0x18,0x63,
	0x18,0x63,0x18,0x63,0x18,0x63,0x18,0x63,0x18,0x63,0x18,0x63,0x18,0x63,0x18,0x63,

	0x18,0x63,0x18,0x63,0x18,0x63,0x18,0x63,0x18,0x63,0x18,0x63,0x18,0x63,0x18,0x63,
	0x18,0x63,0x18,0x63,0x18,0x63,0xFF,0x7F,0x00,0x00,0x9C,0x73,0x9C,0x73,0x9C,0x73,
	0x9C,0x73,0x9C,0x73,0x9C,0x73,0x9C,0x73,0x9C,0x73,0x9C,0x73,0x9C,0x73,0x9C,0x73,
	0x9C,0x73,0x9C,0x73,0x9C,0x73,0x9C,0x73,0x9C,0x73,0x9C,0x73,0x9C,0x73,0x9C,0x73,
	0x9C,0x73,0x9C,0x73,0x9C,0x73,0x9C,0x73,0x9C,0x73,0x9C,0x73,0x9C,0x73,0x9C,0x73,
	0x9C,0x73,0x9C,0x73,0x9C,0x73,0x9C,0x73,0x9C,0x73,0x9C,0x73,0x9C,0x73,0x9C,0x73,
	0x9C,0x73,0x9C,0x73,0x9C,0x73,0x9C,0x73,0x9C,0x73,0x9C,0x73,0x9C,0x73,0x9C,0x73,
	0xB5,0x56,0x9C,0x73,0x9C,0x73,0x9C,0x73,0x9C,0x73,0x9C,0x73,0x9C,0x73,0x9C,0x73,

	0x9C,0x73,0x9C,0x73,0x9C,0x73,0x9C,0x73,0x9C,0x73,0x9C,0x73,0x9C,0x73,0x9C,0x73,
	0x9C,0x73,0x9C,0x73,0x9C,0x73,0x9C,0x73,0x9C,0x73,0x9C,0x73,0x9C,0x73,0x9C,0x73,
	0xFF,0x7F,0xFF,0x7F,0xFF,0x7F,0xFF,0x7F,0xFF,0x7F,0xFF,0x7F,0xFF,0x7F,0xFF,0x7F,
	0xFF,0x7F,0xFF,0x7F,0xFF,0x7F,0xFF,0x7F,0xFF,0x7F,0xFF,0x7F,0xFF,0x7F,0xFF,0x7F,
	0xFF,0x7F,0xFF,0x7F,0xFF,0x7F,0xFF,0x7F,0xFF,0x7F,0xFF,0x7F,0xFF,0x7F,0xFF,0x7F,
	0xB5,0x56,0xFF,0x7F,0xFF,0x7F,0xFF,0x7F,0xFF,0x7F,0xFF,0x7F,0xFF,0x7F,0xFF,0x7F,
	0xFF,0x7F,0xFF,0x7F,0xFF,0x7F,0xFF,0x7F,0xFF,0x7F,0xFF,0x7F,0xFF,0x7F,0xFF,0x7F,
	0xFF,0x7F,0xFF,0x7F,0xFF,0x7F,0xFF,0x7F,0xFF,0x7F,0xFF,0x7F,0xFF,0x7F,0xFF,0x7F,

	0xFF,0x7F,0xFF,0x7F,0xFF,0x7F,0xFF,0x7F,0xFF,0x7F,0xFF,0x7F,0xFF,0x7F,0xFF,0x7F,
	0xFF,0x7F,0xFF,0x7F,0xFF,0x7F,0xFF,0x7F,0xFF,0x7F,0xFF,0x7F,0xFF,0x7F,0xFF,0x7F,
	0xFF,0x7F,0xFF,0x7F,0xFF,0x7F,0xFF,0x7F,0x00,0x00,0xFF,0x7F,0xFF,0x7F,0xFF,0x7F,
	0xFF,0x7F,0xFF,0x7F,0xFF,0x7F,0xFF,0x7F,0xFF,0x7F,0xFF,0x7F,0xFF,0x7F,0xFF,0x7F,
	0xFF,0x7F,0xFF,0x7F,0xFF,0x7F,0xFF,0x7F,0xFF,0x7F,0xFF,0x7F,0xFF,0x7F,0xFF,0x7F,
	0xFF,0x7F,0xFF,0x7F,0xFF,0x7F,0xFF,0x7F,0xFF,0x7F,0xFF,0x7F,0xFF,0x7F,0xFF,0x7F,
	0xFF,0x7F,0xFF,0x7F,0xFF,0x7F,0xFF,0x7F,0xFF,0x7F,0xFF,0x7F,0xFF,0x7F,0xFF,0x7F,
	0xFF,0x7F,0xFF,0x7F,0xFF,0x7F,0xFF,0x7F,0xFF,0x7F,0xFF,0x7F,0xFF,0x7F,0xFF,0x7F,

	0xFF,0x7F,0xFF,0x7F,0xFF,0x7F,0xFF,0x7F,0xFF,0x7F,0xFF,0x7F,0xFF,0x7F,0xFF,0x7F,
	0xFF,0x7F,0xFF,0x7F,0xFF,0x7F,0xFF,0x7F,0xFF,0x7F,0xFF,0x7F,0xFF,0x7F,0xFF,0x7F,
	0xFF,0x7F,0xFF,0x7F,0xFF,0x7F,0xFF,0x7F,0xFF,0x7F,0xFF,0x7F,0xFF,0x7F,0xFF,0x7F,
	0xFF,0x7F,0xFF,0x7F,0xFF,0x7F,0xFF,0x7F,0xFF,0x7F,0xFF,0x7F,0xFF,0x7F,0xFF,0x7F,
	0xFF,0x7F,0xFF,0x7F,0xFF,0x7F,0xFF,0x7F,0xFF,0x7F,0xFF,0x7F,0xFF,0x7F,0xFF,0x7F,
	0xFF,0x7F,0xFF,0x7F,0xFF,0x7F,0xFF,0x7F,0xFF,0x7F,0xFF,0x7F,0xFF,0x7F,0xFF,0x7F,
	0xFF,0x7F,0xFF,0x7F,0xFF,0x7F,0xFF,0x7F,0xFF,0x7F,0xFF,0x7F,0xFF,0x7F,0xFF,0x7F,
	0xFF,0x7F,0xFF,0x7F,0xFF,0x7F,0xFF,0x7F,0x00,0x00,0xFF,0x7F,0xFF,0x7F,0xFF,0x7F,

	0xFF,0x7F,0xFF,0x7F,0xFF,0x7F,0xFF,0x7F,0xFF,0x7F,0xFF,0x7F,0xFF,0x7F,0xFF,0x7F,
	0xFF,0x7F,0xFF,0x7F,0xFF,0x7F,0xFF,0x7F,0xFF,0x7F,0xFF,0x7F,0xFF,0x7F,0xFF,0x7F,
	0xFF,0x7F,0xFF,0x7F,0xFF,0x7F,0xFF,0x7F,0xFF,0x7F,0xFF,0x7F,0xFF,0x7F,0xFF,0x7F,
	0xFF,0x7F,0xFF,0x7F,0xFF,0x7F,0xFF,0x7F,0xFF,0x7F,0xFF,0x7F,0xFF,0x7F,0xFF,0x7F,
	0xFF,0x7F,0xFF,0x7F,0xFF,0x7F,0xFF,0x7F,0xFF,0x7F,0xFF,0x7F,0xFF,0x7F,0xFF,0x7F,
	0xB5,0x56,0xFF,0x7F,0xFF,0x7F,0xFF,0x7F,0xFF,0x7F,0xFF,0x7F,0xFF,0x7F,0xFF,0x7F,
	0xFF,0x7F,0xFF,0x7F,0xFF,0x7F,0xFF,0x7F,0xFF,0x7F,0xFF,0x7F,0xFF,0x7F,0xFF,0x7F,
	0xFF,0x7F,0xFF,0x7F,0xFF,0x7F,0xFF,0x7F,0xFF,0x7F,0xFF,0x7F,0xFF,0x7F,0xFF,0x7F,

	0x9C,0x73,0x9C,0x73,0x9C,0x73,0x9C,0x73,0x9C,0x73,0x9C,0x73,0x9C,0x73,0x9C,0x73,
	0x9C,0x73,0x9C,0x73,0x9C,0x73,0x9C,0x73,0x9C,0x73,0x9C,0x73,0x9C,0x73,0x9C,0x73,
	0x9C,0x73,0x9C,0x73,0x9C,0x73,0x9C,0x73,0x9C,0x73,0x9C,0x73,0x9C,0x73,0x9C,0x73,
	0xB5,0x56,0x9C,0x73,0x9C,0x73,0x9C,0x73,0x9C,0x73,0x9C,0x73,0x9C,0x73,0x9C,0x73,
	0x9C,0x73,0x9C,0x73,0x9C,0x73,0x9C,0x73,0x9C,0x73,0x9C,0x73,0x9C,0x73,0x9C,0x73,
	0x9C,0x73,0x9C,0x73,0x9C,0x73,0x9C,0x73,0x9C,0x73,0x9C,0x73,0x9C,0x73,0x9C,0x73,
	0x9C,0x73,0x9C,0x73,0x9C,0x73,0x9C,0x73,0x9C,0x73,0x9C,0x73,0x9C,0x73,0x9C,0x73,
	0x9C,0x73,0x9C,0x73,0x9C,0x73,0x9C,0x73,0x9C,0x73,0x9C,0x73,0x9C,0x73,0x9C,0x73,

	0x9C,0x73,0x9C,0x73,0x9C,0x73,0x9C,0x73,0x00,0x00,0x00,0x00,0x00,0x00,0x00,0x00,
	0x00,0x00,0x00,0x00,0x00,0x00,0x00,0x00,0x00,0x00,0x00,0x00,0x00,0x00,0x00,0x00,
	0x00,0x00,0x00,0x00,0x00,0x00,0x00,0x00,0x00,0x00,0x00,0x00,0x00,0x00,0x00,0x00,
	0x00,0x00,0x00,0x00,0x00,0x00,0x00,0x00,0x00,0x00,0x00,0x00,0x00,0x00,0x00,0x00,
	0x00,0x00,0x00,0x00,0x00,0x00,0x00,0x00,0x00,0x00,0x00,0x00,0x00,0x00,0x00,0x00,
	0x00,0x00,0x00,0x00,0x00,0x00,0x00,0x00,0x00,0x00,0x00,0x00,0x00,0x00,0x00,0x00,
	0x00,0x00,0x00,0x00,0x00,0x00,0x00,0x00,0x00,0x00,0x00,0x00,0x00,0x00,0x00,0x00,
	0x00,0x00,0x00,0x00,0x00,0x00,0x00,0x00,0x00,0x00,0x00,0x00,0x00,0x00,0x00,0x00,

	0x00,0x00,0x00,0x00,0x00,0x00,0x00,0x00,0x00,0x00,0x00,0x00,0x00,0x00,0x00,0x00,
	0x00,0x00,0x00,0x00,0x00,0x00,0x00,0x00,0x00,0x00,0x00,0x00,0x00,0x00,0x00,0x00,
	0x00,0x00,0x00,0x00,0x00,0x00,0x00,0x00,0x00,0x00,0x00,0x00,0x00,0x00,0x00,0x00,
	0x00,0x00,0x00,0x00,0x00,0x00,0x00,0x00,0x00,0x00,0x00,0x00,0x00,0x00,0x00,0x00,
	0x00,0x00,0x00,0x00,0x00,0x00,0x00,0x00,0x00,0x00,0x00,0x00,0x00,0x00,0x00,0x00,
	0x00,0x00,0x00,0x00,0x00,0x00,0x00,0x00,0x00,0x00,0x9C,0x73,0x9C,0x73,0x9C,0x73,
	0x9C,0x73,0x9C,0x73,0x9C,0x73,0x9C,0x73,0x9C,0x73,0x9C,0x73,0x9C,0x73,0x9C,0x73,
	0x9C,0x73,0x9C,0x73,0x9C,0x73,0x9C,0x73,0x9C,0x73,0x9C,0x73,0x9C,0x73,0x9C,0x73,

	0x9C,0x73,0x9C,0x73,0x9C,0x73,0x9C,0x73,0x9C,0x73,0x9C,0x73,0x9C,0x73,0x9C,0x73,
	0x9C,0x73,0x9C,0x73,0x9C,0x73,0x9C,0x73,0x9C,0x73,0x9C,0x73,0x9C,0x73,0x9C,0x73,
	0x9C,0x73,0x9C,0x73,0x9C,0x73,0x9C,0x73,0x9C,0x73,0x9C,0x73,0x9C,0x73,0x9C,0x73,
	0xB5,0x56,0x9C,0x73,0x9C,0x73,0x9C,0x73,0x9C,0x73,0x9C,0x73,0x9C,0x73,0x9C,0x73,
	0x9C,0x73,0x9C,0x73,0x9C,0x73,0x9C,0x73,0x9C,0x73,0x9C,0x73,0x9C,0x73,0x9C,0x73,
	0x9C,0x73,0x9C,0x73,0x9C,0x73,0x9C,0x73,0x9C,0x73,0x9C,0x73,0x9C,0x73,0x9C,0x73,
	0xFF,0x7F,0xFF,0x7F,0xFF,0x7F,0xFF,0x7F,0xFF,0x7F,0xFF,0x7F,0xFF,0x7F,0xFF,0x7F,
	0xFF,0x7F,0xFF,0x7F,0xFF,0x7F,0xFF,0x7F,0xFF,0x7F,0xFF,0x7F,0xFF,0x7F,0xFF,0x7F,

	0xFF,0x7F,0xFF,0x7F,0xFF,0x7F,0xFF,0x7F,0xFF,0x7F,0xFF,0x7F,0xFF,0x7F,0xFF,0x7F,
	0xB5,0x56,0xFF,0x7F,0xFF,0x7F,0xFF,0x7F,0xFF,0x7F,0xFF,0x7F,0xFF,0x7F,0xFF,0x7F,
	0xFF,0x7F,0xFF,0x7F,0xFF,0x7F,0xFF,0x7F,0xFF,0x7F,0xFF,0x7F,0xFF,0x7F,0xFF,0x7F,
	0xFF,0x7F,0xFF,0x7F,0xFF,0x7F,0xFF,0x7F,0xFF,0x7F,0xFF,0x7F,0xFF,0x7F,0xFF,0x7F,
	0xFF,0x7F,0xFF,0x7F,0xFF,0x7F,0xFF,0x7F,0xFF,0x7F,0xFF,0x7F,0xFF,0x7F,0xFF,0x7F,
	0xFF,0x7F,0xFF,0x7F,0xFF,0x7F,0xFF,0x7F,0xFF,0x7F,0xFF,0x7F,0xFF,0x7F,0xFF,0x7F,
	0xFF,0x7F,0xFF,0x7F,0xFF,0x7F,0xFF,0x7F,0xFF,0x7F,0xFF,0x7F,0xFF,0x7F,0xFF,0x7F,
	0xB5,0x56,0xFF,0x7F,0xFF,0x7F,0xFF,0x7F,0xFF,0x7F,0xFF,0x7F,0xFF,0x7F,0xFF,0x7F,

	0xFF,0x7F,0xFF,0x7F,0xFF,0x7F,0xFF,0x7F,0x00,0x00,0xFF,0x7F,0xFF,0x7F,0xFF,0x7F,
	0xFF,0x7F,0xFF,0x7F,0xFF,0x7F,0xFF,0x7F,0xFF,0x7F,0xFF,0x7F,0xFF,0x7F,0xFF,0x7F,
	0xFF,0x7F,0xFF,0x7F,0xFF,0x7F,0xFF,0x7F,0xFF,0x7F,0xFF,0x7F,0xFF,0x7F,0xFF,0x7F,
	0xFF,0x7F,0xFF,0x7F,0xFF,0x7F,0xFF,0x7F,0xFF,0x7F,0xFF,0x7F,0xFF,0x7F,0xFF,0x7F,
	0xFF,0x7F,0xFF,0x7F,0xFF,0x7F,0xFF,0x7F,0xFF,0x7F,0xFF,0x7F,0xFF,0x7F,0xFF,0x7F,
	0xFF,0x7F,0xFF,0x7F,0xFF,0x7F,0xFF,0x7F,0xFF,0x7F,0xFF,0x7F,0xFF,0x7F,0xFF,0x7F,
	0xFF,0x7F,0xFF,0x7F,0xFF,0x7F,0xFF,0x7F,0xFF,0x7F,0xFF,0x7F,0xFF,0x7F,0xFF,0x7F,
	0xFF,0x7F,0xFF,0x7F,0xFF,0x7F,0xFF,0x7F,0xFF,0x7F,0xFF,0x7F,0xFF,0x7F,0xFF,0x7F,

	0xFF,0x7F,0xFF,0x7F,0xFF,0x7F,0xFF,0x7F,0xFF,0x7F,0xFF,0x7F,0xFF,0x7F,0xFF,0x7F,
	0xFF,0x7F,0xFF,0x7F,0xFF,0x7F,0xFF,0x7F,0x00,0x00,0xFF,0x7F,0xFF,0x7F,0xFF,0x7F,
	0xFF,0x7F,0xFF,0x7F,0xFF,0x7F,0xFF,0x7F,0xFF,0x7F,0xFF,0x7F,0xFF,0x7F,0xFF,0x7F,
	0xB5,0x56,0xFF,0x7F,0xFF,0x7F,0xFF,0x7F,0xFF,0x7F,0xFF,0x7F,0xFF,0x7F,0xFF,0x7F,
	0xFF,0x7F,0xFF,0x7F,0xFF,0x7F,0xFF,0x7F,0xFF,0x7F,0xFF,0x7F,0xFF,0x7F,0xFF,0x7F,
	0xFF,0x7F,0xFF,0x7F,0xFF,0x7F,0xFF,0x7F,0xFF,0x7F,0xFF,0x7F,0xFF,0x7F,0xFF,0x7F,
	0xFF,0x7F,0xFF,0x7F,0xFF,0x7F,0xFF,0x7F,0xFF,0x7F,0xFF,0x7F,0xFF,0x7F,0xFF,0x7F,
	0xFF,0x7F,0xFF,0x7F,0xFF,0x7F,0xFF,0x7F,0xFF,0x7F,0xFF,0x7F,0xFF,0x7F,0xFF,0x7F,

	0xFF,0x7F,0xFF,0x7F,0xFF,0x7F,0xFF,0x7F,0xFF,0x7F,0xFF,0x7F,0xFF,0x7F,0xFF,0x7F,
	0xB5,0x56,0xFF,0x7F,0xFF,0x7F,0xFF,0x7F,0xFF,0x7F,0xFF,0x7F,0xFF,0x7F,0xFF,0x7F,
	0xFF,0x7F,0xFF,0x7F,0xFF,0x7F,0xFF,0x7F,0xFF,0x7F,0xFF,0x7F,0xFF,0x7F,0xFF,0x7F,
	0xFF,0x7F,0xFF,0x7F,0xFF,0x7F,0xFF,0x7F,0xFF,0x7F,0xFF,0x7F,0xFF,0x7F,0xFF,0x7F,
	0x9C,0x73,0x9C,0x73,0x9C,0x73,0x9C,0x73,0x9C,0x73,0x9C,0x73,0x9C,0x73,0x9C,0x73,
	0x9C,0x73,0x9C,0x73,0x9C,0x73,0x9C,0x73,0x9C,0x73,0x9C,0x73,0x9C,0x73,0x9C,0x73,
	0x9C,0x73,0x9C,0x73,0x9C,0x73,0x9C,0x73,0x9C,0x73,0x9C,0x73,0x9C,0x73,0x9C,0x73,
	0xB5,0x56,0x9C,0x73,0x9C,0x73,0x9C,0x73,0x9C,0x73,0x9C,0x73,0x9C,0x73,0x9C,0x73,

	0x9C,0x73,0x9C,0x73,0x9C,0x73,0x9C,0x73,0x9C,0x73,0x9C,0x73,0x9C,0x73,0x9C,0x73,
	0x9C,0x73,0x9C,0x73,0x9C,0x73,0x9C,0x73,0x9C,0x73,0x9C,0x73,0x9C,0x73,0x9C,0x73,
	0x9C,0x73,0x9C,0x73,0x9C,0x73,0x9C,0x73,0x9C,0x73,0x9C,0x73,0x9C,0x73,0x9C,0x73,
	0x9C,0x73,0x9C,0x73,0x9C,0x73,0x9C,0x73,0x9C,0x73,0x9C,0x73,0x9C,0x73,0x9C,0x73,
	0x9C,0x73,0x9C,0x73,0x9C,0x73,0x9C,0x73,0x9C,0x73,0x9C,0x73,0x9C,0x73,0x9C,0x73,
	0xB5,0x56,0x9C,0x73,0x9C,0x73,0x9C,0x73,0x9C,0x73,0x9C,0x73,0x9C,0x73,0x9C,0x73,
	0x9C,0x73,0x9C,0x73,0x9C,0x73,0x9C,0x73,0x00,0x00,0x9C,0x73,0x9C,0x73,0x9C,0x73,
	0x9C,0x73,0x9C,0x73,0x9C,0x73,0x9C,0x73,0x9C,0x73,0x9C,0x73,0x9C,0x73,0x9C,0x73,

	0x9C,0x73,0x9C,0x73,0x9C,0x73,0x9C,0x73,0x9C,0x73,0x9C,0x73,0x9C,0x73,0x9C,0x73,
	0x9C,0x73,0x9C,0x73,0x9C,0x73,0x9C,0x73,0x9C,0x73,0x9C,0x73,0x9C,0x73,0x9C,0x73,
	0x9C,0x73,0x9C,0x73,0x9C,0x73,0x9C,0x73,0x9C,0x73,0x9C,0x73,0x9C,0x73,0x9C,0x73,
	0x9C,0x73,0x9C,0x73,0x9C,0x73,0x9C,0x73,0x00,0x00,0x9C,0x73,0x9C,0x73,0x9C,0x73,
	0x9C,0x73,0x9C,0x73,0x9C,0x73,0x9C,0x73,0x9C,0x73,0x9C,0x73,0x9C,0x73,0x9C,0x73,
	0x9C,0x73,0x9C,0x73,0x9C,0x73,0x9C,0x73,0x9C,0x73,0x9C,0x73,0x9C,0x73,0x9C,0x73,
	0x9C,0x73,0x9C,0x73,0x9C,0x73,0x9C,0x73,0x9C,0x73,0x9C,0x73,0x9C,0x73,0x9C,0x73,
	0x9C,0x73,0x9C,0x73,0x9C,0x73,0x9C,0x73,0x00,0x00,0x9C,0x73,0x9C,0x73,0x9C,0x73,

	0x9C,0x73,0x9C,0x73,0x9C,0x73,0x9C,0x73,0x9C,0x73,0x9C,0x73,0x9C,0x73,0x9C,0x73,
	0xB5,0x56,0x9C,0x73,0x9C,0x73,0x9C,0x73,0x9C,0x73,0x9C,0x73,0x9C,0x73,0x9C,0x73,
	0x9C,0x73,0x9C,0x73,0x9C,0x73,0x9C,0x73,0x9C,0x73,0x9C,0x73,0x9C,0x73,0x9C,0x73,
	0x9C,0x73,0x9C,0x73,0x9C,0x73,0x9C,0x73,0x9C,0x73,0x9C,0x73,0x9C,0x73,0x9C,0x73,
	0x9C,0x73,0x9C,0x73,0x9C,0x73,0x9C,0x73,0x9C,0x73,0x9C,0x73,0x9C,0x73,0x9C,0x73,
	0x9C,0x73,0x9C,0x73,0x9C,0x73,0x9C,0x73,0x9C,0x73,0x9C,0x73,0x9C,0x73,0x9C,0x73,
	0x9C,0x73,0x9C,0x73,0x9C,0x73,0x9C,0x73,0x9C,0x73,0x9C,0x73,0x9C,0x73,0x9C,0x73,
	0xB5,0x56,0x9C,0x73,0x9C,0x73,0x9C,0x73,0x9C,0x73,0x9C,0x73,0x9C,0x73,0x9C,0x73,

	0x9C,0x73,0x9C,0x73,0x9C,0x73,0x9C,0x73,0x9C,0x73,0x9C,0x73,0x9C,0x73,0x9C,0x73,
	0x9C,0x73,0x9C,0x73,0x9C,0x73,0x9C,0x73,0x9C,0x73,0x9C,0x73,0x9C,0x73,0x9C,0x73,
	0xFF,0x7F,0xFF,0x7F,0xFF,0x7F,0xFF,0x7F,0xFF,0x7F,0xFF,0x7F,0xFF,0x7F,0xFF,0x7F,
	0xFF,0x7F,0xFF,0x7F,0xFF,0x7F,0xFF,0x7F,0xFF,0x7F,0xFF,0x7F,0xFF,0x7F,0xFF,0x7F,
	0xFF,0x7F,0xFF,0x7F,0xFF,0x7F,0xFF,0x7F,0xFF,0x7F,0xFF,0x7F,0xFF,0x7F,0xFF,0x7F,
	0xB5,0x56,0xFF,0x7F,0xFF,0x7F,0xFF,0x7F,0xFF,0x7F,0xFF,0x7F,0xFF,0x7F,0xFF,0x7F,
	0xFF,0x7F,0xFF,0x7F,0xFF,0x7F,0xFF,0x7F,0xFF,0x7F,0xFF,0x7F,0xFF,0x7F,0xFF,0x7F,
	0xFF,0x7F,0xFF,0x7F,0xFF,0x7F,0xFF,0x7F,0xFF,0x7F,0xFF,0x7F,0xFF,0x7F,0xFF,0x7F,

	0xFF,0x7F,0xFF,0x7F,0xFF,0x7F,0xFF,0x7F,0xFF,0x7F,0xFF,0x7F,0xFF,0x7F,0xFF,0x7F,
	0xFF,0x7F,0xFF,0x7F,0xFF,0x7F,0xFF,0x7F,0xFF,0x7F,0xFF,0x7F,0xFF,0x7F,0xFF,0x7F,
	0xFF,0x7F,0xFF,0x7F,0xFF,0x7F,0xFF,0x7F,0xFF,0x7F,0xFF,0x7F,0xFF,0x7F,0xFF,0x7F,
	0xB5,0x56,0xFF,0x7F,0xFF,0x7F,0xFF,0x7F,0xFF,0x7F,0xFF,0x7F,0xFF,0x7F,0xFF,0x7F,
	0xFF,0x7F,0xFF,0x7F,0xFF,0x7F,0xFF,0x7F,0x00,0x00,0xFF,0x7F,0xFF,0x7F,0xFF,0x7F,
	0xFF,0x7F,0xFF,0x7F,0xFF,0x7F,0xFF,0x7F,0x00,0x00,0x00,0x00,0x00,0x00,0xFF,0x7F,
	0xFF,0x7F,0xFF,0x7F,0xFF,0x7F,0xFF,0x7F,0xFF,0x7F,0xFF,0x7F,0xFF,0x7F,0xFF,0x7F,
	0xFF,0x7F,0xFF,0x7F,0x00,0x00,0x00,0x00,0x00,0x00,0x00,0x00,0x00,0x00,0xFF,0x7F,

	0xFF,0x7F,0xFF,0x7F,0xFF,0x7F,0xFF,0x7F,0xFF,0x7F,0xFF,0x7F,0xFF,0x7F,0xFF,0x7F,
	0xFF,0x7F,0xFF,0x7F,0xFF,0x7F,0xFF,0x7F,0x00,0x00,0xFF,0x7F,0xFF,0x7F,0xFF,0x7F,
	0xFF,0x7F,0xFF,0x7F,0xFF,0x7F,0xFF,0x7F,0xFF,0x7F,0xFF,0x7F,0x00,0x00,0x00,0x00,
	0x00,0x00,0x00,0x00,0x00,0x00,0xFF,0x7F,0xFF,0x7F,0x00,0x00,0xFF,0x7F,0xFF,0x7F,
	0xFF,0x7F,0x00,0x00,0x00,0x00,0x00,0x00,0xFF,0x7F,0xFF,0x7F,0xFF,0x7F,0xFF,0x7F,
	0xFF,0x7F,0xFF,0x7F,0xFF,0x7F,0xFF,0x7F,0x00,0x00,0xFF,0x7F,0xFF,0x7F,0xFF,0x7F,
	0xFF,0x7F,0xFF,0x7F,0xFF,0x7F,0xFF,0x7F,0xFF,0x7F,0xFF,0x7F,0xFF,0x7F,0xFF,0x7F,
	0xB5,0x56,0xFF,0x7F,0xFF,0x7F,0xFF,0x7F,0xFF,0x7F,0xFF,0x7F,0xFF,0x7F,0xFF,0x7F,

	0xFF,0x7F,0xFF,0x7F,0xFF,0x7F,0xFF,0x7F,0xFF,0x7F,0xFF,0x7F,0xFF,0x7F,0xFF,0x7F,
	0xFF,0x7F,0xFF,0x7F,0xFF,0x7F,0xFF,0x7F,0xFF,0x7F,0xFF,0x7F,0xFF,0x7F,0xFF,0x7F,
	0xFF,0x7F,0xFF,0x7F,0xFF,0x7F,0xFF,0x7F,0xFF,0x7F,0xFF,0x7F,0xFF,0x7F,0xFF,0x7F,
	0xFF,0x7F,0xFF,0x7F,0xFF,0x7F,0xFF,0x7F,0xFF,0x7F,0xFF,0x7F,0xFF,0x7F,0xFF,0x7F,
	0xFF,0x7F,0xFF,0x7F,0xFF,0x7F,0xFF,0x7F,0xFF,0x7F,0xFF,0x7F,0xFF,0x7F,0xFF,0x7F,
	0xB5,0x56,0xFF,0x7F,0xFF,0x7F,0xFF,0x7F,0xFF,0x7F,0xFF,0x7F,0xFF,0x7F,0xFF,0x7F,
	0xFF,0x7F,0xFF,0x7F,0xFF,0x7F,0xFF,0x7F,0xFF,0x7F,0xFF,0x7F,0xFF,0x7F,0xFF,0x7F,
	0xFF,0x7F,0xFF,0x7F,0xFF,0x7F,0xFF,0x7F,0xFF,0x7F,0xFF,0x7F,0xFF,0x7F,0xFF,0x7F,

	0x9C,0x73,0x9C,0x73,0x9C,0x73,0x9C,0x73,0x9C,0x73,0x9C,0x73,0x9C,0x73,0x9C,0x73,
	0x9C,0x73,0x9C,0x73,0x9C,0x73,0x9C,0x73,0x9C,0x73,0x9C,0x73,0x9C,0x73,0x9C,0x73,
	0x9C,0x73,0x9C,0x73,0x9C,0x73,0x9C,0x73,0x9C,0x73,0x9C,0x73,0x9C,0x73,0x9C,0x73,
	0xB5,0x56,0x9C,0x73,0x9C,0x73,0x9C,0x73,0x9C,0x73,0x9C,0x73,0x9C,0x73,0x9C,0x73,
	0x9C,0x73,0x9C,0x73,0x9C,0x73,0x9C,0x73,0x9C,0x73,0x9C,0x73,0x9C,0x73,0x9C,0x73,
	0x9C,0x73,0x9C,0x73,0x9C,0x73,0x9C,0x73,0x9C,0x73,0x9C,0x73,0x9C,0x73,0x9C,0x73,
	0x9C,0x73,0x9C,0x73,0x9C,0x73,0x9C,0x73,0x9C,0x73,0x9C,0x73,0x9C,0x73,0x9C,0x73,
	0x9C,0x73,0x9C,0x73,0x9C,0x73,0x9C,0x73,0x9C,0x73,0x9C,0x73,0x9C,0x73,0x9C,0x73,

	0x9C,0x73,0x9C,0x73,0x9C,0x73,0x9C,0x73,0x9C,0x73,0x9C,0x73,0x9C,0x73,0x9C,0x73,
	0xB5,0x56,0x9C,0x73,0x9C,0x73,0x9C,0x73,0x9C,0x73,0x9C,0x73,0x9C,0x73,0x9C,0x73,
	0x9C,0x73,0x9C,0x73,0x9C,0x73,0x9C,0x73,0x00,0x00,0x9C,0x73,0x9C,0x73,0x9C,0x73,
	0x9C,0x73,0x9C,0x73,0x9C,0x73,0x9C,0x73,0x00,0x00,0x9C,0x73,0x9C,0x73,0x00,0x00,
	0x9C,0x73,0x9C,0x73,0x9C,0x73,0x9C,0x73,0x9C,0x73,0x9C,0x73,0x9C,0x73,0x9C,0x73,
	0x9C,0x73,0x9C,0x73,0x00,0x00,0x9C,0x73,0x9C,0x73,0x9C,0x73,0x9C,0x73,0x9C,0x73,
	0x9C,0x73,0x9C,0x73,0x9C,0x73,0x9C,0x73,0x9C,0x73,0x9C,0x73,0x9C,0x73,0x9C,0x73,
	0x9C,0x73,0x9C,0x73,0x9C,0x73,0x9C,0x73,0x00,0x00,0x9C,0x73,0x00,0x00,0x9C,0x73,

	0x00,0x00,0x9C,0x73,0x9C,0x73,0x9C,0x73,0x9C,0x73,0x9C,0x73,0x9C,0x73,0x9C,0x73,
	0x00,0x00,0x9C,0x73,0x9C,0x73,0x9C,0x73,0x00,0x00,0x00,0x00,0x9C,0x73,0x9C,0x73,
	0x00,0x00,0x9C,0x73,0x9C,0x73,0x9C,0x73,0x00,0x00,0x9C,0x73,0x9C,0x73,0x9C,0x73,
	0x9C,0x73,0x9C,0x73,0x9C,0x73,0x9C,0x73,0x00,0x00,0x9C,0x73,0x9C,0x73,0x9C,0x73,
	0x9C,0x73,0x9C,0x73,0x9C,0x73,0x9C,0x73,0x9C,0x73,0x9C,0x73,0x9C,0x73,0x9C,0x73,
	0xB5,0x56,0x9C,0x73,0x9C,0x73,0x9C,0x73,0x9C,0x73,0x9C,0x73,0x9C,0x73,0x9C,0x73,
	0x9C,0x73,0x9C,0x73,0x9C,0x73,0x9C,0x73,0x9C,0x73,0x9C,0x73,0x9C,0x73,0x9C,0x73,
	0x9C,0x73,0x9C,0x73,0x9C,0x73,0x9C,0x73,0x9C,0x73,0x9C,0x73,0x9C,0x73,0x9C,0x73,

	0x9C,0x73,0x9C,0x73,0x9C,0x73,0x9C,0x73,0x9C,0x73,0x9C,0x73,0x9C,0x73,0x9C,0x73,
	0x9C,0x73,0x9C,0x73,0x9C,0x73,0x9C,0x73,0x9C,0x73,0x9C,0x73,0x9C,0x73,0x9C,0x73,
	0x9C,0x73,0x9C,0x73,0x9C,0x73,0x9C,0x73,0x9C,0x73,0x9C,0x73,0x9C,0x73,0x9C,0x73,
	0xB5,0x56,0x9C,0x73,0x9C,0x73,0x9C,0x73,0x9C,0x73,0x9C,0x73,0x9C,0x73,0x9C,0x73,
	0x9C,0x73,0x9C,0x73,0x9C,0x73,0x9C,0x73,0x9C,0x73,0x9C,0x73,0x9C,0x73,0x9C,0x73,
	0x9C,0x73,0x9C,0x73,0x9C,0x73,0x9C,0x73,0x9C,0x73,0x9C,0x73,0x9C,0x73,0x9C,0x73,
	0xFF,0x7F,0xFF,0x7F,0xFF,0x7F,0xFF,0x7F,0xFF,0x7F,0xFF,0x7F,0xFF,0x7F,0xFF,0x7F,
	0xFF,0x7F,0xFF,0x7F,0xFF,0x7F,0xFF,0x7F,0xFF,0x7F,0xFF,0x7F,0xFF,0x7F,0xFF,0x7F,

	0xFF,0x7F,0xFF,0x7F,0xFF,0x7F,0xFF,0x7F,0xFF,0x7F,0xFF,0x7F,0xFF,0x7F,0xFF,0x7F,
	0xB5,0x56,0xFF,0x7F,0xFF,0x7F,0xFF,0x7F,0xFF,0x7F,0xFF,0x7F,0xFF,0x7F,0xFF,0x7F,
	0xFF,0x7F,0xFF,0x7F,0xFF,0x7F,0xFF,0x7F,0xFF,0x7F,0xFF,0x7F,0xFF,0x7F,0xFF,0x7F,
	0xFF,0x7F,0xFF,0x7F,0xFF,0x7F,0xFF,0x7F,0xFF,0x7F,0xFF,0x7F,0xFF,0x7F,0xFF,0x7F,
	0xFF,0x7F,0xFF,0x7F,0xFF,0x7F,0xFF,0x7F,0xFF,0x7F,0xFF,0x7F,0xFF,0x7F,0xFF,0x7F,
	0xFF,0x7F,0xFF,0x7F,0xFF,0x7F,0xFF,0x7F,0xFF,0x7F,0xFF,0x7F,0xFF,0x7F,0xFF,0x7F,
	0xFF,0x7F,0xFF,0x7F,0xFF,0x7F,0xFF,0x7F,0xFF,0x7F,0xFF,0x7F,0xFF,0x7F,0xFF,0x7F,
	0xB5,0x56,0xFF,0x7F,0xFF,0x7F,0xFF,0x7F,0xFF,0x7F,0xFF,0x7F,0xFF,0x7F,0xFF,0x7F,

	0xFF,0x7F,0xFF,0x7F,0xFF,0x7F,0xFF,0x7F,0x00,0x00,0xFF,0x7F,0xFF,0x7F,0xFF,0x7F,
	0xFF,0x7F,0xFF,0x7F,0xFF,0x7F,0xFF,0x7F,0x00,0x00,0xFF,0x7F,0xFF,0x7F,0x00,0x00,
	0xFF,0x7F,0xFF,0x7F,0xFF,0x7F,0xFF,0x7F,0xFF,0x7F,0xFF,0x7F,0xFF,0x7F,0xFF,0x7F,
	0xFF,0x7F,0xFF,0x7F,0x00,0x00,0xFF,0x7F,0xFF,0x7F,0xFF,0x7F,0xFF,0x7F,0xFF,0x7F,
	0x00,0x00,0x00,0x00,0xFF,0x7F,0x00,0x00,0x00,0x00,0xFF,0x7F,0xFF,0x7F,0x00,0x00,
	0x00,0x00,0x00,0x00,0xFF,0x7F,0xFF,0x7F,0x00,0x00,0xFF,0x7F,0x00,0x00,0xFF,0x7F,
	0xFF,0x7F,0xFF,0x7F,0xFF,0x7F,0x00,0x00,0x00,0x00,0xFF,0x7F,0xFF,0x7F,0xFF,0x7F,
	0x00,0x00,0xFF,0x7F,0xFF,0x7F,0xFF,0x7F,0xFF,0x7F,0x00,0x00,0xFF,0x7F,0xFF,0x7F,

	0x00,0x00,0xFF,0x7F,0xFF,0x7F,0xFF,0x7F,0x00,0x00,0xFF,0x7F,0xFF,0x7F,0xFF,0x7F,
	0xFF,0x7F,0xFF,0x7F,0xFF,0x7F,0xFF,0x7F,0x00,0x00,0xFF,0x7F,0xFF,0x7F,0xFF,0x7F,
	0xFF,0x7F,0xFF,0x7F,0xFF,0x7F,0xFF,0x7F,0xFF,0x7F,0xFF,0x7F,0xFF,0x7F,0xFF,0x7F,
	0xB5,0x56,0xFF,0x7F,0xFF,0x7F,0xFF,0x7F,0xFF,0x7F,0xFF,0x7F,0xFF,0x7F,0xFF,0x7F,
	0xFF,0x7F,0xFF,0x7F,0xFF,0x7F,0xFF,0x7F,0xFF,0x7F,0xFF,0x7F,0xFF,0x7F,0xFF,0x7F,
	0xFF,0x7F,0xFF,0x7F,0xFF,0x7F,0xFF,0x7F,0xFF,0x7F,0xFF,0x7F,0xFF,0x7F,0xFF,0x7F,
	0xFF,0x7F,0xFF,0x7F,0xFF,0x7F,0xFF,0x7F,0xFF,0x7F,0xFF,0x7F,0xFF,0x7F,0xFF,0x7F,
	0xFF,0x7F,0xFF,0x7F,0xFF,0x7F,0xFF,0x7F,0xFF,0x7F,0xFF,0x7F,0xFF,0x7F,0xFF,0x7F,

	0xFF,0x7F,0xFF,0x7F,0xFF,0x7F,0xFF,0x7F,0xFF,0x7F,0xFF,0x7F,0xFF,0x7F,0xFF,0x7F,
	0xB5,0x56,0xFF,0x7F,0xFF,0x7F,0xFF,0x7F,0xFF,0x7F,0xFF,0x7F,0xFF,0x7F,0xFF,0x7F,
	0xFF,0x7F,0xFF,0x7F,0xFF,0x7F,0xFF,0x7F,0xFF,0x7F,0xFF,0x7F,0xFF,0x7F,0xFF,0x7F,
	0xFF,0x7F,0xFF,0x7F,0xFF,0x7F,0xFF,0x7F,0xFF,0x7F,0xFF,0x7F,0xFF,0x7F,0xFF,0x7F,
	0x9C,0x73,0x9C,0x73,0x9C,0x73,0x9C,0x73,0x9C,0x73,0x9C,0x73,0x9C,0x73,0x9C,0x73,
	0x9C,0x73,0x9C,0x73,0x9C,0x73,0x9C,0x73,0x9C,0x73,0x9C,0x73,0x9C,0x73,0x9C,0x73,
	0x9C,0x73,0x9C,0x73,0x9C,0x73,0x9C,0x73,0x9C,0x73,0x9C,0x73,0x9C,0x73,0x9C,0x73,
	0xB5,0x56,0x9C,0x73,0x9C,0x73,0x9C,0x73,0x9C,0x73,0x9C,0x73,0x9C,0x73,0x9C,0x73,

	0x9C,0x73,0x9C,0x73,0x9C,0x73,0x9C,0x73,0x9C,0x73,0x9C,0x73,0x9C,0x73,0x9C,0x73,
	0x9C,0x73,0x9C,0x73,0x9C,0x73,0x9C,0x73,0x9C,0x73,0x9C,0x73,0x9C,0x73,0x9C,0x73,
	0x9C,0x73,0x9C,0x73,0x9C,0x73,0x9C,0x73,0x9C,0x73,0x9C,0x73,0x9C,0x73,0x9C,0x73,
	0x9C,0x73,0x9C,0x73,0x9C,0x73,0x9C,0x73,0x9C,0x73,0x9C,0x73,0x9C,0x73,0x9C,0x73,
	0x9C,0x73,0x9C,0x73,0x9C,0x73,0x9C,0x73,0x9C,0x73,0x9C,0x73,0x9C,0x73,0x9C,0x73,
	0xB5,0x56,0x9C,0x73,0x9C,0x73,0x9C,0x73,0x9C,0x73,0x9C,0x73,0x9C,0x73,0x9C,0x73,
	0x9C,0x73,0x9C,0x73,0x9C,0x73,0x9C,0x73,0x00,0x00,0x9C,0x73,0x9C,0x73,0x9C,0x73,
	0x9C,0x73,0x9C,0x73,0x9C,0x73,0x9C,0x73,0x00,0x00,0x00,0x00,0x00,0x00,0x00,0x00,

	0x9C,0x73,0x9C,0x73,0x00,0x00,0x9C,0x73,0x9C,0x73,0x00,0x00,0x9C,0x73,0x9C,0x73,
	0x9C,0x73,0x9C,0x73,0x00,0x00,0x00,0x00,0x00,0x00,0x00,0x00,0x9C,0x73,0x00,0x00,
	0x9C,0x73,0x9C,0x73,0x9C,0x73,0x9C,0x73,0x9C,0x73,0x00,0x00,0x9C,0x73,0x00,0x00,
	0x9C,0x73,0x9C,0x73,0x00,0x00,0x9C,0x73,0x00,0x00,0x00,0x00,0x9C,0x73,0x9C,0x73,
	0x00,0x00,0x9C,0x73,0x00,0x00,0x9C,0x73,0x9C,0x73,0x00,0x00,0x9C,0x73,0x9C,0x73,
	0x00,0x00,0x9C,0x73,0x9C,0x73,0x9C,0x73,0x9C,0x73,0x00,0x00,0x9C,0x73,0x9C,0x73,
	0x9C,0x73,0x00,0x00,0x00,0x00,0x00,0x00,0x00,0x00,0x9C,0x73,0x9C,0x73,0x9C,0x73,
	0x9C,0x73,0x9C,0x73,0x9C,0x73,0x9C,0x73,0x00,0x00,0x9C,0x73,0x9C,0x73,0x9C,0x73,

	0x9C,0x73,0x9C,0x73,0x9C,0x73,0x9C,0x73,0x9C,0x73,0x9C,0x73,0x9C,0x73,0x9C,0x73,
	0xB5,0x56,0x9C,0x73,0x9C,0x73,0x9C,0x73,0x9C,0x73,0x9C,0x73,0x9C,0x73,0x9C,0x73,
	0x9C,0x73,0x9C,0x73,0x9C,0x73,0x9C,0x73,0x9C,0x73,0x9C,0x73,0x9C,0x73,0x9C,0x73,
	0x9C,0x73,0x9C,0x73,0x9C,0x73,0x9C,0x73,0x9C,0x73,0x9C,0x73,0x9C,0x73,0x9C,0x73,
	0x9C,0x73,0x9C,0x73,0x9C,0x73,0x9C,0x73,0x9C,0x73,0x9C,0x73,0x9C,0x73,0x9C,0x73,
	0x9C,0x73,0x9C,0x73,0x9C,0x73,0x9C,0x73,0x9C,0x73,0x9C,0x73,0x9C,0x73,0x9C,0x73,
	0x9C,0x73,0x9C,0x73,0x9C,0x73,0x9C,0x73,0x9C,0x73,0x9C,0x73,0x9C,0x73,0x9C,0x73,
	0xB5,0x56,0x9C,0x73,0x9C,0x73,0x9C,0x73,0x9C,0x73,0x9C,0x73,0x9C,0x73,0x9C,0x73,

	0x9C,0x73,0x9C,0x73,0x9C,0x73,0x9C,0x73,0x9C,0x73,0x9C,0x73,0x9C,0x73,0x9C,0x73,
	0x9C,0x73,0x9C,0x73,0x9C,0x73,0x9C,0x73,0x9C,0x73,0x9C,0x73,0x9C,0x73,0x9C,0x73,
	0xFF,0x7F,0xFF,0x7F,0xFF,0x7F,0xFF,0x7F,0xFF,0x7F,0xFF,0x7F,0xFF,0x7F,0xFF,0x7F,
	0xFF,0x7F,0xFF,0x7F,0xFF,0x7F,0xFF,0x7F,0xFF,0x7F,0xFF,0x7F,0xFF,0x7F,0xFF,0x7F,
	0xFF,0x7F,0xFF,0x7F,0xFF,0x7F,0xFF,0x7F,0xFF,0x7F,0xFF,0x7F,0xFF,0x7F,0xFF,0x7F,
	0xB5,0x56,0xFF,0x7F,0xFF,0x7F,0xFF,0x7F,0xFF,0x7F,0xFF,0x7F,0xFF,0x7F,0xFF,0x7F,
	0xFF,0x7F,0xFF,0x7F,0xFF,0x7F,0xFF,0x7F,0xFF,0x7F,0xFF,0x7F,0xFF,0x7F,0xFF,0x7F,
	0xFF,0x7F,0xFF,0x7F,0xFF,0x7F,0xFF,0x7F,0xFF,0x7F,0xFF,0x7F,0xFF,0x7F,0xFF,0x7F,

	0xFF,0x7F,0xFF,0x7F,0xFF,0x7F,0xFF,0x7F,0xFF,0x7F,0xFF,0x7F,0xFF,0x7F,0xFF,0x7F,
	0xFF,0x7F,0xFF,0x7F,0xFF,0x7F,0xFF,0x7F,0xFF,0x7F,0xFF,0x7F,0xFF,0x7F,0xFF,0x7F,
	0xFF,0x7F,0xFF,0x7F,0xFF,0x7F,0xFF,0x7F,0xFF,0x7F,0xFF,0x7F,0xFF,0x7F,0xFF,0x7F,
	0xB5,0x56,0xFF,0x7F,0xFF,0x7F,0xFF,0x7F,0xFF,0x7F,0xFF,0x7F,0xFF,0x7F,0xFF,0x7F,
	0xFF,0x7F,0xFF,0x7F,0xFF,0x7F,0xFF,0x7F,0x00,0x00,0xFF,0x7F,0xFF,0x7F,0xFF,0x7F,
	0xFF,0x7F,0xFF,0x7F,0xFF,0x7F,0xFF,0x7F,0x00,0x00,0xFF,0x7F,0xFF,0x7F,0xFF,0x7F,
	0x00,0x00,0xFF,0x7F,0x00,0x00,0xFF,0x7F,0xFF,0x7F,0x00,0x00,0xFF,0x7F,0xFF,0x7F,
	0xFF,0x7F,0xFF,0x7F,0x00,0x00,0xFF,0x7F,0xFF,0x7F,0xFF,0x7F,0xFF,0x7F,0x00,0x00,

	0xFF,0x7F,0xFF,0x7F,0xFF,0x7F,0x00,0x00,0x00,0x00,0x00,0x00,0xFF,0x7F,0x00,0x00,
	0xFF,0x7F,0xFF,0x7F,0x00,0x00,0xFF,0x7F,0x00,0x00,0xFF,0x7F,0x00,0x00,0xFF,0x7F,
	0x00,0x00,0xFF,0x7F,0x00,0x00,0x00,0x00,0x00,0x00,0x00,0x00,0xFF,0x7F,0xFF,0x7F,
	0x00,0x00,0xFF,0x7F,0xFF,0x7F,0xFF,0x7F,0xFF,0x7F,0x00,0x00,0xFF,0x7F,0xFF,0x7F,
	0xFF,0x7F,0xFF,0x7F,0xFF,0x7F,0xFF,0x7F,0x00,0x00,0xFF,0x7F,0xFF,0x7F,0xFF,0x7F,
	0xFF,0x7F,0xFF,0x7F,0xFF,0x7F,0xFF,0x7F,0x00,0x00,0xFF,0x7F,0xFF,0x7F,0xFF,0x7F,
	0xFF,0x7F,0xFF,0x7F,0xFF,0x7F,0xFF,0x7F,0xFF,0x7F,0xFF,0x7F,0xFF,0x7F,0xFF,0x7F,
	0xB5,0x56,0xFF,0x7F,0xFF,0x7F,0xFF,0x7F,0xFF,0x7F,0xFF,0x7F,0xFF,0x7F,0xFF,0x7F,

	0xFF,0x7F,0xFF,0x7F,0xFF,0x7F,0xFF,0x7F,0xFF,0x7F,0xFF,0x7F,0xFF,0x7F,0xFF,0x7F,
	0xFF,0x7F,0xFF,0x7F,0xFF,0x7F,0xFF,0x7F,0xFF,0x7F,0xFF,0x7F,0xFF,0x7F,0xFF,0x7F,
	0xFF,0x7F,0xFF,0x7F,0xFF,0x7F,0xFF,0x7F,0xFF,0x7F,0xFF,0x7F,0xFF,0x7F,0xFF,0x7F,
	0xFF,0x7F,0xFF,0x7F,0xFF,0x7F,0xFF,0x7F,0xFF,0x7F,0xFF,0x7F,0xFF,0x7F,0xFF,0x7F,
	0xFF,0x7F,0xFF,0x7F,0xFF,0x7F,0xFF,0x7F,0xFF,0x7F,0xFF,0x7F,0xFF,0x7F,0xFF,0x7F,
	0xB5,0x56,0xFF,0x7F,0xFF,0x7F,0xFF,0x7F,0xFF,0x7F,0xFF,0x7F,0xFF,0x7F,0xFF,0x7F,
	0xFF,0x7F,0xFF,0x7F,0xFF,0x7F,0xFF,0x7F,0xFF,0x7F,0xFF,0x7F,0xFF,0x7F,0xFF,0x7F,
	0xFF,0x7F,0xFF,0x7F,0xFF,0x7F,0xFF,0x7F,0xFF,0x7F,0xFF,0x7F,0xFF,0x7F,0xFF,0x7F,

	0x9C,0x73,0x9C,0x73,0x9C,0x73,0x9C,0x73,0x9C,0x73,0x9C,0x73,0x9C,0x73,0x9C,0x73,
	0x9C,0x73,0x9C,0x73,0x9C,0x73,0x9C,0x73,0x9C,0x73,0x9C,0x73,0x9C,0x73,0x9C,0x73,
	0x9C,0x73,0x9C,0x73,0x9C,0x73,0x9C,0x73,0x9C,0x73,0x9C,0x73,0x9C,0x73,0x9C,0x73,
	0xB5,0x56,0x9C,0x73,0x9C,0x73,0x9C,0x73,0x9C,0x73,0x9C,0x73,0x9C,0x73,0x9C,0x73,
	0x9C,0x73,0x9C,0x73,0x9C,0x73,0x9C,0x73,0x9C,0x73,0x9C,0x73,0x9C,0x73,0x9C,0x73,
	0x9C,0x73,0x9C,0x73,0x9C,0x73,0x9C,0x73,0x9C,0x73,0x9C,0x73,0x9C,0x73,0x9C,0x73,
	0x9C,0x73,0x9C,0x73,0x9C,0x73,0x9C,0x73,0x9C,0x73,0x9C,0x73,0x9C,0x73,0x9C,0x73,
	0x9C,0x73,0x9C,0x73,0x9C,0x73,0x9C,0x73,0x9C,0x73,0x9C,0x73,0x9C,0x73,0x9C,0x73,

	0x9C,0x73,0x9C,0x73,0x9C,0x73,0x9C,0x73,0x9C,0x73,0x9C,0x73,0x9C,0x73,0x9C,0x73,
	0xB5,0x56,0x9C,0x73,0x9C,0x73,0x9C,0x73,0x9C,0x73,0x9C,0x73,0x9C,0x73,0x9C,0x73,
	0x9C,0x73,0x9C,0x73,0x9C,0x73,0x9C,0x73,0x00,0x00,0x9C,0x73,0x9C,0x73,0x9C,0x73,
	0x9C,0x73,0x9C,0x73,0x9C,0x73,0x9C,0x73,0x00,0x00,0x9C,0x73,0x9C,0x73,0x9C,0x73,
	0x00,0x00,0x9C,0x73,0x9C,0x73,0x00,0x00,0x00,0x00,0x9C,0x73,0x9C,0x73,0x9C,0x73,
	0x9C,0x73,0x9C,0x73,0x00,0x00,0x9C,0x73,0x9C,0x73,0x9C,0x73,0x9C,0x73,0x00,0x00,
	0x9C,0x73,0x9C,0x73,0x00,0x00,0x9C,0x73,0x9C,0x73,0x00,0x00,0x9C,0x73,0x00,0x00,
	0x9C,0x73,0x9C,0x73,0x00,0x00,0x9C,0x73,0x00,0x00,0x9C,0x73,0x00,0x00,0x9C,0x73,

	0x00,0x00,0x9C,0x73,0x00,0x00,0x9C,0x73,0x9C,0x73,0x9C,0x73,0x9C,0x73,0x9C,0x73,
	0x00,0x00,0x9C,0x73,0x9C,0x73,0x9C,0x73,0x9C,0x73,0x00,0x00,0x9C,0x73,0x9C,0x73,
	0x9C,0x73,0x9C,0x73,0x9C,0x73,0x00,0x00,0x9C,0x73,0x9C,0x73,0x9C,0x73,0x9C,0x73,
	0x9C,0x73,0x9C,0x73,0x9C,0x73,0x9C,0x73,0x00,0x00,0x9C,0x73,0x9C,0x73,0x9C,0x73,
	0x9C,0x73,0x9C,0x73,0x9C,0x73,0x9C,0x73,0x9C,0x73,0x9C,0x73,0x9C,0x73,0x9C,0x73,
	0xB5,0x56,0x9C,0x73,0x9C,0x73,0x9C,0x73,0x9C,0x73,0x9C,0x73,0x9C,0x73,0x9C,0x73,
	0x9C,0x73,0x9C,0x73,0x9C,0x73,0x9C,0x73,0x9C,0x73,0x9C,0x73,0x9C,0x73,0x9C,0x73,
	0x9C,0x73,0x9C,0x73,0x9C,0x73,0x9C,0x73,0x9C,0x73,0x9C,0x73,0x9C,0x73,0x9C,0x73,

	0x9C,0x73,0x9C,0x73,0x9C,0x73,0x9C,0x73,0x9C,0x73,0x9C,0x73,0x9C,0x73,0x9C,0x73,
	0x9C,0x73,0x9C,0x73,0x9C,0x73,0x9C,0x73,0x9C,0x73,0x9C,0x73,0x9C,0x73,0x9C,0x73,
	0x9C,0x73,0x9C,0x73,0x9C,0x73,0x9C,0x73,0x9C,0x73,0x9C,0x73,0x9C,0x73,0x9C,0x73,
	0xB5,0x56,0x9C,0x73,0x9C,0x73,0x9C,0x73,0x9C,0x73,0x9C,0x73,0x9C,0x73,0x9C,0x73,
	0x9C,0x73,0x9C,0x73,0x9C,0x73,0x9C,0x73,0x9C,0x73,0x9C,0x73,0x9C,0x73,0x9C,0x73,
	0x9C,0x73,0x9C,0x73,0x9C,0x73,0x9C,0x73,0x9C,0x73,0x9C,0x73,0x9C,0x73,0x9C,0x73,
	0xFF,0x7F,0xFF,0x7F,0xFF,0x7F,0xFF,0x7F,0xFF,0x7F,0xFF,0x7F,0xFF,0x7F,0xFF,0x7F,
	0xFF,0x7F,0xFF,0x7F,0xFF,0x7F,0xFF,0x7F,0xFF,0x7F,0xFF,0x7F,0xFF,0x7F,0xFF,0x7F,

	0xFF,0x7F,0xFF,0x7F,0xFF,0x7F,0xFF,0x7F,0xFF,0x7F,0xFF,0x7F,0xFF,0x7F,0xFF,0x7F,
	0xB5,0x56,0xFF,0x7F,0xFF,0x7F,0xFF,0x7F,0xFF,0x7F,0xFF,0x7F,0xFF,0x7F,0xFF,0x7F,
	0xFF,0x7F,0xFF,0x7F,0xFF,0x7F,0xFF,0x7F,0xFF,0x7F,0xFF,0x7F,0xFF,0x7F,0xFF,0x7F,
	0xFF,0x7F,0xFF,0x7F,0xFF,0x7F,0xFF,0x7F,0xFF,0x7F,0xFF,0x7F,0xFF,0x7F,0xFF,0x7F,
	0xFF,0x7F,0xFF,0x7F,0xFF,0x7F,0xFF,0x7F,0xFF,0x7F,0xFF,0x7F,0xFF,0x7F,0xFF,0x7F,
	0xFF,0x7F,0xFF,0x7F,0xFF,0x7F,0xFF,0x7F,0xFF,0x7F,0xFF,0x7F,0xFF,0x7F,0xFF,0x7F,
	0xFF,0x7F,0xFF,0x7F,0xFF,0x7F,0xFF,0x7F,0xFF,0x7F,0xFF,0x7F,0xFF,0x7F,0xFF,0x7F,
	0xB5,0x56,0xFF,0x7F,0xFF,0x7F,0xFF,0x7F,0xFF,0x7F,0xFF,0x7F,0xFF,0x7F,0xFF,0x7F,

	0xFF,0x7F,0xFF,0x7F,0xFF,0x7F,0xFF,0x7F,0x00,0x00,0xFF,0x7F,0xFF,0x7F,0xFF,0x7F,
	0xFF,0x7F,0xFF,0x7F,0xFF,0x7F,0xFF,0x7F,0x00,0x00,0x00,0x00,0x00,0x00,0x00,0x00,
	0xFF,0x7F,0xFF,0x7F,0xFF,0x7F,0xFF,0x7F,0x00,0x00,0xFF,0x7F,0xFF,0x7F,0xFF,0x7F,
	0xFF,0x7F,0xFF,0x7F,0x00,0x00,0xFF,0x7F,0xFF,0x7F,0xFF,0x7F,0xFF,0x7F,0x00,0x00,
	0xFF,0x7F,0xFF,0x7F,0xFF,0x7F,0x00,0x00,0x00,0x00,0x00,0x00,0xFF,0x7F,0x00,0x00,
	0xFF,0x7F,0xFF,0x7F,0x00,0x00,0xFF,0x7F,0x00,0x00,0xFF,0x7F,0x00,0x00,0xFF,0x7F,
	0x00,0x00,0xFF,0x7F,0xFF,0x7F,0x00,0x00,0x00,0x00,0x00,0x00,0xFF,0x7F,0xFF,0x7F,
	0x00,0x00,0xFF,0x7F,0xFF,0x7F,0xFF,0x7F,0x00,0x00,0x00,0x00,0x00,0x00,0xFF,0x7F,

	0xFF,0x7F,0x00,0x00,0x00,0x00,0xFF,0x7F,0xFF,0x7F,0xFF,0x7F,0xFF,0x7F,0xFF,0x7F,
	0xFF,0x7F,0xFF,0x7F,0xFF,0x7F,0xFF,0x7F,0x00,0x00,0xFF,0x7F,0xFF,0x7F,0xFF,0x7F,
	0xFF,0x7F,0xFF,0x7F,0xFF,0x7F,0xFF,0x7F,0xFF,0x7F,0xFF,0x7F,0xFF,0x7F,0xFF,0x7F,
	0xB5,0x56,0xFF,0x7F,0xFF,0x7F,0xFF,0x7F,0xFF,0x7F,0xFF,0x7F,0xFF,0x7F,0xFF,0x7F,
	0xFF,0x7F,0xFF,0x7F,0xFF,0x7F,0xFF,0x7F,0xFF,0x7F,0xFF,0x7F,0xFF,0x7F,0xFF,0x7F,
	0xFF,0x7F,0xFF,0x7F,0xFF,0x7F,0xFF,0x7F,0xFF,0x7F,0xFF,0x7F,0xFF,0x7F,0xFF,0x7F,
	0xFF,0x7F,0xFF,0x7F,0xFF,0x7F,0xFF,0x7F,0xFF,0x7F,0xFF,0x7F,0xFF,0x7F,0xFF,0x7F,
	0xFF,0x7F,0xFF,0x7F,0xFF,0x7F,0xFF,0x7F,0xFF,0x7F,0xFF,0x7F,0xFF,0x7F,0xFF,0x7F,

	0xFF,0x7F,0xFF,0x7F,0xFF,0x7F,0xFF,0x7F,0xFF,0x7F,0xFF,0x7F,0xFF,0x7F,0xFF,0x7F,
	0xB5,0x56,0xFF,0x7F,0xFF,0x7F,0xFF,0x7F,0xFF,0x7F,0xFF,0x7F,0xFF,0x7F,0xFF,0x7F,
	0xFF,0x7F,0xFF,0x7F,0xFF,0x7F,0xFF,0x7F,0xFF,0x7F,0xFF,0x7F,0xFF,0x7F,0xFF,0x7F,
	0xFF,0x7F,0xFF,0x7F,0xFF,0x7F,0xFF,0x7F,0xFF,0x7F,0xFF,0x7F,0xFF,0x7F,0xFF,0x7F,
	0x9C,0x73,0x9C,0x73,0x9C,0x73,0x9C,0x73,0x9C,0x73,0x9C,0x73,0x9C,0x73,0x9C,0x73,
	0x9C,0x73,0x9C,0x73,0x9C,0x73,0x9C,0x73,0x9C,0x73,0x9C,0x73,0x9C,0x73,0x9C,0x73,
	0x9C,0x73,0x9C,0x73,0x9C,0x73,0x9C,0x73,0x9C,0x73,0x9C,0x73,0x9C,0x73,0x9C,0x73,
	0xB5,0x56,0x9C,0x73,0x9C,0x73,0x9C,0x73,0x9C,0x73,0x9C,0x73,0x9C,0x73,0x9C,0x73,

	0x9C,0x73,0x9C,0x73,0x9C,0x73,0x9C,0x73,0x9C,0x73,0x9C,0x73,0x9C,0x73,0x9C,0x73,
	0x9C,0x73,0x9C,0x73,0x9C,0x73,0x9C,0x73,0x9C,0x73,0x9C,0x73,0x9C,0x73,0x9C,0x73,
	0x9C,0x73,0x9C,0x73,0x9C,0x73,0x9C,0x73,0x9C,0x73,0x9C,0x73,0x9C,0x73,0x9C,0x73,
	0x9C,0x73,0x9C,0x73,0x9C,0x73,0x9C,0x73,0x9C,0x73,0x9C,0x73,0x9C,0x73,0x9C,0x73,
	0x9C,0x73,0x9C,0x73,0x9C,0x73,0x9C,0x73,0x9C,0x73,0x9C,0x73,0x9C,0x73,0x9C,0x73,
	0xB5,0x56,0x9C,0x73,0x9C,0x73,0x9C,0x73,0x9C,0x73,0x9C,0x73,0x9C,0x73,0x9C,0x73,
	0x9C,0x73,0x9C,0x73,0x9C,0x73,0x9C,0x73,0x00,0x00,0x9C,0x73,0x9C,0x73,0x9C,0x73,
	0x9C,0x73,0x9C,0x73,0x9C,0x73,0x9C,0x73,0x9C,0x73,0x9C,0x73,0x9C,0x73,0x9C,0x73,

	0x9C,0x73,0x9C,0x73,0x9C,0x73,0x00,0x00,0x9C,0x73,0x9C,0x73,0x9C,0x73,0x9C,0x73,
	0x9C,0x73,0x9C,0x73,0x9C,0x73,0x9C,0x73,0x9C,0x73,0x9C,0x73,0x9C,0x73,0x9C,0x73,
	0x9C,0x73,0x9C,0x73,0x9C,0x73,0x9C,0x73,0x9C,0x73,0x9C,0x73,0x9C,0x73,0x9C,0x73,
	0x9C,0x73,0x9C,0x73,0x9C,0x73,0x9C,0x73,0x9C,0x73,0x9C,0x73,0x9C,0x73,0x9C,0x73,
	0x9C,0x73,0x9C,0x73,0x9C,0x73,0x9C,0x73,0x9C,0x73,0x9C,0x73,0x9C,0x73,0x9C,0x73,
	0x9C,0x73,0x9C,0x73,0x9C,0x73,0x9C,0x73,0x9C,0x73,0x9C,0x73,0x9C,0x73,0x9C,0x73,
	0x9C,0x73,0x9C,0x73,0x9C,0x73,0x9C,0x73,0x9C,0x73,0x9C,0x73,0x9C,0x73,0x9C,0x73,
	0x9C,0x73,0x9C,0x73,0x9C,0x73,0x9C,0x73,0x00,0x00,0x9C,0x73,0x9C,0x73,0x9C,0x73,

	0x9C,0x73,0x9C,0x73,0x9C,0x73,0x9C,0x73,0x9C,0x73,0x9C,0x73,0x9C,0x73,0x9C,0x73,
	0xB5,0x56,0x9C,0x73,0x9C,0x73,0x9C,0x73,0x9C,0x73,0x9C,0x73,0x9C,0x73,0x9C,0x73,
	0x9C,0x73,0x9C,0x73,0x9C,0x73,0x9C,0x73,0x9C,0x73,0x9C,0x73,0x9C,0x73,0x9C,0x73,
	0x9C,0x73,0x9C,0x73,0x9C,0x73,0x9C,0x73,0x9C,0x73,0x9C,0x73,0x9C,0x73,0x9C,0x73,
	0x9C,0x73,0x9C,0x73,0x9C,0x73,0x9C,0x73,0x9C,0x73,0x9C,0x73,0x9C,0x73,0x9C,0x73,
	0x9C,0x73,0x9C,0x73,0x9C,0x73,0x9C,0x73,0x9C,0x73,0x9C,0x73,0x9C,0x73,0x9C,0x73,
	0x9C,0x73,0x9C,0x73,0x9C,0x73,0x9C,0x73,0x9C,0x73,0x9C,0x73,0x9C,0x73,0x9C,0x73,
	0xB5,0x56,0x9C,0x73,0x9C,0x73,0x9C,0x73,0x9C,0x73,0x9C,0x73,0x9C,0x73,0x9C,0x73,

	0x9C,0x73,0x9C,0x73,0x9C,0x73,0x9C,0x73,0x9C,0x73,0x9C,0x73,0x9C,0x73,0x9C,0x73,
	0x9C,0x73,0x9C,0x73,0x9C,0x73,0x9C,0x73,0x9C,0x73,0x9C,0x73,0x9C,0x73,0x9C,0x73,
	0xFF,0x7F,0xFF,0x7F,0xFF,0x7F,0xFF,0x7F,0xFF,0x7F,0xFF,0x7F,0xFF,0x7F,0xFF,0x7F,
	0xFF,0x7F,0xFF,0x7F,0xFF,0x7F,0xFF,0x7F,0xFF,0x7F,0xFF,0x7F,0xFF,0x7F,0xFF,0x7F,
	0xFF,0x7F,0xFF,0x7F,0xFF,0x7F,0xFF,0x7F,0xFF,0x7F,0xFF,0x7F,0xFF,0x7F,0xFF,0x7F,
	0xB5,0x56,0xFF,0x7F,0xFF,0x7F,0xFF,0x7F,0xFF,0x7F,0xFF,0x7F,0xFF,0x7F,0xFF,0x7F,
	0xFF,0x7F,0xFF,0x7F,0xFF,0x7F,0xFF,0x7F,0xFF,0x7F,0xFF,0x7F,0xFF,0x7F,0xFF,0x7F,
	0xFF,0x7F,0xFF,0x7F,0xFF,0x7F,0xFF,0x7F,0xFF,0x7F,0xFF,0x7F,0xFF,0x7F,0xFF,0x7F,

	0xFF,0x7F,0xFF,0x7F,0xFF,0x7F,0xFF,0x7F,0xFF,0x7F,0xFF,0x7F,0xFF,0x7F,0xFF,0x7F,
	0xFF,0x7F,0xFF,0x7F,0xFF,0x7F,0xFF,0x7F,0xFF,0x7F,0xFF,0x7F,0xFF,0x7F,0xFF,0x7F,
	0xFF,0x7F,0xFF,0x7F,0xFF,0x7F,0xFF,0x7F,0xFF,0x7F,0xFF,0x7F,0xFF,0x7F,0xFF,0x7F,
	0xB5,0x56,0xFF,0x7F,0xFF,0x7F,0xFF,0x7F,0xFF,0x7F,0xFF,0x7F,0xFF,0x7F,0xFF,0x7F,
	0xFF,0x7F,0xFF,0x7F,0xFF,0x7F,0xFF,0x7F,0x00,0x00,0xFF,0x7F,0xFF,0x7F,0xFF,0x7F,
	0xFF,0x7F,0xFF,0x7F,0xFF,0x7F,0xFF,0x7F,0xFF,0x7F,0xFF,0x7F,0xFF,0x7F,0xFF,0x7F,
	0xFF,0x7F,0xFF,0x7F,0x00,0x00,0xFF,0x7F,0xFF,0x7F,0xFF,0x7F,0xFF,0x7F,0xFF,0x7F,
	0xFF,0x7F,0xFF,0x7F,0xFF,0x7F,0xFF,0x7F,0xFF,0x7F,0xFF,0x7F,0xFF,0x7F,0xFF,0x7F,

	0xFF,0x7F,0xFF,0x7F,0xFF,0x7F,0xFF,0x7F,0xFF,0x7F,0xFF,0x7F,0xFF,0x7F,0xFF,0x7F,
	0xFF,0x7F,0xFF,0x7F,0xFF,0x7F,0xFF,0x7F,0xFF,0x7F,0xFF,0x7F,0xFF,0x7F,0xFF,0x7F,
	0xFF,0x7F,0xFF,0x7F,0xFF,0x7F,0xFF,0x7F,0xFF,0x7F,0xFF,0x7F,0xFF,0x7F,0xFF,0x7F,
	0xFF,0x7F,0xFF,0x7F,0xFF,0x7F,0xFF,0x7F,0xFF,0x7F,0xFF,0x7F,0xFF,0x7F,0xFF,0x7F,
	0xFF,0x7F,0xFF,0x7F,0xFF,0x7F,0xFF,0x7F,0xFF,0x7F,0xFF,0x7F,0xFF,0x7F,0xFF,0x7F,
	0xFF,0x7F,0xFF,0x7F,0xFF,0x7F,0xFF,0x7F,0x00,0x00,0xFF,0x7F,0xFF,0x7F,0xFF,0x7F,
	0xFF,0x7F,0xFF,0x7F,0xFF,0x7F,0xFF,0x7F,0xFF,0x7F,0xFF,0x7F,0xFF,0x7F,0xFF,0x7F,
	0xB5,0x56,0xFF,0x7F,0xFF,0x7F,0xFF,0x7F,0xFF,0x7F,0xFF,0x7F,0xFF,0x7F,0xFF,0x7F,

	0xFF,0x7F,0xFF,0x7F,0xFF,0x7F,0xFF,0x7F,0xFF,0x7F,0xFF,0x7F,0xFF,0x7F,0xFF,0x7F,
	0xFF,0x7F,0xFF,0x7F,0xFF,0x7F,0xFF,0x7F,0xFF,0x7F,0xFF,0x7F,0xFF,0x7F,0xFF,0x7F,
	0xFF,0x7F,0xFF,0x7F,0xFF,0x7F,0xFF,0x7F,0xFF,0x7F,0xFF,0x7F,0xFF,0x7F,0xFF,0x7F,
	0xFF,0x7F,0xFF,0x7F,0xFF,0x7F,0xFF,0x7F,0xFF,0x7F,0xFF,0x7F,0xFF,0x7F,0xFF,0x7F,
	0xFF,0x7F,0xFF,0x7F,0xFF,0x7F,0xFF,0x7F,0xFF,0x7F,0xFF,0x7F,0xFF,0x7F,0xFF,0x7F,
	0xB5,0x56,0xFF,0x7F,0xFF,0x7F,0xFF,0x7F,0xFF,0x7F,0xFF,0x7F,0xFF,0x7F,0xFF,0x7F,
	0xFF,0x7F,0xFF,0x7F,0xFF,0x7F,0xFF,0x7F,0xFF,0x7F,0xFF,0x7F,0xFF,0x7F,0xFF,0x7F,
	0xFF,0x7F,0xFF,0x7F,0xFF,0x7F,0xFF,0x7F,0xFF,0x7F,0xFF,0x7F,0xFF,0x7F,0xFF,0x7F,

	0x9C,0x73,0x9C,0x73,0x9C,0x73,0x9C,0x73,0x9C,0x73,0x9C,0x73,0x9C,0x73,0x9C,0x73,
	0x9C,0x73,0x9C,0x73,0x9C,0x73,0x9C,0x73,0x9C,0x73,0x9C,0x73,0x9C,0x73,0x9C,0x73,
	0x9C,0x73,0x9C,0x73,0x9C,0x73,0x9C,0x73,0x9C,0x73,0x9C,0x73,0x9C,0x73,0x9C,0x73,
	0xB5,0x56,0x9C,0x73,0x9C,0x73,0x9C,0x73,0x9C,0x73,0x9C,0x73,0x9C,0x73,0x9C,0x73,
	0x9C,0x73,0x9C,0x73,0x9C,0x73,0x9C,0x73,0x9C,0x73,0x9C,0x73,0x9C,0x73,0x9C,0x73,
	0x9C,0x73,0x9C,0x73,0x9C,0x73,0x9C,0x73,0x9C,0x73,0x9C,0x73,0x9C,0x73,0x9C,0x73,
	0x9C,0x73,0x9C,0x73,0x9C,0x73,0x9C,0x73,0x9C,0x73,0x9C,0x73,0x9C,0x73,0x9C,0x73,
	0x9C,0x73,0x9C,0x73,0x9C,0x73,0x9C,0x73,0x9C,0x73,0x9C,0x73,0x9C,0x73,0x9C,0x73,

	0x9C,0x73,0x9C,0x73,0x9C,0x73,0x9C,0x73,0x9C,0x73,0x9C,0x73,0x9C,0x73,0x9C,0x73,
	0xB5,0x56,0x9C,0x73,0x9C,0x73,0x9C,0x73,0x9C,0x73,0x9C,0x73,0x9C,0x73,0x9C,0x73,
	0x9C,0x73,0x9C,0x73,0x9C,0x73,0x9C,0x73,0x00,0x00,0x9C,0x73,0x9C,0x73,0x9C,0x73,
	0x9C,0x73,0x9C,0x73,0x9C,0x73,0x9C,0x73,0x9C,0x73,0x9C,0x73,0x9C,0x73,0x9C,0x73,
	0x9C,0x73,0x9C,0x73,0x9C,0x73,0x9C,0x73,0x9C,0x73,0x9C,0x73,0x9C,0x73,0x9C,0x73,
	0x9C,0x73,0x9C,0x73,0x9C,0x73,0x9C,0x73,0x9C,0x73,0x9C,0x73,0x9C,0x73,0x9C,0x73,
	0x9C,0x73,0x9C,0x73,0x9C,0x73,0x9C,0x73,0x9C,0x73,0x9C,0x73,0x9C,0x73,0x9C,0x73,
	0x9C,0x73,0x9C,0x73,0x9C,0x73,0x9C,0x73,0x9C,0x73,0x9C,0x73,0x9C,0x73,0x9C,0x73,

	0x9C,0x73,0x9C,0x73,0x9C,0x73,0x9C,0x73,0x9C,0x73,0x9C,0x73,0x9C,0x73,0x9C,0x73,
	0x9C,0x73,0x9C,0x73,0x9C,0x73,0x9C,0x73,0x9C,0x73,0x9C,0x73,0x9C,0x73,0x9C,0x73,
	0x9C,0x73,0x9C,0x73,0x9C,0x73,0x9C,0x73,0x9C,0x73,0x9C,0x73,0x9C,0x73,0x9C,0x73,
	0x9C,0x73,0x9C,0x73,0x9C,0x73,0x9C,0x73,0x00,0x00,0x9C,0x73,0x9C,0x73,0x9C,0x73,
	0x9C,0x73,0x9C,0x73,0x9C,0x73,0x9C,0x73,0x9C,0x73,0x9C,0x73,0x9C,0x73,0x9C,0x73,
	0xB5,0x56,0x9C,0x73,0x9C,0x73,0x9C,0x73,0x9C,0x73,0x9C,0x73,0x9C,0x73,0x9C,0x73,
	0x9C,0x73,0x9C,0x73,0x9C,0x73,0x9C,0x73,0x9C,0x73,0x9C,0x73,0x9C,0x73,0x9C,0x73,
	0x9C,0x73,0x9C,0x73,0x9C,0x73,0x9C,0x73,0x9C,0x73,0x9C,0x73,0x9C,0x73,0x9C,0x73,

	0x9C,0x73,0x9C,0x73,0x9C,0x73,0x9C,0x73,0x9C,0x73,0x9C,0x73,0x9C,0x73,0x9C,0x73,
	0x9C,0x73,0x9C,0x73,0x9C,0x73,0x9C,0x73,0x9C,0x73,0x9C,0x73,0x9C,0x73,0x9C,0x73,
	0x9C,0x73,0x9C,0x73,0x9C,0x73,0x9C,0x73,0x9C,0x73,0x9C,0x73,0x9C,0x73,0x9C,0x73,
	0xB5,0x56,0x9C,0x73,0x9C,0x73,0x9C,0x73,0x9C,0x73,0x9C,0x73,0x9C,0x73,0x9C,0x73,
	0x9C,0x73,0x9C,0x73,0x9C,0x73,0x9C,0x73,0x9C,0x73,0x9C,0x73,0x9C,0x73,0x9C,0x73,
	0x9C,0x73,0x9C,0x73,0x9C,0x73,0x9C,0x73,0x9C,0x73,0x9C,0x73,0x9C,0x73,0x9C,0x73,
	0xFF,0x7F,0xFF,0x7F,0xFF,0x7F,0xFF,0x7F,0xFF,0x7F,0xFF,0x7F,0xFF,0x7F,0xFF,0x7F,
	0xFF,0x7F,0xFF,0x7F,0xFF,0x7F,0xFF,0x7F,0xFF,0x7F,0xFF,0x7F,0xFF,0x7F,0xFF,0x7F,

	0xFF,0x7F,0xFF,0x7F,0xFF,0x7F,0xFF,0x7F,0xFF,0x7F,0xFF,0x7F,0xFF,0x7F,0xFF,0x7F,
	0xB5,0x56,0xFF,0x7F,0xFF,0x7F,0xFF,0x7F,0xFF,0x7F,0xFF,0x7F,0xFF,0x7F,0xFF,0x7F,
	0xFF,0x7F,0xFF,0x7F,0xFF,0x7F,0xFF,0x7F,0xFF,0x7F,0xFF,0x7F,0xFF,0x7F,0xFF,0x7F,
	0xFF,0x7F,0xFF,0x7F,0xFF,0x7F,0xFF,0x7F,0xFF,0x7F,0xFF,0x7F,0xFF,0x7F,0xFF,0x7F,
	0xFF,0x7F,0xFF,0x7F,0xFF,0x7F,0xFF,0x7F,0xFF,0x7F,0xFF,0x7F,0xFF,0x7F,0xFF,0x7F,
	0xFF,0x7F,0xFF,0x7F,0xFF,0x7F,0xFF,0x7F,0xFF,0x7F,0xFF,0x7F,0xFF,0x7F,0xFF,0x7F,
	0xFF,0x7F,0xFF,0x7F,0xFF,0x7F,0xFF,0x7F,0xFF,0x7F,0xFF,0x7F,0xFF,0x7F,0xFF,0x7F,
	0xB5,0x56,0xFF,0x7F,0xFF,0x7F,0xFF,0x7F,0xFF,0x7F,0xFF,0x7F,0xFF,0x7F,0xFF,0x7F,

	0xFF,0x7F,0xFF,0x7F,0xFF,0x7F,0xFF,0x7F,0x00,0x00,0x00,0x00,0x00,0x00,0x00,0x00,
	0x00,0x00,0x00,0x00,0x00,0x00,0x00,0x00,0x00,0x00,0x00,0x00,0x00,0x00,0x00,0x00,
	0x00,0x00,0x00,0x00,0x00,0x00,0x00,0x00,0x00,0x00,0x00,0x00,0x00,0x00,0x00,0x00,
	0x00,0x00,0x00,0x00,0x00,0x00,0x00,0x00,0x00,0x00,0x00,0x00,0x00,0x00,0x00,0x00,
	0x00,0x00,0x00,0x00,0x00,0x00,0x00,0x00,0x00,0x00,0x00,0x00,0x00,0x00,0x00,0x00,
	0x00,0x00,0x00,0x00,0x00,0x00,0x00,0x00,0x00,0x00,0x00,0x00,0x00,0x00,0x00,0x00,
	0x00,0x00,0x00,0x00,0x00,0x00,0x00,0x00,0x00,0x00,0x00,0x00,0x00,0x00,0x00,0x00,
	0x00,0x00,0x00,0x00,0x00,0x00,0x00,0x00,0x00,0x00,0x00,0x00,0x00,0x00,0x00,0x00,

	0x00,0x00,0x00,0x00,0x00,0x00,0x00,0x00,0x00,0x00,0x00,0x00,0x00,0x00,0x00,0x00,
	0x00,0x00,0x00,0x00,0x00,0x00,0x00,0x00,0x00,0x00,0xFF,0x7F,0xFF,0x7F,0xFF,0x7F,
	0xFF,0x7F,0xFF,0x7F,0xFF,0x7F,0xFF,0x7F,0xFF,0x7F,0xFF,0x7F,0xFF,0x7F,0xFF,0x7F,
	0xB5,0x56,0xFF,0x7F,0xFF,0x7F,0xFF,0x7F,0xFF,0x7F,0xFF,0x7F,0xFF,0x7F,0xFF,0x7F,
	0xFF,0x7F,0xFF,0x7F,0xFF,0x7F,0xFF,0x7F,0xFF,0x7F,0xFF,0x7F,0xFF,0x7F,0xFF,0x7F,
	0xFF,0x7F,0xFF,0x7F,0xFF,0x7F,0xFF,0x7F,0xFF,0x7F,0xFF,0x7F,0xFF,0x7F,0xFF,0x7F,
	0xFF,0x7F,0xFF,0x7F,0xFF,0x7F,0xFF,0x7F,0xFF,0x7F,0xFF,0x7F,0xFF,0x7F,0xFF,0x7F,
	0xFF,0x7F,0xFF,0x7F,0xFF,0x7F,0xFF,0x7F,0xFF,0x7F,0xFF,0x7F,0xFF,0x7F,0xFF,0x7F,

	0xFF,0x7F,0xFF,0x7F,0xFF,0x7F,0xFF,0x7F,0xFF,0x7F,0xFF,0x7F,0xFF,0x7F,0xFF,0x7F,
	0xB5,0x56,0xFF,0x7F,0xFF,0x7F,0xFF,0x7F,0xFF,0x7F,0xFF,0x7F,0xFF,0x7F,0xFF,0x7F,
	0xFF,0x7F,0xFF,0x7F,0xFF,0x7F,0xFF,0x7F,0xFF,0x7F,0xFF,0x7F,0xFF,0x7F,0xFF,0x7F,
	0xFF,0x7F,0xFF,0x7F,0xFF,0x7F,0xFF,0x7F,0xFF,0x7F,0xFF,0x7F,0xFF,0x7F,0xFF,0x7F,
	0x9C,0x73,0x9C,0x73,0x9C,0x73,0x9C,0x73,0x9C,0x73,0x9C,0x73,0x9C,0x73,0x9C,0x73,
	0x9C,0x73,0x9C,0x73,0x9C,0x73,0x9C,0x73,0x9C,0x73,0x9C,0x73,0x9C,0x73,0x9C,0x73,
	0x9C,0x73,0x9C,0x73,0x9C,0x73,0x9C,0x73,0x9C,0x73,0x9C,0x73,0x9C,0x73,0x9C,0x73,
	0xB5,0x56,0x9C,0x73,0x9C,0x73,0x9C,0x73,0x9C,0x73,0x9C,0x73,0x9C,0x73,0x9C,0x73,

	0x9C,0x73,0x9C,0x73,0x9C,0x73,0x9C,0x73,0x9C,0x73,0x9C,0x73,0x9C,0x73,0x9C,0x73,
	0x9C,0x73,0x9C,0x73,0x9C,0x73,0x9C,0x73,0x9C,0x73,0x9C,0x73,0x9C,0x73,0x9C,0x73,
	0x9C,0x73,0x9C,0x73,0x9C,0x73,0x9C,0x73,0x9C,0x73,0x9C,0x73,0x9C,0x73,0x9C,0x73,
	0x9C,0x73,0x9C,0x73,0x9C,0x73,0x9C,0x73,0x9C,0x73,0x9C,0x73,0x9C,0x73,0x9C,0x73,
	0x9C,0x73,0x9C,0x73,0x9C,0x73,0x9C,0x73,0x9C,0x73,0x9C,0x73,0x9C,0x73,0x9C,0x73,
	0xB5,0x56,0x9C,0x73,0x9C,0x73,0x9C,0x73,0x9C,0x73,0x9C,0x73,0x9C,0x73,0x9C,0x73,
	0x9C,0x73,0x9C,0x73,0x9C,0x73,0x9C,0x73,0x9C,0x73,0x9C,0x73,0x9C,0x73,0x9C,0x73,
	0x9C,0x73,0x9C,0x73,0x9C,0x73,0x9C,0x73,0x9C,0x73,0x9C,0x73,0x9C,0x73,0x9C,0x73,

	0x9C,0x73,0x9C,0x73,0x9C,0x73,0x9C,0x73,0x9C,0x73,0x9C,0x73,0x9C,0x73,0x9C,0x73,
	0x9C,0x73,0x9C,0x73,0x9C,0x73,0x9C,0x73,0x9C,0x73,0x9C,0x73,0x9C,0x73,0x9C,0x73,
	0x9C,0x73,0x9C,0x73,0x9C,0x73,0x9C,0x73,0x9C,0x73,0x9C,0x73,0x9C,0x73,0x9C,0x73,
	0xB5,0x56,0x9C,0x73,0x9C,0x73,0x9C,0x73,0x9C,0x73,0x9C,0x73,0x9C,0x73,0x9C,0x73,
	0x9C,0x73,0x9C,0x73,0x9C,0x73,0x9C,0x73,0x9C,0x73,0x9C,0x73,0x9C,0x73,0x9C,0x73,
	0x9C,0x73,0x9C,0x73,0x9C,0x73,0x9C,0x73,0x9C,0x73,0x9C,0x73,0x9C,0x73,0x9C,0x73,
	0x9C,0x73,0x9C,0x73,0x9C,0x73,0x9C,0x73,0x9C,0x73,0x9C,0x73,0x9C,0x73,0x9C,0x73,
	0x9C,0x73,0x9C,0x73,0x9C,0x73,0x9C,0x73,0x9C,0x73,0x9C,0x73,0x9C,0x73,0x9C,0x73,

	0x9C,0x73,0x9C,0x73,0x9C,0x73,0x9C,0x73,0x9C,0x73,0x9C,0x73,0x9C,0x73,0x9C,0x73,
	0xB5,0x56,0x9C,0x73,0x9C,0x73,0x9C,0x73,0x9C,0x73,0x9C,0x73,0x9C,0x73,0x9C,0x73,
	0x9C,0x73,0x9C,0x73,0x9C,0x73,0x9C,0x73,0x9C,0x73,0x9C,0x73,0x9C,0x73,0x9C,0x73,
	0x9C,0x73,0x9C,0x73,0x9C,0x73,0x9C,0x73,0x9C,0x73,0x9C,0x73,0x9C,0x73,0x9C,0x73,
	0x9C,0x73,0x9C,0x73,0x9C,0x73,0x9C,0x73,0x9C,0x73,0x9C,0x73,0x9C,0x73,0x9C,0x73,
	0x9C,0x73,0x9C,0x73,0x9C,0x73,0x9C,0x73,0x9C,0x73,0x9C,0x73,0x9C,0x73,0x9C,0x73,
	0x9C,0x73,0x9C,0x73,0x9C,0x73,0x9C,0x73,0x9C,0x73,0x9C,0x73,0x9C,0x73,0x9C,0x73,
	0xB5,0x56,0x9C,0x73,0x9C,0x73,0x9C,0x73,0x9C,0x73,0x9C,0x73,0x9C,0x73,0x9C,0x73,

	0x9C,0x73,0x9C,0x73,0x9C,0x73,0x9C,0x73,0x9C,0x73,0x9C,0x73,0x9C,0x73,0x9C,0x73,
	0x9C,0x73,0x9C,0x73,0x9C,0x73,0x9C,0x73,0x9C,0x73,0x9C,0x73,0x9C,0x73,0x9C,0x73,
	0xFF,0x7F,0xFF,0x7F,0xFF,0x7F,0xFF,0x7F,0xFF,0x7F,0xFF,0x7F,0xFF,0x7F,0xFF,0x7F,
	0xFF,0x7F,0xFF,0x7F,0xFF,0x7F,0xFF,0x7F,0xFF,0x7F,0xFF,0x7F,0xFF,0x7F,0xFF,0x7F,
	0xFF,0x7F,0xFF,0x7F,0xFF,0x7F,0xFF,0x7F,0xFF,0x7F,0xFF,0x7F,0xFF,0x7F,0xFF,0x7F,
	0xB5,0x56,0xFF,0x7F,0xFF,0x7F,0xFF,0x7F,0xFF,0x7F,0xFF,0x7F,0xFF,0x7F,0xFF,0x7F,
	0xFF,0x7F,0xFF,0x7F,0xFF,0x7F,0xFF,0x7F,0xFF,0x7F,0xFF,0x7F,0xFF,0x7F,0xFF,0x7F,
	0xFF,0x7F,0xFF,0x7F,0xFF,0x7F,0xFF,0x7F,0xFF,0x7F,0xFF,0x7F,0xFF,0x7F,0xFF,0x7F,

	0xFF,0x7F,0xFF,0x7F,0xFF,0x7F,0xFF,0x7F,0xFF,0x7F,0xFF,0x7F,0xFF,0x7F,0xFF,0x7F,
	0xFF,0x7F,0xFF,0x7F,0xFF,0x7F,0xFF,0x7F,0xFF,0x7F,0xFF,0x7F,0xFF,0x7F,0xFF,0x7F,
	0xFF,0x7F,0xFF,0x7F,0xFF,0x7F,0xFF,0x7F,0xFF,0x7F,0xFF,0x7F,0xFF,0x7F,0xFF,0x7F,
	0xB5,0x56,0xFF,0x7F,0xFF,0x7F,0xFF,0x7F,0xFF,0x7F,0xFF,0x7F,0xFF,0x7F,0xFF,0x7F,
	0xFF,0x7F,0xFF,0x7F,0xFF,0x7F,0xFF,0x7F,0xFF,0x7F,0xFF,0x7F,0xFF,0x7F,0xFF,0x7F,
	0xFF,0x7F,0xFF,0x7F,0xFF,0x7F,0xFF,0x7F,0xFF,0x7F,0xFF,0x7F,0xFF,0x7F,0xFF,0x7F,
	0xFF,0x7F,0xFF,0x7F,0xFF,0x7F,0xFF,0x7F,0xFF,0x7F,0xFF,0x7F,0xFF,0x7F,0xFF,0x7F,
	0xFF,0x7F,0xFF,0x7F,0xFF,0x7F,0xFF,0x7F,0xFF,0x7F,0xFF,0x7F,0xFF,0x7F,0xFF,0x7F,

	0xFF,0x7F,0xFF,0x7F,0xFF,0x7F,0xFF,0x7F,0xFF,0x7F,0xFF,0x7F,0xFF,0x7F,0xFF,0x7F,
	0xB5,0x56,0xFF,0x7F,0xFF,0x7F,0xFF,0x7F,0xFF,0x7F,0xFF,0x7F,0xFF,0x7F,0xFF,0x7F,
	0xFF,0x7F,0xFF,0x7F,0xFF,0x7F,0xFF,0x7F,0xFF,0x7F,0xFF,0x7F,0xFF,0x7F,0xFF,0x7F,
	0xFF,0x7F,0xFF,0x7F,0xFF,0x7F,0xFF,0x7F,0xFF,0x7F,0xFF,0x7F,0xFF,0x7F,0xFF,0x7F,
	0xFF,0x7F,0xFF,0x7F,0xFF,0x7F,0xFF,0x7F,0xFF,0x7F,0xFF,0x7F,0xFF,0x7F,0xFF,0x7F,
	0xFF,0x7F,0xFF,0x7F,0xFF,0x7F,0xFF,0x7F,0xFF,0x7F,0xFF,0x7F,0xFF,0x7F,0xFF,0x7F,
	0xFF,0x7F,0xFF,0x7F,0xFF,0x7F,0xFF,0x7F,0xFF,0x7F,0xFF,0x7F,0xFF,0x7F,0xFF,0x7F,
	0xB5,0x56,0xFF,0x7F,0xFF,0x7F,0xFF,0x7F,0xFF,0x7F,0xFF,0x7F,0xFF,0x7F,0xFF,0x7F,

	0xFF,0x7F,0xFF,0x7F,0xFF,0x7F,0xFF,0x7F,0xFF,0x7F,0xFF,0x7F,0xFF,0x7F,0xFF,0x7F,
	0xFF,0x7F,0xFF,0x7F,0xFF,0x7F,0xFF,0x7F,0xFF,0x7F,0xFF,0x7F,0xFF,0x7F,0xFF,0x7F,
	0xFF,0x7F,0xFF,0x7F,0xFF,0x7F,0xFF,0x7F,0xFF,0x7F,0xFF,0x7F,0xFF,0x7F,0xFF,0x7F,
	0xFF,0x7F,0xFF,0x7F,0xFF,0x7F,0xFF,0x7F,0xFF,0x7F,0xFF,0x7F,0xFF,0x7F,0xFF,0x7F,
	0xFF,0x7F,0xFF,0x7F,0xFF,0x7F,0xFF,0x7F,0xFF,0x7F,0xFF,0x7F,0xFF,0x7F,0xFF,0x7F,
	0xB5,0x56,0xFF,0x7F,0xFF,0x7F,0xFF,0x7F,0xFF,0x7F,0xFF,0x7F,0xFF,0x7F,0xFF,0x7F,
	0xFF,0x7F,0xFF,0x7F,0xFF,0x7F,0xFF,0x7F,0xFF,0x7F,0xFF,0x7F,0xFF,0x7F,0xFF,0x7F,
	0xFF,0x7F,0xFF,0x7F,0xFF,0x7F,0xFF,0x7F,0xFF,0x7F,0xFF,0x7F,0xFF,0x7F,0xFF,0x7F,

	0x9C,0x73,0x9C,0x73,0x9C,0x73,0x9C,0x73,0x9C,0x73,0x9C,0x73,0x9C,0x73,0x9C,0x73,
	0x9C,0x73,0x9C,0x73,0x9C,0x73,0x9C,0x73,0x9C,0x73,0x9C,0x73,0x9C,0x73,0x9C,0x73,
	0x9C,0x73,0x9C,0x73,0x9C,0x73,0x9C,0x73,0x9C,0x73,0x9C,0x73,0x9C,0x73,0x9C,0x73,
	0xB5,0x56,0x9C,0x73,0x9C,0x73,0x9C,0x73,0x9C,0x73,0x9C,0x73,0x9C,0x73,0x9C,0x73,
	0x9C,0x73,0x9C,0x73,0x9C,0x73,0x9C,0x73,0x9C,0x73,0x9C,0x73,0x9C,0x73,0x9C,0x73,
	0x9C,0x73,0x9C,0x73,0x9C,0x73,0x9C,0x73,0x9C,0x73,0x9C,0x73,0x9C,0x73,0x9C,0x73,
	0x9C,0x73,0x9C,0x73,0x9C,0x73,0x9C,0x73,0x9C,0x73,0x9C,0x73,0x9C,0x73,0x9C,0x73,
	0x9C,0x73,0x9C,0x73,0x9C,0x73,0x9C,0x73,0x9C,0x73,0x9C,0x73,0x9C,0x73,0x9C,0x73,

	0x9C,0x73,0x9C,0x73,0x9C,0x73,0x9C,0x73,0x9C,0x73,0x9C,0x73,0x9C,0x73,0x9C,0x73,
	0xB5,0x56,0x9C,0x73,0x9C,0x73,0x9C,0x73,0x9C,0x73,0x9C,0x73,0x9C,0x73,0x9C,0x73,
	0x9C,0x73,0x9C,0x73,0x9C,0x73,0x9C,0x73,0x9C,0x73,0x9C,0x73,0x9C,0x73,0x9C,0x73,
	0x9C,0x73,0x9C,0x73,0x9C,0x73,0x9C,0x73,0x9C,0x73,0x9C,0x73,0x9C,0x73,0x9C,0x73,
	0x9C,0x73,0x9C,0x73,0x9C,0x73,0x9C,0x73,0x9C,0x73,0x9C,0x73,0x9C,0x73,0x9C,0x73,
	0x9C,0x73,0x9C,0x73,0x9C,0x73,0x9C,0x73,0x9C,0x73,0x9C,0x73,0x9C,0x73,0x9C,0x73,
	0x9C,0x73,0x9C,0x73,0x9C,0x73,0x9C,0x73,0x9C,0x73,0x9C,0x73,0x9C,0x73,0x9C,0x73,
	0xB5,0x56,0x9C,0x73,0x9C,0x73,0x9C,0x73,0x9C,0x73,0x9C,0x73,0x9C,0x73,0x9C,0x73,

	0x9C,0x73,0x9C,0x73,0x9C,0x73,0x9C,0x73,0x9C,0x73,0x9C,0x73,0x9C,0x73,0x9C,0x73,
	0x9C,0x73,0x9C,0x73,0x9C,0x73,0x9C,0x73,0x9C,0x73,0x9C,0x73,0x9C,0x73,0x9C,0x73,
	0x9C,0x73,0x9C,0x73,0x9C,0x73,0x9C,0x73,0x9C,0x73,0x9C,0x73,0x9C,0x73,0x9C,0x73,
	0x9C,0x73,0x9C,0x73,0x9C,0x73,0x9C,0x73,0x9C,0x73,0x9C,0x73,0x9C,0x73,0x9C,0x73,
	0x9C,0x73,0x9C,0x73,0x9C,0x73,0x9C,0x73,0x9C,0x73,0x9C,0x73,0x9C,0x73,0x9C,0x73,
	0xB5,0x56,0x9C,0x73,0x9C,0x73,0x9C,0x73,0x9C,0x73,0x9C,0x73,0x9C,0x73,0x9C,0x73,
	0x9C,0x73,0x9C,0x73,0x9C,0x73,0x9C,0x73,0x9C,0x73,0x9C,0x73,0x9C,0x73,0x9C,0x73,
	0x9C,0x73,0x9C,0x73,0x9C,0x73,0x9C,0x73,0x9C,0x73,0x9C,0x73,0x9C,0x73,0x9C,0x73,

	0x9C,0x73,0x9C,0x73,0x9C,0x73,0x9C,0x73,0x9C,0x73,0x9C,0x73,0x9C,0x73,0x9C,0x73,
	0x9C,0x73,0x9C,0x73,0x9C,0x73,0x9C,0x73,0x9C,0x73,0x9C,0x73,0x9C,0x73,0x9C,0x73,
	0x9C,0x73,0x9C,0x73,0x9C,0x73,0x9C,0x73,0x9C,0x73,0x9C,0x73,0x9C,0x73,0x9C,0x73,
	0xB5,0x56,0x9C,0x73,0x9C,0x73,0x9C,0x73,0x9C,0x73,0x9C,0x73,0x9C,0x73,0x9C,0x73,
	0x9C,0x73,0x9C,0x73,0x9C,0x73,0x9C,0x73,0x9C,0x73,0x9C,0x73,0x9C,0x73,0x9C,0x73,
	0x9C,0x73,0x9C,0x73,0x9C,0x73,0x9C,0x73,0x9C,0x73,0x9C,0x73,0x9C,0x73,0x9C,0x73,
	0xFF,0x7F,0xFF,0x7F,0xFF,0x7F,0xFF,0x7F,0xFF,0x7F,0xFF,0x7F,0xFF,0x7F,0xFF,0x7F,
	0xFF,0x7F,0xFF,0x7F,0xFF,0x7F,0xFF,0x7F,0xFF,0x7F,0xFF,0x7F,0xFF,0x7F,0xFF,0x7F,

	0xFF,0x7F,0xFF,0x7F,0xFF,0x7F,0xFF,0x7F,0xFF,0x7F,0xFF,0x7F,0xFF,0x7F,0xFF,0x7F,
	0xB5,0x56,0xFF,0x7F,0xFF,0x7F,0xFF,0x7F,0xFF,0x7F,0xFF,0x7F,0xFF,0x7F,0xFF,0x7F,
	0xFF,0x7F,0xFF,0x7F,0xFF,0x7F,0xFF,0x7F,0xFF,0x7F,0xFF,0x7F,0xFF,0x7F,0xFF,0x7F,
	0xFF,0x7F,0xFF,0x7F,0xFF,0x7F,0xFF,0x7F,0xFF,0x7F,0xFF,0x7F,0xFF,0x7F,0xFF,0x7F,
	0xFF,0x7F,0xFF,0x7F,0xFF,0x7F,0xFF,0x7F,0xFF,0x7F,0xFF,0x7F,0xFF,0x7F,0xFF,0x7F,
	0xFF,0x7F,0xFF,0x7F,0xFF,0x7F,0xFF,0x7F,0xFF,0x7F,0xFF,0x7F,0xFF,0x7F,0xFF,0x7F,
	0xFF,0x7F,0xFF,0x7F,0xFF,0x7F,0xFF,0x7F,0xFF,0x7F,0xFF,0x7F,0xFF,0x7F,0xFF,0x7F,
	0xB5,0x56,0xFF,0x7F,0xFF,0x7F,0xFF,0x7F,0xFF,0x7F,0xFF,0x7F,0xFF,0x7F,0xFF,0x7F,

	0xFF,0x7F,0xFF,0x7F,0xFF,0x7F,0xFF,0x7F,0xFF,0x7F,0xFF,0x7F,0xFF,0x7F,0xFF,0x7F,
	0xFF,0x7F,0xFF,0x7F,0xFF,0x7F,0xFF,0x7F,0xFF,0x7F,0xFF,0x7F,0xFF,0x7F,0xFF,0x7F,
	0xFF,0x7F,0xFF,0x7F,0xFF,0x7F,0xFF,0x7F,0xFF,0x7F,0xFF,0x7F,0xFF,0x7F,0xFF,0x7F,
	0xFF,0x7F,0xFF,0x7F,0xFF,0x7F,0xFF,0x7F,0xFF,0x7F,0xFF,0x7F,0xFF,0x7F,0xFF,0x7F,
	0xFF,0x7F,0xFF,0x7F,0xFF,0x7F,0xFF,0x7F,0xFF,0x7F,0xFF,0x7F,0xFF,0x7F,0xFF,0x7F,
	0xB5,0x56,0xFF,0x7F,0xFF,0x7F,0xFF,0x7F,0xFF,0x7F,0xFF,0x7F,0xFF,0x7F,0xFF,0x7F,
	0xFF,0x7F,0xFF,0x7F,0xFF,0x7F,0xFF,0x7F,0xFF,0x7F,0xFF,0x7F,0xFF,0x7F,0xFF,0x7F,
	0xFF,0x7F,0xFF,0x7F,0xFF,0x7F,0xFF,0x7F,0xFF,0x7F,0xFF,0x7F,0xFF,0x7F,0xFF,0x7F,

	0xFF,0x7F,0xFF,0x7F,0xFF,0x7F,0xFF,0x7F,0xFF,0x7F,0xFF,0x7F,0xFF,0x7F,0xFF,0x7F,
	0xFF,0x7F,0xFF,0x7F,0xFF,0x7F,0xFF,0x7F,0xFF,0x7F,0xFF,0x7F,0xFF,0x7F,0xFF,0x7F,
	0xFF,0x7F,0xFF,0x7F,0xFF,0x7F,0xFF,0x7F,0xFF,0x7F,0xFF,0x7F,0xFF,0x7F,0xFF,0x7F,
	0xB5,0x56,0xFF,0x7F,0xFF,0x7F,0xFF,0x7F,0xFF,0x7F,0xFF,0x7F,0xFF,0x7F,0xFF,0x7F,
	0xFF,0x7F,0xFF,0x7F,0xFF,0x7F,0xFF,0x7F,0xFF,0x7F,0xFF,0x7F,0xFF,0x7F,0xFF,0x7F,
	0xFF,0x7F,0xFF,0x7F,0xFF,0x7F,0xFF,0x7F,0xFF,0x7F,0xFF,0x7F,0xFF,0x7F,0xFF,0x7F,
	0xFF,0x7F,0xFF,0x7F,0xFF,0x7F,0xFF,0x7F,0xFF,0x7F,0xFF,0x7F,0xFF,0x7F,0xFF,0x7F,
	0xFF,0x7F,0xFF,0x7F,0xFF,0x7F,0xFF,0x7F,0xFF,0x7F,0xFF,0x7F,0xFF,0x7F,0xFF,0x7F,

	0xFF,0x7F,0xFF,0x7F,0xFF,0x7F,0xFF,0x7F,0xFF,0x7F,0xFF,0x7F,0xFF,0x7F,0xFF,0x7F,
	0xB5,0x56,0xFF,0x7F,0xFF,0x7F,0xFF,0x7F,0xFF,0x7F,0xFF,0x7F,0xFF,0x7F,0xFF,0x7F,
	0xFF,0x7F,0xFF,0x7F,0xFF,0x7F,0xFF,0x7F,0xFF,0x7F,0xFF,0x7F,0xFF,0x7F,0xFF,0x7F,
	0xFF,0x7F,0xFF,0x7F,0xFF,0x7F,0xFF,0x7F,0xFF,0x7F,0xFF,0x7F,0xFF,0x7F,0xFF,0x7F,
	0x9C,0x73,0x9C,0x73,0x9C,0x73,0x9C,0x73,0x9C,0x73,0x9C,0x73,0x9C,0x73,0x9C,0x73,
	0x9C,0x73,0x9C,0x73,0x9C,0x73,0x9C,0x73,0x9C,0x73,0x9C,0x73,0x9C,0x73,0x9C,0x73,
	0x9C,0x73,0x9C,0x73,0x9C,0x73,0x9C,0x73,0x9C,0x73,0x9C,0x73,0x9C,0x73,0x9C,0x73,
	0xB5,0x56,0x9C,0x73,0x9C,0x73,0x9C,0x73,0x9C,0x73,0x9C,0x73,0x9C,0x73,0x9C,0x73,

	0x9C,0x73,0x9C,0x73,0x9C,0x73,0x9C,0x73,0x9C,0x73,0x9C,0x73,0x9C,0x73,0x9C,0x73,
	0x9C,0x73,0x9C,0x73,0x9C,0x73,0x9C,0x73,0x9C,0x73,0x9C,0x73,0x9C,0x73,0x9C,0x73,
	0x9C,0x73,0x9C,0x73,0x9C,0x73,0x9C,0x73,0x9C,0x73,0x9C,0x73,0x9C,0x73,0x9C,0x73,
	0x9C,0x73,0x9C,0x73,0x9C,0x73,0x9C,0x73,0x9C,0x73,0x9C,0x73,0x9C,0x73,0x9C,0x73,
	0x9C,0x73,0x9C,0x73,0x9C,0x73,0x9C,0x73,0x9C,0x73,0x9C,0x73,0x9C,0x73,0x9C,0x73,
	0xB5,0x56,0x9C,0x73,0x9C,0x73,0x9C,0x73,0x9C,0x73,0x9C,0x73,0x9C,0x73,0x9C,0x73,
	0x9C,0x73,0x9C,0x73,0x9C,0x73,0x9C,0x73,0x9C,0x73,0x9C,0x73,0x9C,0x73,0x9C,0x73,
	0x9C,0x73,0x9C,0x73,0x9C,0x73,0x9C,0x73,0x9C,0x73,0x9C,0x73,0x9C,0x73,0x9C,0x73,

	0x9C,0x73,0x9C,0x73,0x9C,0x73,0x9C,0x73,0x9C,0x73,0x9C,0x73,0x9C,0x73,0x9C,0x73,
	0x9C,0x73,0x9C,0x73,0x9C,0x73,0x9C,0x73,0x9C,0x73,0x9C,0x73,0x9C,0x73,0x9C,0x73,
	0x9C,0x73,0x9C,0x73,0x9C,0x73,0x9C,0x73,0x9C,0x73,0x9C,0x73,0x9C,0x73,0x9C,0x73,
	0xB5,0x56,0x9C,0x73,0x9C,0x73,0x9C,0x73,0x9C,0x73,0x9C,0x73,0x9C,0x73,0x9C,0x73,
	0x9C,0x73,0x9C,0x73,0x9C,0x73,0x9C,0x73,0x9C,0x73,0x9C,0x73,0x9C,0x73,0x9C,0x73,
	0x9C,0x73,0x9C,0x73,0x9C,0x73,0x9C,0x73,0x9C,0x73,0x9C,0x73,0x9C,0x73,0x9C,0x73,
	0x9C,0x73,0x9C,0x73,0x9C,0x73,0x9C,0x73,0x9C,0x73,0x9C,0x73,0x9C,0x73,0x9C,0x73,
	0x9C,0x73,0x9C,0x73,0x9C,0x73,0x9C,0x73,0x9C,0x73,0x9C,0x73,0x9C,0x73,0x9C,0x73,

	0x9C,0x73,0x9C,0x73,0x9C,0x73,0x9C,0x73,0x9C,0x73,0x9C,0x73,0x9C,0x73,0x9C,0x73,
	0xB5,0x56,0x9C,0x73,0x9C,0x73,0x9C,0x73,0x9C,0x73,0x9C,0x73,0x9C,0x73,0x9C,0x73,
	0x9C,0x73,0x9C,0x73,0x9C,0x73,0x9C,0x73,0x9C,0x73,0x9C,0x73,0x9C,0x73,0x9C,0x73,
	0x9C,0x73,0x9C,0x73,0x9C,0x73,0x9C,0x73,0x9C,0x73,0x9C,0x73,0x9C,0x73,0x9C,0x73,
	0x9C,0x73,0x9C,0x73,0x9C,0x73,0x9C,0x73,0x9C,0x73,0x9C,0x73,0x9C,0x73,0x9C,0x73,
	0x9C,0x73,0x9C,0x73,0x9C,0x73,0x9C,0x73,0x9C,0x73,0x9C,0x73,0x9C,0x73,0x9C,0x73,
	0x9C,0x73,0x9C,0x73,0x9C,0x73,0x9C,0x73,0x9C,0x73,0x9C,0x73,0x9C,0x73,0x9C,0x73,
	0xB5,0x56,0x9C,0x73,0x9C,0x73,0x9C,0x73,0x9C,0x73,0x9C,0x73,0x9C,0x73,0x9C,0x73,

	0x9C,0x73,0x9C,0x73,0x9C,0x73,0x9C,0x73,0x9C,0x73,0x9C,0x73,0x9C,0x73,0x9C,0x73,
	0x9C,0x73,0x9C,0x73,0x9C,0x73,0x9C,0x73,0x9C,0x73,0x9C,0x73,0x9C,0x73,0x9C,0x73,
	0xFF,0x7F,0xFF,0x7F,0xFF,0x7F,0xFF,0x7F,0xFF,0x7F,0xFF,0x7F,0xFF,0x7F,0xFF,0x7F,
	0xFF,0x7F,0xFF,0x7F,0xFF,0x7F,0xFF,0x7F,0xFF,0x7F,0xFF,0x7F,0xFF,0x7F,0xFF,0x7F,
	0xFF,0x7F,0xFF,0x7F,0xFF,0x7F,0xFF,0x7F,0xFF,0x7F,0xFF,0x7F,0xFF,0x7F,0xFF,0x7F,
	0xB5,0x56,0xFF,0x7F,0xFF,0x7F,0xFF,0x7F,0xFF,0x7F,0xFF,0x7F,0xFF,0x7F,0xFF,0x7F,
	0xFF,0x7F,0xFF,0x7F,0xFF,0x7F,0xFF,0x7F,0xFF,0x7F,0xFF,0x7F,0xFF,0x7F,0xFF,0x7F,
	0xFF,0x7F,0xFF,0x7F,0xFF,0x7F,0xFF,0x7F,0xFF,0x7F,0xFF,0x7F,0xFF,0x7F,0xFF,0x7F,

	0xFF,0x7F,0xFF,0x7F,0xFF,0x7F,0xFF,0x7F,0xFF,0x7F,0xFF,0x7F,0xFF,0x7F,0xFF,0x7F,
	0xFF,0x7F,0xFF,0x7F,0xFF,0x7F,0xFF,0x7F,0xFF,0x7F,0xFF,0x7F,0xFF,0x7F,0xFF,0x7F,
	0xFF,0x7F,0xFF,0x7F,0xFF,0x7F,0xFF,0x7F,0xFF,0x7F,0xFF,0x7F,0xFF,0x7F,0xFF,0x7F,
	0xB5,0x56,0xFF,0x7F,0xFF,0x7F,0xFF,0x7F,0xFF,0x7F,0xFF,0x7F,0xFF,0x7F,0xFF,0x7F,
	0xFF,0x7F,0xFF,0x7F,0xFF,0x7F,0xFF,0x7F,0xFF,0x7F,0xFF,0x7F,0xFF,0x7F,0xFF,0x7F,
	0xFF,0x7F,0xFF,0x7F,0xFF,0x7F,0xFF,0x7F,0xFF,0x7F,0xFF,0x7F,0xFF,0x7F,0xFF,0x7F,
	0xFF,0x7F,0xFF,0x7F,0xFF,0x7F,0xFF,0x7F,0xFF,0x7F,0xFF,0x7F,0xFF,0x7F,0xFF,0x7F,
	0xFF,0x7F,0xFF,0x7F,0xFF,0x7F,0xFF,0x7F,0xFF,0x7F,0xFF,0x7F,0xFF,0x7F,0xFF,0x7F,

	0xFF,0x7F,0xFF,0x7F,0xFF,0x7F,0xFF,0x7F,0xFF,0x7F,0xFF,0x7F,0xFF,0x7F,0xFF,0x7F,
	0xB5,0x56,0xFF,0x7F,0xFF,0x7F,0xFF,0x7F,0xFF,0x7F,0xFF,0x7F,0xFF,0x7F,0xFF,0x7F,
	0xFF,0x7F,0xFF,0x7F,0xFF,0x7F,0xFF,0x7F,0xFF,0x7F,0xFF,0x7F,0xFF,0x7F,0xFF,0x7F,
	0xFF,0x7F,0xFF,0x7F,0xFF,0x7F,0xFF,0x7F,0xFF,0x7F,0xFF,0x7F,0xFF,0x7F,0xFF,0x7F,
	0xFF,0x7F,0xFF,0x7F,0xFF,0x7F,0xFF,0x7F,0xFF,0x7F,0xFF,0x7F,0xFF,0x7F,0xFF,0x7F,
	0xFF,0x7F,0xFF,0x7F,0xFF,0x7F,0xFF,0x7F,0xFF,0x7F,0xFF,0x7F,0xFF,0x7F,0xFF,0x7F,
	0xFF,0x7F,0xFF,0x7F,0xFF,0x7F,0xFF,0x7F,0xFF,0x7F,0xFF,0x7F,0xFF,0x7F,0xFF,0x7F,
	0xB5,0x56,0xFF,0x7F,0xFF,0x7F,0xFF,0x7F,0xFF,0x7F,0xFF,0x7F,0xFF,0x7F,0xFF,0x7F,

	0xFF,0x7F,0xFF,0x7F,0xFF,0x7F,0xFF,0x7F,0xFF,0x7F,0xFF,0x7F,0xFF,0x7F,0xFF,0x7F,
	0xFF,0x7F,0xFF,0x7F,0xFF,0x7F,0xFF,0x7F,0xFF,0x7F,0xFF,0x7F,0xFF,0x7F,0xFF,0x7F,
	0xFF,0x7F,0xFF,0x7F,0xFF,0x7F,0xFF,0x7F,0xFF,0x7F,0xFF,0x7F,0xFF,0x7F,0xFF,0x7F,
	0xFF,0x7F,0xFF,0x7F,0xFF,0x7F,0xFF,0x7F,0xFF,0x7F,0xFF,0x7F,0xFF,0x7F,0xFF,0x7F,
	0xFF,0x7F,0xFF,0x7F,0xFF,0x7F,0xFF,0x7F,0xFF,0x7F,0xFF,0x7F,0xFF,0x7F,0xFF,0x7F,
	0xB5,0x56,0xFF,0x7F,0xFF,0x7F,0xFF,0x7F,0xFF,0x7F,0xFF,0x7F,0xFF,0x7F,0xFF,0x7F,
	0xFF,0x7F,0xFF,0x7F,0xFF,0x7F,0xFF,0x7F,0xFF,0x7F,0xFF,0x7F,0xFF,0x7F,0xFF,0x7F,
	0xFF,0x7F,0xFF,0x7F,0xFF,0x7F,0xFF,0x7F,0xFF,0x7F,0xFF,0x7F,0xFF,0x7F,0xFF,0x7F,

	0x9C,0x73,0x9C,0x73,0x9C,0x73,0x9C,0x73,0x9C,0x73,0x9C,0x73,0x9C,0x73,0x9C,0x73,
	0x9C,0x73,0x9C,0x73,0x9C,0x73,0x9C,0x73,0x9C,0x73,0x9C,0x73,0x9C,0x73,0x9C,0x73,
	0x9C,0x73,0x9C,0x73,0x9C,0x73,0x9C,0x73,0x9C,0x73,0x9C,0x73,0x9C,0x73,0x9C,0x73,
	0xB5,0x56,0x9C,0x73,0x9C,0x73,0x9C,0x73,0x9C,0x73,0x9C,0x73,0x9C,0x73,0x9C,0x73,
	0x9C,0x73,0x9C,0x73,0x9C,0x73,0x9C,0x73,0x9C,0x73,0x9C,0x73,0x9C,0x73,0x9C,0x73,
	0x9C,0x73,0x9C,0x73,0x9C,0x73,0x9C,0x73,0x9C,0x73,0x9C,0x73,0x9C,0x73,0x9C,0x73,
	0x9C,0x73,0x9C,0x73,0x9C,0x73,0x9C,0x73,0x9C,0x73,0x9C,0x73,0x9C,0x73,0x9C,0x73,
	0x9C,0x73,0x9C,0x73,0x9C,0x73,0x9C,0x73,0x9C,0x73,0x9C,0x73,0x9C,0x73,0x9C,0x73,

	0x9C,0x73,0x9C,0x73,0x9C,0x73,0x9C,0x73,0x9C,0x73,0x9C,0x73,0x9C,0x73,0x9C,0x73,
	0xB5,0x56,0x9C,0x73,0x9C,0x73,0x9C,0x73,0x9C,0x73,0x9C,0x73,0x9C,0x73,0x9C,0x73,
	0x9C,0x73,0x9C,0x73,0x9C,0x73,0x9C,0x73,0x9C,0x73,0x9C,0x73,0x9C,0x73,0x9C,0x73,
	0x9C,0x73,0x9C,0x73,0x9C,0x73,0x9C,0x73,0x9C,0x73,0x9C,0x73,0x9C,0x73,0x9C,0x73,
	0x9C,0x73,0x9C,0x73,0x9C,0x73,0x9C,0x73,0x9C,0x73,0x9C,0x73,0x9C,0x73,0x9C,0x73,
	0x9C,0x73,0x9C,0x73,0x9C,0x73,0x9C,0x73,0x9C,0x73,0x9C,0x73,0x9C,0x73,0x9C,0x73,
	0x9C,0x73,0x9C,0x73,0x9C,0x73,0x9C,0x73,0x9C,0x73,0x9C,0x73,0x9C,0x73,0x9C,0x73,
	0xB5,0x56,0x9C,0x73,0x9C,0x73,0x9C,0x73,0x9C,0x73,0x9C,0x73,0x9C,0x73,0x9C,0x73,

	0x9C,0x73,0x9C,0x73,0x9C,0x73,0x9C,0x73,0x9C,0x73,0x9C,0x73,0x9C,0x73,0x9C,0x73,
	0x9C,0x73,0x9C,0x73,0x9C,0x73,0x9C,0x73,0x9C,0x73,0x9C,0x73,0x9C,0x73,0x9C,0x73,
	0x9C,0x73,0x9C,0x73,0x9C,0x73,0x9C,0x73,0x9C,0x73,0x9C,0x73,0x9C,0x73,0x9C,0x73,
	0x9C,0x73,0x9C,0x73,0x9C,0x73,0x9C,0x73,0x9C,0x73,0x9C,0x73,0x9C,0x73,0x9C,0x73,
	0x9C,0x73,0x9C,0x73,0x9C,0x73,0x9C,0x73,0x9C,0x73,0x9C,0x73,0x9C,0x73,0x9C,0x73,
	0xB5,0x56,0x9C,0x73,0x9C,0x73,0x9C,0x73,0x9C,0x73,0x9C,0x73,0x9C,0x73,0x9C,0x73,
	0x9C,0x73,0x9C,0x73,0x9C,0x73,0x9C,0x73,0x9C,0x73,0x9C,0x73,0x9C,0x73,0x9C,0x73,
	0x9C,0x73,0x9C,0x73,0x9C,0x73,0x9C,0x73,0x9C,0x73,0x9C,0x73,0x9C,0x73,0x9C,0x73,

	0x9C,0x73,0x9C,0x73,0x9C,0x73,0x9C,0x73,0x9C,0x73,0x9C,0x73,0x9C,0x73,0x9C,0x73,
	0x9C,0x73,0x9C,0x73,0x9C,0x73,0x9C,0x73,0x9C,0x73,0x9C,0x73,0x9C,0x73,0x9C,0x73,
	0x9C,0x73,0x9C,0x73,0x9C,0x73,0x9C,0x73,0x9C,0x73,0x9C,0x73,0x9C,0x73,0x9C,0x73,
	0xB5,0x56,0x9C,0x73,0x9C,0x73,0x9C,0x73,0x9C,0x73,0x9C,0x73,0x9C,0x73,0x9C,0x73,
	0x9C,0x73,0x9C,0x73,0x9C,0x73,0x9C,0x73,0x9C,0x73,0x9C,0x73,0x9C,0x73,0x9C,0x73,
	0x9C,0x73,0x9C,0x73,0x9C,0x73,0x9C,0x73,0x9C,0x73,0x9C,0x73,0x9C,0x73,0x9C,0x73,
	0xFF,0x7F,0xFF,0x7F,0xFF,0x7F,0xFF,0x7F,0xFF,0x7F,0xFF,0x7F,0xFF,0x7F,0xFF,0x7F,
	0xFF,0x7F,0xFF,0x7F,0xFF,0x7F,0xFF,0x7F,0xFF,0x7F,0xFF,0x7F,0xFF,0x7F,0xFF,0x7F,

	0xFF,0x7F,0xFF,0x7F,0xFF,0x7F,0xFF,0x7F,0xFF,0x7F,0xFF,0x7F,0xFF,0x7F,0xFF,0x7F,
	0xB5,0x56,0xFF,0x7F,0xFF,0x7F,0xFF,0x7F,0xFF,0x7F,0xFF,0x7F,0xFF,0x7F,0xFF,0x7F,
	0xFF,0x7F,0xFF,0x7F,0xFF,0x7F,0xFF,0x7F,0xFF,0x7F,0xFF,0x7F,0xFF,0x7F,0xFF,0x7F,
	0xFF,0x7F,0xFF,0x7F,0xFF,0x7F,0xFF,0x7F,0xFF,0x7F,0xFF,0x7F,0xFF,0x7F,0xFF,0x7F,
	0xFF,0x7F,0xFF,0x7F,0xFF,0x7F,0xFF,0x7F,0xFF,0x7F,0xFF,0x7F,0xFF,0x7F,0xFF,0x7F,
	0xFF,0x7F,0xFF,0x7F,0xFF,0x7F,0xFF,0x7F,0xFF,0x7F,0xFF,0x7F,0xFF,0x7F,0xFF,0x7F,
	0xFF,0x7F,0xFF,0x7F,0xFF,0x7F,0xFF,0x7F,0xFF,0x7F,0xFF,0x7F,0xFF,0x7F,0xFF,0x7F,
	0xB5,0x56,0xFF,0x7F,0xFF,0x7F,0xFF,0x7F,0xFF,0x7F,0xFF,0x7F,0xFF,0x7F,0xFF,0x7F,

	0xFF,0x7F,0xFF,0x7F,0xFF,0x7F,0xFF,0x7F,0xFF,0x7F,0xFF,0x7F,0xFF,0x7F,0xFF,0x7F,
	0xFF,0x7F,0xFF,0x7F,0xFF,0x7F,0xFF,0x7F,0xFF,0x7F,0xFF,0x7F,0xFF,0x7F,0xFF,0x7F,
	0xFF,0x7F,0xFF,0x7F,0xFF,0x7F,0xFF,0x7F,0xFF,0x7F,0xFF,0x7F,0xFF,0x7F,0xFF,0x7F,
	0xFF,0x7F,0xFF,0x7F,0xFF,0x7F,0xFF,0x7F,0xFF,0x7F,0xFF,0x7F,0xFF,0x7F,0xFF,0x7F,
	0xFF,0x7F,0xFF,0x7F,0xFF,0x7F,0xFF,0x7F,0xFF,0x7F,0xFF,0x7F,0xFF,0x7F,0xFF,0x7F,
	0xB5,0x56,0xFF,0x7F,0xFF,0x7F,0xFF,0x7F,0xFF,0x7F,0xFF,0x7F,0xFF,0x7F,0xFF,0x7F,
	0xFF,0x7F,0xFF,0x7F,0xFF,0x7F,0xFF,0x7F,0xFF,0x7F,0xFF,0x7F,0xFF,0x7F,0xFF,0x7F,
	0xFF,0x7F,0xFF,0x7F,0xFF,0x7F,0xFF,0x7F,0xFF,0x7F,0xFF,0x7F,0xFF,0x7F,0xFF,0x7F,

	0xFF,0x7F,0xFF,0x7F,0xFF,0x7F,0xFF,0x7F,0xFF,0x7F,0xFF,0x7F,0xFF,0x7F,0xFF,0x7F,
	0xFF,0x7F,0xFF,0x7F,0xFF,0x7F,0xFF,0x7F,0xFF,0x7F,0xFF,0x7F,0xFF,0x7F,0xFF,0x7F,
	0xFF,0x7F,0xFF,0x7F,0xFF,0x7F,0xFF,0x7F,0xFF,0x7F,0xFF,0x7F,0xFF,0x7F,0xFF,0x7F,
	0xB5,0x56,0xFF,0x7F,0xFF,0x7F,0xFF,0x7F,0xFF,0x7F,0xFF,0x7F,0xFF,0x7F,0xFF,0x7F,
	0xFF,0x7F,0xFF,0x7F,0xFF,0x7F,0xFF,0x7F,0xFF,0x7F,0xFF,0x7F,0xFF,0x7F,0xFF,0x7F,
	0xFF,0x7F,0xFF,0x7F,0xFF,0x7F,0xFF,0x7F,0xFF,0x7F,0xFF,0x7F,0xFF,0x7F,0xFF,0x7F,
	0xFF,0x7F,0xFF,0x7F,0xFF,0x7F,0xFF,0x7F,0xFF,0x7F,0xFF,0x7F,0xFF,0x7F,0xFF,0x7F,
	0xFF,0x7F,0xFF,0x7F,0xFF,0x7F,0xFF,0x7F,0xFF,0x7F,0xFF,0x7F,0xFF,0x7F,0xFF,0x7F,

	0xFF,0x7F,0xFF,0x7F,0xFF,0x7F,0xFF,0x7F,0xFF,0x7F,0xFF,0x7F,0xFF,0x7F,0xFF,0x7F,
	0xB5,0x56,0xFF,0x7F,0xFF,0x7F,0xFF,0x7F,0xFF,0x7F,0xFF,0x7F,0xFF,0x7F,0xFF,0x7F,
	0xFF,0x7F,0xFF,0x7F,0xFF,0x7F,0xFF,0x7F,0xFF,0x7F,0xFF,0x7F,0xFF,0x7F,0xFF,0x7F,
	0xFF,0x7F,0xFF,0x7F,0xFF,0x7F,0xFF,0x7F,0xFF,0x7F,0xFF,0x7F,0xFF,0x7F,0xFF,0x7F,
	0x9C,0x73,0x9C,0x73,0x9C,0x73,0x9C,0x73,0x9C,0x73,0x9C,0x73,0x9C,0x73,0x9C,0x73,
	0x9C,0x73,0x9C,0x73,0x9C,0x73,0x9C,0x73,0x9C,0x73,0x9C,0x73,0x9C,0x73,0x9C,0x73,
	0x9C,0x73,0x9C,0x73,0x9C,0x73,0x9C,0x73,0x9C,0x73,0x9C,0x73,0x9C,0x73,0x9C,0x73,
	0xB5,0x56,0x9C,0x73,0x9C,0x73,0x9C,0x73,0x9C,0x73,0x9C,0x73,0x9C,0x73,0x9C,0x73,

	0x9C,0x73,0x9C,0x73,0x9C,0x73,0x9C,0x73,0x9C,0x73,0x9C,0x73,0x9C,0x73,0x9C,0x73,
	0x9C,0x73,0x9C,0x73,0x9C,0x73,0x9C,0x73,0x9C,0x73,0x9C,0x73,0x9C,0x73,0x9C,0x73,
	0x9C,0x73,0x9C,0x73,0x9C,0x73,0x9C,0x73,0x9C,0x73,0x9C,0x73,0x9C,0x73,0x9C,0x73,
	0x9C,0x73,0x9C,0x73,0x9C,0x73,0x9C,0x73,0x9C,0x73,0x9C,0x73,0x9C,0x73,0x9C,0x73,
	0x9C,0x73,0x9C,0x73,0x9C,0x73,0x9C,0x73,0x9C,0x73,0x9C,0x73,0x9C,0x73,0x9C,0x73,
	0xB5,0x56,0x9C,0x73,0x9C,0x73,0x9C,0x73,0x9C,0x73,0x9C,0x73,0x9C,0x73,0x9C,0x73,
	0x9C,0x73,0x9C,0x73,0x9C,0x73,0x9C,0x73,0x9C,0x73,0x9C,0x73,0x9C,0x73,0x9C,0x73,
	0x9C,0x73,0x9C,0x73,0x9C,0x73,0x9C,0x73,0x9C,0x73,0x9C,0x73,0x9C,0x73,0x9C,0x73,

	0x9C,0x73,0x9C,0x73,0x9C,0x73,0x9C,0x73,0x9C,0x73,0x9C,0x73,0x9C,0x73,0x9C,0x73,
	0x9C,0x73,0x9C,0x73,0x9C,0x73,0x9C,0x73,0x9C,0x73,0x9C,0x73,0x9C,0x73,0x9C,0x73,
	0x9C,0x73,0x9C,0x73,0x9C,0x73,0x9C,0x73,0x9C,0x73,0x9C,0x73,0x9C,0x73,0x9C,0x73,
	0xB5,0x56,0x9C,0x73,0x9C,0x73,0x9C,0x73,0x9C,0x73,0x9C,0x73,0x9C,0x73,0x9C,0x73,
	0x9C,0x73,0x9C,0x73,0x9C,0x73,0x9C,0x73,0x9C,0x73,0x9C,0x73,0x9C,0x73,0x9C,0x73,
	0x9C,0x73,0x9C,0x73,0x9C,0x73,0x9C,0x73,0x9C,0x73,0x9C,0x73,0x9C,0x73,0x9C,0x73,
	0x9C,0x73,0x9C,0x73,0x9C,0x73,0x9C,0x73,0x9C,0x73,0x9C,0x73,0x9C,0x73,0x9C,0x73,
	0x9C,0x73,0x9C,0x73,0x9C,0x73,0x9C,0x73,0x9C,0x73,0x9C,0x73,0x9C,0x73,0x9C,0x73,

	0x9C,0x73,0x9C,0x73,0x9C,0x73,0x9C,0x73,0x9C,0x73,0x9C,0x73,0x9C,0x73,0x9C,0x73,
	0xB5,0x56,0x9C,0x73,0x9C,0x73,0x9C,0x73,0x9C,0x73,0x9C,0x73,0x9C,0x73,0x9C,0x73,
	0x9C,0x73,0x9C,0x73,0x9C,0x73,0x9C,0x73,0x9C,0x73,0x9C,0x73,0x9C,0x73,0x9C,0x73,
	0x9C,0x73,0x9C,0x73,0x9C,0x73,0x9C,0x73,0x9C,0x73,0x9C,0x73,0x9C,0x73,0x9C,0x73,
	0x9C,0x73,0x9C,0x73,0x9C,0x73,0x9C,0x73,0x9C,0x73,0x9C,0x73,0x9C,0x73,0x9C,0x73,
	0x9C,0x73,0x9C,0x73,0x9C,0x73,0x9C,0x73,0x9C,0x73,0x9C,0x73,0x9C,0x73,0x9C,0x73,
	0x9C,0x73,0x9C,0x73,0x9C,0x73,0x9C,0x73,0x9C,0x73,0x9C,0x73,0x9C,0x73,0x9C,0x73,
	0xB5,0x56,0x9C,0x73,0x9C,0x73,0x9C,0x73,0x9C,0x73,0x9C,0x73,0x9C,0x73,0x9C,0x73,

	0x9C,0x73,0x9C,0x73,0x9C,0x73,0x9C,0x73,0x9C,0x73,0x9C,0x73,0x9C,0x73,0x9C,0x73,
	0x9C,0x73,0x9C,0x73,0x9C,0x73,0x9C,0x73,0x9C,0x73,0x9C,0x73,0x9C,0x73,0x9C,0x73,
	0xFF,0x7F,0xFF,0x7F,0xFF,0x7F,0xFF,0x7F,0xFF,0x7F,0xFF,0x7F,0xFF,0x7F,0xFF,0x7F,
	0xFF,0x7F,0xFF,0x7F,0xFF,0x7F,0xFF,0x7F,0xFF,0x7F,0xFF,0x7F,0xFF,0x7F,0xFF,0x7F,
	0xFF,0x7F,0xFF,0x7F,0xFF,0x7F,0xFF,0x7F,0xFF,0x7F,0xFF,0x7F,0xFF,0x7F,0xFF,0x7F,
	0xB5,0x56,0xFF,0x7F,0xFF,0x7F,0xFF,0x7F,0xFF,0x7F,0xFF,0x7F,0xFF,0x7F,0xFF,0x7F,
	0xFF,0x7F,0xFF,0x7F,0xFF,0x7F,0xFF,0x7F,0xFF,0x7F,0xFF,0x7F,0xFF,0x7F,0xFF,0x7F,
	0xFF,0x7F,0xFF,0x7F,0xFF,0x7F,0xFF,0x7F,0xFF,0x7F,0xFF,0x7F,0xFF,0x7F,0xFF,0x7F,

	0xFF,0x7F,0xFF,0x7F,0xFF,0x7F,0xFF,0x7F,0xFF,0x7F,0xFF,0x7F,0xFF,0x7F,0xFF,0x7F,
	0xFF,0x7F,0xFF,0x7F,0xFF,0x7F,0xFF,0x7F,0xFF,0x7F,0xFF,0x7F,0xFF,0x7F,0xFF,0x7F,
	0xFF,0x7F,0xFF,0x7F,0xFF,0x7F,0xFF,0x7F,0xFF,0x7F,0xFF,0x7F,0xFF,0x7F,0xFF,0x7F,
	0xB5,0x56,0xFF,0x7F,0xFF,0x7F,0xFF,0x7F,0xFF,0x7F,0xFF,0x7F,0xFF,0x7F,0xFF,0x7F,
	0xFF,0x7F,0xFF,0x7F,0xFF,0x7F,0xFF,0x7F,0xFF,0x7F,0xFF,0x7F,0xFF,0x7F,0xFF,0x7F,
	0xFF,0x7F,0xFF,0x7F,0xFF,0x7F,0xFF,0x7F,0xFF,0x7F,0xFF,0x7F,0xFF,0x7F,0xFF,0x7F,
	0xFF,0x7F,0xFF,0x7F,0xFF,0x7F,0xFF,0x7F,0xFF,0x7F,0xFF,0x7F,0xFF,0x7F,0xFF,0x7F,
	0xFF,0x7F,0xFF,0x7F,0xFF,0x7F,0xFF,0x7F,0xFF,0x7F,0xFF,0x7F,0xFF,0x7F,0xFF,0x7F,

	0xFF,0x7F,0xFF,0x7F,0xFF,0x7F,0xFF,0x7F,0xFF,0x7F,0xFF,0x7F,0xFF,0x7F,0xFF,0x7F,
	0xB5,0x56,0xFF,0x7F,0xFF,0x7F,0xFF,0x7F,0xFF,0x7F,0xFF,0x7F,0xFF,0x7F,0xFF,0x7F,
	0xFF,0x7F,0xFF,0x7F,0xFF,0x7F,0xFF,0x7F,0xFF,0x7F,0xFF,0x7F,0xFF,0x7F,0xFF,0x7F,
	0xFF,0x7F,0xFF,0x7F,0xFF,0x7F,0xFF,0x7F,0xFF,0x7F,0xFF,0x7F,0xFF,0x7F,0xFF,0x7F,
	0xFF,0x7F,0xFF,0x7F,0xFF,0x7F,0xFF,0x7F,0xFF,0x7F,0xFF,0x7F,0xFF,0x7F,0xFF,0x7F,
	0xFF,0x7F,0xFF,0x7F,0xFF,0x7F,0xFF,0x7F,0xFF,0x7F,0xFF,0x7F,0xFF,0x7F,0xFF,0x7F,
	0xFF,0x7F,0xFF,0x7F,0xFF,0x7F,0xFF,0x7F,0xFF,0x7F,0xFF,0x7F,0xFF,0x7F,0xFF,0x7F,
	0xB5,0x56,0xFF,0x7F,0xFF,0x7F,0xFF,0x7F,0xFF,0x7F,0xFF,0x7F,0xFF,0x7F,0xFF,0x7F,

	0xFF,0x7F,0xFF,0x7F,0xFF,0x7F,0xFF,0x7F,0xFF,0x7F,0xFF,0x7F,0xFF,0x7F,0xFF,0x7F,
	0xFF,0x7F,0xFF,0x7F,0xFF,0x7F,0xFF,0x7F,0xFF,0x7F,0xFF,0x7F,0xFF,0x7F,0xFF,0x7F,
	0xFF,0x7F,0xFF,0x7F,0xFF,0x7F,0xFF,0x7F,0xFF,0x7F,0xFF,0x7F,0xFF,0x7F,0xFF,0x7F,
	0xFF,0x7F,0xFF,0x7F,0xFF,0x7F,0xFF,0x7F,0xFF,0x7F,0xFF,0x7F,0xFF,0x7F,0xFF,0x7F,
	0xFF,0x7F,0xFF,0x7F,0xFF,0x7F,0xFF,0x7F,0xFF,0x7F,0xFF,0x7F,0xFF,0x7F,0xFF,0x7F,
	0xB5,0x56,0xFF,0x7F,0xFF,0x7F,0xFF,0x7F,0xFF,0x7F,0xFF,0x7F,0xFF,0x7F,0xFF,0x7F,
	0xFF,0x7F,0xFF,0x7F,0xFF,0x7F,0xFF,0x7F,0xFF,0x7F,0xFF,0x7F,0xFF,0x7F,0xFF,0x7F,
	0xFF,0x7F,0xFF,0x7F,0xFF,0x7F,0xFF,0x7F,0xFF,0x7F,0xFF,0x7F,0xFF,0x7F,0xFF,0x7F,

	0x9C,0x73,0x9C,0x73,0x9C,0x73,0x9C,0x73,0x9C,0x73,0x9C,0x73,0x9C,0x73,0x9C,0x73,
	0x9C,0x73,0x9C,0x73,0x9C,0x73,0x9C,0x73,0x9C,0x73,0x9C,0x73,0x9C,0x73,0x9C,0x73,
	0x9C,0x73,0x9C,0x73,0x9C,0x73,0x9C,0x73,0x9C,0x73,0x9C,0x73,0x9C,0x73,0x9C,0x73,
	0xB5,0x56,0x9C,0x73,0x9C,0x73,0x9C,0x73,0x9C,0x73,0x9C,0x73,0x9C,0x73,0x9C,0x73,
	0x9C,0x73,0x9C,0x73,0x9C,0x73,0x9C,0x73,0x9C,0x73,0x9C,0x73,0x9C,0x73,0x9C,0x73,
	0x9C,0x73,0x9C,0x73,0x9C,0x73,0x9C,0x73,0x9C,0x73,0x9C,0x73,0x9C,0x73,0x9C,0x73,
	0x9C,0x73,0x9C,0x73,0x9C,0x73,0x9C,0x73,0x9C,0x73,0x9C,0x73,0x9C,0x73,0x9C,0x73,
	0x9C,0x73,0x9C,0x73,0x9C,0x73,0x9C,0x73,0x9C,0x73,0x9C,0x73,0x9C,0x73,0x9C,0x73,

	0x9C,0x73,0x9C,0x73,0x9C,0x73,0x9C,0x73,0x9C,0x73,0x9C,0x73,0x9C,0x73,0x9C,0x73,
	0xB5,0x56,0x9C,0x73,0x9C,0x73,0x9C,0x73,0x9C,0x73,0x9C,0x73,0x9C,0x73,0x9C,0x73,
	0x9C,0x73,0x9C,0x73,0x9C,0x73,0x9C,0x73,0x9C,0x73,0x9C,0x73,0x9C,0x73,0x9C,0x73,
	0x9C,0x73,0x9C,0x73,0x9C,0x73,0x9C,0x73,0x9C,0x73,0x9C,0x73,0x9C,0x73,0x9C,0x73,
	0x9C,0x73,0x9C,0x73,0x9C,0x73,0x9C,0x73,0x9C,0x73,0x9C,0x73,0x9C,0x73,0x9C,0x73,
	0x9C,0x73,0x9C,0x73,0x9C,0x73,0x9C,0x73,0x9C,0x73,0x9C,0x73,0x9C,0x73,0x9C,0x73,
	0x9C,0x73,0x9C,0x73,0x9C,0x73,0x9C,0x73,0x9C,0x73,0x9C,0x73,0x9C,0x73,0x9C,0x73,
	0xB5,0x56,0x9C,0x73,0x9C,0x73,0x9C,0x73,0x9C,0x73,0x9C,0x73,0x9C,0x73,0x9C,0x73,

	0x9C,0x73,0x9C,0x73,0x9C,0x73,0x9C,0x73,0x9C,0x73,0x9C,0x73,0x9C,0x73,0x9C,0x73,
	0x9C,0x73,0x9C,0x73,0x9C,0x73,0x9C,0x73,0x9C,0x73,0x9C,0x73,0x9C,0x73,0x9C,0x73,
	0x9C,0x73,0x9C,0x73,0x9C,0x73,0x9C,0x73,0x9C,0x73,0x9C,0x73,0x9C,0x73,0x9C,0x73,
	0x9C,0x73,0x9C,0x73,0x9C,0x73,0x9C,0x73,0x9C,0x73,0x9C,0x73,0x9C,0x73,0x9C,0x73,
	0x9C,0x73,0x9C,0x73,0x9C,0x73,0x9C,0x73,0x9C,0x73,0x9C,0x73,0x9C,0x73,0x9C,0x73,
	0xB5,0x56,0x9C,0x73,0x9C,0x73,0x9C,0x73,0x9C,0x73,0x9C,0x73,0x9C,0x73,0x9C,0x73,
	0x9C,0x73,0x9C,0x73,0x9C,0x73,0x9C,0x73,0x9C,0x73,0x9C,0x73,0x9C,0x73,0x9C,0x73,
	0x9C,0x73,0x9C,0x73,0x9C,0x73,0x9C,0x73,0x9C,0x73,0x9C,0x73,0x9C,0x73,0x9C,0x73,

	0x9C,0x73,0x9C,0x73,0x9C,0x73,0x9C,0x73,0x9C,0x73,0x9C,0x73,0x9C,0x73,0x9C,0x73,
	0x9C,0x73,0x9C,0x73,0x9C,0x73,0x9C,0x73,0x9C,0x73,0x9C,0x73,0x9C,0x73,0x9C,0x73,
	0x9C,0x73,0x9C,0x73,0x9C,0x73,0x9C,0x73,0x9C,0x73,0x9C,0x73,0x9C,0x73,0x9C,0x73,
	0xB5,0x56,0x9C,0x73,0x9C,0x73,0x9C,0x73,0x9C,0x73,0x9C,0x73,0x9C,0x73,0x9C,0x73,
	0x9C,0x73,0x9C,0x73,0x9C,0x73,0x9C,0x73,0x9C,0x73,0x9C,0x73,0x9C,0x73,0x9C,0x73,
	0x9C,0x73,0x9C,0x73,0x9C,0x73,0x9C,0x73,0x9C,0x73,0x9C,0x73,0x9C,0x73,0x9C,0x73,
	0xFF,0x7F,0xFF,0x7F,0xFF,0x7F,0xFF,0x7F,0xFF,0x7F,0xFF,0x7F,0xFF,0x7F,0xFF,0x7F,
	0xFF,0x7F,0xFF,0x7F,0xFF,0x7F,0xFF,0x7F,0xFF,0x7F,0xFF,0x7F,0xFF,0x7F,0xFF,0x7F,

	0xFF,0x7F,0xFF,0x7F,0xFF,0x7F,0xFF,0x7F,0xFF,0x7F,0xFF,0x7F,0xFF,0x7F,0xFF,0x7F,
	0xB5,0x56,0xFF,0x7F,0xFF,0x7F,0xFF,0x7F,0xFF,0x7F,0xFF,0x7F,0xFF,0x7F,0xFF,0x7F,
	0xFF,0x7F,0xFF,0x7F,0xFF,0x7F,0xFF,0x7F,0xFF,0x7F,0xFF,0x7F,0xFF,0x7F,0xFF,0x7F,
	0xFF,0x7F,0xFF,0x7F,0xFF,0x7F,0xFF,0x7F,0xFF,0x7F,0xFF,0x7F,0xFF,0x7F,0xFF,0x7F,
	0xFF,0x7F,0xFF,0x7F,0xFF,0x7F,0xFF,0x7F,0xFF,0x7F,0xFF,0x7F,0xFF,0x7F,0xFF,0x7F,
	0xFF,0x7F,0xFF,0x7F,0xFF,0x7F,0xFF,0x7F,0xFF,0x7F,0xFF,0x7F,0xFF,0x7F,0xFF,0x7F,
	0xFF,0x7F,0xFF,0x7F,0xFF,0x7F,0xFF,0x7F,0xFF,0x7F,0xFF,0x7F,0xFF,0x7F,0xFF,0x7F,
	0xB5,0x56,0xFF,0x7F,0xFF,0x7F,0xFF,0x7F,0xFF,0x7F,0xFF,0x7F,0xFF,0x7F,0xFF,0x7F,

	0xFF,0x7F,0xFF,0x7F,0xFF,0x7F,0xFF,0x7F,0xFF,0x7F,0xFF,0x7F,0xFF,0x7F,0xFF,0x7F,
	0xFF,0x7F,0xFF,0x7F,0xFF,0x7F,0xFF,0x7F,0xFF,0x7F,0xFF,0x7F,0xFF,0x7F,0xFF,0x7F,
	0xFF,0x7F,0xFF,0x7F,0xFF,0x7F,0xFF,0x7F,0xFF,0x7F,0xFF,0x7F,0xFF,0x7F,0xFF,0x7F,
	0xFF,0x7F,0xFF,0x7F,0xFF,0x7F,0xFF,0x7F,0xFF,0x7F,0xFF,0x7F,0xFF,0x7F,0xFF,0x7F,
	0xFF,0x7F,0xFF,0x7F,0xFF,0x7F,0xFF,0x7F,0xFF,0x7F,0xFF,0x7F,0xFF,0x7F,0xFF,0x7F,
	0xB5,0x56,0xFF,0x7F,0xFF,0x7F,0xFF,0x7F,0xFF,0x7F,0xFF,0x7F,0xFF,0x7F,0xFF,0x7F,
	0xFF,0x7F,0xFF,0x7F,0xFF,0x7F,0xFF,0x7F,0xFF,0x7F,0xFF,0x7F,0xFF,0x7F,0xFF,0x7F,
	0xFF,0x7F,0xFF,0x7F,0xFF,0x7F,0xFF,0x7F,0xFF,0x7F,0xFF,0x7F,0xFF,0x7F,0xFF,0x7F,

	0xFF,0x7F,0xFF,0x7F,0xFF,0x7F,0xFF,0x7F,0xFF,0x7F,0xFF,0x7F,0xFF,0x7F,0xFF,0x7F,
	0xFF,0x7F,0xFF,0x7F,0xFF,0x7F,0xFF,0x7F,0xFF,0x7F,0xFF,0x7F,0xFF,0x7F,0xFF,0x7F,
	0xFF,0x7F,0xFF,0x7F,0xFF,0x7F,0xFF,0x7F,0xFF,0x7F,0xFF,0x7F,0xFF,0x7F,0xFF,0x7F,
	0xB5,0x56,0xFF,0x7F,0xFF,0x7F,0xFF,0x7F,0xFF,0x7F,0xFF,0x7F,0xFF,0x7F,0xFF,0x7F,
	0xFF,0x7F,0xFF,0x7F,0xFF,0x7F,0xFF,0x7F,0xFF,0x7F,0xFF,0x7F,0xFF,0x7F,0xFF,0x7F,
	0xFF,0x7F,0xFF,0x7F,0xFF,0x7F,0xFF,0x7F,0xFF,0x7F,0xFF,0x7F,0xFF,0x7F,0xFF,0x7F,
	0xFF,0x7F,0xFF,0x7F,0xFF,0x7F,0xFF,0x7F,0xFF,0x7F,0xFF,0x7F,0xFF,0x7F,0xFF,0x7F,
	0xFF,0x7F,0xFF,0x7F,0xFF,0x7F,0xFF,0x7F,0xFF,0x7F,0xFF,0x7F,0xFF,0x7F,0xFF,0x7F,

	0xFF,0x7F,0xFF,0x7F,0xFF,0x7F,0xFF,0x7F,0xFF,0x7F,0xFF,0x7F,0xFF,0x7F,0xFF,0x7F,
	0xB5,0x56,0xFF,0x7F,0xFF,0x7F,0xFF,0x7F,0xFF,0x7F,0xFF,0x7F,0xFF,0x7F,0xFF,0x7F,
	0xFF,0x7F,0xFF,0x7F,0xFF,0x7F,0xFF,0x7F,0xFF,0x7F,0xFF,0x7F,0xFF,0x7F,0xFF,0x7F,
	0xFF,0x7F,0xFF,0x7F,0xFF,0x7F,0xFF,0x7F,0xFF,0x7F,0xFF,0x7F,0xFF,0x7F,0xFF,0x7F,
	0x9C,0x73,0x9C,0x73,0x9C,0x73,0x9C,0x73,0x9C,0x73,0x9C,0x73,0x9C,0x73,0x9C,0x73,
	0x9C,0x73,0x9C,0x73,0x9C,0x73,0x9C,0x73,0x9C,0x73,0x9C,0x73,0x9C,0x73,0x9C,0x73,
	0x9C,0x73,0x9C,0x73,0x9C,0x73,0x9C,0x73,0x9C,0x73,0x9C,0x73,0x9C,0x73,0x9C,0x73,
	0xB5,0x56,0x9C,0x73,0x9C,0x73,0x9C,0x73,0x9C,0x73,0x9C,0x73,0x9C,0x73,0x9C,0x73,

	0x9C,0x73,0x9C,0x73,0x9C,0x73,0x9C,0x73,0x9C,0x73,0x9C,0x73,0x9C,0x73,0x9C,0x73,
	0x9C,0x73,0x9C,0x73,0x9C,0x73,0x9C,0x73,0x9C,0x73,0x9C,0x73,0x9C,0x73,0x9C,0x73,
	0x9C,0x73,0x9C,0x73,0x9C,0x73,0x9C,0x73,0x9C,0x73,0x9C,0x73,0x9C,0x73,0x9C,0x73,
	0x9C,0x73,0x9C,0x73,0x9C,0x73,0x9C,0x73,0x9C,0x73,0x9C,0x73,0x9C,0x73,0x9C,0x73,
	0x9C,0x73,0x9C,0x73,0x9C,0x73,0x9C,0x73,0x9C,0x73,0x9C,0x73,0x9C,0x73,0x9C,0x73,
	0xB5,0x56,0x9C,0x73,0x9C,0x73,0x9C,0x73,0x9C,0x73,0x9C,0x73,0x9C,0x73,0x9C,0x73,
	0x9C,0x73,0x9C,0x73,0x9C,0x73,0x9C,0x73,0x9C,0x73,0x9C,0x73,0x9C,0x73,0x9C,0x73,
	0x9C,0x73,0x9C,0x73,0x9C,0x73,0x9C,0x73,0x9C,0x73,0x9C,0x73,0x9C,0x73,0x9C,0x73,

	0x9C,0x73,0x9C,0x73,0x9C,0x73,0x9C,0x73,0x9C,0x73,0x9C,0x73,0x9C,0x73,0x9C,0x73,
	0x9C,0x73,0x9C,0x73,0x9C,0x73,0x9C,0x73,0x9C,0x73,0x9C,0x73,0x9C,0x73,0x9C,0x73,
	0x9C,0x73,0x9C,0x73,0x9C,0x73,0x9C,0x73,0x9C,0x73,0x9C,0x73,0x9C,0x73,0x9C,0x73,
	0xB5,0x56,0x9C,0x73,0x9C,0x73,0x9C,0x73,0x9C,0x73,0x9C,0x73,0x9C,0x73,0x9C,0x73,
	0x9C,0x73,0x9C,0x73,0x9C,0x73,0x9C,0x73,0x9C,0x73,0x9C,0x73,0x9C,0x73,0x9C,0x73,
	0x9C,0x73,0x9C,0x73,0x9C,0x73,0x9C,0x73,0x9C,0x73,0x9C,0x73,0x9C,0x73,0x9C,0x73,
	0x9C,0x73,0x9C,0x73,0x9C,0x73,0x9C,0x73,0x9C,0x73,0x9C,0x73,0x9C,0x73,0x9C,0x73,
	0x9C,0x73,0x9C,0x73,0x9C,0x73,0x9C,0x73,0x9C,0x73,0x9C,0x73,0x9C,0x73,0x9C,0x73,

	0x9C,0x73,0x9C,0x73,0x9C,0x73,0x9C,0x73,0x9C,0x73,0x9C,0x73,0x9C,0x73,0x9C,0x73,
	0xB5,0x56,0x9C,0x73,0x9C,0x73,0x9C,0x73,0x9C,0x73,0x9C,0x73,0x9C,0x73,0x9C,0x73,
	0x9C,0x73,0x9C,0x73,0x9C,0x73,0x9C,0x73,0x9C,0x73,0x9C,0x73,0x9C,0x73,0x9C,0x73,
	0x9C,0x73,0x9C,0x73,0x9C,0x73,0x9C,0x73,0x9C,0x73,0x9C,0x73,0x9C,0x73,0x9C,0x73,
	0x9C,0x73,0x9C,0x73,0x9C,0x73,0x9C,0x73,0x9C,0x73,0x9C,0x73,0x9C,0x73,0x9C,0x73,
	0x9C,0x73,0x9C,0x73,0x9C,0x73,0x9C,0x73,0x9C,0x73,0x9C,0x73,0x9C,0x73,0x9C,0x73,
	0x9C,0x73,0x9C,0x73,0x9C,0x73,0x9C,0x73,0x9C,0x73,0x9C,0x73,0x9C,0x73,0x9C,0x73,
	0xB5,0x56,0x9C,0x73,0x9C,0x73,0x9C,0x73,0x9C,0x73,0x9C,0x73,0x9C,0x73,0x9C,0x73,

	0x9C,0x73,0x9C,0x73,0x9C,0x73,0x9C,0x73,0x9C,0x73,0x9C,0x73,0x9C,0x73,0x9C,0x73,
	0x9C,0x73,0x9C,0x73,0x9C,0x73,0x9C,0x73,0x9C,0x73,0x9C,0x73,0x9C,0x73,0x9C,0x73,
	0xFF,0x7F,0xFF,0x7F,0xFF,0x7F,0xFF,0x7F,0xFF,0x7F,0xFF,0x7F,0xFF,0x7F,0xFF,0x7F,
	0xFF,0x7F,0xFF,0x7F,0xFF,0x7F,0xFF,0x7F,0xFF,0x7F,0xFF,0x7F,0xFF,0x7F,0xFF,0x7F,
	0xFF,0x7F,0xFF,0x7F,0xFF,0x7F,0xFF,0x7F,0xFF,0x7F,0xFF,0x7F,0xFF,0x7F,0xFF,0x7F,
	0xB5,0x56,0xFF,0x7F,0xFF,0x7F,0xFF,0x7F,0xFF,0x7F,0xFF,0x7F,0xFF,0x7F,0xFF,0x7F,
	0xFF,0x7F,0xFF,0x7F,0xFF,0x7F,0xFF,0x7F,0xFF,0x7F,0xFF,0x7F,0xFF,0x7F,0xFF,0x7F,
	0xFF,0x7F,0xFF,0x7F,0xFF,0x7F,0xFF,0x7F,0xFF,0x7F,0xFF,0x7F,0xFF,0x7F,0xFF,0x7F,

	0xFF,0x7F,0xFF,0x7F,0xFF,0x7F,0xFF,0x7F,0xFF,0x7F,0xFF,0x7F,0xFF,0x7F,0xFF,0x7F,
	0xFF,0x7F,0xFF,0x7F,0xFF,0x7F,0xFF,0x7F,0xFF,0x7F,0xFF,0x7F,0xFF,0x7F,0xFF,0x7F,
	0xFF,0x7F,0xFF,0x7F,0xFF,0x7F,0xFF,0x7F,0xFF,0x7F,0xFF,0x7F,0xFF,0x7F,0xFF,0x7F,
	0xB5,0x56,0xFF,0x7F,0xFF,0x7F,0xFF,0x7F,0xFF,0x7F,0xFF,0x7F,0xFF,0x7F,0xFF,0x7F,
	0xFF,0x7F,0xFF,0x7F,0xFF,0x7F,0xFF,0x7F,0xFF,0x7F,0xFF,0x7F,0xFF,0x7F,0xFF,0x7F,
	0xFF,0x7F,0xFF,0x7F,0xFF,0x7F,0xFF,0x7F,0xFF,0x7F,0xFF,0x7F,0xFF,0x7F,0xFF,0x7F,
	0xFF,0x7F,0xFF,0x7F,0xFF,0x7F,0xFF,0x7F,0xFF,0x7F,0xFF,0x7F,0xFF,0x7F,0xFF,0x7F,
	0xFF,0x7F,0xFF,0x7F,0xFF,0x7F,0xFF,0x7F,0xFF,0x7F,0xFF,0x7F,0xFF,0x7F,0xFF,0x7F,

	0xFF,0x7F,0xFF,0x7F,0xFF,0x7F,0xFF,0x7F,0xFF,0x7F,0xFF,0x7F,0xFF,0x7F,0xFF,0x7F,
	0xB5,0x56,0xFF,0x7F,0xFF,0x7F,0xFF,0x7F,0xFF,0x7F,0xFF,0x7F,0xFF,0x7F,0xFF,0x7F,
	0xFF,0x7F,0xFF,0x7F,0xFF,0x7F,0xFF,0x7F,0xFF,0x7F,0xFF,0x7F,0xFF,0x7F,0xFF,0x7F,
	0xFF,0x7F,0xFF,0x7F,0xFF,0x7F,0xFF,0x7F,0xFF,0x7F,0xFF,0x7F,0xFF,0x7F,0xFF,0x7F,
	0xFF,0x7F,0xFF,0x7F,0xFF,0x7F,0xFF,0x7F,0xFF,0x7F,0xFF,0x7F,0xFF,0x7F,0xFF,0x7F,
	0xFF,0x7F,0xFF,0x7F,0xFF,0x7F,0xFF,0x7F,0xFF,0x7F,0xFF,0x7F,0xFF,0x7F,0xFF,0x7F,
	0xFF,0x7F,0xFF,0x7F,0xFF,0x7F,0xFF,0x7F,0xFF,0x7F,0xFF,0x7F,0xFF,0x7F,0xFF,0x7F,
	0xB5,0x56,0xFF,0x7F,0xFF,0x7F,0xFF,0x7F,0xFF,0x7F,0xFF,0x7F,0xFF,0x7F,0xFF,0x7F,

	0xFF,0x7F,0xFF,0x7F,0xFF,0x7F,0xFF,0x7F,0xFF,0x7F,0xFF,0x7F,0xFF,0x7F,0xFF,0x7F,
	0xFF,0x7F,0xFF,0x7F,0xFF,0x7F,0xFF,0x7F,0xFF,0x7F,0xFF,0x7F,0xFF,0x7F,0xFF,0x7F,
	0xFF,0x7F,0xFF,0x7F,0xFF,0x7F,0xFF,0x7F,0xFF,0x7F,0xFF,0x7F,0xFF,0x7F,0xFF,0x7F,
	0xFF,0x7F,0xFF,0x7F,0xFF,0x7F,0xFF,0x7F,0xFF,0x7F,0xFF,0x7F,0xFF,0x7F,0xFF,0x7F,
	0xFF,0x7F,0xFF,0x7F,0xFF,0x7F,0xFF,0x7F,0xFF,0x7F,0xFF,0x7F,0xFF,0x7F,0xFF,0x7F,
	0xB5,0x56,0xFF,0x7F,0xFF,0x7F,0xFF,0x7F,0xFF,0x7F,0xFF,0x7F,0xFF,0x7F,0xFF,0x7F,
	0xFF,0x7F,0xFF,0x7F,0xFF,0x7F,0xFF,0x7F,0xFF,0x7F,0xFF,0x7F,0xFF,0x7F,0xFF,0x7F,
	0xFF,0x7F,0xFF,0x7F,0xFF,0x7F,0xFF,0x7F,0xFF,0x7F,0xFF,0x7F,0xFF,0x7F,0xFF,0x7F,

	0x9C,0x73,0x9C,0x73,0x9C,0x73,0x9C,0x73,0x9C,0x73,0x9C,0x73,0x9C,0x73,0x9C,0x73,
	0x9C,0x73,0x9C,0x73,0x9C,0x73,0x9C,0x73,0x9C,0x73,0x9C,0x73,0x9C,0x73,0x9C,0x73,
	0x9C,0x73,0x9C,0x73,0x9C,0x73,0x9C,0x73,0x9C,0x73,0x9C,0x73,0x9C,0x73,0x9C,0x73,
	0xB5,0x56,0x9C,0x73,0x9C,0x73,0x9C,0x73,0x9C,0x73,0x9C,0x73,0x9C,0x73,0x9C,0x73,
	0x9C,0x73,0x9C,0x73,0x9C,0x73,0x9C,0x73,0x9C,0x73,0x9C,0x73,0x9C,0x73,0x9C,0x73,
	0x9C,0x73,0x9C,0x73,0x9C,0x73,0x9C,0x73,0x9C,0x73,0x9C,0x73,0x9C,0x73,0x9C,0x73,
	0x9C,0x73,0x9C,0x73,0x9C,0x73,0x9C,0x73,0x9C,0x73,0x9C,0x73,0x9C,0x73,0x9C,0x73,
	0x9C,0x73,0x9C,0x73,0x9C,0x73,0x9C,0x73,0x9C,0x73,0x9C,0x73,0x9C,0x73,0x9C,0x73,

	0x9C,0x73,0x9C,0x73,0x9C,0x73,0x9C,0x73,0x9C,0x73,0x9C,0x73,0x9C,0x73,0x9C,0x73,
	0xB5,0x56,0x9C,0x73,0x9C,0x73,0x9C,0x73,0x9C,0x73,0x9C,0x73,0x9C,0x73,0x9C,0x73,
	0x9C,0x73,0x9C,0x73,0x9C,0x73,0x9C,0x73,0x9C,0x73,0x9C,0x73,0x9C,0x73,0x9C,0x73,
	0x9C,0x73,0x9C,0x73,0x9C,0x73,0x9C,0x73,0x9C,0x73,0x9C,0x73,0x9C,0x73,0x9C,0x73,
	0x9C,0x73,0x9C,0x73,0x9C,0x73,0x9C,0x73,0x9C,0x73,0x9C,0x73,0x9C,0x73,0x9C,0x73,
	0x9C,0x73,0x9C,0x73,0x9C,0x73,0x9C,0x73,0x9C,0x73,0x9C,0x73,0x9C,0x73,0x9C,0x73,
	0x9C,0x73,0x9C,0x73,0x9C,0x73,0x9C,0x73,0x9C,0x73,0x9C,0x73,0x9C,0x73,0x9C,0x73,
	0xB5,0x56,0x9C,0x73,0x9C,0x73,0x9C,0x73,0x9C,0x73,0x9C,0x73,0x9C,0x73,0x9C,0x73,

	0x9C,0x73,0x9C,0x73,0x9C,0x73,0x9C,0x73,0x9C,0x73,0x9C,0x73,0x9C,0x73,0x9C,0x73,
	0x9C,0x73,0x9C,0x73,0x9C,0x73,0x9C,0x73,0x9C,0x73,0x9C,0x73,0x9C,0x73,0x9C,0x73,
	0x9C,0x73,0x9C,0x73,0x9C,0x73,0x9C,0x73,0x9C,0x73,0x9C,0x73,0x9C,0x73,0x9C,0x73,
	0x9C,0x73,0x9C,0x73,0x9C,0x73,0x9C,0x73,0x9C,0x73,0x9C,0x73,0x9C,0x73,0x9C,0x73,
	0x9C,0x73,0x9C,0x73,0x9C,0x73,0x9C,0x73,0x9C,0x73,0x9C,0x73,0x9C,0x73,0x9C,0x73,
	0xB5,0x56,0x9C,0x73,0x9C,0x73,0x9C,0x73,0x9C,0x73,0x9C,0x73,0x9C,0x73,0x9C,0x73,
	0x9C,0x73,0x9C,0x73,0x9C,0x73,0x9C,0x73,0x9C,0x73,0x9C,0x73,0x9C,0x73,0x9C,0x73,
	0x9C,0x73,0x9C,0x73,0x9C,0x73,0x9C,0x73,0x9C,0x73,0x9C,0x73,0x9C,0x73,0x9C,0x73,

	0x9C,0x73,0x9C,0x73,0x9C,0x73,0x9C,0x73,0x9C,0x73,0x9C,0x73,0x9C,0x73,0x9C,0x73,
	0x9C,0x73,0x9C,0x73,0x9C,0x73,0x9C,0x73,0x9C,0x73,0x9C,0x73,0x9C,0x73,0x9C,0x73,
	0x9C,0x73,0x9C,0x73,0x9C,0x73,0x9C,0x73,0x9C,0x73,0x9C,0x73,0x9C,0x73,0x9C,0x73,
	0xB5,0x56,0x9C,0x73,0x9C,0x73,0x9C,0x73,0x9C,0x73,0x9C,0x73,0x9C,0x73,0x9C,0x73,
	0x9C,0x73,0x9C,0x73,0x9C,0x73,0x9C,0x73,0x9C,0x73,0x9C,0x73,0x9C,0x73,0x9C,0x73,
	0x9C,0x73,0x9C,0x73,0x9C,0x73,0x9C,0x73,0x9C,0x73,0x9C,0x73,0x9C,0x73,0x9C,0x73,
	0xFF,0x7F,0xFF,0x7F,0xFF,0x7F,0xFF,0x7F,0xFF,0x7F,0xFF,0x7F,0xFF,0x7F,0xFF,0x7F,
	0xFF,0x7F,0xFF,0x7F,0xFF,0x7F,0xFF,0x7F,0xFF,0x7F,0xFF,0x7F,0xFF,0x7F,0xFF,0x7F,

	0xFF,0x7F,0xFF,0x7F,0xFF,0x7F,0xFF,0x7F,0xFF,0x7F,0xFF,0x7F,0xFF,0x7F,0xFF,0x7F,
	0xB5,0x56,0xFF,0x7F,0xFF,0x7F,0xFF,0x7F,0xFF,0x7F,0xFF,0x7F,0xFF,0x7F,0xFF,0x7F,
	0xFF,0x7F,0xFF,0x7F,0xFF,0x7F,0xFF,0x7F,0xFF,0x7F,0xFF,0x7F,0xFF,0x7F,0xFF,0x7F,
	0xFF,0x7F,0xFF,0x7F,0xFF,0x7F,0xFF,0x7F,0xFF,0x7F,0xFF,0x7F,0xFF,0x7F,0xFF,0x7F,
	0xFF,0x7F,0xFF,0x7F,0xFF,0x7F,0xFF,0x7F,0xFF,0x7F,0xFF,0x7F,0xFF,0x7F,0xFF,0x7F,
	0xFF,0x7F,0xFF,0x7F,0xFF,0x7F,0xFF,0x7F,0xFF,0x7F,0xFF,0x7F,0xFF,0x7F,0xFF,0x7F,
	0xFF,0x7F,0xFF,0x7F,0xFF,0x7F,0xFF,0x7F,0xFF,0x7F,0xFF,0x7F,0xFF,0x7F,0xFF,0x7F,
	0xB5,0x56,0xFF,0x7F,0xFF,0x7F,0xFF,0x7F,0xFF,0x7F,0xFF,0x7F,0xFF,0x7F,0xFF,0x7F,

	0xFF,0x7F,0xFF,0x7F,0xFF,0x7F,0xFF,0x7F,0xFF,0x7F,0xFF,0x7F,0xFF,0x7F,0xFF,0x7F,
	0xFF,0x7F,0xFF,0x7F,0xFF,0x7F,0xFF,0x7F,0xFF,0x7F,0xFF,0x7F,0xFF,0x7F,0xFF,0x7F,
	0xFF,0x7F,0xFF,0x7F,0xFF,0x7F,0xFF,0x7F,0xFF,0x7F,0xFF,0x7F,0xFF,0x7F,0xFF,0x7F,
	0xFF,0x7F,0xFF,0x7F,0xFF,0x7F,0xFF,0x7F,0xFF,0x7F,0xFF,0x7F,0xFF,0x7F,0xFF,0x7F,
	0xFF,0x7F,0xFF,0x7F,0xFF,0x7F,0xFF,0x7F,0xFF,0x7F,0xFF,0x7F,0xFF,0x7F,0xFF,0x7F,
	0xB5,0x56,0xFF,0x7F,0xFF,0x7F,0xFF,0x7F,0xFF,0x7F,0xFF,0x7F,0xFF,0x7F,0xFF,0x7F,
	0xFF,0x7F,0xFF,0x7F,0xFF,0x7F,0xFF,0x7F,0xFF,0x7F,0xFF,0x7F,0xFF,0x7F,0xFF,0x7F,
	0xFF,0x7F,0xFF,0x7F,0xFF,0x7F,0xFF,0x7F,0xFF,0x7F,0xFF,0x7F,0xFF,0x7F,0xFF,0x7F,

	0xFF,0x7F,0xFF,0x7F,0xFF,0x7F,0xFF,0x7F,0xFF,0x7F,0xFF,0x7F,0xFF,0x7F,0xFF,0x7F,
	0xFF,0x7F,0xFF,0x7F,0xFF,0x7F,0xFF,0x7F,0xFF,0x7F,0xFF,0x7F,0xFF,0x7F,0xFF,0x7F,
	0xFF,0x7F,0xFF,0x7F,0xFF,0x7F,0xFF,0x7F,0xFF,0x7F,0xFF,0x7F,0xFF,0x7F,0xFF,0x7F,
	0xB5,0x56,0xFF,0x7F,0xFF,0x7F,0xFF,0x7F,0xFF,0x7F,0xFF,0x7F,0xFF,0x7F,0xFF,0x7F,
	0xFF,0x7F,0xFF,0x7F,0xFF,0x7F,0xFF,0x7F,0xFF,0x7F,0xFF,0x7F,0xFF,0x7F,0xFF,0x7F,
	0xFF,0x7F,0xFF,0x7F,0xFF,0x7F,0xFF,0x7F,0xFF,0x7F,0xFF,0x7F,0xFF,0x7F,0xFF,0x7F,
	0xFF,0x7F,0xFF,0x7F,0xFF,0x7F,0xFF,0x7F,0xFF,0x7F,0xFF,0x7F,0xFF,0x7F,0xFF,0x7F,
	0xFF,0x7F,0xFF,0x7F,0xFF,0x7F,0xFF,0x7F,0xFF,0x7F,0xFF,0x7F,0xFF,0x7F,0xFF,0x7F,

	0xFF,0x7F,0xFF,0x7F,0xFF,0x7F,0xFF,0x7F,0xFF,0x7F,0xFF,0x7F,0xFF,0x7F,0xFF,0x7F,
	0xB5,0x56,0xFF,0x7F,0xFF,0x7F,0xFF,0x7F,0xFF,0x7F,0xFF,0x7F,0xFF,0x7F,0xFF,0x7F,
	0xFF,0x7F,0xFF,0x7F,0xFF,0x7F,0xFF,0x7F,0xFF,0x7F,0xFF,0x7F,0xFF,0x7F,0xFF,0x7F,
	0xFF,0x7F,0xFF,0x7F,0xFF,0x7F,0xFF,0x7F,0xFF,0x7F,0xFF,0x7F,0xFF,0x7F,0xFF,0x7F,
	0x9C,0x73,0x9C,0x73,0x9C,0x73,0x9C,0x73,0x9C,0x73,0x9C,0x73,0x9C,0x73,0x9C,0x73,
	0x9C,0x73,0x9C,0x73,0x9C,0x73,0x9C,0x73,0x9C,0x73,0x9C,0x73,0x9C,0x73,0x9C,0x73,
	0x9C,0x73,0x9C,0x73,0x9C,0x73,0x9C,0x73,0x9C,0x73,0x9C,0x73,0x9C,0x73,0x9C,0x73,
	0xB5,0x56,0x9C,0x73,0x9C,0x73,0x9C,0x73,0x9C,0x73,0x9C,0x73,0x9C,0x73,0x9C,0x73,

	0x9C,0x73,0x9C,0x73,0x9C,0x73,0x9C,0x73,0x9C,0x73,0x9C,0x73,0x9C,0x73,0x9C,0x73,
	0x9C,0x73,0x9C,0x73,0x9C,0x73,0x9C,0x73,0x9C,0x73,0x9C,0x73,0x9C,0x73,0x9C,0x73,
	0x9C,0x73,0x9C,0x73,0x9C,0x73,0x9C,0x73,0x9C,0x73,0x9C,0x73,0x9C,0x73,0x9C,0x73,
	0x9C,0x73,0x9C,0x73,0x9C,0x73,0x9C,0x73,0x9C,0x73,0x9C,0x73,0x9C,0x73,0x9C,0x73,
	0x9C,0x73,0x9C,0x73,0x9C,0x73,0x9C,0x73,0x9C,0x73,0x9C,0x73,0x9C,0x73,0x9C,0x73,
	0xB5,0x56,0x9C,0x73,0x9C,0x73,0x9C,0x73,0x9C,0x73,0x9C,0x73,0x9C,0x73,0x9C,0x73,
	0x9C,0x73,0x9C,0x73,0x9C,0x73,0x9C,0x73,0x9C,0x73,0x9C,0x73,0x9C,0x73,0x9C,0x73,
	0x9C,0x73,0x9C,0x73,0x9C,0x73,0x9C,0x73,0x9C,0x73,0x9C,0x73,0x9C,0x73,0x9C,0x73,

	0x9C,0x73,0x9C,0x73,0x9C,0x73,0x9C,0x73,0x9C,0x73,0x9C,0x73,0x9C,0x73,0x9C,0x73,
	0x9C,0x73,0x9C,0x73,0x9C,0x73,0x9C,0x73,0x9C,0x73,0x9C,0x73,0x9C,0x73,0x9C,0x73,
	0x9C,0x73,0x9C,0x73,0x9C,0x73,0x9C,0x73,0x9C,0x73,0x9C,0x73,0x9C,0x73,0x9C,0x73,
	0xB5,0x56,0x9C,0x73,0x9C,0x73,0x9C,0x73,0x9C,0x73,0x9C,0x73,0x9C,0x73,0x9C,0x73,
	0x9C,0x73,0x9C,0x73,0x9C,0x73,0x9C,0x73,0x9C,0x73,0x9C,0x73,0x9C,0x73,0x9C,0x73,
	0x9C,0x73,0x9C,0x73,0x9C,0x73,0x9C,0x73,0x9C,0x73,0x9C,0x73,0x9C,0x73,0x9C,0x73,
	0x9C,0x73,0x9C,0x73,0x9C,0x73,0x9C,0x73,0x9C,0x73,0x9C,0x73,0x9C,0x73,0x9C,0x73,
	0x9C,0x73,0x9C,0x73,0x9C,0x73,0x9C,0x73,0x9C,0x73,0x9C,0x73,0x9C,0x73,0x9C,0x73,

	0x9C,0x73,0x9C,0x73,0x9C,0x73,0x9C,0x73,0x9C,0x73,0x9C,0x73,0x9C,0x73,0x9C,0x73,
	0xB5,0x56,0x9C,0x73,0x9C,0x73,0x9C,0x73,0x9C,0x73,0x9C,0x73,0x9C,0x73,0x9C,0x73,
	0x9C,0x73,0x9C,0x73,0x9C,0x73,0x9C,0x73,0x9C,0x73,0x9C,0x73,0x9C,0x73,0x9C,0x73,
	0x9C,0x73,0x9C,0x73,0x9C,0x73,0x9C,0x73,0x9C,0x73,0x9C,0x73,0x9C,0x73,0x9C,0x73,
	0x9C,0x73,0x9C,0x73,0x9C,0x73,0x9C,0x73,0x9C,0x73,0x9C,0x73,0x9C,0x73,0x9C,0x73,
	0x9C,0x73,0x9C,0x73,0x9C,0x73,0x9C,0x73,0x9C,0x73,0x9C,0x73,0x9C,0x73,0x9C,0x73,
	0x9C,0x73,0x9C,0x73,0x9C,0x73,0x9C,0x73,0x9C,0x73,0x9C,0x73,0x9C,0x73,0x9C,0x73,
	0xB5,0x56,0x9C,0x73,0x9C,0x73,0x9C,0x73,0x9C,0x73,0x9C,0x73,0x9C,0x73,0x9C,0x73,

	0x9C,0x73,0x9C,0x73,0x9C,0x73,0x9C,0x73,0x9C,0x73,0x9C,0x73,0x9C,0x73,0x9C,0x73,
	0x9C,0x73,0x9C,0x73,0x9C,0x73,0x9C,0x73,0x9C,0x73,0x9C,0x73,0x9C,0x73,0x9C,0x73,
	0xFF,0x7F,0xFF,0x7F,0xFF,0x7F,0xFF,0x7F,0xFF,0x7F,0xFF,0x7F,0xFF,0x7F,0xFF,0x7F,
	0xFF,0x7F,0xFF,0x7F,0xFF,0x7F,0xFF,0x7F,0xFF,0x7F,0xFF,0x7F,0xFF,0x7F,0xFF,0x7F,
	0xFF,0x7F,0xFF,0x7F,0xFF,0x7F,0xFF,0x7F,0xFF,0x7F,0xFF,0x7F,0xFF,0x7F,0xFF,0x7F,
	0xB5,0x56,0xFF,0x7F,0xFF,0x7F,0xFF,0x7F,0xFF,0x7F,0xFF,0x7F,0xFF,0x7F,0xFF,0x7F,
	0xFF,0x7F,0xFF,0x7F,0xFF,0x7F,0xFF,0x7F,0xFF,0x7F,0xFF,0x7F,0xFF,0x7F,0xFF,0x7F,
	0xFF,0x7F,0xFF,0x7F,0xFF,0x7F,0xFF,0x7F,0xFF,0x7F,0xFF,0x7F,0xFF,0x7F,0xFF,0x7F,

	0xFF,0x7F,0xFF,0x7F,0xFF,0x7F,0xFF,0x7F,0xFF,0x7F,0xFF,0x7F,0xFF,0x7F,0xFF,0x7F,
	0xFF,0x7F,0xFF,0x7F,0xFF,0x7F,0xFF,0x7F,0xFF,0x7F,0xFF,0x7F,0xFF,0x7F,0xFF,0x7F,
	0xFF,0x7F,0xFF,0x7F,0xFF,0x7F,0xFF,0x7F,0xFF,0x7F,0xFF,0x7F,0xFF,0x7F,0xFF,0x7F,
	0xB5,0x56,0xFF,0x7F,0xFF,0x7F,0xFF,0x7F,0xFF,0x7F,0xFF,0x7F,0xFF,0x7F,0xFF,0x7F,
	0xFF,0x7F,0xFF,0x7F,0xFF,0x7F,0xFF,0x7F,0xFF,0x7F,0xFF,0x7F,0xFF,0x7F,0xFF,0x7F,
	0xFF,0x7F,0xFF,0x7F,0xFF,0x7F,0xFF,0x7F,0xFF,0x7F,0xFF,0x7F,0xFF,0x7F,0xFF,0x7F,
	0xFF,0x7F,0xFF,0x7F,0xFF,0x7F,0xFF,0x7F,0xFF,0x7F,0xFF,0x7F,0xFF,0x7F,0xFF,0x7F,
	0xFF,0x7F,0xFF,0x7F,0xFF,0x7F,0xFF,0x7F,0xFF,0x7F,0xFF,0x7F,0xFF,0x7F,0xFF,0x7F,

	0xFF,0x7F,0xFF,0x7F,0xFF,0x7F,0xFF,0x7F,0xFF,0x7F,0xFF,0x7F,0xFF,0x7F,0xFF,0x7F,
	0xB5,0x56,0xFF,0x7F,0xFF,0x7F,0xFF,0x7F,0xFF,0x7F,0xFF,0x7F,0xFF,0x7F,0xFF,0x7F,
	0xFF,0x7F,0xFF,0x7F,0xFF,0x7F,0xFF,0x7F,0xFF,0x7F,0xFF,0x7F,0xFF,0x7F,0xFF,0x7F,
	0xFF,0x7F,0xFF,0x7F,0xFF,0x7F,0xFF,0x7F,0xFF,0x7F,0xFF,0x7F,0xFF,0x7F,0xFF,0x7F,
	0xFF,0x7F,0xFF,0x7F,0xFF,0x7F,0xFF,0x7F,0xFF,0x7F,0xFF,0x7F,0xFF,0x7F,0xFF,0x7F,
	0xFF,0x7F,0xFF,0x7F,0xFF,0x7F,0xFF,0x7F,0xFF,0x7F,0xFF,0x7F,0xFF,0x7F,0xFF,0x7F,
	0xFF,0x7F,0xFF,0x7F,0xFF,0x7F,0xFF,0x7F,0xFF,0x7F,0xFF,0x7F,0xFF,0x7F,0xFF,0x7F,
	0xB5,0x56,0xFF,0x7F,0xFF,0x7F,0xFF,0x7F,0xFF,0x7F,0xFF,0x7F,0xFF,0x7F,0xFF,0x7F,

	0xFF,0x7F,0xFF,0x7F,0xFF,0x7F,0xFF,0x7F,0xFF,0x7F,0xFF,0x7F,0xFF,0x7F,0xFF,0x7F,
	0xFF,0x7F,0xFF,0x7F,0xFF,0x7F,0xFF,0x7F,0xFF,0x7F,0xFF,0x7F,0xFF,0x7F,0xFF,0x7F,
	0xFF,0x7F,0xFF,0x7F,0xFF,0x7F,0xFF,0x7F,0xFF,0x7F,0xFF,0x7F,0xFF,0x7F,0xFF,0x7F,
	0xFF,0x7F,0xFF,0x7F,0xFF,0x7F,0xFF,0x7F,0xFF,0x7F,0xFF,0x7F,0xFF,0x7F,0xFF,0x7F,
	0xFF,0x7F,0xFF,0x7F,0xFF,0x7F,0xFF,0x7F,0xFF,0x7F,0xFF,0x7F,0xFF,0x7F,0xFF,0x7F,
	0xB5,0x56,0xFF,0x7F,0xFF,0x7F,0xFF,0x7F,0xFF,0x7F,0xFF,0x7F,0xFF,0x7F,0xFF,0x7F,
	0xFF,0x7F,0xFF,0x7F,0xFF,0x7F,0xFF,0x7F,0xFF,0x7F,0xFF,0x7F,0xFF,0x7F,0xFF,0x7F,
	0xFF,0x7F,0xFF,0x7F,0xFF,0x7F,0xFF,0x7F,0xFF,0x7F,0xFF,0x7F,0xFF,0x7F,0xFF,0x7F,

	0x9C,0x73,0x9C,0x73,0x9C,0x73,0x9C,0x73,0x9C,0x73,0x9C,0x73,0x9C,0x73,0x9C,0x73,
	0x9C,0x73,0x9C,0x73,0x9C,0x73,0x9C,0x73,0x9C,0x73,0x9C,0x73,0x9C,0x73,0x9C,0x73,
	0x9C,0x73,0x9C,0x73,0x9C,0x73,0x9C,0x73,0x9C,0x73,0x9C,0x73,0x9C,0x73,0x9C,0x73,
	0xB5,0x56,0x9C,0x73,0x9C,0x73,0x9C,0x73,0x9C,0x73,0x9C,0x73,0x9C,0x73,0x9C,0x73,
	0x9C,0x73,0x9C,0x73,0x9C,0x73,0x9C,0x73,0x9C,0x73,0x9C,0x73,0x9C,0x73,0x9C,0x73,
	0x9C,0x73,0x9C,0x73,0x9C,0x73,0x9C,0x73,0x9C,0x73,0x9C,0x73,0x9C,0x73,0x9C,0x73,
	0x9C,0x73,0x9C,0x73,0x9C,0x73,0x9C,0x73,0x9C,0x73,0x9C,0x73,0x9C,0x73,0x9C,0x73,
	0x9C,0x73,0x9C,0x73,0x9C,0x73,0x9C,0x73,0x9C,0x73,0x9C,0x73,0x9C,0x73,0x9C,0x73,

	0x9C,0x73,0x9C,0x73,0x9C,0x73,0x9C,0x73,0x9C,0x73,0x9C,0x73,0x9C,0x73,0x9C,0x73,
	0xB5,0x56,0x9C,0x73,0x9C,0x73,0x9C,0x73,0x9C,0x73,0x9C,0x73,0x9C,0x73,0x9C,0x73,
	0x9C,0x73,0x9C,0x73,0x9C,0x73,0x9C,0x73,0x9C,0x73,0x9C,0x73,0x9C,0x73,0x9C,0x73,
	0x9C,0x73,0x9C,0x73,0x9C,0x73,0x9C,0x73,0x9C,0x73,0x9C,0x73,0x9C,0x73,0x9C,0x73,
	0x9C,0x73,0x9C,0x73,0x9C,0x73,0x9C,0x73,0x9C,0x73,0x9C,0x73,0x9C,0x73,0x9C,0x73,
	0x9C,0x73,0x9C,0x73,0x9C,0x73,0x9C,0x73,0x9C,0x73,0x9C,0x73,0x9C,0x73,0x9C,0x73,
	0x9C,0x73,0x9C,0x73,0x9C,0x73,0x9C,0x73,0x9C,0x73,0x9C,0x73,0x9C,0x73,0x9C,0x73,
	0xB5,0x56,0x9C,0x73,0x9C,0x73,0x9C,0x73,0x9C,0x73,0x9C,0x73,0x9C,0x73,0x9C,0x73,

	0x9C,0x73,0x9C,0x73,0x9C,0x73,0x9C,0x73,0x9C,0x73,0x9C,0x73,0x9C,0x73,0x9C,0x73,
	0x9C,0x73,0x9C,0x73,0x9C,0x73,0x9C,0x73,0x9C,0x73,0x9C,0x73,0x9C,0x73,0x9C,0x73,
	0x9C,0x73,0x9C,0x73,0x9C,0x73,0x9C,0x73,0x9C,0x73,0x9C,0x73,0x9C,0x73,0x9C,0x73,
	0x9C,0x73,0x9C,0x73,0x9C,0x73,0x9C,0x73,0x9C,0x73,0x9C,0x73,0x9C,0x73,0x9C,0x73,
	0x9C,0x73,0x9C,0x73,0x9C,0x73,0x9C,0x73,0x9C,0x73,0x9C,0x73,0x9C,0x73,0x9C,0x73,
	0xB5,0x56,0x9C,0x73,0x9C,0x73,0x9C,0x73,0x9C,0x73,0x9C,0x73,0x9C,0x73,0x9C,0x73,
	0x9C,0x73,0x9C,0x73,0x9C,0x73,0x9C,0x73,0x9C,0x73,0x9C,0x73,0x9C,0x73,0x9C,0x73,
	0x9C,0x73,0x9C,0x73,0x9C,0x73,0x9C,0x73,0x9C,0x73,0x9C,0x73,0x9C,0x73,0x9C,0x73,

	0x9C,0x73,0x9C,0x73,0x9C,0x73,0x9C,0x73,0x9C,0x73,0x9C,0x73,0x9C,0x73,0x9C,0x73,
	0x9C,0x73,0x9C,0x73,0x9C,0x73,0x9C,0x73,0x9C,0x73,0x9C,0x73,0x9C,0x73,0x9C,0x73,
	0x9C,0x73,0x9C,0x73,0x9C,0x73,0x9C,0x73,0x9C,0x73,0x9C,0x73,0x9C,0x73,0x9C,0x73,
	0xB5,0x56,0x9C,0x73,0x9C,0x73,0x9C,0x73,0x9C,0x73,0x9C,0x73,0x9C,0x73,0x9C,0x73,
	0x9C,0x73,0x9C,0x73,0x9C,0x73,0x9C,0x73,0x9C,0x73,0x9C,0x73,0x9C,0x73,0x9C,0x73,
	0x9C,0x73,0x9C,0x73,0x9C,0x73,0x9C,0x73,0x9C,0x73,0x9C,0x73,0x9C,0x73,0x9C,0x73,
	0xFF,0x7F,0xFF,0x7F,0xFF,0x7F,0xFF,0x7F,0xFF,0x7F,0xFF,0x7F,0xFF,0x7F,0xFF,0x7F,
	0xFF,0x7F,0xFF,0x7F,0xFF,0x7F,0xFF,0x7F,0xFF,0x7F,0xFF,0x7F,0xFF,0x7F,0xFF,0x7F,

	0xFF,0x7F,0xFF,0x7F,0xFF,0x7F,0xFF,0x7F,0xFF,0x7F,0xFF,0x7F,0xFF,0x7F,0xFF,0x7F,
	0xB5,0x56,0xFF,0x7F,0xFF,0x7F,0xFF,0x7F,0xFF,0x7F,0xFF,0x7F,0xFF,0x7F,0xFF,0x7F,
	0xFF,0x7F,0xFF,0x7F,0xFF,0x7F,0xFF,0x7F,0xFF,0x7F,0xFF,0x7F,0xFF,0x7F,0xFF,0x7F,
	0xFF,0x7F,0xFF,0x7F,0xFF,0x7F,0xFF,0x7F,0xFF,0x7F,0xFF,0x7F,0xFF,0x7F,0xFF,0x7F,
	0xFF,0x7F,0xFF,0x7F,0xFF,0x7F,0xFF,0x7F,0xFF,0x7F,0xFF,0x7F,0xFF,0x7F,0xFF,0x7F,
	0xFF,0x7F,0xFF,0x7F,0xFF,0x7F,0xFF,0x7F,0xFF,0x7F,0xFF,0x7F,0xFF,0x7F,0xFF,0x7F,
	0xFF,0x7F,0xFF,0x7F,0xFF,0x7F,0xFF,0x7F,0xFF,0x7F,0xFF,0x7F,0xFF,0x7F,0xFF,0x7F,
	0xB5,0x56,0xFF,0x7F,0xFF,0x7F,0xFF,0x7F,0xFF,0x7F,0xFF,0x7F,0xFF,0x7F,0xFF,0x7F,

	0xFF,0x7F,0xFF,0x7F,0xFF,0x7F,0xFF,0x7F,0xFF,0x7F,0xFF,0x7F,0xFF,0x7F,0xFF,0x7F,
	0xFF,0x7F,0xFF,0x7F,0xFF,0x7F,0xFF,0x7F,0xFF,0x7F,0xFF,0x7F,0xFF,0x7F,0xFF,0x7F,
	0xFF,0x7F,0xFF,0x7F,0xFF,0x7F,0xFF,0x7F,0xFF,0x7F,0xFF,0x7F,0xFF,0x7F,0xFF,0x7F,
	0xFF,0x7F,0xFF,0x7F,0xFF,0x7F,0xFF,0x7F,0xFF,0x7F,0xFF,0x7F,0xFF,0x7F,0xFF,0x7F,
	0xFF,0x7F,0xFF,0x7F,0xFF,0x7F,0xFF,0x7F,0xFF,0x7F,0xFF,0x7F,0xFF,0x7F,0xFF,0x7F,
	0xB5,0x56,0xFF,0x7F,0xFF,0x7F,0xFF,0x7F,0xFF,0x7F,0xFF,0x7F,0xFF,0x7F,0xFF,0x7F,
	0xFF,0x7F,0xFF,0x7F,0xFF,0x7F,0xFF,0x7F,0xFF,0x7F,0xFF,0x7F,0xFF,0x7F,0xFF,0x7F,
	0xFF,0x7F,0xFF,0x7F,0xFF,0x7F,0xFF,0x7F,0xFF,0x7F,0xFF,0x7F,0xFF,0x7F,0xFF,0x7F,

	0xFF,0x7F,0xFF,0x7F,0xFF,0x7F,0xFF,0x7F,0xFF,0x7F,0xFF,0x7F,0xFF,0x7F,0xFF,0x7F,
	0xFF,0x7F,0xFF,0x7F,0xFF,0x7F,0xFF,0x7F,0xFF,0x7F,0xFF,0x7F,0xFF,0x7F,0xFF,0x7F,
	0xFF,0x7F,0xFF,0x7F,0xFF,0x7F,0xFF,0x7F,0xFF,0x7F,0xFF,0x7F,0xFF,0x7F,0xFF,0x7F,
	0xB5,0x56,0xFF,0x7F,0xFF,0x7F,0xFF,0x7F,0xFF,0x7F,0xFF,0x7F,0xFF,0x7F,0xFF,0x7F,
	0xFF,0x7F,0xFF,0x7F,0xFF,0x7F,0xFF,0x7F,0xFF,0x7F,0xFF,0x7F,0xFF,0x7F,0xFF,0x7F,
	0xFF,0x7F,0xFF,0x7F,0xFF,0x7F,0xFF,0x7F,0xFF,0x7F,0xFF,0x7F,0xFF,0x7F,0xFF,0x7F,
	0xFF,0x7F,0xFF,0x7F,0xFF,0x7F,0xFF,0x7F,0xFF,0x7F,0xFF,0x7F,0xFF,0x7F,0xFF,0x7F,
	0xFF,0x7F,0xFF,0x7F,0xFF,0x7F,0xFF,0x7F,0xFF,0x7F,0xFF,0x7F,0xFF,0x7F,0xFF,0x7F,

	0xFF,0x7F,0xFF,0x7F,0xFF,0x7F,0xFF,0x7F,0xFF,0x7F,0xFF,0x7F,0xFF,0x7F,0xFF,0x7F,
	0xB5,0x56,0xFF,0x7F,0xFF,0x7F,0xFF,0x7F,0xFF,0x7F,0xFF,0x7F,0xFF,0x7F,0xFF,0x7F,
	0xFF,0x7F,0xFF,0x7F,0xFF,0x7F,0xFF,0x7F,0xFF,0x7F,0xFF,0x7F,0xFF,0x7F,0xFF,0x7F,
	0xFF,0x7F,0xFF,0x7F,0xFF,0x7F,0xFF,0x7F,0xFF,0x7F,0xFF,0x7F,0xFF,0x7F,0xFF,0x7F,
	0x9C,0x73,0x9C,0x73,0x9C,0x73,0x9C,0x73,0x9C,0x73,0x9C,0x73,0x9C,0x73,0x9C,0x73,
	0x9C,0x73,0x9C,0x73,0x9C,0x73,0x9C,0x73,0x9C,0x73,0x9C,0x73,0x9C,0x73,0x9C,0x73,
	0x9C,0x73,0x9C,0x73,0x9C,0x73,0x9C,0x73,0x9C,0x73,0x9C,0x73,0x9C,0x73,0x9C,0x73,
	0xB5,0x56,0x9C,0x73,0x9C,0x73,0x9C,0x73,0x9C,0x73,0x9C,0x73,0x9C,0x73,0x9C,0x73,

	0x9C,0x73,0x9C,0x73,0x9C,0x73,0x9C,0x73,0x9C,0x73,0x9C,0x73,0x9C,0x73,0x9C,0x73,
	0x9C,0x73,0x9C,0x73,0x9C,0x73,0x9C,0x73,0x9C,0x73,0x9C,0x73,0x9C,0x73,0x9C,0x73,
	0x9C,0x73,0x9C,0x73,0x9C,0x73,0x9C,0x73,0x9C,0x73,0x9C,0x73,0x9C,0x73,0x9C,0x73,
	0x9C,0x73,0x9C,0x73,0x9C,0x73,0x9C,0x73,0x9C,0x73,0x9C,0x73,0x9C,0x73,0x9C,0x73,
	0x9C,0x73,0x9C,0x73,0x9C,0x73,0x9C,0x73,0x9C,0x73,0x9C,0x73,0x9C,0x73,0x9C,0x73,
	0xB5,0x56,0x9C,0x73,0x9C,0x73,0x9C,0x73,0x9C,0x73,0x9C,0x73,0x9C,0x73,0x9C,0x73,
	0x9C,0x73,0x9C,0x73,0x9C,0x73,0x9C,0x73,0x9C,0x73,0x9C,0x73,0x9C,0x73,0x9C,0x73,
	0x9C,0x73,0x9C,0x73,0x9C,0x73,0x9C,0x73,0x9C,0x73,0x9C,0x73,0x9C,0x73,0x9C,0x73,

	0x9C,0x73,0x9C,0x73,0x9C,0x73,0x9C,0x73,0x9C,0x73,0x9C,0x73,0x9C,0x73,0x9C,0x73,
	0x9C,0x73,0x9C,0x73,0x9C,0x73,0x9C,0x73,0x9C,0x73,0x9C,0x73,0x9C,0x73,0x9C,0x73,
	0x9C,0x73,0x9C,0x73,0x9C,0x73,0x9C,0x73,0x9C,0x73,0x9C,0x73,0x9C,0x73,0x9C,0x73,
	0xB5,0x56,0x9C,0x73,0x9C,0x73,0x9C,0x73,0x9C,0x73,0x9C,0x73,0x9C,0x73,0x9C,0x73,
	0x9C,0x73,0x9C,0x73,0x9C,0x73,0x9C,0x73,0x9C,0x73,0x9C,0x73,0x9C,0x73,0x9C,0x73,
	0x9C,0x73,0x9C,0x73,0x9C,0x73,0x9C,0x73,0x9C,0x73,0x9C,0x73,0x9C,0x73,0x9C,0x73,
	0x9C,0x73,0x9C,0x73,0x9C,0x73,0x9C,0x73,0x9C,0x73,0x9C,0x73,0x9C,0x73,0x9C,0x73,
	0x9C,0x73,0x9C,0x73,0x9C,0x73,0x9C,0x73,0x9C,0x73,0x9C,0x73,0x9C,0x73,0x9C,0x73,

	0x9C,0x73,0x9C,0x73,0x9C,0x73,0x9C,0x73,0x9C,0x73,0x9C,0x73,0x9C,0x73,0x9C,0x73,
	0xB5,0x56,0x9C,0x73,0x9C,0x73,0x9C,0x73,0x9C,0x73,0x9C,0x73,0x9C,0x73,0x9C,0x73,
	0x9C,0x73,0x9C,0x73,0x9C,0x73,0x9C,0x73,0x9C,0x73,0x9C,0x73,0x9C,0x73,0x9C,0x73,
	0x9C,0x73,0x9C,0x73,0x9C,0x73,0x9C,0x73,0x9C,0x73,0x9C,0x73,0x9C,0x73,0x9C,0x73,
	0x9C,0x73,0x9C,0x73,0x9C,0x73,0x9C,0x73,0x9C,0x73,0x9C,0x73,0x9C,0x73,0x9C,0x73,
	0x9C,0x73,0x9C,0x73,0x9C,0x73,0x9C,0x73,0x9C,0x73,0x9C,0x73,0x9C,0x73,0x9C,0x73,
	0x9C,0x73,0x9C,0x73,0x9C,0x73,0x9C,0x73,0x9C,0x73,0x9C,0x73,0x9C,0x73,0x9C,0x73,
	0xB5,0x56,0x9C,0x73,0x9C,0x73,0x9C,0x73,0x9C,0x73,0x9C,0x73,0x9C,0x73,0x9C,0x73,

	0x9C,0x73,0x9C,0x73,0x9C,0x73,0x9C,0x73,0x9C,0x73,0x9C,0x73,0x9C,0x73,0x9C,0x73,
	0x9C,0x73,0x9C,0x73,0x9C,0x73,0x9C,0x73,0x9C,0x73,0x9C,0x73,0x9C,0x73,0x9C,0x73,
	0xFF,0x7F,0xFF,0x7F,0xFF,0x7F,0xFF,0x7F,0xFF,0x7F,0xFF,0x7F,0xFF,0x7F,0xFF,0x7F,
	0xFF,0x7F,0xFF,0x7F,0xFF,0x7F,0xFF,0x7F,0xFF,0x7F,0xFF,0x7F,0xFF,0x7F,0xFF,0x7F,
	0xFF,0x7F,0xFF,0x7F,0xFF,0x7F,0xFF,0x7F,0xFF,0x7F,0xFF,0x7F,0xFF,0x7F,0xFF,0x7F,
	0xB5,0x56,0xFF,0x7F,0xFF,0x7F,0xFF,0x7F,0xFF,0x7F,0xFF,0x7F,0xFF,0x7F,0xFF,0x7F,
	0xFF,0x7F,0xFF,0x7F,0xFF,0x7F,0xFF,0x7F,0xFF,0x7F,0xFF,0x7F,0xFF,0x7F,0xFF,0x7F,
	0xFF,0x7F,0xFF,0x7F,0xFF,0x7F,0xFF,0x7F,0xFF,0x7F,0xFF,0x7F,0xFF,0x7F,0xFF,0x7F,

	0xFF,0x7F,0xFF,0x7F,0xFF,0x7F,0xFF,0x7F,0xFF,0x7F,0xFF,0x7F,0xFF,0x7F,0xFF,0x7F,
	0xFF,0x7F,0xFF,0x7F,0xFF,0x7F,0xFF,0x7F,0xFF,0x7F,0xFF,0x7F,0xFF,0x7F,0xFF,0x7F,
	0xFF,0x7F,0xFF,0x7F,0xFF,0x7F,0xFF,0x7F,0xFF,0x7F,0xFF,0x7F,0xFF,0x7F,0xFF,0x7F,
	0xB5,0x56,0xFF,0x7F,0xFF,0x7F,0xFF,0x7F,0xFF,0x7F,0xFF,0x7F,0xFF,0x7F,0xFF,0x7F,
	0xFF,0x7F,0xFF,0x7F,0xFF,0x7F,0xFF,0x7F,0xFF,0x7F,0xFF,0x7F,0xFF,0x7F,0xFF,0x7F,
	0xFF,0x7F,0xFF,0x7F,0xFF,0x7F,0xFF,0x7F,0xFF,0x7F,0xFF,0x7F,0xFF,0x7F,0xFF,0x7F,
	0xFF,0x7F,0xFF,0x7F,0xFF,0x7F,0xFF,0x7F,0xFF,0x7F,0xFF,0x7F,0xFF,0x7F,0xFF,0x7F,
	0xFF,0x7F,0xFF,0x7F,0xFF,0x7F,0xFF,0x7F,0xFF,0x7F,0xFF,0x7F,0xFF,0x7F,0xFF,0x7F,

	0xFF,0x7F,0xFF,0x7F,0xFF,0x7F,0xFF,0x7F,0xFF,0x7F,0xFF,0x7F,0xFF,0x7F,0xFF,0x7F,
	0xB5,0x56,0xFF,0x7F,0xFF,0x7F,0xFF,0x7F,0xFF,0x7F,0xFF,0x7F,0xFF,0x7F,0xFF,0x7F,
	0xFF,0x7F,0xFF,0x7F,0xFF,0x7F,0xFF,0x7F,0xFF,0x7F,0xFF,0x7F,0xFF,0x7F,0xFF,0x7F,
	0xFF,0x7F,0xFF,0x7F,0xFF,0x7F,0xFF,0x7F,0xFF,0x7F,0xFF,0x7F,0xFF,0x7F,0xFF,0x7F,
	0xFF,0x7F,0xFF,0x7F,0xFF,0x7F,0xFF,0x7F,0xFF,0x7F,0xFF,0x7F,0xFF,0x7F,0xFF,0x7F,
	0xFF,0x7F,0xFF,0x7F,0xFF,0x7F,0xFF,0x7F,0xFF,0x7F,0xFF,0x7F,0xFF,0x7F,0xFF,0x7F,
	0xFF,0x7F,0xFF,0x7F,0xFF,0x7F,0xFF,0x7F,0xFF,0x7F,0xFF,0x7F,0xFF,0x7F,0xFF,0x7F,
	0xB5,0x56,0xFF,0x7F,0xFF,0x7F,0xFF,0x7F,0xFF,0x7F,0xFF,0x7F,0xFF,0x7F,0xFF,0x7F,

	0xFF,0x7F,0xFF,0x7F,0xFF,0x7F,0xFF,0x7F,0xFF,0x7F,0xFF,0x7F,0xFF,0x7F,0xFF,0x7F,
	0xFF,0x7F,0xFF,0x7F,0xFF,0x7F,0xFF,0x7F,0xFF,0x7F,0xFF,0x7F,0xFF,0x7F,0xFF,0x7F,
	0xFF,0x7F,0xFF,0x7F,0xFF,0x7F,0xFF,0x7F,0xFF,0x7F,0xFF,0x7F,0xFF,0x7F,0xFF,0x7F,
	0xFF,0x7F,0xFF,0x7F,0xFF,0x7F,0xFF,0x7F,0xFF,0x7F,0xFF,0x7F,0xFF,0x7F,0xFF,0x7F,
	0xFF,0x7F,0xFF,0x7F,0xFF,0x7F,0xFF,0x7F,0xFF,0x7F,0xFF,0x7F,0xFF,0x7F,0xFF,0x7F,
	0xB5,0x56,0xFF,0x7F,0xFF,0x7F,0xFF,0x7F,0xFF,0x7F,0xFF,0x7F,0xFF,0x7F,0xFF,0x7F,
	0xFF,0x7F,0xFF,0x7F,0xFF,0x7F,0xFF,0x7F,0xFF,0x7F,0xFF,0x7F,0xFF,0x7F,0xFF,0x7F,
	0xFF,0x7F,0xFF,0x7F,0xFF,0x7F,0xFF,0x7F,0xFF,0x7F,0xFF,0x7F,0xFF,0x7F,0xFF,0x7F,

	0x9C,0x73,0x9C,0x73,0x9C,0x73,0x9C,0x73,0x9C,0x73,0x9C,0x73,0x9C,0x73,0x9C,0x73,
	0x9C,0x73,0x9C,0x73,0x9C,0x73,0x9C,0x73,0x9C,0x73,0x9C,0x73,0x9C,0x73,0x9C,0x73,
	0x9C,0x73,0x9C,0x73,0x9C,0x73,0x9C,0x73,0x9C,0x73,0x9C,0x73,0x9C,0x73,0x9C,0x73,
	0xB5,0x56,0x9C,0x73,0x9C,0x73,0x9C,0x73,0x9C,0x73,0x9C,0x73,0x9C,0x73,0x9C,0x73,
	0x9C,0x73,0x9C,0x73,0x9C,0x73,0x9C,0x73,0x9C,0x73,0x9C,0x73,0x9C,0x73,0x9C,0x73,
	0x9C,0x73,0x9C,0x73,0x9C,0x73,0x9C,0x73,0x9C,0x73,0x9C,0x73,0x9C,0x73,0x9C,0x73,
	0x9C,0x73,0x9C,0x73,0x9C,0x73,0x9C,0x73,0x9C,0x73,0x9C,0x73,0x9C,0x73,0x9C,0x73,
	0x9C,0x73,0x9C,0x73,0x9C,0x73,0x9C,0x73,0x9C,0x73,0x9C,0x73,0x9C,0x73,0x9C,0x73,

	0x9C,0x73,0x9C,0x73,0x9C,0x73,0x9C,0x73,0x9C,0x73,0x9C,0x73,0x9C,0x73,0x9C,0x73,
	0xB5,0x56,0x9C,0x73,0x9C,0x73,0x9C,0x73,0x9C,0x73,0x9C,0x73,0x9C,0x73,0x9C,0x73,
	0x9C,0x73,0x9C,0x73,0x9C,0x73,0x9C,0x73,0x9C,0x73,0x9C,0x73,0x9C,0x73,0x9C,0x73,
	0x9C,0x73,0x9C,0x73,0x9C,0x73,0x9C,0x73,0x9C,0x73,0x9C,0x73,0x9C,0x73,0x9C,0x73,
	0x9C,0x73,0x9C,0x73,0x9C,0x73,0x9C,0x73,0x9C,0x73,0x9C,0x73,0x9C,0x73,0x9C,0x73,
	0x9C,0x73,0x9C,0x73,0x9C,0x73,0x9C,0x73,0x9C,0x73,0x9C,0x73,0x9C,0x73,0x9C,0x73,
	0x9C,0x73,0x9C,0x73,0x9C,0x73,0x9C,0x73,0x9C,0x73,0x9C,0x73,0x9C,0x73,0x9C,0x73,
	0xB5,0x56,0x9C,0x73,0x9C,0x73,0x9C,0x73,0x9C,0x73,0x9C,0x73,0x9C,0x73,0x9C,0x73,

	0x9C,0x73,0x9C,0x73,0x9C,0x73,0x9C,0x73,0x9C,0x73,0x9C,0x73,0x9C,0x73,0x9C,0x73,
	0x9C,0x73,0x9C,0x73,0x9C,0x73,0x9C,0x73,0x9C,0x73,0x9C,0x73,0x9C,0x73,0x9C,0x73,
	0x9C,0x73,0x9C,0x73,0x9C,0x73,0x9C,0x73,0x9C,0x73,0x9C,0x73,0x9C,0x73,0x9C,0x73,
	0x9C,0x73,0x9C,0x73,0x9C,0x73,0x9C,0x73,0x9C,0x73,0x9C,0x73,0x9C,0x73,0x9C,0x73,
	0x9C,0x73,0x9C,0x73,0x9C,0x73,0x9C,0x73,0x9C,0x73,0x9C,0x73,0x9C,0x73,0x9C,0x73,
	0xB5,0x56,0x9C,0x73,0x9C,0x73,0x9C,0x73,0x9C,0x73,0x9C,0x73,0x9C,0x73,0x9C,0x73,
	0x9C,0x73,0x9C,0x73,0x9C,0x73,0x9C,0x73,0x9C,0x73,0x9C,0x73,0x9C,0x73,0x9C,0x73,
	0x9C,0x73,0x9C,0x73,0x9C,0x73,0x9C,0x73,0x9C,0x73,0x9C,0x73,0x9C,0x73,0x9C,0x73,

	0x9C,0x73,0x9C,0x73,0x9C,0x73,0x9C,0x73,0x9C,0x73,0x9C,0x73,0x9C,0x73,0x9C,0x73,
	0x9C,0x73,0x9C,0x73,0x9C,0x73,0x9C,0x73,0x9C,0x73,0x9C,0x73,0x9C,0x73,0x9C,0x73,
	0x9C,0x73,0x9C,0x73,0x9C,0x73,0x9C,0x73,0x9C,0x73,0x9C,0x73,0x9C,0x73,0x9C,0x73,
	0xB5,0x56,0x9C,0x73,0x9C,0x73,0x9C,0x73,0x9C,0x73,0x9C,0x73,0x9C,0x73,0x9C,0x73,
	0x9C,0x73,0x9C,0x73,0x9C,0x73,0x9C,0x73,0x9C,0x73,0x9C,0x73,0x9C,0x73,0x9C,0x73,
	0x9C,0x73,0x9C,0x73,0x9C,0x73,0x9C,0x73,0x9C,0x73,0x9C,0x73,0x9C,0x73,0x9C,0x73,
	0xFF,0x7F,0xFF,0x7F,0xFF,0x7F,0xFF,0x7F,0xFF,0x7F,0xFF,0x7F,0xFF,0x7F,0xFF,0x7F,
	0xFF,0x7F,0xFF,0x7F,0xFF,0x7F,0xFF,0x7F,0xFF,0x7F,0xFF,0x7F,0xFF,0x7F,0xFF,0x7F,

	0xFF,0x7F,0xFF,0x7F,0xFF,0x7F,0xFF,0x7F,0xFF,0x7F,0xFF,0x7F,0xFF,0x7F,0xFF,0x7F,
	0xB5,0x56,0xFF,0x7F,0xFF,0x7F,0xFF,0x7F,0xFF,0x7F,0xFF,0x7F,0xFF,0x7F,0xFF,0x7F,
	0xFF,0x7F,0xFF,0x7F,0xFF,0x7F,0xFF,0x7F,0xFF,0x7F,0xFF,0x7F,0xFF,0x7F,0xFF,0x7F,
	0xFF,0x7F,0xFF,0x7F,0xFF,0x7F,0xFF,0x7F,0xFF,0x7F,0xFF,0x7F,0xFF,0x7F,0xFF,0x7F,
	0xFF,0x7F,0xFF,0x7F,0xFF,0x7F,0xFF,0x7F,0xFF,0x7F,0xFF,0x7F,0xFF,0x7F,0xFF,0x7F,
	0xFF,0x7F,0xFF,0x7F,0xFF,0x7F,0xFF,0x7F,0xFF,0x7F,0xFF,0x7F,0xFF,0x7F,0xFF,0x7F,
	0xFF,0x7F,0xFF,0x7F,0xFF,0x7F,0xFF,0x7F,0xFF,0x7F,0xFF,0x7F,0xFF,0x7F,0xFF,0x7F,
	0xB5,0x56,0xFF,0x7F,0xFF,0x7F,0xFF,0x7F,0xFF,0x7F,0xFF,0x7F,0xFF,0x7F,0xFF,0x7F,

	0xFF,0x7F,0xFF,0x7F,0xFF,0x7F,0xFF,0x7F,0xFF,0x7F,0xFF,0x7F,0xFF,0x7F,0xFF,0x7F,
	0xFF,0x7F,0xFF,0x7F,0xFF,0x7F,0xFF,0x7F,0xFF,0x7F,0xFF,0x7F,0xFF,0x7F,0xFF,0x7F,
	0xFF,0x7F,0xFF,0x7F,0xFF,0x7F,0xFF,0x7F,0xFF,0x7F,0xFF,0x7F,0xFF,0x7F,0xFF,0x7F,
	0xFF,0x7F,0xFF,0x7F,0xFF,0x7F,0xFF,0x7F,0xFF,0x7F,0xFF,0x7F,0xFF,0x7F,0xFF,0x7F,
	0xFF,0x7F,0xFF,0x7F,0xFF,0x7F,0xFF,0x7F,0xFF,0x7F,0xFF,0x7F,0xFF,0x7F,0xFF,0x7F,
	0xB5,0x56,0xFF,0x7F,0xFF,0x7F,0xFF,0x7F,0xFF,0x7F,0xFF,0x7F,0xFF,0x7F,0xFF,0x7F,
	0xFF,0x7F,0xFF,0x7F,0xFF,0x7F,0xFF,0x7F,0xFF,0x7F,0xFF,0x7F,0xFF,0x7F,0xFF,0x7F,
	0xFF,0x7F,0xFF,0x7F,0xFF,0x7F,0xFF,0x7F,0xFF,0x7F,0xFF,0x7F,0xFF,0x7F,0xFF,0x7F,

	0xFF,0x7F,0xFF,0x7F,0xFF,0x7F,0xFF,0x7F,0xFF,0x7F,0xFF,0x7F,0xFF,0x7F,0xFF,0x7F,
	0xFF,0x7F,0xFF,0x7F,0xFF,0x7F,0xFF,0x7F,0xFF,0x7F,0xFF,0x7F,0xFF,0x7F,0xFF,0x7F,
	0xFF,0x7F,0xFF,0x7F,0xFF,0x7F,0xFF,0x7F,0xFF,0x7F,0xFF,0x7F,0xFF,0x7F,0xFF,0x7F,
	0xB5,0x56,0xFF,0x7F,0xFF,0x7F,0xFF,0x7F,0xFF,0x7F,0xFF,0x7F,0xFF,0x7F,0xFF,0x7F,
	0xFF,0x7F,0xFF,0x7F,0xFF,0x7F,0xFF,0x7F,0xFF,0x7F,0xFF,0x7F,0xFF,0x7F,0xFF,0x7F,
	0xFF,0x7F,0xFF,0x7F,0xFF,0x7F,0xFF,0x7F,0xFF,0x7F,0xFF,0x7F,0xFF,0x7F,0xFF,0x7F,
	0xFF,0x7F,0xFF,0x7F,0xFF,0x7F,0xFF,0x7F,0xFF,0x7F,0xFF,0x7F,0xFF,0x7F,0xFF,0x7F,
	0xFF,0x7F,0xFF,0x7F,0xFF,0x7F,0xFF,0x7F,0xFF,0x7F,0xFF,0x7F,0xFF,0x7F,0xFF,0x7F,

	0xFF,0x7F,0xFF,0x7F,0xFF,0x7F,0xFF,0x7F,0xFF,0x7F,0xFF,0x7F,0xFF,0x7F,0xFF,0x7F,
	0xB5,0x56,0xFF,0x7F,0xFF,0x7F,0xFF,0x7F,0xFF,0x7F,0xFF,0x7F,0xFF,0x7F,0xFF,0x7F,
	0xFF,0x7F,0xFF,0x7F,0xFF,0x7F,0xFF,0x7F,0xFF,0x7F,0xFF,0x7F,0xFF,0x7F,0xFF,0x7F,
	0xFF,0x7F,0xFF,0x7F,0xFF,0x7F,0xFF,0x7F,0xFF,0x7F,0xFF,0x7F,0xFF,0x7F,0xFF,0x7F,
	0x9C,0x73,0x9C,0x73,0x9C,0x73,0x9C,0x73,0x9C,0x73,0x9C,0x73,0x9C,0x73,0x9C,0x73,
	0x9C,0x73,0x9C,0x73,0x9C,0x73,0x9C,0x73,0x9C,0x73,0x9C,0x73,0x9C,0x73,0x9C,0x73,
	0x9C,0x73,0x9C,0x73,0x9C,0x73,0x9C,0x73,0x9C,0x73,0x9C,0x73,0x9C,0x73,0x9C,0x73,
	0xB5,0x56,0x9C,0x73,0x9C,0x73,0x9C,0x73,0x9C,0x73,0x9C,0x73,0x9C,0x73,0x9C,0x73,

	0x9C,0x73,0x9C,0x73,0x9C,0x73,0x9C,0x73,0x9C,0x73,0x9C,0x73,0x9C,0x73,0x9C,0x73,
	0x9C,0x73,0x9C,0x73,0x9C,0x73,0x9C,0x73,0x9C,0x73,0x9C,0x73,0x9C,0x73,0x9C,0x73,
	0x9C,0x73,0x9C,0x73,0x9C,0x73,0x9C,0x73,0x9C,0x73,0x9C,0x73,0x9C,0x73,0x9C,0x73,
	0x9C,0x73,0x9C,0x73,0x9C,0x73,0x9C,0x73,0x9C,0x73,0x9C,0x73,0x9C,0x73,0x9C,0x73,
	0x9C,0x73,0x9C,0x73,0x9C,0x73,0x9C,0x73,0x9C,0x73,0x9C,0x73,0x9C,0x73,0x9C,0x73,
	0xB5,0x56,0x9C,0x73,0x9C,0x73,0x9C,0x73,0x9C,0x73,0x9C,0x73,0x9C,0x73,0x9C,0x73,
	0x9C,0x73,0x9C,0x73,0x9C,0x73,0x9C,0x73,0x9C,0x73,0x9C,0x73,0x9C,0x73,0x9C,0x73,
	0x9C,0x73,0x9C,0x73,0x9C,0x73,0x9C,0x73,0x9C,0x73,0x9C,0x73,0x9C,0x73,0x9C,0x73,

	0x9C,0x73,0x9C,0x73,0x9C,0x73,0x9C,0x73,0x9C,0x73,0x9C,0x73,0x9C,0x73,0x9C,0x73,
	0x9C,0x73,0x9C,0x73,0x9C,0x73,0x9C,0x73,0x9C,0x73,0x9C,0x73,0x9C,0x73,0x9C,0x73,
	0x9C,0x73,0x9C,0x73,0x9C,0x73,0x9C,0x73,0x9C,0x73,0x9C,0x73,0x9C,0x73,0x9C,0x73,
	0xB5,0x56,0x9C,0x73,0x9C,0x73,0x9C,0x73,0x9C,0x73,0x9C,0x73,0x9C,0x73,0x9C,0x73,
	0x9C,0x73,0x9C,0x73,0x9C,0x73,0x9C,0x73,0x9C,0x73,0x9C,0x73,0x9C,0x73,0x9C,0x73,
	0x9C,0x73,0x9C,0x73,0x9C,0x73,0x9C,0x73,0x9C,0x73,0x9C,0x73,0x9C,0x73,0x9C,0x73,
	0x9C,0x73,0x9C,0x73,0x9C,0x73,0x9C,0x73,0x9C,0x73,0x9C,0x73,0x9C,0x73,0x9C,0x73,
	0x9C,0x73,0x9C,0x73,0x9C,0x73,0x9C,0x73,0x9C,0x73,0x9C,0x73,0x9C,0x73,0x9C,0x73,

	0x9C,0x73,0x9C,0x73,0x9C,0x73,0x9C,0x73,0x9C,0x73,0x9C,0x73,0x9C,0x73,0x9C,0x73,
	0xB5,0x56,0x9C,0x73,0x9C,0x73,0x9C,0x73,0x9C,0x73,0x9C,0x73,0x9C,0x73,0x9C,0x73,
	0x9C,0x73,0x9C,0x73,0x9C,0x73,0x9C,0x73,0x9C,0x73,0x9C,0x73,0x9C,0x73,0x9C,0x73,
	0x9C,0x73,0x9C,0x73,0x9C,0x73,0x9C,0x73,0x9C,0x73,0x9C,0x73,0x9C,0x73,0x9C,0x73,
	0x9C,0x73,0x9C,0x73,0x9C,0x73,0x9C,0x73,0x9C,0x73,0x9C,0x73,0x9C,0x73,0x9C,0x73,
	0x9C,0x73,0x9C,0x73,0x9C,0x73,0x9C,0x73,0x9C,0x73,0x9C,0x73,0x9C,0x73,0x9C,0x73,
	0x9C,0x73,0x9C,0x73,0x9C,0x73,0x9C,0x73,0x9C,0x73,0x9C,0x73,0x9C,0x73,0x9C,0x73,
	0xB5,0x56,0x9C,0x73,0x9C,0x73,0x9C,0x73,0x9C,0x73,0x9C,0x73,0x9C,0x73,0x9C,0x73,

	0x9C,0x73,0x9C,0x73,0x9C,0x73,0x9C,0x73,0x9C,0x73,0x9C,0x73,0x9C,0x73,0x9C,0x73,
	0x9C,0x73,0x9C,0x73,0x9C,0x73,0x9C,0x73,0x9C,0x73,0x9C,0x73,0x9C,0x73,0x9C,0x73,
	0xFF,0x7F,0xFF,0x7F,0xFF,0x7F,0xFF,0x7F,0xFF,0x7F,0xFF,0x7F,0xFF,0x7F,0xFF,0x7F,
	0xFF,0x7F,0xFF,0x7F,0xFF,0x7F,0xFF,0x7F,0xFF,0x7F,0xFF,0x7F,0xFF,0x7F,0xFF,0x7F,
	0xFF,0x7F,0xFF,0x7F,0xFF,0x7F,0xFF,0x7F,0xFF,0x7F,0xFF,0x7F,0xFF,0x7F,0xFF,0x7F,
	0xB5,0x56,0xFF,0x7F,0xFF,0x7F,0xFF,0x7F,0xFF,0x7F,0xFF,0x7F,0xFF,0x7F,0xFF,0x7F,
	0xFF,0x7F,0xFF,0x7F,0xFF,0x7F,0xFF,0x7F,0xFF,0x7F,0xFF,0x7F,0xFF,0x7F,0xFF,0x7F,
	0xFF,0x7F,0xFF,0x7F,0xFF,0x7F,0xFF,0x7F,0xFF,0x7F,0xFF,0x7F,0xFF,0x7F,0xFF,0x7F,

	0xFF,0x7F,0xFF,0x7F,0xFF,0x7F,0xFF,0x7F,0xFF,0x7F,0xFF,0x7F,0xFF,0x7F,0xFF,0x7F,
	0xFF,0x7F,0xFF,0x7F,0xFF,0x7F,0xFF,0x7F,0xFF,0x7F,0xFF,0x7F,0xFF,0x7F,0xFF,0x7F,
	0xFF,0x7F,0xFF,0x7F,0xFF,0x7F,0xFF,0x7F,0xFF,0x7F,0xFF,0x7F,0xFF,0x7F,0xFF,0x7F,
	0xB5,0x56,0xFF,0x7F,0xFF,0x7F,0xFF,0x7F,0xFF,0x7F,0xFF,0x7F,0xFF,0x7F,0xFF,0x7F,
	0xFF,0x7F,0xFF,0x7F,0xFF,0x7F,0xFF,0x7F,0xFF,0x7F,0xFF,0x7F,0xFF,0x7F,0xFF,0x7F,
	0xFF,0x7F,0xFF,0x7F,0xFF,0x7F,0xFF,0x7F,0xFF,0x7F,0xFF,0x7F,0xFF,0x7F,0xFF,0x7F,
	0xFF,0x7F,0xFF,0x7F,0xFF,0x7F,0xFF,0x7F,0xFF,0x7F,0xFF,0x7F,0xFF,0x7F,0xFF,0x7F,
	0xFF,0x7F,0xFF,0x7F,0xFF,0x7F,0xFF,0x7F,0xFF,0x7F,0xFF,0x7F,0xFF,0x7F,0xFF,0x7F,

	0xFF,0x7F,0xFF,0x7F,0xFF,0x7F,0xFF,0x7F,0xFF,0x7F,0xFF,0x7F,0xFF,0x7F,0xFF,0x7F,
	0xB5,0x56,0xFF,0x7F,0xFF,0x7F,0xFF,0x7F,0xFF,0x7F,0xFF,0x7F,0xFF,0x7F,0xFF,0x7F,
	0xFF,0x7F,0xFF,0x7F,0xFF,0x7F,0xFF,0x7F,0xFF,0x7F,0xFF,0x7F,0xFF,0x7F,0xFF,0x7F,
	0xFF,0x7F,0xFF,0x7F,0xFF,0x7F,0xFF,0x7F,0xFF,0x7F,0xFF,0x7F,0xFF,0x7F,0xFF,0x7F,
	0xFF,0x7F,0xFF,0x7F,0xFF,0x7F,0xFF,0x7F,0xFF,0x7F,0xFF,0x7F,0xFF,0x7F,0xFF,0x7F,
	0xFF,0x7F,0xFF,0x7F,0xFF,0x7F,0xFF,0x7F,0xFF,0x7F,0xFF,0x7F,0xFF,0x7F,0xFF,0x7F,
	0xFF,0x7F,0xFF,0x7F,0xFF,0x7F,0xFF,0x7F,0xFF,0x7F,0xFF,0x7F,0xFF,0x7F,0xFF,0x7F,
	0xB5,0x56,0xFF,0x7F,0xFF,0x7F,0xFF,0x7F,0xFF,0x7F,0xFF,0x7F,0xFF,0x7F,0xFF,0x7F,

	0xFF,0x7F,0xFF,0x7F,0xFF,0x7F,0xFF,0x7F,0xFF,0x7F,0xFF,0x7F,0xFF,0x7F,0xFF,0x7F,
	0xFF,0x7F,0xFF,0x7F,0xFF,0x7F,0xFF,0x7F,0xFF,0x7F,0xFF,0x7F,0xFF,0x7F,0xFF,0x7F,
	0xFF,0x7F,0xFF,0x7F,0xFF,0x7F,0xFF,0x7F,0xFF,0x7F,0xFF,0x7F,0xFF,0x7F,0xFF,0x7F,
	0xFF,0x7F,0xFF,0x7F,0xFF,0x7F,0xFF,0x7F,0xFF,0x7F,0xFF,0x7F,0xFF,0x7F,0xFF,0x7F,
	0xFF,0x7F,0xFF,0x7F,0xFF,0x7F,0xFF,0x7F,0xFF,0x7F,0xFF,0x7F,0xFF,0x7F,0xFF,0x7F,
	0xB5,0x56,0xFF,0x7F,0xFF,0x7F,0xFF,0x7F,0xFF,0x7F,0xFF,0x7F,0xFF,0x7F,0xFF,0x7F,
	0xFF,0x7F,0xFF,0x7F,0xFF,0x7F,0xFF,0x7F,0xFF,0x7F,0xFF,0x7F,0xFF,0x7F,0xFF,0x7F,
	0xFF,0x7F,0xFF,0x7F,0xFF,0x7F,0xFF,0x7F,0xFF,0x7F,0xFF,0x7F,0xFF,0x7F,0xFF,0x7F,

	0x9C,0x73,0x9C,0x73,0x9C,0x73,0x9C,0x73,0x9C,0x73,0x9C,0x73,0x9C,0x73,0x9C,0x73,
	0x9C,0x73,0x9C,0x73,0x9C,0x73,0x9C,0x73,0x9C,0x73,0x9C,0x73,0x9C,0x73,0x9C,0x73,
	0x9C,0x73,0x9C,0x73,0x9C,0x73,0x9C,0x73,0x9C,0x73,0x9C,0x73,0x9C,0x73,0x9C,0x73,
	0xB5,0x56,0x9C,0x73,0x9C,0x73,0x9C,0x73,0x9C,0x73,0x9C,0x73,0x9C,0x73,0x9C,0x73,
	0x9C,0x73,0x9C,0x73,0x9C,0x73,0x9C,0x73,0x9C,0x73,0x9C,0x73,0x9C,0x73,0x9C,0x73,
	0x9C,0x73,0x9C,0x73,0x9C,0x73,0x9C,0x73,0x9C,0x73,0x9C,0x73,0x9C,0x73,0x9C,0x73,
	0x9C,0x73,0x9C,0x73,0x9C,0x73,0x9C,0x73,0x9C,0x73,0x9C,0x73,0x9C,0x73,0x9C,0x73,
	0x9C,0x73,0x9C,0x73,0x9C,0x73,0x9C,0x73,0x9C,0x73,0x9C,0x73,0x9C,0x73,0x9C,0x73,

	0x9C,0x73,0x9C,0x73,0x9C,0x73,0x9C,0x73,0x9C,0x73,0x9C,0x73,0x9C,0x73,0x9C,0x73,
	0xB5,0x56,0x9C,0x73,0x9C,0x73,0x9C,0x73,0x9C,0x73,0x9C,0x73,0x9C,0x73,0x9C,0x73,
	0x9C,0x73,0x9C,0x73,0x9C,0x73,0x9C,0x73,0x9C,0x73,0x9C,0x73,0x9C,0x73,0x9C,0x73,
	0x9C,0x73,0x9C,0x73,0x9C,0x73,0x9C,0x73,0x9C,0x73,0x9C,0x73,0x9C,0x73,0x9C,0x73,
	0x9C,0x73,0x9C,0x73,0x9C,0x73,0x9C,0x73,0x9C,0x73,0x9C,0x73,0x9C,0x73,0x9C,0x73,
	0x9C,0x73,0x9C,0x73,0x9C,0x73,0x9C,0x73,0x9C,0x73,0x9C,0x73,0x9C,0x73,0x9C,0x73,
	0x9C,0x73,0x9C,0x73,0x9C,0x73,0x9C,0x73,0x9C,0x73,0x9C,0x73,0x9C,0x73,0x9C,0x73,
	0xB5,0x56,0x9C,0x73,0x9C,0x73,0x9C,0x73,0x9C,0x73,0x9C,0x73,0x9C,0x73,0x9C,0x73,

	0x9C,0x73,0x9C,0x73,0x9C,0x73,0x9C,0x73,0x9C,0x73,0x9C,0x73,0x9C,0x73,0x9C,0x73,
	0x9C,0x73,0x9C,0x73,0x9C,0x73,0x9C,0x73,0x9C,0x73,0x9C,0x73,0x9C,0x73,0x9C,0x73,
	0x9C,0x73,0x9C,0x73,0x9C,0x73,0x9C,0x73,0x9C,0x73,0x9C,0x73,0x9C,0x73,0x9C,0x73,
	0x9C,0x73,0x9C,0x73,0x9C,0x73,0x9C,0x73,0x9C,0x73,0x9C,0x73,0x9C,0x73,0x9C,0x73,
	0x9C,0x73,0x9C,0x73,0x9C,0x73,0x9C,0x73,0x9C,0x73,0x9C,0x73,0x9C,0x73,0x9C,0x73,
	0xB5,0x56,0x9C,0x73,0x9C,0x73,0x9C,0x73,0x9C,0x73,0x9C,0x73,0x9C,0x73,0x9C,0x73,
	0x9C,0x73,0x9C,0x73,0x9C,0x73,0x9C,0x73,0x9C,0x73,0x9C,0x73,0x9C,0x73,0x9C,0x73,
	0x9C,0x73,0x9C,0x73,0x9C,0x73,0x9C,0x73,0x9C,0x73,0x9C,0x73,0x9C,0x73,0x9C,0x73,

	0x9C,0x73,0x9C,0x73,0x9C,0x73,0x9C,0x73,0x9C,0x73,0x9C,0x73,0x9C,0x73,0x9C,0x73,
	0x9C,0x73,0x9C,0x73,0x9C,0x73,0x9C,0x73,0x9C,0x73,0x9C,0x73,0x9C,0x73,0x9C,0x73,
	0x9C,0x73,0x9C,0x73,0x9C,0x73,0x9C,0x73,0x9C,0x73,0x9C,0x73,0x9C,0x73,0x9C,0x73,
	0xB5,0x56,0x9C,0x73,0x9C,0x73,0x9C,0x73,0x9C,0x73,0x9C,0x73,0x9C,0x73,0x9C,0x73,
	0x9C,0x73,0x9C,0x73,0x9C,0x73,0x9C,0x73,0x9C,0x73,0x9C,0x73,0x9C,0x73,0x9C,0x73,
	0x9C,0x73,0x9C,0x73,0x9C,0x73,0x9C,0x73,0x9C,0x73,0x9C,0x73,0x9C,0x73,0x9C,0x73,
	0xFF,0x7F,0xFF,0x7F,0xFF,0x7F,0xFF,0x7F,0xFF,0x7F,0xFF,0x7F,0xFF,0x7F,0xFF,0x7F,
	0xFF,0x7F,0xFF,0x7F,0xFF,0x7F,0xFF,0x7F,0xFF,0x7F,0xFF,0x7F,0xFF,0x7F,0xFF,0x7F,

	0xFF,0x7F,0xFF,0x7F,0xFF,0x7F,0xFF,0x7F,0xFF,0x7F,0xFF,0x7F,0xFF,0x7F,0xB5,0x56,
	0xB5,0x56,0xB5,0x56,0xFF,0x7F,0xFF,0x7F,0xFF,0x7F,0xFF,0x7F,0xFF,0x7F,0xFF,0x7F,
	0xFF,0x7F,0xFF,0x7F,0xFF,0x7F,0xFF,0x7F,0xFF,0x7F,0xFF,0x7F,0xFF,0x7F,0xFF,0x7F,
	0xFF,0x7F,0xFF,0x7F,0xFF,0x7F,0xFF,0x7F,0xFF,0x7F,0xFF,0x7F,0xFF,0x7F,0xFF,0x7F,
	0xFF,0x7F,0xFF,0x7F,0xFF,0x7F,0xFF,0x7F,0xFF,0x7F,0xFF,0x7F,0xFF,0x7F,0xFF,0x7F,
	0xFF,0x7F,0xFF,0x7F,0xFF,0x7F,0xFF,0x7F,0xFF,0x7F,0xFF,0x7F,0xFF,0x7F,0xFF,0x7F,
	0xFF,0x7F,0xFF,0x7F,0xFF,0x7F,0xFF,0x7F,0xFF,0x7F,0xFF,0x7F,0xFF,0x7F,0xB5,0x56,
	0xB5,0x56,0xB5,0x56,0xFF,0x7F,0xFF,0x7F,0xFF,0x7F,0xFF,0x7F,0xFF,0x7F,0xFF,0x7F,

	0xFF,0x7F,0xFF,0x7F,0xFF,0x7F,0xFF,0x7F,0xFF,0x7F,0xFF,0x7F,0xFF,0x7F,0xFF,0x7F,
	0xFF,0x7F,0xFF,0x7F,0xFF,0x7F,0xFF,0x7F,0xFF,0x7F,0xFF,0x7F,0xFF,0x7F,0xFF,0x7F,
	0xFF,0x7F,0xFF,0x7F,0xFF,0x7F,0xFF,0x7F,0xFF,0x7F,0xFF,0x7F,0xFF,0x7F,0xFF,0x7F,
	0xFF,0x7F,0xFF,0x7F,0xFF,0x7F,0xFF,0x7F,0xFF,0x7F,0xFF,0x7F,0xFF,0x7F,0xFF,0x7F,
	0xFF,0x7F,0xFF,0x7F,0xFF,0x7F,0xFF,0x7F,0xFF,0x7F,0xFF,0x7F,0xFF,0x7F,0xB5,0x56,
	0xB5,0x56,0xB5,0x56,0xFF,0x7F,0xFF,0x7F,0xFF,0x7F,0xFF,0x7F,0xFF,0x7F,0xFF,0x7F,
	0xFF,0x7F,0xFF,0x7F,0xFF,0x7F,0xFF,0x7F,0xFF,0x7F,0xFF,0x7F,0xFF,0x7F,0xFF,0x7F,
	0xFF,0x7F,0xFF,0x7F,0xFF,0x7F,0xFF,0x7F,0xFF,0x7F,0xFF,0x7F,0xFF,0x7F,0xFF,0x7F,

	0xFF,0x7F,0xFF,0x7F,0xFF,0x7F,0xFF,0x7F,0xFF,0x7F,0xFF,0x7F,0xFF,0x7F,0xFF,0x7F,
	0xFF,0x7F,0xFF,0x7F,0xFF,0x7F,0xFF,0x7F,0xFF,0x7F,0xFF,0x7F,0xFF,0x7F,0xFF,0x7F,
	0xFF,0x7F,0xFF,0x7F,0xFF,0x7F,0xFF,0x7F,0xFF,0x7F,0xFF,0x7F,0xFF,0x7F,0xB5,0x56,
	0xB5,0x56,0xB5,0x56,0xFF,0x7F,0xFF,0x7F,0xFF,0x7F,0xFF,0x7F,0xFF,0x7F,0xFF,0x7F,
	0xFF,0x7F,0xFF,0x7F,0xFF,0x7F,0xFF,0x7F,0xFF,0x7F,0xFF,0x7F,0xFF,0x7F,0xFF,0x7F,
	0xFF,0x7F,0xFF,0x7F,0xFF,0x7F,0xFF,0x7F,0xFF,0x7F,0xFF,0x7F,0xFF,0x7F,0xFF,0x7F,
	0xFF,0x7F,0xFF,0x7F,0xFF,0x7F,0xFF,0x7F,0xFF,0x7F,0xFF,0x7F,0xFF,0x7F,0xFF,0x7F,
	0xFF,0x7F,0xFF,0x7F,0xFF,0x7F,0xFF,0x7F,0xFF,0x7F,0xFF,0x7F,0xFF,0x7F,0xFF,0x7F,

	0xFF,0x7F,0xFF,0x7F,0xFF,0x7F,0xFF,0x7F,0xFF,0x7F,0xFF,0x7F,0xFF,0x7F,0xB5,0x56,
	0xB5,0x56,0xB5,0x56,0xFF,0x7F,0xFF,0x7F,0xFF,0x7F,0xFF,0x7F,0xFF,0x7F,0xFF,0x7F,
	0xFF,0x7F,0xFF,0x7F,0xFF,0x7F,0xFF,0x7F,0xFF,0x7F,0xFF,0x7F,0xFF,0x7F,0xFF,0x7F,
	0xFF,0x7F,0xFF,0x7F,0xFF,0x7F,0xFF,0x7F,0xFF,0x7F,0xFF,0x7F,0xFF,0x7F,0xFF,0x7F,
	0xB5,0x56,0xB5,0x56,0xB5,0x56,0xB5,0x56,0xB5,0x56,0xB5,0x56,0xB5,0x56,0xB5,0x56,
	0xB5,0x56,0xB5,0x56,0xB5,0x56,0xB5,0x56,0xB5,0x56,0xB5,0x56,0xB5,0x56,0xB5,0x56,
	0xB5,0x56,0xB5,0x56,0xB5,0x56,0xB5,0x56,0xB5,0x56,0xB5,0x56,0xB5,0x56,0xB5,0x56,
	0xB5,0x56,0xB5,0x56,0xB5,0x56,0xB5,0x56,0xB5,0x56,0xB5,0x56,0xB5,0x56,0xB5,0x56,

	0xB5,0x56,0xB5,0x56,0xB5,0x56,0xB5,0x56,0xB5,0x56,0xB5,0x56,0xB5,0x56,0xB5,0x56,
	0xB5,0x56,0xB5,0x56,0xB5,0x56,0xB5,0x56,0xB5,0x56,0xB5,0x56,0xB5,0x56,0xB5,0x56,
	0xB5,0x56,0xB5,0x56,0xB5,0x56,0xB5,0x56,0xB5,0x56,0xB5,0x56,0xB5,0x56,0xB5,0x56,
	0xB5,0x56,0xB5,0x56,0xB5,0x56,0xB5,0x56,0xB5,0x56,0xB5,0x56,0xB5,0x56,0xB5,0x56,
	0xB5,0x56,0xB5,0x56,0xB5,0x56,0xB5,0x56,0xB5,0x56,0xB5,0x56,0xB5,0x56,0xB5,0x56,
	0xB5,0x56,0xB5,0x56,0xB5,0x56,0xB5,0x56,0xB5,0x56,0xB5,0x56,0xB5,0x56,0xB5,0x56,
	0xB5,0x56,0xB5,0x56,0xB5,0x56,0xB5,0x56,0xB5,0x56,0xB5,0x56,0xB5,0x56,0xB5,0x56,
	0xB5,0x56,0xB5,0x56,0xB5,0x56,0xB5,0x56,0xB5,0x56,0xB5,0x56,0xB5,0x56,0xB5,0x56,

	0xB5,0x56,0xB5,0x56,0xB5,0x56,0xB5,0x56,0xB5,0x56,0xB5,0x56,0xB5,0x56,0xB5,0x56,
	0xB5,0x56,0xB5,0x56,0xB5,0x56,0xB5,0x56,0xB5,0x56,0xB5,0x56,0xB5,0x56,0xB5,0x56,
	0xB5,0x56,0xB5,0x56,0xB5,0x56,0xB5,0x56,0xB5,0x56,0xB5,0x56,0xB5,0x56,0xB5,0x56,
	0xB5,0x56,0xB5,0x56,0xB5,0x56,0xB5,0x56,0xB5,0x56,0xB5,0x56,0xB5,0x56,0xB5,0x56,
	0xB5,0x56,0xB5,0x56,0xB5,0x56,0xB5,0x56,0xB5,0x56,0xB5,0x56,0xB5,0x56,0xB5,0x56,
	0xB5,0x56,0xB5,0x56,0xB5,0x56,0xB5,0x56,0xB5,0x56,0xB5,0x56,0xB5,0x56,0xB5,0x56,
	0xB5,0x56,0xB5,0x56,0xB5,0x56,0xB5,0x56,0xB5,0x56,0xB5,0x56,0xB5,0x56,0xB5,0x56,
	0xB5,0x56,0xB5,0x56,0xB5,0x56,0xB5,0x56,0xB5,0x56,0xB5,0x56,0xB5,0x56,0xB5,0x56,

	0xB5,0x56,0xB5,0x56,0xB5,0x56,0xB5,0x56,0xB5,0x56,0xB5,0x56,0xB5,0x56,0xB5,0x56,
	0xB5,0x56,0xB5,0x56,0xB5,0x56,0xB5,0x56,0xB5,0x56,0xB5,0x56,0xB5,0x56,0xB5,0x56,
	0xB5,0x56,0xB5,0x56,0xB5,0x56,0xB5,0x56,0xB5,0x56,0xB5,0x56,0xB5,0x56,0xB5,0x56,
	0xB5,0x56,0xB5,0x56,0xB5,0x56,0xB5,0x56,0xB5,0x56,0xB5,0x56,0xB5,0x56,0xB5,0x56,
	0xB5,0x56,0xB5,0x56,0xB5,0x56,0xB5,0x56,0xB5,0x56,0xB5,0x56,0xB5,0x56,0xB5,0x56,
	0xB5,0x56,0xB5,0x56,0xB5,0x56,0xB5,0x56,0xB5,0x56,0xB5,0x56,0xB5,0x56,0xB5,0x56,
	0xB5,0x56,0xB5,0x56,0xB5,0x56,0xB5,0x56,0xB5,0x56,0xB5,0x56,0xB5,0x56,0xB5,0x56,
	0xB5,0x56,0xB5,0x56,0xB5,0x56,0xB5,0x56,0xB5,0x56,0xB5,0x56,0xB5,0x56,0xB5,0x56,

	0xB5,0x56,0xB5,0x56,0xB5,0x56,0xB5,0x56,0xB5,0x56,0xB5,0x56,0xB5,0x56,0xB5,0x56,
	0xB5,0x56,0xB5,0x56,0xB5,0x56,0xB5,0x56,0xB5,0x56,0xB5,0x56,0xB5,0x56,0xB5,0x56,
	0xFF,0x7F,0xFF,0x7F,0xFF,0x7F,0xFF,0x7F,0xFF,0x7F,0xFF,0x7F,0xFF,0x7F,0xFF,0x7F,
	0xFF,0x7F,0xFF,0x7F,0xFF,0x7F,0xFF,0x7F,0xFF,0x7F,0xFF,0x7F,0xFF,0x7F,0xFF,0x7F,
	0xFF,0x7F,0xFF,0x7F,0xFF,0x7F,0xFF,0x7F,0xFF,0x7F,0xFF,0x7F,0xFF,0x7F,0xB5,0x56,
	0xB5,0x56,0xB5,0x56,0xFF,0x7F,0xFF,0x7F,0xFF,0x7F,0xFF,0x7F,0xFF,0x7F,0xFF,0x7F,
	0xFF,0x7F,0xFF,0x7F,0xFF,0x7F,0xFF,0x7F,0xFF,0x7F,0xFF,0x7F,0xFF,0x7F,0xFF,0x7F,
	0xFF,0x7F,0xFF,0x7F,0xFF,0x7F,0xFF,0x7F,0xFF,0x7F,0xFF,0x7F,0xFF,0x7F,0xFF,0x7F,

	0xFF,0x7F,0xFF,0x7F,0xFF,0x7F,0xFF,0x7F,0xFF,0x7F,0xFF,0x7F,0xFF,0x7F,0xFF,0x7F,
	0xFF,0x7F,0xFF,0x7F,0xFF,0x7F,0xFF,0x7F,0xFF,0x7F,0xFF,0x7F,0xFF,0x7F,0xFF,0x7F,
	0xFF,0x7F,0xFF,0x7F,0xFF,0x7F,0xFF,0x7F,0xFF,0x7F,0xFF,0x7F,0xFF,0x7F,0xB5,0x56,
	0xB5,0x56,0xB5,0x56,0xFF,0x7F,0xFF,0x7F,0xFF,0x7F,0xFF,0x7F,0xFF,0x7F,0xFF,0x7F,
	0xFF,0x7F,0xFF,0x7F,0xFF,0x7F,0xFF,0x7F,0xFF,0x7F,0xFF,0x7F,0xFF,0x7F,0xFF,0x7F,
	0xFF,0x7F,0xFF,0x7F,0xFF,0x7F,0xFF,0x7F,0xFF,0x7F,0xFF,0x7F,0xFF,0x7F,0xFF,0x7F,
	0xFF,0x7F,0xFF,0x7F,0xFF,0x7F,0xFF,0x7F,0xFF,0x7F,0xFF,0x7F,0xFF,0x7F,0xFF,0x7F,
	0xFF,0x7F,0xFF,0x7F,0xFF,0x7F,0xFF,0x7F,0xFF,0x7F,0xFF,0x7F,0xFF,0x7F,0xFF,0x7F,

	0xFF,0x7F,0xFF,0x7F,0xFF,0x7F,0xFF,0x7F,0xFF,0x7F,0xFF,0x7F,0xFF,0x7F,0xB5,0x56,
	0xB5,0x56,0xB5,0x56,0xFF,0x7F,0xFF,0x7F,0xFF,0x7F,0xFF,0x7F,0xFF,0x7F,0xFF,0x7F,
	0xFF,0x7F,0xFF,0x7F,0xFF,0x7F,0xFF,0x7F,0xFF,0x7F,0xFF,0x7F,0xFF,0x7F,0xFF,0x7F,
	0xFF,0x7F,0xFF,0x7F,0xFF,0x7F,0xFF,0x7F,0xFF,0x7F,0xFF,0x7F,0xFF,0x7F,0xFF,0x7F,
	0xFF,0x7F,0xFF,0x7F,0xFF,0x7F,0xFF,0x7F,0xFF,0x7F,0xFF,0x7F,0xFF,0x7F,0xFF,0x7F,
	0xFF,0x7F,0xFF,0x7F,0xFF,0x7F,0xFF,0x7F,0xFF,0x7F,0xFF,0x7F,0xFF,0x7F,0xFF,0x7F,
	0xFF,0x7F,0xFF,0x7F,0xFF,0x7F,0xFF,0x7F,0xFF,0x7F,0xFF,0x7F,0xFF,0x7F,0xB5,0x56,
	0xB5,0x56,0xB5,0x56,0xFF,0x7F,0xFF,0x7F,0xFF,0x7F,0xFF,0x7F,0xFF,0x7F,0xFF,0x7F,

	0xFF,0x7F,0xFF,0x7F,0xFF,0x7F,0xFF,0x7F,0xFF,0x7F,0xFF,0x7F,0xFF,0x7F,0xFF,0x7F,
	0xFF,0x7F,0xFF,0x7F,0xFF,0x7F,0xFF,0x7F,0xFF,0x7F,0xFF,0x7F,0xFF,0x7F,0xFF,0x7F,
	0xFF,0x7F,0xFF,0x7F,0xFF,0x7F,0xFF,0x7F,0xFF,0x7F,0xFF,0x7F,0xFF,0x7F,0xFF,0x7F,
	0xFF,0x7F,0xFF,0x7F,0xFF,0x7F,0xFF,0x7F,0xFF,0x7F,0xFF,0x7F,0xFF,0x7F,0xFF,0x7F,
	0xFF,0x7F,0xFF,0x7F,0xFF,0x7F,0xFF,0x7F,0xFF,0x7F,0xFF,0x7F,0xFF,0x7F,0xB5,0x56,
	0xB5,0x56,0xB5,0x56,0xFF,0x7F,0xFF,0x7F,0xFF,0x7F,0xFF,0x7F,0xFF,0x7F,0xFF,0x7F,
	0xFF,0x7F,0xFF,0x7F,0xFF,0x7F,0xFF,0x7F,0xFF,0x7F,0xFF,0x7F,0xFF,0x7F,0xFF,0x7F,
	0xFF,0x7F,0xFF,0x7F,0xFF,0x7F,0xFF,0x7F,0xFF,0x7F,0xFF,0x7F,0xFF,0x7F,0xFF,0x7F,

	0x9C,0x73,0x9C,0x73,0x9C,0x73,0x9C,0x73,0x9C,0x73,0x9C,0x73,0x9C,0x73,0x9C,0x73,
	0x9C,0x73,0x9C,0x73,0x9C,0x73,0x9C,0x73,0x9C,0x73,0x9C,0x73,0x9C,0x73,0x9C,0x73,
	0x9C,0x73,0x9C,0x73,0x9C,0x73,0x9C,0x73,0x9C,0x73,0x9C,0x73,0x9C,0x73,0x9C,0x73,
	0xB5,0x56,0x9C,0x73,0x9C,0x73,0x9C,0x73,0x9C,0x73,0x9C,0x73,0x9C,0x73,0x9C,0x73,
	0x9C,0x73,0x9C,0x73,0x9C,0x73,0x9C,0x73,0x9C,0x73,0x9C,0x73,0x9C,0x73,0x9C,0x73,
	0x9C,0x73,0x9C,0x73,0x9C,0x73,0x9C,0x73,0x9C,0x73,0x9C,0x73,0x9C,0x73,0x9C,0x73,
	0x9C,0x73,0x9C,0x73,0x9C,0x73,0x9C,0x73,0x9C,0x73,0x9C,0x73,0x9C,0x73,0x9C,0x73,
	0x9C,0x73,0x9C,0x73,0x9C,0x73,0x9C,0x73,0x9C,0x73,0x9C,0x73,0x9C,0x73,0x9C,0x73,

	0x9C,0x73,0x9C,0x73,0x9C,0x73,0x9C,0x73,0x9C,0x73,0x9C,0x73,0x9C,0x73,0x9C,0x73,
	0xB5,0x56,0x9C,0x73,0x9C,0x73,0x9C,0x73,0x9C,0x73,0x9C,0x73,0x9C,0x73,0x9C,0x73,
	0x9C,0x73,0x9C,0x73,0x9C,0x73,0x9C,0x73,0x9C,0x73,0x9C,0x73,0x9C,0x73,0x9C,0x73,
	0x9C,0x73,0x9C,0x73,0x9C,0x73,0x9C,0x73,0x9C,0x73,0x9C,0x73,0x9C,0x73,0x9C,0x73,
	0x9C,0x73,0x9C,0x73,0x9C,0x73,0x9C,0x73,0x9C,0x73,0x9C,0x73,0x9C,0x73,0x9C,0x73,
	0x9C,0x73,0x9C,0x73,0x9C,0x73,0x9C,0x73,0x9C,0x73,0x9C,0x73,0x9C,0x73,0x9C,0x73,
	0x9C,0x73,0x9C,0x73,0x9C,0x73,0x9C,0x73,0x9C,0x73,0x9C,0x73,0x9C,0x73,0x9C,0x73,
	0xB5,0x56,0x9C,0x73,0x9C,0x73,0x9C,0x73,0x9C,0x73,0x9C,0x73,0x9C,0x73,0x9C,0x73,

	0x9C,0x73,0x9C,0x73,0x9C,0x73,0x9C,0x73,0x9C,0x73,0x9C,0x73,0x9C,0x73,0x9C,0x73,
	0x9C,0x73,0x9C,0x73,0x9C,0x73,0x9C,0x73,0x9C,0x73,0x9C,0x73,0x9C,0x73,0x9C,0x73,
	0x9C,0x73,0x9C,0x73,0x9C,0x73,0x9C,0x73,0x9C,0x73,0x9C,0x73,0x9C,0x73,0x9C,0x73,
	0x9C,0x73,0x9C,0x73,0x9C,0x73,0x9C,0x73,0x9C,0x73,0x9C,0x73,0x9C,0x73,0x9C,0x73,
	0x9C,0x73,0x9C,0x73,0x9C,0x73,0x9C,0x73,0x9C,0x73,0x9C,0x73,0x9C,0x73,0x9C,0x73,
	0xB5,0x56,0x9C,0x73,0x9C,0x73,0x9C,0x73,0x9C,0x73,0x9C,0x73,0x9C,0x73,0x9C,0x73,
	0x9C,0x73,0x9C,0x73,0x9C,0x73,0x9C,0x73,0x9C,0x73,0x9C,0x73,0x9C,0x73,0x9C,0x73,
	0x9C,0x73,0x9C,0x73,0x9C,0x73,0x9C,0x73,0x9C,0x73,0x9C,0x73,0x9C,0x73,0x9C,0x73,

	0x9C,0x73,0x9C,0x73,0x9C,0x73,0x9C,0x73,0x9C,0x73,0x9C,0x73,0x9C,0x73,0x9C,0x73,
	0x9C,0x73,0x9C,0x73,0x9C,0x73,0x9C,0x73,0x9C,0x73,0x9C,0x73,0x9C,0x73,0x9C,0x73,
	0x9C,0x73,0x9C,0x73,0x9C,0x73,0x9C,0x73,0x9C,0x73,0x9C,0x73,0x9C,0x73,0x9C,0x73,
	0xB5,0x56,0x9C,0x73,0x9C,0x73,0x9C,0x73,0x9C,0x73,0x9C,0x73,0x9C,0x73,0x9C,0x73,
	0x9C,0x73,0x9C,0x73,0x9C,0x73,0x9C,0x73,0x9C,0x73,0x9C,0x73,0x9C,0x73,0x9C,0x73,
	0x9C,0x73,0x9C,0x73,0x9C,0x73,0x9C,0x73,0x9C,0x73,0x9C,0x73,0x9C,0x73,0x9C,0x73,
	0xFF,0x7F,0xFF,0x7F,0xFF,0x7F,0xFF,0x7F,0xFF,0x7F,0xFF,0x7F,0xFF,0x7F,0xFF,0x7F,
	0xFF,0x7F,0xFF,0x7F,0xFF,0x7F,0xFF,0x7F,0xFF,0x7F,0xFF,0x7F,0xFF,0x7F,0xFF,0x7F,

	0xFF,0x7F,0xFF,0x7F,0xFF,0x7F,0xFF,0x7F,0xFF,0x7F,0xFF,0x7F,0xFF,0x7F,0xFF,0x7F,
	0xB5,0x56,0xFF,0x7F,0xFF,0x7F,0xFF,0x7F,0xFF,0x7F,0xFF,0x7F,0xFF,0x7F,0xFF,0x7F,
	0xFF,0x7F,0xFF,0x7F,0xFF,0x7F,0xFF,0x7F,0xFF,0x7F,0xFF,0x7F,0xFF,0x7F,0xFF,0x7F,
	0xFF,0x7F,0xFF,0x7F,0xFF,0x7F,0xFF,0x7F,0xFF,0x7F,0xFF,0x7F,0xFF,0x7F,0xFF,0x7F,
	0xFF,0x7F,0xFF,0x7F,0xFF,0x7F,0xFF,0x7F,0xFF,0x7F,0xFF,0x7F,0xFF,0x7F,0xFF,0x7F,
	0xFF,0x7F,0xFF,0x7F,0xFF,0x7F,0xFF,0x7F,0xFF,0x7F,0xFF,0x7F,0xFF,0x7F,0xFF,0x7F,
	0xFF,0x7F,0xFF,0x7F,0xFF,0x7F,0xFF,0x7F,0xFF,0x7F,0xFF,0x7F,0xFF,0x7F,0xFF,0x7F,
	0xB5,0x56,0xFF,0x7F,0xFF,0x7F,0xFF,0x7F,0xFF,0x7F,0xFF,0x7F,0xFF,0x7F,0xFF,0x7F,

	0xFF,0x7F,0xFF,0x7F,0xFF,0x7F,0xFF,0x7F,0xFF,0x7F,0xFF,0x7F,0xFF,0x7F,0xFF,0x7F,
	0xFF,0x7F,0xFF,0x7F,0xFF,0x7F,0xFF,0x7F,0xFF,0x7F,0xFF,0x7F,0xFF,0x7F,0xFF,0x7F,
	0xFF,0x7F,0xFF,0x7F,0xFF,0x7F,0xFF,0x7F,0xFF,0x7F,0xFF,0x7F,0xFF,0x7F,0xFF,0x7F,
	0xFF,0x7F,0xFF,0x7F,0xFF,0x7F,0xFF,0x7F,0xFF,0x7F,0xFF,0x7F,0xFF,0x7F,0xFF,0x7F,
	0xFF,0x7F,0xFF,0x7F,0xFF,0x7F,0xFF,0x7F,0xFF,0x7F,0xFF,0x7F,0xFF,0x7F,0xFF,0x7F,
	0xB5,0x56,0xFF,0x7F,0xFF,0x7F,0xFF,0x7F,0xFF,0x7F,0xFF,0x7F,0xFF,0x7F,0xFF,0x7F,
	0xFF,0x7F,0xFF,0x7F,0xFF,0x7F,0xFF,0x7F,0xFF,0x7F,0xFF,0x7F,0xFF,0x7F,0xFF,0x7F,
	0xFF,0x7F,0xFF,0x7F,0xFF,0x7F,0xFF,0x7F,0xFF,0x7F,0xFF,0x7F,0xFF,0x7F,0xFF,0x7F,

	0xFF,0x7F,0xFF,0x7F,0xFF,0x7F,0xFF,0x7F,0xFF,0x7F,0xFF,0x7F,0xFF,0x7F,0xFF,0x7F,
	0xFF,0x7F,0xFF,0x7F,0xFF,0x7F,0xFF,0x7F,0xFF,0x7F,0xFF,0x7F,0xFF,0x7F,0xFF,0x7F,
	0xFF,0x7F,0xFF,0x7F,0xFF,0x7F,0xFF,0x7F,0xFF,0x7F,0xFF,0x7F,0xFF,0x7F,0xFF,0x7F,
	0xB5,0x56,0xFF,0x7F,0xFF,0x7F,0xFF,0x7F,0xFF,0x7F,0xFF,0x7F,0xFF,0x7F,0xFF,0x7F,
	0xFF,0x7F,0xFF,0x7F,0xFF,0x7F,0xFF,0x7F,0xFF,0x7F,0xFF,0x7F,0xFF,0x7F,0xFF,0x7F,
	0xFF,0x7F,0xFF,0x7F,0xFF,0x7F,0xFF,0x7F,0xFF,0x7F,0xFF,0x7F,0xFF,0x7F,0xFF,0x7F,
	0xFF,0x7F,0xFF,0x7F,0xFF,0x7F,0xFF,0x7F,0xFF,0x7F,0xFF,0x7F,0xFF,0x7F,0xFF,0x7F,
	0xFF,0x7F,0xFF,0x7F,0xFF,0x7F,0xFF,0x7F,0xFF,0x7F,0xFF,0x7F,0xFF,0x7F,0xFF,0x7F,

	0xFF,0x7F,0xFF,0x7F,0xFF,0x7F,0xFF,0x7F,0xFF,0x7F,0xFF,0x7F,0xFF,0x7F,0xFF,0x7F,
	0xB5,0x56,0xFF,0x7F,0xFF,0x7F,0xFF,0x7F,0xFF,0x7F,0xFF,0x7F,0xFF,0x7F,0xFF,0x7F,
	0xFF,0x7F,0xFF,0x7F,0xFF,0x7F,0xFF,0x7F,0xFF,0x7F,0xFF,0x7F,0xFF,0x7F,0xFF,0x7F,
	0xFF,0x7F,0xFF,0x7F,0xFF,0x7F,0xFF,0x7F,0xFF,0x7F,0xFF,0x7F,0xFF,0x7F,0xFF,0x7F,
	0x9C,0x73,0x9C,0x73,0x9C,0x73,0x9C,0x73,0x9C,0x73,0x9C,0x73,0x9C,0x73,0x9C,0x73,
	0x9C,0x73,0x9C,0x73,0x9C,0x73,0x9C,0x73,0x9C,0x73,0x9C,0x73,0x9C,0x73,0x9C,0x73,
	0x9C,0x73,0x9C,0x73,0x9C,0x73,0x9C,0x73,0x9C,0x73,0x9C,0x73,0x9C,0x73,0x9C,0x73,
	0xB5,0x56,0x9C,0x73,0x9C,0x73,0x9C,0x73,0x9C,0x73,0x9C,0x73,0x9C,0x73,0x9C,0x73,

	0x9C,0x73,0x9C,0x73,0x9C,0x73,0x9C,0x73,0x9C,0x73,0x9C,0x73,0x9C,0x73,0x9C,0x73,
	0x9C,0x73,0x9C,0x73,0x9C,0x73,0x9C,0x73,0x9C,0x73,0x9C,0x73,0x9C,0x73,0x9C,0x73,
	0x9C,0x73,0x9C,0x73,0x9C,0x73,0x9C,0x73,0x9C,0x73,0x9C,0x73,0x9C,0x73,0x9C,0x73,
	0x9C,0x73,0x9C,0x73,0x9C,0x73,0x9C,0x73,0x9C,0x73,0x9C,0x73,0x9C,0x73,0x9C,0x73,
	0x9C,0x73,0x9C,0x73,0x9C,0x73,0x9C,0x73,0x9C,0x73,0x9C,0x73,0x9C,0x73,0x9C,0x73,
	0xB5,0x56,0x9C,0x73,0x9C,0x73,0x9C,0x73,0x9C,0x73,0x9C,0x73,0x9C,0x73,0x9C,0x73,
	0x9C,0x73,0x9C,0x73,0x9C,0x73,0x9C,0x73,0x9C,0x73,0x9C,0x73,0x9C,0x73,0x9C,0x73,
	0x9C,0x73,0x9C,0x73,0x9C,0x73,0x9C,0x73,0x9C,0x73,0x9C,0x73,0x9C,0x73,0x9C,0x73,

	0x9C,0x73,0x9C,0x73,0x9C,0x73,0x9C,0x73,0x9C,0x73,0x9C,0x73,0x9C,0x73,0x9C,0x73,
	0x9C,0x73,0x9C,0x73,0x9C,0x73,0x9C,0x73,0x9C,0x73,0x9C,0x73,0x9C,0x73,0x9C,0x73,
	0x9C,0x73,0x9C,0x73,0x9C,0x73,0x9C,0x73,0x9C,0x73,0x9C,0x73,0x9C,0x73,0x9C,0x73,
	0xB5,0x56,0x9C,0x73,0x9C,0x73,0x9C,0x73,0x9C,0x73,0x9C,0x73,0x9C,0x73,0x9C,0x73,
	0x9C,0x73,0x9C,0x73,0x9C,0x73,0x9C,0x73,0x9C,0x73,0x9C,0x73,0x9C,0x73,0x9C,0x73,
	0x9C,0x73,0x9C,0x73,0x9C,0x73,0x9C,0x73,0x9C,0x73,0x9C,0x73,0x9C,0x73,0x9C,0x73,
	0x9C,0x73,0x9C,0x73,0x9C,0x73,0x9C,0x73,0x9C,0x73,0x9C,0x73,0x9C,0x73,0x9C,0x73,
	0x9C,0x73,0x9C,0x73,0x9C,0x73,0x9C,0x73,0x9C,0x73,0x9C,0x73,0x9C,0x73,0x9C,0x73,

	0x9C,0x73,0x9C,0x73,0x9C,0x73,0x9C,0x73,0x9C,0x73,0x9C,0x73,0x9C,0x73,0x9C,0x73,
	0xB5,0x56,0x9C,0x73,0x9C,0x73,0x9C,0x73,0x9C,0x73,0x9C,0x73,0x9C,0x73,0x9C,0x73,
	0x9C,0x73,0x9C,0x73,0x9C,0x73,0x9C,0x73,0x9C,0x73,0x9C,0x73,0x9C,0x73,0x9C,0x73,
	0x9C,0x73,0x9C,0x73,0x9C,0x73,0x9C,0x73,0x9C,0x73,0x9C,0x73,0x9C,0x73,0x9C,0x73,
	0x9C,0x73,0x9C,0x73,0x9C,0x73,0x9C,0x73,0x9C,0x73,0x9C,0x73,0x9C,0x73,0x9C,0x73,
	0x9C,0x73,0x9C,0x73,0x9C,0x73,0x9C,0x73,0x9C,0x73,0x9C,0x73,0x9C,0x73,0x9C,0x73,
	0x9C,0x73,0x9C,0x73,0x9C,0x73,0x9C,0x73,0x9C,0x73,0x9C,0x73,0x9C,0x73,0x9C,0x73,
	0xB5,0x56,0x9C,0x73,0x9C,0x73,0x9C,0x73,0x9C,0x73,0x9C,0x73,0x9C,0x73,0x9C,0x73,

	0x9C,0x73,0x9C,0x73,0x9C,0x73,0x9C,0x73,0x9C,0x73,0x9C,0x73,0x9C,0x73,0x9C,0x73,
	0x9C,0x73,0x9C,0x73,0x9C,0x73,0x9C,0x73,0x9C,0x73,0x9C,0x73,0x9C,0x73,0x9C,0x73,
	0xFF,0x7F,0xFF,0x7F,0xFF,0x7F,0xFF,0x7F,0xFF,0x7F,0xFF,0x7F,0xFF,0x7F,0xFF,0x7F,
	0xFF,0x7F,0xFF,0x7F,0xFF,0x7F,0xFF,0x7F,0xFF,0x7F,0xFF,0x7F,0xFF,0x7F,0xFF,0x7F,
	0xFF,0x7F,0xFF,0x7F,0xFF,0x7F,0xFF,0x7F,0xFF,0x7F,0xFF,0x7F,0xFF,0x7F,0xFF,0x7F,
	0xB5,0x56,0xFF,0x7F,0xFF,0x7F,0xFF,0x7F,0xFF,0x7F,0xFF,0x7F,0xFF,0x7F,0xFF,0x7F,
	0xFF,0x7F,0xFF,0x7F,0xFF,0x7F,0xFF,0x7F,0xFF,0x7F,0xFF,0x7F,0xFF,0x7F,0xFF,0x7F,
	0xFF,0x7F,0xFF,0x7F,0xFF,0x7F,0xFF,0x7F,0xFF,0x7F,0xFF,0x7F,0xFF,0x7F,0xFF,0x7F,

	0xFF,0x7F,0xFF,0x7F,0xFF,0x7F,0xFF,0x7F,0xFF,0x7F,0xFF,0x7F,0xFF,0x7F,0xFF,0x7F,
	0xFF,0x7F,0xFF,0x7F,0xFF,0x7F,0xFF,0x7F,0xFF,0x7F,0xFF,0x7F,0xFF,0x7F,0xFF,0x7F,
	0xFF,0x7F,0xFF,0x7F,0xFF,0x7F,0xFF,0x7F,0xFF,0x7F,0xFF,0x7F,0xFF,0x7F,0xFF,0x7F,
	0xB5,0x56,0xFF,0x7F,0xFF,0x7F,0xFF,0x7F,0xFF,0x7F,0xFF,0x7F,0xFF,0x7F,0xFF,0x7F,
	0xFF,0x7F,0xFF,0x7F,0xFF,0x7F,0xFF,0x7F,0xFF,0x7F,0xFF,0x7F,0xFF,0x7F,0xFF,0x7F,
	0xFF,0x7F,0xFF,0x7F,0xFF,0x7F,0xFF,0x7F,0xFF,0x7F,0xFF,0x7F,0xFF,0x7F,0xFF,0x7F,
	0xFF,0x7F,0xFF,0x7F,0xFF,0x7F,0xFF,0x7F,0xFF,0x7F,0xFF,0x7F,0xFF,0x7F,0xFF,0x7F,
	0xFF,0x7F,0xFF,0x7F,0xFF,0x7F,0xFF,0x7F,0xFF,0x7F,0xFF,0x7F,0xFF,0x7F,0xFF,0x7F,

	0xFF,0x7F,0xFF,0x7F,0xFF,0x7F,0xFF,0x7F,0xFF,0x7F,0xFF,0x7F,0xFF,0x7F,0xFF,0x7F,
	0xB5,0x56,0xFF,0x7F,0xFF,0x7F,0xFF,0x7F,0xFF,0x7F,0xFF,0x7F,0xFF,0x7F,0xFF,0x7F,
	0xFF,0x7F,0xFF,0x7F,0xFF,0x7F,0xFF,0x7F,0xFF,0x7F,0xFF,0x7F,0xFF,0x7F,0xFF,0x7F,
	0xFF,0x7F,0xFF,0x7F,0xFF,0x7F,0xFF,0x7F,0xFF,0x7F,0xFF,0x7F,0xFF,0x7F,0xFF,0x7F,
	0xFF,0x7F,0xFF,0x7F,0xFF,0x7F,0xFF,0x7F,0xFF,0x7F,0xFF,0x7F,0xFF,0x7F,0xFF,0x7F,
	0xFF,0x7F,0xFF,0x7F,0xFF,0x7F,0xFF,0x7F,0xFF,0x7F,0xFF,0x7F,0xFF,0x7F,0xFF,0x7F,
	0xFF,0x7F,0xFF,0x7F,0xFF,0x7F,0xFF,0x7F,0xFF,0x7F,0xFF,0x7F,0xFF,0x7F,0xFF,0x7F,
	0xB5,0x56,0xFF,0x7F,0xFF,0x7F,0xFF,0x7F,0xFF,0x7F,0xFF,0x7F,0xFF,0x7F,0xFF,0x7F,

	0xFF,0x7F,0xFF,0x7F,0xFF,0x7F,0xFF,0x7F,0xFF,0x7F,0xFF,0x7F,0xFF,0x7F,0xFF,0x7F,
	0xFF,0x7F,0xFF,0x7F,0xFF,0x7F,0xFF,0x7F,0xFF,0x7F,0xFF,0x7F,0xFF,0x7F,0xFF,0x7F,
	0xFF,0x7F,0xFF,0x7F,0xFF,0x7F,0xFF,0x7F,0xFF,0x7F,0xFF,0x7F,0xFF,0x7F,0xFF,0x7F,
	0xFF,0x7F,0xFF,0x7F,0xFF,0x7F,0xFF,0x7F,0xFF,0x7F,0xFF,0x7F,0xFF,0x7F,0xFF,0x7F,
	0xFF,0x7F,0xFF,0x7F,0xFF,0x7F,0xFF,0x7F,0xFF,0x7F,0xFF,0x7F,0xFF,0x7F,0xFF,0x7F,
	0xB5,0x56,0xFF,0x7F,0xFF,0x7F,0xFF,0x7F,0xFF,0x7F,0xFF,0x7F,0xFF,0x7F,0xFF,0x7F,
	0xFF,0x7F,0xFF,0x7F,0xFF,0x7F,0xFF,0x7F,0xFF,0x7F,0xFF,0x7F,0xFF,0x7F,0xFF,0x7F,
	0xFF,0x7F,0xFF,0x7F,0xFF,0x7F,0xFF,0x7F,0xFF,0x7F,0xFF,0x7F,0xFF,0x7F,0xFF,0x7F,

	0x9C,0x73,0x9C,0x73,0x9C,0x73,0x9C,0x73,0x9C,0x73,0x9C,0x73,0x9C,0x73,0x9C,0x73,
	0x9C,0x73,0x9C,0x73,0x9C,0x73,0x9C,0x73,0x9C,0x73,0x9C,0x73,0x9C,0x73,0x9C,0x73,
	0x9C,0x73,0x9C,0x73,0x9C,0x73,0x9C,0x73,0x9C,0x73,0x9C,0x73,0x9C,0x73,0x9C,0x73,
	0xB5,0x56,0x9C,0x73,0x9C,0x73,0x9C,0x73,0x9C,0x73,0x9C,0x73,0x9C,0x73,0x9C,0x73,
	0x9C,0x73,0x9C,0x73,0x9C,0x73,0x9C,0x73,0x9C,0x73,0x9C,0x73,0x9C,0x73,0x9C,0x73,
	0x9C,0x73,0x9C,0x73,0x9C,0x73,0x9C,0x73,0x9C,0x73,0x9C,0x73,0x9C,0x73,0x9C,0x73,
	0x9C,0x73,0x9C,0x73,0x9C,0x73,0x9C,0x73,0x9C,0x73,0x9C,0x73,0x9C,0x73,0x9C,0x73,
	0x9C,0x73,0x9C,0x73,0x9C,0x73,0x9C,0x73,0x9C,0x73,0x9C,0x73,0x9C,0x73,0x9C,0x73,

	0x9C,0x73,0x9C,0x73,0x9C,0x73,0x9C,0x73,0x9C,0x73,0x9C,0x73,0x9C,0x73,0x9C,0x73,
	0xB5,0x56,0x9C,0x73,0x9C,0x73,0x9C,0x73,0x9C,0x73,0x9C,0x73,0x9C,0x73,0x9C,0x73,
	0x9C,0x73,0x9C,0x73,0x9C,0x73,0x9C,0x73,0x9C,0x73,0x9C,0x73,0x9C,0x73,0x9C,0x73,
	0x9C,0x73,0x9C,0x73,0x9C,0x73,0x9C,0x73,0x9C,0x73,0x9C,0x73,0x9C,0x73,0x9C,0x73,
	0x9C,0x73,0x9C,0x73,0x9C,0x73,0x9C,0x73,0x9C,0x73,0x9C,0x73,0x9C,0x73,0x9C,0x73,
	0x9C,0x73,0x9C,0x73,0x9C,0x73,0x9C,0x73,0x9C,0x73,0x9C,0x73,0x9C,0x73,0x9C,0x73,
	0x9C,0x73,0x9C,0x73,0x9C,0x73,0x9C,0x73,0x9C,0x73,0x9C,0x73,0x9C,0x73,0x9C,0x73,
	0xB5,0x56,0x9C,0x73,0x9C,0x73,0x9C,0x73,0x9C,0x73,0x9C,0x73,0x9C,0x73,0x9C,0x73,

	0x9C,0x73,0x9C,0x73,0x9C,0x73,0x9C,0x73,0x9C,0x73,0x9C,0x73,0x9C,0x73,0x9C,0x73,
	0x9C,0x73,0x9C,0x73,0x9C,0x73,0x9C,0x73,0x9C,0x73,0x9C,0x73,0x9C,0x73,0x9C,0x73,
	0x9C,0x73,0x9C,0x73,0x9C,0x73,0x9C,0x73,0x9C,0x73,0x9C,0x73,0x9C,0x73,0x9C,0x73,
	0x9C,0x73,0x9C,0x73,0x9C,0x73,0x9C,0x73,0x9C,0x73,0x9C,0x73,0x9C,0x73,0x9C,0x73,
	0x9C,0x73,0x9C,0x73,0x9C,0x73,0x9C,0x73,0x9C,0x73,0x9C,0x73,0x9C,0x73,0x9C,0x73,
	0xB5,0x56,0x9C,0x73,0x9C,0x73,0x9C,0x73,0x9C,0x73,0x9C,0x73,0x9C,0x73,0x9C,0x73,
	0x9C,0x73,0x9C,0x73,0x9C,0x73,0x9C,0x73,0x9C,0x73,0x9C,0x73,0x9C,0x73,0x9C,0x73,
	0x9C,0x73,0x9C,0x73,0x9C,0x73,0x9C,0x73,0x9C,0x73,0x9C,0x73,0x9C,0x73,0x9C,0x73,

	0x9C,0x73,0x9C,0x73,0x9C,0x73,0x9C,0x73,0x9C,0x73,0x9C,0x73,0x9C,0x73,0x9C,0x73,
	0x9C,0x73,0x9C,0x73,0x9C,0x73,0x9C,0x73,0x9C,0x73,0x9C,0x73,0x9C,0x73,0x9C,0x73,
	0x9C,0x73,0x9C,0x73,0x9C,0x73,0x9C,0x73,0x9C,0x73,0x9C,0x73,0x9C,0x73,0x9C,0x73,
	0xB5,0x56,0x9C,0x73,0x9C,0x73,0x9C,0x73,0x9C,0x73,0x9C,0x73,0x9C,0x73,0x9C,0x73,
	0x9C,0x73,0x9C,0x73,0x9C,0x73,0x9C,0x73,0x9C,0x73,0x9C,0x73,0x9C,0x73,0x9C,0x73,
	0x9C,0x73,0x9C,0x73,0x9C,0x73,0x9C,0x73,0x9C,0x73,0x9C,0x73,0x9C,0x73,0x9C,0x73,
	0xFF,0x7F,0xFF,0x7F,0xFF,0x7F,0xFF,0x7F,0xFF,0x7F,0xFF,0x7F,0xFF,0x7F,0xFF,0x7F,
	0xFF,0x7F,0xFF,0x7F,0xFF,0x7F,0xFF,0x7F,0xFF,0x7F,0xFF,0x7F,0xFF,0x7F,0xFF,0x7F,

	0xFF,0x7F,0xFF,0x7F,0xFF,0x7F,0xFF,0x7F,0xFF,0x7F,0xFF,0x7F,0xFF,0x7F,0xFF,0x7F,
	0xB5,0x56,0xFF,0x7F,0xFF,0x7F,0xFF,0x7F,0xFF,0x7F,0xFF,0x7F,0xFF,0x7F,0xFF,0x7F,
	0xFF,0x7F,0xFF,0x7F,0xFF,0x7F,0xFF,0x7F,0xFF,0x7F,0xFF,0x7F,0xFF,0x7F,0xFF,0x7F,
	0xFF,0x7F,0xFF,0x7F,0xFF,0x7F,0xFF,0x7F,0xFF,0x7F,0xFF,0x7F,0xFF,0x7F,0xFF,0x7F,
	0xFF,0x7F,0xFF,0x7F,0xFF,0x7F,0xFF,0x7F,0xFF,0x7F,0xFF,0x7F,0xFF,0x7F,0xFF,0x7F,
	0xFF,0x7F,0xFF,0x7F,0xFF,0x7F,0xFF,0x7F,0xFF,0x7F,0xFF,0x7F,0xFF,0x7F,0xFF,0x7F,
	0xFF,0x7F,0xFF,0x7F,0xFF,0x7F,0xFF,0x7F,0xFF,0x7F,0xFF,0x7F,0xFF,0x7F,0xFF,0x7F,
	0xB5,0x56,0xFF,0x7F,0xFF,0x7F,0xFF,0x7F,0xFF,0x7F,0xFF,0x7F,0xFF,0x7F,0xFF,0x7F,

	0xFF,0x7F,0xFF,0x7F,0xFF,0x7F,0xFF,0x7F,0xFF,0x7F,0xFF,0x7F,0xFF,0x7F,0xFF,0x7F,
	0xFF,0x7F,0xFF,0x7F,0xFF,0x7F,0xFF,0x7F,0xFF,0x7F,0xFF,0x7F,0xFF,0x7F,0xFF,0x7F,
	0xFF,0x7F,0xFF,0x7F,0xFF,0x7F,0xFF,0x7F,0xFF,0x7F,0xFF,0x7F,0xFF,0x7F,0xFF,0x7F,
	0xFF,0x7F,0xFF,0x7F,0xFF,0x7F,0xFF,0x7F,0xFF,0x7F,0xFF,0x7F,0xFF,0x7F,0xFF,0x7F,
	0xFF,0x7F,0xFF,0x7F,0xFF,0x7F,0xFF,0x7F,0xFF,0x7F,0xFF,0x7F,0xFF,0x7F,0xFF,0x7F,
	0xB5,0x56,0xFF,0x7F,0xFF,0x7F,0xFF,0x7F,0xFF,0x7F,0xFF,0x7F,0xFF,0x7F,0xFF,0x7F,
	0xFF,0x7F,0xFF,0x7F,0xFF,0x7F,0xFF,0x7F,0xFF,0x7F,0xFF,0x7F,0xFF,0x7F,0xFF,0x7F,
	0xFF,0x7F,0xFF,0x7F,0xFF,0x7F,0xFF,0x7F,0xFF,0x7F,0xFF,0x7F,0xFF,0x7F,0xFF,0x7F,

	0xFF,0x7F,0xFF,0x7F,0xFF,0x7F,0xFF,0x7F,0xFF,0x7F,0xFF,0x7F,0xFF,0x7F,0xFF,0x7F,
	0xFF,0x7F,0xFF,0x7F,0xFF,0x7F,0xFF,0x7F,0xFF,0x7F,0xFF,0x7F,0xFF,0x7F,0xFF,0x7F,
	0xFF,0x7F,0xFF,0x7F,0xFF,0x7F,0xFF,0x7F,0xFF,0x7F,0xFF,0x7F,0xFF,0x7F,0xFF,0x7F,
	0xB5,0x56,0xFF,0x7F,0xFF,0x7F,0xFF,0x7F,0xFF,0x7F,0xFF,0x7F,0xFF,0x7F,0xFF,0x7F,
	0xFF,0x7F,0xFF,0x7F,0xFF,0x7F,0xFF,0x7F,0xFF,0x7F,0xFF,0x7F,0xFF,0x7F,0xFF,0x7F,
	0xFF,0x7F,0xFF,0x7F,0xFF,0x7F,0xFF,0x7F,0xFF,0x7F,0xFF,0x7F,0xFF,0x7F,0xFF,0x7F,
	0xFF,0x7F,0xFF,0x7F,0xFF,0x7F,0xFF,0x7F,0xFF,0x7F,0xFF,0x7F,0xFF,0x7F,0xFF,0x7F,
	0xFF,0x7F,0xFF,0x7F,0xFF,0x7F,0xFF,0x7F,0xFF,0x7F,0xFF,0x7F,0xFF,0x7F,0xFF,0x7F,

	0xFF,0x7F,0xFF,0x7F,0xFF,0x7F,0xFF,0x7F,0xFF,0x7F,0xFF,0x7F,0xFF,0x7F,0xFF,0x7F,
	0xB5,0x56,0xFF,0x7F,0xFF,0x7F,0xFF,0x7F,0xFF,0x7F,0xFF,0x7F,0xFF,0x7F,0xFF,0x7F,
	0xFF,0x7F,0xFF,0x7F,0xFF,0x7F,0xFF,0x7F,0xFF,0x7F,0xFF,0x7F,0xFF,0x7F,0xFF,0x7F,
	0xFF,0x7F,0xFF,0x7F,0xFF,0x7F,0xFF,0x7F,0xFF,0x7F,0xFF,0x7F,0xFF,0x7F,0xFF,0x7F,
	0x9C,0x73,0x9C,0x73,0x9C,0x73,0x9C,0x73,0x9C,0x73,0x9C,0x73,0x9C,0x73,0x9C,0x73,
	0x9C,0x73,0x9C,0x73,0x9C,0x73,0x9C,0x73,0x9C,0x73,0x9C,0x73,0x9C,0x73,0x9C,0x73,
	0x9C,0x73,0x9C,0x73,0x9C,0x73,0x9C,0x73,0x9C,0x73,0x9C,0x73,0x9C,0x73,0x9C,0x73,
	0xB5,0x56,0x9C,0x73,0x9C,0x73,0x9C,0x73,0x9C,0x73,0x9C,0x73,0x9C,0x73,0x9C,0x73,

	0x9C,0x73,0x9C,0x73,0x9C,0x73,0x9C,0x73,0x9C,0x73,0x9C,0x73,0x9C,0x73,0x9C,0x73,
	0x9C,0x73,0x9C,0x73,0x9C,0x73,0x9C,0x73,0x9C,0x73,0x9C,0x73,0x9C,0x73,0x9C,0x73,
	0x9C,0x73,0x9C,0x73,0x9C,0x73,0x9C,0x73,0x9C,0x73,0x9C,0x73,0x9C,0x73,0x9C,0x73,
	0x9C,0x73,0x9C,0x73,0x9C,0x73,0x9C,0x73,0x9C,0x73,0x9C,0x73,0x9C,0x73,0x9C,0x73,
	0x9C,0x73,0x9C,0x73,0x9C,0x73,0x9C,0x73,0x9C,0x73,0x9C,0x73,0x9C,0x73,0x9C,0x73,
	0xB5,0x56,0x9C,0x73,0x9C,0x73,0x9C,0x73,0x9C,0x73,0x9C,0x73,0x9C,0x73,0x9C,0x73,
	0x9C,0x73,0x9C,0x73,0x9C,0x73,0x9C,0x73,0x9C,0x73,0x9C,0x73,0x9C,0x73,0x9C,0x73,
	0x9C,0x73,0x9C,0x73,0x9C,0x73,0x9C,0x73,0x9C,0x73,0x9C,0x73,0x9C,0x73,0x9C,0x73,

	0x9C,0x73,0x9C,0x73,0x9C,0x73,0x9C,0x73,0x9C,0x73,0x9C,0x73,0x9C,0x73,0x9C,0x73,
	0x9C,0x73,0x9C,0x73,0x9C,0x73,0x9C,0x73,0x9C,0x73,0x9C,0x73,0x9C,0x73,0x9C,0x73,
	0x9C,0x73,0x9C,0x73,0x9C,0x73,0x9C,0x73,0x9C,0x73,0x9C,0x73,0x9C,0x73,0x9C,0x73,
	0xB5,0x56,0x9C,0x73,0x9C,0x73,0x9C,0x73,0x9C,0x73,0x9C,0x73,0x9C,0x73,0x9C,0x73,
	0x9C,0x73,0x9C,0x73,0x9C,0x73,0x9C,0x73,0x9C,0x73,0x9C,0x73,0x9C,0x73,0x9C,0x73,
	0x9C,0x73,0x9C,0x73,0x9C,0x73,0x9C,0x73,0x9C,0x73,0x9C,0x73,0x9C,0x73,0x9C,0x73,
	0x9C,0x73,0x9C,0x73,0x9C,0x73,0x9C,0x73,0x9C,0x73,0x9C,0x73,0x9C,0x73,0x9C,0x73,
	0x9C,0x73,0x9C,0x73,0x9C,0x73,0x9C,0x73,0x9C,0x73,0x9C,0x73,0x9C,0x73,0x9C,0x73,

	0x9C,0x73,0x9C,0x73,0x9C,0x73,0x9C,0x73,0x9C,0x73,0x9C,0x73,0x9C,0x73,0x9C,0x73,
	0xB5,0x56,0x9C,0x73,0x9C,0x73,0x9C,0x73,0x9C,0x73,0x9C,0x73,0x9C,0x73,0x9C,0x73,
	0x9C,0x73,0x9C,0x73,0x9C,0x73,0x9C,0x73,0x9C,0x73,0x9C,0x73,0x9C,0x73,0x9C,0x73,
	0x9C,0x73,0x9C,0x73,0x9C,0x73,0x9C,0x73,0x9C,0x73,0x9C,0x73,0x9C,0x73,0x9C,0x73,
	0x9C,0x73,0x9C,0x73,0x9C,0x73,0x9C,0x73,0x9C,0x73,0x9C,0x73,0x9C,0x73,0x9C,0x73,
	0x9C,0x73,0x9C,0x73,0x9C,0x73,0x9C,0x73,0x9C,0x73,0x9C,0x73,0x9C,0x73,0x9C,0x73,
	0x9C,0x73,0x9C,0x73,0x9C,0x73,0x9C,0x73,0x9C,0x73,0x9C,0x73,0x9C,0x73,0x9C,0x73,
	0xB5,0x56,0x9C,0x73,0x9C,0x73,0x9C,0x73,0x9C,0x73,0x9C,0x73,0x9C,0x73,0x9C,0x73,

	0x9C,0x73,0x9C,0x73,0x9C,0x73,0x9C,0x73,0x9C,0x73,0x9C,0x73,0x9C,0x73,0x9C,0x73,
	0x9C,0x73,0x9C,0x73,0x9C,0x73,0x9C,0x73,0x9C,0x73,0x9C,0x73,0x9C,0x73,0x9C,0x73,
	0xFF,0x7F,0xFF,0x7F,0xFF,0x7F,0xFF,0x7F,0xFF,0x7F,0xFF,0x7F,0xFF,0x7F,0xFF,0x7F,
	0xFF,0x7F,0xFF,0x7F,0xFF,0x7F,0xFF,0x7F,0xFF,0x7F,0xFF,0x7F,0xFF,0x7F,0xFF,0x7F,
	0xFF,0x7F,0xFF,0x7F,0xFF,0x7F,0xFF,0x7F,0xFF,0x7F,0xFF,0x7F,0xFF,0x7F,0xFF,0x7F,
	0xB5,0x56,0xFF,0x7F,0xFF,0x7F,0xFF,0x7F,0xFF,0x7F,0xFF,0x7F,0xFF,0x7F,0xFF,0x7F,
	0xFF,0x7F,0xFF,0x7F,0xFF,0x7F,0xFF,0x7F,0xFF,0x7F,0xFF,0x7F,0xFF,0x7F,0xFF,0x7F,
	0xFF,0x7F,0xFF,0x7F,0xFF,0x7F,0xFF,0x7F,0xFF,0x7F,0xFF,0x7F,0xFF,0x7F,0xFF,0x7F,

	0xFF,0x7F,0xFF,0x7F,0xFF,0x7F,0xFF,0x7F,0xFF,0x7F,0xFF,0x7F,0xFF,0x7F,0xFF,0x7F,
	0xFF,0x7F,0xFF,0x7F,0xFF,0x7F,0xFF,0x7F,0xFF,0x7F,0xFF,0x7F,0xFF,0x7F,0xFF,0x7F,
	0xFF,0x7F,0xFF,0x7F,0xFF,0x7F,0xFF,0x7F,0xFF,0x7F,0xFF,0x7F,0xFF,0x7F,0xFF,0x7F,
	0xB5,0x56,0xFF,0x7F,0xFF,0x7F,0xFF,0x7F,0xFF,0x7F,0xFF,0x7F,0xFF,0x7F,0xFF,0x7F,
	0xFF,0x7F,0xFF,0x7F,0xFF,0x7F,0xFF,0x7F,0xFF,0x7F,0xFF,0x7F,0xFF,0x7F,0xFF,0x7F,
	0xFF,0x7F,0xFF,0x7F,0xFF,0x7F,0xFF,0x7F,0xFF,0x7F,0xFF,0x7F,0xFF,0x7F,0xFF,0x7F,
	0xFF,0x7F,0xFF,0x7F,0xFF,0x7F,0xFF,0x7F,0xFF,0x7F,0xFF,0x7F,0xFF,0x7F,0xFF,0x7F,
	0xFF,0x7F,0xFF,0x7F,0xFF,0x7F,0xFF,0x7F,0xFF,0x7F,0xFF,0x7F,0xFF,0x7F,0xFF,0x7F,

	0xFF,0x7F,0xFF,0x7F,0xFF,0x7F,0xFF,0x7F,0xFF,0x7F,0xFF,0x7F,0xFF,0x7F,0xFF,0x7F,
	0xB5,0x56,0xFF,0x7F,0xFF,0x7F,0xFF,0x7F,0xFF,0x7F,0xFF,0x7F,0xFF,0x7F,0xFF,0x7F,
	0xFF,0x7F,0xFF,0x7F,0xFF,0x7F,0xFF,0x7F,0xFF,0x7F,0xFF,0x7F,0xFF,0x7F,0xFF,0x7F,
	0xFF,0x7F,0xFF,0x7F,0xFF,0x7F,0xFF,0x7F,0xFF,0x7F,0xFF,0x7F,0xFF,0x7F,0xFF,0x7F,
	0xFF,0x7F,0xFF,0x7F,0xFF,0x7F,0xFF,0x7F,0xFF,0x7F,0xFF,0x7F,0xFF,0x7F,0xFF,0x7F,
	0xFF,0x7F,0xFF,0x7F,0xFF,0x7F,0xFF,0x7F,0xFF,0x7F,0xFF,0x7F,0xFF,0x7F,0xFF,0x7F,
	0xFF,0x7F,0xFF,0x7F,0xFF,0x7F,0xFF,0x7F,0xFF,0x7F,0xFF,0x7F,0xFF,0x7F,0xFF,0x7F,
	0xB5,0x56,0xFF,0x7F,0xFF,0x7F,0xFF,0x7F,0xFF,0x7F,0xFF,0x7F,0xFF,0x7F,0xFF,0x7F,

	0xFF,0x7F,0xFF,0x7F,0xFF,0x7F,0xFF,0x7F,0xFF,0x7F,0xFF,0x7F,0xFF,0x7F,0xFF,0x7F,
	0xFF,0x7F,0xFF,0x7F,0xFF,0x7F,0xFF,0x7F,0xFF,0x7F,0xFF,0x7F,0xFF,0x7F,0xFF,0x7F,
	0xFF,0x7F,0xFF,0x7F,0xFF,0x7F,0xFF,0x7F,0xFF,0x7F,0xFF,0x7F,0xFF,0x7F,0xFF,0x7F,
	0xFF,0x7F,0xFF,0x7F,0xFF,0x7F,0xFF,0x7F,0xFF,0x7F,0xFF,0x7F,0xFF,0x7F,0xFF,0x7F,
	0xFF,0x7F,0xFF,0x7F,0xFF,0x7F,0xFF,0x7F,0xFF,0x7F,0xFF,0x7F,0xFF,0x7F,0xFF,0x7F,
	0xB5,0x56,0xFF,0x7F,0xFF,0x7F,0xFF,0x7F,0xFF,0x7F,0xFF,0x7F,0xFF,0x7F,0xFF,0x7F,
	0xFF,0x7F,0xFF,0x7F,0xFF,0x7F,0xFF,0x7F,0xFF,0x7F,0xFF,0x7F,0xFF,0x7F,0xFF,0x7F,
	0xFF,0x7F,0xFF,0x7F,0xFF,0x7F,0xFF,0x7F,0xFF,0x7F,0xFF,0x7F,0xFF,0x7F,0xFF,0x7F,

	0x9C,0x73,0x9C,0x73,0x9C,0x73,0x9C,0x73,0x9C,0x73,0x9C,0x73,0x9C,0x73,0x9C,0x73,
	0x9C,0x73,0x9C,0x73,0x9C,0x73,0x9C,0x73,0x9C,0x73,0x9C,0x73,0x9C,0x73,0x9C,0x73,
	0x9C,0x73,0x9C,0x73,0x9C,0x73,0x9C,0x73,0x9C,0x73,0x9C,0x73,0x9C,0x73,0x9C,0x73,
	0xB5,0x56,0x9C,0x73,0x9C,0x73,0x9C,0x73,0x9C,0x73,0x9C,0x73,0x9C,0x73,0x9C,0x73,
	0x9C,0x73,0x9C,0x73,0x9C,0x73,0x9C,0x73,0x9C,0x73,0x9C,0x73,0x9C,0x73,0x9C,0x73,
	0x9C,0x73,0x9C,0x73,0x9C,0x73,0x9C,0x73,0x9C,0x73,0x9C,0x73,0x9C,0x73,0x9C,0x73,
	0x9C,0x73,0x9C,0x73,0x9C,0x73,0x9C,0x73,0x9C,0x73,0x9C,0x73,0x9C,0x73,0x9C,0x73,
	0x9C,0x73,0x9C,0x73,0x9C,0x73,0x9C,0x73,0x9C,0x73,0x9C,0x73,0x9C,0x73,0x9C,0x73,

	0x9C,0x73,0x9C,0x73,0x9C,0x73,0x9C,0x73,0x9C,0x73,0x9C,0x73,0x9C,0x73,0x9C,0x73,
	0xB5,0x56,0x9C,0x73,0x9C,0x73,0x9C,0x73,0x9C,0x73,0x9C,0x73,0x9C,0x73,0x9C,0x73,
	0x9C,0x73,0x9C,0x73,0x9C,0x73,0x9C,0x73,0x9C,0x73,0x9C,0x73,0x9C,0x73,0x9C,0x73,
	0x9C,0x73,0x9C,0x73,0x9C,0x73,0x9C,0x73,0x9C,0x73,0x9C,0x73,0x9C,0x73,0x9C,0x73,
	0x9C,0x73,0x9C,0x73,0x9C,0x73,0x9C,0x73,0x9C,0x73,0x9C,0x73,0x9C,0x73,0x9C,0x73,
	0x9C,0x73,0x9C,0x73,0x9C,0x73,0x9C,0x73,0x9C,0x73,0x9C,0x73,0x9C,0x73,0x9C,0x73,
	0x9C,0x73,0x9C,0x73,0x9C,0x73,0x9C,0x73,0x9C,0x73,0x9C,0x73,0x9C,0x73,0x9C,0x73,
	0xB5,0x56,0x9C,0x73,0x9C,0x73,0x9C,0x73,0x9C,0x73,0x9C,0x73,0x9C,0x73,0x9C,0x73,

	0x9C,0x73,0x9C,0x73,0x9C,0x73,0x9C,0x73,0x9C,0x73,0x9C,0x73,0x9C,0x73,0x9C,0x73,
	0x9C,0x73,0x9C,0x73,0x9C,0x73,0x9C,0x73,0x9C,0x73,0x9C,0x73,0x9C,0x73,0x9C,0x73,
	0x9C,0x73,0x9C,0x73,0x9C,0x73,0x9C,0x73,0x9C,0x73,0x9C,0x73,0x9C,0x73,0x9C,0x73,
	0x9C,0x73,0x9C,0x73,0x9C,0x73,0x9C,0x73,0x9C,0x73,0x9C,0x73,0x9C,0x73,0x9C,0x73,
	0x9C,0x73,0x9C,0x73,0x9C,0x73,0x9C,0x73,0x9C,0x73,0x9C,0x73,0x9C,0x73,0x9C,0x73,
	0xB5,0x56,0x9C,0x73,0x9C,0x73,0x9C,0x73,0x9C,0x73,0x9C,0x73,0x9C,0x73,0x9C,0x73,
	0x9C,0x73,0x9C,0x73,0x9C,0x73,0x9C,0x73,0x9C,0x73,0x9C,0x73,0x9C,0x73,0x9C,0x73,
	0x9C,0x73,0x9C,0x73,0x9C,0x73,0x9C,0x73,0x9C,0x73,0x9C,0x73,0x9C,0x73,0x9C,0x73,

	0x9C,0x73,0x9C,0x73,0x9C,0x73,0x9C,0x73,0x9C,0x73,0x9C,0x73,0x9C,0x73,0x9C,0x73,
	0x9C,0x73,0x9C,0x73,0x9C,0x73,0x9C,0x73,0x9C,0x73,0x9C,0x73,0x9C,0x73,0x9C,0x73,
	0x9C,0x73,0x9C,0x73,0x9C,0x73,0x9C,0x73,0x9C,0x73,0x9C,0x73,0x9C,0x73,0x9C,0x73,
	0xB5,0x56,0x9C,0x73,0x9C,0x73,0x9C,0x73,0x9C,0x73,0x9C,0x73,0x9C,0x73,0x9C,0x73,
	0x9C,0x73,0x9C,0x73,0x9C,0x73,0x9C,0x73,0x9C,0x73,0x9C,0x73,0x9C,0x73,0x9C,0x73,
	0x9C,0x73,0x9C,0x73,0x9C,0x73,0x9C,0x73,0x9C,0x73,0x9C,0x73,0x9C,0x73,0x9C,0x73,
	0xFF,0x7F,0xFF,0x7F,0xFF,0x7F,0xFF,0x7F,0xFF,0x7F,0xFF,0x7F,0xFF,0x7F,0xFF,0x7F,
	0xFF,0x7F,0xFF,0x7F,0xFF,0x7F,0xFF,0x7F,0xFF,0x7F,0xFF,0x7F,0xFF,0x7F,0xFF,0x7F,

	0xFF,0x7F,0xFF,0x7F,0xFF,0x7F,0xFF,0x7F,0xFF,0x7F,0xFF,0x7F,0xFF,0x7F,0xFF,0x7F,
	0xB5,0x56,0xFF,0x7F,0xFF,0x7F,0xFF,0x7F,0xFF,0x7F,0xFF,0x7F,0xFF,0x7F,0xFF,0x7F,
	0xFF,0x7F,0xFF,0x7F,0xFF,0x7F,0xFF,0x7F,0xFF,0x7F,0xFF,0x7F,0xFF,0x7F,0xFF,0x7F,
	0xFF,0x7F,0xFF,0x7F,0xFF,0x7F,0xFF,0x7F,0xFF,0x7F,0xFF,0x7F,0xFF,0x7F,0xFF,0x7F,
	0xFF,0x7F,0xFF,0x7F,0xFF,0x7F,0xFF,0x7F,0xFF,0x7F,0xFF,0x7F,0xFF,0x7F,0xFF,0x7F,
	0xFF,0x7F,0xFF,0x7F,0xFF,0x7F,0xFF,0x7F,0xFF,0x7F,0xFF,0x7F,0xFF,0x7F,0xFF,0x7F,
	0xFF,0x7F,0xFF,0x7F,0xFF,0x7F,0xFF,0x7F,0xFF,0x7F,0xFF,0x7F,0xFF,0x7F,0xFF,0x7F,
	0xB5,0x56,0xFF,0x7F,0xFF,0x7F,0xFF,0x7F,0xFF,0x7F,0xFF,0x7F,0xFF,0x7F,0xFF,0x7F,

	0xFF,0x7F,0xFF,0x7F,0xFF,0x7F,0xFF,0x7F,0xFF,0x7F,0xFF,0x7F,0xFF,0x7F,0xFF,0x7F,
	0xFF,0x7F,0xFF,0x7F,0xFF,0x7F,0xFF,0x7F,0xFF,0x7F,0xFF,0x7F,0xFF,0x7F,0xFF,0x7F,
	0xFF,0x7F,0xFF,0x7F,0xFF,0x7F,0xFF,0x7F,0xFF,0x7F,0xFF,0x7F,0xFF,0x7F,0xFF,0x7F,
	0xFF,0x7F,0xFF,0x7F,0xFF,0x7F,0xFF,0x7F,0xFF,0x7F,0xFF,0x7F,0xFF,0x7F,0xFF,0x7F,
	0xFF,0x7F,0xFF,0x7F,0xFF,0x7F,0xFF,0x7F,0xFF,0x7F,0xFF,0x7F,0xFF,0x7F,0xFF,0x7F,
	0xB5,0x56,0xFF,0x7F,0xFF,0x7F,0xFF,0x7F,0xFF,0x7F,0xFF,0x7F,0xFF,0x7F,0xFF,0x7F,
	0xFF,0x7F,0xFF,0x7F,0xFF,0x7F,0xFF,0x7F,0xFF,0x7F,0xFF,0x7F,0xFF,0x7F,0xFF,0x7F,
	0xFF,0x7F,0xFF,0x7F,0xFF,0x7F,0xFF,0x7F,0xFF,0x7F,0xFF,0x7F,0xFF,0x7F,0xFF,0x7F,

	0xFF,0x7F,0xFF,0x7F,0xFF,0x7F,0xFF,0x7F,0xFF,0x7F,0xFF,0x7F,0xFF,0x7F,0xFF,0x7F,
	0xFF,0x7F,0xFF,0x7F,0xFF,0x7F,0xFF,0x7F,0xFF,0x7F,0xFF,0x7F,0xFF,0x7F,0xFF,0x7F,
	0xFF,0x7F,0xFF,0x7F,0xFF,0x7F,0xFF,0x7F,0xFF,0x7F,0xFF,0x7F,0xFF,0x7F,0xFF,0x7F,
	0xB5,0x56,0xFF,0x7F,0xFF,0x7F,0xFF,0x7F,0xFF,0x7F,0xFF,0x7F,0xFF,0x7F,0xFF,0x7F,
	0xFF,0x7F,0xFF,0x7F,0xFF,0x7F,0xFF,0x7F,0xFF,0x7F,0xFF,0x7F,0xFF,0x7F,0xFF,0x7F,
	0xFF,0x7F,0xFF,0x7F,0xFF,0x7F,0xFF,0x7F,0xFF,0x7F,0xFF,0x7F,0xFF,0x7F,0xFF,0x7F,
	0xFF,0x7F,0xFF,0x7F,0xFF,0x7F,0xFF,0x7F,0xFF,0x7F,0xFF,0x7F,0xFF,0x7F,0xFF,0x7F,
	0xFF,0x7F,0xFF,0x7F,0xFF,0x7F,0xFF,0x7F,0xFF,0x7F,0xFF,0x7F,0xFF,0x7F,0xFF,0x7F,

	0xFF,0x7F,0xFF,0x7F,0xFF,0x7F,0xFF,0x7F,0xFF,0x7F,0xFF,0x7F,0xFF,0x7F,0xFF,0x7F,
	0xB5,0x56,0xFF,0x7F,0xFF,0x7F,0xFF,0x7F,0xFF,0x7F,0xFF,0x7F,0xFF,0x7F,0xFF,0x7F,
	0xFF,0x7F,0xFF,0x7F,0xFF,0x7F,0xFF,0x7F,0xFF,0x7F,0xFF,0x7F,0xFF,0x7F,0xFF,0x7F,
	0xFF,0x7F,0xFF,0x7F,0xFF,0x7F,0xFF,0x7F,0xFF,0x7F,0xFF,0x7F,0xFF,0x7F,0xFF,0x7F,
	0x9C,0x73,0x9C,0x73,0x9C,0x73,0x9C,0x73,0x9C,0x73,0x9C,0x73,0x9C,0x73,0x9C,0x73,
	0x9C,0x73,0x9C,0x73,0x9C,0x73,0x9C,0x73,0x9C,0x73,0x9C,0x73,0x9C,0x73,0x9C,0x73,
	0x9C,0x73,0x9C,0x73,0x9C,0x73,0x9C,0x73,0x9C,0x73,0x9C,0x73,0x9C,0x73,0x9C,0x73,
	0xB5,0x56,0x9C,0x73,0x9C,0x73,0x9C,0x73,0x9C,0x73,0x9C,0x73,0x9C,0x73,0x9C,0x73,

	0x9C,0x73,0x9C,0x73,0x9C,0x73,0x9C,0x73,0x9C,0x73,0x9C,0x73,0x9C,0x73,0x9C,0x73,
	0x9C,0x73,0x9C,0x73,0x9C,0x73,0x9C,0x73,0x9C,0x73,0x9C,0x73,0x9C,0x73,0x9C,0x73,
	0x9C,0x73,0x9C,0x73,0x9C,0x73,0x9C,0x73,0x9C,0x73,0x9C,0x73,0x9C,0x73,0x9C,0x73,
	0x9C,0x73,0x9C,0x73,0x9C,0x73,0x9C,0x73,0x9C,0x73,0x9C,0x73,0x9C,0x73,0x9C,0x73,
	0x9C,0x73,0x9C,0x73,0x9C,0x73,0x9C,0x73,0x9C,0x73,0x9C,0x73,0x9C,0x73,0x9C,0x73,
	0xB5,0x56,0x9C,0x73,0x9C,0x73,0x9C,0x73,0x9C,0x73,0x9C,0x73,0x9C,0x73,0x9C,0x73,
	0x9C,0x73,0x9C,0x73,0x9C,0x73,0x9C,0x73,0x9C,0x73,0x9C,0x73,0x9C,0x73,0x9C,0x73,
	0x9C,0x73,0x9C,0x73,0x9C,0x73,0x9C,0x73,0x9C,0x73,0x9C,0x73,0x9C,0x73,0x9C,0x73,

	0x9C,0x73,0x9C,0x73,0x9C,0x73,0x9C,0x73,0x9C,0x73,0x9C,0x73,0x9C,0x73,0x9C,0x73,
	0x9C,0x73,0x9C,0x73,0x9C,0x73,0x9C,0x73,0x9C,0x73,0x9C,0x73,0x9C,0x73,0x9C,0x73,
	0x9C,0x73,0x9C,0x73,0x9C,0x73,0x9C,0x73,0x9C,0x73,0x9C,0x73,0x9C,0x73,0x9C,0x73,
	0xB5,0x56,0x9C,0x73,0x9C,0x73,0x9C,0x73,0x9C,0x73,0x9C,0x73,0x9C,0x73,0x9C,0x73,
	0x9C,0x73,0x9C,0x73,0x9C,0x73,0x9C,0x73,0x9C,0x73,0x9C,0x73,0x9C,0x73,0x9C,0x73,
	0x9C,0x73,0x9C,0x73,0x9C,0x73,0x9C,0x73,0x9C,0x73,0x9C,0x73,0x9C,0x73,0x9C,0x73,
	0x9C,0x73,0x9C,0x73,0x9C,0x73,0x9C,0x73,0x9C,0x73,0x9C,0x73,0x9C,0x73,0x9C,0x73,
	0x9C,0x73,0x9C,0x73,0x9C,0x73,0x9C,0x73,0x9C,0x73,0x9C,0x73,0x9C,0x73,0x9C,0x73,

	0x9C,0x73,0x9C,0x73,0x9C,0x73,0x9C,0x73,0x9C,0x73,0x9C,0x73,0x9C,0x73,0x9C,0x73,
	0xB5,0x56,0x9C,0x73,0x9C,0x73,0x9C,0x73,0x9C,0x73,0x9C,0x73,0x9C,0x73,0x9C,0x73,
	0x9C,0x73,0x9C,0x73,0x9C,0x73,0x9C,0x73,0x9C,0x73,0x9C,0x73,0x9C,0x73,0x9C,0x73,
	0x9C,0x73,0x9C,0x73,0x9C,0x73,0x9C,0x73,0x9C,0x73,0x9C,0x73,0x9C,0x73,0x9C,0x73,
	0x9C,0x73,0x9C,0x73,0x9C,0x73,0x9C,0x73,0x9C,0x73,0x9C,0x73,0x9C,0x73,0x9C,0x73,
	0x9C,0x73,0x9C,0x73,0x9C,0x73,0x9C,0x73,0x9C,0x73,0x9C,0x73,0x9C,0x73,0x9C,0x73,
	0x9C,0x73,0x9C,0x73,0x9C,0x73,0x9C,0x73,0x9C,0x73,0x9C,0x73,0x9C,0x73,0x9C,0x73,
	0xB5,0x56,0x9C,0x73,0x9C,0x73,0x9C,0x73,0x9C,0x73,0x9C,0x73,0x9C,0x73,0x9C,0x73,

	0x9C,0x73,0x9C,0x73,0x9C,0x73,0x9C,0x73,0x9C,0x73,0x9C,0x73,0x9C,0x73,0x9C,0x73,
	0x9C,0x73,0x9C,0x73,0x9C,0x73,0x9C,0x73,0x9C,0x73,0x9C,0x73,0x9C,0x73,0x9C,0x73,
	0xFF,0x7F,0xFF,0x7F,0xFF,0x7F,0xFF,0x7F,0xFF,0x7F,0xFF,0x7F,0xFF,0x7F,0xFF,0x7F,
	0xFF,0x7F,0xFF,0x7F,0xFF,0x7F,0xFF,0x7F,0xFF,0x7F,0xFF,0x7F,0xFF,0x7F,0xFF,0x7F,
	0xFF,0x7F,0xFF,0x7F,0xFF,0x7F,0xFF,0x7F,0xFF,0x7F,0xFF,0x7F,0xFF,0x7F,0xFF,0x7F,
	0xB5,0x56,0xFF,0x7F,0xFF,0x7F,0xFF,0x7F,0xFF,0x7F,0xFF,0x7F,0xFF,0x7F,0xFF,0x7F,
	0xFF,0x7F,0xFF,0x7F,0xFF,0x7F,0xFF,0x7F,0xFF,0x7F,0xFF,0x7F,0xFF,0x7F,0xFF,0x7F,
	0xFF,0x7F,0xFF,0x7F,0xFF,0x7F,0xFF,0x7F,0xFF,0x7F,0xFF,0x7F,0xFF,0x7F,0xFF,0x7F,

	0xFF,0x7F,0xFF,0x7F,0xFF,0x7F,0xFF,0x7F,0xFF,0x7F,0xFF,0x7F,0xFF,0x7F,0xFF,0x7F,
	0xFF,0x7F,0xFF,0x7F,0xFF,0x7F,0xFF,0x7F,0xFF,0x7F,0xFF,0x7F,0xFF,0x7F,0xFF,0x7F,
	0xFF,0x7F,0xFF,0x7F,0xFF,0x7F,0xFF,0x7F,0xFF,0x7F,0xFF,0x7F,0xFF,0x7F,0xFF,0x7F,
	0xB5,0x56,0xFF,0x7F,0xFF,0x7F,0xFF,0x7F,0xFF,0x7F,0xFF,0x7F,0xFF,0x7F,0xFF,0x7F,
	0xFF,0x7F,0xFF,0x7F,0xFF,0x7F,0xFF,0x7F,0xFF,0x7F,0xFF,0x7F,0xFF,0x7F,0xFF,0x7F,
	0xFF,0x7F,0xFF,0x7F,0xFF,0x7F,0xFF,0x7F,0xFF,0x7F,0xFF,0x7F,0xFF,0x7F,0xFF,0x7F,
	0xFF,0x7F,0xFF,0x7F,0xFF,0x7F,0xFF,0x7F,0xFF,0x7F,0xFF,0x7F,0xFF,0x7F,0xFF,0x7F,
	0xFF,0x7F,0xFF,0x7F,0xFF,0x7F,0xFF,0x7F,0xFF,0x7F,0xFF,0x7F,0xFF,0x7F,0xFF,0x7F,

	0xFF,0x7F,0xFF,0x7F,0xFF,0x7F,0xFF,0x7F,0xFF,0x7F,0xFF,0x7F,0xFF,0x7F,0xFF,0x7F,
	0xB5,0x56,0xFF,0x7F,0xFF,0x7F,0xFF,0x7F,0xFF,0x7F,0xFF,0x7F,0xFF,0x7F,0xFF,0x7F,
	0xFF,0x7F,0xFF,0x7F,0xFF,0x7F,0xFF,0x7F,0xFF,0x7F,0xFF,0x7F,0xFF,0x7F,0xFF,0x7F,
	0xFF,0x7F,0xFF,0x7F,0xFF,0x7F,0xFF,0x7F,0xFF,0x7F,0xFF,0x7F,0xFF,0x7F,0xFF,0x7F,
	0xFF,0x7F,0xFF,0x7F,0xFF,0x7F,0xFF,0x7F,0xFF,0x7F,0xFF,0x7F,0xFF,0x7F,0xFF,0x7F,
	0xFF,0x7F,0xFF,0x7F,0xFF,0x7F,0xFF,0x7F,0xFF,0x7F,0xFF,0x7F,0xFF,0x7F,0xFF,0x7F,
	0xFF,0x7F,0xFF,0x7F,0xFF,0x7F,0xFF,0x7F,0xFF,0x7F,0xFF,0x7F,0xFF,0x7F,0xFF,0x7F,
	0xB5,0x56,0xFF,0x7F,0xFF,0x7F,0xFF,0x7F,0xFF,0x7F,0xFF,0x7F,0xFF,0x7F,0xFF,0x7F,

	0xFF,0x7F,0xFF,0x7F,0xFF,0x7F,0xFF,0x7F,0xFF,0x7F,0xFF,0x7F,0xFF,0x7F,0xFF,0x7F,
	0xFF,0x7F,0xFF,0x7F,0xFF,0x7F,0xFF,0x7F,0xFF,0x7F,0xFF,0x7F,0xFF,0x7F,0xFF,0x7F,
	0xFF,0x7F,0xFF,0x7F,0xFF,0x7F,0xFF,0x7F,0xFF,0x7F,0xFF,0x7F,0xFF,0x7F,0xFF,0x7F,
	0xFF,0x7F,0xFF,0x7F,0xFF,0x7F,0xFF,0x7F,0xFF,0x7F,0xFF,0x7F,0xFF,0x7F,0xFF,0x7F,
	0xFF,0x7F,0xFF,0x7F,0xFF,0x7F,0xFF,0x7F,0xFF,0x7F,0xFF,0x7F,0xFF,0x7F,0xFF,0x7F,
	0xB5,0x56,0xFF,0x7F,0xFF,0x7F,0xFF,0x7F,0xFF,0x7F,0xFF,0x7F,0xFF,0x7F,0xFF,0x7F,
	0xFF,0x7F,0xFF,0x7F,0xFF,0x7F,0xFF,0x7F,0xFF,0x7F,0xFF,0x7F,0xFF,0x7F,0xFF,0x7F,
	0xFF,0x7F,0xFF,0x7F,0xFF,0x7F,0xFF,0x7F,0xFF,0x7F,0xFF,0x7F,0xFF,0x7F,0xFF,0x7F,

	0x9C,0x73,0x9C,0x73,0x9C,0x73,0x9C,0x73,0x9C,0x73,0x9C,0x73,0x9C,0x73,0x9C,0x73,
	0x9C,0x73,0x9C,0x73,0x9C,0x73,0x9C,0x73,0x9C,0x73,0x9C,0x73,0x9C,0x73,0x9C,0x73,
	0x9C,0x73,0x9C,0x73,0x9C,0x73,0x9C,0x73,0x9C,0x73,0x9C,0x73,0x9C,0x73,0x9C,0x73,
	0xB5,0x56,0x9C,0x73,0x9C,0x73,0x9C,0x73,0x9C,0x73,0x9C,0x73,0x9C,0x73,0x9C,0x73,
	0x9C,0x73,0x9C,0x73,0x9C,0x73,0x9C,0x73,0x9C,0x73,0x9C,0x73,0x9C,0x73,0x9C,0x73,
	0x9C,0x73,0x9C,0x73,0x9C,0x73,0x9C,0x73,0x9C,0x73,0x9C,0x73,0x9C,0x73,0x9C,0x73,
	0x9C,0x73,0x9C,0x73,0x9C,0x73,0x9C,0x73,0x9C,0x73,0x9C,0x73,0x9C,0x73,0x9C,0x73,
	0x9C,0x73,0x9C,0x73,0x9C,0x73,0x9C,0x73,0x9C,0x73,0x9C,0x73,0x9C,0x73,0x9C,0x73,

	0x9C,0x73,0x9C,0x73,0x9C,0x73,0x9C,0x73,0x9C,0x73,0x9C,0x73,0x9C,0x73,0x9C,0x73,
	0xB5,0x56,0x9C,0x73,0x9C,0x73,0x9C,0x73,0x9C,0x73,0x9C,0x73,0x9C,0x73,0x9C,0x73,
	0x9C,0x73,0x9C,0x73,0x9C,0x73,0x9C,0x73,0x9C,0x73,0x9C,0x73,0x9C,0x73,0x9C,0x73,
	0x9C,0x73,0x9C,0x73,0x9C,0x73,0x9C,0x73,0x9C,0x73,0x9C,0x73,0x9C,0x73,0x9C,0x73,
	0x9C,0x73,0x9C,0x73,0x9C,0x73,0x9C,0x73,0x9C,0x73,0x9C,0x73,0x9C,0x73,0x9C,0x73,
	0x9C,0x73,0x9C,0x73,0x9C,0x73,0x9C,0x73,0x9C,0x73,0x9C,0x73,0x9C,0x73,0x9C,0x73,
	0x9C,0x73,0x9C,0x73,0x9C,0x73,0x9C,0x73,0x9C,0x73,0x9C,0x73,0x9C,0x73,0x9C,0x73,
	0xB5,0x56,0x9C,0x73,0x9C,0x73,0x9C,0x73,0x9C,0x73,0x9C,0x73,0x9C,0x73,0x9C,0x73,

	0x9C,0x73,0x9C,0x73,0x9C,0x73,0x9C,0x73,0x9C,0x73,0x9C,0x73,0x9C,0x73,0x9C,0x73,
	0x9C,0x73,0x9C,0x73,0x9C,0x73,0x9C,0x73,0x9C,0x73,0x9C,0x73,0x9C,0x73,0x9C,0x73,
	0x9C,0x73,0x9C,0x73,0x9C,0x73,0x9C,0x73,0x9C,0x73,0x9C,0x73,0x9C,0x73,0x9C,0x73,
	0x9C,0x73,0x9C,0x73,0x9C,0x73,0x9C,0x73,0x9C,0x73,0x9C,0x73,0x9C,0x73,0x9C,0x73,
	0x9C,0x73,0x9C,0x73,0x9C,0x73,0x9C,0x73,0x9C,0x73,0x9C,0x73,0x9C,0x73,0x9C,0x73,
	0xB5,0x56,0x9C,0x73,0x9C,0x73,0x9C,0x73,0x9C,0x73,0x9C,0x73,0x9C,0x73,0x9C,0x73,
	0x9C,0x73,0x9C,0x73,0x9C,0x73,0x9C,0x73,0x9C,0x73,0x9C,0x73,0x9C,0x73,0x9C,0x73,
	0x9C,0x73,0x9C,0x73,0x9C,0x73,0x9C,0x73,0x9C,0x73,0x9C,0x73,0x9C,0x73,0x9C,0x73,

	0x9C,0x73,0x9C,0x73,0x9C,0x73,0x9C,0x73,0x9C,0x73,0x9C,0x73,0x9C,0x73,0x9C,0x73,
	0x9C,0x73,0x9C,0x73,0x9C,0x73,0x9C,0x73,0x9C,0x73,0x9C,0x73,0x9C,0x73,0x9C,0x73,
	0x9C,0x73,0x9C,0x73,0x9C,0x73,0x9C,0x73,0x9C,0x73,0x9C,0x73,0x9C,0x73,0x9C,0x73,
	0xB5,0x56,0x9C,0x73,0x9C,0x73,0x9C,0x73,0x9C,0x73,0x9C,0x73,0x9C,0x73,0x9C,0x73,
	0x9C,0x73,0x9C,0x73,0x9C,0x73,0x9C,0x73,0x9C,0x73,0x9C,0x73,0x9C,0x73,0x9C,0x73,
	0x9C,0x73,0x9C,0x73,0x9C,0x73,0x9C,0x73,0x9C,0x73,0x9C,0x73,0x9C,0x73,0x9C,0x73,
	0xFF,0x7F,0xFF,0x7F,0xFF,0x7F,0xFF,0x7F,0xFF,0x7F,0xFF,0x7F,0xFF,0x7F,0xFF,0x7F,
	0xFF,0x7F,0xFF,0x7F,0xFF,0x7F,0xFF,0x7F,0xFF,0x7F,0xFF,0x7F,0xFF,0x7F,0xFF,0x7F,

	0xFF,0x7F,0xFF,0x7F,0xFF,0x7F,0xFF,0x7F,0xFF,0x7F,0xFF,0x7F,0xFF,0x7F,0xFF,0x7F,
	0xB5,0x56,0xFF,0x7F,0xFF,0x7F,0xFF,0x7F,0xFF,0x7F,0xFF,0x7F,0xFF,0x7F,0xFF,0x7F,
	0xFF,0x7F,0xFF,0x7F,0xFF,0x7F,0xFF,0x7F,0xFF,0x7F,0xFF,0x7F,0xFF,0x7F,0xFF,0x7F,
	0xFF,0x7F,0xFF,0x7F,0xFF,0x7F,0xFF,0x7F,0xFF,0x7F,0xFF,0x7F,0xFF,0x7F,0xFF,0x7F,
	0xFF,0x7F,0xFF,0x7F,0xFF,0x7F,0xFF,0x7F,0xFF,0x7F,0xFF,0x7F,0xFF,0x7F,0xFF,0x7F,
	0xFF,0x7F,0xFF,0x7F,0xFF,0x7F,0xFF,0x7F,0xFF,0x7F,0xFF,0x7F,0xFF,0x7F,0xFF,0x7F,
	0xFF,0x7F,0xFF,0x7F,0xFF,0x7F,0xFF,0x7F,0xFF,0x7F,0xFF,0x7F,0xFF,0x7F,0xFF,0x7F,
	0xB5,0x56,0xFF,0x7F,0xFF,0x7F,0xFF,0x7F,0xFF,0x7F,0xFF,0x7F,0xFF,0x7F,0xFF,0x7F,

	0xFF,0x7F,0xFF,0x7F,0xFF,0x7F,0xFF,0x7F,0xFF,0x7F,0xFF,0x7F,0xFF,0x7F,0xFF,0x7F,
	0xFF,0x7F,0xFF,0x7F,0xFF,0x7F,0xFF,0x7F,0xFF,0x7F,0xFF,0x7F,0xFF,0x7F,0xFF,0x7F,
	0xFF,0x7F,0xFF,0x7F,0xFF,0x7F,0xFF,0x7F,0xFF,0x7F,0xFF,0x7F,0xFF,0x7F,0xFF,0x7F,
	0xFF,0x7F,0xFF,0x7F,0xFF,0x7F,0xFF,0x7F,0xFF,0x7F,0xFF,0x7F,0xFF,0x7F,0xFF,0x7F,
	0xFF,0x7F,0xFF,0x7F,0xFF,0x7F,0xFF,0x7F,0xFF,0x7F,0xFF,0x7F,0xFF,0x7F,0xFF,0x7F,
	0xB5,0x56,0xFF,0x7F,0xFF,0x7F,0xFF,0x7F,0xFF,0x7F,0xFF,0x7F,0xFF,0x7F,0xFF,0x7F,
	0xFF,0x7F,0xFF,0x7F,0xFF,0x7F,0xFF,0x7F,0xFF,0x7F,0xFF,0x7F,0xFF,0x7F,0xFF,0x7F,
	0xFF,0x7F,0xFF,0x7F,0xFF,0x7F,0xFF,0x7F,0xFF,0x7F,0xFF,0x7F,0xFF,0x7F,0xFF,0x7F,

	0xFF,0x7F,0xFF,0x7F,0xFF,0x7F,0xFF,0x7F,0xFF,0x7F,0xFF,0x7F,0xFF,0x7F,0xFF,0x7F,
	0xFF,0x7F,0xFF,0x7F,0xFF,0x7F,0xFF,0x7F,0xFF,0x7F,0xFF,0x7F,0xFF,0x7F,0xFF,0x7F,
	0xFF,0x7F,0xFF,0x7F,0xFF,0x7F,0xFF,0x7F,0xFF,0x7F,0xFF,0x7F,0xFF,0x7F,0xFF,0x7F,
	0xB5,0x56,0xFF,0x7F,0xFF,0x7F,0xFF,0x7F,0xFF,0x7F,0xFF,0x7F,0xFF,0x7F,0xFF,0x7F,
	0xFF,0x7F,0xFF,0x7F,0xFF,0x7F,0xFF,0x7F,0xFF,0x7F,0xFF,0x7F,0xFF,0x7F,0xFF,0x7F,
	0xFF,0x7F,0xFF,0x7F,0xFF,0x7F,0xFF,0x7F,0xFF,0x7F,0xFF,0x7F,0xFF,0x7F,0xFF,0x7F,
	0xFF,0x7F,0xFF,0x7F,0xFF,0x7F,0xFF,0x7F,0xFF,0x7F,0xFF,0x7F,0xFF,0x7F,0xFF,0x7F,
	0xFF,0x7F,0xFF,0x7F,0xFF,0x7F,0xFF,0x7F,0xFF,0x7F,0xFF,0x7F,0xFF,0x7F,0xFF,0x7F,

	0xFF,0x7F,0xFF,0x7F,0xFF,0x7F,0xFF,0x7F,0xFF,0x7F,0xFF,0x7F,0xFF,0x7F,0xFF,0x7F,
	0xB5,0x56,0xFF,0x7F,0xFF,0x7F,0xFF,0x7F,0xFF,0x7F,0xFF,0x7F,0xFF,0x7F,0xFF,0x7F,
	0xFF,0x7F,0xFF,0x7F,0xFF,0x7F,0xFF,0x7F,0xFF,0x7F,0xFF,0x7F,0xFF,0x7F,0xFF,0x7F,
	0xFF,0x7F,0xFF,0x7F,0xFF,0x7F,0xFF,0x7F,0xFF,0x7F,0xFF,0x7F,0xFF,0x7F,0xFF,0x7F,
	0x9C,0x73,0x9C,0x73,0x9C,0x73,0x9C,0x73,0x9C,0x73,0x9C,0x73,0x9C,0x73,0x9C,0x73,
	0x9C,0x73,0x9C,0x73,0x9C,0x73,0x9C,0x73,0x9C,0x73,0x9C,0x73,0x9C,0x73,0x9C,0x73,
	0x9C,0x73,0x9C,0x73,0x9C,0x73,0x9C,0x73,0x9C,0x73,0x9C,0x73,0x9C,0x73,0x9C,0x73,
	0xB5,0x56,0x9C,0x73,0x9C,0x73,0x9C,0x73,0x9C,0x73,0x9C,0x73,0x9C,0x73,0x9C,0x73,

	0x9C,0x73,0x9C,0x73,0x9C,0x73,0x9C,0x73,0x9C,0x73,0x9C,0x73,0x9C,0x73,0x9C,0x73,
	0x9C,0x73,0x9C,0x73,0x9C,0x73,0x9C,0x73,0x9C,0x73,0x9C,0x73,0x9C,0x73,0x9C,0x73,
	0x9C,0x73,0x9C,0x73,0x9C,0x73,0x9C,0x73,0x9C,0x73,0x9C,0x73,0x9C,0x73,0x9C,0x73,
	0x9C,0x73,0x9C,0x73,0x9C,0x73,0x9C,0x73,0x9C,0x73,0x9C,0x73,0x9C,0x73,0x9C,0x73,
	0x9C,0x73,0x9C,0x73,0x9C,0x73,0x9C,0x73,0x9C,0x73,0x9C,0x73,0x9C,0x73,0x9C,0x73,
	0xB5,0x56,0x9C,0x73,0x9C,0x73,0x9C,0x73,0x9C,0x73,0x9C,0x73,0x9C,0x73,0x9C,0x73,
	0x9C,0x73,0x9C,0x73,0x9C,0x73,0x9C,0x73,0x9C,0x73,0x9C,0x73,0x9C,0x73,0x9C,0x73,
	0x9C,0x73,0x9C,0x73,0x9C,0x73,0x9C,0x73,0x9C,0x73,0x9C,0x73,0x9C,0x73,0x9C,0x73,

	0x9C,0x73,0x9C,0x73,0x9C,0x73,0x9C,0x73,0x9C,0x73,0x9C,0x73,0x9C,0x73,0x9C,0x73,
	0x9C,0x73,0x9C,0x73,0x9C,0x73,0x9C,0x73,0x9C,0x73,0x9C,0x73,0x9C,0x73,0x9C,0x73,
	0x9C,0x73,0x9C,0x73,0x9C,0x73,0x9C,0x73,0x9C,0x73,0x9C,0x73,0x9C,0x73,0x9C,0x73,
	0xB5,0x56,0x9C,0x73,0x9C,0x73,0x9C,0x73,0x9C,0x73,0x9C,0x73,0x9C,0x73,0x9C,0x73,
	0x9C,0x73,0x9C,0x73,0x9C,0x73,0x9C,0x73,0x9C,0x73,0x9C,0x73,0x9C,0x73,0x9C,0x73,
	0x9C,0x73,0x9C,0x73,0x9C,0x73,0x9C,0x73,0x9C,0x73,0x9C,0x73,0x9C,0x73,0x9C,0x73,
	0x9C,0x73,0x9C,0x73,0x9C,0x73,0x9C,0x73,0x9C,0x73,0x9C,0x73,0x9C,0x73,0x9C,0x73,
	0x9C,0x73,0x9C,0x73,0x9C,0x73,0x9C,0x73,0x9C,0x73,0x9C,0x73,0x9C,0x73,0x9C,0x73,

	0x9C,0x73,0x9C,0x73,0x9C,0x73,0x9C,0x73,0x9C,0x73,0x9C,0x73,0x9C,0x73,0x9C,0x73,
	0xB5,0x56,0x9C,0x73,0x9C,0x73,0x9C,0x73,0x9C,0x73,0x9C,0x73,0x9C,0x73,0x9C,0x73,
	0x9C,0x73,0x9C,0x73,0x9C,0x73,0x9C,0x73,0x9C,0x73,0x9C,0x73,0x9C,0x73,0x9C,0x73,
	0x9C,0x73,0x9C,0x73,0x9C,0x73,0x9C,0x73,0x9C,0x73,0x9C,0x73,0x9C,0x73,0x9C,0x73,
	0x9C,0x73,0x9C,0x73,0x9C,0x73,0x9C,0x73,0x9C,0x73,0x9C,0x73,0x9C,0x73,0x9C,0x73,
	0x9C,0x73,0x9C,0x73,0x9C,0x73,0x9C,0x73,0x9C,0x73,0x9C,0x73,0x9C,0x73,0x9C,0x73,
	0x9C,0x73,0x9C,0x73,0x9C,0x73,0x9C,0x73,0x9C,0x73,0x9C,0x73,0x9C,0x73,0x9C,0x73,
	0xB5,0x56,0x9C,0x73,0x9C,0x73,0x9C,0x73,0x9C,0x73,0x9C,0x73,0x9C,0x73,0x9C,0x73,

	0x9C,0x73,0x9C,0x73,0x9C,0x73,0x9C,0x73,0x9C,0x73,0x9C,0x73,0x9C,0x73,0x9C,0x73,
	0x9C,0x73,0x9C,0x73,0x9C,0x73,0x9C,0x73,0x9C,0x73,0x9C,0x73,0x9C,0x73,0x9C,0x73,
	0xFF,0x7F,0xFF,0x7F,0xFF,0x7F,0xFF,0x7F,0xFF,0x7F,0xFF,0x7F,0xFF,0x7F,0xFF,0x7F,
	0xFF,0x7F,0xFF,0x7F,0xFF,0x7F,0xFF,0x7F,0xFF,0x7F,0xFF,0x7F,0xFF,0x7F,0xFF,0x7F,
	0xFF,0x7F,0xFF,0x7F,0xFF,0x7F,0xFF,0x7F,0xFF,0x7F,0xFF,0x7F,0xFF,0x7F,0xFF,0x7F,
	0xB5,0x56,0xFF,0x7F,0xFF,0x7F,0xFF,0x7F,0xFF,0x7F,0xFF,0x7F,0xFF,0x7F,0xFF,0x7F,
	0xFF,0x7F,0xFF,0x7F,0xFF,0x7F,0xFF,0x7F,0xFF,0x7F,0xFF,0x7F,0xFF,0x7F,0xFF,0x7F,
	0xFF,0x7F,0xFF,0x7F,0xFF,0x7F,0xFF,0x7F,0xFF,0x7F,0xFF,0x7F,0xFF,0x7F,0xFF,0x7F,

	0xFF,0x7F,0xFF,0x7F,0xFF,0x7F,0xFF,0x7F,0xFF,0x7F,0xFF,0x7F,0xFF,0x7F,0xFF,0x7F,
	0xFF,0x7F,0xFF,0x7F,0xFF,0x7F,0xFF,0x7F,0xFF,0x7F,0xFF,0x7F,0xFF,0x7F,0xFF,0x7F,
	0xFF,0x7F,0xFF,0x7F,0xFF,0x7F,0xFF,0x7F,0xFF,0x7F,0xFF,0x7F,0xFF,0x7F,0xFF,0x7F,
	0xB5,0x56,0xFF,0x7F,0xFF,0x7F,0xFF,0x7F,0xFF,0x7F,0xFF,0x7F,0xFF,0x7F,0xFF,0x7F,
	0xFF,0x7F,0xFF,0x7F,0xFF,0x7F,0xFF,0x7F,0xFF,0x7F,0xFF,0x7F,0xFF,0x7F,0xFF,0x7F,
	0xFF,0x7F,0xFF,0x7F,0xFF,0x7F,0xFF,0x7F,0xFF,0x7F,0xFF,0x7F,0xFF,0x7F,0xFF,0x7F,
	0xFF,0x7F,0xFF,0x7F,0xFF,0x7F,0xFF,0x7F,0xFF,0x7F,0xFF,0x7F,0xFF,0x7F,0xFF,0x7F,
	0xFF,0x7F,0xFF,0x7F,0xFF,0x7F,0xFF,0x7F,0xFF,0x7F,0xFF,0x7F,0xFF,0x7F,0xFF,0x7F,

	0xFF,0x7F,0xFF,0x7F,0xFF,0x7F,0xFF,0x7F,0xFF,0x7F,0xFF,0x7F,0xFF,0x7F,0xFF,0x7F,
	0xB5,0x56,0xFF,0x7F,0xFF,0x7F,0xFF,0x7F,0xFF,0x7F,0xFF,0x7F,0xFF,0x7F,0xFF,0x7F,
	0xFF,0x7F,0xFF,0x7F,0xFF,0x7F,0xFF,0x7F,0xFF,0x7F,0xFF,0x7F,0xFF,0x7F,0xFF,0x7F,
	0xFF,0x7F,0xFF,0x7F,0xFF,0x7F,0xFF,0x7F,0xFF,0x7F,0xFF,0x7F,0xFF,0x7F,0xFF,0x7F,
	0xFF,0x7F,0xFF,0x7F,0xFF,0x7F,0xFF,0x7F,0xFF,0x7F,0xFF,0x7F,0xFF,0x7F,0xFF,0x7F,
	0xFF,0x7F,0xFF,0x7F,0xFF,0x7F,0xFF,0x7F,0xFF,0x7F,0xFF,0x7F,0xFF,0x7F,0xFF,0x7F,
	0xFF,0x7F,0xFF,0x7F,0xFF,0x7F,0xFF,0x7F,0xFF,0x7F,0xFF,0x7F,0xFF,0x7F,0xFF,0x7F,
	0xB5,0x56,0xFF,0x7F,0xFF,0x7F,0xFF,0x7F,0xFF,0x7F,0xFF,0x7F,0xFF,0x7F,0xFF,0x7F,

	0xFF,0x7F,0xFF,0x7F,0xFF,0x7F,0xFF,0x7F,0xFF,0x7F,0xFF,0x7F,0xFF,0x7F,0xFF,0x7F,
	0xFF,0x7F,0xFF,0x7F,0xFF,0x7F,0xFF,0x7F,0xFF,0x7F,0xFF,0x7F,0xFF,0x7F,0xFF,0x7F,
	0xFF,0x7F,0xFF,0x7F,0xFF,0x7F,0xFF,0x7F,0xFF,0x7F,0xFF,0x7F,0xFF,0x7F,0xFF,0x7F,
	0xFF,0x7F,0xFF,0x7F,0xFF,0x7F,0xFF,0x7F,0xFF,0x7F,0xFF,0x7F,0xFF,0x7F,0xFF,0x7F,
	0xFF,0x7F,0xFF,0x7F,0xFF,0x7F,0xFF,0x7F,0xFF,0x7F,0xFF,0x7F,0xFF,0x7F,0xFF,0x7F,
	0xB5,0x56,0xFF,0x7F,0xFF,0x7F,0xFF,0x7F,0xFF,0x7F,0xFF,0x7F,0xFF,0x7F,0xFF,0x7F,
	0xFF,0x7F,0xFF,0x7F,0xFF,0x7F,0xFF,0x7F,0xFF,0x7F,0xFF,0x7F,0xFF,0x7F,0xFF,0x7F,
	0xFF,0x7F,0xFF,0x7F,0xFF,0x7F,0xFF,0x7F,0xFF,0x7F,0xFF,0x7F,0xFF,0x7F,0xFF,0x7F,

	0x9C,0x73,0x9C,0x73,0x9C,0x73,0x9C,0x73,0x9C,0x73,0x9C,0x73,0x9C,0x73,0x9C,0x73,
	0x9C,0x73,0x9C,0x73,0x9C,0x73,0x9C,0x73,0x9C,0x73,0x9C,0x73,0x9C,0x73,0x9C,0x73,
	0x9C,0x73,0x9C,0x73,0x9C,0x73,0x9C,0x73,0x9C,0x73,0x9C,0x73,0x9C,0x73,0x9C,0x73,
	0xB5,0x56,0x9C,0x73,0x9C,0x73,0x9C,0x73,0x9C,0x73,0x9C,0x73,0x9C,0x73,0x9C,0x73,
	0x9C,0x73,0x9C,0x73,0x9C,0x73,0x9C,0x73,0x9C,0x73,0x9C,0x73,0x9C,0x73,0x9C,0x73,
	0x9C,0x73,0x9C,0x73,0x9C,0x73,0x9C,0x73,0x9C,0x73,0x9C,0x73,0x9C,0x73,0x9C,0x73,
	0x9C,0x73,0x9C,0x73,0x9C,0x73,0x9C,0x73,0x9C,0x73,0x9C,0x73,0x9C,0x73,0x9C,0x73,
	0x9C,0x73,0x9C,0x73,0x9C,0x73,0x9C,0x73,0x9C,0x73,0x9C,0x73,0x9C,0x73,0x9C,0x73,

	0x9C,0x73,0x9C,0x73,0x9C,0x73,0x9C,0x73,0x9C,0x73,0x9C,0x73,0x9C,0x73,0x9C,0x73,
	0xB5,0x56,0x9C,0x73,0x9C,0x73,0x9C,0x73,0x9C,0x73,0x9C,0x73,0x9C,0x73,0x9C,0x73,
	0x9C,0x73,0x9C,0x73,0x9C,0x73,0x9C,0x73,0x9C,0x73,0x9C,0x73,0x9C,0x73,0x9C,0x73,
	0x9C,0x73,0x9C,0x73,0x9C,0x73,0x9C,0x73,0x9C,0x73,0x9C,0x73,0x9C,0x73,0x9C,0x73,
	0x9C,0x73,0x9C,0x73,0x9C,0x73,0x9C,0x73,0x9C,0x73,0x9C,0x73,0x9C,0x73,0x9C,0x73,
	0x9C,0x73,0x9C,0x73,0x9C,0x73,0x9C,0x73,0x9C,0x73,0x9C,0x73,0x9C,0x73,0x9C,0x73,
	0x9C,0x73,0x9C,0x73,0x9C,0x73,0x9C,0x73,0x9C,0x73,0x9C,0x73,0x9C,0x73,0x9C,0x73,
	0xB5,0x56,0x9C,0x73,0x9C,0x73,0x9C,0x73,0x9C,0x73,0x9C,0x73,0x9C,0x73,0x9C,0x73,

	0x9C,0x73,0x9C,0x73,0x9C,0x73,0x9C,0x73,0x9C,0x73,0x9C,0x73,0x9C,0x73,0x9C,0x73,
	0x9C,0x73,0x9C,0x73,0x9C,0x73,0x9C,0x73,0x9C,0x73,0x9C,0x73,0x9C,0x73,0x9C,0x73,
	0x9C,0x73,0x9C,0x73,0x9C,0x73,0x9C,0x73,0x9C,0x73,0x9C,0x73,0x9C,0x73,0x9C,0x73,
	0x9C,0x73,0x9C,0x73,0x9C,0x73,0x9C,0x73,0x9C,0x73,0x9C,0x73,0x9C,0x73,0x9C,0x73,
	0x9C,0x73,0x9C,0x73,0x9C,0x73,0x9C,0x73,0x9C,0x73,0x9C,0x73,0x9C,0x73,0x9C,0x73,
	0xB5,0x56,0x9C,0x73,0x9C,0x73,0x9C,0x73,0x9C,0x73,0x9C,0x73,0x9C,0x73,0x9C,0x73,
	0x9C,0x73,0x9C,0x73,0x9C,0x73,0x9C,0x73,0x9C,0x73,0x9C,0x73,0x9C,0x73,0x9C,0x73,
	0x9C,0x73,0x9C,0x73,0x9C,0x73,0x9C,0x73,0x9C,0x73,0x9C,0x73,0x9C,0x73,0x9C,0x73,

	0x9C,0x73,0x9C,0x73,0x9C,0x73,0x9C,0x73,0x9C,0x73,0x9C,0x73,0x9C,0x73,0x9C,0x73,
	0x9C,0x73,0x9C,0x73,0x9C,0x73,0x9C,0x73,0x9C,0x73,0x9C,0x73,0x9C,0x73,0x9C,0x73,
	0x9C,0x73,0x9C,0x73,0x9C,0x73,0x9C,0x73,0x9C,0x73,0x9C,0x73,0x9C,0x73,0x9C,0x73,
	0xB5,0x56,0x9C,0x73,0x9C,0x73,0x9C,0x73,0x9C,0x73,0x9C,0x73,0x9C,0x73,0x9C,0x73,
	0x9C,0x73,0x9C,0x73,0x9C,0x73,0x9C,0x73,0x9C,0x73,0x9C,0x73,0x9C,0x73,0x9C,0x73,
	0x9C,0x73,0x9C,0x73,0x9C,0x73,0x9C,0x73,0x9C,0x73,0x9C,0x73,0x9C,0x73,0x9C,0x73,
	0xFF,0x7F,0xFF,0x7F,0xFF,0x7F,0xFF,0x7F,0xFF,0x7F,0xFF,0x7F,0xFF,0x7F,0xFF,0x7F,
	0xFF,0x7F,0xFF,0x7F,0xFF,0x7F,0xFF,0x7F,0xFF,0x7F,0xFF,0x7F,0xFF,0x7F,0xFF,0x7F,

	0xFF,0x7F,0xFF,0x7F,0xFF,0x7F,0xFF,0x7F,0xFF,0x7F,0xFF,0x7F,0xFF,0x7F,0xFF,0x7F,
	0xB5,0x56,0xFF,0x7F,0xFF,0x7F,0xFF,0x7F,0xFF,0x7F,0xFF,0x7F,0xFF,0x7F,0xFF,0x7F,
	0xFF,0x7F,0xFF,0x7F,0xFF,0x7F,0xFF,0x7F,0xFF,0x7F,0xFF,0x7F,0xFF,0x7F,0xFF,0x7F,
	0xFF,0x7F,0xFF,0x7F,0xFF,0x7F,0xFF,0x7F,0xFF,0x7F,0xFF,0x7F,0xFF,0x7F,0xFF,0x7F,
	0xFF,0x7F,0xFF,0x7F,0xFF,0x7F,0xFF,0x7F,0xFF,0x7F,0xFF,0x7F,0xFF,0x7F,0xFF,0x7F,
	0xFF,0x7F,0xFF,0x7F,0xFF,0x7F,0xFF,0x7F,0xFF,0x7F,0xFF,0x7F,0xFF,0x7F,0xFF,0x7F,
	0xFF,0x7F,0xFF,0x7F,0xFF,0x7F,0xFF,0x7F,0xFF,0x7F,0xFF,0x7F,0xFF,0x7F,0xFF,0x7F,
	0xB5,0x56,0xFF,0x7F,0xFF,0x7F,0xFF,0x7F,0xFF,0x7F,0xFF,0x7F,0xFF,0x7F,0xFF,0x7F,

	0xFF,0x7F,0xFF,0x7F,0xFF,0x7F,0xFF,0x7F,0xFF,0x7F,0xFF,0x7F,0xFF,0x7F,0xFF,0x7F,
	0xFF,0x7F,0xFF,0x7F,0xFF,0x7F,0xFF,0x7F,0xFF,0x7F,0xFF,0x7F,0xFF,0x7F,0xFF,0x7F,
	0xFF,0x7F,0xFF,0x7F,0xFF,0x7F,0xFF,0x7F,0xFF,0x7F,0xFF,0x7F,0xFF,0x7F,0xFF,0x7F,
	0xFF,0x7F,0xFF,0x7F,0xFF,0x7F,0xFF,0x7F,0xFF,0x7F,0xFF,0x7F,0xFF,0x7F,0xFF,0x7F,
	0xFF,0x7F,0xFF,0x7F,0xFF,0x7F,0xFF,0x7F,0xFF,0x7F,0xFF,0x7F,0xFF,0x7F,0xFF,0x7F,
	0xB5,0x56,0xFF,0x7F,0xFF,0x7F,0xFF,0x7F,0xFF,0x7F,0xFF,0x7F,0xFF,0x7F,0xFF,0x7F,
	0xFF,0x7F,0xFF,0x7F,0xFF,0x7F,0xFF,0x7F,0xFF,0x7F,0xFF,0x7F,0xFF,0x7F,0xFF,0x7F,
	0xFF,0x7F,0xFF,0x7F,0xFF,0x7F,0xFF,0x7F,0xFF,0x7F,0xFF,0x7F,0xFF,0x7F,0xFF,0x7F,

	0xFF,0x7F,0xFF,0x7F,0xFF,0x7F,0xFF,0x7F,0xFF,0x7F,0xFF,0x7F,0xFF,0x7F,0xFF,0x7F,
	0xFF,0x7F,0xFF,0x7F,0xFF,0x7F,0xFF,0x7F,0xFF,0x7F,0xFF,0x7F,0xFF,0x7F,0xFF,0x7F,
	0xFF,0x7F,0xFF,0x7F,0xFF,0x7F,0xFF,0x7F,0xFF,0x7F,0xFF,0x7F,0xFF,0x7F,0xFF,0x7F,
	0xB5,0x56,0xFF,0x7F,0xFF,0x7F,0xFF,0x7F,0xFF,0x7F,0xFF,0x7F,0xFF,0x7F,0xFF,0x7F,
	0xFF,0x7F,0xFF,0x7F,0xFF,0x7F,0xFF,0x7F,0xFF,0x7F,0xFF,0x7F,0xFF,0x7F,0xFF,0x7F,
	0xFF,0x7F,0xFF,0x7F,0xFF,0x7F,0xFF,0x7F,0xFF,0x7F,0xFF,0x7F,0xFF,0x7F,0xFF,0x7F,
	0xFF,0x7F,0xFF,0x7F,0xFF,0x7F,0xFF,0x7F,0xFF,0x7F,0xFF,0x7F,0xFF,0x7F,0xFF,0x7F,
	0xFF,0x7F,0xFF,0x7F,0xFF,0x7F,0xFF,0x7F,0xFF,0x7F,0xFF,0x7F,0xFF,0x7F,0xFF,0x7F,

	0xFF,0x7F,0xFF,0x7F,0xFF,0x7F,0xFF,0x7F,0xFF,0x7F,0xFF,0x7F,0xFF,0x7F,0xFF,0x7F,
	0xB5,0x56,0xFF,0x7F,0xFF,0x7F,0xFF,0x7F,0xFF,0x7F,0xFF,0x7F,0xFF,0x7F,0xFF,0x7F,
	0xFF,0x7F,0xFF,0x7F,0xFF,0x7F,0xFF,0x7F,0xFF,0x7F,0xFF,0x7F,0xFF,0x7F,0xFF,0x7F,
	0xFF,0x7F,0xFF,0x7F,0xFF,0x7F,0xFF,0x7F,0xFF,0x7F,0xFF,0x7F,0xFF,0x7F,0xFF,0x7F,
	0x9C,0x73,0x9C,0x73,0x9C,0x73,0x9C,0x73,0x9C,0x73,0x9C,0x73,0x9C,0x73,0x9C,0x73,
	0x9C,0x73,0x9C,0x73,0x9C,0x73,0x9C,0x73,0x9C,0x73,0x9C,0x73,0x9C,0x73,0x9C,0x73,
	0x9C,0x73,0x9C,0x73,0x9C,0x73,0x9C,0x73,0x9C,0x73,0x9C,0x73,0x9C,0x73,0x9C,0x73,
	0xB5,0x56,0x9C,0x73,0x9C,0x73,0x9C,0x73,0x9C,0x73,0x9C,0x73,0x9C,0x73,0x9C,0x73,

	0x9C,0x73,0x9C,0x73,0x9C,0x73,0x9C,0x73,0x9C,0x73,0x9C,0x73,0x9C,0x73,0x9C,0x73,
	0x9C,0x73,0x9C,0x73,0x9C,0x73,0x9C,0x73,0x9C,0x73,0x9C,0x73,0x9C,0x73,0x9C,0x73,
	0x9C,0x73,0x9C,0x73,0x9C,0x73,0x9C,0x73,0x9C,0x73,0x9C,0x73,0x9C,0x73,0x9C,0x73,
	0x9C,0x73,0x9C,0x73,0x9C,0x73,0x9C,0x73,0x9C,0x73,0x9C,0x73,0x9C,0x73,0x9C,0x73,
	0x9C,0x73,0x9C,0x73,0x9C,0x73,0x9C,0x73,0x9C,0x73,0x9C,0x73,0x9C,0x73,0x9C,0x73,
	0xB5,0x56,0x9C,0x73,0x9C,0x73,0x9C,0x73,0x9C,0x73,0x9C,0x73,0x9C,0x73,0x9C,0x73,
	0x9C,0x73,0x9C,0x73,0x9C,0x73,0x9C,0x73,0x9C,0x73,0x9C,0x73,0x9C,0x73,0x9C,0x73,
	0x9C,0x73,0x9C,0x73,0x9C,0x73,0x9C,0x73,0x9C,0x73,0x9C,0x73,0x9C,0x73,0x9C,0x73,

	0x9C,0x73,0x9C,0x73,0x9C,0x73,0x9C,0x73,0x9C,0x73,0x9C,0x73,0x9C,0x73,0x9C,0x73,
	0x9C,0x73,0x9C,0x73,0x9C,0x73,0x9C,0x73,0x9C,0x73,0x9C,0x73,0x9C,0x73,0x9C,0x73,
	0x9C,0x73,0x9C,0x73,0x9C,0x73,0x9C,0x73,0x9C,0x73,0x9C,0x73,0x9C,0x73,0x9C,0x73,
	0xB5,0x56,0x9C,0x73,0x9C,0x73,0x9C,0x73,0x9C,0x73,0x9C,0x73,0x9C,0x73,0x9C,0x73,
	0x9C,0x73,0x9C,0x73,0x9C,0x73,0x9C,0x73,0x9C,0x73,0x9C,0x73,0x9C,0x73,0x9C,0x73,
	0x9C,0x73,0x9C,0x73,0x9C,0x73,0x9C,0x73,0x9C,0x73,0x9C,0x73,0x9C,0x73,0x9C,0x73,
	0x9C,0x73,0x9C,0x73,0x9C,0x73,0x9C,0x73,0x9C,0x73,0x9C,0x73,0x9C,0x73,0x9C,0x73,
	0x9C,0x73,0x9C,0x73,0x9C,0x73,0x9C,0x73,0x9C,0x73,0x9C,0x73,0x9C,0x73,0x9C,0x73,

	0x9C,0x73,0x9C,0x73,0x9C,0x73,0x9C,0x73,0x9C,0x73,0x9C,0x73,0x9C,0x73,0x9C,0x73,
	0xB5,0x56,0x9C,0x73,0x9C,0x73,0x9C,0x73,0x9C,0x73,0x9C,0x73,0x9C,0x73,0x9C,0x73,
	0x9C,0x73,0x9C,0x73,0x9C,0x73,0x9C,0x73,0x9C,0x73,0x9C,0x73,0x9C,0x73,0x9C,0x73,
	0x9C,0x73,0x9C,0x73,0x9C,0x73,0x9C,0x73,0x9C,0x73,0x9C,0x73,0x9C,0x73,0x9C,0x73,
	0x9C,0x73,0x9C,0x73,0x9C,0x73,0x9C,0x73,0x9C,0x73,0x9C,0x73,0x9C,0x73,0x9C,0x73,
	0x9C,0x73,0x9C,0x73,0x9C,0x73,0x9C,0x73,0x9C,0x73,0x9C,0x73,0x9C,0x73,0x9C,0x73,
	0x9C,0x73,0x9C,0x73,0x9C,0x73,0x9C,0x73,0x9C,0x73,0x9C,0x73,0x9C,0x73,0x9C,0x73,
	0xB5,0x56,0x9C,0x73,0x9C,0x73,0x9C,0x73,0x9C,0x73,0x9C,0x73,0x9C,0x73,0x9C,0x73,

	0x9C,0x73,0x9C,0x73,0x9C,0x73,0x9C,0x73,0x9C,0x73,0x9C,0x73,0x9C,0x73,0x9C,0x73,
	0x9C,0x73,0x9C,0x73,0x9C,0x73,0x9C,0x73,0x9C,0x73,0x9C,0x73,0x9C,0x73,0x9C,0x73,
	0xFF,0x7F,0xFF,0x7F,0xFF,0x7F,0xFF,0x7F,0xFF,0x7F,0xFF,0x7F,0xFF,0x7F,0xFF,0x7F,
	0xFF,0x7F,0xFF,0x7F,0xFF,0x7F,0xFF,0x7F,0xFF,0x7F,0xFF,0x7F,0xFF,0x7F,0xFF,0x7F,
	0xFF,0x7F,0xFF,0x7F,0xFF,0x7F,0xFF,0x7F,0xFF,0x7F,0xFF,0x7F,0xFF,0x7F,0xFF,0x7F,
	0xB5,0x56,0xFF,0x7F,0xFF,0x7F,0xFF,0x7F,0xFF,0x7F,0xFF,0x7F,0xFF,0x7F,0xFF,0x7F,
	0xFF,0x7F,0xFF,0x7F,0xFF,0x7F,0xFF,0x7F,0xFF,0x7F,0xFF,0x7F,0xFF,0x7F,0xFF,0x7F,
	0xFF,0x7F,0xFF,0x7F,0xFF,0x7F,0xFF,0x7F,0xFF,0x7F,0xFF,0x7F,0xFF,0x7F,0xFF,0x7F,

	0xFF,0x7F,0xFF,0x7F,0xFF,0x7F,0xFF,0x7F,0xFF,0x7F,0xFF,0x7F,0xFF,0x7F,0xFF,0x7F,
	0xFF,0x7F,0xFF,0x7F,0xFF,0x7F,0xFF,0x7F,0xFF,0x7F,0xFF,0x7F,0xFF,0x7F,0xFF,0x7F,
	0xFF,0x7F,0xFF,0x7F,0xFF,0x7F,0xFF,0x7F,0xFF,0x7F,0xFF,0x7F,0xFF,0x7F,0xFF,0x7F,
	0xB5,0x56,0xFF,0x7F,0xFF,0x7F,0xFF,0x7F,0xFF,0x7F,0xFF,0x7F,0xFF,0x7F,0xFF,0x7F,
	0xFF,0x7F,0xFF,0x7F,0xFF,0x7F,0xFF,0x7F,0xFF,0x7F,0xFF,0x7F,0xFF,0x7F,0xFF,0x7F,
	0xFF,0x7F,0xFF,0x7F,0xFF,0x7F,0xFF,0x7F,0xFF,0x7F,0xFF,0x7F,0xFF,0x7F,0xFF,0x7F,
	0xFF,0x7F,0xFF,0x7F,0xFF,0x7F,0xFF,0x7F,0xFF,0x7F,0xFF,0x7F,0xFF,0x7F,0xFF,0x7F,
	0xFF,0x7F,0xFF,0x7F,0xFF,0x7F,0xFF,0x7F,0xFF,0x7F,0xFF,0x7F,0xFF,0x7F,0xFF,0x7F,

	0xFF,0x7F,0xFF,0x7F,0xFF,0x7F,0xFF,0x7F,0xFF,0x7F,0xFF,0x7F,0xFF,0x7F,0xFF,0x7F,
	0xB5,0x56,0xFF,0x7F,0xFF,0x7F,0xFF,0x7F,0xFF,0x7F,0xFF,0x7F,0xFF,0x7F,0xFF,0x7F,
	0xFF,0x7F,0xFF,0x7F,0xFF,0x7F,0xFF,0x7F,0xFF,0x7F,0xFF,0x7F,0xFF,0x7F,0xFF,0x7F,
	0xFF,0x7F,0xFF,0x7F,0xFF,0x7F,0xFF,0x7F,0xFF,0x7F,0xFF,0x7F,0xFF,0x7F,0xFF,0x7F,
	0xFF,0x7F,0xFF,0x7F,0xFF,0x7F,0xFF,0x7F,0xFF,0x7F,0xFF,0x7F,0xFF,0x7F,0xFF,0x7F,
	0xFF,0x7F,0xFF,0x7F,0xFF,0x7F,0xFF,0x7F,0xFF,0x7F,0xFF,0x7F,0xFF,0x7F,0xFF,0x7F,
	0xFF,0x7F,0xFF,0x7F,0xFF,0x7F,0xFF,0x7F,0xFF,0x7F,0xFF,0x7F,0xFF,0x7F,0xFF,0x7F,
	0xB5,0x56,0xFF,0x7F,0xFF,0x7F,0xFF,0x7F,0xFF,0x7F,0xFF,0x7F,0xFF,0x7F,0xFF,0x7F,

	0xFF,0x7F,0xFF,0x7F,0xFF,0x7F,0xFF,0x7F,0xFF,0x7F,0xFF,0x7F,0xFF,0x7F,0xFF,0x7F,
	0xFF,0x7F,0xFF,0x7F,0xFF,0x7F,0xFF,0x7F,0xFF,0x7F,0xFF,0x7F,0xFF,0x7F,0xFF,0x7F,
	0xFF,0x7F,0xFF,0x7F,0xFF,0x7F,0xFF,0x7F,0xFF,0x7F,0xFF,0x7F,0xFF,0x7F,0xFF,0x7F,
	0xFF,0x7F,0xFF,0x7F,0xFF,0x7F,0xFF,0x7F,0xFF,0x7F,0xFF,0x7F,0xFF,0x7F,0xFF,0x7F,
	0xFF,0x7F,0xFF,0x7F,0xFF,0x7F,0xFF,0x7F,0xFF,0x7F,0xFF,0x7F,0xFF,0x7F,0xFF,0x7F,
	0xB5,0x56,0xFF,0x7F,0xFF,0x7F,0xFF,0x7F,0xFF,0x7F,0xFF,0x7F,0xFF,0x7F,0xFF,0x7F,
	0xFF,0x7F,0xFF,0x7F,0xFF,0x7F,0xFF,0x7F,0xFF,0x7F,0xFF,0x7F,0xFF,0x7F,0xFF,0x7F,
	0xFF,0x7F,0xFF,0x7F,0xFF,0x7F,0xFF,0x7F,0xFF,0x7F,0xFF,0x7F,0xFF,0x7F,0xFF,0x7F,
};

//}}BLOCK(gImage_splash)
