
//{{BLOCK(gImage_HELP_DARK)

//======================================================================
//
//	gImage_HELP_DARK, 240x160@16, 
//	+ bitmap not compressed
//	Total size: 76800 = 76800
//
//	Time-stamp: 2026-09-26, 00:57:41
//	Exported by Cearn's GBA Image Transmogrifier, v0.8.6
//	( http://www.coranac.com/projects/#grit )
//
//======================================================================

const unsigned char gImage_HELP_DARK[76800] __attribute__((aligned(4)))=
{
	0x63,0x0C,0x63,0x0C,0x63,0x0C,0x63,0x0C,0x63,0x0C,0x63,0x0C,0x63,0x0C,0x63,0x0C,
	0x63,0x0C,0x63,0x0C,0x63,0x0C,0x63,0x0C,0x63,0x0C,0x63,0x0C,0x63,0x0C,0x63,0x0C,
	0x63,0x0C,0x63,0x0C,0x63,0x0C,0x63,0x0C,0x63,0x0C,0x63,0x0C,0x63,0x0C,0x63,0x0C,
	0x4A,0x29,0x63,0x0C,0x63,0x0C,0x63,0x0C,0x63,0x0C,0x63,0x0C,0x63,0x0C,0x63,0x0C,
	0x63,0x0C,0x63,0x0C,0x63,0x0C,0x63,0x0C,0x63,0x0C,0x63,0x0C,0x63,0x0C,0x63,0x0C,
	0x63,0x0C,0x63,0x0C,0x63,0x0C,0x63,0x0C,0x63,0x0C,0x63,0x0C,0x63,0x0C,0x63,0x0C,
	0x63,0x0C,0x63,0x0C,0x63,0x0C,0x63,0x0C,0x63,0x0C,0x63,0x0C,0x63,0x0C,0x63,0x0C,
	0x63,0x0C,0x63,0x0C,0x63,0x0C,0x63,0x0C,0x63,0x0C,0x63,0x0C,0x63,0x0C,0x63,0x0C,

	0x63,0x0C,0x63,0x0C,0x63,0x0C,0x63,0x0C,0x63,0x0C,0x63,0x0C,0x63,0x0C,0x63,0x0C,
	0x4A,0x29,0x63,0x0C,0x63,0x0C,0x63,0x0C,0x63,0x0C,0x63,0x0C,0x63,0x0C,0x63,0x0C,
	0x63,0x0C,0x63,0x0C,0x63,0x0C,0x63,0x0C,0x63,0x0C,0x63,0x0C,0x63,0x0C,0x63,0x0C,
	0x63,0x0C,0x63,0x0C,0x63,0x0C,0x63,0x0C,0x63,0x0C,0x63,0x0C,0x63,0x0C,0x63,0x0C,
	0x63,0x0C,0x63,0x0C,0x63,0x0C,0x63,0x0C,0x63,0x0C,0x63,0x0C,0x63,0x0C,0x63,0x0C,
	0x63,0x0C,0x63,0x0C,0x63,0x0C,0x63,0x0C,0x63,0x0C,0x63,0x0C,0x63,0x0C,0x63,0x0C,
	0x63,0x0C,0x63,0x0C,0x63,0x0C,0x63,0x0C,0x63,0x0C,0x63,0x0C,0x63,0x0C,0x63,0x0C,
	0x4A,0x29,0x63,0x0C,0x63,0x0C,0x63,0x0C,0x63,0x0C,0x63,0x0C,0x63,0x0C,0x63,0x0C,

	0x63,0x0C,0x63,0x0C,0x63,0x0C,0x63,0x0C,0x63,0x0C,0x63,0x0C,0x63,0x0C,0x63,0x0C,
	0x63,0x0C,0x63,0x0C,0x63,0x0C,0x63,0x0C,0x63,0x0C,0x63,0x0C,0x63,0x0C,0x63,0x0C,
	0x63,0x0C,0x63,0x0C,0x63,0x0C,0x63,0x0C,0x63,0x0C,0x63,0x0C,0x63,0x0C,0x63,0x0C,
	0x63,0x0C,0x63,0x0C,0x63,0x0C,0x63,0x0C,0x63,0x0C,0x63,0x0C,0x63,0x0C,0x63,0x0C,
	0x63,0x0C,0x63,0x0C,0x63,0x0C,0x63,0x0C,0x63,0x0C,0x63,0x0C,0x63,0x0C,0x63,0x0C,
	0x4A,0x29,0x63,0x0C,0x63,0x0C,0x63,0x0C,0x63,0x0C,0x63,0x0C,0x63,0x0C,0x63,0x0C,
	0x63,0x0C,0x63,0x0C,0x63,0x0C,0x63,0x0C,0x63,0x0C,0x63,0x0C,0x63,0x0C,0x63,0x0C,
	0x63,0x0C,0x63,0x0C,0x63,0x0C,0x63,0x0C,0x63,0x0C,0x63,0x0C,0x63,0x0C,0x63,0x0C,

	0x63,0x0C,0x63,0x0C,0x63,0x0C,0x63,0x0C,0x63,0x0C,0x63,0x0C,0x63,0x0C,0x63,0x0C,
	0x63,0x0C,0x63,0x0C,0x63,0x0C,0x63,0x0C,0x63,0x0C,0x63,0x0C,0x63,0x0C,0x63,0x0C,
	0x63,0x0C,0x63,0x0C,0x63,0x0C,0x63,0x0C,0x63,0x0C,0x63,0x0C,0x63,0x0C,0x63,0x0C,
	0x4A,0x29,0x63,0x0C,0x63,0x0C,0x63,0x0C,0x63,0x0C,0x63,0x0C,0x63,0x0C,0x63,0x0C,
	0x63,0x0C,0x63,0x0C,0x63,0x0C,0x63,0x0C,0x63,0x0C,0x63,0x0C,0x63,0x0C,0x63,0x0C,
	0x63,0x0C,0x63,0x0C,0x63,0x0C,0x63,0x0C,0x63,0x0C,0x63,0x0C,0x63,0x0C,0x63,0x0C,
	0x00,0x00,0x00,0x00,0x00,0x00,0x00,0x00,0x00,0x00,0x00,0x00,0x00,0x00,0x00,0x00,
	0x00,0x00,0x00,0x00,0x00,0x00,0x00,0x00,0x00,0x00,0x00,0x00,0x00,0x00,0x00,0x00,

	0x00,0x00,0x00,0x00,0x00,0x00,0x00,0x00,0x00,0x00,0x00,0x00,0x00,0x00,0x00,0x00,
	0x4A,0x29,0x00,0x00,0x00,0x00,0x00,0x00,0x00,0x00,0x00,0x00,0x00,0x00,0x00,0x00,
	0x00,0x00,0x00,0x00,0x00,0x00,0x00,0x00,0x00,0x00,0x00,0x00,0x00,0x00,0x00,0x00,
	0x00,0x00,0x00,0x00,0x00,0x00,0x00,0x00,0x00,0x00,0x00,0x00,0x00,0x00,0x00,0x00,
	0x00,0x00,0x00,0x00,0x00,0x00,0x00,0x00,0x00,0x00,0x00,0x00,0x00,0x00,0x00,0x00,
	0x00,0x00,0x00,0x00,0x00,0x00,0x00,0x00,0x00,0x00,0x00,0x00,0x00,0x00,0x00,0x00,
	0x00,0x00,0x00,0x00,0x00,0x00,0x00,0x00,0x00,0x00,0x00,0x00,0x00,0x00,0x00,0x00,
	0x4A,0x29,0x00,0x00,0x00,0x00,0x00,0x00,0x00,0x00,0x00,0x00,0x00,0x00,0x00,0x00,

	0x00,0x00,0x00,0x00,0x00,0x00,0x00,0x00,0x00,0x00,0x00,0x00,0x00,0x00,0x00,0x00,
	0x00,0x00,0x00,0x00,0x00,0x00,0x00,0x00,0x00,0x00,0x00,0x00,0x00,0x00,0x00,0x00,
	0x00,0x00,0x00,0x00,0x00,0x00,0x00,0x00,0x00,0x00,0x00,0x00,0x00,0x00,0x00,0x00,
	0x00,0x00,0x00,0x00,0x00,0x00,0x00,0x00,0x00,0x00,0x00,0x00,0x00,0x00,0x00,0x00,
	0x00,0x00,0x00,0x00,0x00,0x00,0x00,0x00,0x00,0x00,0x00,0x00,0x00,0x00,0x00,0x00,
	0x4A,0x29,0x00,0x00,0x00,0x00,0x00,0x00,0x00,0x00,0x00,0x00,0x00,0x00,0x00,0x00,
	0x00,0x00,0x00,0x00,0x00,0x00,0x00,0x00,0x00,0x00,0x00,0x00,0x00,0x00,0x00,0x00,
	0x00,0x00,0x00,0x00,0x00,0x00,0x00,0x00,0x00,0x00,0x00,0x00,0x00,0x00,0x00,0x00,

	0x00,0x00,0x00,0x00,0x00,0x00,0x00,0x00,0x00,0x00,0x00,0x00,0x00,0x00,0x00,0x00,
	0x00,0x00,0x00,0x00,0x00,0x00,0x00,0x00,0x00,0x00,0x00,0x00,0x00,0x00,0x00,0x00,
	0x00,0x00,0x00,0x00,0x00,0x00,0x00,0x00,0x00,0x00,0x00,0x00,0x00,0x00,0x00,0x00,
	0x4A,0x29,0x00,0x00,0x00,0x00,0x00,0x00,0x00,0x00,0x00,0x00,0x00,0x00,0x00,0x00,
	0x00,0x00,0x00,0x00,0x00,0x00,0x00,0x00,0x00,0x00,0x00,0x00,0x00,0x00,0x00,0x00,
	0x00,0x00,0x00,0x00,0x00,0x00,0x00,0x00,0x00,0x00,0x00,0x00,0x00,0x00,0x00,0x00,
	0x00,0x00,0x00,0x00,0x00,0x00,0x00,0x00,0x00,0x00,0x00,0x00,0x00,0x00,0x00,0x00,
	0x00,0x00,0x00,0x00,0x00,0x00,0x00,0x00,0x00,0x00,0x00,0x00,0x00,0x00,0x00,0x00,

	0x00,0x00,0x00,0x00,0x00,0x00,0x00,0x00,0x00,0x00,0x00,0x00,0x00,0x00,0x00,0x00,
	0x4A,0x29,0x00,0x00,0x00,0x00,0x00,0x00,0x00,0x00,0x00,0x00,0x00,0x00,0x00,0x00,
	0x00,0x00,0x00,0x00,0x00,0x00,0x00,0x00,0x00,0x00,0x00,0x00,0x00,0x00,0x00,0x00,
	0x00,0x00,0x00,0x00,0x00,0x00,0x00,0x00,0x00,0x00,0x00,0x00,0x00,0x00,0x00,0x00,
	0x63,0x0C,0x63,0x0C,0x63,0x0C,0x63,0x0C,0x63,0x0C,0x63,0x0C,0x63,0x0C,0x63,0x0C,
	0x63,0x0C,0x63,0x0C,0x63,0x0C,0x63,0x0C,0x63,0x0C,0x63,0x0C,0x63,0x0C,0x63,0x0C,
	0x63,0x0C,0x63,0x0C,0x63,0x0C,0x63,0x0C,0x63,0x0C,0x63,0x0C,0x63,0x0C,0x63,0x0C,
	0x4A,0x29,0x63,0x0C,0x63,0x0C,0x63,0x0C,0x63,0x0C,0x63,0x0C,0x63,0x0C,0x63,0x0C,

	0x63,0x0C,0x63,0x0C,0x63,0x0C,0x63,0x0C,0x63,0x0C,0x63,0x0C,0x63,0x0C,0x63,0x0C,
	0x63,0x0C,0x63,0x0C,0x63,0x0C,0x63,0x0C,0x63,0x0C,0x63,0x0C,0x63,0x0C,0x63,0x0C,
	0x63,0x0C,0x63,0x0C,0x63,0x0C,0x63,0x0C,0x63,0x0C,0x63,0x0C,0x63,0x0C,0x63,0x0C,
	0x63,0x0C,0x63,0x0C,0x63,0x0C,0x63,0x0C,0x63,0x0C,0x63,0x0C,0x63,0x0C,0x63,0x0C,
	0x63,0x0C,0x63,0x0C,0x63,0x0C,0x63,0x0C,0x63,0x0C,0x63,0x0C,0x63,0x0C,0x63,0x0C,
	0x4A,0x29,0x63,0x0C,0x63,0x0C,0x63,0x0C,0x63,0x0C,0x63,0x0C,0x63,0x0C,0x63,0x0C,
	0x63,0x0C,0x63,0x0C,0x63,0x0C,0x63,0x0C,0x63,0x0C,0x63,0x0C,0x63,0x0C,0x63,0x0C,
	0x63,0x0C,0x63,0x0C,0x63,0x0C,0x63,0x0C,0x63,0x0C,0x63,0x0C,0x63,0x0C,0x63,0x0C,

	0x63,0x0C,0x63,0x0C,0x63,0x0C,0x63,0x0C,0x63,0x0C,0x63,0x0C,0x63,0x0C,0x63,0x0C,
	0x63,0x0C,0x63,0x0C,0x63,0x0C,0x63,0x0C,0x63,0x0C,0x63,0x0C,0x63,0x0C,0x63,0x0C,
	0x63,0x0C,0x63,0x0C,0x63,0x0C,0x63,0x0C,0x63,0x0C,0x63,0x0C,0x63,0x0C,0x63,0x0C,
	0x4A,0x29,0x63,0x0C,0x63,0x0C,0x63,0x0C,0x63,0x0C,0x63,0x0C,0x63,0x0C,0x63,0x0C,
	0x63,0x0C,0x63,0x0C,0x63,0x0C,0x63,0x0C,0x63,0x0C,0x63,0x0C,0x63,0x0C,0x63,0x0C,
	0x63,0x0C,0x63,0x0C,0x63,0x0C,0x63,0x0C,0x63,0x0C,0x63,0x0C,0x63,0x0C,0x63,0x0C,
	0x63,0x0C,0x63,0x0C,0x63,0x0C,0x63,0x0C,0x63,0x0C,0x63,0x0C,0x63,0x0C,0x63,0x0C,
	0x63,0x0C,0x63,0x0C,0x63,0x0C,0x63,0x0C,0x63,0x0C,0x63,0x0C,0x63,0x0C,0x63,0x0C,

	0x63,0x0C,0x63,0x0C,0x63,0x0C,0x63,0x0C,0x63,0x0C,0x63,0x0C,0x63,0x0C,0x63,0x0C,
	0x4A,0x29,0x63,0x0C,0x63,0x0C,0x63,0x0C,0x63,0x0C,0x63,0x0C,0x63,0x0C,0x63,0x0C,
	0x63,0x0C,0x63,0x0C,0x63,0x0C,0x63,0x0C,0x63,0x0C,0x63,0x0C,0x63,0x0C,0x63,0x0C,
	0x63,0x0C,0x63,0x0C,0x63,0x0C,0x63,0x0C,0x63,0x0C,0x63,0x0C,0x63,0x0C,0x63,0x0C,
	0x63,0x0C,0x63,0x0C,0x63,0x0C,0x63,0x0C,0x63,0x0C,0x63,0x0C,0x63,0x0C,0x63,0x0C,
	0x63,0x0C,0x63,0x0C,0x63,0x0C,0x63,0x0C,0x63,0x0C,0x63,0x0C,0x63,0x0C,0x63,0x0C,
	0x63,0x0C,0x63,0x0C,0x63,0x0C,0x63,0x0C,0x63,0x0C,0x63,0x0C,0x63,0x0C,0x63,0x0C,
	0x4A,0x29,0x63,0x0C,0x63,0x0C,0x63,0x0C,0x63,0x0C,0x63,0x0C,0x63,0x0C,0x63,0x0C,

	0x63,0x0C,0x63,0x0C,0x63,0x0C,0x63,0x0C,0x63,0x0C,0x63,0x0C,0x63,0x0C,0x63,0x0C,
	0x63,0x0C,0x63,0x0C,0x63,0x0C,0x63,0x0C,0x63,0x0C,0x63,0x0C,0x63,0x0C,0x63,0x0C,
	0x00,0x00,0x00,0x00,0x00,0x00,0x00,0x00,0x00,0x00,0x00,0x00,0x00,0x00,0x00,0x00,
	0x00,0x00,0x00,0x00,0x00,0x00,0x00,0x00,0x00,0x00,0x00,0x00,0x00,0x00,0x00,0x00,
	0x00,0x00,0x00,0x00,0x00,0x00,0x00,0x00,0x00,0x00,0x00,0x00,0x00,0x00,0x00,0x00,
	0x4A,0x29,0x00,0x00,0x00,0x00,0x00,0x00,0x00,0x00,0x00,0x00,0x00,0x00,0x00,0x00,
	0x00,0x00,0x00,0x00,0x00,0x00,0x00,0x00,0x00,0x00,0x00,0x00,0x00,0x00,0x00,0x00,
	0x00,0x00,0x00,0x00,0x00,0x00,0x00,0x00,0x00,0x00,0x00,0x00,0x00,0x00,0x00,0x00,

	0x00,0x00,0x00,0x00,0x00,0x00,0x00,0x00,0x00,0x00,0x00,0x00,0x00,0x00,0x00,0x00,
	0x00,0x00,0x00,0x00,0x00,0x00,0x00,0x00,0x00,0x00,0x00,0x00,0x00,0x00,0x00,0x00,
	0x00,0x00,0x00,0x00,0x00,0x00,0x00,0x00,0x00,0x00,0x00,0x00,0x00,0x00,0x00,0x00,
	0x4A,0x29,0x00,0x00,0x00,0x00,0x00,0x00,0x00,0x00,0x00,0x00,0x00,0x00,0x00,0x00,
	0x00,0x00,0x00,0x00,0x00,0x00,0x00,0x00,0x00,0x00,0x00,0x00,0x00,0x00,0x00,0x00,
	0x00,0x00,0x00,0x00,0x00,0x00,0x00,0x00,0x00,0x00,0x00,0x00,0x00,0x00,0x00,0x00,
	0x00,0x00,0x00,0x00,0x00,0x00,0x00,0x00,0x00,0x00,0x00,0x00,0x00,0x00,0x00,0x00,
	0x00,0x00,0x00,0x00,0x00,0x00,0x00,0x00,0x00,0x00,0x00,0x00,0x00,0x00,0x00,0x00,

	0x00,0x00,0x00,0x00,0x00,0x00,0x00,0x00,0x00,0x00,0x00,0x00,0x00,0x00,0x00,0x00,
	0x4A,0x29,0x00,0x00,0x00,0x00,0x00,0x00,0x00,0x00,0x00,0x00,0x00,0x00,0x00,0x00,
	0x00,0x00,0x00,0x00,0x00,0x00,0x00,0x00,0x00,0x00,0x00,0x00,0x00,0x00,0x00,0x00,
	0x00,0x00,0x00,0x00,0x00,0x00,0x00,0x00,0x00,0x00,0x00,0x00,0x00,0x00,0x00,0x00,
	0x00,0x00,0x00,0x00,0x00,0x00,0x00,0x00,0x00,0x00,0x00,0x00,0x00,0x00,0x00,0x00,
	0x00,0x00,0x00,0x00,0x00,0x00,0x00,0x00,0x00,0x00,0x00,0x00,0x00,0x00,0x00,0x00,
	0x00,0x00,0x00,0x00,0x00,0x00,0x00,0x00,0x00,0x00,0x00,0x00,0x00,0x00,0x00,0x00,
	0x4A,0x29,0x00,0x00,0x00,0x00,0x00,0x00,0x00,0x00,0x00,0x00,0x00,0x00,0x00,0x00,

	0x00,0x00,0x00,0x00,0x00,0x00,0x00,0x00,0x00,0x00,0x00,0x00,0x00,0x00,0x00,0x00,
	0x00,0x00,0x00,0x00,0x00,0x00,0x00,0x00,0x00,0x00,0x00,0x00,0x00,0x00,0x00,0x00,
	0x00,0x00,0x00,0x00,0x00,0x00,0x00,0x00,0x00,0x00,0x00,0x00,0x00,0x00,0x00,0x00,
	0x00,0x00,0x00,0x00,0x00,0x00,0x00,0x00,0x00,0x00,0x00,0x00,0x00,0x00,0x00,0x00,
	0x00,0x00,0x00,0x00,0x00,0x00,0x00,0x00,0x00,0x00,0x00,0x00,0x00,0x00,0x00,0x00,
	0x4A,0x29,0x00,0x00,0x00,0x00,0x00,0x00,0x00,0x00,0x00,0x00,0x00,0x00,0x00,0x00,
	0x00,0x00,0x00,0x00,0x00,0x00,0x00,0x00,0x00,0x00,0x00,0x00,0x00,0x00,0x00,0x00,
	0x00,0x00,0x00,0x00,0x00,0x00,0x00,0x00,0x00,0x00,0x00,0x00,0x00,0x00,0x00,0x00,

	0x63,0x0C,0x63,0x0C,0x63,0x0C,0x63,0x0C,0x63,0x0C,0x63,0x0C,0x63,0x0C,0x63,0x0C,
	0x63,0x0C,0x63,0x0C,0x63,0x0C,0x63,0x0C,0x63,0x0C,0x63,0x0C,0x63,0x0C,0x63,0x0C,
	0x63,0x0C,0x63,0x0C,0x63,0x0C,0x63,0x0C,0x63,0x0C,0x63,0x0C,0x63,0x0C,0x63,0x0C,
	0x4A,0x29,0x63,0x0C,0x63,0x0C,0x63,0x0C,0x63,0x0C,0x63,0x0C,0x63,0x0C,0x63,0x0C,
	0x63,0x0C,0x63,0x0C,0x63,0x0C,0x63,0x0C,0x63,0x0C,0x63,0x0C,0x63,0x0C,0x63,0x0C,
	0x63,0x0C,0x63,0x0C,0x63,0x0C,0x63,0x0C,0x63,0x0C,0x63,0x0C,0x63,0x0C,0x63,0x0C,
	0x63,0x0C,0x63,0x0C,0x63,0x0C,0x63,0x0C,0x63,0x0C,0x63,0x0C,0x63,0x0C,0x63,0x0C,
	0x63,0x0C,0x63,0x0C,0x63,0x0C,0x63,0x0C,0x63,0x0C,0x63,0x0C,0x63,0x0C,0x63,0x0C,

	0x63,0x0C,0x63,0x0C,0x63,0x0C,0x63,0x0C,0x63,0x0C,0x63,0x0C,0x63,0x0C,0x63,0x0C,
	0x4A,0x29,0x63,0x0C,0x63,0x0C,0x63,0x0C,0x63,0x0C,0x63,0x0C,0x63,0x0C,0x63,0x0C,
	0x63,0x0C,0x63,0x0C,0x63,0x0C,0x63,0x0C,0x63,0x0C,0x63,0x0C,0x63,0x0C,0x63,0x0C,
	0x63,0x0C,0x63,0x0C,0x63,0x0C,0x63,0x0C,0x63,0x0C,0x63,0x0C,0x63,0x0C,0x63,0x0C,
	0x63,0x0C,0x63,0x0C,0x63,0x0C,0x63,0x0C,0x63,0x0C,0x63,0x0C,0x63,0x0C,0x63,0x0C,
	0x63,0x0C,0x63,0x0C,0x63,0x0C,0x63,0x0C,0x63,0x0C,0x63,0x0C,0x63,0x0C,0x63,0x0C,
	0x63,0x0C,0x63,0x0C,0x63,0x0C,0x63,0x0C,0x63,0x0C,0x63,0x0C,0x63,0x0C,0x63,0x0C,
	0x4A,0x29,0x63,0x0C,0x63,0x0C,0x63,0x0C,0x63,0x0C,0x63,0x0C,0x63,0x0C,0x63,0x0C,

	0x63,0x0C,0x63,0x0C,0x63,0x0C,0x63,0x0C,0x63,0x0C,0x63,0x0C,0x63,0x0C,0x63,0x0C,
	0x63,0x0C,0x63,0x0C,0x63,0x0C,0x63,0x0C,0x63,0x0C,0x63,0x0C,0x63,0x0C,0x63,0x0C,
	0x63,0x0C,0x63,0x0C,0x63,0x0C,0x63,0x0C,0x63,0x0C,0x63,0x0C,0x63,0x0C,0x63,0x0C,
	0x63,0x0C,0x63,0x0C,0x63,0x0C,0x63,0x0C,0x63,0x0C,0x63,0x0C,0x63,0x0C,0x63,0x0C,
	0x63,0x0C,0x63,0x0C,0x63,0x0C,0x63,0x0C,0x63,0x0C,0x63,0x0C,0x63,0x0C,0x63,0x0C,
	0x4A,0x29,0x63,0x0C,0x63,0x0C,0x63,0x0C,0x63,0x0C,0x63,0x0C,0x63,0x0C,0x63,0x0C,
	0x63,0x0C,0x63,0x0C,0x63,0x0C,0x63,0x0C,0x63,0x0C,0x63,0x0C,0x63,0x0C,0x63,0x0C,
	0x63,0x0C,0x63,0x0C,0x63,0x0C,0x63,0x0C,0x63,0x0C,0x63,0x0C,0x63,0x0C,0x63,0x0C,

	0x63,0x0C,0x63,0x0C,0x63,0x0C,0x63,0x0C,0x63,0x0C,0x63,0x0C,0x63,0x0C,0x63,0x0C,
	0x63,0x0C,0x63,0x0C,0x63,0x0C,0x63,0x0C,0x63,0x0C,0x63,0x0C,0x63,0x0C,0x63,0x0C,
	0x63,0x0C,0x63,0x0C,0x63,0x0C,0x63,0x0C,0x63,0x0C,0x63,0x0C,0x63,0x0C,0x63,0x0C,
	0x4A,0x29,0x63,0x0C,0x63,0x0C,0x63,0x0C,0x63,0x0C,0x63,0x0C,0x63,0x0C,0x63,0x0C,
	0x63,0x0C,0x63,0x0C,0x63,0x0C,0x63,0x0C,0x63,0x0C,0x63,0x0C,0x63,0x0C,0x63,0x0C,
	0x63,0x0C,0x63,0x0C,0x63,0x0C,0x63,0x0C,0x63,0x0C,0x63,0x0C,0x63,0x0C,0x63,0x0C,
	0x00,0x00,0x00,0x00,0x00,0x00,0x00,0x00,0x00,0x00,0x00,0x00,0x00,0x00,0x00,0x00,
	0x00,0x00,0x00,0x00,0x00,0x00,0x00,0x00,0x00,0x00,0x00,0x00,0x00,0x00,0x00,0x00,

	0x00,0x00,0x00,0x00,0x00,0x00,0x00,0x00,0x00,0x00,0x00,0x00,0x00,0x00,0x00,0x00,
	0x4A,0x29,0x00,0x00,0x00,0x00,0x00,0x00,0x00,0x00,0x00,0x00,0x00,0x00,0x00,0x00,
	0x00,0x00,0x00,0x00,0x00,0x00,0x00,0x00,0x00,0x00,0x00,0x00,0x00,0x00,0x00,0x00,
	0x00,0x00,0x00,0x00,0x00,0x00,0x00,0x00,0x00,0x00,0x00,0x00,0x00,0x00,0x00,0x00,
	0x00,0x00,0x00,0x00,0x00,0x00,0x00,0x00,0x00,0x00,0x00,0x00,0x00,0x00,0x00,0x00,
	0x00,0x00,0x00,0x00,0x00,0x00,0x00,0x00,0x00,0x00,0x00,0x00,0x00,0x00,0x00,0x00,
	0x00,0x00,0x00,0x00,0x00,0x00,0x00,0x00,0x00,0x00,0x00,0x00,0x00,0x00,0x00,0x00,
	0x4A,0x29,0x00,0x00,0x00,0x00,0x00,0x00,0x00,0x00,0x00,0x00,0x00,0x00,0x00,0x00,

	0x00,0x00,0x00,0x00,0x00,0x00,0x00,0x00,0x00,0x00,0x00,0x00,0x00,0x00,0x00,0x00,
	0x00,0x00,0x00,0x00,0x00,0x00,0x00,0x00,0x00,0x00,0x00,0x00,0x00,0x00,0x00,0x00,
	0x00,0x00,0x00,0x00,0x00,0x00,0x00,0x00,0x00,0x00,0x00,0x00,0x00,0x00,0x00,0x00,
	0x00,0x00,0x00,0x00,0x00,0x00,0x00,0x00,0x00,0x00,0x00,0x00,0x00,0x00,0x00,0x00,
	0x00,0x00,0x00,0x00,0x00,0x00,0x00,0x00,0x00,0x00,0x00,0x00,0x00,0x00,0x00,0x00,
	0x4A,0x29,0x00,0x00,0x00,0x00,0x00,0x00,0x00,0x00,0x00,0x00,0x00,0x00,0x00,0x00,
	0x00,0x00,0x00,0x00,0x00,0x00,0x00,0x00,0x00,0x00,0x00,0x00,0x00,0x00,0x00,0x00,
	0x00,0x00,0x00,0x00,0x00,0x00,0x00,0x00,0x00,0x00,0x00,0x00,0x00,0x00,0x00,0x00,

	0x00,0x00,0x00,0x00,0x00,0x00,0x00,0x00,0x00,0x00,0x00,0x00,0x00,0x00,0x00,0x00,
	0x00,0x00,0x00,0x00,0x00,0x00,0x00,0x00,0x00,0x00,0x00,0x00,0x00,0x00,0x00,0x00,
	0x00,0x00,0x00,0x00,0x00,0x00,0x00,0x00,0x00,0x00,0x00,0x00,0x00,0x00,0x00,0x00,
	0x4A,0x29,0x00,0x00,0x00,0x00,0x00,0x00,0x00,0x00,0x00,0x00,0x00,0x00,0x00,0x00,
	0x00,0x00,0x00,0x00,0x00,0x00,0x00,0x00,0x00,0x00,0x00,0x00,0x00,0x00,0x00,0x00,
	0x00,0x00,0x00,0x00,0x00,0x00,0x00,0x00,0x00,0x00,0x00,0x00,0x00,0x00,0x00,0x00,
	0x00,0x00,0x00,0x00,0x00,0x00,0x00,0x00,0x00,0x00,0x00,0x00,0x00,0x00,0x00,0x00,
	0x00,0x00,0x00,0x00,0x00,0x00,0x00,0x00,0x00,0x00,0x00,0x00,0x00,0x00,0x00,0x00,

	0x00,0x00,0x00,0x00,0x00,0x00,0x00,0x00,0x00,0x00,0x00,0x00,0x00,0x00,0x00,0x00,
	0x4A,0x29,0x00,0x00,0x00,0x00,0x00,0x00,0x00,0x00,0x00,0x00,0x00,0x00,0x00,0x00,
	0x00,0x00,0x00,0x00,0x00,0x00,0x00,0x00,0x00,0x00,0x00,0x00,0x00,0x00,0x00,0x00,
	0x00,0x00,0x00,0x00,0x00,0x00,0x00,0x00,0x00,0x00,0x00,0x00,0x00,0x00,0x00,0x00,
	0x63,0x0C,0x63,0x0C,0x63,0x0C,0x63,0x0C,0x63,0x0C,0x63,0x0C,0x63,0x0C,0x63,0x0C,
	0x63,0x0C,0x63,0x0C,0x63,0x0C,0x63,0x0C,0x63,0x0C,0x63,0x0C,0x63,0x0C,0x63,0x0C,
	0x63,0x0C,0x63,0x0C,0x63,0x0C,0x63,0x0C,0x63,0x0C,0x63,0x0C,0x63,0x0C,0x63,0x0C,
	0x4A,0x29,0x63,0x0C,0x63,0x0C,0x63,0x0C,0x63,0x0C,0x63,0x0C,0x63,0x0C,0x63,0x0C,

	0x63,0x0C,0x63,0x0C,0x63,0x0C,0x63,0x0C,0x63,0x0C,0x63,0x0C,0x63,0x0C,0x63,0x0C,
	0x63,0x0C,0x63,0x0C,0x63,0x0C,0x63,0x0C,0x63,0x0C,0x63,0x0C,0x63,0x0C,0x63,0x0C,
	0x63,0x0C,0x63,0x0C,0x63,0x0C,0x63,0x0C,0x63,0x0C,0x63,0x0C,0x63,0x0C,0x63,0x0C,
	0x63,0x0C,0x63,0x0C,0x63,0x0C,0x63,0x0C,0x63,0x0C,0x63,0x0C,0x63,0x0C,0x63,0x0C,
	0x63,0x0C,0x63,0x0C,0x63,0x0C,0x63,0x0C,0x63,0x0C,0x63,0x0C,0x63,0x0C,0x63,0x0C,
	0x4A,0x29,0x63,0x0C,0x63,0x0C,0x63,0x0C,0x63,0x0C,0x63,0x0C,0x63,0x0C,0x63,0x0C,
	0x63,0x0C,0x63,0x0C,0x63,0x0C,0x63,0x0C,0x63,0x0C,0x63,0x0C,0x63,0x0C,0x63,0x0C,
	0x63,0x0C,0x63,0x0C,0x63,0x0C,0x63,0x0C,0x63,0x0C,0x63,0x0C,0x63,0x0C,0x63,0x0C,

	0x63,0x0C,0x63,0x0C,0x63,0x0C,0x63,0x0C,0x63,0x0C,0x63,0x0C,0x63,0x0C,0x63,0x0C,
	0x63,0x0C,0x63,0x0C,0x63,0x0C,0x63,0x0C,0x63,0x0C,0x63,0x0C,0x63,0x0C,0x63,0x0C,
	0x63,0x0C,0x63,0x0C,0x63,0x0C,0x63,0x0C,0x63,0x0C,0x63,0x0C,0x63,0x0C,0x63,0x0C,
	0x4A,0x29,0x63,0x0C,0x63,0x0C,0x63,0x0C,0x63,0x0C,0x63,0x0C,0x63,0x0C,0x63,0x0C,
	0x63,0x0C,0x63,0x0C,0x63,0x0C,0x63,0x0C,0x63,0x0C,0x63,0x0C,0x63,0x0C,0x63,0x0C,
	0x63,0x0C,0x63,0x0C,0x63,0x0C,0x63,0x0C,0x63,0x0C,0x63,0x0C,0x63,0x0C,0x63,0x0C,
	0x63,0x0C,0x63,0x0C,0x63,0x0C,0x63,0x0C,0x63,0x0C,0x63,0x0C,0x63,0x0C,0x63,0x0C,
	0x63,0x0C,0x63,0x0C,0x63,0x0C,0x63,0x0C,0x63,0x0C,0x63,0x0C,0x63,0x0C,0x63,0x0C,

	0x63,0x0C,0x63,0x0C,0x63,0x0C,0x63,0x0C,0x63,0x0C,0x63,0x0C,0x63,0x0C,0x63,0x0C,
	0x4A,0x29,0x63,0x0C,0x63,0x0C,0x63,0x0C,0x63,0x0C,0x63,0x0C,0x63,0x0C,0x63,0x0C,
	0x63,0x0C,0x63,0x0C,0x63,0x0C,0x63,0x0C,0x63,0x0C,0x63,0x0C,0x63,0x0C,0x63,0x0C,
	0x63,0x0C,0x63,0x0C,0x63,0x0C,0x63,0x0C,0x63,0x0C,0x63,0x0C,0x63,0x0C,0x63,0x0C,
	0x63,0x0C,0x63,0x0C,0x63,0x0C,0x63,0x0C,0x63,0x0C,0x63,0x0C,0x63,0x0C,0x63,0x0C,
	0x63,0x0C,0x63,0x0C,0x63,0x0C,0x63,0x0C,0x63,0x0C,0x63,0x0C,0x63,0x0C,0x63,0x0C,
	0x63,0x0C,0x63,0x0C,0x63,0x0C,0x63,0x0C,0x63,0x0C,0x63,0x0C,0x63,0x0C,0x63,0x0C,
	0x4A,0x29,0x63,0x0C,0x63,0x0C,0x63,0x0C,0x63,0x0C,0x63,0x0C,0x63,0x0C,0x63,0x0C,

	0x63,0x0C,0x63,0x0C,0x63,0x0C,0x63,0x0C,0x63,0x0C,0x63,0x0C,0x63,0x0C,0x63,0x0C,
	0x63,0x0C,0x63,0x0C,0x63,0x0C,0x63,0x0C,0x63,0x0C,0x63,0x0C,0x63,0x0C,0x63,0x0C,
	0x00,0x00,0x00,0x00,0x00,0x00,0x00,0x00,0x00,0x00,0x00,0x00,0x00,0x00,0x00,0x00,
	0x00,0x00,0x00,0x00,0x00,0x00,0x00,0x00,0x00,0x00,0x00,0x00,0x00,0x00,0x00,0x00,
	0x00,0x00,0x00,0x00,0x00,0x00,0x00,0x00,0x00,0x00,0x00,0x00,0x00,0x00,0x00,0x00,
	0x4A,0x29,0x00,0x00,0x00,0x00,0x00,0x00,0x00,0x00,0x00,0x00,0x00,0x00,0x00,0x00,
	0x00,0x00,0x00,0x00,0x00,0x00,0x00,0x00,0x00,0x00,0x00,0x00,0x00,0x00,0x00,0x00,
	0x00,0x00,0x00,0x00,0x00,0x00,0x00,0x00,0x00,0x00,0x00,0x00,0x00,0x00,0x00,0x00,

	0x00,0x00,0x00,0x00,0x00,0x00,0x00,0x00,0x00,0x00,0x00,0x00,0x00,0x00,0x00,0x00,
	0x00,0x00,0x00,0x00,0x00,0x00,0x00,0x00,0x00,0x00,0x00,0x00,0x00,0x00,0x00,0x00,
	0x00,0x00,0x00,0x00,0x00,0x00,0x00,0x00,0x00,0x00,0x00,0x00,0x00,0x00,0x00,0x00,
	0x4A,0x29,0x00,0x00,0x00,0x00,0x00,0x00,0x00,0x00,0x00,0x00,0x00,0x00,0x00,0x00,
	0x00,0x00,0x00,0x00,0x00,0x00,0x00,0x00,0x00,0x00,0x00,0x00,0x00,0x00,0x00,0x00,
	0x00,0x00,0x00,0x00,0x00,0x00,0x00,0x00,0x00,0x00,0x00,0x00,0x00,0x00,0x00,0x00,
	0x00,0x00,0x00,0x00,0x00,0x00,0x00,0x00,0x00,0x00,0x00,0x00,0x00,0x00,0x00,0x00,
	0x00,0x00,0x00,0x00,0x00,0x00,0x00,0x00,0x00,0x00,0x00,0x00,0x00,0x00,0x00,0x00,

	0x00,0x00,0x00,0x00,0x00,0x00,0x00,0x00,0x00,0x00,0x00,0x00,0x00,0x00,0x00,0x00,
	0x4A,0x29,0x00,0x00,0x00,0x00,0x00,0x00,0x00,0x00,0x00,0x00,0x00,0x00,0x00,0x00,
	0x00,0x00,0x00,0x00,0x00,0x00,0x00,0x00,0x00,0x00,0x00,0x00,0x00,0x00,0x00,0x00,
	0x00,0x00,0x00,0x00,0x00,0x00,0x00,0x00,0x00,0x00,0x00,0x00,0x00,0x00,0x00,0x00,
	0x00,0x00,0x00,0x00,0x00,0x00,0x00,0x00,0x00,0x00,0x00,0x00,0x00,0x00,0x00,0x00,
	0x00,0x00,0x00,0x00,0x00,0x00,0x00,0x00,0x00,0x00,0x00,0x00,0x00,0x00,0x00,0x00,
	0x00,0x00,0x00,0x00,0x00,0x00,0x00,0x00,0x00,0x00,0x00,0x00,0x00,0x00,0x00,0x00,
	0x4A,0x29,0x00,0x00,0x00,0x00,0x00,0x00,0x00,0x00,0x00,0x00,0x00,0x00,0x00,0x00,

	0x00,0x00,0x00,0x00,0x00,0x00,0x00,0x00,0x00,0x00,0x00,0x00,0x00,0x00,0x00,0x00,
	0x00,0x00,0x00,0x00,0x00,0x00,0x00,0x00,0x00,0x00,0x00,0x00,0x00,0x00,0x00,0x00,
	0x00,0x00,0x00,0x00,0x00,0x00,0x00,0x00,0x00,0x00,0x00,0x00,0x00,0x00,0x00,0x00,
	0x00,0x00,0x00,0x00,0x00,0x00,0x00,0x00,0x00,0x00,0x00,0x00,0x00,0x00,0x00,0x00,
	0x00,0x00,0x00,0x00,0x00,0x00,0x00,0x00,0x00,0x00,0x00,0x00,0x00,0x00,0x00,0x00,
	0x4A,0x29,0x00,0x00,0x00,0x00,0x00,0x00,0x00,0x00,0x00,0x00,0x00,0x00,0x00,0x00,
	0x00,0x00,0x00,0x00,0x00,0x00,0x00,0x00,0x00,0x00,0x00,0x00,0x00,0x00,0x00,0x00,
	0x00,0x00,0x00,0x00,0x00,0x00,0x00,0x00,0x00,0x00,0x00,0x00,0x00,0x00,0x00,0x00,

	0x63,0x0C,0x63,0x0C,0x63,0x0C,0x63,0x0C,0x63,0x0C,0x63,0x0C,0x63,0x0C,0x63,0x0C,
	0x63,0x0C,0x63,0x0C,0x63,0x0C,0x63,0x0C,0x63,0x0C,0x63,0x0C,0x63,0x0C,0x63,0x0C,
	0x63,0x0C,0x63,0x0C,0x63,0x0C,0x63,0x0C,0x63,0x0C,0x63,0x0C,0x63,0x0C,0x63,0x0C,
	0x4A,0x29,0x63,0x0C,0x63,0x0C,0x63,0x0C,0x63,0x0C,0x63,0x0C,0x63,0x0C,0x63,0x0C,
	0x63,0x0C,0x63,0x0C,0x63,0x0C,0x63,0x0C,0x63,0x0C,0x63,0x0C,0x63,0x0C,0x63,0x0C,
	0x63,0x0C,0x63,0x0C,0x63,0x0C,0x63,0x0C,0x63,0x0C,0x63,0x0C,0x63,0x0C,0x63,0x0C,
	0x63,0x0C,0x63,0x0C,0x63,0x0C,0x63,0x0C,0x63,0x0C,0x63,0x0C,0x63,0x0C,0x63,0x0C,
	0x63,0x0C,0x63,0x0C,0x63,0x0C,0x63,0x0C,0x63,0x0C,0x63,0x0C,0x63,0x0C,0x63,0x0C,

	0x63,0x0C,0x63,0x0C,0x63,0x0C,0x63,0x0C,0x63,0x0C,0x63,0x0C,0x63,0x0C,0x63,0x0C,
	0x4A,0x29,0x63,0x0C,0x63,0x0C,0x63,0x0C,0x63,0x0C,0x63,0x0C,0x63,0x0C,0x63,0x0C,
	0x63,0x0C,0x63,0x0C,0x63,0x0C,0x63,0x0C,0x63,0x0C,0x63,0x0C,0x63,0x0C,0x63,0x0C,
	0x63,0x0C,0x63,0x0C,0x63,0x0C,0x63,0x0C,0x63,0x0C,0x63,0x0C,0x63,0x0C,0x63,0x0C,
	0x63,0x0C,0x63,0x0C,0x63,0x0C,0x63,0x0C,0x63,0x0C,0x63,0x0C,0x63,0x0C,0x63,0x0C,
	0x63,0x0C,0x63,0x0C,0x63,0x0C,0x63,0x0C,0x63,0x0C,0x63,0x0C,0x63,0x0C,0x63,0x0C,
	0x63,0x0C,0x63,0x0C,0x63,0x0C,0x63,0x0C,0x63,0x0C,0x63,0x0C,0x63,0x0C,0x63,0x0C,
	0x4A,0x29,0x63,0x0C,0x63,0x0C,0x63,0x0C,0x63,0x0C,0x63,0x0C,0x63,0x0C,0x63,0x0C,

	0x63,0x0C,0x63,0x0C,0x63,0x0C,0x63,0x0C,0x63,0x0C,0x63,0x0C,0x63,0x0C,0x63,0x0C,
	0x63,0x0C,0x63,0x0C,0x63,0x0C,0x63,0x0C,0x63,0x0C,0x63,0x0C,0x63,0x0C,0x63,0x0C,
	0x63,0x0C,0x63,0x0C,0x63,0x0C,0x63,0x0C,0x63,0x0C,0x63,0x0C,0x63,0x0C,0x63,0x0C,
	0x63,0x0C,0x63,0x0C,0x63,0x0C,0x63,0x0C,0x63,0x0C,0x63,0x0C,0x63,0x0C,0x63,0x0C,
	0x63,0x0C,0x63,0x0C,0x63,0x0C,0x63,0x0C,0x63,0x0C,0x63,0x0C,0x63,0x0C,0x63,0x0C,
	0x4A,0x29,0x63,0x0C,0x63,0x0C,0x63,0x0C,0x63,0x0C,0x63,0x0C,0x63,0x0C,0x63,0x0C,
	0x63,0x0C,0x63,0x0C,0x63,0x0C,0x63,0x0C,0x63,0x0C,0x63,0x0C,0x63,0x0C,0x63,0x0C,
	0x63,0x0C,0x63,0x0C,0x63,0x0C,0x63,0x0C,0x63,0x0C,0x63,0x0C,0x63,0x0C,0x63,0x0C,

	0x63,0x0C,0x63,0x0C,0x63,0x0C,0x63,0x0C,0x63,0x0C,0x63,0x0C,0x63,0x0C,0x63,0x0C,
	0x63,0x0C,0x63,0x0C,0x63,0x0C,0x63,0x0C,0x63,0x0C,0x63,0x0C,0x63,0x0C,0x63,0x0C,
	0x63,0x0C,0x63,0x0C,0x63,0x0C,0x63,0x0C,0x63,0x0C,0x63,0x0C,0x63,0x0C,0x63,0x0C,
	0x4A,0x29,0x63,0x0C,0x63,0x0C,0x63,0x0C,0x63,0x0C,0x63,0x0C,0x63,0x0C,0x63,0x0C,
	0x63,0x0C,0x63,0x0C,0x63,0x0C,0x63,0x0C,0x63,0x0C,0x63,0x0C,0x63,0x0C,0x63,0x0C,
	0x63,0x0C,0x63,0x0C,0x63,0x0C,0x63,0x0C,0x63,0x0C,0x63,0x0C,0x63,0x0C,0x63,0x0C,
	0x00,0x00,0x00,0x00,0x00,0x00,0x00,0x00,0x00,0x00,0x00,0x00,0x00,0x00,0x00,0x00,
	0x00,0x00,0x00,0x00,0x00,0x00,0x00,0x00,0x00,0x00,0x00,0x00,0x00,0x00,0x00,0x00,

	0x00,0x00,0x00,0x00,0x00,0x00,0x00,0x00,0x00,0x00,0x00,0x00,0x00,0x00,0x00,0x00,
	0x4A,0x29,0x00,0x00,0x00,0x00,0x00,0x00,0x00,0x00,0x00,0x00,0x00,0x00,0x00,0x00,
	0x00,0x00,0x00,0x00,0x00,0x00,0x00,0x00,0x00,0x00,0x00,0x00,0x00,0x00,0x00,0x00,
	0x00,0x00,0x00,0x00,0x00,0x00,0x00,0x00,0x00,0x00,0x00,0x00,0x00,0x00,0x00,0x00,
	0x00,0x00,0x00,0x00,0x00,0x00,0x00,0x00,0x00,0x00,0x00,0x00,0x00,0x00,0x00,0x00,
	0x00,0x00,0x00,0x00,0x00,0x00,0x00,0x00,0x00,0x00,0x00,0x00,0x00,0x00,0x00,0x00,
	0x00,0x00,0x00,0x00,0x00,0x00,0x00,0x00,0x00,0x00,0x00,0x00,0x00,0x00,0x00,0x00,
	0x4A,0x29,0x00,0x00,0x00,0x00,0x00,0x00,0x00,0x00,0x00,0x00,0x00,0x00,0x00,0x00,

	0x00,0x00,0x00,0x00,0x00,0x00,0x00,0x00,0x00,0x00,0x00,0x00,0x00,0x00,0x00,0x00,
	0x00,0x00,0x00,0x00,0x00,0x00,0x00,0x00,0x00,0x00,0x00,0x00,0x00,0x00,0x00,0x00,
	0x00,0x00,0x00,0x00,0x00,0x00,0x00,0x00,0x00,0x00,0x00,0x00,0x00,0x00,0x00,0x00,
	0x00,0x00,0x00,0x00,0x00,0x00,0x00,0x00,0x00,0x00,0x00,0x00,0x00,0x00,0x00,0x00,
	0x00,0x00,0x00,0x00,0x00,0x00,0x00,0x00,0x00,0x00,0x00,0x00,0x00,0x00,0x00,0x00,
	0x4A,0x29,0x00,0x00,0x00,0x00,0x00,0x00,0x00,0x00,0x00,0x00,0x00,0x00,0x00,0x00,
	0x00,0x00,0x00,0x00,0x00,0x00,0x00,0x00,0x00,0x00,0x00,0x00,0x00,0x00,0x00,0x00,
	0x00,0x00,0x00,0x00,0x00,0x00,0x00,0x00,0x00,0x00,0x00,0x00,0x00,0x00,0x00,0x00,

	0x00,0x00,0x00,0x00,0x00,0x00,0x00,0x00,0x00,0x00,0x00,0x00,0x00,0x00,0x00,0x00,
	0x00,0x00,0x00,0x00,0x00,0x00,0x00,0x00,0x00,0x00,0x00,0x00,0x00,0x00,0x00,0x00,
	0x00,0x00,0x00,0x00,0x00,0x00,0x00,0x00,0x00,0x00,0x00,0x00,0x00,0x00,0x00,0x00,
	0x4A,0x29,0x00,0x00,0x00,0x00,0x00,0x00,0x00,0x00,0x00,0x00,0x00,0x00,0x00,0x00,
	0x00,0x00,0x00,0x00,0x00,0x00,0x00,0x00,0x00,0x00,0x00,0x00,0x00,0x00,0x00,0x00,
	0x00,0x00,0x00,0x00,0x00,0x00,0x00,0x00,0x00,0x00,0x00,0x00,0x00,0x00,0x00,0x00,
	0x00,0x00,0x00,0x00,0x00,0x00,0x00,0x00,0x00,0x00,0x00,0x00,0x00,0x00,0x00,0x00,
	0x00,0x00,0x00,0x00,0x00,0x00,0x00,0x00,0x00,0x00,0x00,0x00,0x00,0x00,0x00,0x00,

	0x00,0x00,0x00,0x00,0x00,0x00,0x00,0x00,0x00,0x00,0x00,0x00,0x00,0x00,0x00,0x00,
	0x4A,0x29,0x00,0x00,0x00,0x00,0x00,0x00,0x00,0x00,0x00,0x00,0x00,0x00,0x00,0x00,
	0x00,0x00,0x00,0x00,0x00,0x00,0x00,0x00,0x00,0x00,0x00,0x00,0x00,0x00,0x00,0x00,
	0x00,0x00,0x00,0x00,0x00,0x00,0x00,0x00,0x00,0x00,0x00,0x00,0x00,0x00,0x00,0x00,
	0x63,0x0C,0x63,0x0C,0x63,0x0C,0x63,0x0C,0x63,0x0C,0x63,0x0C,0x63,0x0C,0x63,0x0C,
	0x63,0x0C,0x63,0x0C,0x63,0x0C,0x63,0x0C,0x63,0x0C,0x63,0x0C,0x63,0x0C,0x63,0x0C,
	0x63,0x0C,0x63,0x0C,0x63,0x0C,0x63,0x0C,0x63,0x0C,0x63,0x0C,0x63,0x0C,0x63,0x0C,
	0x4A,0x29,0x63,0x0C,0x63,0x0C,0x63,0x0C,0x63,0x0C,0x63,0x0C,0x63,0x0C,0x63,0x0C,

	0x63,0x0C,0x63,0x0C,0x63,0x0C,0x63,0x0C,0x63,0x0C,0x63,0x0C,0x63,0x0C,0x63,0x0C,
	0x63,0x0C,0x63,0x0C,0x63,0x0C,0x63,0x0C,0x63,0x0C,0x63,0x0C,0x63,0x0C,0x63,0x0C,
	0x63,0x0C,0x63,0x0C,0x63,0x0C,0x63,0x0C,0x63,0x0C,0x63,0x0C,0x63,0x0C,0x63,0x0C,
	0x63,0x0C,0x63,0x0C,0x63,0x0C,0x63,0x0C,0x63,0x0C,0x63,0x0C,0x63,0x0C,0x63,0x0C,
	0x63,0x0C,0x63,0x0C,0x63,0x0C,0x63,0x0C,0x63,0x0C,0x63,0x0C,0x63,0x0C,0x63,0x0C,
	0x4A,0x29,0x63,0x0C,0x63,0x0C,0x63,0x0C,0x63,0x0C,0x63,0x0C,0x63,0x0C,0x63,0x0C,
	0x63,0x0C,0x63,0x0C,0x63,0x0C,0x63,0x0C,0x63,0x0C,0x63,0x0C,0x63,0x0C,0x63,0x0C,
	0x63,0x0C,0x63,0x0C,0x63,0x0C,0x63,0x0C,0x63,0x0C,0x63,0x0C,0x63,0x0C,0x63,0x0C,

	0x63,0x0C,0x63,0x0C,0x63,0x0C,0x63,0x0C,0x63,0x0C,0x63,0x0C,0x63,0x0C,0x63,0x0C,
	0x63,0x0C,0x63,0x0C,0x63,0x0C,0x63,0x0C,0x63,0x0C,0x63,0x0C,0x63,0x0C,0x63,0x0C,
	0x63,0x0C,0x63,0x0C,0x63,0x0C,0x63,0x0C,0x63,0x0C,0x63,0x0C,0x63,0x0C,0x63,0x0C,
	0x4A,0x29,0x63,0x0C,0x63,0x0C,0x63,0x0C,0x63,0x0C,0x63,0x0C,0x63,0x0C,0x63,0x0C,
	0x63,0x0C,0x63,0x0C,0x63,0x0C,0x63,0x0C,0x63,0x0C,0x63,0x0C,0x63,0x0C,0x63,0x0C,
	0x63,0x0C,0x63,0x0C,0x63,0x0C,0x63,0x0C,0x63,0x0C,0x63,0x0C,0x63,0x0C,0x63,0x0C,
	0x63,0x0C,0x63,0x0C,0x63,0x0C,0x63,0x0C,0x63,0x0C,0x63,0x0C,0x63,0x0C,0x63,0x0C,
	0x63,0x0C,0x63,0x0C,0x63,0x0C,0x63,0x0C,0x63,0x0C,0x63,0x0C,0x63,0x0C,0x63,0x0C,

	0x63,0x0C,0x63,0x0C,0x63,0x0C,0x63,0x0C,0x63,0x0C,0x63,0x0C,0x63,0x0C,0x63,0x0C,
	0x4A,0x29,0x63,0x0C,0x63,0x0C,0x63,0x0C,0x63,0x0C,0x63,0x0C,0x63,0x0C,0x63,0x0C,
	0x63,0x0C,0x63,0x0C,0x63,0x0C,0x63,0x0C,0x63,0x0C,0x63,0x0C,0x63,0x0C,0x63,0x0C,
	0x63,0x0C,0x63,0x0C,0x63,0x0C,0x63,0x0C,0x63,0x0C,0x63,0x0C,0x63,0x0C,0x63,0x0C,
	0x63,0x0C,0x63,0x0C,0x63,0x0C,0x63,0x0C,0x63,0x0C,0x63,0x0C,0x63,0x0C,0x63,0x0C,
	0x63,0x0C,0x63,0x0C,0x63,0x0C,0x63,0x0C,0x63,0x0C,0x63,0x0C,0x63,0x0C,0x63,0x0C,
	0x63,0x0C,0x63,0x0C,0x63,0x0C,0x63,0x0C,0x63,0x0C,0x63,0x0C,0x63,0x0C,0x63,0x0C,
	0x4A,0x29,0x63,0x0C,0x63,0x0C,0x63,0x0C,0x63,0x0C,0x63,0x0C,0x63,0x0C,0x63,0x0C,

	0x63,0x0C,0x63,0x0C,0x63,0x0C,0x63,0x0C,0x63,0x0C,0x63,0x0C,0x63,0x0C,0x63,0x0C,
	0x63,0x0C,0x63,0x0C,0x63,0x0C,0x63,0x0C,0x63,0x0C,0x63,0x0C,0x63,0x0C,0x63,0x0C,
	0x00,0x00,0x00,0x00,0x00,0x00,0x00,0x00,0x00,0x00,0x00,0x00,0x00,0x00,0x00,0x00,
	0x00,0x00,0x00,0x00,0x00,0x00,0x00,0x00,0x00,0x00,0x00,0x00,0x00,0x00,0x00,0x00,
	0x00,0x00,0x00,0x00,0x00,0x00,0x00,0x00,0x00,0x00,0x00,0x00,0x00,0x00,0x00,0x00,
	0x4A,0x29,0x00,0x00,0x00,0x00,0x00,0x00,0x00,0x00,0x00,0x00,0x00,0x00,0x00,0x00,
	0x00,0x00,0x00,0x00,0x00,0x00,0x00,0x00,0x00,0x00,0x00,0x00,0x00,0x00,0x00,0x00,
	0x00,0x00,0x00,0x00,0x00,0x00,0x00,0x00,0x00,0x00,0x00,0x00,0x00,0x00,0x00,0x00,

	0x00,0x00,0x00,0x00,0x00,0x00,0x00,0x00,0x00,0x00,0x00,0x00,0x00,0x00,0x00,0x00,
	0x00,0x00,0x00,0x00,0x00,0x00,0x00,0x00,0x00,0x00,0x00,0x00,0x00,0x00,0x00,0x00,
	0x00,0x00,0x00,0x00,0x00,0x00,0x00,0x00,0x00,0x00,0x00,0x00,0x00,0x00,0x00,0x00,
	0x4A,0x29,0x00,0x00,0x00,0x00,0x00,0x00,0x00,0x00,0x00,0x00,0x00,0x00,0x00,0x00,
	0x00,0x00,0x00,0x00,0x00,0x00,0x00,0x00,0x00,0x00,0x00,0x00,0x00,0x00,0x00,0x00,
	0x00,0x00,0x00,0x00,0x00,0x00,0x00,0x00,0x00,0x00,0x00,0x00,0x00,0x00,0x00,0x00,
	0x00,0x00,0x00,0x00,0x00,0x00,0x00,0x00,0x00,0x00,0x00,0x00,0x00,0x00,0x00,0x00,
	0x00,0x00,0x00,0x00,0x00,0x00,0x00,0x00,0x00,0x00,0x00,0x00,0x00,0x00,0x00,0x00,

	0x00,0x00,0x00,0x00,0x00,0x00,0x00,0x00,0x00,0x00,0x00,0x00,0x00,0x00,0x00,0x00,
	0x4A,0x29,0x00,0x00,0x00,0x00,0x00,0x00,0x00,0x00,0x00,0x00,0x00,0x00,0x00,0x00,
	0x00,0x00,0x00,0x00,0x00,0x00,0x00,0x00,0x00,0x00,0x00,0x00,0x00,0x00,0x00,0x00,
	0x00,0x00,0x00,0x00,0x00,0x00,0x00,0x00,0x00,0x00,0x00,0x00,0x00,0x00,0x00,0x00,
	0x00,0x00,0x00,0x00,0x00,0x00,0x00,0x00,0x00,0x00,0x00,0x00,0x00,0x00,0x00,0x00,
	0x00,0x00,0x00,0x00,0x00,0x00,0x00,0x00,0x00,0x00,0x00,0x00,0x00,0x00,0x00,0x00,
	0x00,0x00,0x00,0x00,0x00,0x00,0x00,0x00,0x00,0x00,0x00,0x00,0x00,0x00,0x00,0x00,
	0x4A,0x29,0x00,0x00,0x00,0x00,0x00,0x00,0x00,0x00,0x00,0x00,0x00,0x00,0x00,0x00,

	0x00,0x00,0x00,0x00,0x00,0x00,0x00,0x00,0x00,0x00,0x00,0x00,0x00,0x00,0x00,0x00,
	0x00,0x00,0x00,0x00,0x00,0x00,0x00,0x00,0x00,0x00,0x00,0x00,0x00,0x00,0x00,0x00,
	0x00,0x00,0x00,0x00,0x00,0x00,0x00,0x00,0x00,0x00,0x00,0x00,0x00,0x00,0x00,0x00,
	0x00,0x00,0x00,0x00,0x00,0x00,0x00,0x00,0x00,0x00,0x00,0x00,0x00,0x00,0x00,0x00,
	0x00,0x00,0x00,0x00,0x00,0x00,0x00,0x00,0x00,0x00,0x00,0x00,0x00,0x00,0x00,0x00,
	0x4A,0x29,0x00,0x00,0x00,0x00,0x00,0x00,0x00,0x00,0x00,0x00,0x00,0x00,0x00,0x00,
	0x00,0x00,0x00,0x00,0x00,0x00,0x00,0x00,0x00,0x00,0x00,0x00,0x00,0x00,0x00,0x00,
	0x00,0x00,0x00,0x00,0x00,0x00,0x00,0x00,0x00,0x00,0x00,0x00,0x00,0x00,0x00,0x00,

	0x63,0x0C,0x63,0x0C,0x63,0x0C,0x63,0x0C,0x63,0x0C,0x63,0x0C,0x63,0x0C,0x63,0x0C,
	0x63,0x0C,0x63,0x0C,0x63,0x0C,0x63,0x0C,0x63,0x0C,0x63,0x0C,0x63,0x0C,0x63,0x0C,
	0x63,0x0C,0x63,0x0C,0x63,0x0C,0x63,0x0C,0x63,0x0C,0x63,0x0C,0x63,0x0C,0x63,0x0C,
	0x4A,0x29,0x63,0x0C,0x63,0x0C,0x63,0x0C,0x63,0x0C,0x63,0x0C,0x63,0x0C,0x63,0x0C,
	0x63,0x0C,0x63,0x0C,0x63,0x0C,0x63,0x0C,0x63,0x0C,0x63,0x0C,0x63,0x0C,0x63,0x0C,
	0x63,0x0C,0x63,0x0C,0x63,0x0C,0x63,0x0C,0x63,0x0C,0x63,0x0C,0x63,0x0C,0x63,0x0C,
	0x63,0x0C,0x63,0x0C,0x63,0x0C,0x63,0x0C,0x63,0x0C,0x63,0x0C,0x63,0x0C,0x63,0x0C,
	0x63,0x0C,0x63,0x0C,0x63,0x0C,0x63,0x0C,0x63,0x0C,0x63,0x0C,0x63,0x0C,0x63,0x0C,

	0x63,0x0C,0x63,0x0C,0x63,0x0C,0x63,0x0C,0x63,0x0C,0x63,0x0C,0x63,0x0C,0x63,0x0C,
	0x4A,0x29,0x63,0x0C,0x63,0x0C,0x63,0x0C,0x63,0x0C,0x63,0x0C,0x63,0x0C,0x63,0x0C,
	0x63,0x0C,0x63,0x0C,0x63,0x0C,0x63,0x0C,0x63,0x0C,0x63,0x0C,0x63,0x0C,0x63,0x0C,
	0x63,0x0C,0x63,0x0C,0x63,0x0C,0x63,0x0C,0x63,0x0C,0x63,0x0C,0x63,0x0C,0x63,0x0C,
	0x63,0x0C,0x63,0x0C,0x63,0x0C,0x63,0x0C,0x63,0x0C,0x63,0x0C,0x63,0x0C,0x63,0x0C,
	0x63,0x0C,0x63,0x0C,0x63,0x0C,0x63,0x0C,0x63,0x0C,0x63,0x0C,0x63,0x0C,0x63,0x0C,
	0x63,0x0C,0x63,0x0C,0x63,0x0C,0x63,0x0C,0x63,0x0C,0x63,0x0C,0x63,0x0C,0x63,0x0C,
	0x4A,0x29,0x63,0x0C,0x63,0x0C,0x63,0x0C,0x63,0x0C,0x63,0x0C,0x63,0x0C,0x63,0x0C,

	0x63,0x0C,0x63,0x0C,0x63,0x0C,0x63,0x0C,0x63,0x0C,0x63,0x0C,0x63,0x0C,0x63,0x0C,
	0x63,0x0C,0x63,0x0C,0x63,0x0C,0x63,0x0C,0x63,0x0C,0x63,0x0C,0x63,0x0C,0x63,0x0C,
	0x63,0x0C,0x63,0x0C,0x63,0x0C,0x63,0x0C,0x63,0x0C,0x63,0x0C,0x63,0x0C,0x63,0x0C,
	0x63,0x0C,0x63,0x0C,0x63,0x0C,0x63,0x0C,0x63,0x0C,0x63,0x0C,0x63,0x0C,0x63,0x0C,
	0x63,0x0C,0x63,0x0C,0x63,0x0C,0x63,0x0C,0x63,0x0C,0x63,0x0C,0x63,0x0C,0x63,0x0C,
	0x4A,0x29,0x63,0x0C,0x63,0x0C,0x63,0x0C,0x63,0x0C,0x63,0x0C,0x63,0x0C,0x63,0x0C,
	0x63,0x0C,0x63,0x0C,0x63,0x0C,0x63,0x0C,0x63,0x0C,0x63,0x0C,0x63,0x0C,0x63,0x0C,
	0x63,0x0C,0x63,0x0C,0x63,0x0C,0x63,0x0C,0x63,0x0C,0x63,0x0C,0x63,0x0C,0x63,0x0C,

	0x63,0x0C,0x63,0x0C,0x63,0x0C,0x63,0x0C,0x63,0x0C,0x63,0x0C,0x63,0x0C,0x63,0x0C,
	0x63,0x0C,0x63,0x0C,0x63,0x0C,0x63,0x0C,0x63,0x0C,0x63,0x0C,0x63,0x0C,0x63,0x0C,
	0x63,0x0C,0x63,0x0C,0x63,0x0C,0x63,0x0C,0x63,0x0C,0x63,0x0C,0x63,0x0C,0x63,0x0C,
	0x4A,0x29,0x63,0x0C,0x63,0x0C,0x63,0x0C,0x63,0x0C,0x63,0x0C,0x63,0x0C,0x63,0x0C,
	0x63,0x0C,0x63,0x0C,0x63,0x0C,0x63,0x0C,0x63,0x0C,0x63,0x0C,0x63,0x0C,0x63,0x0C,
	0x63,0x0C,0x63,0x0C,0x63,0x0C,0x63,0x0C,0x63,0x0C,0x63,0x0C,0x63,0x0C,0x63,0x0C,
	0x00,0x00,0x00,0x00,0x00,0x00,0x00,0x00,0x00,0x00,0x00,0x00,0x00,0x00,0x00,0x00,
	0x00,0x00,0x00,0x00,0x00,0x00,0x00,0x00,0x00,0x00,0x00,0x00,0x00,0x00,0x00,0x00,

	0x00,0x00,0x00,0x00,0x00,0x00,0x00,0x00,0x00,0x00,0x00,0x00,0x00,0x00,0x00,0x00,
	0x4A,0x29,0x00,0x00,0x00,0x00,0x00,0x00,0x00,0x00,0x00,0x00,0x00,0x00,0x00,0x00,
	0x00,0x00,0x00,0x00,0x00,0x00,0x00,0x00,0x00,0x00,0x00,0x00,0x00,0x00,0x00,0x00,
	0x00,0x00,0x00,0x00,0x00,0x00,0x00,0x00,0x00,0x00,0x00,0x00,0x00,0x00,0x00,0x00,
	0x00,0x00,0x00,0x00,0x00,0x00,0x00,0x00,0x00,0x00,0x00,0x00,0x00,0x00,0x00,0x00,
	0x00,0x00,0x00,0x00,0x00,0x00,0x00,0x00,0x00,0x00,0x00,0x00,0x00,0x00,0x00,0x00,
	0x00,0x00,0x00,0x00,0x00,0x00,0x00,0x00,0x00,0x00,0x00,0x00,0x00,0x00,0x00,0x00,
	0x4A,0x29,0x00,0x00,0x00,0x00,0x00,0x00,0x00,0x00,0x00,0x00,0x00,0x00,0x00,0x00,

	0x00,0x00,0x00,0x00,0x00,0x00,0x00,0x00,0x00,0x00,0x00,0x00,0x00,0x00,0x00,0x00,
	0x00,0x00,0x00,0x00,0x00,0x00,0x00,0x00,0x00,0x00,0x00,0x00,0x00,0x00,0x00,0x00,
	0x00,0x00,0x00,0x00,0x00,0x00,0x00,0x00,0x00,0x00,0x00,0x00,0x00,0x00,0x00,0x00,
	0x00,0x00,0x00,0x00,0x00,0x00,0x00,0x00,0x00,0x00,0x00,0x00,0x00,0x00,0x00,0x00,
	0x00,0x00,0x00,0x00,0x00,0x00,0x00,0x00,0x00,0x00,0x00,0x00,0x00,0x00,0x00,0x00,
	0x4A,0x29,0x00,0x00,0x00,0x00,0x00,0x00,0x00,0x00,0x00,0x00,0x00,0x00,0x00,0x00,
	0x00,0x00,0x00,0x00,0x00,0x00,0x00,0x00,0x00,0x00,0x00,0x00,0x00,0x00,0x00,0x00,
	0x00,0x00,0x00,0x00,0x00,0x00,0x00,0x00,0x00,0x00,0x00,0x00,0x00,0x00,0x00,0x00,

	0x00,0x00,0x00,0x00,0x00,0x00,0x00,0x00,0x00,0x00,0x00,0x00,0x00,0x00,0x00,0x00,
	0x00,0x00,0x00,0x00,0x00,0x00,0x00,0x00,0x00,0x00,0x00,0x00,0x00,0x00,0x00,0x00,
	0x00,0x00,0x00,0x00,0x00,0x00,0x00,0x00,0x00,0x00,0x00,0x00,0x00,0x00,0x00,0x00,
	0x4A,0x29,0x00,0x00,0x00,0x00,0x00,0x00,0x00,0x00,0x00,0x00,0x00,0x00,0x00,0x00,
	0x00,0x00,0x00,0x00,0x00,0x00,0x00,0x00,0x00,0x00,0x00,0x00,0x00,0x00,0x00,0x00,
	0x00,0x00,0x00,0x00,0x00,0x00,0x00,0x00,0x00,0x00,0x00,0x00,0x00,0x00,0x00,0x00,
	0x00,0x00,0x00,0x00,0x00,0x00,0x00,0x00,0x00,0x00,0x00,0x00,0x00,0x00,0x00,0x00,
	0x00,0x00,0x00,0x00,0x00,0x00,0x00,0x00,0x00,0x00,0x00,0x00,0x00,0x00,0x00,0x00,

	0x00,0x00,0x00,0x00,0x00,0x00,0x00,0x00,0x00,0x00,0x00,0x00,0x00,0x00,0x00,0x00,
	0x4A,0x29,0x00,0x00,0x00,0x00,0x00,0x00,0x00,0x00,0x00,0x00,0x00,0x00,0x00,0x00,
	0x00,0x00,0x00,0x00,0x00,0x00,0x00,0x00,0x00,0x00,0x00,0x00,0x00,0x00,0x00,0x00,
	0x00,0x00,0x00,0x00,0x00,0x00,0x00,0x00,0x00,0x00,0x00,0x00,0x00,0x00,0x00,0x00,
	0x63,0x0C,0x63,0x0C,0x63,0x0C,0x63,0x0C,0x63,0x0C,0x63,0x0C,0x63,0x0C,0x63,0x0C,
	0x63,0x0C,0x63,0x0C,0x63,0x0C,0x63,0x0C,0x63,0x0C,0x63,0x0C,0x63,0x0C,0x63,0x0C,
	0x63,0x0C,0x63,0x0C,0x63,0x0C,0x63,0x0C,0x63,0x0C,0x63,0x0C,0x63,0x0C,0x63,0x0C,
	0x4A,0x29,0x63,0x0C,0x63,0x0C,0x63,0x0C,0x63,0x0C,0x63,0x0C,0x63,0x0C,0x63,0x0C,

	0x63,0x0C,0x63,0x0C,0x63,0x0C,0x63,0x0C,0x63,0x0C,0x63,0x0C,0x63,0x0C,0x63,0x0C,
	0x63,0x0C,0x63,0x0C,0x63,0x0C,0x63,0x0C,0x63,0x0C,0x63,0x0C,0x63,0x0C,0x63,0x0C,
	0x63,0x0C,0x63,0x0C,0x63,0x0C,0x63,0x0C,0x63,0x0C,0x63,0x0C,0x63,0x0C,0x63,0x0C,
	0x63,0x0C,0x63,0x0C,0x63,0x0C,0x63,0x0C,0x63,0x0C,0x63,0x0C,0x63,0x0C,0x63,0x0C,
	0x63,0x0C,0x63,0x0C,0x63,0x0C,0x63,0x0C,0x63,0x0C,0x63,0x0C,0x63,0x0C,0x63,0x0C,
	0x4A,0x29,0x63,0x0C,0x63,0x0C,0x63,0x0C,0x63,0x0C,0x63,0x0C,0x63,0x0C,0x63,0x0C,
	0x63,0x0C,0x63,0x0C,0x63,0x0C,0x63,0x0C,0x63,0x0C,0x63,0x0C,0x63,0x0C,0x63,0x0C,
	0x63,0x0C,0x63,0x0C,0x63,0x0C,0x63,0x0C,0x63,0x0C,0x63,0x0C,0x63,0x0C,0x63,0x0C,

	0x63,0x0C,0x63,0x0C,0x63,0x0C,0x63,0x0C,0x63,0x0C,0x63,0x0C,0x63,0x0C,0x63,0x0C,
	0x63,0x0C,0x63,0x0C,0x63,0x0C,0x63,0x0C,0x63,0x0C,0x63,0x0C,0x63,0x0C,0x63,0x0C,
	0x63,0x0C,0x63,0x0C,0x63,0x0C,0x63,0x0C,0x63,0x0C,0x63,0x0C,0x63,0x0C,0x63,0x0C,
	0x4A,0x29,0x63,0x0C,0x63,0x0C,0x63,0x0C,0x63,0x0C,0x63,0x0C,0x63,0x0C,0x63,0x0C,
	0x63,0x0C,0x63,0x0C,0x63,0x0C,0x63,0x0C,0x63,0x0C,0x63,0x0C,0x63,0x0C,0x63,0x0C,
	0x63,0x0C,0x63,0x0C,0x63,0x0C,0x63,0x0C,0x63,0x0C,0x63,0x0C,0x63,0x0C,0x63,0x0C,
	0x63,0x0C,0x63,0x0C,0x63,0x0C,0x63,0x0C,0x63,0x0C,0x63,0x0C,0x63,0x0C,0x63,0x0C,
	0x63,0x0C,0x63,0x0C,0x63,0x0C,0x63,0x0C,0x63,0x0C,0x63,0x0C,0x63,0x0C,0x63,0x0C,

	0x63,0x0C,0x63,0x0C,0x63,0x0C,0x63,0x0C,0x63,0x0C,0x63,0x0C,0x63,0x0C,0x63,0x0C,
	0x4A,0x29,0x63,0x0C,0x63,0x0C,0x63,0x0C,0x63,0x0C,0x63,0x0C,0x63,0x0C,0x63,0x0C,
	0x63,0x0C,0x63,0x0C,0x63,0x0C,0x63,0x0C,0x63,0x0C,0x63,0x0C,0x63,0x0C,0x63,0x0C,
	0x63,0x0C,0x63,0x0C,0x63,0x0C,0x63,0x0C,0x63,0x0C,0x63,0x0C,0x63,0x0C,0x63,0x0C,
	0x63,0x0C,0x63,0x0C,0x63,0x0C,0x63,0x0C,0x63,0x0C,0x63,0x0C,0x63,0x0C,0x63,0x0C,
	0x63,0x0C,0x63,0x0C,0x63,0x0C,0x63,0x0C,0x63,0x0C,0x63,0x0C,0x63,0x0C,0x63,0x0C,
	0x63,0x0C,0x63,0x0C,0x63,0x0C,0x63,0x0C,0x63,0x0C,0x63,0x0C,0x63,0x0C,0x63,0x0C,
	0x4A,0x29,0x63,0x0C,0x63,0x0C,0x63,0x0C,0x63,0x0C,0x63,0x0C,0x63,0x0C,0x63,0x0C,

	0x63,0x0C,0x63,0x0C,0x63,0x0C,0x63,0x0C,0x63,0x0C,0x63,0x0C,0x63,0x0C,0x63,0x0C,
	0x63,0x0C,0x63,0x0C,0x63,0x0C,0x63,0x0C,0x63,0x0C,0x63,0x0C,0x63,0x0C,0x63,0x0C,
	0x00,0x00,0x00,0x00,0x00,0x00,0x00,0x00,0x00,0x00,0x00,0x00,0x00,0x00,0x00,0x00,
	0x00,0x00,0x00,0x00,0x00,0x00,0x00,0x00,0x00,0x00,0x00,0x00,0x00,0x00,0x00,0x00,
	0x00,0x00,0x00,0x00,0x00,0x00,0x00,0x00,0x00,0x00,0x00,0x00,0x00,0x00,0x00,0x00,
	0x4A,0x29,0x00,0x00,0x00,0x00,0x00,0x00,0x00,0x00,0x00,0x00,0x00,0x00,0x00,0x00,
	0x00,0x00,0x00,0x00,0x00,0x00,0x00,0x00,0x00,0x00,0x00,0x00,0x00,0x00,0x00,0x00,
	0x00,0x00,0x00,0x00,0x00,0x00,0x00,0x00,0x00,0x00,0x00,0x00,0x00,0x00,0x00,0x00,

	0x00,0x00,0x00,0x00,0x00,0x00,0x00,0x00,0x00,0x00,0x00,0x00,0x00,0x00,0x00,0x00,
	0x00,0x00,0x00,0x00,0x00,0x00,0x00,0x00,0x00,0x00,0x00,0x00,0x00,0x00,0x00,0x00,
	0x00,0x00,0x00,0x00,0x00,0x00,0x00,0x00,0x00,0x00,0x00,0x00,0x00,0x00,0x00,0x00,
	0x4A,0x29,0x00,0x00,0x00,0x00,0x00,0x00,0x00,0x00,0x00,0x00,0x00,0x00,0x00,0x00,
	0x00,0x00,0x00,0x00,0x00,0x00,0x00,0x00,0x00,0x00,0x00,0x00,0x00,0x00,0x00,0x00,
	0x00,0x00,0x00,0x00,0x00,0x00,0x00,0x00,0x00,0x00,0x00,0x00,0x00,0x00,0x00,0x00,
	0x00,0x00,0x00,0x00,0x00,0x00,0x00,0x00,0x00,0x00,0x00,0x00,0x00,0x00,0x00,0x00,
	0x00,0x00,0x00,0x00,0x00,0x00,0x00,0x00,0x00,0x00,0x00,0x00,0x00,0x00,0x00,0x00,

	0x00,0x00,0x00,0x00,0x00,0x00,0x00,0x00,0x00,0x00,0x00,0x00,0x00,0x00,0x00,0x00,
	0x4A,0x29,0x00,0x00,0x00,0x00,0x00,0x00,0x00,0x00,0x00,0x00,0x00,0x00,0x00,0x00,
	0x00,0x00,0x00,0x00,0x00,0x00,0x00,0x00,0x00,0x00,0x00,0x00,0x00,0x00,0x00,0x00,
	0x00,0x00,0x00,0x00,0x00,0x00,0x00,0x00,0x00,0x00,0x00,0x00,0x00,0x00,0x00,0x00,
	0x00,0x00,0x00,0x00,0x00,0x00,0x00,0x00,0x00,0x00,0x00,0x00,0x00,0x00,0x00,0x00,
	0x00,0x00,0x00,0x00,0x00,0x00,0x00,0x00,0x00,0x00,0x00,0x00,0x00,0x00,0x00,0x00,
	0x00,0x00,0x00,0x00,0x00,0x00,0x00,0x00,0x00,0x00,0x00,0x00,0x00,0x00,0x00,0x00,
	0x4A,0x29,0x00,0x00,0x00,0x00,0x00,0x00,0x00,0x00,0x00,0x00,0x00,0x00,0x00,0x00,

	0x00,0x00,0x00,0x00,0x00,0x00,0x00,0x00,0x00,0x00,0x00,0x00,0x00,0x00,0x00,0x00,
	0x00,0x00,0x00,0x00,0x00,0x00,0x00,0x00,0x00,0x00,0x00,0x00,0x00,0x00,0x00,0x00,
	0x00,0x00,0x00,0x00,0x00,0x00,0x00,0x00,0x00,0x00,0x00,0x00,0x00,0x00,0x00,0x00,
	0x00,0x00,0x00,0x00,0x00,0x00,0x00,0x00,0x00,0x00,0x00,0x00,0x00,0x00,0x00,0x00,
	0x00,0x00,0x00,0x00,0x00,0x00,0x00,0x00,0x00,0x00,0x00,0x00,0x00,0x00,0x00,0x00,
	0x4A,0x29,0x00,0x00,0x00,0x00,0x00,0x00,0x00,0x00,0x00,0x00,0x00,0x00,0x00,0x00,
	0x00,0x00,0x00,0x00,0x00,0x00,0x00,0x00,0x00,0x00,0x00,0x00,0x00,0x00,0x00,0x00,
	0x00,0x00,0x00,0x00,0x00,0x00,0x00,0x00,0x00,0x00,0x00,0x00,0x00,0x00,0x00,0x00,

	0x63,0x0C,0x63,0x0C,0x63,0x0C,0x63,0x0C,0x63,0x0C,0x63,0x0C,0x63,0x0C,0x63,0x0C,
	0x63,0x0C,0x63,0x0C,0x63,0x0C,0x63,0x0C,0x63,0x0C,0x63,0x0C,0x63,0x0C,0x63,0x0C,
	0x63,0x0C,0x63,0x0C,0x63,0x0C,0x63,0x0C,0x63,0x0C,0x63,0x0C,0x63,0x0C,0x63,0x0C,
	0x4A,0x29,0x63,0x0C,0x63,0x0C,0x63,0x0C,0x63,0x0C,0x63,0x0C,0x63,0x0C,0x63,0x0C,
	0x63,0x0C,0x63,0x0C,0x63,0x0C,0x63,0x0C,0x63,0x0C,0x63,0x0C,0x63,0x0C,0x63,0x0C,
	0x63,0x0C,0x63,0x0C,0x63,0x0C,0x63,0x0C,0x63,0x0C,0x63,0x0C,0x63,0x0C,0x63,0x0C,
	0x63,0x0C,0x63,0x0C,0x63,0x0C,0x63,0x0C,0x63,0x0C,0x63,0x0C,0x63,0x0C,0x63,0x0C,
	0x63,0x0C,0x63,0x0C,0x63,0x0C,0x63,0x0C,0x63,0x0C,0x63,0x0C,0x63,0x0C,0x63,0x0C,

	0x63,0x0C,0x63,0x0C,0x63,0x0C,0x63,0x0C,0x63,0x0C,0x63,0x0C,0x63,0x0C,0x63,0x0C,
	0x4A,0x29,0x63,0x0C,0x63,0x0C,0x63,0x0C,0x63,0x0C,0x63,0x0C,0x63,0x0C,0x63,0x0C,
	0x63,0x0C,0x63,0x0C,0x63,0x0C,0x63,0x0C,0x63,0x0C,0x63,0x0C,0x63,0x0C,0x63,0x0C,
	0x63,0x0C,0x63,0x0C,0x63,0x0C,0x63,0x0C,0x63,0x0C,0x63,0x0C,0x63,0x0C,0x63,0x0C,
	0x63,0x0C,0x63,0x0C,0x63,0x0C,0x63,0x0C,0x63,0x0C,0x63,0x0C,0x63,0x0C,0x63,0x0C,
	0x63,0x0C,0x63,0x0C,0x63,0x0C,0x63,0x0C,0x63,0x0C,0x63,0x0C,0x63,0x0C,0x63,0x0C,
	0x63,0x0C,0x63,0x0C,0x63,0x0C,0x63,0x0C,0x63,0x0C,0x63,0x0C,0x63,0x0C,0x63,0x0C,
	0x4A,0x29,0x63,0x0C,0x63,0x0C,0x63,0x0C,0x63,0x0C,0x63,0x0C,0x63,0x0C,0x63,0x0C,

	0x63,0x0C,0x63,0x0C,0x63,0x0C,0x63,0x0C,0x63,0x0C,0x63,0x0C,0x63,0x0C,0x63,0x0C,
	0x63,0x0C,0x63,0x0C,0x63,0x0C,0x63,0x0C,0x63,0x0C,0x63,0x0C,0x63,0x0C,0x63,0x0C,
	0x63,0x0C,0x63,0x0C,0x63,0x0C,0x63,0x0C,0x63,0x0C,0x63,0x0C,0x63,0x0C,0x63,0x0C,
	0x63,0x0C,0x63,0x0C,0x63,0x0C,0x63,0x0C,0x63,0x0C,0x63,0x0C,0x63,0x0C,0x63,0x0C,
	0x63,0x0C,0x63,0x0C,0x63,0x0C,0x63,0x0C,0x63,0x0C,0x63,0x0C,0x63,0x0C,0x63,0x0C,
	0x4A,0x29,0x63,0x0C,0x63,0x0C,0x63,0x0C,0x63,0x0C,0x63,0x0C,0x63,0x0C,0x63,0x0C,
	0x63,0x0C,0x63,0x0C,0x63,0x0C,0x63,0x0C,0x63,0x0C,0x63,0x0C,0x63,0x0C,0x63,0x0C,
	0x63,0x0C,0x63,0x0C,0x63,0x0C,0x63,0x0C,0x63,0x0C,0x63,0x0C,0x63,0x0C,0x63,0x0C,

	0x63,0x0C,0x63,0x0C,0x63,0x0C,0x63,0x0C,0x63,0x0C,0x63,0x0C,0x63,0x0C,0x63,0x0C,
	0x63,0x0C,0x63,0x0C,0x63,0x0C,0x63,0x0C,0x63,0x0C,0x63,0x0C,0x63,0x0C,0x63,0x0C,
	0x63,0x0C,0x63,0x0C,0x63,0x0C,0x63,0x0C,0x63,0x0C,0x63,0x0C,0x63,0x0C,0x63,0x0C,
	0x4A,0x29,0x63,0x0C,0x63,0x0C,0x63,0x0C,0x63,0x0C,0x63,0x0C,0x63,0x0C,0x63,0x0C,
	0x63,0x0C,0x63,0x0C,0x63,0x0C,0x63,0x0C,0x63,0x0C,0x63,0x0C,0x63,0x0C,0x63,0x0C,
	0x63,0x0C,0x63,0x0C,0x63,0x0C,0x63,0x0C,0x63,0x0C,0x63,0x0C,0x63,0x0C,0x63,0x0C,
	0x00,0x00,0x00,0x00,0x00,0x00,0x00,0x00,0x00,0x00,0x00,0x00,0x00,0x00,0x00,0x00,
	0x00,0x00,0x00,0x00,0x00,0x00,0x00,0x00,0x00,0x00,0x00,0x00,0x00,0x00,0x00,0x00,

	0x00,0x00,0x00,0x00,0x00,0x00,0x00,0x00,0x00,0x00,0x00,0x00,0x00,0x00,0x00,0x00,
	0x4A,0x29,0x00,0x00,0x00,0x00,0x00,0x00,0x00,0x00,0x00,0x00,0x00,0x00,0x00,0x00,
	0x00,0x00,0x00,0x00,0x00,0x00,0x00,0x00,0x00,0x00,0x00,0x00,0x00,0x00,0x00,0x00,
	0x00,0x00,0x00,0x00,0x00,0x00,0x00,0x00,0x00,0x00,0x00,0x00,0x00,0x00,0x00,0x00,
	0x00,0x00,0x00,0x00,0x00,0x00,0x00,0x00,0x00,0x00,0x00,0x00,0x00,0x00,0x00,0x00,
	0x00,0x00,0x00,0x00,0x00,0x00,0x00,0x00,0x00,0x00,0x00,0x00,0x00,0x00,0x00,0x00,
	0x00,0x00,0x00,0x00,0x00,0x00,0x00,0x00,0x00,0x00,0x00,0x00,0x00,0x00,0x00,0x00,
	0x4A,0x29,0x00,0x00,0x00,0x00,0x00,0x00,0x00,0x00,0x00,0x00,0x00,0x00,0x00,0x00,

	0x00,0x00,0x00,0x00,0x00,0x00,0x00,0x00,0x00,0x00,0x00,0x00,0x00,0x00,0x00,0x00,
	0x00,0x00,0x00,0x00,0x00,0x00,0x00,0x00,0x00,0x00,0x00,0x00,0x00,0x00,0x00,0x00,
	0x00,0x00,0x00,0x00,0x00,0x00,0x00,0x00,0x00,0x00,0x00,0x00,0x00,0x00,0x00,0x00,
	0x00,0x00,0x00,0x00,0x00,0x00,0x00,0x00,0x00,0x00,0x00,0x00,0x00,0x00,0x00,0x00,
	0x00,0x00,0x00,0x00,0x00,0x00,0x00,0x00,0x00,0x00,0x00,0x00,0x00,0x00,0x00,0x00,
	0x4A,0x29,0x00,0x00,0x00,0x00,0x00,0x00,0x00,0x00,0x00,0x00,0x00,0x00,0x00,0x00,
	0x00,0x00,0x00,0x00,0x00,0x00,0x00,0x00,0x00,0x00,0x00,0x00,0x00,0x00,0x00,0x00,
	0x00,0x00,0x00,0x00,0x00,0x00,0x00,0x00,0x00,0x00,0x00,0x00,0x00,0x00,0x00,0x00,

	0x00,0x00,0x00,0x00,0x00,0x00,0x00,0x00,0x00,0x00,0x00,0x00,0x00,0x00,0x00,0x00,
	0x00,0x00,0x00,0x00,0x00,0x00,0x00,0x00,0x00,0x00,0x00,0x00,0x00,0x00,0x00,0x00,
	0x00,0x00,0x00,0x00,0x00,0x00,0x00,0x00,0x00,0x00,0x00,0x00,0x00,0x00,0x00,0x00,
	0x4A,0x29,0x00,0x00,0x00,0x00,0x00,0x00,0x00,0x00,0x00,0x00,0x00,0x00,0x00,0x00,
	0x00,0x00,0x00,0x00,0x00,0x00,0x00,0x00,0x00,0x00,0x00,0x00,0x00,0x00,0x00,0x00,
	0x00,0x00,0x00,0x00,0x00,0x00,0x00,0x00,0x00,0x00,0x00,0x00,0x00,0x00,0x00,0x00,
	0x00,0x00,0x00,0x00,0x00,0x00,0x00,0x00,0x00,0x00,0x00,0x00,0x00,0x00,0x00,0x00,
	0x00,0x00,0x00,0x00,0x00,0x00,0x00,0x00,0x00,0x00,0x00,0x00,0x00,0x00,0x00,0x00,

	0x00,0x00,0x00,0x00,0x00,0x00,0x00,0x00,0x00,0x00,0x00,0x00,0x00,0x00,0x00,0x00,
	0x4A,0x29,0x00,0x00,0x00,0x00,0x00,0x00,0x00,0x00,0x00,0x00,0x00,0x00,0x00,0x00,
	0x00,0x00,0x00,0x00,0x00,0x00,0x00,0x00,0x00,0x00,0x00,0x00,0x00,0x00,0x00,0x00,
	0x00,0x00,0x00,0x00,0x00,0x00,0x00,0x00,0x00,0x00,0x00,0x00,0x00,0x00,0x00,0x00,
	0x63,0x0C,0x63,0x0C,0x63,0x0C,0x63,0x0C,0x63,0x0C,0x63,0x0C,0x63,0x0C,0x63,0x0C,
	0x63,0x0C,0x63,0x0C,0x63,0x0C,0x63,0x0C,0x63,0x0C,0x63,0x0C,0x63,0x0C,0x63,0x0C,
	0x63,0x0C,0x63,0x0C,0x63,0x0C,0x63,0x0C,0x63,0x0C,0x63,0x0C,0x63,0x0C,0x63,0x0C,
	0x4A,0x29,0x63,0x0C,0x63,0x0C,0x63,0x0C,0x63,0x0C,0x63,0x0C,0x63,0x0C,0x63,0x0C,

	0x63,0x0C,0x63,0x0C,0x63,0x0C,0x63,0x0C,0x63,0x0C,0x63,0x0C,0x63,0x0C,0x63,0x0C,
	0x63,0x0C,0x63,0x0C,0x63,0x0C,0x63,0x0C,0x63,0x0C,0x63,0x0C,0x63,0x0C,0x63,0x0C,
	0x63,0x0C,0x63,0x0C,0x63,0x0C,0x63,0x0C,0x63,0x0C,0x63,0x0C,0x63,0x0C,0x63,0x0C,
	0x63,0x0C,0x63,0x0C,0x63,0x0C,0x63,0x0C,0x63,0x0C,0x63,0x0C,0x63,0x0C,0x63,0x0C,
	0x63,0x0C,0x63,0x0C,0x63,0x0C,0x63,0x0C,0x63,0x0C,0x63,0x0C,0x63,0x0C,0x63,0x0C,
	0x4A,0x29,0x63,0x0C,0x63,0x0C,0x63,0x0C,0x63,0x0C,0x63,0x0C,0x63,0x0C,0x63,0x0C,
	0x63,0x0C,0x63,0x0C,0x63,0x0C,0x63,0x0C,0x63,0x0C,0x63,0x0C,0x63,0x0C,0x63,0x0C,
	0x63,0x0C,0x63,0x0C,0x63,0x0C,0x63,0x0C,0x63,0x0C,0x63,0x0C,0x63,0x0C,0x63,0x0C,

	0x63,0x0C,0x63,0x0C,0x63,0x0C,0x63,0x0C,0x63,0x0C,0x63,0x0C,0x63,0x0C,0x63,0x0C,
	0x63,0x0C,0x63,0x0C,0x63,0x0C,0x63,0x0C,0x63,0x0C,0x63,0x0C,0x63,0x0C,0x63,0x0C,
	0x63,0x0C,0x63,0x0C,0x63,0x0C,0x63,0x0C,0x63,0x0C,0x63,0x0C,0x63,0x0C,0x63,0x0C,
	0x4A,0x29,0x63,0x0C,0x63,0x0C,0x63,0x0C,0x63,0x0C,0x63,0x0C,0x63,0x0C,0x63,0x0C,
	0x63,0x0C,0x63,0x0C,0x63,0x0C,0x63,0x0C,0x63,0x0C,0x63,0x0C,0x63,0x0C,0x63,0x0C,
	0x63,0x0C,0x63,0x0C,0x63,0x0C,0x63,0x0C,0x63,0x0C,0x63,0x0C,0x63,0x0C,0x63,0x0C,
	0x63,0x0C,0x63,0x0C,0x63,0x0C,0x63,0x0C,0x63,0x0C,0x63,0x0C,0x63,0x0C,0x63,0x0C,
	0x63,0x0C,0x63,0x0C,0x63,0x0C,0x63,0x0C,0x63,0x0C,0x63,0x0C,0x63,0x0C,0x63,0x0C,

	0x63,0x0C,0x63,0x0C,0x63,0x0C,0x63,0x0C,0x63,0x0C,0x63,0x0C,0x63,0x0C,0x63,0x0C,
	0x4A,0x29,0x63,0x0C,0x63,0x0C,0x63,0x0C,0x63,0x0C,0x63,0x0C,0x63,0x0C,0x63,0x0C,
	0x63,0x0C,0x63,0x0C,0x63,0x0C,0x63,0x0C,0x63,0x0C,0x63,0x0C,0x63,0x0C,0x63,0x0C,
	0x63,0x0C,0x63,0x0C,0x63,0x0C,0x63,0x0C,0x63,0x0C,0x63,0x0C,0x63,0x0C,0x63,0x0C,
	0x63,0x0C,0x63,0x0C,0x63,0x0C,0x63,0x0C,0x63,0x0C,0x63,0x0C,0x63,0x0C,0x63,0x0C,
	0x63,0x0C,0x63,0x0C,0x63,0x0C,0x63,0x0C,0x63,0x0C,0x63,0x0C,0x63,0x0C,0x63,0x0C,
	0x63,0x0C,0x63,0x0C,0x63,0x0C,0x63,0x0C,0x63,0x0C,0x63,0x0C,0x63,0x0C,0x63,0x0C,
	0x4A,0x29,0x63,0x0C,0x63,0x0C,0x63,0x0C,0x63,0x0C,0x63,0x0C,0x63,0x0C,0x63,0x0C,

	0x63,0x0C,0x63,0x0C,0x63,0x0C,0x63,0x0C,0x63,0x0C,0x63,0x0C,0x63,0x0C,0x63,0x0C,
	0x63,0x0C,0x63,0x0C,0x63,0x0C,0x63,0x0C,0x63,0x0C,0x63,0x0C,0x63,0x0C,0x63,0x0C,
	0x00,0x00,0x00,0x00,0x00,0x00,0x00,0x00,0x00,0x00,0x00,0x00,0x00,0x00,0x00,0x00,
	0x00,0x00,0x00,0x00,0x00,0x00,0x00,0x00,0x00,0x00,0x00,0x00,0x00,0x00,0x00,0x00,
	0x00,0x00,0x00,0x00,0x00,0x00,0x00,0x00,0x00,0x00,0x00,0x00,0x00,0x00,0x00,0x00,
	0x4A,0x29,0x00,0x00,0x00,0x00,0x00,0x00,0x00,0x00,0x00,0x00,0x00,0x00,0x00,0x00,
	0x00,0x00,0x00,0x00,0x00,0x00,0x00,0x00,0x00,0x00,0x00,0x00,0x00,0x00,0x00,0x00,
	0x00,0x00,0x00,0x00,0x00,0x00,0x00,0x00,0x00,0x00,0x00,0x00,0x00,0x00,0x00,0x00,

	0x00,0x00,0x00,0x00,0x00,0x00,0x00,0x00,0x00,0x00,0x00,0x00,0x00,0x00,0x00,0x00,
	0x00,0x00,0x00,0x00,0x00,0x00,0x00,0x00,0x00,0x00,0x00,0x00,0x00,0x00,0x00,0x00,
	0x00,0x00,0x00,0x00,0x00,0x00,0x00,0x00,0x00,0x00,0x00,0x00,0x00,0x00,0x00,0x00,
	0x4A,0x29,0x00,0x00,0x00,0x00,0x00,0x00,0x00,0x00,0x00,0x00,0x00,0x00,0x00,0x00,
	0x00,0x00,0x00,0x00,0x00,0x00,0x00,0x00,0x00,0x00,0x00,0x00,0x00,0x00,0x00,0x00,
	0x00,0x00,0x00,0x00,0x00,0x00,0x00,0x00,0x00,0x00,0x00,0x00,0x00,0x00,0x00,0x00,
	0x00,0x00,0x00,0x00,0x00,0x00,0x00,0x00,0x00,0x00,0x00,0x00,0x00,0x00,0x00,0x00,
	0x00,0x00,0x00,0x00,0x00,0x00,0x00,0x00,0x00,0x00,0x00,0x00,0x00,0x00,0x00,0x00,

	0x00,0x00,0x00,0x00,0x00,0x00,0x00,0x00,0x00,0x00,0x00,0x00,0x00,0x00,0x00,0x00,
	0x4A,0x29,0x00,0x00,0x00,0x00,0x00,0x00,0x00,0x00,0x00,0x00,0x00,0x00,0x00,0x00,
	0x00,0x00,0x00,0x00,0x00,0x00,0x00,0x00,0x00,0x00,0x00,0x00,0x00,0x00,0x00,0x00,
	0x00,0x00,0x00,0x00,0x00,0x00,0x00,0x00,0x00,0x00,0x00,0x00,0x00,0x00,0x00,0x00,
	0x00,0x00,0x00,0x00,0x00,0x00,0x00,0x00,0x00,0x00,0x00,0x00,0x00,0x00,0x00,0x00,
	0x00,0x00,0x00,0x00,0x00,0x00,0x00,0x00,0x00,0x00,0x00,0x00,0x00,0x00,0x00,0x00,
	0x00,0x00,0x00,0x00,0x00,0x00,0x00,0x00,0x00,0x00,0x00,0x00,0x00,0x00,0x00,0x00,
	0x4A,0x29,0x00,0x00,0x00,0x00,0x00,0x00,0x00,0x00,0x00,0x00,0x00,0x00,0x00,0x00,

	0x00,0x00,0x00,0x00,0x00,0x00,0x00,0x00,0x00,0x00,0x00,0x00,0x00,0x00,0x00,0x00,
	0x00,0x00,0x00,0x00,0x00,0x00,0x00,0x00,0x00,0x00,0x00,0x00,0x00,0x00,0x00,0x00,
	0x00,0x00,0x00,0x00,0x00,0x00,0x00,0x00,0x00,0x00,0x00,0x00,0x00,0x00,0x00,0x00,
	0x00,0x00,0x00,0x00,0x00,0x00,0x00,0x00,0x00,0x00,0x00,0x00,0x00,0x00,0x00,0x00,
	0x00,0x00,0x00,0x00,0x00,0x00,0x00,0x00,0x00,0x00,0x00,0x00,0x00,0x00,0x00,0x00,
	0x4A,0x29,0x00,0x00,0x00,0x00,0x00,0x00,0x00,0x00,0x00,0x00,0x00,0x00,0x00,0x00,
	0x00,0x00,0x00,0x00,0x00,0x00,0x00,0x00,0x00,0x00,0x00,0x00,0x00,0x00,0x00,0x00,
	0x00,0x00,0x00,0x00,0x00,0x00,0x00,0x00,0x00,0x00,0x00,0x00,0x00,0x00,0x00,0x00,

	0x63,0x0C,0x63,0x0C,0x63,0x0C,0x63,0x0C,0x63,0x0C,0x63,0x0C,0x63,0x0C,0x63,0x0C,
	0x63,0x0C,0x63,0x0C,0x63,0x0C,0x63,0x0C,0x63,0x0C,0x63,0x0C,0x63,0x0C,0x63,0x0C,
	0x63,0x0C,0x63,0x0C,0x63,0x0C,0x63,0x0C,0x63,0x0C,0x63,0x0C,0x63,0x0C,0x63,0x0C,
	0x4A,0x29,0x63,0x0C,0x63,0x0C,0x63,0x0C,0x63,0x0C,0x63,0x0C,0x63,0x0C,0x63,0x0C,
	0x63,0x0C,0x63,0x0C,0x63,0x0C,0x63,0x0C,0x63,0x0C,0x63,0x0C,0x63,0x0C,0x63,0x0C,
	0x63,0x0C,0x63,0x0C,0x63,0x0C,0x63,0x0C,0x63,0x0C,0x63,0x0C,0x63,0x0C,0x63,0x0C,
	0x63,0x0C,0x63,0x0C,0x63,0x0C,0x63,0x0C,0x63,0x0C,0x63,0x0C,0x63,0x0C,0x63,0x0C,
	0x63,0x0C,0x63,0x0C,0x63,0x0C,0x63,0x0C,0x63,0x0C,0x63,0x0C,0x63,0x0C,0x63,0x0C,

	0x63,0x0C,0x63,0x0C,0x63,0x0C,0x63,0x0C,0x63,0x0C,0x63,0x0C,0x63,0x0C,0x63,0x0C,
	0x4A,0x29,0x63,0x0C,0x63,0x0C,0x63,0x0C,0x63,0x0C,0x63,0x0C,0x63,0x0C,0x63,0x0C,
	0x63,0x0C,0x63,0x0C,0x63,0x0C,0x63,0x0C,0x63,0x0C,0x63,0x0C,0x63,0x0C,0x63,0x0C,
	0x63,0x0C,0x63,0x0C,0x63,0x0C,0x63,0x0C,0x63,0x0C,0x63,0x0C,0x63,0x0C,0x63,0x0C,
	0x63,0x0C,0x63,0x0C,0x63,0x0C,0x63,0x0C,0x63,0x0C,0x63,0x0C,0x63,0x0C,0x63,0x0C,
	0x63,0x0C,0x63,0x0C,0x63,0x0C,0x63,0x0C,0x63,0x0C,0x63,0x0C,0x63,0x0C,0x63,0x0C,
	0x63,0x0C,0x63,0x0C,0x63,0x0C,0x63,0x0C,0x63,0x0C,0x63,0x0C,0x63,0x0C,0x63,0x0C,
	0x4A,0x29,0x63,0x0C,0x63,0x0C,0x63,0x0C,0x63,0x0C,0x63,0x0C,0x63,0x0C,0x63,0x0C,

	0x63,0x0C,0x63,0x0C,0x63,0x0C,0x63,0x0C,0x63,0x0C,0x63,0x0C,0x63,0x0C,0x63,0x0C,
	0x63,0x0C,0x63,0x0C,0x63,0x0C,0x63,0x0C,0x63,0x0C,0x63,0x0C,0x63,0x0C,0x63,0x0C,
	0x63,0x0C,0x63,0x0C,0x63,0x0C,0x63,0x0C,0x63,0x0C,0x63,0x0C,0x63,0x0C,0x63,0x0C,
	0x63,0x0C,0x63,0x0C,0x63,0x0C,0x63,0x0C,0x63,0x0C,0x63,0x0C,0x63,0x0C,0x63,0x0C,
	0x63,0x0C,0x63,0x0C,0x63,0x0C,0x63,0x0C,0x63,0x0C,0x63,0x0C,0x63,0x0C,0x63,0x0C,
	0x4A,0x29,0x63,0x0C,0x63,0x0C,0x63,0x0C,0x63,0x0C,0x63,0x0C,0x63,0x0C,0x63,0x0C,
	0x63,0x0C,0x63,0x0C,0x63,0x0C,0x63,0x0C,0x63,0x0C,0x63,0x0C,0x63,0x0C,0x63,0x0C,
	0x63,0x0C,0x63,0x0C,0x63,0x0C,0x63,0x0C,0x63,0x0C,0x63,0x0C,0x63,0x0C,0x63,0x0C,

	0x63,0x0C,0x63,0x0C,0x63,0x0C,0x63,0x0C,0x63,0x0C,0x63,0x0C,0x63,0x0C,0x63,0x0C,
	0x63,0x0C,0x63,0x0C,0x63,0x0C,0x63,0x0C,0x63,0x0C,0x63,0x0C,0x63,0x0C,0x63,0x0C,
	0x63,0x0C,0x63,0x0C,0x63,0x0C,0x63,0x0C,0x63,0x0C,0x63,0x0C,0x63,0x0C,0x63,0x0C,
	0x4A,0x29,0x63,0x0C,0x63,0x0C,0x63,0x0C,0x63,0x0C,0x63,0x0C,0x63,0x0C,0x63,0x0C,
	0x63,0x0C,0x63,0x0C,0x63,0x0C,0x63,0x0C,0x63,0x0C,0x63,0x0C,0x63,0x0C,0x63,0x0C,
	0x63,0x0C,0x63,0x0C,0x63,0x0C,0x63,0x0C,0x63,0x0C,0x63,0x0C,0x63,0x0C,0x63,0x0C,
	0x00,0x00,0x00,0x00,0x00,0x00,0x00,0x00,0x00,0x00,0x00,0x00,0x00,0x00,0x00,0x00,
	0x00,0x00,0x00,0x00,0x00,0x00,0x00,0x00,0x00,0x00,0x00,0x00,0x00,0x00,0x00,0x00,

	0x00,0x00,0x00,0x00,0x00,0x00,0x00,0x00,0x00,0x00,0x00,0x00,0x00,0x00,0x00,0x00,
	0x4A,0x29,0x00,0x00,0x00,0x00,0x00,0x00,0x00,0x00,0x00,0x00,0x00,0x00,0x00,0x00,
	0x00,0x00,0x00,0x00,0x00,0x00,0x00,0x00,0x00,0x00,0x00,0x00,0x00,0x00,0x00,0x00,
	0x00,0x00,0x00,0x00,0x00,0x00,0x00,0x00,0x00,0x00,0x00,0x00,0x00,0x00,0x00,0x00,
	0x00,0x00,0x00,0x00,0x00,0x00,0x00,0x00,0x00,0x00,0x00,0x00,0x00,0x00,0x00,0x00,
	0x00,0x00,0x00,0x00,0x00,0x00,0x00,0x00,0x00,0x00,0x00,0x00,0x00,0x00,0x00,0x00,
	0x00,0x00,0x00,0x00,0x00,0x00,0x00,0x00,0x00,0x00,0x00,0x00,0x00,0x00,0x00,0x00,
	0x4A,0x29,0x00,0x00,0x00,0x00,0x00,0x00,0x00,0x00,0x00,0x00,0x00,0x00,0x00,0x00,

	0x00,0x00,0x00,0x00,0x00,0x00,0x00,0x00,0x00,0x00,0x00,0x00,0x00,0x00,0x00,0x00,
	0x00,0x00,0x00,0x00,0x00,0x00,0x00,0x00,0x00,0x00,0x00,0x00,0x00,0x00,0x00,0x00,
	0x00,0x00,0x00,0x00,0x00,0x00,0x00,0x00,0x00,0x00,0x00,0x00,0x00,0x00,0x00,0x00,
	0x00,0x00,0x00,0x00,0x00,0x00,0x00,0x00,0x00,0x00,0x00,0x00,0x00,0x00,0x00,0x00,
	0x00,0x00,0x00,0x00,0x00,0x00,0x00,0x00,0x00,0x00,0x00,0x00,0x00,0x00,0x00,0x00,
	0x4A,0x29,0x00,0x00,0x00,0x00,0x00,0x00,0x00,0x00,0x00,0x00,0x00,0x00,0x00,0x00,
	0x00,0x00,0x00,0x00,0x00,0x00,0x00,0x00,0x00,0x00,0x00,0x00,0x00,0x00,0x00,0x00,
	0x00,0x00,0x00,0x00,0x00,0x00,0x00,0x00,0x00,0x00,0x00,0x00,0x00,0x00,0x00,0x00,

	0x00,0x00,0x00,0x00,0x00,0x00,0x00,0x00,0x00,0x00,0x00,0x00,0x00,0x00,0x00,0x00,
	0x00,0x00,0x00,0x00,0x00,0x00,0x00,0x00,0x00,0x00,0x00,0x00,0x00,0x00,0x00,0x00,
	0x00,0x00,0x00,0x00,0x00,0x00,0x00,0x00,0x00,0x00,0x00,0x00,0x00,0x00,0x00,0x00,
	0x4A,0x29,0x00,0x00,0x00,0x00,0x00,0x00,0x00,0x00,0x00,0x00,0x00,0x00,0x00,0x00,
	0x00,0x00,0x00,0x00,0x00,0x00,0x00,0x00,0x00,0x00,0x00,0x00,0x00,0x00,0x00,0x00,
	0x00,0x00,0x00,0x00,0x00,0x00,0x00,0x00,0x00,0x00,0x00,0x00,0x00,0x00,0x00,0x00,
	0x00,0x00,0x00,0x00,0x00,0x00,0x00,0x00,0x00,0x00,0x00,0x00,0x00,0x00,0x00,0x00,
	0x00,0x00,0x00,0x00,0x00,0x00,0x00,0x00,0x00,0x00,0x00,0x00,0x00,0x00,0x00,0x00,

	0x00,0x00,0x00,0x00,0x00,0x00,0x00,0x00,0x00,0x00,0x00,0x00,0x00,0x00,0x00,0x00,
	0x4A,0x29,0x00,0x00,0x00,0x00,0x00,0x00,0x00,0x00,0x00,0x00,0x00,0x00,0x00,0x00,
	0x00,0x00,0x00,0x00,0x00,0x00,0x00,0x00,0x00,0x00,0x00,0x00,0x00,0x00,0x00,0x00,
	0x00,0x00,0x00,0x00,0x00,0x00,0x00,0x00,0x00,0x00,0x00,0x00,0x00,0x00,0x00,0x00,
	0x63,0x0C,0x63,0x0C,0x63,0x0C,0x63,0x0C,0x63,0x0C,0x63,0x0C,0x63,0x0C,0x63,0x0C,
	0x63,0x0C,0x63,0x0C,0x63,0x0C,0x63,0x0C,0x63,0x0C,0x63,0x0C,0x63,0x0C,0x63,0x0C,
	0x63,0x0C,0x63,0x0C,0x63,0x0C,0x63,0x0C,0x63,0x0C,0x63,0x0C,0x63,0x0C,0x63,0x0C,
	0x4A,0x29,0x63,0x0C,0x63,0x0C,0x63,0x0C,0x63,0x0C,0x63,0x0C,0x63,0x0C,0x63,0x0C,

	0x63,0x0C,0x63,0x0C,0x63,0x0C,0x63,0x0C,0x63,0x0C,0x63,0x0C,0x63,0x0C,0x63,0x0C,
	0x63,0x0C,0x63,0x0C,0x63,0x0C,0x63,0x0C,0x63,0x0C,0x63,0x0C,0x63,0x0C,0x63,0x0C,
	0x63,0x0C,0x63,0x0C,0x63,0x0C,0x63,0x0C,0x63,0x0C,0x63,0x0C,0x63,0x0C,0x63,0x0C,
	0x63,0x0C,0x63,0x0C,0x63,0x0C,0x63,0x0C,0x63,0x0C,0x63,0x0C,0x63,0x0C,0x63,0x0C,
	0x63,0x0C,0x63,0x0C,0x63,0x0C,0x63,0x0C,0x63,0x0C,0x63,0x0C,0x63,0x0C,0x63,0x0C,
	0x4A,0x29,0x63,0x0C,0x63,0x0C,0x63,0x0C,0x63,0x0C,0x63,0x0C,0x63,0x0C,0x63,0x0C,
	0x63,0x0C,0x63,0x0C,0x63,0x0C,0x63,0x0C,0x63,0x0C,0x63,0x0C,0x63,0x0C,0x63,0x0C,
	0x63,0x0C,0x63,0x0C,0x63,0x0C,0x63,0x0C,0x63,0x0C,0x63,0x0C,0x63,0x0C,0x63,0x0C,

	0x63,0x0C,0x63,0x0C,0x63,0x0C,0x63,0x0C,0x63,0x0C,0x63,0x0C,0x63,0x0C,0x63,0x0C,
	0x63,0x0C,0x63,0x0C,0x63,0x0C,0x63,0x0C,0x63,0x0C,0x63,0x0C,0x63,0x0C,0x63,0x0C,
	0x63,0x0C,0x63,0x0C,0x63,0x0C,0x63,0x0C,0x63,0x0C,0x63,0x0C,0x63,0x0C,0x63,0x0C,
	0x4A,0x29,0x63,0x0C,0x63,0x0C,0x63,0x0C,0x63,0x0C,0x63,0x0C,0x63,0x0C,0x63,0x0C,
	0x63,0x0C,0x63,0x0C,0x63,0x0C,0x63,0x0C,0x63,0x0C,0x63,0x0C,0x63,0x0C,0x63,0x0C,
	0x63,0x0C,0x63,0x0C,0x63,0x0C,0x63,0x0C,0x63,0x0C,0x63,0x0C,0x63,0x0C,0x63,0x0C,
	0x63,0x0C,0x63,0x0C,0x63,0x0C,0x63,0x0C,0x63,0x0C,0x63,0x0C,0x63,0x0C,0x63,0x0C,
	0x63,0x0C,0x63,0x0C,0x63,0x0C,0x63,0x0C,0x63,0x0C,0x63,0x0C,0x63,0x0C,0x63,0x0C,

	0x63,0x0C,0x63,0x0C,0x63,0x0C,0x63,0x0C,0x63,0x0C,0x63,0x0C,0x63,0x0C,0x63,0x0C,
	0x4A,0x29,0x63,0x0C,0x63,0x0C,0x63,0x0C,0x63,0x0C,0x63,0x0C,0x63,0x0C,0x63,0x0C,
	0x63,0x0C,0x63,0x0C,0x63,0x0C,0x63,0x0C,0x63,0x0C,0x63,0x0C,0x63,0x0C,0x63,0x0C,
	0x63,0x0C,0x63,0x0C,0x63,0x0C,0x63,0x0C,0x63,0x0C,0x63,0x0C,0x63,0x0C,0x63,0x0C,
	0x63,0x0C,0x63,0x0C,0x63,0x0C,0x63,0x0C,0x63,0x0C,0x63,0x0C,0x63,0x0C,0x63,0x0C,
	0x63,0x0C,0x63,0x0C,0x63,0x0C,0x63,0x0C,0x63,0x0C,0x63,0x0C,0x63,0x0C,0x63,0x0C,
	0x63,0x0C,0x63,0x0C,0x63,0x0C,0x63,0x0C,0x63,0x0C,0x63,0x0C,0x63,0x0C,0x63,0x0C,
	0x4A,0x29,0x63,0x0C,0x63,0x0C,0x63,0x0C,0x63,0x0C,0x63,0x0C,0x63,0x0C,0x63,0x0C,

	0x63,0x0C,0x63,0x0C,0x63,0x0C,0x63,0x0C,0x63,0x0C,0x63,0x0C,0x63,0x0C,0x63,0x0C,
	0x63,0x0C,0x63,0x0C,0x63,0x0C,0x63,0x0C,0x63,0x0C,0x63,0x0C,0x63,0x0C,0x63,0x0C,
	0x00,0x00,0x00,0x00,0x00,0x00,0x00,0x00,0x00,0x00,0x00,0x00,0x00,0x00,0x00,0x00,
	0x00,0x00,0x00,0x00,0x00,0x00,0x00,0x00,0x00,0x00,0x00,0x00,0x00,0x00,0x00,0x00,
	0x00,0x00,0x00,0x00,0x00,0x00,0x00,0x00,0x00,0x00,0x00,0x00,0x00,0x00,0x00,0x00,
	0x4A,0x29,0x00,0x00,0x00,0x00,0x00,0x00,0x00,0x00,0x00,0x00,0x00,0x00,0x00,0x00,
	0x00,0x00,0x00,0x00,0x00,0x00,0x00,0x00,0x00,0x00,0x00,0x00,0x00,0x00,0x00,0x00,
	0x00,0x00,0x00,0x00,0x00,0x00,0x00,0x00,0x00,0x00,0x00,0x00,0x00,0x00,0x00,0x00,

	0x00,0x00,0x00,0x00,0x00,0x00,0x00,0x00,0x00,0x00,0x00,0x00,0x00,0x00,0x00,0x00,
	0x00,0x00,0x00,0x00,0x00,0x00,0x00,0x00,0x00,0x00,0x00,0x00,0x00,0x00,0x00,0x00,
	0x00,0x00,0x00,0x00,0x00,0x00,0x00,0x00,0x00,0x00,0x00,0x00,0x00,0x00,0x00,0x00,
	0x4A,0x29,0x00,0x00,0x00,0x00,0x00,0x00,0x00,0x00,0x00,0x00,0x00,0x00,0x00,0x00,
	0x00,0x00,0x00,0x00,0x00,0x00,0x00,0x00,0x00,0x00,0x00,0x00,0x00,0x00,0x00,0x00,
	0x00,0x00,0x00,0x00,0x00,0x00,0x00,0x00,0x00,0x00,0x00,0x00,0x00,0x00,0x00,0x00,
	0x00,0x00,0x00,0x00,0x00,0x00,0x00,0x00,0x00,0x00,0x00,0x00,0x00,0x00,0x00,0x00,
	0x00,0x00,0x00,0x00,0x00,0x00,0x00,0x00,0x00,0x00,0x00,0x00,0x00,0x00,0x00,0x00,

	0x00,0x00,0x00,0x00,0x00,0x00,0x00,0x00,0x00,0x00,0x00,0x00,0x00,0x00,0x00,0x00,
	0x4A,0x29,0x00,0x00,0x00,0x00,0x00,0x00,0x00,0x00,0x00,0x00,0x00,0x00,0x00,0x00,
	0x00,0x00,0x00,0x00,0x00,0x00,0x00,0x00,0x00,0x00,0x00,0x00,0x00,0x00,0x00,0x00,
	0x00,0x00,0x00,0x00,0x00,0x00,0x00,0x00,0x00,0x00,0x00,0x00,0x00,0x00,0x00,0x00,
	0x00,0x00,0x00,0x00,0x00,0x00,0x00,0x00,0x00,0x00,0x00,0x00,0x00,0x00,0x00,0x00,
	0x00,0x00,0x00,0x00,0x00,0x00,0x00,0x00,0x00,0x00,0x00,0x00,0x00,0x00,0x00,0x00,
	0x00,0x00,0x00,0x00,0x00,0x00,0x00,0x00,0x00,0x00,0x00,0x00,0x00,0x00,0x00,0x00,
	0x4A,0x29,0x00,0x00,0x00,0x00,0x00,0x00,0x00,0x00,0x00,0x00,0x00,0x00,0x00,0x00,

	0x00,0x00,0x00,0x00,0x00,0x00,0x00,0x00,0x00,0x00,0x00,0x00,0x00,0x00,0x00,0x00,
	0x00,0x00,0x00,0x00,0x00,0x00,0x00,0x00,0x00,0x00,0x00,0x00,0x00,0x00,0x00,0x00,
	0x00,0x00,0x00,0x00,0x00,0x00,0x00,0x00,0x00,0x00,0x00,0x00,0x00,0x00,0x00,0x00,
	0x00,0x00,0x00,0x00,0x00,0x00,0x00,0x00,0x00,0x00,0x00,0x00,0x00,0x00,0x00,0x00,
	0x00,0x00,0x00,0x00,0x00,0x00,0x00,0x00,0x00,0x00,0x00,0x00,0x00,0x00,0x00,0x00,
	0x4A,0x29,0x00,0x00,0x00,0x00,0x00,0x00,0x00,0x00,0x00,0x00,0x00,0x00,0x00,0x00,
	0x00,0x00,0x00,0x00,0x00,0x00,0x00,0x00,0x00,0x00,0x00,0x00,0x00,0x00,0x00,0x00,
	0x00,0x00,0x00,0x00,0x00,0x00,0x00,0x00,0x00,0x00,0x00,0x00,0x00,0x00,0x00,0x00,

	0x63,0x0C,0x63,0x0C,0x63,0x0C,0x63,0x0C,0x63,0x0C,0x63,0x0C,0x63,0x0C,0x63,0x0C,
	0x63,0x0C,0x63,0x0C,0x63,0x0C,0x63,0x0C,0x63,0x0C,0x63,0x0C,0x63,0x0C,0x63,0x0C,
	0x63,0x0C,0x63,0x0C,0x63,0x0C,0x63,0x0C,0x63,0x0C,0x63,0x0C,0x63,0x0C,0x63,0x0C,
	0x4A,0x29,0x63,0x0C,0x63,0x0C,0x63,0x0C,0x63,0x0C,0x63,0x0C,0x63,0x0C,0x63,0x0C,
	0x63,0x0C,0x63,0x0C,0x63,0x0C,0x63,0x0C,0x63,0x0C,0x63,0x0C,0x63,0x0C,0x63,0x0C,
	0x63,0x0C,0x63,0x0C,0x63,0x0C,0x63,0x0C,0x63,0x0C,0x63,0x0C,0x63,0x0C,0x63,0x0C,
	0x63,0x0C,0x63,0x0C,0x63,0x0C,0x63,0x0C,0x63,0x0C,0x63,0x0C,0x63,0x0C,0x63,0x0C,
	0x63,0x0C,0x63,0x0C,0x63,0x0C,0x63,0x0C,0x63,0x0C,0x63,0x0C,0x63,0x0C,0x63,0x0C,

	0x63,0x0C,0x63,0x0C,0x63,0x0C,0x63,0x0C,0x63,0x0C,0x63,0x0C,0x63,0x0C,0x63,0x0C,
	0x4A,0x29,0x63,0x0C,0x63,0x0C,0x63,0x0C,0x63,0x0C,0x63,0x0C,0x63,0x0C,0x63,0x0C,
	0x63,0x0C,0x63,0x0C,0x63,0x0C,0x63,0x0C,0x63,0x0C,0x63,0x0C,0x63,0x0C,0x63,0x0C,
	0x63,0x0C,0x63,0x0C,0x63,0x0C,0x63,0x0C,0x63,0x0C,0x63,0x0C,0x63,0x0C,0x63,0x0C,
	0x63,0x0C,0x63,0x0C,0x63,0x0C,0x63,0x0C,0x63,0x0C,0x63,0x0C,0x63,0x0C,0x63,0x0C,
	0x63,0x0C,0x63,0x0C,0x63,0x0C,0x63,0x0C,0x63,0x0C,0x63,0x0C,0x63,0x0C,0x63,0x0C,
	0x63,0x0C,0x63,0x0C,0x63,0x0C,0x63,0x0C,0x63,0x0C,0x63,0x0C,0x63,0x0C,0x63,0x0C,
	0x4A,0x29,0x63,0x0C,0x63,0x0C,0x63,0x0C,0x63,0x0C,0x63,0x0C,0x63,0x0C,0x63,0x0C,

	0x63,0x0C,0x63,0x0C,0x63,0x0C,0x63,0x0C,0x63,0x0C,0x63,0x0C,0x63,0x0C,0x63,0x0C,
	0x63,0x0C,0x63,0x0C,0x63,0x0C,0x63,0x0C,0x63,0x0C,0x63,0x0C,0x63,0x0C,0x63,0x0C,
	0x63,0x0C,0x63,0x0C,0x63,0x0C,0x63,0x0C,0x63,0x0C,0x63,0x0C,0x63,0x0C,0x63,0x0C,
	0x63,0x0C,0x63,0x0C,0x63,0x0C,0x63,0x0C,0x63,0x0C,0x63,0x0C,0x63,0x0C,0x63,0x0C,
	0x63,0x0C,0x63,0x0C,0x63,0x0C,0x63,0x0C,0x63,0x0C,0x63,0x0C,0x63,0x0C,0x63,0x0C,
	0x4A,0x29,0x63,0x0C,0x63,0x0C,0x63,0x0C,0x63,0x0C,0x63,0x0C,0x63,0x0C,0x63,0x0C,
	0x63,0x0C,0x63,0x0C,0x63,0x0C,0x63,0x0C,0x63,0x0C,0x63,0x0C,0x63,0x0C,0x63,0x0C,
	0x63,0x0C,0x63,0x0C,0x63,0x0C,0x63,0x0C,0x63,0x0C,0x63,0x0C,0x63,0x0C,0x63,0x0C,

	0x63,0x0C,0x63,0x0C,0x63,0x0C,0x63,0x0C,0x63,0x0C,0x63,0x0C,0x63,0x0C,0x63,0x0C,
	0x63,0x0C,0x63,0x0C,0x63,0x0C,0x63,0x0C,0x63,0x0C,0x63,0x0C,0x63,0x0C,0x63,0x0C,
	0x63,0x0C,0x63,0x0C,0x63,0x0C,0x63,0x0C,0x63,0x0C,0x63,0x0C,0x63,0x0C,0x63,0x0C,
	0x4A,0x29,0x63,0x0C,0x63,0x0C,0x63,0x0C,0x63,0x0C,0x63,0x0C,0x63,0x0C,0x63,0x0C,
	0x63,0x0C,0x63,0x0C,0x63,0x0C,0x63,0x0C,0x63,0x0C,0x63,0x0C,0x63,0x0C,0x63,0x0C,
	0x63,0x0C,0x63,0x0C,0x63,0x0C,0x63,0x0C,0x63,0x0C,0x63,0x0C,0x63,0x0C,0x63,0x0C,
	0x00,0x00,0x00,0x00,0x00,0x00,0x00,0x00,0x00,0x00,0x00,0x00,0x00,0x00,0x00,0x00,
	0x00,0x00,0x00,0x00,0x00,0x00,0x00,0x00,0x00,0x00,0x00,0x00,0x00,0x00,0x00,0x00,

	0x00,0x00,0x00,0x00,0x00,0x00,0x00,0x00,0x00,0x00,0x00,0x00,0x00,0x00,0x00,0x00,
	0x4A,0x29,0x00,0x00,0x00,0x00,0x00,0x00,0x00,0x00,0x00,0x00,0x00,0x00,0x00,0x00,
	0x00,0x00,0x00,0x00,0x00,0x00,0x00,0x00,0x00,0x00,0x00,0x00,0x00,0x00,0x00,0x00,
	0x00,0x00,0x00,0x00,0x00,0x00,0x00,0x00,0x00,0x00,0x00,0x00,0x00,0x00,0x00,0x00,
	0x00,0x00,0x00,0x00,0x00,0x00,0x00,0x00,0x00,0x00,0x00,0x00,0x00,0x00,0x00,0x00,
	0x00,0x00,0x00,0x00,0x00,0x00,0x00,0x00,0x00,0x00,0x00,0x00,0x00,0x00,0x00,0x00,
	0x00,0x00,0x00,0x00,0x00,0x00,0x00,0x00,0x00,0x00,0x00,0x00,0x00,0x00,0x00,0x00,
	0x4A,0x29,0x00,0x00,0x00,0x00,0x00,0x00,0x00,0x00,0x00,0x00,0x00,0x00,0x00,0x00,

	0x00,0x00,0x00,0x00,0x00,0x00,0x00,0x00,0x00,0x00,0x00,0x00,0x00,0x00,0x00,0x00,
	0x00,0x00,0x00,0x00,0x00,0x00,0x00,0x00,0x00,0x00,0x00,0x00,0x00,0x00,0x00,0x00,
	0x00,0x00,0x00,0x00,0x00,0x00,0x00,0x00,0x00,0x00,0x00,0x00,0x00,0x00,0x00,0x00,
	0x00,0x00,0x00,0x00,0x00,0x00,0x00,0x00,0x00,0x00,0x00,0x00,0x00,0x00,0x00,0x00,
	0x00,0x00,0x00,0x00,0x00,0x00,0x00,0x00,0x00,0x00,0x00,0x00,0x00,0x00,0x00,0x00,
	0x4A,0x29,0x00,0x00,0x00,0x00,0x00,0x00,0x00,0x00,0x00,0x00,0x00,0x00,0x00,0x00,
	0x00,0x00,0x00,0x00,0x00,0x00,0x00,0x00,0x00,0x00,0x00,0x00,0x00,0x00,0x00,0x00,
	0x00,0x00,0x00,0x00,0x00,0x00,0x00,0x00,0x00,0x00,0x00,0x00,0x00,0x00,0x00,0x00,

	0x00,0x00,0x00,0x00,0x00,0x00,0x00,0x00,0x00,0x00,0x00,0x00,0x00,0x00,0x00,0x00,
	0x00,0x00,0x00,0x00,0x00,0x00,0x00,0x00,0x00,0x00,0x00,0x00,0x00,0x00,0x00,0x00,
	0x00,0x00,0x00,0x00,0x00,0x00,0x00,0x00,0x00,0x00,0x00,0x00,0x00,0x00,0x00,0x00,
	0x4A,0x29,0x00,0x00,0x00,0x00,0x00,0x00,0x00,0x00,0x00,0x00,0x00,0x00,0x00,0x00,
	0x00,0x00,0x00,0x00,0x00,0x00,0x00,0x00,0x00,0x00,0x00,0x00,0x00,0x00,0x00,0x00,
	0x00,0x00,0x00,0x00,0x00,0x00,0x00,0x00,0x00,0x00,0x00,0x00,0x00,0x00,0x00,0x00,
	0x00,0x00,0x00,0x00,0x00,0x00,0x00,0x00,0x00,0x00,0x00,0x00,0x00,0x00,0x00,0x00,
	0x00,0x00,0x00,0x00,0x00,0x00,0x00,0x00,0x00,0x00,0x00,0x00,0x00,0x00,0x00,0x00,

	0x00,0x00,0x00,0x00,0x00,0x00,0x00,0x00,0x00,0x00,0x00,0x00,0x00,0x00,0x00,0x00,
	0x4A,0x29,0x00,0x00,0x00,0x00,0x00,0x00,0x00,0x00,0x00,0x00,0x00,0x00,0x00,0x00,
	0x00,0x00,0x00,0x00,0x00,0x00,0x00,0x00,0x00,0x00,0x00,0x00,0x00,0x00,0x00,0x00,
	0x00,0x00,0x00,0x00,0x00,0x00,0x00,0x00,0x00,0x00,0x00,0x00,0x00,0x00,0x00,0x00,
	0x63,0x0C,0x63,0x0C,0x63,0x0C,0x63,0x0C,0x63,0x0C,0x63,0x0C,0x63,0x0C,0x63,0x0C,
	0x63,0x0C,0x63,0x0C,0x63,0x0C,0x63,0x0C,0x63,0x0C,0x63,0x0C,0x63,0x0C,0x63,0x0C,
	0x63,0x0C,0x63,0x0C,0x63,0x0C,0x63,0x0C,0x63,0x0C,0x63,0x0C,0x63,0x0C,0x63,0x0C,
	0x4A,0x29,0x63,0x0C,0x63,0x0C,0x63,0x0C,0x63,0x0C,0x63,0x0C,0x63,0x0C,0x63,0x0C,

	0x63,0x0C,0x63,0x0C,0x63,0x0C,0x63,0x0C,0x63,0x0C,0x63,0x0C,0x63,0x0C,0x63,0x0C,
	0x63,0x0C,0x63,0x0C,0x63,0x0C,0x63,0x0C,0x63,0x0C,0x63,0x0C,0x63,0x0C,0x63,0x0C,
	0x63,0x0C,0x63,0x0C,0x63,0x0C,0x63,0x0C,0x63,0x0C,0x63,0x0C,0x63,0x0C,0x63,0x0C,
	0x63,0x0C,0x63,0x0C,0x63,0x0C,0x63,0x0C,0x63,0x0C,0x63,0x0C,0x63,0x0C,0x63,0x0C,
	0x63,0x0C,0x63,0x0C,0x63,0x0C,0x63,0x0C,0x63,0x0C,0x63,0x0C,0x63,0x0C,0x63,0x0C,
	0x4A,0x29,0x63,0x0C,0x63,0x0C,0x63,0x0C,0x63,0x0C,0x63,0x0C,0x63,0x0C,0x63,0x0C,
	0x63,0x0C,0x63,0x0C,0x63,0x0C,0x63,0x0C,0x63,0x0C,0x63,0x0C,0x63,0x0C,0x63,0x0C,
	0x63,0x0C,0x63,0x0C,0x63,0x0C,0x63,0x0C,0x63,0x0C,0x63,0x0C,0x63,0x0C,0x63,0x0C,

	0x63,0x0C,0x63,0x0C,0x63,0x0C,0x63,0x0C,0x63,0x0C,0x63,0x0C,0x63,0x0C,0x63,0x0C,
	0x63,0x0C,0x63,0x0C,0x63,0x0C,0x63,0x0C,0x63,0x0C,0x63,0x0C,0x63,0x0C,0x63,0x0C,
	0x63,0x0C,0x63,0x0C,0x63,0x0C,0x63,0x0C,0x63,0x0C,0x63,0x0C,0x63,0x0C,0x63,0x0C,
	0x4A,0x29,0x63,0x0C,0x63,0x0C,0x63,0x0C,0x63,0x0C,0x63,0x0C,0x63,0x0C,0x63,0x0C,
	0x63,0x0C,0x63,0x0C,0x63,0x0C,0x63,0x0C,0x63,0x0C,0x63,0x0C,0x63,0x0C,0x63,0x0C,
	0x63,0x0C,0x63,0x0C,0x63,0x0C,0x63,0x0C,0x63,0x0C,0x63,0x0C,0x63,0x0C,0x63,0x0C,
	0x63,0x0C,0x63,0x0C,0x63,0x0C,0x63,0x0C,0x63,0x0C,0x63,0x0C,0x63,0x0C,0x63,0x0C,
	0x63,0x0C,0x63,0x0C,0x63,0x0C,0x63,0x0C,0x63,0x0C,0x63,0x0C,0x63,0x0C,0x63,0x0C,

	0x63,0x0C,0x63,0x0C,0x63,0x0C,0x63,0x0C,0x63,0x0C,0x63,0x0C,0x63,0x0C,0x63,0x0C,
	0x4A,0x29,0x63,0x0C,0x63,0x0C,0x63,0x0C,0x63,0x0C,0x63,0x0C,0x63,0x0C,0x63,0x0C,
	0x63,0x0C,0x63,0x0C,0x63,0x0C,0x63,0x0C,0x63,0x0C,0x63,0x0C,0x63,0x0C,0x63,0x0C,
	0x63,0x0C,0x63,0x0C,0x63,0x0C,0x63,0x0C,0x63,0x0C,0x63,0x0C,0x63,0x0C,0x63,0x0C,
	0x63,0x0C,0x63,0x0C,0x63,0x0C,0x63,0x0C,0x63,0x0C,0x63,0x0C,0x63,0x0C,0x63,0x0C,
	0x63,0x0C,0x63,0x0C,0x63,0x0C,0x63,0x0C,0x63,0x0C,0x63,0x0C,0x63,0x0C,0x63,0x0C,
	0x63,0x0C,0x63,0x0C,0x63,0x0C,0x63,0x0C,0x63,0x0C,0x63,0x0C,0x63,0x0C,0x63,0x0C,
	0x4A,0x29,0x63,0x0C,0x63,0x0C,0x63,0x0C,0x63,0x0C,0x63,0x0C,0x63,0x0C,0x63,0x0C,

	0x63,0x0C,0x63,0x0C,0x63,0x0C,0x63,0x0C,0x63,0x0C,0x63,0x0C,0x63,0x0C,0x63,0x0C,
	0x63,0x0C,0x63,0x0C,0x63,0x0C,0x63,0x0C,0x63,0x0C,0x63,0x0C,0x63,0x0C,0x63,0x0C,
	0x00,0x00,0x00,0x00,0x00,0x00,0x00,0x00,0x00,0x00,0x00,0x00,0x00,0x00,0x00,0x00,
	0x00,0x00,0x00,0x00,0x00,0x00,0x00,0x00,0x00,0x00,0x00,0x00,0x00,0x00,0x00,0x00,
	0x00,0x00,0x00,0x00,0x00,0x00,0x00,0x00,0x00,0x00,0x00,0x00,0x00,0x00,0x00,0x00,
	0x4A,0x29,0x00,0x00,0x00,0x00,0x00,0x00,0x00,0x00,0x00,0x00,0x00,0x00,0x00,0x00,
	0x00,0x00,0x00,0x00,0x00,0x00,0x00,0x00,0x00,0x00,0x00,0x00,0x00,0x00,0x00,0x00,
	0x00,0x00,0x00,0x00,0x00,0x00,0x00,0x00,0x00,0x00,0x00,0x00,0x00,0x00,0x00,0x00,

	0x00,0x00,0x00,0x00,0x00,0x00,0x00,0x00,0x00,0x00,0x00,0x00,0x00,0x00,0x00,0x00,
	0x00,0x00,0x00,0x00,0x00,0x00,0x00,0x00,0x00,0x00,0x00,0x00,0x00,0x00,0x00,0x00,
	0x00,0x00,0x00,0x00,0x00,0x00,0x00,0x00,0x00,0x00,0x00,0x00,0x00,0x00,0x00,0x00,
	0x4A,0x29,0x00,0x00,0x00,0x00,0x00,0x00,0x00,0x00,0x00,0x00,0x00,0x00,0x00,0x00,
	0x00,0x00,0x00,0x00,0x00,0x00,0x00,0x00,0x00,0x00,0x00,0x00,0x00,0x00,0x00,0x00,
	0x00,0x00,0x00,0x00,0x00,0x00,0x00,0x00,0x00,0x00,0x00,0x00,0x00,0x00,0x00,0x00,
	0x00,0x00,0x00,0x00,0x00,0x00,0x00,0x00,0x00,0x00,0x00,0x00,0x00,0x00,0x00,0x00,
	0x00,0x00,0x00,0x00,0x00,0x00,0x00,0x00,0x00,0x00,0x00,0x00,0x00,0x00,0x00,0x00,

	0x00,0x00,0x00,0x00,0x00,0x00,0x00,0x00,0x00,0x00,0x00,0x00,0x00,0x00,0x00,0x00,
	0x4A,0x29,0x00,0x00,0x00,0x00,0x00,0x00,0x00,0x00,0x00,0x00,0x00,0x00,0x00,0x00,
	0x00,0x00,0x00,0x00,0x00,0x00,0x00,0x00,0x00,0x00,0x00,0x00,0x00,0x00,0x00,0x00,
	0x00,0x00,0x00,0x00,0x00,0x00,0x00,0x00,0x00,0x00,0x00,0x00,0x00,0x00,0x00,0x00,
	0x00,0x00,0x00,0x00,0x00,0x00,0x00,0x00,0x00,0x00,0x00,0x00,0x00,0x00,0x00,0x00,
	0x00,0x00,0x00,0x00,0x00,0x00,0x00,0x00,0x00,0x00,0x00,0x00,0x00,0x00,0x00,0x00,
	0x00,0x00,0x00,0x00,0x00,0x00,0x00,0x00,0x00,0x00,0x00,0x00,0x00,0x00,0x00,0x00,
	0x4A,0x29,0x00,0x00,0x00,0x00,0x00,0x00,0x00,0x00,0x00,0x00,0x00,0x00,0x00,0x00,

	0x00,0x00,0x00,0x00,0x00,0x00,0x00,0x00,0x00,0x00,0x00,0x00,0x00,0x00,0x00,0x00,
	0x00,0x00,0x00,0x00,0x00,0x00,0x00,0x00,0x00,0x00,0x00,0x00,0x00,0x00,0x00,0x00,
	0x00,0x00,0x00,0x00,0x00,0x00,0x00,0x00,0x00,0x00,0x00,0x00,0x00,0x00,0x00,0x00,
	0x00,0x00,0x00,0x00,0x00,0x00,0x00,0x00,0x00,0x00,0x00,0x00,0x00,0x00,0x00,0x00,
	0x00,0x00,0x00,0x00,0x00,0x00,0x00,0x00,0x00,0x00,0x00,0x00,0x00,0x00,0x00,0x00,
	0x4A,0x29,0x00,0x00,0x00,0x00,0x00,0x00,0x00,0x00,0x00,0x00,0x00,0x00,0x00,0x00,
	0x00,0x00,0x00,0x00,0x00,0x00,0x00,0x00,0x00,0x00,0x00,0x00,0x00,0x00,0x00,0x00,
	0x00,0x00,0x00,0x00,0x00,0x00,0x00,0x00,0x00,0x00,0x00,0x00,0x00,0x00,0x00,0x00,

	0x63,0x0C,0x63,0x0C,0x63,0x0C,0x63,0x0C,0x63,0x0C,0x63,0x0C,0x63,0x0C,0x63,0x0C,
	0x63,0x0C,0x63,0x0C,0x63,0x0C,0x63,0x0C,0x63,0x0C,0x63,0x0C,0x63,0x0C,0x63,0x0C,
	0x63,0x0C,0x63,0x0C,0x63,0x0C,0x63,0x0C,0x63,0x0C,0x63,0x0C,0x63,0x0C,0x63,0x0C,
	0x4A,0x29,0x63,0x0C,0x63,0x0C,0x63,0x0C,0x63,0x0C,0x63,0x0C,0x63,0x0C,0x63,0x0C,
	0x63,0x0C,0x63,0x0C,0x63,0x0C,0x63,0x0C,0x63,0x0C,0x63,0x0C,0x63,0x0C,0x63,0x0C,
	0x63,0x0C,0x63,0x0C,0x63,0x0C,0x63,0x0C,0x63,0x0C,0x63,0x0C,0x63,0x0C,0x63,0x0C,
	0x63,0x0C,0x63,0x0C,0x63,0x0C,0x63,0x0C,0x63,0x0C,0x63,0x0C,0x63,0x0C,0x63,0x0C,
	0x63,0x0C,0x63,0x0C,0x63,0x0C,0x63,0x0C,0x63,0x0C,0x63,0x0C,0x63,0x0C,0x63,0x0C,

	0x63,0x0C,0x63,0x0C,0x63,0x0C,0x63,0x0C,0x63,0x0C,0x63,0x0C,0x63,0x0C,0x63,0x0C,
	0x4A,0x29,0x63,0x0C,0x63,0x0C,0x63,0x0C,0x63,0x0C,0x63,0x0C,0x63,0x0C,0x63,0x0C,
	0x63,0x0C,0x63,0x0C,0x63,0x0C,0x63,0x0C,0x63,0x0C,0x63,0x0C,0x63,0x0C,0x63,0x0C,
	0x63,0x0C,0x63,0x0C,0x63,0x0C,0x63,0x0C,0x63,0x0C,0x63,0x0C,0x63,0x0C,0x63,0x0C,
	0x63,0x0C,0x63,0x0C,0x63,0x0C,0x63,0x0C,0x63,0x0C,0x63,0x0C,0x63,0x0C,0x63,0x0C,
	0x63,0x0C,0x63,0x0C,0x63,0x0C,0x63,0x0C,0x63,0x0C,0x63,0x0C,0x63,0x0C,0x63,0x0C,
	0x63,0x0C,0x63,0x0C,0x63,0x0C,0x63,0x0C,0x63,0x0C,0x63,0x0C,0x63,0x0C,0x63,0x0C,
	0x4A,0x29,0x63,0x0C,0x63,0x0C,0x63,0x0C,0x63,0x0C,0x63,0x0C,0x63,0x0C,0x63,0x0C,

	0x63,0x0C,0x63,0x0C,0x63,0x0C,0x63,0x0C,0x63,0x0C,0x63,0x0C,0x63,0x0C,0x63,0x0C,
	0x63,0x0C,0x63,0x0C,0x63,0x0C,0x63,0x0C,0x63,0x0C,0x63,0x0C,0x63,0x0C,0x63,0x0C,
	0x63,0x0C,0x63,0x0C,0x63,0x0C,0x63,0x0C,0x63,0x0C,0x63,0x0C,0x63,0x0C,0x63,0x0C,
	0x63,0x0C,0x63,0x0C,0x63,0x0C,0x63,0x0C,0x63,0x0C,0x63,0x0C,0x63,0x0C,0x63,0x0C,
	0x63,0x0C,0x63,0x0C,0x63,0x0C,0x63,0x0C,0x63,0x0C,0x63,0x0C,0x63,0x0C,0x63,0x0C,
	0x4A,0x29,0x63,0x0C,0x63,0x0C,0x63,0x0C,0x63,0x0C,0x63,0x0C,0x63,0x0C,0x63,0x0C,
	0x63,0x0C,0x63,0x0C,0x63,0x0C,0x63,0x0C,0x63,0x0C,0x63,0x0C,0x63,0x0C,0x63,0x0C,
	0x63,0x0C,0x63,0x0C,0x63,0x0C,0x63,0x0C,0x63,0x0C,0x63,0x0C,0x63,0x0C,0x63,0x0C,

	0x63,0x0C,0x63,0x0C,0x63,0x0C,0x63,0x0C,0x63,0x0C,0x63,0x0C,0x63,0x0C,0x63,0x0C,
	0x63,0x0C,0x63,0x0C,0x63,0x0C,0x63,0x0C,0x63,0x0C,0x63,0x0C,0x63,0x0C,0x63,0x0C,
	0x63,0x0C,0x63,0x0C,0x63,0x0C,0x63,0x0C,0x63,0x0C,0x63,0x0C,0x63,0x0C,0x63,0x0C,
	0x4A,0x29,0x63,0x0C,0x63,0x0C,0x63,0x0C,0x63,0x0C,0x63,0x0C,0x63,0x0C,0x63,0x0C,
	0x63,0x0C,0x63,0x0C,0x63,0x0C,0x63,0x0C,0x63,0x0C,0x63,0x0C,0x63,0x0C,0x63,0x0C,
	0x63,0x0C,0x63,0x0C,0x63,0x0C,0x63,0x0C,0x63,0x0C,0x63,0x0C,0x63,0x0C,0x63,0x0C,
	0x00,0x00,0x00,0x00,0x00,0x00,0x00,0x00,0x00,0x00,0x00,0x00,0x00,0x00,0x00,0x00,
	0x00,0x00,0x00,0x00,0x00,0x00,0x00,0x00,0x00,0x00,0x00,0x00,0x00,0x00,0x00,0x00,

	0x00,0x00,0x00,0x00,0x00,0x00,0x00,0x00,0x00,0x00,0x00,0x00,0x00,0x00,0x00,0x00,
	0x4A,0x29,0x00,0x00,0x00,0x00,0x00,0x00,0x00,0x00,0x00,0x00,0x00,0x00,0x00,0x00,
	0x00,0x00,0x00,0x00,0x00,0x00,0x00,0x00,0x00,0x00,0x00,0x00,0x00,0x00,0x00,0x00,
	0x00,0x00,0x00,0x00,0x00,0x00,0x00,0x00,0x00,0x00,0x00,0x00,0x00,0x00,0x00,0x00,
	0x00,0x00,0x00,0x00,0x00,0x00,0x00,0x00,0x00,0x00,0x00,0x00,0x00,0x00,0x00,0x00,
	0x00,0x00,0x00,0x00,0x00,0x00,0x00,0x00,0x00,0x00,0x00,0x00,0x00,0x00,0x00,0x00,
	0x00,0x00,0x00,0x00,0x00,0x00,0x00,0x00,0x00,0x00,0x00,0x00,0x00,0x00,0x00,0x00,
	0x4A,0x29,0x00,0x00,0x00,0x00,0x00,0x00,0x00,0x00,0x00,0x00,0x00,0x00,0x00,0x00,

	0x00,0x00,0x00,0x00,0x00,0x00,0x00,0x00,0x00,0x00,0x00,0x00,0x00,0x00,0x00,0x00,
	0x00,0x00,0x00,0x00,0x00,0x00,0x00,0x00,0x00,0x00,0x00,0x00,0x00,0x00,0x00,0x00,
	0x00,0x00,0x00,0x00,0x00,0x00,0x00,0x00,0x00,0x00,0x00,0x00,0x00,0x00,0x00,0x00,
	0x00,0x00,0x00,0x00,0x00,0x00,0x00,0x00,0x00,0x00,0x00,0x00,0x00,0x00,0x00,0x00,
	0x00,0x00,0x00,0x00,0x00,0x00,0x00,0x00,0x00,0x00,0x00,0x00,0x00,0x00,0x00,0x00,
	0x4A,0x29,0x00,0x00,0x00,0x00,0x00,0x00,0x00,0x00,0x00,0x00,0x00,0x00,0x00,0x00,
	0x00,0x00,0x00,0x00,0x00,0x00,0x00,0x00,0x00,0x00,0x00,0x00,0x00,0x00,0x00,0x00,
	0x00,0x00,0x00,0x00,0x00,0x00,0x00,0x00,0x00,0x00,0x00,0x00,0x00,0x00,0x00,0x00,

	0x00,0x00,0x00,0x00,0x00,0x00,0x00,0x00,0x00,0x00,0x00,0x00,0x00,0x00,0x00,0x00,
	0x00,0x00,0x00,0x00,0x00,0x00,0x00,0x00,0x00,0x00,0x00,0x00,0x00,0x00,0x00,0x00,
	0x00,0x00,0x00,0x00,0x00,0x00,0x00,0x00,0x00,0x00,0x00,0x00,0x00,0x00,0x00,0x00,
	0x4A,0x29,0x00,0x00,0x00,0x00,0x00,0x00,0x00,0x00,0x00,0x00,0x00,0x00,0x00,0x00,
	0x00,0x00,0x00,0x00,0x00,0x00,0x00,0x00,0x00,0x00,0x00,0x00,0x00,0x00,0x00,0x00,
	0x00,0x00,0x00,0x00,0x00,0x00,0x00,0x00,0x00,0x00,0x00,0x00,0x00,0x00,0x00,0x00,
	0x00,0x00,0x00,0x00,0x00,0x00,0x00,0x00,0x00,0x00,0x00,0x00,0x00,0x00,0x00,0x00,
	0x00,0x00,0x00,0x00,0x00,0x00,0x00,0x00,0x00,0x00,0x00,0x00,0x00,0x00,0x00,0x00,

	0x00,0x00,0x00,0x00,0x00,0x00,0x00,0x00,0x00,0x00,0x00,0x00,0x00,0x00,0x00,0x00,
	0x4A,0x29,0x00,0x00,0x00,0x00,0x00,0x00,0x00,0x00,0x00,0x00,0x00,0x00,0x00,0x00,
	0x00,0x00,0x00,0x00,0x00,0x00,0x00,0x00,0x00,0x00,0x00,0x00,0x00,0x00,0x00,0x00,
	0x00,0x00,0x00,0x00,0x00,0x00,0x00,0x00,0x00,0x00,0x00,0x00,0x00,0x00,0x00,0x00,
	0x63,0x0C,0x63,0x0C,0x63,0x0C,0x63,0x0C,0x63,0x0C,0x63,0x0C,0x63,0x0C,0x63,0x0C,
	0x63,0x0C,0x63,0x0C,0x63,0x0C,0x63,0x0C,0x63,0x0C,0x63,0x0C,0x63,0x0C,0x63,0x0C,
	0x63,0x0C,0x63,0x0C,0x63,0x0C,0x63,0x0C,0x63,0x0C,0x63,0x0C,0x63,0x0C,0x63,0x0C,
	0x4A,0x29,0x63,0x0C,0x63,0x0C,0x63,0x0C,0x63,0x0C,0x63,0x0C,0x63,0x0C,0x63,0x0C,

	0x63,0x0C,0x63,0x0C,0x63,0x0C,0x63,0x0C,0x63,0x0C,0x63,0x0C,0x63,0x0C,0x63,0x0C,
	0x63,0x0C,0x63,0x0C,0x63,0x0C,0x63,0x0C,0x63,0x0C,0x63,0x0C,0x63,0x0C,0x63,0x0C,
	0x63,0x0C,0x63,0x0C,0x63,0x0C,0x63,0x0C,0x63,0x0C,0x63,0x0C,0x63,0x0C,0x63,0x0C,
	0x63,0x0C,0x63,0x0C,0x63,0x0C,0x63,0x0C,0x63,0x0C,0x63,0x0C,0x63,0x0C,0x63,0x0C,
	0x63,0x0C,0x63,0x0C,0x63,0x0C,0x63,0x0C,0x63,0x0C,0x63,0x0C,0x63,0x0C,0x63,0x0C,
	0x4A,0x29,0x63,0x0C,0x63,0x0C,0x63,0x0C,0x63,0x0C,0x63,0x0C,0x63,0x0C,0x63,0x0C,
	0x63,0x0C,0x63,0x0C,0x63,0x0C,0x63,0x0C,0x63,0x0C,0x63,0x0C,0x63,0x0C,0x63,0x0C,
	0x63,0x0C,0x63,0x0C,0x63,0x0C,0x63,0x0C,0x63,0x0C,0x63,0x0C,0x63,0x0C,0x63,0x0C,

	0x63,0x0C,0x63,0x0C,0x63,0x0C,0x63,0x0C,0x63,0x0C,0x63,0x0C,0x63,0x0C,0x63,0x0C,
	0x63,0x0C,0x63,0x0C,0x63,0x0C,0x63,0x0C,0x63,0x0C,0x63,0x0C,0x63,0x0C,0x63,0x0C,
	0x63,0x0C,0x63,0x0C,0x63,0x0C,0x63,0x0C,0x63,0x0C,0x63,0x0C,0x63,0x0C,0x63,0x0C,
	0x4A,0x29,0x63,0x0C,0x63,0x0C,0x63,0x0C,0x63,0x0C,0x63,0x0C,0x63,0x0C,0x63,0x0C,
	0x63,0x0C,0x63,0x0C,0x63,0x0C,0x63,0x0C,0x63,0x0C,0x63,0x0C,0x63,0x0C,0x63,0x0C,
	0x63,0x0C,0x63,0x0C,0x63,0x0C,0x63,0x0C,0x63,0x0C,0x63,0x0C,0x63,0x0C,0x63,0x0C,
	0x63,0x0C,0x63,0x0C,0x63,0x0C,0x63,0x0C,0x63,0x0C,0x63,0x0C,0x63,0x0C,0x63,0x0C,
	0x63,0x0C,0x63,0x0C,0x63,0x0C,0x63,0x0C,0x63,0x0C,0x63,0x0C,0x63,0x0C,0x63,0x0C,

	0x63,0x0C,0x63,0x0C,0x63,0x0C,0x63,0x0C,0x63,0x0C,0x63,0x0C,0x63,0x0C,0x63,0x0C,
	0x4A,0x29,0x63,0x0C,0x63,0x0C,0x63,0x0C,0x63,0x0C,0x63,0x0C,0x63,0x0C,0x63,0x0C,
	0x63,0x0C,0x63,0x0C,0x63,0x0C,0x63,0x0C,0x63,0x0C,0x63,0x0C,0x63,0x0C,0x63,0x0C,
	0x63,0x0C,0x63,0x0C,0x63,0x0C,0x63,0x0C,0x63,0x0C,0x63,0x0C,0x63,0x0C,0x63,0x0C,
	0x63,0x0C,0x63,0x0C,0x63,0x0C,0x63,0x0C,0x63,0x0C,0x63,0x0C,0x63,0x0C,0x63,0x0C,
	0x63,0x0C,0x63,0x0C,0x63,0x0C,0x63,0x0C,0x63,0x0C,0x63,0x0C,0x63,0x0C,0x63,0x0C,
	0x63,0x0C,0x63,0x0C,0x63,0x0C,0x63,0x0C,0x63,0x0C,0x63,0x0C,0x63,0x0C,0x63,0x0C,
	0x4A,0x29,0x63,0x0C,0x63,0x0C,0x63,0x0C,0x63,0x0C,0x63,0x0C,0x63,0x0C,0x63,0x0C,

	0x63,0x0C,0x63,0x0C,0x63,0x0C,0x63,0x0C,0x63,0x0C,0x63,0x0C,0x63,0x0C,0x63,0x0C,
	0x63,0x0C,0x63,0x0C,0x63,0x0C,0x63,0x0C,0x63,0x0C,0x63,0x0C,0x63,0x0C,0x63,0x0C,
	0x00,0x00,0x00,0x00,0x00,0x00,0x00,0x00,0x00,0x00,0x00,0x00,0x00,0x00,0x00,0x00,
	0x00,0x00,0x00,0x00,0x00,0x00,0x00,0x00,0x00,0x00,0x00,0x00,0x00,0x00,0x00,0x00,
	0x00,0x00,0x00,0x00,0x00,0x00,0x00,0x00,0x00,0x00,0x00,0x00,0x00,0x00,0x00,0x00,
	0x4A,0x29,0x00,0x00,0x00,0x00,0x00,0x00,0x00,0x00,0x00,0x00,0x00,0x00,0x00,0x00,
	0x00,0x00,0x00,0x00,0x00,0x00,0x00,0x00,0x00,0x00,0x00,0x00,0x00,0x00,0x00,0x00,
	0x00,0x00,0x00,0x00,0x00,0x00,0x00,0x00,0x00,0x00,0x00,0x00,0x00,0x00,0x00,0x00,

	0x00,0x00,0x00,0x00,0x00,0x00,0x00,0x00,0x00,0x00,0x00,0x00,0x00,0x00,0x00,0x00,
	0x00,0x00,0x00,0x00,0x00,0x00,0x00,0x00,0x00,0x00,0x00,0x00,0x00,0x00,0x00,0x00,
	0x00,0x00,0x00,0x00,0x00,0x00,0x00,0x00,0x00,0x00,0x00,0x00,0x00,0x00,0x00,0x00,
	0x4A,0x29,0x00,0x00,0x00,0x00,0x00,0x00,0x00,0x00,0x00,0x00,0x00,0x00,0x00,0x00,
	0x00,0x00,0x00,0x00,0x00,0x00,0x00,0x00,0x00,0x00,0x00,0x00,0x00,0x00,0x00,0x00,
	0x00,0x00,0x00,0x00,0x00,0x00,0x00,0x00,0x00,0x00,0x00,0x00,0x00,0x00,0x00,0x00,
	0x00,0x00,0x00,0x00,0x00,0x00,0x00,0x00,0x00,0x00,0x00,0x00,0x00,0x00,0x00,0x00,
	0x00,0x00,0x00,0x00,0x00,0x00,0x00,0x00,0x00,0x00,0x00,0x00,0x00,0x00,0x00,0x00,

	0x00,0x00,0x00,0x00,0x00,0x00,0x00,0x00,0x00,0x00,0x00,0x00,0x00,0x00,0x00,0x00,
	0x4A,0x29,0x00,0x00,0x00,0x00,0x00,0x00,0x00,0x00,0x00,0x00,0x00,0x00,0x00,0x00,
	0x00,0x00,0x00,0x00,0x00,0x00,0x00,0x00,0x00,0x00,0x00,0x00,0x00,0x00,0x00,0x00,
	0x00,0x00,0x00,0x00,0x00,0x00,0x00,0x00,0x00,0x00,0x00,0x00,0x00,0x00,0x00,0x00,
	0x00,0x00,0x00,0x00,0x00,0x00,0x00,0x00,0x00,0x00,0x00,0x00,0x00,0x00,0x00,0x00,
	0x00,0x00,0x00,0x00,0x00,0x00,0x00,0x00,0x00,0x00,0x00,0x00,0x00,0x00,0x00,0x00,
	0x00,0x00,0x00,0x00,0x00,0x00,0x00,0x00,0x00,0x00,0x00,0x00,0x00,0x00,0x00,0x00,
	0x4A,0x29,0x00,0x00,0x00,0x00,0x00,0x00,0x00,0x00,0x00,0x00,0x00,0x00,0x00,0x00,

	0x00,0x00,0x00,0x00,0x00,0x00,0x00,0x00,0x00,0x00,0x00,0x00,0x00,0x00,0x00,0x00,
	0x00,0x00,0x00,0x00,0x00,0x00,0x00,0x00,0x00,0x00,0x00,0x00,0x00,0x00,0x00,0x00,
	0x00,0x00,0x00,0x00,0x00,0x00,0x00,0x00,0x00,0x00,0x00,0x00,0x00,0x00,0x00,0x00,
	0x00,0x00,0x00,0x00,0x00,0x00,0x00,0x00,0x00,0x00,0x00,0x00,0x00,0x00,0x00,0x00,
	0x00,0x00,0x00,0x00,0x00,0x00,0x00,0x00,0x00,0x00,0x00,0x00,0x00,0x00,0x00,0x00,
	0x4A,0x29,0x00,0x00,0x00,0x00,0x00,0x00,0x00,0x00,0x00,0x00,0x00,0x00,0x00,0x00,
	0x00,0x00,0x00,0x00,0x00,0x00,0x00,0x00,0x00,0x00,0x00,0x00,0x00,0x00,0x00,0x00,
	0x00,0x00,0x00,0x00,0x00,0x00,0x00,0x00,0x00,0x00,0x00,0x00,0x00,0x00,0x00,0x00,

	0x63,0x0C,0x63,0x0C,0x63,0x0C,0x63,0x0C,0x63,0x0C,0x63,0x0C,0x63,0x0C,0x63,0x0C,
	0x63,0x0C,0x63,0x0C,0x63,0x0C,0x63,0x0C,0x63,0x0C,0x63,0x0C,0x63,0x0C,0x63,0x0C,
	0x63,0x0C,0x63,0x0C,0x63,0x0C,0x63,0x0C,0x63,0x0C,0x63,0x0C,0x63,0x0C,0x63,0x0C,
	0x4A,0x29,0x63,0x0C,0x63,0x0C,0x63,0x0C,0x63,0x0C,0x63,0x0C,0x63,0x0C,0x63,0x0C,
	0x63,0x0C,0x63,0x0C,0x63,0x0C,0x63,0x0C,0x63,0x0C,0x63,0x0C,0x63,0x0C,0x63,0x0C,
	0x63,0x0C,0x63,0x0C,0x63,0x0C,0x63,0x0C,0x63,0x0C,0x63,0x0C,0x63,0x0C,0x63,0x0C,
	0x63,0x0C,0x63,0x0C,0x63,0x0C,0x63,0x0C,0x63,0x0C,0x63,0x0C,0x63,0x0C,0x63,0x0C,
	0x63,0x0C,0x63,0x0C,0x63,0x0C,0x63,0x0C,0x63,0x0C,0x63,0x0C,0x63,0x0C,0x63,0x0C,

	0x63,0x0C,0x63,0x0C,0x63,0x0C,0x63,0x0C,0x63,0x0C,0x63,0x0C,0x63,0x0C,0x63,0x0C,
	0x4A,0x29,0x63,0x0C,0x63,0x0C,0x63,0x0C,0x63,0x0C,0x63,0x0C,0x63,0x0C,0x63,0x0C,
	0x63,0x0C,0x63,0x0C,0x63,0x0C,0x63,0x0C,0x63,0x0C,0x63,0x0C,0x63,0x0C,0x63,0x0C,
	0x63,0x0C,0x63,0x0C,0x63,0x0C,0x63,0x0C,0x63,0x0C,0x63,0x0C,0x63,0x0C,0x63,0x0C,
	0x63,0x0C,0x63,0x0C,0x63,0x0C,0x63,0x0C,0x63,0x0C,0x63,0x0C,0x63,0x0C,0x63,0x0C,
	0x63,0x0C,0x63,0x0C,0x63,0x0C,0x63,0x0C,0x63,0x0C,0x63,0x0C,0x63,0x0C,0x63,0x0C,
	0x63,0x0C,0x63,0x0C,0x63,0x0C,0x63,0x0C,0x63,0x0C,0x63,0x0C,0x63,0x0C,0x63,0x0C,
	0x4A,0x29,0x63,0x0C,0x63,0x0C,0x63,0x0C,0x63,0x0C,0x63,0x0C,0x63,0x0C,0x63,0x0C,

	0x63,0x0C,0x63,0x0C,0x63,0x0C,0x63,0x0C,0x63,0x0C,0x63,0x0C,0x63,0x0C,0x63,0x0C,
	0x63,0x0C,0x63,0x0C,0x63,0x0C,0x63,0x0C,0x63,0x0C,0x63,0x0C,0x63,0x0C,0x63,0x0C,
	0x63,0x0C,0x63,0x0C,0x63,0x0C,0x63,0x0C,0x63,0x0C,0x63,0x0C,0x63,0x0C,0x63,0x0C,
	0x63,0x0C,0x63,0x0C,0x63,0x0C,0x63,0x0C,0x63,0x0C,0x63,0x0C,0x63,0x0C,0x63,0x0C,
	0x63,0x0C,0x63,0x0C,0x63,0x0C,0x63,0x0C,0x63,0x0C,0x63,0x0C,0x63,0x0C,0x63,0x0C,
	0x4A,0x29,0x63,0x0C,0x63,0x0C,0x63,0x0C,0x63,0x0C,0x63,0x0C,0x63,0x0C,0x63,0x0C,
	0x63,0x0C,0x63,0x0C,0x63,0x0C,0x63,0x0C,0x63,0x0C,0x63,0x0C,0x63,0x0C,0x63,0x0C,
	0x63,0x0C,0x63,0x0C,0x63,0x0C,0x63,0x0C,0x63,0x0C,0x63,0x0C,0x63,0x0C,0x63,0x0C,

	0x63,0x0C,0x63,0x0C,0x63,0x0C,0x63,0x0C,0x63,0x0C,0x63,0x0C,0x63,0x0C,0x63,0x0C,
	0x63,0x0C,0x63,0x0C,0x63,0x0C,0x63,0x0C,0x63,0x0C,0x63,0x0C,0x63,0x0C,0x63,0x0C,
	0x63,0x0C,0x63,0x0C,0x63,0x0C,0x63,0x0C,0x63,0x0C,0x63,0x0C,0x63,0x0C,0x63,0x0C,
	0x4A,0x29,0x63,0x0C,0x63,0x0C,0x63,0x0C,0x63,0x0C,0x63,0x0C,0x63,0x0C,0x63,0x0C,
	0x63,0x0C,0x63,0x0C,0x63,0x0C,0x63,0x0C,0x63,0x0C,0x63,0x0C,0x63,0x0C,0x63,0x0C,
	0x63,0x0C,0x63,0x0C,0x63,0x0C,0x63,0x0C,0x63,0x0C,0x63,0x0C,0x63,0x0C,0x63,0x0C,
	0x00,0x00,0x00,0x00,0x00,0x00,0x00,0x00,0x00,0x00,0x00,0x00,0x00,0x00,0x00,0x00,
	0x00,0x00,0x00,0x00,0x00,0x00,0x00,0x00,0x00,0x00,0x00,0x00,0x00,0x00,0x00,0x00,

	0x00,0x00,0x00,0x00,0x00,0x00,0x00,0x00,0x00,0x00,0x00,0x00,0x00,0x00,0x00,0x00,
	0x4A,0x29,0x00,0x00,0x00,0x00,0x00,0x00,0x00,0x00,0x00,0x00,0x00,0x00,0x00,0x00,
	0x00,0x00,0x00,0x00,0x00,0x00,0x00,0x00,0x00,0x00,0x00,0x00,0x00,0x00,0x00,0x00,
	0x00,0x00,0x00,0x00,0x00,0x00,0x00,0x00,0x00,0x00,0x00,0x00,0x00,0x00,0x00,0x00,
	0x00,0x00,0x00,0x00,0x00,0x00,0x00,0x00,0x00,0x00,0x00,0x00,0x00,0x00,0x00,0x00,
	0x00,0x00,0x00,0x00,0x00,0x00,0x00,0x00,0x00,0x00,0x00,0x00,0x00,0x00,0x00,0x00,
	0x00,0x00,0x00,0x00,0x00,0x00,0x00,0x00,0x00,0x00,0x00,0x00,0x00,0x00,0x00,0x00,
	0x4A,0x29,0x00,0x00,0x00,0x00,0x00,0x00,0x00,0x00,0x00,0x00,0x00,0x00,0x00,0x00,

	0x00,0x00,0x00,0x00,0x00,0x00,0x00,0x00,0x00,0x00,0x00,0x00,0x00,0x00,0x00,0x00,
	0x00,0x00,0x00,0x00,0x00,0x00,0x00,0x00,0x00,0x00,0x00,0x00,0x00,0x00,0x00,0x00,
	0x00,0x00,0x00,0x00,0x00,0x00,0x00,0x00,0x00,0x00,0x00,0x00,0x00,0x00,0x00,0x00,
	0x00,0x00,0x00,0x00,0x00,0x00,0x00,0x00,0x00,0x00,0x00,0x00,0x00,0x00,0x00,0x00,
	0x00,0x00,0x00,0x00,0x00,0x00,0x00,0x00,0x00,0x00,0x00,0x00,0x00,0x00,0x00,0x00,
	0x4A,0x29,0x00,0x00,0x00,0x00,0x00,0x00,0x00,0x00,0x00,0x00,0x00,0x00,0x00,0x00,
	0x00,0x00,0x00,0x00,0x00,0x00,0x00,0x00,0x00,0x00,0x00,0x00,0x00,0x00,0x00,0x00,
	0x00,0x00,0x00,0x00,0x00,0x00,0x00,0x00,0x00,0x00,0x00,0x00,0x00,0x00,0x00,0x00,

	0x00,0x00,0x00,0x00,0x00,0x00,0x00,0x00,0x00,0x00,0x00,0x00,0x00,0x00,0x00,0x00,
	0x00,0x00,0x00,0x00,0x00,0x00,0x00,0x00,0x00,0x00,0x00,0x00,0x00,0x00,0x00,0x00,
	0x00,0x00,0x00,0x00,0x00,0x00,0x00,0x00,0x00,0x00,0x00,0x00,0x00,0x00,0x00,0x00,
	0x4A,0x29,0x00,0x00,0x00,0x00,0x00,0x00,0x00,0x00,0x00,0x00,0x00,0x00,0x00,0x00,
	0x00,0x00,0x00,0x00,0x00,0x00,0x00,0x00,0x00,0x00,0x00,0x00,0x00,0x00,0x00,0x00,
	0x00,0x00,0x00,0x00,0x00,0x00,0x00,0x00,0x00,0x00,0x00,0x00,0x00,0x00,0x00,0x00,
	0x00,0x00,0x00,0x00,0x00,0x00,0x00,0x00,0x00,0x00,0x00,0x00,0x00,0x00,0x00,0x00,
	0x00,0x00,0x00,0x00,0x00,0x00,0x00,0x00,0x00,0x00,0x00,0x00,0x00,0x00,0x00,0x00,

	0x00,0x00,0x00,0x00,0x00,0x00,0x00,0x00,0x00,0x00,0x00,0x00,0x00,0x00,0x00,0x00,
	0x4A,0x29,0x00,0x00,0x00,0x00,0x00,0x00,0x00,0x00,0x00,0x00,0x00,0x00,0x00,0x00,
	0x00,0x00,0x00,0x00,0x00,0x00,0x00,0x00,0x00,0x00,0x00,0x00,0x00,0x00,0x00,0x00,
	0x00,0x00,0x00,0x00,0x00,0x00,0x00,0x00,0x00,0x00,0x00,0x00,0x00,0x00,0x00,0x00,
	0x63,0x0C,0x63,0x0C,0x63,0x0C,0x63,0x0C,0x63,0x0C,0x63,0x0C,0x63,0x0C,0x63,0x0C,
	0x63,0x0C,0x63,0x0C,0x63,0x0C,0x63,0x0C,0x63,0x0C,0x63,0x0C,0x63,0x0C,0x63,0x0C,
	0x63,0x0C,0x63,0x0C,0x63,0x0C,0x63,0x0C,0x63,0x0C,0x63,0x0C,0x63,0x0C,0x63,0x0C,
	0x4A,0x29,0x63,0x0C,0x63,0x0C,0x63,0x0C,0x63,0x0C,0x63,0x0C,0x63,0x0C,0x63,0x0C,

	0xEF,0x3D,0xEF,0x3D,0xEF,0x3D,0xEF,0x3D,0xEF,0x3D,0xEF,0x3D,0xEF,0x3D,0xEF,0x3D,
	0xEF,0x3D,0xEF,0x3D,0xEF,0x3D,0xEF,0x3D,0xEF,0x3D,0xEF,0x3D,0xEF,0x3D,0xEF,0x3D,
	0xEF,0x3D,0xEF,0x3D,0xEF,0x3D,0xEF,0x3D,0xEF,0x3D,0xEF,0x3D,0xEF,0x3D,0xEF,0x3D,
	0xEF,0x3D,0xEF,0x3D,0xEF,0x3D,0xEF,0x3D,0xEF,0x3D,0xEF,0x3D,0xEF,0x3D,0xEF,0x3D,
	0xEF,0x3D,0xEF,0x3D,0xEF,0x3D,0xEF,0x3D,0xEF,0x3D,0xEF,0x3D,0xEF,0x3D,0xEF,0x3D,
	0xEF,0x3D,0xEF,0x3D,0xEF,0x3D,0xEF,0x3D,0xEF,0x3D,0xEF,0x3D,0xEF,0x3D,0xEF,0x3D,
	0xEF,0x3D,0xEF,0x3D,0xEF,0x3D,0xEF,0x3D,0xEF,0x3D,0xEF,0x3D,0xEF,0x3D,0xEF,0x3D,
	0xEF,0x3D,0xEF,0x3D,0xEF,0x3D,0xEF,0x3D,0xEF,0x3D,0xEF,0x3D,0xEF,0x3D,0xEF,0x3D,

	0xEF,0x3D,0xEF,0x3D,0xEF,0x3D,0xEF,0x3D,0xEF,0x3D,0xEF,0x3D,0xEF,0x3D,0xEF,0x3D,
	0xEF,0x3D,0xEF,0x3D,0xEF,0x3D,0xEF,0x3D,0xEF,0x3D,0xEF,0x3D,0xEF,0x3D,0xEF,0x3D,
	0xEF,0x3D,0xEF,0x3D,0x63,0x0C,0x63,0x0C,0x63,0x0C,0x63,0x0C,0x63,0x0C,0x63,0x0C,
	0x4A,0x29,0x63,0x0C,0x63,0x0C,0x63,0x0C,0x63,0x0C,0x63,0x0C,0x63,0x0C,0xEF,0x3D,
	0xEF,0x3D,0xEF,0x3D,0xEF,0x3D,0xEF,0x3D,0xEF,0x3D,0xEF,0x3D,0xEF,0x3D,0xEF,0x3D,
	0xEF,0x3D,0xEF,0x3D,0xEF,0x3D,0xEF,0x3D,0xEF,0x3D,0xEF,0x3D,0xEF,0x3D,0xEF,0x3D,
	0xEF,0x3D,0xEF,0x3D,0xEF,0x3D,0xEF,0x3D,0xEF,0x3D,0xEF,0x3D,0xEF,0x3D,0xEF,0x3D,
	0xEF,0x3D,0xEF,0x3D,0xEF,0x3D,0xEF,0x3D,0xEF,0x3D,0xEF,0x3D,0xEF,0x3D,0xEF,0x3D,

	0xEF,0x3D,0xEF,0x3D,0xEF,0x3D,0xEF,0x3D,0xEF,0x3D,0xEF,0x3D,0xEF,0x3D,0xEF,0x3D,
	0xEF,0x3D,0xEF,0x3D,0xEF,0x3D,0xEF,0x3D,0xEF,0x3D,0xEF,0x3D,0xEF,0x3D,0xEF,0x3D,
	0xEF,0x3D,0xEF,0x3D,0xEF,0x3D,0xEF,0x3D,0xEF,0x3D,0xEF,0x3D,0xEF,0x3D,0xEF,0x3D,
	0xEF,0x3D,0xEF,0x3D,0xEF,0x3D,0xEF,0x3D,0xEF,0x3D,0xEF,0x3D,0xEF,0x3D,0xEF,0x3D,
	0xEF,0x3D,0xEF,0x3D,0xEF,0x3D,0xEF,0x3D,0xEF,0x3D,0xEF,0x3D,0xEF,0x3D,0xEF,0x3D,
	0xEF,0x3D,0xEF,0x3D,0xEF,0x3D,0xEF,0x3D,0xEF,0x3D,0xEF,0x3D,0xEF,0x3D,0xEF,0x3D,
	0xEF,0x3D,0x63,0x0C,0x63,0x0C,0x63,0x0C,0x63,0x0C,0x63,0x0C,0x63,0x0C,0x63,0x0C,
	0x4A,0x29,0x63,0x0C,0x63,0x0C,0x63,0x0C,0x63,0x0C,0x63,0x0C,0x63,0x0C,0x63,0x0C,

	0x63,0x0C,0x63,0x0C,0x63,0x0C,0x63,0x0C,0x63,0x0C,0x63,0x0C,0x63,0x0C,0x63,0x0C,
	0x63,0x0C,0x63,0x0C,0x63,0x0C,0x63,0x0C,0x63,0x0C,0x63,0x0C,0x63,0x0C,0x63,0x0C,
	0x00,0x00,0x00,0x00,0x00,0x00,0x00,0x00,0x00,0x00,0x00,0x00,0x00,0x00,0x00,0x00,
	0x00,0x00,0x00,0x00,0x00,0x00,0x00,0x00,0x00,0x00,0x00,0x00,0x00,0x00,0x00,0x00,
	0x00,0x00,0x00,0x00,0x00,0x00,0x00,0x00,0x00,0x00,0x00,0x00,0x00,0x00,0x00,0x00,
	0x4A,0x29,0x00,0x00,0x00,0x00,0x00,0x00,0x00,0x00,0x00,0x00,0x00,0x00,0x00,0x00,
	0xEF,0x3D,0x00,0x00,0x00,0x00,0x00,0x00,0x00,0x00,0x00,0x00,0x00,0x00,0x00,0x00,
	0x00,0x00,0x00,0x00,0x00,0x00,0x00,0x00,0x00,0x00,0x00,0x00,0x00,0x00,0x00,0x00,

	0x00,0x00,0x00,0x00,0x00,0x00,0x00,0x00,0x00,0x00,0x00,0x00,0x00,0x00,0x00,0x00,
	0x00,0x00,0x00,0x00,0x00,0x00,0x00,0x00,0x00,0x00,0x00,0x00,0x00,0x00,0x00,0x00,
	0x00,0x00,0x00,0x00,0x00,0x00,0x00,0x00,0x00,0x00,0x00,0x00,0x00,0x00,0x00,0x00,
	0x00,0x00,0x00,0x00,0x00,0x00,0x00,0x00,0x00,0x00,0x00,0x00,0x00,0x00,0x00,0x00,
	0x00,0x00,0x00,0x00,0x00,0x00,0x00,0x00,0x00,0x00,0x00,0x00,0x00,0x00,0x00,0x00,
	0x00,0x00,0x00,0x00,0x00,0x00,0x00,0x00,0x00,0x00,0x00,0x00,0x00,0x00,0x00,0x00,
	0x00,0x00,0x00,0x00,0x00,0x00,0x00,0x00,0x00,0x00,0x00,0x00,0x00,0x00,0x00,0x00,
	0x00,0x00,0x00,0x00,0x00,0x00,0x00,0x00,0x00,0x00,0x00,0x00,0x00,0x00,0x00,0x00,

	0x00,0x00,0xEF,0x3D,0x00,0x00,0x00,0x00,0x00,0x00,0x00,0x00,0x00,0x00,0x00,0x00,
	0x4A,0x29,0x00,0x00,0x00,0x00,0x00,0x00,0x00,0x00,0x00,0x00,0x00,0x00,0xEF,0x3D,
	0x00,0x00,0x00,0x00,0x00,0x00,0x00,0x00,0x00,0x00,0x00,0x00,0x00,0x00,0x00,0x00,
	0x00,0x00,0x00,0x00,0x00,0x00,0x00,0x00,0x00,0x00,0x00,0x00,0x00,0x00,0x00,0x00,
	0x00,0x00,0x00,0x00,0x00,0x00,0x00,0x00,0x00,0x00,0x00,0x00,0x00,0x00,0x00,0x00,
	0x00,0x00,0x00,0x00,0x00,0x00,0x00,0x00,0x00,0x00,0x00,0x00,0x00,0x00,0x00,0x00,
	0x00,0x00,0x00,0x00,0x00,0x00,0x00,0x00,0x00,0x00,0x00,0x00,0x00,0x00,0x00,0x00,
	0x00,0x00,0x00,0x00,0x00,0x00,0x00,0x00,0x00,0x00,0x00,0x00,0x00,0x00,0x00,0x00,

	0x00,0x00,0x00,0x00,0x00,0x00,0x00,0x00,0x00,0x00,0x00,0x00,0x00,0x00,0x00,0x00,
	0x00,0x00,0x00,0x00,0x00,0x00,0x00,0x00,0x00,0x00,0x00,0x00,0x00,0x00,0x00,0x00,
	0x00,0x00,0x00,0x00,0x00,0x00,0x00,0x00,0x00,0x00,0x00,0x00,0x00,0x00,0x00,0x00,
	0x00,0x00,0x00,0x00,0x00,0x00,0x00,0x00,0x00,0x00,0x00,0x00,0x00,0x00,0x00,0x00,
	0xEF,0x3D,0x00,0x00,0x00,0x00,0x00,0x00,0x00,0x00,0x00,0x00,0x00,0x00,0x00,0x00,
	0x4A,0x29,0x00,0x00,0x00,0x00,0x00,0x00,0x00,0x00,0x00,0x00,0x00,0x00,0x00,0x00,
	0x00,0x00,0x00,0x00,0x00,0x00,0x00,0x00,0x00,0x00,0x00,0x00,0x00,0x00,0x00,0x00,
	0x00,0x00,0x00,0x00,0x00,0x00,0x00,0x00,0x00,0x00,0x00,0x00,0x00,0x00,0x00,0x00,

	0x63,0x0C,0x63,0x0C,0x63,0x0C,0x63,0x0C,0x63,0x0C,0x63,0x0C,0x63,0x0C,0x63,0x0C,
	0x63,0x0C,0x63,0x0C,0x63,0x0C,0x63,0x0C,0x63,0x0C,0x63,0x0C,0x63,0x0C,0x63,0x0C,
	0x63,0x0C,0x63,0x0C,0x63,0x0C,0x63,0x0C,0x63,0x0C,0x63,0x0C,0x63,0x0C,0x63,0x0C,
	0x4A,0x29,0x63,0x0C,0x63,0x0C,0x63,0x0C,0x63,0x0C,0x63,0x0C,0x63,0x0C,0x63,0x0C,
	0xEF,0x3D,0x00,0x00,0x10,0x42,0x6B,0x2D,0x6B,0x2D,0x6B,0x2D,0x6B,0x2D,0x6B,0x2D,
	0x6B,0x2D,0x6B,0x2D,0x6B,0x2D,0x6B,0x2D,0x6B,0x2D,0x6B,0x2D,0x6B,0x2D,0x6B,0x2D,
	0x6B,0x2D,0x6B,0x2D,0x6B,0x2D,0x6B,0x2D,0x6B,0x2D,0x6B,0x2D,0x6B,0x2D,0x6B,0x2D,
	0x6B,0x2D,0x6B,0x2D,0x6B,0x2D,0x6B,0x2D,0x6B,0x2D,0x6B,0x2D,0x6B,0x2D,0x6B,0x2D,

	0x6B,0x2D,0x6B,0x2D,0x6B,0x2D,0x6B,0x2D,0x6B,0x2D,0x6B,0x2D,0x6B,0x2D,0x6B,0x2D,
	0x6B,0x2D,0x6B,0x2D,0x6B,0x2D,0x6B,0x2D,0x6B,0x2D,0x6B,0x2D,0x6B,0x2D,0x6B,0x2D,
	0x6B,0x2D,0x6B,0x2D,0x6B,0x2D,0x6B,0x2D,0x6B,0x2D,0x6B,0x2D,0x6B,0x2D,0x6B,0x2D,
	0x6B,0x2D,0x6B,0x2D,0x6B,0x2D,0x6B,0x2D,0x6B,0x2D,0x6B,0x2D,0x6B,0x2D,0x6B,0x2D,
	0x6B,0x2D,0x6B,0x2D,0x6B,0x2D,0x6B,0x2D,0x6B,0x2D,0x6B,0x2D,0x6B,0x2D,0x6B,0x2D,
	0x6B,0x2D,0x6B,0x2D,0x6B,0x2D,0x6B,0x2D,0x6B,0x2D,0x6B,0x2D,0x6B,0x2D,0x6B,0x2D,
	0x00,0x00,0xEF,0x3D,0x63,0x0C,0x63,0x0C,0x63,0x0C,0x63,0x0C,0x63,0x0C,0x63,0x0C,
	0x4A,0x29,0x63,0x0C,0x63,0x0C,0x63,0x0C,0x63,0x0C,0x63,0x0C,0x63,0x0C,0xEF,0x3D,

	0x00,0x00,0x10,0x42,0x6B,0x2D,0x6B,0x2D,0x6B,0x2D,0x6B,0x2D,0x6B,0x2D,0x6B,0x2D,
	0x6B,0x2D,0x6B,0x2D,0x6B,0x2D,0x6B,0x2D,0x6B,0x2D,0x6B,0x2D,0x6B,0x2D,0x6B,0x2D,
	0x6B,0x2D,0x6B,0x2D,0x6B,0x2D,0x6B,0x2D,0x6B,0x2D,0x6B,0x2D,0x6B,0x2D,0x6B,0x2D,
	0x6B,0x2D,0x6B,0x2D,0x6B,0x2D,0x6B,0x2D,0x6B,0x2D,0x6B,0x2D,0x6B,0x2D,0x6B,0x2D,
	0x6B,0x2D,0x6B,0x2D,0x6B,0x2D,0x6B,0x2D,0x6B,0x2D,0x6B,0x2D,0x6B,0x2D,0x6B,0x2D,
	0x6B,0x2D,0x6B,0x2D,0x6B,0x2D,0x6B,0x2D,0x6B,0x2D,0x6B,0x2D,0x6B,0x2D,0x6B,0x2D,
	0x6B,0x2D,0x6B,0x2D,0x6B,0x2D,0x6B,0x2D,0x6B,0x2D,0x6B,0x2D,0x6B,0x2D,0x6B,0x2D,
	0x6B,0x2D,0x6B,0x2D,0x6B,0x2D,0x6B,0x2D,0x6B,0x2D,0x6B,0x2D,0x6B,0x2D,0x6B,0x2D,

	0x6B,0x2D,0x6B,0x2D,0x6B,0x2D,0x6B,0x2D,0x6B,0x2D,0x6B,0x2D,0x6B,0x2D,0x6B,0x2D,
	0x6B,0x2D,0x6B,0x2D,0x6B,0x2D,0x6B,0x2D,0x6B,0x2D,0x6B,0x2D,0x6B,0x2D,0x00,0x00,
	0xEF,0x3D,0x63,0x0C,0x63,0x0C,0x63,0x0C,0x63,0x0C,0x63,0x0C,0x63,0x0C,0x63,0x0C,
	0x4A,0x29,0x63,0x0C,0x63,0x0C,0x63,0x0C,0x63,0x0C,0x63,0x0C,0x63,0x0C,0x63,0x0C,
	0x63,0x0C,0x63,0x0C,0x63,0x0C,0x63,0x0C,0x63,0x0C,0x63,0x0C,0x63,0x0C,0x63,0x0C,
	0x63,0x0C,0x63,0x0C,0x63,0x0C,0x63,0x0C,0x63,0x0C,0x63,0x0C,0x63,0x0C,0x63,0x0C,
	0x00,0x00,0x00,0x00,0x00,0x00,0x00,0x00,0x00,0x00,0x00,0x00,0x00,0x00,0x00,0x00,
	0x00,0x00,0x00,0x00,0x00,0x00,0x00,0x00,0x00,0x00,0x00,0x00,0x00,0x00,0x00,0x00,

	0x00,0x00,0x00,0x00,0x00,0x00,0x00,0x00,0x00,0x00,0x00,0x00,0x00,0x00,0x00,0x00,
	0x4A,0x29,0x00,0x00,0x00,0x00,0x00,0x00,0x00,0x00,0x00,0x00,0x00,0x00,0x00,0x00,
	0xEF,0x3D,0x00,0x00,0x10,0x42,0x63,0x0C,0x63,0x0C,0x63,0x0C,0x63,0x0C,0x63,0x0C,
	0x63,0x0C,0x63,0x0C,0x63,0x0C,0x63,0x0C,0x63,0x0C,0x63,0x0C,0x63,0x0C,0x63,0x0C,
	0x63,0x0C,0x63,0x0C,0x63,0x0C,0x63,0x0C,0x63,0x0C,0x63,0x0C,0x63,0x0C,0x63,0x0C,
	0x63,0x0C,0x63,0x0C,0x63,0x0C,0x63,0x0C,0x63,0x0C,0x63,0x0C,0x63,0x0C,0x63,0x0C,
	0x63,0x0C,0x63,0x0C,0x63,0x0C,0x63,0x0C,0x63,0x0C,0x63,0x0C,0x63,0x0C,0x63,0x0C,
	0x63,0x0C,0x63,0x0C,0x63,0x0C,0x63,0x0C,0x63,0x0C,0x63,0x0C,0x63,0x0C,0x63,0x0C,

	0x63,0x0C,0x63,0x0C,0x63,0x0C,0x63,0x0C,0x63,0x0C,0x63,0x0C,0x63,0x0C,0x63,0x0C,
	0x63,0x0C,0x63,0x0C,0x63,0x0C,0x63,0x0C,0x63,0x0C,0x63,0x0C,0x63,0x0C,0x63,0x0C,
	0x63,0x0C,0x63,0x0C,0x63,0x0C,0x63,0x0C,0x63,0x0C,0x63,0x0C,0x63,0x0C,0x63,0x0C,
	0x63,0x0C,0x63,0x0C,0x63,0x0C,0x63,0x0C,0x63,0x0C,0x63,0x0C,0x63,0x0C,0x6B,0x2D,
	0x00,0x00,0xEF,0x3D,0x00,0x00,0x00,0x00,0x00,0x00,0x00,0x00,0x00,0x00,0x00,0x00,
	0x4A,0x29,0x00,0x00,0x00,0x00,0x00,0x00,0x00,0x00,0x00,0x00,0x00,0x00,0xEF,0x3D,
	0x00,0x00,0x10,0x42,0x63,0x0C,0x63,0x0C,0x63,0x0C,0x63,0x0C,0x63,0x0C,0x63,0x0C,
	0x63,0x0C,0x63,0x0C,0x63,0x0C,0x63,0x0C,0x63,0x0C,0x63,0x0C,0x63,0x0C,0x63,0x0C,

	0x63,0x0C,0x63,0x0C,0x63,0x0C,0x63,0x0C,0x63,0x0C,0x63,0x0C,0x63,0x0C,0x63,0x0C,
	0x63,0x0C,0x63,0x0C,0x63,0x0C,0x63,0x0C,0x63,0x0C,0x63,0x0C,0x63,0x0C,0x63,0x0C,
	0x63,0x0C,0x63,0x0C,0x63,0x0C,0x63,0x0C,0x63,0x0C,0x63,0x0C,0x63,0x0C,0x63,0x0C,
	0x63,0x0C,0x63,0x0C,0x63,0x0C,0x63,0x0C,0x63,0x0C,0x63,0x0C,0x63,0x0C,0x63,0x0C,
	0x63,0x0C,0x63,0x0C,0x63,0x0C,0x63,0x0C,0x63,0x0C,0x63,0x0C,0x63,0x0C,0x63,0x0C,
	0x63,0x0C,0x63,0x0C,0x63,0x0C,0x63,0x0C,0x63,0x0C,0x63,0x0C,0x63,0x0C,0x63,0x0C,
	0x63,0x0C,0x63,0x0C,0x63,0x0C,0x63,0x0C,0x63,0x0C,0x63,0x0C,0x63,0x0C,0x63,0x0C,
	0x63,0x0C,0x63,0x0C,0x63,0x0C,0x63,0x0C,0x63,0x0C,0x63,0x0C,0x6B,0x2D,0x00,0x00,

	0xEF,0x3D,0x00,0x00,0x00,0x00,0x00,0x00,0x00,0x00,0x00,0x00,0x00,0x00,0x00,0x00,
	0x4A,0x29,0x00,0x00,0x00,0x00,0x00,0x00,0x00,0x00,0x00,0x00,0x00,0x00,0x00,0x00,
	0x00,0x00,0x00,0x00,0x00,0x00,0x00,0x00,0x00,0x00,0x00,0x00,0x00,0x00,0x00,0x00,
	0x00,0x00,0x00,0x00,0x00,0x00,0x00,0x00,0x00,0x00,0x00,0x00,0x00,0x00,0x00,0x00,
	0x63,0x0C,0x63,0x0C,0x63,0x0C,0x63,0x0C,0x63,0x0C,0x63,0x0C,0x63,0x0C,0x63,0x0C,
	0x63,0x0C,0x63,0x0C,0x63,0x0C,0x63,0x0C,0x63,0x0C,0x63,0x0C,0x63,0x0C,0x63,0x0C,
	0x63,0x0C,0x63,0x0C,0x63,0x0C,0x63,0x0C,0x63,0x0C,0x63,0x0C,0x63,0x0C,0x63,0x0C,
	0x4A,0x29,0x63,0x0C,0x63,0x0C,0x63,0x0C,0x63,0x0C,0x63,0x0C,0x63,0x0C,0x63,0x0C,

	0xEF,0x3D,0x00,0x00,0x10,0x42,0x00,0x00,0x00,0x00,0x00,0x00,0x00,0x00,0x00,0x00,
	0x00,0x00,0x00,0x00,0x00,0x00,0x00,0x00,0x00,0x00,0x00,0x00,0x00,0x00,0x00,0x00,
	0x00,0x00,0x00,0x00,0x00,0x00,0x00,0x00,0x00,0x00,0x00,0x00,0x00,0x00,0x00,0x00,
	0x00,0x00,0x00,0x00,0x00,0x00,0x00,0x00,0x00,0x00,0x00,0x00,0x00,0x00,0x00,0x00,
	0x00,0x00,0x00,0x00,0x00,0x00,0x00,0x00,0x00,0x00,0x00,0x00,0x00,0x00,0x00,0x00,
	0x00,0x00,0x00,0x00,0x00,0x00,0x00,0x00,0x00,0x00,0x00,0x00,0x00,0x00,0x00,0x00,
	0x00,0x00,0x00,0x00,0x00,0x00,0x00,0x00,0x00,0x00,0x00,0x00,0x00,0x00,0x00,0x00,
	0x00,0x00,0xFF,0x7F,0x00,0x00,0x00,0x00,0x00,0x00,0x00,0x00,0x00,0x00,0x00,0x00,

	0x00,0x00,0x00,0x00,0x00,0x00,0x00,0x00,0x00,0x00,0x00,0x00,0x00,0x00,0x00,0x00,
	0x00,0x00,0x00,0x00,0x00,0x00,0x00,0x00,0x00,0x00,0x00,0x00,0x00,0x00,0x6B,0x2D,
	0x00,0x00,0xEF,0x3D,0x63,0x0C,0x63,0x0C,0x63,0x0C,0x63,0x0C,0x63,0x0C,0x63,0x0C,
	0x4A,0x29,0x63,0x0C,0x63,0x0C,0x63,0x0C,0x63,0x0C,0x63,0x0C,0x63,0x0C,0xEF,0x3D,
	0x00,0x00,0x10,0x42,0x00,0x00,0x00,0x00,0x00,0x00,0x00,0x00,0x00,0x00,0x00,0x00,
	0x00,0x00,0x00,0x00,0x00,0x00,0x00,0x00,0x00,0x00,0x00,0x00,0x00,0x00,0x00,0x00,
	0x00,0x00,0x00,0x00,0x00,0x00,0x00,0x00,0x00,0x00,0x00,0x00,0x00,0x00,0x00,0x00,
	0x00,0x00,0x00,0x00,0x00,0x00,0x00,0x00,0x00,0x00,0x00,0x00,0x00,0x00,0x00,0x00,

	0x00,0x00,0x00,0x00,0x00,0x00,0x00,0x00,0x00,0x00,0x00,0x00,0x00,0x00,0x00,0x00,
	0x00,0x00,0x00,0x00,0xFF,0x7F,0x00,0x00,0x00,0x00,0x00,0x00,0x00,0x00,0x00,0x00,
	0x00,0x00,0x00,0x00,0x00,0x00,0x00,0x00,0x00,0x00,0x00,0x00,0x00,0x00,0x00,0x00,
	0x00,0x00,0xFF,0x7F,0x00,0x00,0x00,0x00,0x00,0x00,0x00,0x00,0x00,0x00,0x00,0x00,
	0x00,0x00,0x00,0x00,0x00,0x00,0x00,0x00,0x00,0x00,0x00,0x00,0x00,0x00,0x00,0x00,
	0x00,0x00,0x00,0x00,0x00,0x00,0x00,0x00,0x00,0x00,0x00,0x00,0x6B,0x2D,0x00,0x00,
	0xEF,0x3D,0x63,0x0C,0x63,0x0C,0x63,0x0C,0x63,0x0C,0x63,0x0C,0x63,0x0C,0x63,0x0C,
	0x4A,0x29,0x63,0x0C,0x63,0x0C,0x63,0x0C,0x63,0x0C,0x63,0x0C,0x63,0x0C,0x63,0x0C,

	0x63,0x0C,0x63,0x0C,0x63,0x0C,0x63,0x0C,0x63,0x0C,0x63,0x0C,0x63,0x0C,0x63,0x0C,
	0x63,0x0C,0x63,0x0C,0x63,0x0C,0x63,0x0C,0x63,0x0C,0x63,0x0C,0x63,0x0C,0x63,0x0C,
	0x00,0x00,0x00,0x00,0x00,0x00,0x00,0x00,0x00,0x00,0x00,0x00,0x00,0x00,0x00,0x00,
	0x00,0x00,0x00,0x00,0x00,0x00,0x00,0x00,0x00,0x00,0x00,0x00,0x00,0x00,0x00,0x00,
	0x00,0x00,0x00,0x00,0x00,0x00,0x00,0x00,0x00,0x00,0x00,0x00,0x00,0x00,0x00,0x00,
	0x4A,0x29,0x00,0x00,0x00,0x00,0x00,0x00,0x00,0x00,0x00,0x00,0x00,0x00,0x00,0x00,
	0xEF,0x3D,0x00,0x00,0x10,0x42,0x63,0x0C,0x63,0x0C,0x63,0x0C,0x63,0x0C,0x63,0x0C,
	0x63,0x0C,0x63,0x0C,0x63,0x0C,0x63,0x0C,0x63,0x0C,0x63,0x0C,0x63,0x0C,0x63,0x0C,

	0x63,0x0C,0x63,0x0C,0x63,0x0C,0x63,0x0C,0xFF,0x7F,0xFF,0x7F,0xFF,0x7F,0xFF,0x7F,
	0x63,0x0C,0x63,0x0C,0x63,0x0C,0x63,0x0C,0x63,0x0C,0xFF,0x7F,0xFF,0x7F,0xFF,0x7F,
	0x63,0x0C,0x63,0x0C,0x63,0x0C,0x63,0x0C,0x63,0x0C,0x63,0x0C,0x63,0x0C,0x63,0x0C,
	0xFF,0x7F,0xFF,0x7F,0xFF,0x7F,0x63,0x0C,0x63,0x0C,0x63,0x0C,0x63,0x0C,0x63,0x0C,
	0x63,0x0C,0x63,0x0C,0x63,0x0C,0x63,0x0C,0x63,0x0C,0x63,0x0C,0x63,0x0C,0x63,0x0C,
	0x63,0x0C,0xFF,0x7F,0x63,0x0C,0x63,0x0C,0x63,0x0C,0x63,0x0C,0x63,0x0C,0x63,0x0C,
	0x63,0x0C,0x63,0x0C,0x63,0x0C,0x63,0x0C,0x63,0x0C,0x63,0x0C,0x63,0x0C,0x63,0x0C,
	0x63,0x0C,0x63,0x0C,0x63,0x0C,0x63,0x0C,0x63,0x0C,0x63,0x0C,0x63,0x0C,0x6B,0x2D,

	0x00,0x00,0xEF,0x3D,0x00,0x00,0x00,0x00,0x00,0x00,0x00,0x00,0x00,0x00,0x00,0x00,
	0x4A,0x29,0x00,0x00,0x00,0x00,0x00,0x00,0x00,0x00,0x00,0x00,0x00,0x00,0xEF,0x3D,
	0x00,0x00,0x10,0x42,0x63,0x0C,0x63,0x0C,0x63,0x0C,0x63,0x0C,0x63,0x0C,0x63,0x0C,
	0x63,0x0C,0x63,0x0C,0x63,0x0C,0x63,0x0C,0x63,0x0C,0x63,0x0C,0x63,0x0C,0x63,0x0C,
	0x63,0x0C,0xFF,0x7F,0xFF,0x7F,0xFF,0x7F,0xFF,0x7F,0xFF,0x7F,0x63,0x0C,0x63,0x0C,
	0xFF,0x7F,0xFF,0x7F,0xFF,0x7F,0xFF,0x7F,0xFF,0x7F,0x63,0x0C,0x63,0x0C,0x63,0x0C,
	0x63,0x0C,0x63,0x0C,0x63,0x0C,0x63,0x0C,0xFF,0x7F,0xFF,0x7F,0xFF,0x7F,0xFF,0x7F,
	0xFF,0x7F,0x63,0x0C,0xFF,0x7F,0x63,0x0C,0x63,0x0C,0x63,0x0C,0x63,0x0C,0x63,0x0C,

	0x63,0x0C,0x63,0x0C,0x63,0x0C,0x63,0x0C,0x63,0x0C,0x63,0x0C,0x63,0x0C,0x63,0x0C,
	0x63,0x0C,0xFF,0x7F,0x63,0x0C,0x63,0x0C,0x63,0x0C,0x63,0x0C,0x63,0x0C,0x63,0x0C,
	0x63,0x0C,0x63,0x0C,0x63,0x0C,0x63,0x0C,0x63,0x0C,0x63,0x0C,0x63,0x0C,0x63,0x0C,
	0x63,0x0C,0x63,0x0C,0x63,0x0C,0x63,0x0C,0x63,0x0C,0x63,0x0C,0x6B,0x2D,0x00,0x00,
	0xEF,0x3D,0x00,0x00,0x00,0x00,0x00,0x00,0x00,0x00,0x00,0x00,0x00,0x00,0x00,0x00,
	0x4A,0x29,0x00,0x00,0x00,0x00,0x00,0x00,0x00,0x00,0x00,0x00,0x00,0x00,0x00,0x00,
	0x00,0x00,0x00,0x00,0x00,0x00,0x00,0x00,0x00,0x00,0x00,0x00,0x00,0x00,0x00,0x00,
	0x00,0x00,0x00,0x00,0x00,0x00,0x00,0x00,0x00,0x00,0x00,0x00,0x00,0x00,0x00,0x00,

	0x63,0x0C,0x63,0x0C,0x63,0x0C,0x63,0x0C,0x63,0x0C,0x63,0x0C,0x63,0x0C,0x63,0x0C,
	0x63,0x0C,0x63,0x0C,0x63,0x0C,0x63,0x0C,0x63,0x0C,0x63,0x0C,0x63,0x0C,0x63,0x0C,
	0x63,0x0C,0x63,0x0C,0x63,0x0C,0x63,0x0C,0x63,0x0C,0x63,0x0C,0x63,0x0C,0x63,0x0C,
	0x4A,0x29,0x63,0x0C,0x63,0x0C,0x63,0x0C,0x63,0x0C,0x63,0x0C,0x63,0x0C,0x63,0x0C,
	0xEF,0x3D,0x00,0x00,0x10,0x42,0x00,0x00,0x00,0x00,0x00,0x00,0x00,0x00,0x00,0x00,
	0x00,0x00,0x00,0x00,0x00,0x00,0x00,0x00,0x00,0x00,0x00,0x00,0x00,0x00,0x00,0x00,
	0x00,0x00,0x00,0x00,0x00,0x00,0x00,0x00,0xFF,0x7F,0x00,0x00,0x00,0x00,0x00,0x00,
	0xFF,0x7F,0x00,0x00,0x00,0x00,0x00,0x00,0xFF,0x7F,0x00,0x00,0x00,0x00,0x00,0x00,

	0xFF,0x7F,0x00,0x00,0x00,0x00,0x00,0x00,0x00,0x00,0x00,0x00,0x00,0x00,0xFF,0x7F,
	0x00,0x00,0x00,0x00,0x00,0x00,0xFF,0x7F,0x00,0x00,0x00,0x00,0xFF,0x7F,0x00,0x00,
	0x00,0x00,0x00,0x00,0x00,0x00,0x00,0x00,0x00,0x00,0x00,0x00,0x00,0x00,0x00,0x00,
	0x00,0x00,0xFF,0x7F,0x00,0x00,0x00,0x00,0x00,0x00,0x00,0x00,0x00,0x00,0x00,0x00,
	0x00,0x00,0x00,0x00,0x00,0x00,0x00,0x00,0x00,0x00,0x00,0x00,0x00,0x00,0x00,0x00,
	0x00,0x00,0x00,0x00,0x00,0x00,0x00,0x00,0x00,0x00,0x00,0x00,0x00,0x00,0x6B,0x2D,
	0x00,0x00,0xEF,0x3D,0x63,0x0C,0x63,0x0C,0x63,0x0C,0x63,0x0C,0x63,0x0C,0x63,0x0C,
	0x4A,0x29,0x63,0x0C,0x63,0x0C,0x63,0x0C,0x63,0x0C,0x63,0x0C,0x63,0x0C,0xEF,0x3D,

	0x00,0x00,0x10,0x42,0x00,0x00,0x00,0x00,0x00,0x00,0x00,0x00,0x00,0x00,0x00,0x00,
	0x00,0x00,0x00,0x00,0x00,0x00,0x00,0x00,0x00,0x00,0x00,0x00,0x00,0x00,0x00,0x00,
	0x00,0x00,0xFF,0x7F,0x00,0x00,0x00,0x00,0x00,0x00,0x00,0x00,0x00,0x00,0x00,0x00,
	0x00,0x00,0x00,0x00,0x00,0x00,0x00,0x00,0xFF,0x7F,0x00,0x00,0x00,0x00,0x00,0x00,
	0x00,0x00,0x00,0x00,0x00,0x00,0x00,0x00,0xFF,0x7F,0x00,0x00,0x00,0x00,0x00,0x00,
	0x00,0x00,0x00,0x00,0xFF,0x7F,0x00,0x00,0x00,0x00,0x00,0x00,0x00,0x00,0x00,0x00,
	0x00,0x00,0x00,0x00,0x00,0x00,0x00,0x00,0x00,0x00,0x00,0x00,0x00,0x00,0x00,0x00,
	0x00,0x00,0xFF,0x7F,0x00,0x00,0x00,0x00,0x00,0x00,0x00,0x00,0x00,0x00,0x00,0x00,

	0x00,0x00,0x00,0x00,0x00,0x00,0x00,0x00,0x00,0x00,0x00,0x00,0x00,0x00,0x00,0x00,
	0x00,0x00,0x00,0x00,0x00,0x00,0x00,0x00,0x00,0x00,0x00,0x00,0x6B,0x2D,0x00,0x00,
	0xEF,0x3D,0x63,0x0C,0x63,0x0C,0x63,0x0C,0x63,0x0C,0x63,0x0C,0x63,0x0C,0x63,0x0C,
	0x4A,0x29,0x63,0x0C,0x63,0x0C,0x63,0x0C,0x63,0x0C,0x63,0x0C,0x63,0x0C,0x63,0x0C,
	0x63,0x0C,0x63,0x0C,0x63,0x0C,0x63,0x0C,0x63,0x0C,0x63,0x0C,0x63,0x0C,0x63,0x0C,
	0x63,0x0C,0x63,0x0C,0x63,0x0C,0x63,0x0C,0x63,0x0C,0x63,0x0C,0x63,0x0C,0x63,0x0C,
	0x00,0x00,0x00,0x00,0x00,0x00,0x00,0x00,0x00,0x00,0x00,0x00,0x00,0x00,0x00,0x00,
	0x00,0x00,0x00,0x00,0x00,0x00,0x00,0x00,0x00,0x00,0x00,0x00,0x00,0x00,0x00,0x00,

	0x00,0x00,0x00,0x00,0x00,0x00,0x00,0x00,0x00,0x00,0x00,0x00,0x00,0x00,0x4A,0x29,
	0x4A,0x29,0x4A,0x29,0x00,0x00,0x00,0x00,0x00,0x00,0x00,0x00,0x00,0x00,0x00,0x00,
	0xEF,0x3D,0x00,0x00,0x10,0x42,0x63,0x0C,0x63,0x0C,0x63,0x0C,0x63,0x0C,0x63,0x0C,
	0x63,0x0C,0x63,0x0C,0x63,0x0C,0x63,0x0C,0x63,0x0C,0x63,0x0C,0x63,0x0C,0x63,0x0C,
	0x63,0x0C,0x63,0x0C,0x63,0x0C,0x63,0x0C,0xFF,0x7F,0x63,0x0C,0x63,0x0C,0x63,0x0C,
	0x63,0x0C,0xFF,0x7F,0x63,0x0C,0x63,0x0C,0xFF,0x7F,0x63,0x0C,0x63,0x0C,0x63,0x0C,
	0x63,0x0C,0x63,0x0C,0x63,0x0C,0x63,0x0C,0x63,0x0C,0x63,0x0C,0x63,0x0C,0xFF,0x7F,
	0x63,0x0C,0x63,0x0C,0x63,0x0C,0x63,0x0C,0x63,0x0C,0xFF,0x7F,0xFF,0x7F,0xFF,0x7F,

	0xFF,0x7F,0x63,0x0C,0x63,0x0C,0xFF,0x7F,0x63,0x0C,0x63,0x0C,0xFF,0x7F,0x63,0x0C,
	0x63,0x0C,0xFF,0x7F,0x63,0x0C,0x63,0x0C,0x63,0x0C,0xFF,0x7F,0xFF,0x7F,0x63,0x0C,
	0x63,0x0C,0x63,0x0C,0x63,0x0C,0x63,0x0C,0x63,0x0C,0x63,0x0C,0x63,0x0C,0x63,0x0C,
	0x63,0x0C,0x63,0x0C,0x63,0x0C,0x63,0x0C,0x63,0x0C,0x63,0x0C,0x63,0x0C,0x6B,0x2D,
	0x00,0x00,0xEF,0x3D,0x00,0x00,0x00,0x00,0x00,0x00,0x00,0x00,0x00,0x00,0x4A,0x29,
	0x4A,0x29,0x4A,0x29,0x00,0x00,0x00,0x00,0x00,0x00,0x00,0x00,0x00,0x00,0xEF,0x3D,
	0x00,0x00,0x10,0x42,0x63,0x0C,0x63,0x0C,0x63,0x0C,0x63,0x0C,0x63,0x0C,0x63,0x0C,
	0x63,0x0C,0x63,0x0C,0x63,0x0C,0x63,0x0C,0x63,0x0C,0x63,0x0C,0x63,0x0C,0x63,0x0C,

	0x63,0x0C,0xFF,0x7F,0x63,0x0C,0x63,0x0C,0x63,0x0C,0x63,0x0C,0x63,0x0C,0x63,0x0C,
	0x63,0x0C,0x63,0x0C,0x63,0x0C,0xFF,0x7F,0x63,0x0C,0x63,0x0C,0x63,0x0C,0x63,0x0C,
	0x63,0x0C,0x63,0x0C,0x63,0x0C,0x63,0x0C,0xFF,0x7F,0x63,0x0C,0x63,0x0C,0x63,0x0C,
	0x63,0x0C,0x63,0x0C,0xFF,0x7F,0x63,0x0C,0x63,0x0C,0x63,0x0C,0xFF,0x7F,0xFF,0x7F,
	0x63,0x0C,0x63,0x0C,0x63,0x0C,0x63,0x0C,0xFF,0x7F,0xFF,0x7F,0xFF,0x7F,0x63,0x0C,
	0x63,0x0C,0xFF,0x7F,0xFF,0x7F,0xFF,0x7F,0x63,0x0C,0x63,0x0C,0x63,0x0C,0x63,0x0C,
	0x63,0x0C,0x63,0x0C,0x63,0x0C,0x63,0x0C,0x63,0x0C,0x63,0x0C,0x63,0x0C,0x63,0x0C,
	0x63,0x0C,0x63,0x0C,0x63,0x0C,0x63,0x0C,0x63,0x0C,0x63,0x0C,0x6B,0x2D,0x00,0x00,

	0xEF,0x3D,0x00,0x00,0x00,0x00,0x00,0x00,0x00,0x00,0x00,0x00,0x00,0x00,0x4A,0x29,
	0x4A,0x29,0x4A,0x29,0x00,0x00,0x00,0x00,0x00,0x00,0x00,0x00,0x00,0x00,0x00,0x00,
	0x00,0x00,0x00,0x00,0x00,0x00,0x00,0x00,0x00,0x00,0x00,0x00,0x00,0x00,0x00,0x00,
	0x00,0x00,0x00,0x00,0x00,0x00,0x00,0x00,0x00,0x00,0x00,0x00,0x00,0x00,0x00,0x00,
	0x4A,0x29,0x4A,0x29,0x4A,0x29,0x4A,0x29,0x4A,0x29,0x4A,0x29,0x4A,0x29,0x4A,0x29,
	0x4A,0x29,0x4A,0x29,0x4A,0x29,0x4A,0x29,0x4A,0x29,0x4A,0x29,0x4A,0x29,0x4A,0x29,
	0x4A,0x29,0x4A,0x29,0x4A,0x29,0x4A,0x29,0x4A,0x29,0x4A,0x29,0x4A,0x29,0x4A,0x29,
	0x4A,0x29,0x4A,0x29,0x4A,0x29,0x4A,0x29,0x4A,0x29,0x4A,0x29,0x4A,0x29,0x4A,0x29,

	0xEF,0x3D,0x00,0x00,0x10,0x42,0x00,0x00,0x00,0x00,0x00,0x00,0x00,0x00,0x00,0x00,
	0x00,0x00,0x00,0x00,0x00,0x00,0x00,0x00,0x00,0x00,0x00,0x00,0x00,0x00,0x00,0x00,
	0x00,0x00,0x00,0x00,0x00,0x00,0x00,0x00,0xFF,0x7F,0x00,0x00,0x00,0x00,0x00,0x00,
	0x00,0x00,0xFF,0x7F,0x00,0x00,0x00,0x00,0x00,0x00,0xFF,0x7F,0xFF,0x7F,0xFF,0x7F,
	0x00,0x00,0x00,0x00,0x00,0x00,0x00,0x00,0x00,0x00,0x00,0x00,0x00,0x00,0x00,0x00,
	0xFF,0x7F,0xFF,0x7F,0xFF,0x7F,0x00,0x00,0x00,0x00,0x00,0x00,0xFF,0x7F,0x00,0x00,
	0x00,0x00,0x00,0x00,0x00,0x00,0xFF,0x7F,0x00,0x00,0x00,0x00,0xFF,0x7F,0x00,0x00,
	0x00,0x00,0xFF,0x7F,0x00,0x00,0x00,0x00,0xFF,0x7F,0x00,0x00,0x00,0x00,0xFF,0x7F,

	0x00,0x00,0x00,0x00,0x00,0x00,0x00,0x00,0x00,0x00,0x00,0x00,0x00,0x00,0x00,0x00,
	0x00,0x00,0x00,0x00,0x00,0x00,0x00,0x00,0x00,0x00,0x00,0x00,0x00,0x00,0x6B,0x2D,
	0x00,0x00,0xEF,0x3D,0x4A,0x29,0x4A,0x29,0x4A,0x29,0x4A,0x29,0x4A,0x29,0x4A,0x29,
	0x4A,0x29,0x4A,0x29,0x4A,0x29,0x4A,0x29,0x4A,0x29,0x4A,0x29,0x4A,0x29,0xEF,0x3D,
	0x00,0x00,0x10,0x42,0x00,0x00,0x00,0x00,0x00,0x00,0x00,0x00,0x00,0x00,0x00,0x00,
	0x00,0x00,0x00,0x00,0x00,0x00,0x00,0x00,0x00,0x00,0x00,0x00,0x00,0x00,0x00,0x00,
	0x00,0x00,0xFF,0x7F,0xFF,0x7F,0xFF,0x7F,0xFF,0x7F,0x00,0x00,0x00,0x00,0x00,0x00,
	0x00,0x00,0x00,0x00,0xFF,0x7F,0x00,0x00,0x00,0x00,0x00,0x00,0x00,0x00,0xFF,0x7F,

	0xFF,0x7F,0xFF,0x7F,0x00,0x00,0x00,0x00,0xFF,0x7F,0xFF,0x7F,0xFF,0x7F,0xFF,0x7F,
	0x00,0x00,0x00,0x00,0xFF,0x7F,0x00,0x00,0x00,0x00,0x00,0x00,0x00,0x00,0x00,0x00,
	0xFF,0x7F,0x00,0x00,0x00,0x00,0xFF,0x7F,0x00,0x00,0x00,0x00,0x00,0x00,0x00,0x00,
	0x00,0x00,0xFF,0x7F,0x00,0x00,0x00,0x00,0xFF,0x7F,0x00,0x00,0x00,0x00,0x00,0x00,
	0x00,0x00,0x00,0x00,0x00,0x00,0x00,0x00,0x00,0x00,0x00,0x00,0x00,0x00,0x00,0x00,
	0x00,0x00,0x00,0x00,0x00,0x00,0x00,0x00,0x00,0x00,0x00,0x00,0x6B,0x2D,0x00,0x00,
	0xEF,0x3D,0x4A,0x29,0x4A,0x29,0x4A,0x29,0x4A,0x29,0x4A,0x29,0x4A,0x29,0x4A,0x29,
	0x4A,0x29,0x4A,0x29,0x4A,0x29,0x4A,0x29,0x4A,0x29,0x4A,0x29,0x4A,0x29,0x4A,0x29,

	0x4A,0x29,0x4A,0x29,0x4A,0x29,0x4A,0x29,0x4A,0x29,0x4A,0x29,0x4A,0x29,0x4A,0x29,
	0x4A,0x29,0x4A,0x29,0x4A,0x29,0x4A,0x29,0x4A,0x29,0x4A,0x29,0x4A,0x29,0x4A,0x29,
	0x00,0x00,0x00,0x00,0x00,0x00,0x00,0x00,0x00,0x00,0x00,0x00,0x00,0x00,0x00,0x00,
	0x00,0x00,0x00,0x00,0x00,0x00,0x00,0x00,0x00,0x00,0x00,0x00,0x00,0x00,0x00,0x00,
	0x00,0x00,0x00,0x00,0x00,0x00,0x00,0x00,0x00,0x00,0x00,0x00,0x00,0x00,0x4A,0x29,
	0x4A,0x29,0x4A,0x29,0x00,0x00,0x00,0x00,0x00,0x00,0x00,0x00,0x00,0x00,0x00,0x00,
	0xEF,0x3D,0x00,0x00,0x10,0x42,0x63,0x0C,0x63,0x0C,0x63,0x0C,0x63,0x0C,0x63,0x0C,
	0x63,0x0C,0x63,0x0C,0x63,0x0C,0x63,0x0C,0x63,0x0C,0x63,0x0C,0x63,0x0C,0x63,0x0C,

	0x63,0x0C,0x63,0x0C,0x63,0x0C,0x63,0x0C,0xFF,0x7F,0x63,0x0C,0x63,0x0C,0x63,0x0C,
	0x63,0x0C,0xFF,0x7F,0x63,0x0C,0x63,0x0C,0x63,0x0C,0x63,0x0C,0x63,0x0C,0x63,0x0C,
	0xFF,0x7F,0x63,0x0C,0x63,0x0C,0x63,0x0C,0x63,0x0C,0x63,0x0C,0x63,0x0C,0x63,0x0C,
	0x63,0x0C,0x63,0x0C,0x63,0x0C,0xFF,0x7F,0x63,0x0C,0x63,0x0C,0xFF,0x7F,0x63,0x0C,
	0x63,0x0C,0x63,0x0C,0x63,0x0C,0xFF,0x7F,0x63,0x0C,0x63,0x0C,0xFF,0x7F,0x63,0x0C,
	0x63,0x0C,0xFF,0x7F,0x63,0x0C,0x63,0x0C,0xFF,0x7F,0xFF,0x7F,0xFF,0x7F,0xFF,0x7F,
	0x63,0x0C,0x63,0x0C,0x63,0x0C,0x63,0x0C,0x63,0x0C,0x63,0x0C,0x63,0x0C,0x63,0x0C,
	0x63,0x0C,0x63,0x0C,0x63,0x0C,0x63,0x0C,0x63,0x0C,0x63,0x0C,0x63,0x0C,0x6B,0x2D,

	0x00,0x00,0xEF,0x3D,0x00,0x00,0x00,0x00,0x00,0x00,0x00,0x00,0x00,0x00,0x4A,0x29,
	0x4A,0x29,0x4A,0x29,0x00,0x00,0x00,0x00,0x00,0x00,0x00,0x00,0x00,0x00,0xEF,0x3D,
	0x00,0x00,0x10,0x42,0x63,0x0C,0x63,0x0C,0x63,0x0C,0x63,0x0C,0x63,0x0C,0x63,0x0C,
	0x63,0x0C,0x63,0x0C,0x63,0x0C,0x63,0x0C,0x63,0x0C,0x63,0x0C,0x63,0x0C,0x63,0x0C,
	0x63,0x0C,0xFF,0x7F,0x63,0x0C,0x63,0x0C,0x63,0x0C,0x63,0x0C,0x63,0x0C,0x63,0x0C,
	0x63,0x0C,0xFF,0x7F,0x63,0x0C,0x63,0x0C,0x63,0x0C,0x63,0x0C,0x63,0x0C,0x63,0x0C,
	0x63,0x0C,0x63,0x0C,0x63,0x0C,0x63,0x0C,0xFF,0x7F,0x63,0x0C,0x63,0x0C,0x63,0x0C,
	0x63,0x0C,0x63,0x0C,0xFF,0x7F,0x63,0x0C,0x63,0x0C,0x63,0x0C,0xFF,0x7F,0xFF,0x7F,

	0xFF,0x7F,0x63,0x0C,0x63,0x0C,0x63,0x0C,0xFF,0x7F,0xFF,0x7F,0x63,0x0C,0x63,0x0C,
	0x63,0x0C,0xFF,0x7F,0x63,0x0C,0x63,0x0C,0xFF,0x7F,0x63,0x0C,0x63,0x0C,0x63,0x0C,
	0x63,0x0C,0x63,0x0C,0x63,0x0C,0x63,0x0C,0x63,0x0C,0x63,0x0C,0x63,0x0C,0x63,0x0C,
	0x63,0x0C,0x63,0x0C,0x63,0x0C,0x63,0x0C,0x63,0x0C,0x63,0x0C,0x6B,0x2D,0x00,0x00,
	0xEF,0x3D,0x00,0x00,0x00,0x00,0x00,0x00,0x00,0x00,0x00,0x00,0x00,0x00,0x4A,0x29,
	0x4A,0x29,0x4A,0x29,0x00,0x00,0x00,0x00,0x00,0x00,0x00,0x00,0x00,0x00,0x00,0x00,
	0x00,0x00,0x00,0x00,0x00,0x00,0x00,0x00,0x00,0x00,0x00,0x00,0x00,0x00,0x00,0x00,
	0x00,0x00,0x00,0x00,0x00,0x00,0x00,0x00,0x00,0x00,0x00,0x00,0x00,0x00,0x00,0x00,

	0x63,0x0C,0x63,0x0C,0x63,0x0C,0x63,0x0C,0x63,0x0C,0x63,0x0C,0x63,0x0C,0x63,0x0C,
	0x63,0x0C,0x63,0x0C,0x63,0x0C,0x63,0x0C,0x63,0x0C,0x63,0x0C,0x63,0x0C,0x63,0x0C,
	0x63,0x0C,0x63,0x0C,0x63,0x0C,0x63,0x0C,0x63,0x0C,0x63,0x0C,0x63,0x0C,0x63,0x0C,
	0x4A,0x29,0x63,0x0C,0x63,0x0C,0x63,0x0C,0x63,0x0C,0x63,0x0C,0x63,0x0C,0x63,0x0C,
	0xEF,0x3D,0x00,0x00,0x10,0x42,0x00,0x00,0x00,0x00,0x00,0x00,0x00,0x00,0x00,0x00,
	0x00,0x00,0x00,0x00,0x00,0x00,0x00,0x00,0x00,0x00,0x00,0x00,0x00,0x00,0x00,0x00,
	0x00,0x00,0x00,0x00,0x00,0x00,0x00,0x00,0xFF,0x7F,0x00,0x00,0x00,0x00,0x00,0x00,
	0xFF,0x7F,0x00,0x00,0x00,0x00,0x00,0x00,0xFF,0x7F,0x00,0x00,0x00,0x00,0x00,0x00,

	0xFF,0x7F,0x00,0x00,0x00,0x00,0x00,0x00,0x00,0x00,0x00,0x00,0x00,0x00,0xFF,0x7F,
	0x00,0x00,0x00,0x00,0x00,0x00,0xFF,0x7F,0x00,0x00,0x00,0x00,0xFF,0x7F,0x00,0x00,
	0x00,0x00,0x00,0x00,0x00,0x00,0x00,0x00,0xFF,0x7F,0xFF,0x7F,0x00,0x00,0x00,0x00,
	0x00,0x00,0xFF,0x7F,0x00,0x00,0x00,0x00,0xFF,0x7F,0x00,0x00,0x00,0x00,0x00,0x00,
	0x00,0x00,0x00,0x00,0x00,0x00,0x00,0x00,0x00,0x00,0x00,0x00,0x00,0x00,0x00,0x00,
	0x00,0x00,0x00,0x00,0x00,0x00,0x00,0x00,0x00,0x00,0x00,0x00,0x00,0x00,0x6B,0x2D,
	0x00,0x00,0xEF,0x3D,0x63,0x0C,0x63,0x0C,0x63,0x0C,0x63,0x0C,0x63,0x0C,0x63,0x0C,
	0x4A,0x29,0x63,0x0C,0x63,0x0C,0x63,0x0C,0x63,0x0C,0x63,0x0C,0x63,0x0C,0xEF,0x3D,

	0x00,0x00,0x10,0x42,0x00,0x00,0x00,0x00,0x00,0x00,0x00,0x00,0x00,0x00,0x00,0x00,
	0x00,0x00,0x00,0x00,0x00,0x00,0x00,0x00,0x00,0x00,0x00,0x00,0x00,0x00,0x00,0x00,
	0x00,0x00,0xFF,0x7F,0x00,0x00,0x00,0x00,0x00,0x00,0x00,0x00,0x00,0x00,0x00,0x00,
	0xFF,0x7F,0x00,0x00,0x00,0x00,0x00,0x00,0x00,0x00,0x00,0x00,0x00,0x00,0x00,0x00,
	0x00,0x00,0x00,0x00,0x00,0x00,0x00,0x00,0xFF,0x7F,0x00,0x00,0x00,0x00,0x00,0x00,
	0x00,0x00,0x00,0x00,0xFF,0x7F,0x00,0x00,0x00,0x00,0xFF,0x7F,0x00,0x00,0x00,0x00,
	0xFF,0x7F,0x00,0x00,0x00,0x00,0x00,0x00,0x00,0x00,0x00,0x00,0xFF,0x7F,0x00,0x00,
	0x00,0x00,0xFF,0x7F,0x00,0x00,0x00,0x00,0xFF,0x7F,0x00,0x00,0x00,0x00,0x00,0x00,

	0x00,0x00,0x00,0x00,0x00,0x00,0x00,0x00,0x00,0x00,0x00,0x00,0x00,0x00,0x00,0x00,
	0x00,0x00,0x00,0x00,0x00,0x00,0x00,0x00,0x00,0x00,0x00,0x00,0x6B,0x2D,0x00,0x00,
	0xEF,0x3D,0x63,0x0C,0x63,0x0C,0x63,0x0C,0x63,0x0C,0x63,0x0C,0x63,0x0C,0x63,0x0C,
	0x4A,0x29,0x63,0x0C,0x63,0x0C,0x63,0x0C,0x63,0x0C,0x63,0x0C,0x63,0x0C,0x63,0x0C,
	0x63,0x0C,0x63,0x0C,0x63,0x0C,0x63,0x0C,0x63,0x0C,0x63,0x0C,0x63,0x0C,0x63,0x0C,
	0x63,0x0C,0x63,0x0C,0x63,0x0C,0x63,0x0C,0x63,0x0C,0x63,0x0C,0x63,0x0C,0x63,0x0C,
	0x00,0x00,0x00,0x00,0x00,0x00,0x00,0x00,0x00,0x00,0x00,0x00,0x00,0x00,0x00,0x00,
	0x00,0x00,0x00,0x00,0x00,0x00,0x00,0x00,0x00,0x00,0x00,0x00,0x00,0x00,0x00,0x00,

	0x00,0x00,0x00,0x00,0x00,0x00,0x00,0x00,0x00,0x00,0x00,0x00,0x00,0x00,0x00,0x00,
	0x4A,0x29,0x00,0x00,0x00,0x00,0x00,0x00,0x00,0x00,0x00,0x00,0x00,0x00,0x00,0x00,
	0xEF,0x3D,0x00,0x00,0x10,0x42,0x63,0x0C,0x63,0x0C,0x63,0x0C,0x63,0x0C,0x63,0x0C,
	0x63,0x0C,0x63,0x0C,0x63,0x0C,0x63,0x0C,0x63,0x0C,0x63,0x0C,0x63,0x0C,0x63,0x0C,
	0x63,0x0C,0x63,0x0C,0x63,0x0C,0x63,0x0C,0xFF,0x7F,0xFF,0x7F,0xFF,0x7F,0xFF,0x7F,
	0x63,0x0C,0x63,0x0C,0x63,0x0C,0x63,0x0C,0x63,0x0C,0xFF,0x7F,0xFF,0x7F,0xFF,0x7F,
	0x63,0x0C,0x63,0x0C,0x63,0x0C,0x63,0x0C,0x63,0x0C,0x63,0x0C,0x63,0x0C,0x63,0x0C,
	0xFF,0x7F,0xFF,0x7F,0xFF,0x7F,0x63,0x0C,0x63,0x0C,0x63,0x0C,0x63,0x0C,0xFF,0x7F,

	0xFF,0x7F,0x63,0x0C,0x63,0x0C,0x63,0x0C,0x63,0x0C,0xFF,0x7F,0x63,0x0C,0x63,0x0C,
	0x63,0x0C,0xFF,0x7F,0x63,0x0C,0x63,0x0C,0x63,0x0C,0xFF,0x7F,0xFF,0x7F,0xFF,0x7F,
	0x63,0x0C,0x63,0x0C,0x63,0x0C,0x63,0x0C,0x63,0x0C,0x63,0x0C,0x63,0x0C,0x63,0x0C,
	0x63,0x0C,0x63,0x0C,0x63,0x0C,0x63,0x0C,0x63,0x0C,0x63,0x0C,0x63,0x0C,0x6B,0x2D,
	0x00,0x00,0xEF,0x3D,0x00,0x00,0x00,0x00,0x00,0x00,0x00,0x00,0x00,0x00,0x00,0x00,
	0x4A,0x29,0x00,0x00,0x00,0x00,0x00,0x00,0x00,0x00,0x00,0x00,0x00,0x00,0xEF,0x3D,
	0x00,0x00,0x10,0x42,0x63,0x0C,0x63,0x0C,0x63,0x0C,0x63,0x0C,0x63,0x0C,0x63,0x0C,
	0x63,0x0C,0x63,0x0C,0x63,0x0C,0x63,0x0C,0x63,0x0C,0x63,0x0C,0x63,0x0C,0x63,0x0C,

	0x63,0x0C,0xFF,0x7F,0xFF,0x7F,0xFF,0x7F,0xFF,0x7F,0xFF,0x7F,0x63,0x0C,0x63,0x0C,
	0xFF,0x7F,0xFF,0x7F,0xFF,0x7F,0xFF,0x7F,0xFF,0x7F,0x63,0x0C,0x63,0x0C,0x63,0x0C,
	0x63,0x0C,0x63,0x0C,0x63,0x0C,0x63,0x0C,0xFF,0x7F,0x63,0x0C,0x63,0x0C,0x63,0x0C,
	0x63,0x0C,0x63,0x0C,0xFF,0x7F,0x63,0x0C,0x63,0x0C,0x63,0x0C,0xFF,0x7F,0xFF,0x7F,
	0xFF,0x7F,0x63,0x0C,0x63,0x0C,0xFF,0x7F,0xFF,0x7F,0xFF,0x7F,0x63,0x0C,0x63,0x0C,
	0x63,0x0C,0xFF,0x7F,0x63,0x0C,0x63,0x0C,0xFF,0x7F,0x63,0x0C,0x63,0x0C,0x63,0x0C,
	0x63,0x0C,0x63,0x0C,0x63,0x0C,0x63,0x0C,0x63,0x0C,0x63,0x0C,0x63,0x0C,0x63,0x0C,
	0x63,0x0C,0x63,0x0C,0x63,0x0C,0x63,0x0C,0x63,0x0C,0x63,0x0C,0x6B,0x2D,0x00,0x00,

	0xEF,0x3D,0x00,0x00,0x00,0x00,0x00,0x00,0x00,0x00,0x00,0x00,0x00,0x00,0x00,0x00,
	0x4A,0x29,0x00,0x00,0x00,0x00,0x00,0x00,0x00,0x00,0x00,0x00,0x00,0x00,0x00,0x00,
	0x00,0x00,0x00,0x00,0x00,0x00,0x00,0x00,0x00,0x00,0x00,0x00,0x00,0x00,0x00,0x00,
	0x00,0x00,0x00,0x00,0x00,0x00,0x00,0x00,0x00,0x00,0x00,0x00,0x00,0x00,0x00,0x00,
	0x63,0x0C,0x63,0x0C,0x63,0x0C,0x63,0x0C,0x63,0x0C,0x63,0x0C,0x63,0x0C,0x63,0x0C,
	0x63,0x0C,0x63,0x0C,0x63,0x0C,0x63,0x0C,0x63,0x0C,0x63,0x0C,0x63,0x0C,0x63,0x0C,
	0x63,0x0C,0x63,0x0C,0x63,0x0C,0x63,0x0C,0x63,0x0C,0x63,0x0C,0x63,0x0C,0x63,0x0C,
	0x4A,0x29,0x63,0x0C,0x63,0x0C,0x63,0x0C,0x63,0x0C,0x63,0x0C,0x63,0x0C,0x63,0x0C,

	0xEF,0x3D,0x00,0x00,0x10,0x42,0x00,0x00,0x00,0x00,0x00,0x00,0x00,0x00,0x00,0x00,
	0x00,0x00,0x00,0x00,0x00,0x00,0x00,0x00,0x00,0x00,0x00,0x00,0x00,0x00,0x00,0x00,
	0x00,0x00,0x00,0x00,0x00,0x00,0x00,0x00,0x00,0x00,0x00,0x00,0x00,0x00,0x00,0x00,
	0x00,0x00,0x00,0x00,0x00,0x00,0x00,0x00,0x00,0x00,0x00,0x00,0x00,0x00,0x00,0x00,
	0x00,0x00,0x00,0x00,0x00,0x00,0x00,0x00,0x00,0x00,0x00,0x00,0x00,0x00,0x00,0x00,
	0x00,0x00,0x00,0x00,0x00,0x00,0x00,0x00,0x00,0x00,0x00,0x00,0x00,0x00,0x00,0x00,
	0x00,0x00,0x00,0x00,0x00,0x00,0x00,0x00,0xFF,0x7F,0x00,0x00,0x00,0x00,0x00,0x00,
	0x00,0x00,0x00,0x00,0x00,0x00,0x00,0x00,0x00,0x00,0x00,0x00,0x00,0x00,0x00,0x00,

	0x00,0x00,0x00,0x00,0x00,0x00,0x00,0x00,0x00,0x00,0x00,0x00,0x00,0x00,0x00,0x00,
	0x00,0x00,0x00,0x00,0x00,0x00,0x00,0x00,0x00,0x00,0x00,0x00,0x00,0x00,0x6B,0x2D,
	0x00,0x00,0xEF,0x3D,0x63,0x0C,0x63,0x0C,0x63,0x0C,0x63,0x0C,0x63,0x0C,0x63,0x0C,
	0x4A,0x29,0x63,0x0C,0x63,0x0C,0x63,0x0C,0x63,0x0C,0x63,0x0C,0x63,0x0C,0xEF,0x3D,
	0x00,0x00,0x10,0x42,0x00,0x00,0x00,0x00,0x00,0x00,0x00,0x00,0x00,0x00,0x00,0x00,
	0x00,0x00,0x00,0x00,0x00,0x00,0x00,0x00,0x00,0x00,0x00,0x00,0x00,0x00,0x00,0x00,
	0x00,0x00,0x00,0x00,0x00,0x00,0x00,0x00,0x00,0x00,0x00,0x00,0x00,0x00,0x00,0x00,
	0x00,0x00,0x00,0x00,0x00,0x00,0x00,0x00,0x00,0x00,0x00,0x00,0x00,0x00,0x00,0x00,

	0x00,0x00,0x00,0x00,0x00,0x00,0x00,0x00,0x00,0x00,0x00,0x00,0x00,0x00,0x00,0x00,
	0x00,0x00,0x00,0x00,0x00,0x00,0x00,0x00,0x00,0x00,0x00,0x00,0x00,0x00,0x00,0x00,
	0x00,0x00,0x00,0x00,0x00,0x00,0x00,0x00,0x00,0x00,0x00,0x00,0x00,0x00,0x00,0x00,
	0x00,0x00,0x00,0x00,0x00,0x00,0x00,0x00,0x00,0x00,0x00,0x00,0x00,0x00,0x00,0x00,
	0x00,0x00,0x00,0x00,0x00,0x00,0x00,0x00,0x00,0x00,0x00,0x00,0x00,0x00,0x00,0x00,
	0x00,0x00,0x00,0x00,0x00,0x00,0x00,0x00,0x00,0x00,0x00,0x00,0x6B,0x2D,0x00,0x00,
	0xEF,0x3D,0x63,0x0C,0x63,0x0C,0x63,0x0C,0x63,0x0C,0x63,0x0C,0x63,0x0C,0x63,0x0C,
	0x4A,0x29,0x63,0x0C,0x63,0x0C,0x63,0x0C,0x63,0x0C,0x63,0x0C,0x63,0x0C,0x63,0x0C,

	0x63,0x0C,0x63,0x0C,0x63,0x0C,0x63,0x0C,0x63,0x0C,0x63,0x0C,0x63,0x0C,0x63,0x0C,
	0x63,0x0C,0x63,0x0C,0x63,0x0C,0x63,0x0C,0x63,0x0C,0x63,0x0C,0x63,0x0C,0x63,0x0C,
	0x00,0x00,0x00,0x00,0x00,0x00,0x00,0x00,0x00,0x00,0x00,0x00,0x00,0x00,0x00,0x00,
	0x00,0x00,0x00,0x00,0x00,0x00,0x00,0x00,0x00,0x00,0x00,0x00,0x00,0x00,0x00,0x00,
	0x00,0x00,0x00,0x00,0x00,0x00,0x00,0x00,0x00,0x00,0x00,0x00,0x00,0x00,0x00,0x00,
	0x4A,0x29,0x00,0x00,0x00,0x00,0x00,0x00,0x00,0x00,0x00,0x00,0x00,0x00,0x00,0x00,
	0xEF,0x3D,0x00,0x00,0x10,0x42,0x63,0x0C,0x63,0x0C,0x63,0x0C,0x63,0x0C,0x63,0x0C,
	0x63,0x0C,0x63,0x0C,0x63,0x0C,0x63,0x0C,0x63,0x0C,0x63,0x0C,0x63,0x0C,0x63,0x0C,

	0x63,0x0C,0x63,0x0C,0x63,0x0C,0x63,0x0C,0x63,0x0C,0x63,0x0C,0x63,0x0C,0x63,0x0C,
	0x63,0x0C,0x63,0x0C,0x63,0x0C,0x63,0x0C,0x63,0x0C,0x63,0x0C,0x63,0x0C,0x63,0x0C,
	0x63,0x0C,0x63,0x0C,0x63,0x0C,0x63,0x0C,0x63,0x0C,0x63,0x0C,0x63,0x0C,0x63,0x0C,
	0x63,0x0C,0x63,0x0C,0x63,0x0C,0x63,0x0C,0x63,0x0C,0x63,0x0C,0x63,0x0C,0x63,0x0C,
	0x63,0x0C,0x63,0x0C,0x63,0x0C,0x63,0x0C,0xFF,0x7F,0x63,0x0C,0x63,0x0C,0x63,0x0C,
	0x63,0x0C,0x63,0x0C,0xFF,0x7F,0x63,0x0C,0x63,0x0C,0x63,0x0C,0x63,0x0C,0x63,0x0C,
	0x63,0x0C,0x63,0x0C,0x63,0x0C,0x63,0x0C,0x63,0x0C,0x63,0x0C,0x63,0x0C,0x63,0x0C,
	0x63,0x0C,0x63,0x0C,0x63,0x0C,0x63,0x0C,0x63,0x0C,0x63,0x0C,0x63,0x0C,0x6B,0x2D,

	0x00,0x00,0xEF,0x3D,0x00,0x00,0x00,0x00,0x00,0x00,0x00,0x00,0x00,0x00,0x00,0x00,
	0x4A,0x29,0x00,0x00,0x00,0x00,0x00,0x00,0x00,0x00,0x00,0x00,0x00,0x00,0xEF,0x3D,
	0x00,0x00,0x10,0x42,0x63,0x0C,0x63,0x0C,0x63,0x0C,0x63,0x0C,0x63,0x0C,0x63,0x0C,
	0x63,0x0C,0x63,0x0C,0x63,0x0C,0x63,0x0C,0x63,0x0C,0x63,0x0C,0x63,0x0C,0x63,0x0C,
	0x63,0x0C,0x63,0x0C,0x63,0x0C,0x63,0x0C,0x63,0x0C,0x63,0x0C,0x63,0x0C,0x63,0x0C,
	0x63,0x0C,0x63,0x0C,0x63,0x0C,0x63,0x0C,0x63,0x0C,0x63,0x0C,0x63,0x0C,0x63,0x0C,
	0x63,0x0C,0x63,0x0C,0x63,0x0C,0x63,0x0C,0x63,0x0C,0x63,0x0C,0x63,0x0C,0x63,0x0C,
	0x63,0x0C,0x63,0x0C,0x63,0x0C,0x63,0x0C,0x63,0x0C,0x63,0x0C,0x63,0x0C,0x63,0x0C,

	0x63,0x0C,0x63,0x0C,0x63,0x0C,0x63,0x0C,0x63,0x0C,0x63,0x0C,0x63,0x0C,0x63,0x0C,
	0x63,0x0C,0xFF,0x7F,0x63,0x0C,0x63,0x0C,0x63,0x0C,0x63,0x0C,0x63,0x0C,0x63,0x0C,
	0x63,0x0C,0x63,0x0C,0x63,0x0C,0x63,0x0C,0x63,0x0C,0x63,0x0C,0x63,0x0C,0x63,0x0C,
	0x63,0x0C,0x63,0x0C,0x63,0x0C,0x63,0x0C,0x63,0x0C,0x63,0x0C,0x6B,0x2D,0x00,0x00,
	0xEF,0x3D,0x00,0x00,0x00,0x00,0x00,0x00,0x00,0x00,0x00,0x00,0x00,0x00,0x00,0x00,
	0x4A,0x29,0x00,0x00,0x00,0x00,0x00,0x00,0x00,0x00,0x00,0x00,0x00,0x00,0x00,0x00,
	0x00,0x00,0x00,0x00,0x00,0x00,0x00,0x00,0x00,0x00,0x00,0x00,0x00,0x00,0x00,0x00,
	0x00,0x00,0x00,0x00,0x00,0x00,0x00,0x00,0x00,0x00,0x00,0x00,0x00,0x00,0x00,0x00,

	0x63,0x0C,0x63,0x0C,0x63,0x0C,0x63,0x0C,0x63,0x0C,0x63,0x0C,0x63,0x0C,0x63,0x0C,
	0x63,0x0C,0x63,0x0C,0x63,0x0C,0x63,0x0C,0x63,0x0C,0x63,0x0C,0x63,0x0C,0x63,0x0C,
	0x63,0x0C,0x63,0x0C,0x63,0x0C,0x63,0x0C,0x63,0x0C,0x63,0x0C,0x63,0x0C,0x63,0x0C,
	0x4A,0x29,0x63,0x0C,0x63,0x0C,0x63,0x0C,0x63,0x0C,0x63,0x0C,0x63,0x0C,0x63,0x0C,
	0xEF,0x3D,0x00,0x00,0x10,0x42,0x00,0x00,0x00,0x00,0x00,0x00,0x00,0x00,0x00,0x00,
	0x00,0x00,0x00,0x00,0x00,0x00,0x00,0x00,0x00,0x00,0x00,0x00,0x00,0x00,0x00,0x00,
	0x00,0x00,0x00,0x00,0x00,0x00,0x00,0x00,0x00,0x00,0x00,0x00,0x00,0x00,0x00,0x00,
	0x00,0x00,0x00,0x00,0x00,0x00,0x00,0x00,0x00,0x00,0x00,0x00,0x00,0x00,0x00,0x00,

	0x00,0x00,0x00,0x00,0x00,0x00,0x00,0x00,0x00,0x00,0x00,0x00,0x00,0x00,0x00,0x00,
	0x00,0x00,0x00,0x00,0x00,0x00,0x00,0x00,0x00,0x00,0x00,0x00,0x00,0x00,0x00,0x00,
	0x00,0x00,0x00,0x00,0x00,0x00,0x00,0x00,0x00,0x00,0x00,0x00,0x00,0x00,0x00,0x00,
	0x00,0x00,0x00,0x00,0xFF,0x7F,0x00,0x00,0x00,0x00,0x00,0x00,0x00,0x00,0x00,0x00,
	0x00,0x00,0x00,0x00,0x00,0x00,0x00,0x00,0x00,0x00,0x00,0x00,0x00,0x00,0x00,0x00,
	0x00,0x00,0x00,0x00,0x00,0x00,0x00,0x00,0x00,0x00,0x00,0x00,0x00,0x00,0x6B,0x2D,
	0x00,0x00,0xEF,0x3D,0x63,0x0C,0x63,0x0C,0x63,0x0C,0x63,0x0C,0x63,0x0C,0x63,0x0C,
	0x4A,0x29,0x63,0x0C,0x63,0x0C,0x63,0x0C,0x63,0x0C,0x63,0x0C,0x63,0x0C,0xEF,0x3D,

	0x00,0x00,0x10,0x42,0x00,0x00,0x00,0x00,0x00,0x00,0x00,0x00,0x00,0x00,0x00,0x00,
	0x00,0x00,0x00,0x00,0x00,0x00,0x00,0x00,0x00,0x00,0x00,0x00,0x00,0x00,0x00,0x00,
	0x00,0x00,0x00,0x00,0x00,0x00,0x00,0x00,0x00,0x00,0x00,0x00,0x00,0x00,0x00,0x00,
	0x00,0x00,0x00,0x00,0x00,0x00,0x00,0x00,0x00,0x00,0x00,0x00,0x00,0x00,0x00,0x00,
	0x00,0x00,0x00,0x00,0x00,0x00,0x00,0x00,0x00,0x00,0x00,0x00,0x00,0x00,0x00,0x00,
	0x00,0x00,0x00,0x00,0x00,0x00,0x00,0x00,0x00,0x00,0x00,0x00,0x00,0x00,0x00,0x00,
	0x00,0x00,0x00,0x00,0x00,0x00,0x00,0x00,0x00,0x00,0x00,0x00,0x00,0x00,0x00,0x00,
	0x00,0x00,0xFF,0x7F,0x00,0x00,0x00,0x00,0x00,0x00,0x00,0x00,0x00,0x00,0x00,0x00,

	0x00,0x00,0x00,0x00,0x00,0x00,0x00,0x00,0x00,0x00,0x00,0x00,0x00,0x00,0x00,0x00,
	0x00,0x00,0x00,0x00,0x00,0x00,0x00,0x00,0x00,0x00,0x00,0x00,0x6B,0x2D,0x00,0x00,
	0xEF,0x3D,0x63,0x0C,0x63,0x0C,0x63,0x0C,0x63,0x0C,0x63,0x0C,0x63,0x0C,0x63,0x0C,
	0x4A,0x29,0x63,0x0C,0x63,0x0C,0x63,0x0C,0x63,0x0C,0x63,0x0C,0x63,0x0C,0x63,0x0C,
	0x63,0x0C,0x63,0x0C,0x63,0x0C,0x63,0x0C,0x63,0x0C,0x63,0x0C,0x63,0x0C,0x63,0x0C,
	0x63,0x0C,0x63,0x0C,0x63,0x0C,0x63,0x0C,0x63,0x0C,0x63,0x0C,0x63,0x0C,0x63,0x0C,
	0x00,0x00,0x00,0x00,0x00,0x00,0x00,0x00,0x00,0x00,0x00,0x00,0x00,0x00,0x00,0x00,
	0x00,0x00,0x00,0x00,0x00,0x00,0x00,0x00,0x00,0x00,0x00,0x00,0x00,0x00,0x00,0x00,

	0x00,0x00,0x00,0x00,0x00,0x00,0x00,0x00,0x00,0x00,0x00,0x00,0x00,0x00,0x00,0x00,
	0x4A,0x29,0x00,0x00,0x00,0x00,0x00,0x00,0x00,0x00,0x00,0x00,0x00,0x00,0x00,0x00,
	0xEF,0x3D,0x00,0x00,0x10,0x42,0x63,0x0C,0x63,0x0C,0x63,0x0C,0x63,0x0C,0x63,0x0C,
	0x63,0x0C,0x63,0x0C,0x63,0x0C,0x63,0x0C,0x63,0x0C,0x63,0x0C,0x63,0x0C,0x63,0x0C,
	0x63,0x0C,0x63,0x0C,0x63,0x0C,0x63,0x0C,0x63,0x0C,0x63,0x0C,0x63,0x0C,0x63,0x0C,
	0x63,0x0C,0x63,0x0C,0x63,0x0C,0x63,0x0C,0x63,0x0C,0x63,0x0C,0x63,0x0C,0x63,0x0C,
	0x63,0x0C,0x63,0x0C,0x63,0x0C,0x63,0x0C,0x63,0x0C,0x63,0x0C,0x63,0x0C,0x63,0x0C,
	0x63,0x0C,0x63,0x0C,0x63,0x0C,0x63,0x0C,0x63,0x0C,0x63,0x0C,0x63,0x0C,0x63,0x0C,

	0x63,0x0C,0x63,0x0C,0x63,0x0C,0x63,0x0C,0x63,0x0C,0x63,0x0C,0x63,0x0C,0x63,0x0C,
	0x63,0x0C,0x63,0x0C,0xFF,0x7F,0x63,0x0C,0x63,0x0C,0x63,0x0C,0x63,0x0C,0x63,0x0C,
	0x63,0x0C,0x63,0x0C,0x63,0x0C,0x63,0x0C,0x63,0x0C,0x63,0x0C,0x63,0x0C,0x63,0x0C,
	0x63,0x0C,0x63,0x0C,0x63,0x0C,0x63,0x0C,0x63,0x0C,0x63,0x0C,0x63,0x0C,0x6B,0x2D,
	0x00,0x00,0xEF,0x3D,0x00,0x00,0x00,0x00,0x00,0x00,0x00,0x00,0x00,0x00,0x00,0x00,
	0x4A,0x29,0x00,0x00,0x00,0x00,0x00,0x00,0x00,0x00,0x00,0x00,0x00,0x00,0xEF,0x3D,
	0x00,0x00,0x10,0x42,0x63,0x0C,0x63,0x0C,0x63,0x0C,0x63,0x0C,0x63,0x0C,0x63,0x0C,
	0x63,0x0C,0x63,0x0C,0x63,0x0C,0x63,0x0C,0x63,0x0C,0x63,0x0C,0x63,0x0C,0x63,0x0C,

	0x63,0x0C,0x63,0x0C,0x63,0x0C,0x63,0x0C,0x63,0x0C,0x63,0x0C,0x63,0x0C,0x63,0x0C,
	0x63,0x0C,0x63,0x0C,0x63,0x0C,0x63,0x0C,0x63,0x0C,0x63,0x0C,0x63,0x0C,0x63,0x0C,
	0x63,0x0C,0x63,0x0C,0x63,0x0C,0x63,0x0C,0x63,0x0C,0x63,0x0C,0x63,0x0C,0x63,0x0C,
	0x63,0x0C,0x63,0x0C,0x63,0x0C,0x63,0x0C,0x63,0x0C,0x63,0x0C,0x63,0x0C,0x63,0x0C,
	0x63,0x0C,0x63,0x0C,0x63,0x0C,0x63,0x0C,0x63,0x0C,0x63,0x0C,0x63,0x0C,0x63,0x0C,
	0x63,0x0C,0xFF,0x7F,0x63,0x0C,0x63,0x0C,0x63,0x0C,0x63,0x0C,0x63,0x0C,0x63,0x0C,
	0x63,0x0C,0x63,0x0C,0x63,0x0C,0x63,0x0C,0x63,0x0C,0x63,0x0C,0x63,0x0C,0x63,0x0C,
	0x63,0x0C,0x63,0x0C,0x63,0x0C,0x63,0x0C,0x63,0x0C,0x63,0x0C,0x6B,0x2D,0x00,0x00,

	0xEF,0x3D,0x00,0x00,0x00,0x00,0x00,0x00,0x00,0x00,0x00,0x00,0x00,0x00,0x00,0x00,
	0x4A,0x29,0x00,0x00,0x00,0x00,0x00,0x00,0x00,0x00,0x00,0x00,0x00,0x00,0x00,0x00,
	0x00,0x00,0x00,0x00,0x00,0x00,0x00,0x00,0x00,0x00,0x00,0x00,0x00,0x00,0x00,0x00,
	0x00,0x00,0x00,0x00,0x00,0x00,0x00,0x00,0x00,0x00,0x00,0x00,0x00,0x00,0x00,0x00,
	0x63,0x0C,0x63,0x0C,0x63,0x0C,0x63,0x0C,0x63,0x0C,0x63,0x0C,0x63,0x0C,0x63,0x0C,
	0x63,0x0C,0x63,0x0C,0x63,0x0C,0x63,0x0C,0x63,0x0C,0x63,0x0C,0x63,0x0C,0x63,0x0C,
	0x63,0x0C,0x63,0x0C,0x63,0x0C,0x63,0x0C,0x63,0x0C,0x63,0x0C,0x63,0x0C,0x63,0x0C,
	0x4A,0x29,0x63,0x0C,0x63,0x0C,0x63,0x0C,0x63,0x0C,0x63,0x0C,0x63,0x0C,0x63,0x0C,

	0xEF,0x3D,0x00,0x00,0x10,0x42,0x00,0x00,0x00,0x00,0x00,0x00,0x00,0x00,0x00,0x00,
	0x00,0x00,0x00,0x00,0x00,0x00,0x00,0x00,0x00,0x00,0x00,0x00,0x00,0x00,0x00,0x00,
	0x00,0x00,0x00,0x00,0x00,0x00,0x00,0x00,0x00,0x00,0x00,0x00,0xFF,0x7F,0xFF,0x7F,
	0xFF,0x7F,0x00,0x00,0xFF,0x7F,0xFF,0x7F,0x00,0x00,0x00,0x00,0x00,0x00,0x00,0x00,
	0x00,0x00,0xFF,0x7F,0xFF,0x7F,0x00,0x00,0x00,0x00,0x00,0x00,0xFF,0x7F,0xFF,0x7F,
	0xFF,0x7F,0x00,0x00,0x00,0x00,0x00,0x00,0x00,0x00,0xFF,0x7F,0x00,0x00,0x00,0x00,
	0xFF,0x7F,0x00,0x00,0x00,0x00,0x00,0x00,0x00,0x00,0xFF,0x7F,0xFF,0x7F,0x00,0x00,
	0x00,0x00,0x00,0x00,0xFF,0x7F,0x00,0x00,0x00,0x00,0x00,0x00,0x00,0x00,0x00,0x00,

	0x00,0x00,0x00,0x00,0x00,0x00,0x00,0x00,0x00,0x00,0x00,0x00,0x00,0x00,0x00,0x00,
	0x00,0x00,0x00,0x00,0x00,0x00,0x00,0x00,0x00,0x00,0x00,0x00,0x00,0x00,0x6B,0x2D,
	0x00,0x00,0xEF,0x3D,0x63,0x0C,0x63,0x0C,0x63,0x0C,0x63,0x0C,0x63,0x0C,0x63,0x0C,
	0x4A,0x29,0x63,0x0C,0x63,0x0C,0x63,0x0C,0x63,0x0C,0x63,0x0C,0x63,0x0C,0xEF,0x3D,
	0x00,0x00,0x10,0x42,0x00,0x00,0x00,0x00,0x00,0x00,0x00,0x00,0x00,0x00,0x00,0x00,
	0x00,0x00,0x00,0x00,0x00,0x00,0x00,0x00,0x00,0x00,0x00,0x00,0x00,0x00,0x00,0x00,
	0x00,0x00,0x00,0x00,0x00,0x00,0x00,0x00,0x00,0x00,0xFF,0x7F,0xFF,0x7F,0xFF,0x7F,
	0x00,0x00,0xFF,0x7F,0xFF,0x7F,0x00,0x00,0x00,0x00,0x00,0x00,0x00,0x00,0x00,0x00,

	0xFF,0x7F,0xFF,0x7F,0x00,0x00,0x00,0x00,0x00,0x00,0xFF,0x7F,0xFF,0x7F,0xFF,0x7F,
	0x00,0x00,0x00,0x00,0x00,0x00,0x00,0x00,0xFF,0x7F,0x00,0x00,0x00,0x00,0xFF,0x7F,
	0x00,0x00,0x00,0x00,0x00,0x00,0x00,0x00,0xFF,0x7F,0xFF,0x7F,0x00,0x00,0x00,0x00,
	0x00,0x00,0xFF,0x7F,0x00,0x00,0x00,0x00,0x00,0x00,0x00,0x00,0x00,0x00,0x00,0x00,
	0x00,0x00,0x00,0x00,0x00,0x00,0x00,0x00,0x00,0x00,0x00,0x00,0x00,0x00,0x00,0x00,
	0x00,0x00,0x00,0x00,0x00,0x00,0x00,0x00,0x00,0x00,0x00,0x00,0x6B,0x2D,0x00,0x00,
	0xEF,0x3D,0x63,0x0C,0x63,0x0C,0x63,0x0C,0x63,0x0C,0x63,0x0C,0x63,0x0C,0x63,0x0C,
	0x4A,0x29,0x63,0x0C,0x63,0x0C,0x63,0x0C,0x63,0x0C,0x63,0x0C,0x63,0x0C,0x63,0x0C,

	0x63,0x0C,0x63,0x0C,0x63,0x0C,0x63,0x0C,0x63,0x0C,0x63,0x0C,0x63,0x0C,0x63,0x0C,
	0x63,0x0C,0x63,0x0C,0x63,0x0C,0x63,0x0C,0x63,0x0C,0x63,0x0C,0x63,0x0C,0x63,0x0C,
	0x00,0x00,0x00,0x00,0x00,0x00,0x00,0x00,0x00,0x00,0x00,0x00,0x00,0x00,0x00,0x00,
	0x00,0x00,0x00,0x00,0x00,0x00,0x00,0x00,0x00,0x00,0x00,0x00,0x00,0x00,0x00,0x00,
	0x00,0x00,0x00,0x00,0x00,0x00,0x00,0x00,0x00,0x00,0x00,0x00,0x00,0x00,0x00,0x00,
	0x4A,0x29,0x00,0x00,0x00,0x00,0x00,0x00,0x00,0x00,0x00,0x00,0x00,0x00,0x00,0x00,
	0xEF,0x3D,0x00,0x00,0x10,0x42,0x63,0x0C,0x63,0x0C,0x63,0x0C,0x63,0x0C,0x63,0x0C,
	0x63,0x0C,0x63,0x0C,0x63,0x0C,0x63,0x0C,0x63,0x0C,0x63,0x0C,0x63,0x0C,0x63,0x0C,

	0x63,0x0C,0x63,0x0C,0x63,0x0C,0x63,0x0C,0x63,0x0C,0x63,0x0C,0xFF,0x7F,0x63,0x0C,
	0x63,0x0C,0xFF,0x7F,0x63,0x0C,0x63,0x0C,0xFF,0x7F,0x63,0x0C,0x63,0x0C,0x63,0x0C,
	0x63,0x0C,0x63,0x0C,0x63,0x0C,0xFF,0x7F,0x63,0x0C,0x63,0x0C,0xFF,0x7F,0x63,0x0C,
	0x63,0x0C,0xFF,0x7F,0x63,0x0C,0x63,0x0C,0x63,0x0C,0xFF,0x7F,0x63,0x0C,0x63,0x0C,
	0xFF,0x7F,0x63,0x0C,0x63,0x0C,0x63,0x0C,0x63,0x0C,0x63,0x0C,0x63,0x0C,0xFF,0x7F,
	0x63,0x0C,0x63,0x0C,0xFF,0x7F,0x63,0x0C,0x63,0x0C,0x63,0x0C,0x63,0x0C,0x63,0x0C,
	0x63,0x0C,0x63,0x0C,0x63,0x0C,0x63,0x0C,0x63,0x0C,0x63,0x0C,0x63,0x0C,0x63,0x0C,
	0x63,0x0C,0x63,0x0C,0x63,0x0C,0x63,0x0C,0x63,0x0C,0x63,0x0C,0x63,0x0C,0x6B,0x2D,

	0x00,0x00,0xEF,0x3D,0x00,0x00,0x00,0x00,0x00,0x00,0x00,0x00,0x00,0x00,0x00,0x00,
	0x4A,0x29,0x00,0x00,0x00,0x00,0x00,0x00,0x00,0x00,0x00,0x00,0x00,0x00,0xEF,0x3D,
	0x00,0x00,0x10,0x42,0x63,0x0C,0x63,0x0C,0x63,0x0C,0x63,0x0C,0x63,0x0C,0x63,0x0C,
	0x63,0x0C,0x63,0x0C,0x63,0x0C,0x63,0x0C,0x63,0x0C,0x63,0x0C,0x63,0x0C,0x63,0x0C,
	0x63,0x0C,0x63,0x0C,0x63,0x0C,0x63,0x0C,0x63,0x0C,0xFF,0x7F,0x63,0x0C,0x63,0x0C,
	0xFF,0x7F,0x63,0x0C,0x63,0x0C,0xFF,0x7F,0x63,0x0C,0x63,0x0C,0x63,0x0C,0x63,0x0C,
	0x63,0x0C,0x63,0x0C,0xFF,0x7F,0x63,0x0C,0x63,0x0C,0xFF,0x7F,0x63,0x0C,0x63,0x0C,
	0xFF,0x7F,0x63,0x0C,0x63,0x0C,0x63,0x0C,0xFF,0x7F,0x63,0x0C,0x63,0x0C,0xFF,0x7F,

	0x63,0x0C,0x63,0x0C,0x63,0x0C,0x63,0x0C,0x63,0x0C,0x63,0x0C,0xFF,0x7F,0x63,0x0C,
	0x63,0x0C,0xFF,0x7F,0x63,0x0C,0x63,0x0C,0x63,0x0C,0x63,0x0C,0x63,0x0C,0x63,0x0C,
	0x63,0x0C,0x63,0x0C,0x63,0x0C,0x63,0x0C,0x63,0x0C,0x63,0x0C,0x63,0x0C,0x63,0x0C,
	0x63,0x0C,0x63,0x0C,0x63,0x0C,0x63,0x0C,0x63,0x0C,0x63,0x0C,0x6B,0x2D,0x00,0x00,
	0xEF,0x3D,0x00,0x00,0x00,0x00,0x00,0x00,0x00,0x00,0x00,0x00,0x00,0x00,0x00,0x00,
	0x4A,0x29,0x00,0x00,0x00,0x00,0x00,0x00,0x00,0x00,0x00,0x00,0x00,0x00,0x00,0x00,
	0x00,0x00,0x00,0x00,0x00,0x00,0x00,0x00,0x00,0x00,0x00,0x00,0x00,0x00,0x00,0x00,
	0x00,0x00,0x00,0x00,0x00,0x00,0x00,0x00,0x00,0x00,0x00,0x00,0x00,0x00,0x00,0x00,

	0x63,0x0C,0x63,0x0C,0x63,0x0C,0x63,0x0C,0x63,0x0C,0x63,0x0C,0x63,0x0C,0x63,0x0C,
	0x63,0x0C,0x63,0x0C,0x63,0x0C,0x63,0x0C,0x63,0x0C,0x63,0x0C,0x63,0x0C,0x63,0x0C,
	0x63,0x0C,0x63,0x0C,0x63,0x0C,0x63,0x0C,0x63,0x0C,0x63,0x0C,0x63,0x0C,0x63,0x0C,
	0x4A,0x29,0x63,0x0C,0x63,0x0C,0x63,0x0C,0x63,0x0C,0x63,0x0C,0x63,0x0C,0x63,0x0C,
	0xEF,0x3D,0x00,0x00,0x10,0x42,0x00,0x00,0x00,0x00,0x00,0x00,0x00,0x00,0x00,0x00,
	0x00,0x00,0x00,0x00,0x00,0x00,0x00,0x00,0x00,0x00,0x00,0x00,0x00,0x00,0x00,0x00,
	0x00,0x00,0x00,0x00,0x00,0x00,0x00,0x00,0x00,0x00,0x00,0x00,0xFF,0x7F,0x00,0x00,
	0x00,0x00,0xFF,0x7F,0x00,0x00,0x00,0x00,0xFF,0x7F,0x00,0x00,0x00,0x00,0x00,0x00,

	0x00,0x00,0xFF,0x7F,0xFF,0x7F,0xFF,0x7F,0x00,0x00,0x00,0x00,0xFF,0x7F,0x00,0x00,
	0x00,0x00,0xFF,0x7F,0x00,0x00,0x00,0x00,0x00,0x00,0xFF,0x7F,0x00,0x00,0x00,0x00,
	0xFF,0x7F,0x00,0x00,0x00,0x00,0x00,0x00,0x00,0x00,0xFF,0x7F,0xFF,0x7F,0xFF,0x7F,
	0x00,0x00,0x00,0x00,0xFF,0x7F,0x00,0x00,0x00,0x00,0x00,0x00,0x00,0x00,0x00,0x00,
	0x00,0x00,0x00,0x00,0x00,0x00,0x00,0x00,0x00,0x00,0x00,0x00,0x00,0x00,0x00,0x00,
	0x00,0x00,0x00,0x00,0x00,0x00,0x00,0x00,0x00,0x00,0x00,0x00,0x00,0x00,0x6B,0x2D,
	0x00,0x00,0xEF,0x3D,0x63,0x0C,0x63,0x0C,0x63,0x0C,0x63,0x0C,0x63,0x0C,0x63,0x0C,
	0x4A,0x29,0x63,0x0C,0x63,0x0C,0x63,0x0C,0x63,0x0C,0x63,0x0C,0x63,0x0C,0xEF,0x3D,

	0x00,0x00,0x10,0x42,0x00,0x00,0x00,0x00,0x00,0x00,0x00,0x00,0x00,0x00,0x00,0x00,
	0x00,0x00,0x00,0x00,0x00,0x00,0x00,0x00,0x00,0x00,0x00,0x00,0x00,0x00,0x00,0x00,
	0x00,0x00,0x00,0x00,0x00,0x00,0x00,0x00,0x00,0x00,0xFF,0x7F,0x00,0x00,0x00,0x00,
	0xFF,0x7F,0x00,0x00,0x00,0x00,0xFF,0x7F,0x00,0x00,0x00,0x00,0x00,0x00,0x00,0x00,
	0xFF,0x7F,0xFF,0x7F,0xFF,0x7F,0x00,0x00,0x00,0x00,0xFF,0x7F,0x00,0x00,0x00,0x00,
	0xFF,0x7F,0x00,0x00,0x00,0x00,0x00,0x00,0xFF,0x7F,0x00,0x00,0x00,0x00,0xFF,0x7F,
	0x00,0x00,0x00,0x00,0x00,0x00,0x00,0x00,0xFF,0x7F,0xFF,0x7F,0xFF,0x7F,0x00,0x00,
	0x00,0x00,0xFF,0x7F,0x00,0x00,0x00,0x00,0x00,0x00,0x00,0x00,0x00,0x00,0x00,0x00,

	0x00,0x00,0x00,0x00,0x00,0x00,0x00,0x00,0x00,0x00,0x00,0x00,0x00,0x00,0x00,0x00,
	0x00,0x00,0x00,0x00,0x00,0x00,0x00,0x00,0x00,0x00,0x00,0x00,0x6B,0x2D,0x00,0x00,
	0xEF,0x3D,0x63,0x0C,0x63,0x0C,0x63,0x0C,0x63,0x0C,0x63,0x0C,0x63,0x0C,0x63,0x0C,
	0x4A,0x29,0x63,0x0C,0x63,0x0C,0x63,0x0C,0x63,0x0C,0x63,0x0C,0x63,0x0C,0x63,0x0C,
	0x63,0x0C,0x63,0x0C,0x63,0x0C,0x63,0x0C,0x63,0x0C,0x63,0x0C,0x63,0x0C,0x63,0x0C,
	0x63,0x0C,0x63,0x0C,0x63,0x0C,0x63,0x0C,0x63,0x0C,0x63,0x0C,0x63,0x0C,0x63,0x0C,
	0x00,0x00,0x00,0x00,0x00,0x00,0x00,0x00,0x00,0x00,0x00,0x00,0x00,0x00,0x00,0x00,
	0x00,0x00,0x00,0x00,0x00,0x00,0x00,0x00,0x00,0x00,0x00,0x00,0x00,0x00,0x00,0x00,

	0x00,0x00,0x00,0x00,0x00,0x00,0x00,0x00,0x00,0x00,0x00,0x00,0x00,0x00,0x00,0x00,
	0x4A,0x29,0x00,0x00,0x00,0x00,0x00,0x00,0x00,0x00,0x00,0x00,0x00,0x00,0x00,0x00,
	0xEF,0x3D,0x00,0x00,0x10,0x42,0x63,0x0C,0x63,0x0C,0x63,0x0C,0x63,0x0C,0x63,0x0C,
	0x63,0x0C,0x63,0x0C,0x63,0x0C,0x63,0x0C,0x63,0x0C,0x63,0x0C,0x63,0x0C,0x63,0x0C,
	0x63,0x0C,0x63,0x0C,0x63,0x0C,0x63,0x0C,0x63,0x0C,0x63,0x0C,0xFF,0x7F,0x63,0x0C,
	0x63,0x0C,0xFF,0x7F,0x63,0x0C,0x63,0x0C,0xFF,0x7F,0x63,0x0C,0x63,0x0C,0x63,0x0C,
	0xFF,0x7F,0x63,0x0C,0x63,0x0C,0xFF,0x7F,0x63,0x0C,0x63,0x0C,0xFF,0x7F,0x63,0x0C,
	0x63,0x0C,0xFF,0x7F,0x63,0x0C,0x63,0x0C,0x63,0x0C,0xFF,0x7F,0x63,0x0C,0x63,0x0C,

	0xFF,0x7F,0x63,0x0C,0x63,0x0C,0x63,0x0C,0xFF,0x7F,0x63,0x0C,0x63,0x0C,0xFF,0x7F,
	0x63,0x0C,0x63,0x0C,0xFF,0x7F,0x63,0x0C,0x63,0x0C,0x63,0x0C,0x63,0x0C,0x63,0x0C,
	0x63,0x0C,0x63,0x0C,0x63,0x0C,0x63,0x0C,0x63,0x0C,0x63,0x0C,0x63,0x0C,0x63,0x0C,
	0x63,0x0C,0x63,0x0C,0x63,0x0C,0x63,0x0C,0x63,0x0C,0x63,0x0C,0x63,0x0C,0x6B,0x2D,
	0x00,0x00,0xEF,0x3D,0x00,0x00,0x00,0x00,0x00,0x00,0x00,0x00,0x00,0x00,0x00,0x00,
	0x4A,0x29,0x00,0x00,0x00,0x00,0x00,0x00,0x00,0x00,0x00,0x00,0x00,0x00,0xEF,0x3D,
	0x00,0x00,0x10,0x42,0x63,0x0C,0x63,0x0C,0x63,0x0C,0x63,0x0C,0x63,0x0C,0x63,0x0C,
	0x63,0x0C,0x63,0x0C,0x63,0x0C,0x63,0x0C,0x63,0x0C,0x63,0x0C,0x63,0x0C,0x63,0x0C,

	0x63,0x0C,0x63,0x0C,0x63,0x0C,0x63,0x0C,0x63,0x0C,0xFF,0x7F,0x63,0x0C,0x63,0x0C,
	0xFF,0x7F,0x63,0x0C,0x63,0x0C,0xFF,0x7F,0x63,0x0C,0x63,0x0C,0x63,0x0C,0xFF,0x7F,
	0x63,0x0C,0x63,0x0C,0xFF,0x7F,0x63,0x0C,0x63,0x0C,0xFF,0x7F,0x63,0x0C,0x63,0x0C,
	0xFF,0x7F,0x63,0x0C,0x63,0x0C,0x63,0x0C,0xFF,0x7F,0x63,0x0C,0x63,0x0C,0xFF,0x7F,
	0x63,0x0C,0x63,0x0C,0x63,0x0C,0xFF,0x7F,0x63,0x0C,0x63,0x0C,0xFF,0x7F,0x63,0x0C,
	0x63,0x0C,0xFF,0x7F,0x63,0x0C,0x63,0x0C,0x63,0x0C,0x63,0x0C,0x63,0x0C,0x63,0x0C,
	0x63,0x0C,0x63,0x0C,0x63,0x0C,0x63,0x0C,0x63,0x0C,0x63,0x0C,0x63,0x0C,0x63,0x0C,
	0x63,0x0C,0x63,0x0C,0x63,0x0C,0x63,0x0C,0x63,0x0C,0x63,0x0C,0x6B,0x2D,0x00,0x00,

	0xEF,0x3D,0x00,0x00,0x00,0x00,0x00,0x00,0x00,0x00,0x00,0x00,0x00,0x00,0x00,0x00,
	0x4A,0x29,0x00,0x00,0x00,0x00,0x00,0x00,0x00,0x00,0x00,0x00,0x00,0x00,0x00,0x00,
	0x00,0x00,0x00,0x00,0x00,0x00,0x00,0x00,0x00,0x00,0x00,0x00,0x00,0x00,0x00,0x00,
	0x00,0x00,0x00,0x00,0x00,0x00,0x00,0x00,0x00,0x00,0x00,0x00,0x00,0x00,0x00,0x00,
	0x63,0x0C,0x63,0x0C,0x63,0x0C,0x63,0x0C,0x63,0x0C,0x63,0x0C,0x63,0x0C,0x63,0x0C,
	0x63,0x0C,0x63,0x0C,0x63,0x0C,0x63,0x0C,0x63,0x0C,0x63,0x0C,0x63,0x0C,0x63,0x0C,
	0x63,0x0C,0x63,0x0C,0x63,0x0C,0x63,0x0C,0x63,0x0C,0x63,0x0C,0x63,0x0C,0x63,0x0C,
	0x4A,0x29,0x63,0x0C,0x63,0x0C,0x63,0x0C,0x63,0x0C,0x63,0x0C,0x63,0x0C,0x63,0x0C,

	0xEF,0x3D,0x00,0x00,0x10,0x42,0x00,0x00,0x00,0x00,0x00,0x00,0x00,0x00,0x00,0x00,
	0x00,0x00,0x00,0x00,0x00,0x00,0x00,0x00,0x00,0x00,0x00,0x00,0x00,0x00,0x00,0x00,
	0x00,0x00,0x00,0x00,0x00,0x00,0x00,0x00,0x00,0x00,0x00,0x00,0xFF,0x7F,0x00,0x00,
	0x00,0x00,0xFF,0x7F,0x00,0x00,0x00,0x00,0xFF,0x7F,0x00,0x00,0x00,0x00,0x00,0x00,
	0x00,0x00,0xFF,0x7F,0xFF,0x7F,0xFF,0x7F,0x00,0x00,0x00,0x00,0xFF,0x7F,0x00,0x00,
	0x00,0x00,0xFF,0x7F,0x00,0x00,0x00,0x00,0x00,0x00,0x00,0x00,0xFF,0x7F,0xFF,0x7F,
	0xFF,0x7F,0x00,0x00,0x00,0x00,0x00,0x00,0x00,0x00,0xFF,0x7F,0xFF,0x7F,0xFF,0x7F,
	0x00,0x00,0x00,0x00,0xFF,0x7F,0x00,0x00,0x00,0x00,0x00,0x00,0x00,0x00,0x00,0x00,

	0x00,0x00,0x00,0x00,0x00,0x00,0x00,0x00,0x00,0x00,0x00,0x00,0x00,0x00,0x00,0x00,
	0x00,0x00,0x00,0x00,0x00,0x00,0x00,0x00,0x00,0x00,0x00,0x00,0x00,0x00,0x6B,0x2D,
	0x00,0x00,0xEF,0x3D,0x63,0x0C,0x63,0x0C,0x63,0x0C,0x63,0x0C,0x63,0x0C,0x63,0x0C,
	0x4A,0x29,0x63,0x0C,0x63,0x0C,0x63,0x0C,0x63,0x0C,0x63,0x0C,0x63,0x0C,0xEF,0x3D,
	0x00,0x00,0x10,0x42,0x00,0x00,0x00,0x00,0x00,0x00,0x00,0x00,0x00,0x00,0x00,0x00,
	0x00,0x00,0x00,0x00,0x00,0x00,0x00,0x00,0x00,0x00,0x00,0x00,0x00,0x00,0x00,0x00,
	0x00,0x00,0x00,0x00,0x00,0x00,0x00,0x00,0x00,0x00,0xFF,0x7F,0x00,0x00,0x00,0x00,
	0xFF,0x7F,0x00,0x00,0x00,0x00,0xFF,0x7F,0x00,0x00,0x00,0x00,0x00,0x00,0x00,0x00,

	0xFF,0x7F,0xFF,0x7F,0xFF,0x7F,0x00,0x00,0x00,0x00,0xFF,0x7F,0x00,0x00,0x00,0x00,
	0xFF,0x7F,0x00,0x00,0x00,0x00,0x00,0x00,0x00,0x00,0xFF,0x7F,0xFF,0x7F,0xFF,0x7F,
	0x00,0x00,0x00,0x00,0x00,0x00,0x00,0x00,0xFF,0x7F,0xFF,0x7F,0xFF,0x7F,0x00,0x00,
	0x00,0x00,0xFF,0x7F,0x00,0x00,0x00,0x00,0x00,0x00,0x00,0x00,0x00,0x00,0x00,0x00,
	0x00,0x00,0x00,0x00,0x00,0x00,0x00,0x00,0x00,0x00,0x00,0x00,0x00,0x00,0x00,0x00,
	0x00,0x00,0x00,0x00,0x00,0x00,0x00,0x00,0x00,0x00,0x00,0x00,0x6B,0x2D,0x00,0x00,
	0xEF,0x3D,0x63,0x0C,0x63,0x0C,0x63,0x0C,0x63,0x0C,0x63,0x0C,0x63,0x0C,0x63,0x0C,
	0x4A,0x29,0x63,0x0C,0x63,0x0C,0x63,0x0C,0x63,0x0C,0x63,0x0C,0x63,0x0C,0x63,0x0C,

	0x63,0x0C,0x63,0x0C,0x63,0x0C,0x63,0x0C,0x63,0x0C,0x63,0x0C,0x63,0x0C,0x63,0x0C,
	0x63,0x0C,0x63,0x0C,0x63,0x0C,0x63,0x0C,0x63,0x0C,0x63,0x0C,0x63,0x0C,0x63,0x0C,
	0x00,0x00,0x00,0x00,0x00,0x00,0x00,0x00,0x00,0x00,0x00,0x00,0x00,0x00,0x00,0x00,
	0x00,0x00,0x00,0x00,0x00,0x00,0x00,0x00,0x00,0x00,0x00,0x00,0x00,0x00,0x00,0x00,
	0x00,0x00,0x00,0x00,0x00,0x00,0x00,0x00,0x00,0x00,0x00,0x00,0x00,0x00,0x00,0x00,
	0x4A,0x29,0x00,0x00,0x00,0x00,0x00,0x00,0x00,0x00,0x00,0x00,0x00,0x00,0x00,0x00,
	0xEF,0x3D,0x00,0x00,0x10,0x42,0x63,0x0C,0x63,0x0C,0x63,0x0C,0x63,0x0C,0x63,0x0C,
	0x63,0x0C,0x63,0x0C,0x63,0x0C,0x63,0x0C,0x63,0x0C,0x63,0x0C,0x63,0x0C,0x63,0x0C,

	0x63,0x0C,0x63,0x0C,0x63,0x0C,0x63,0x0C,0x63,0x0C,0x63,0x0C,0x63,0x0C,0x63,0x0C,
	0x63,0x0C,0x63,0x0C,0x63,0x0C,0x63,0x0C,0x63,0x0C,0x63,0x0C,0x63,0x0C,0x63,0x0C,
	0x63,0x0C,0x63,0x0C,0x63,0x0C,0x63,0x0C,0x63,0x0C,0x63,0x0C,0x63,0x0C,0x63,0x0C,
	0x63,0x0C,0x63,0x0C,0x63,0x0C,0x63,0x0C,0x63,0x0C,0x63,0x0C,0x63,0x0C,0x63,0x0C,
	0x63,0x0C,0x63,0x0C,0x63,0x0C,0x63,0x0C,0x63,0x0C,0x63,0x0C,0x63,0x0C,0x63,0x0C,
	0x63,0x0C,0x63,0x0C,0x63,0x0C,0x63,0x0C,0x63,0x0C,0x63,0x0C,0x63,0x0C,0x63,0x0C,
	0x63,0x0C,0x63,0x0C,0x63,0x0C,0x63,0x0C,0x63,0x0C,0x63,0x0C,0x63,0x0C,0x63,0x0C,
	0x63,0x0C,0x63,0x0C,0x63,0x0C,0x63,0x0C,0x63,0x0C,0x63,0x0C,0x63,0x0C,0x6B,0x2D,

	0x00,0x00,0xEF,0x3D,0x00,0x00,0x00,0x00,0x00,0x00,0x00,0x00,0x00,0x00,0x00,0x00,
	0x4A,0x29,0x00,0x00,0x00,0x00,0x00,0x00,0x00,0x00,0x00,0x00,0x00,0x00,0xEF,0x3D,
	0x00,0x00,0x10,0x42,0x63,0x0C,0x63,0x0C,0x63,0x0C,0x63,0x0C,0x63,0x0C,0x63,0x0C,
	0x63,0x0C,0x63,0x0C,0x63,0x0C,0x63,0x0C,0x63,0x0C,0x63,0x0C,0x63,0x0C,0x63,0x0C,
	0x63,0x0C,0x63,0x0C,0x63,0x0C,0x63,0x0C,0x63,0x0C,0x63,0x0C,0x63,0x0C,0x63,0x0C,
	0x63,0x0C,0x63,0x0C,0x63,0x0C,0x63,0x0C,0x63,0x0C,0x63,0x0C,0x63,0x0C,0x63,0x0C,
	0x63,0x0C,0x63,0x0C,0x63,0x0C,0x63,0x0C,0x63,0x0C,0x63,0x0C,0x63,0x0C,0x63,0x0C,
	0x63,0x0C,0x63,0x0C,0x63,0x0C,0x63,0x0C,0x63,0x0C,0x63,0x0C,0x63,0x0C,0x63,0x0C,

	0x63,0x0C,0x63,0x0C,0x63,0x0C,0x63,0x0C,0x63,0x0C,0x63,0x0C,0x63,0x0C,0x63,0x0C,
	0x63,0x0C,0x63,0x0C,0x63,0x0C,0x63,0x0C,0x63,0x0C,0x63,0x0C,0x63,0x0C,0x63,0x0C,
	0x63,0x0C,0x63,0x0C,0x63,0x0C,0x63,0x0C,0x63,0x0C,0x63,0x0C,0x63,0x0C,0x63,0x0C,
	0x63,0x0C,0x63,0x0C,0x63,0x0C,0x63,0x0C,0x63,0x0C,0x63,0x0C,0x6B,0x2D,0x00,0x00,
	0xEF,0x3D,0x00,0x00,0x00,0x00,0x00,0x00,0x00,0x00,0x00,0x00,0x00,0x00,0x00,0x00,
	0x4A,0x29,0x00,0x00,0x00,0x00,0x00,0x00,0x00,0x00,0x00,0x00,0x00,0x00,0x00,0x00,
	0x00,0x00,0x00,0x00,0x00,0x00,0x00,0x00,0x00,0x00,0x00,0x00,0x00,0x00,0x00,0x00,
	0x00,0x00,0x00,0x00,0x00,0x00,0x00,0x00,0x00,0x00,0x00,0x00,0x00,0x00,0x00,0x00,

	0x63,0x0C,0x63,0x0C,0x63,0x0C,0x63,0x0C,0x63,0x0C,0x63,0x0C,0x63,0x0C,0x63,0x0C,
	0x63,0x0C,0x63,0x0C,0x63,0x0C,0x63,0x0C,0x63,0x0C,0x63,0x0C,0x63,0x0C,0x63,0x0C,
	0x63,0x0C,0x63,0x0C,0x63,0x0C,0x63,0x0C,0x63,0x0C,0x63,0x0C,0x63,0x0C,0x63,0x0C,
	0x4A,0x29,0x63,0x0C,0x63,0x0C,0x63,0x0C,0x63,0x0C,0x63,0x0C,0x63,0x0C,0x63,0x0C,
	0xEF,0x3D,0x00,0x00,0x10,0x42,0x00,0x00,0x00,0x00,0x00,0x00,0x00,0x00,0x00,0x00,
	0x00,0x00,0x00,0x00,0x00,0x00,0x00,0x00,0x00,0x00,0x00,0x00,0x00,0x00,0x00,0x00,
	0x00,0x00,0x00,0x00,0x00,0x00,0x00,0x00,0x00,0x00,0x00,0x00,0x00,0x00,0x00,0x00,
	0x00,0x00,0x00,0x00,0x00,0x00,0x00,0x00,0x00,0x00,0x00,0x00,0x00,0x00,0x00,0x00,

	0x00,0x00,0x00,0x00,0x00,0x00,0x00,0x00,0x00,0x00,0x00,0x00,0x00,0x00,0x00,0x00,
	0x00,0x00,0x00,0x00,0x00,0x00,0x00,0x00,0x00,0x00,0x00,0x00,0x00,0x00,0x00,0x00,
	0x00,0x00,0x00,0x00,0x00,0x00,0x00,0x00,0x00,0x00,0x00,0x00,0x00,0x00,0x00,0x00,
	0x00,0x00,0x00,0x00,0x00,0x00,0x00,0x00,0x00,0x00,0x00,0x00,0x00,0x00,0x00,0x00,
	0x00,0x00,0x00,0x00,0x00,0x00,0x00,0x00,0x00,0x00,0x00,0x00,0x00,0x00,0x00,0x00,
	0x00,0x00,0x00,0x00,0x00,0x00,0x00,0x00,0x00,0x00,0x00,0x00,0x00,0x00,0x6B,0x2D,
	0x00,0x00,0xEF,0x3D,0x63,0x0C,0x63,0x0C,0x63,0x0C,0x63,0x0C,0x63,0x0C,0x63,0x0C,
	0x4A,0x29,0x63,0x0C,0x63,0x0C,0x63,0x0C,0x63,0x0C,0x63,0x0C,0x63,0x0C,0xEF,0x3D,

	0x00,0x00,0x10,0x42,0x00,0x00,0x00,0x00,0x00,0x00,0x00,0x00,0x00,0x00,0x00,0x00,
	0x00,0x00,0x00,0x00,0x00,0x00,0x00,0x00,0x00,0x00,0x00,0x00,0x00,0x00,0x00,0x00,
	0x00,0x00,0x00,0x00,0x00,0x00,0x00,0x00,0x00,0x00,0x00,0x00,0x00,0x00,0x00,0x00,
	0x00,0x00,0x00,0x00,0x00,0x00,0x00,0x00,0x00,0x00,0x00,0x00,0x00,0x00,0x00,0x00,
	0x00,0x00,0x00,0x00,0x00,0x00,0x00,0x00,0x00,0x00,0x00,0x00,0x00,0x00,0x00,0x00,
	0x00,0x00,0x00,0x00,0x00,0x00,0x00,0x00,0x00,0x00,0x00,0x00,0x00,0x00,0x00,0x00,
	0x00,0x00,0x00,0x00,0x00,0x00,0x00,0x00,0x00,0x00,0x00,0x00,0x00,0x00,0x00,0x00,
	0x00,0x00,0x00,0x00,0x00,0x00,0x00,0x00,0x00,0x00,0x00,0x00,0x00,0x00,0x00,0x00,

	0x00,0x00,0x00,0x00,0x00,0x00,0x00,0x00,0x00,0x00,0x00,0x00,0x00,0x00,0x00,0x00,
	0x00,0x00,0x00,0x00,0x00,0x00,0x00,0x00,0x00,0x00,0x00,0x00,0x6B,0x2D,0x00,0x00,
	0xEF,0x3D,0x63,0x0C,0x63,0x0C,0x63,0x0C,0x63,0x0C,0x63,0x0C,0x63,0x0C,0x63,0x0C,
	0x4A,0x29,0x63,0x0C,0x63,0x0C,0x63,0x0C,0x63,0x0C,0x63,0x0C,0x63,0x0C,0x63,0x0C,
	0x63,0x0C,0x63,0x0C,0x63,0x0C,0x63,0x0C,0x63,0x0C,0x63,0x0C,0x63,0x0C,0x63,0x0C,
	0x63,0x0C,0x63,0x0C,0x63,0x0C,0x63,0x0C,0x63,0x0C,0x63,0x0C,0x63,0x0C,0x63,0x0C,
	0x00,0x00,0x00,0x00,0x00,0x00,0x00,0x00,0x00,0x00,0x00,0x00,0x00,0x00,0x00,0x00,
	0x00,0x00,0x00,0x00,0x00,0x00,0x00,0x00,0x00,0x00,0x00,0x00,0x00,0x00,0x00,0x00,

	0x00,0x00,0x00,0x00,0x00,0x00,0x00,0x00,0x00,0x00,0x00,0x00,0x00,0x00,0x00,0x00,
	0x4A,0x29,0x00,0x00,0x00,0x00,0x00,0x00,0x00,0x00,0x00,0x00,0x00,0x00,0x00,0x00,
	0xEF,0x3D,0x00,0x00,0x10,0x42,0x63,0x0C,0x63,0x0C,0x63,0x0C,0x63,0x0C,0x63,0x0C,
	0x63,0x0C,0x63,0x0C,0x63,0x0C,0x63,0x0C,0x63,0x0C,0x63,0x0C,0x63,0x0C,0x63,0x0C,
	0x63,0x0C,0x63,0x0C,0x63,0x0C,0x63,0x0C,0x63,0x0C,0x63,0x0C,0x63,0x0C,0x63,0x0C,
	0x63,0x0C,0x63,0x0C,0x63,0x0C,0x63,0x0C,0x63,0x0C,0x63,0x0C,0x63,0x0C,0x63,0x0C,
	0x63,0x0C,0x63,0x0C,0x63,0x0C,0x63,0x0C,0x63,0x0C,0x63,0x0C,0x63,0x0C,0x63,0x0C,
	0x63,0x0C,0x63,0x0C,0x63,0x0C,0x63,0x0C,0x63,0x0C,0x63,0x0C,0x63,0x0C,0x63,0x0C,

	0x63,0x0C,0x63,0x0C,0x63,0x0C,0x63,0x0C,0x63,0x0C,0x63,0x0C,0x63,0x0C,0x63,0x0C,
	0x63,0x0C,0x63,0x0C,0x63,0x0C,0x63,0x0C,0x63,0x0C,0x63,0x0C,0x63,0x0C,0x63,0x0C,
	0x63,0x0C,0x63,0x0C,0x63,0x0C,0x63,0x0C,0x63,0x0C,0x63,0x0C,0x63,0x0C,0x63,0x0C,
	0x63,0x0C,0x63,0x0C,0x63,0x0C,0x63,0x0C,0x63,0x0C,0x63,0x0C,0x63,0x0C,0x6B,0x2D,
	0x00,0x00,0xEF,0x3D,0x00,0x00,0x00,0x00,0x00,0x00,0x00,0x00,0x00,0x00,0x00,0x00,
	0x4A,0x29,0x00,0x00,0x00,0x00,0x00,0x00,0x00,0x00,0x00,0x00,0x00,0x00,0xEF,0x3D,
	0x00,0x00,0x10,0x42,0x63,0x0C,0x63,0x0C,0x63,0x0C,0x63,0x0C,0x63,0x0C,0x63,0x0C,
	0x63,0x0C,0x63,0x0C,0x63,0x0C,0x63,0x0C,0x63,0x0C,0x63,0x0C,0x63,0x0C,0x63,0x0C,

	0x63,0x0C,0x63,0x0C,0x63,0x0C,0x63,0x0C,0x63,0x0C,0x63,0x0C,0x63,0x0C,0x63,0x0C,
	0x63,0x0C,0x63,0x0C,0x63,0x0C,0x63,0x0C,0x63,0x0C,0x63,0x0C,0x63,0x0C,0x63,0x0C,
	0x63,0x0C,0x63,0x0C,0x63,0x0C,0x63,0x0C,0x63,0x0C,0x63,0x0C,0x63,0x0C,0x63,0x0C,
	0x63,0x0C,0x63,0x0C,0x63,0x0C,0x63,0x0C,0x63,0x0C,0x63,0x0C,0x63,0x0C,0x63,0x0C,
	0x63,0x0C,0x63,0x0C,0x63,0x0C,0x63,0x0C,0x63,0x0C,0x63,0x0C,0x63,0x0C,0x63,0x0C,
	0x63,0x0C,0x63,0x0C,0x63,0x0C,0x63,0x0C,0x63,0x0C,0x63,0x0C,0x63,0x0C,0x63,0x0C,
	0x63,0x0C,0x63,0x0C,0x63,0x0C,0x63,0x0C,0x63,0x0C,0x63,0x0C,0x63,0x0C,0x63,0x0C,
	0x63,0x0C,0x63,0x0C,0x63,0x0C,0x63,0x0C,0x63,0x0C,0x63,0x0C,0x6B,0x2D,0x00,0x00,

	0xEF,0x3D,0x00,0x00,0x00,0x00,0x00,0x00,0x00,0x00,0x00,0x00,0x00,0x00,0x00,0x00,
	0x4A,0x29,0x00,0x00,0x00,0x00,0x00,0x00,0x00,0x00,0x00,0x00,0x00,0x00,0x00,0x00,
	0x00,0x00,0x00,0x00,0x00,0x00,0x00,0x00,0x00,0x00,0x00,0x00,0x00,0x00,0x00,0x00,
	0x00,0x00,0x00,0x00,0x00,0x00,0x00,0x00,0x00,0x00,0x00,0x00,0x00,0x00,0x00,0x00,
	0x63,0x0C,0x63,0x0C,0x63,0x0C,0x63,0x0C,0x63,0x0C,0x63,0x0C,0x63,0x0C,0x63,0x0C,
	0x63,0x0C,0x63,0x0C,0x63,0x0C,0x63,0x0C,0x63,0x0C,0x63,0x0C,0x63,0x0C,0x63,0x0C,
	0x63,0x0C,0x63,0x0C,0x63,0x0C,0x63,0x0C,0x63,0x0C,0x63,0x0C,0x63,0x0C,0x63,0x0C,
	0x4A,0x29,0x63,0x0C,0x63,0x0C,0x63,0x0C,0x63,0x0C,0x63,0x0C,0x63,0x0C,0x63,0x0C,

	0xEF,0x3D,0x00,0x00,0x10,0x42,0x6B,0x2D,0x6B,0x2D,0x6B,0x2D,0x6B,0x2D,0x6B,0x2D,
	0x6B,0x2D,0x6B,0x2D,0x6B,0x2D,0x6B,0x2D,0x6B,0x2D,0x6B,0x2D,0x6B,0x2D,0x6B,0x2D,
	0x6B,0x2D,0x6B,0x2D,0x6B,0x2D,0x6B,0x2D,0x6B,0x2D,0x6B,0x2D,0x6B,0x2D,0x6B,0x2D,
	0x6B,0x2D,0x6B,0x2D,0x6B,0x2D,0x6B,0x2D,0x6B,0x2D,0x6B,0x2D,0x6B,0x2D,0x6B,0x2D,
	0x6B,0x2D,0x6B,0x2D,0x6B,0x2D,0x6B,0x2D,0x6B,0x2D,0x6B,0x2D,0x6B,0x2D,0x6B,0x2D,
	0x6B,0x2D,0x6B,0x2D,0x6B,0x2D,0x6B,0x2D,0x6B,0x2D,0x6B,0x2D,0x6B,0x2D,0x6B,0x2D,
	0x6B,0x2D,0x6B,0x2D,0x6B,0x2D,0x6B,0x2D,0x6B,0x2D,0x6B,0x2D,0x6B,0x2D,0x6B,0x2D,
	0x6B,0x2D,0x6B,0x2D,0x6B,0x2D,0x6B,0x2D,0x6B,0x2D,0x6B,0x2D,0x6B,0x2D,0x6B,0x2D,

	0x6B,0x2D,0x6B,0x2D,0x6B,0x2D,0x6B,0x2D,0x6B,0x2D,0x6B,0x2D,0x6B,0x2D,0x6B,0x2D,
	0x6B,0x2D,0x6B,0x2D,0x6B,0x2D,0x6B,0x2D,0x6B,0x2D,0x6B,0x2D,0x6B,0x2D,0x6B,0x2D,
	0x00,0x00,0xEF,0x3D,0x63,0x0C,0x63,0x0C,0x63,0x0C,0x63,0x0C,0x63,0x0C,0x63,0x0C,
	0x4A,0x29,0x63,0x0C,0x63,0x0C,0x63,0x0C,0x63,0x0C,0x63,0x0C,0x63,0x0C,0xEF,0x3D,
	0x00,0x00,0x10,0x42,0x6B,0x2D,0x6B,0x2D,0x6B,0x2D,0x6B,0x2D,0x6B,0x2D,0x6B,0x2D,
	0x6B,0x2D,0x6B,0x2D,0x6B,0x2D,0x6B,0x2D,0x6B,0x2D,0x6B,0x2D,0x6B,0x2D,0x6B,0x2D,
	0x6B,0x2D,0x6B,0x2D,0x6B,0x2D,0x6B,0x2D,0x6B,0x2D,0x6B,0x2D,0x6B,0x2D,0x6B,0x2D,
	0x6B,0x2D,0x6B,0x2D,0x6B,0x2D,0x6B,0x2D,0x6B,0x2D,0x6B,0x2D,0x6B,0x2D,0x6B,0x2D,

	0x6B,0x2D,0x6B,0x2D,0x6B,0x2D,0x6B,0x2D,0x6B,0x2D,0x6B,0x2D,0x6B,0x2D,0x6B,0x2D,
	0x6B,0x2D,0x6B,0x2D,0x6B,0x2D,0x6B,0x2D,0x6B,0x2D,0x6B,0x2D,0x6B,0x2D,0x6B,0x2D,
	0x6B,0x2D,0x6B,0x2D,0x6B,0x2D,0x6B,0x2D,0x6B,0x2D,0x6B,0x2D,0x6B,0x2D,0x6B,0x2D,
	0x6B,0x2D,0x6B,0x2D,0x6B,0x2D,0x6B,0x2D,0x6B,0x2D,0x6B,0x2D,0x6B,0x2D,0x6B,0x2D,
	0x6B,0x2D,0x6B,0x2D,0x6B,0x2D,0x6B,0x2D,0x6B,0x2D,0x6B,0x2D,0x6B,0x2D,0x6B,0x2D,
	0x6B,0x2D,0x6B,0x2D,0x6B,0x2D,0x6B,0x2D,0x6B,0x2D,0x6B,0x2D,0x6B,0x2D,0x00,0x00,
	0xEF,0x3D,0x63,0x0C,0x63,0x0C,0x63,0x0C,0x63,0x0C,0x63,0x0C,0x63,0x0C,0x63,0x0C,
	0x4A,0x29,0x63,0x0C,0x63,0x0C,0x63,0x0C,0x63,0x0C,0x63,0x0C,0x63,0x0C,0x63,0x0C,

	0x63,0x0C,0x63,0x0C,0x63,0x0C,0x63,0x0C,0x63,0x0C,0x63,0x0C,0x63,0x0C,0x63,0x0C,
	0x63,0x0C,0x63,0x0C,0x63,0x0C,0x63,0x0C,0x63,0x0C,0x63,0x0C,0x63,0x0C,0x63,0x0C,
	0x00,0x00,0x00,0x00,0x00,0x00,0x00,0x00,0x00,0x00,0x00,0x00,0x00,0x00,0x00,0x00,
	0x00,0x00,0x00,0x00,0x00,0x00,0x00,0x00,0x00,0x00,0x00,0x00,0x00,0x00,0x00,0x00,
	0x00,0x00,0x00,0x00,0x00,0x00,0x00,0x00,0x00,0x00,0x00,0x00,0x00,0x00,0x00,0x00,
	0x4A,0x29,0x00,0x00,0x00,0x00,0x00,0x00,0x00,0x00,0x00,0x00,0x00,0x00,0x00,0x00,
	0xEF,0x3D,0x00,0x00,0x00,0x00,0x00,0x00,0x00,0x00,0x00,0x00,0x00,0x00,0x00,0x00,
	0x00,0x00,0x00,0x00,0x00,0x00,0x00,0x00,0x00,0x00,0x00,0x00,0x00,0x00,0x00,0x00,

	0x00,0x00,0x00,0x00,0x00,0x00,0x00,0x00,0x00,0x00,0x00,0x00,0x00,0x00,0x00,0x00,
	0x00,0x00,0x00,0x00,0x00,0x00,0x00,0x00,0x00,0x00,0x00,0x00,0x00,0x00,0x00,0x00,
	0x00,0x00,0x00,0x00,0x00,0x00,0x00,0x00,0x00,0x00,0x00,0x00,0x00,0x00,0x00,0x00,
	0x00,0x00,0x00,0x00,0x00,0x00,0x00,0x00,0x00,0x00,0x00,0x00,0x00,0x00,0x00,0x00,
	0x00,0x00,0x00,0x00,0x00,0x00,0x00,0x00,0x00,0x00,0x00,0x00,0x00,0x00,0x00,0x00,
	0x00,0x00,0x00,0x00,0x00,0x00,0x00,0x00,0x00,0x00,0x00,0x00,0x00,0x00,0x00,0x00,
	0x00,0x00,0x00,0x00,0x00,0x00,0x00,0x00,0x00,0x00,0x00,0x00,0x00,0x00,0x00,0x00,
	0x00,0x00,0x00,0x00,0x00,0x00,0x00,0x00,0x00,0x00,0x00,0x00,0x00,0x00,0x00,0x00,

	0x00,0x00,0xEF,0x3D,0x00,0x00,0x00,0x00,0x00,0x00,0x00,0x00,0x00,0x00,0x00,0x00,
	0x4A,0x29,0x00,0x00,0x00,0x00,0x00,0x00,0x00,0x00,0x00,0x00,0x00,0x00,0xEF,0x3D,
	0x00,0x00,0x00,0x00,0x00,0x00,0x00,0x00,0x00,0x00,0x00,0x00,0x00,0x00,0x00,0x00,
	0x00,0x00,0x00,0x00,0x00,0x00,0x00,0x00,0x00,0x00,0x00,0x00,0x00,0x00,0x00,0x00,
	0x00,0x00,0x00,0x00,0x00,0x00,0x00,0x00,0x00,0x00,0x00,0x00,0x00,0x00,0x00,0x00,
	0x00,0x00,0x00,0x00,0x00,0x00,0x00,0x00,0x00,0x00,0x00,0x00,0x00,0x00,0x00,0x00,
	0x00,0x00,0x00,0x00,0x00,0x00,0x00,0x00,0x00,0x00,0x00,0x00,0x00,0x00,0x00,0x00,
	0x00,0x00,0x00,0x00,0x00,0x00,0x00,0x00,0x00,0x00,0x00,0x00,0x00,0x00,0x00,0x00,

	0x00,0x00,0x00,0x00,0x00,0x00,0x00,0x00,0x00,0x00,0x00,0x00,0x00,0x00,0x00,0x00,
	0x00,0x00,0x00,0x00,0x00,0x00,0x00,0x00,0x00,0x00,0x00,0x00,0x00,0x00,0x00,0x00,
	0x00,0x00,0x00,0x00,0x00,0x00,0x00,0x00,0x00,0x00,0x00,0x00,0x00,0x00,0x00,0x00,
	0x00,0x00,0x00,0x00,0x00,0x00,0x00,0x00,0x00,0x00,0x00,0x00,0x00,0x00,0x00,0x00,
	0xEF,0x3D,0x00,0x00,0x00,0x00,0x00,0x00,0x00,0x00,0x00,0x00,0x00,0x00,0x00,0x00,
	0x4A,0x29,0x00,0x00,0x00,0x00,0x00,0x00,0x00,0x00,0x00,0x00,0x00,0x00,0x00,0x00,
	0x00,0x00,0x00,0x00,0x00,0x00,0x00,0x00,0x00,0x00,0x00,0x00,0x00,0x00,0x00,0x00,
	0x00,0x00,0x00,0x00,0x00,0x00,0x00,0x00,0x00,0x00,0x00,0x00,0x00,0x00,0x00,0x00,

	0x63,0x0C,0x63,0x0C,0x63,0x0C,0x63,0x0C,0x63,0x0C,0x63,0x0C,0x63,0x0C,0x63,0x0C,
	0x63,0x0C,0x63,0x0C,0x63,0x0C,0x63,0x0C,0x63,0x0C,0x63,0x0C,0x63,0x0C,0x63,0x0C,
	0x63,0x0C,0x63,0x0C,0x63,0x0C,0x63,0x0C,0x63,0x0C,0x63,0x0C,0x63,0x0C,0x63,0x0C,
	0x4A,0x29,0x63,0x0C,0x63,0x0C,0x63,0x0C,0x63,0x0C,0x63,0x0C,0x63,0x0C,0x63,0x0C,
	0xEF,0x3D,0x00,0x00,0x08,0x21,0x08,0x21,0x08,0x21,0x08,0x21,0x08,0x21,0x08,0x21,
	0x08,0x21,0x08,0x21,0x08,0x21,0x08,0x21,0x08,0x21,0x08,0x21,0x08,0x21,0x08,0x21,
	0x08,0x21,0x08,0x21,0x08,0x21,0x08,0x21,0x08,0x21,0x08,0x21,0x08,0x21,0x08,0x21,
	0x08,0x21,0x08,0x21,0x08,0x21,0x08,0x21,0x08,0x21,0x08,0x21,0x08,0x21,0x08,0x21,

	0x08,0x21,0x08,0x21,0x08,0x21,0x08,0x21,0x08,0x21,0x08,0x21,0x08,0x21,0x08,0x21,
	0x08,0x21,0x08,0x21,0x08,0x21,0x08,0x21,0x08,0x21,0x08,0x21,0x08,0x21,0x08,0x21,
	0x08,0x21,0x08,0x21,0x08,0x21,0x08,0x21,0x08,0x21,0x08,0x21,0x08,0x21,0x08,0x21,
	0x08,0x21,0x08,0x21,0x08,0x21,0x08,0x21,0x08,0x21,0x08,0x21,0x08,0x21,0x08,0x21,
	0x08,0x21,0x08,0x21,0x08,0x21,0x08,0x21,0x08,0x21,0x08,0x21,0x08,0x21,0x08,0x21,
	0x08,0x21,0x08,0x21,0x08,0x21,0x08,0x21,0x08,0x21,0x08,0x21,0x08,0x21,0x08,0x21,
	0x00,0x00,0xEF,0x3D,0x63,0x0C,0x63,0x0C,0x63,0x0C,0x63,0x0C,0x63,0x0C,0x63,0x0C,
	0x4A,0x29,0x63,0x0C,0x63,0x0C,0x63,0x0C,0x63,0x0C,0x63,0x0C,0x63,0x0C,0xEF,0x3D,

	0x00,0x00,0x08,0x21,0x08,0x21,0x08,0x21,0x08,0x21,0x08,0x21,0x08,0x21,0x08,0x21,
	0x08,0x21,0x08,0x21,0x08,0x21,0x08,0x21,0x08,0x21,0x08,0x21,0x08,0x21,0x08,0x21,
	0x08,0x21,0x08,0x21,0x08,0x21,0x08,0x21,0x08,0x21,0x08,0x21,0x08,0x21,0x08,0x21,
	0x08,0x21,0x08,0x21,0x08,0x21,0x08,0x21,0x08,0x21,0x08,0x21,0x08,0x21,0x08,0x21,
	0x08,0x21,0x08,0x21,0x08,0x21,0x08,0x21,0x08,0x21,0x08,0x21,0x08,0x21,0x08,0x21,
	0x08,0x21,0x08,0x21,0x08,0x21,0x08,0x21,0x08,0x21,0x08,0x21,0x08,0x21,0x08,0x21,
	0x08,0x21,0x08,0x21,0x08,0x21,0x08,0x21,0x08,0x21,0x08,0x21,0x08,0x21,0x08,0x21,
	0x08,0x21,0x08,0x21,0x08,0x21,0x08,0x21,0x08,0x21,0x08,0x21,0x08,0x21,0x08,0x21,

	0x08,0x21,0x08,0x21,0x08,0x21,0x08,0x21,0x08,0x21,0x08,0x21,0x08,0x21,0x08,0x21,
	0x08,0x21,0x08,0x21,0x08,0x21,0x08,0x21,0x08,0x21,0x08,0x21,0x08,0x21,0x00,0x00,
	0xEF,0x3D,0x63,0x0C,0x63,0x0C,0x63,0x0C,0x63,0x0C,0x63,0x0C,0x63,0x0C,0x63,0x0C,
	0x4A,0x29,0x63,0x0C,0x63,0x0C,0x63,0x0C,0x63,0x0C,0x63,0x0C,0x63,0x0C,0x63,0x0C,
	0x63,0x0C,0x63,0x0C,0x63,0x0C,0x63,0x0C,0x63,0x0C,0x63,0x0C,0x63,0x0C,0x63,0x0C,
	0x63,0x0C,0x63,0x0C,0x63,0x0C,0x63,0x0C,0x63,0x0C,0x63,0x0C,0x63,0x0C,0x63,0x0C,
	0x00,0x00,0x00,0x00,0x00,0x00,0x00,0x00,0x00,0x00,0x00,0x00,0x00,0x00,0x00,0x00,
	0x00,0x00,0x00,0x00,0x00,0x00,0x00,0x00,0x00,0x00,0x00,0x00,0x00,0x00,0x00,0x00,

	0x00,0x00,0x00,0x00,0x00,0x00,0x00,0x00,0x00,0x00,0x00,0x00,0x00,0x00,0x00,0x00,
	0x4A,0x29,0x00,0x00,0x00,0x00,0x00,0x00,0x00,0x00,0x00,0x00,0x00,0x00,0x00,0x00,
	0xEF,0x3D,0x00,0x00,0x08,0x21,0x08,0x21,0x08,0x21,0x08,0x21,0x08,0x21,0x08,0x21,
	0x08,0x21,0x08,0x21,0x08,0x21,0x08,0x21,0x08,0x21,0x08,0x21,0x08,0x21,0x08,0x21,
	0x08,0x21,0x08,0x21,0x08,0x21,0x08,0x21,0x08,0x21,0x08,0x21,0x08,0x21,0x08,0x21,
	0x08,0x21,0x08,0x21,0x08,0x21,0x08,0x21,0x08,0x21,0x08,0x21,0x08,0x21,0x08,0x21,
	0x08,0x21,0x08,0x21,0x08,0x21,0x08,0x21,0x08,0x21,0x08,0x21,0x08,0x21,0x08,0x21,
	0x08,0x21,0x08,0x21,0x08,0x21,0x08,0x21,0x08,0x21,0x08,0x21,0x08,0x21,0x08,0x21,

	0x08,0x21,0x08,0x21,0x08,0x21,0x08,0x21,0x08,0x21,0x08,0x21,0x08,0x21,0x08,0x21,
	0x08,0x21,0x08,0x21,0x08,0x21,0x08,0x21,0x08,0x21,0x08,0x21,0x08,0x21,0x08,0x21,
	0x08,0x21,0x08,0x21,0x08,0x21,0x08,0x21,0x08,0x21,0x08,0x21,0x08,0x21,0x08,0x21,
	0x08,0x21,0x08,0x21,0x08,0x21,0x08,0x21,0x08,0x21,0x08,0x21,0x08,0x21,0x08,0x21,
	0x00,0x00,0xEF,0x3D,0x00,0x00,0x00,0x00,0x00,0x00,0x00,0x00,0x00,0x00,0x00,0x00,
	0x4A,0x29,0x00,0x00,0x00,0x00,0x00,0x00,0x00,0x00,0x00,0x00,0x00,0x00,0xEF,0x3D,
	0x00,0x00,0x08,0x21,0x08,0x21,0x08,0x21,0x08,0x21,0x08,0x21,0x08,0x21,0x08,0x21,
	0x08,0x21,0x08,0x21,0x08,0x21,0x08,0x21,0x08,0x21,0x08,0x21,0x08,0x21,0x08,0x21,

	0x08,0x21,0x08,0x21,0x08,0x21,0x08,0x21,0x08,0x21,0x08,0x21,0x08,0x21,0x08,0x21,
	0x08,0x21,0x08,0x21,0x08,0x21,0x08,0x21,0x08,0x21,0x08,0x21,0x08,0x21,0x08,0x21,
	0x08,0x21,0x08,0x21,0x08,0x21,0x08,0x21,0x08,0x21,0x08,0x21,0x08,0x21,0x08,0x21,
	0x08,0x21,0x08,0x21,0x08,0x21,0x08,0x21,0x08,0x21,0x08,0x21,0x08,0x21,0x08,0x21,
	0x08,0x21,0x08,0x21,0x08,0x21,0x08,0x21,0x08,0x21,0x08,0x21,0x08,0x21,0x08,0x21,
	0x08,0x21,0x08,0x21,0x08,0x21,0x08,0x21,0x08,0x21,0x08,0x21,0x08,0x21,0x08,0x21,
	0x08,0x21,0x08,0x21,0x08,0x21,0x08,0x21,0x08,0x21,0x08,0x21,0x08,0x21,0x08,0x21,
	0x08,0x21,0x08,0x21,0x08,0x21,0x08,0x21,0x08,0x21,0x08,0x21,0x08,0x21,0x00,0x00,

	0xEF,0x3D,0x00,0x00,0x00,0x00,0x00,0x00,0x00,0x00,0x00,0x00,0x00,0x00,0x00,0x00,
	0x4A,0x29,0x00,0x00,0x00,0x00,0x00,0x00,0x00,0x00,0x00,0x00,0x00,0x00,0x00,0x00,
	0x00,0x00,0x00,0x00,0x00,0x00,0x00,0x00,0x00,0x00,0x00,0x00,0x00,0x00,0x00,0x00,
	0x00,0x00,0x00,0x00,0x00,0x00,0x00,0x00,0x00,0x00,0x00,0x00,0x00,0x00,0x00,0x00,
	0x63,0x0C,0x63,0x0C,0x63,0x0C,0x63,0x0C,0x63,0x0C,0x63,0x0C,0x63,0x0C,0x63,0x0C,
	0x63,0x0C,0x63,0x0C,0x63,0x0C,0x63,0x0C,0x63,0x0C,0x63,0x0C,0x63,0x0C,0x63,0x0C,
	0x63,0x0C,0x63,0x0C,0x63,0x0C,0x63,0x0C,0x63,0x0C,0x63,0x0C,0x63,0x0C,0x63,0x0C,
	0x4A,0x29,0x63,0x0C,0x63,0x0C,0x63,0x0C,0x63,0x0C,0x63,0x0C,0x63,0x0C,0x63,0x0C,

	0xEF,0x3D,0x00,0x00,0x08,0x21,0x08,0x21,0x00,0x00,0x00,0x00,0x00,0x00,0x00,0x00,
	0x00,0x00,0x00,0x00,0x00,0x00,0x00,0x00,0x00,0x00,0x00,0x00,0x00,0x00,0x00,0x00,
	0x00,0x00,0x00,0x00,0xFF,0x7F,0xFF,0x7F,0x00,0x00,0x00,0x00,0x00,0x00,0x00,0x00,
	0xFF,0x7F,0xFF,0x7F,0xFF,0x7F,0xFF,0x7F,0xFF,0x7F,0xFF,0x7F,0xFF,0x7F,0xFF,0x7F,
	0xFF,0x7F,0xFF,0x7F,0x00,0x00,0x00,0x00,0x00,0x00,0x00,0x00,0xFF,0x7F,0xFF,0x7F,
	0xFF,0x7F,0xFF,0x7F,0x00,0x00,0x00,0x00,0x00,0x00,0x00,0x00,0xFF,0x7F,0xFF,0x7F,
	0xFF,0x7F,0xFF,0x7F,0x00,0x00,0x00,0x00,0xFF,0x7F,0xFF,0x7F,0xFF,0x7F,0xFF,0x7F,
	0xFF,0x7F,0xFF,0x7F,0xFF,0x7F,0xFF,0x7F,0x00,0x00,0x00,0x00,0xFF,0x7F,0xFF,0x7F,

	0x00,0x00,0x00,0x00,0x00,0x00,0x00,0x00,0x00,0x00,0x00,0x00,0x00,0x00,0x00,0x00,
	0x00,0x00,0x00,0x00,0x00,0x00,0x00,0x00,0x00,0x00,0x00,0x00,0x08,0x21,0x08,0x21,
	0x00,0x00,0xEF,0x3D,0x63,0x0C,0x63,0x0C,0x63,0x0C,0x63,0x0C,0x63,0x0C,0x63,0x0C,
	0x4A,0x29,0x63,0x0C,0x63,0x0C,0x63,0x0C,0x63,0x0C,0x63,0x0C,0x63,0x0C,0xEF,0x3D,
	0x00,0x00,0x08,0x21,0x08,0x21,0x00,0x00,0x00,0x00,0x00,0x00,0x00,0x00,0x00,0x00,
	0x00,0x00,0x00,0x00,0x00,0x00,0x00,0x00,0x00,0x00,0x00,0x00,0x00,0x00,0x00,0x00,
	0x00,0x00,0xFF,0x7F,0xFF,0x7F,0x00,0x00,0x00,0x00,0xFF,0x7F,0xFF,0x7F,0x00,0x00,
	0x00,0x00,0x00,0x00,0x00,0x00,0xFF,0x7F,0xFF,0x7F,0xFF,0x7F,0xFF,0x7F,0xFF,0x7F,

	0xFF,0x7F,0x00,0x00,0x00,0x00,0xFF,0x7F,0xFF,0x7F,0xFF,0x7F,0xFF,0x7F,0xFF,0x7F,
	0xFF,0x7F,0x00,0x00,0x00,0x00,0xFF,0x7F,0xFF,0x7F,0x00,0x00,0x00,0x00,0xFF,0x7F,
	0xFF,0x7F,0x00,0x00,0x00,0x00,0x00,0x00,0x00,0x00,0xFF,0x7F,0xFF,0x7F,0x00,0x00,
	0x00,0x00,0x00,0x00,0x00,0x00,0xFF,0x7F,0xFF,0x7F,0xFF,0x7F,0xFF,0x7F,0x00,0x00,
	0x00,0x00,0x00,0x00,0x00,0x00,0x00,0x00,0x00,0x00,0x00,0x00,0x00,0x00,0x00,0x00,
	0x00,0x00,0x00,0x00,0x00,0x00,0x00,0x00,0x00,0x00,0x08,0x21,0x08,0x21,0x00,0x00,
	0xEF,0x3D,0x63,0x0C,0x63,0x0C,0x63,0x0C,0x63,0x0C,0x63,0x0C,0x63,0x0C,0x63,0x0C,
	0x4A,0x29,0x63,0x0C,0x63,0x0C,0x63,0x0C,0x63,0x0C,0x63,0x0C,0x63,0x0C,0x63,0x0C,

	0x63,0x0C,0x63,0x0C,0x63,0x0C,0x63,0x0C,0x63,0x0C,0x63,0x0C,0x63,0x0C,0x63,0x0C,
	0x63,0x0C,0x63,0x0C,0x63,0x0C,0x63,0x0C,0x63,0x0C,0x63,0x0C,0x63,0x0C,0x63,0x0C,
	0x00,0x00,0x00,0x00,0x00,0x00,0x00,0x00,0x00,0x00,0x00,0x00,0x00,0x00,0x00,0x00,
	0x00,0x00,0x00,0x00,0x00,0x00,0x00,0x00,0x00,0x00,0x00,0x00,0x00,0x00,0x00,0x00,
	0x00,0x00,0x00,0x00,0x00,0x00,0x00,0x00,0x00,0x00,0x00,0x00,0x00,0x00,0x00,0x00,
	0x4A,0x29,0x00,0x00,0x00,0x00,0x00,0x00,0x00,0x00,0x00,0x00,0x00,0x00,0x00,0x00,
	0xEF,0x3D,0x00,0x00,0x08,0x21,0x08,0x21,0x00,0x00,0x00,0x00,0x00,0x00,0x00,0x00,
	0x00,0x00,0x00,0x00,0x00,0x00,0x00,0x00,0x00,0x00,0x00,0x00,0x00,0x00,0x00,0x00,

	0x00,0x00,0x00,0x00,0xFF,0x7F,0xFF,0x7F,0x00,0x00,0x00,0x00,0x00,0x00,0x00,0x00,
	0xFF,0x7F,0xFF,0x7F,0xFF,0x7F,0xFF,0x7F,0xFF,0x7F,0xFF,0x7F,0xFF,0x7F,0xFF,0x7F,
	0xFF,0x7F,0xFF,0x7F,0x00,0x00,0x00,0x00,0x00,0x00,0x00,0x00,0xFF,0x7F,0xFF,0x7F,
	0xFF,0x7F,0xFF,0x7F,0x00,0x00,0x00,0x00,0x00,0x00,0x00,0x00,0xFF,0x7F,0xFF,0x7F,
	0xFF,0x7F,0xFF,0x7F,0x00,0x00,0x00,0x00,0xFF,0x7F,0xFF,0x7F,0xFF,0x7F,0xFF,0x7F,
	0xFF,0x7F,0xFF,0x7F,0xFF,0x7F,0xFF,0x7F,0x00,0x00,0x00,0x00,0xFF,0x7F,0xFF,0x7F,
	0x00,0x00,0x00,0x00,0x00,0x00,0x00,0x00,0x00,0x00,0x00,0x00,0x00,0x00,0x00,0x00,
	0x00,0x00,0x00,0x00,0x00,0x00,0x00,0x00,0x00,0x00,0x00,0x00,0x08,0x21,0x08,0x21,

	0x00,0x00,0xEF,0x3D,0x00,0x00,0x00,0x00,0x00,0x00,0x00,0x00,0x00,0x00,0x00,0x00,
	0x4A,0x29,0x00,0x00,0x00,0x00,0x00,0x00,0x00,0x00,0x00,0x00,0x00,0x00,0xEF,0x3D,
	0x00,0x00,0x08,0x21,0x08,0x21,0x00,0x00,0x00,0x00,0x00,0x00,0x00,0x00,0x00,0x00,
	0x00,0x00,0x00,0x00,0x00,0x00,0x00,0x00,0x00,0x00,0x00,0x00,0x00,0x00,0x00,0x00,
	0x00,0x00,0xFF,0x7F,0xFF,0x7F,0x00,0x00,0x00,0x00,0xFF,0x7F,0xFF,0x7F,0x00,0x00,
	0x00,0x00,0x00,0x00,0x00,0x00,0xFF,0x7F,0xFF,0x7F,0xFF,0x7F,0xFF,0x7F,0xFF,0x7F,
	0xFF,0x7F,0x00,0x00,0x00,0x00,0xFF,0x7F,0xFF,0x7F,0xFF,0x7F,0xFF,0x7F,0xFF,0x7F,
	0xFF,0x7F,0x00,0x00,0x00,0x00,0xFF,0x7F,0xFF,0x7F,0x00,0x00,0x00,0x00,0xFF,0x7F,

	0xFF,0x7F,0x00,0x00,0x00,0x00,0x00,0x00,0x00,0x00,0xFF,0x7F,0xFF,0x7F,0x00,0x00,
	0x00,0x00,0x00,0x00,0x00,0x00,0xFF,0x7F,0xFF,0x7F,0xFF,0x7F,0xFF,0x7F,0x00,0x00,
	0x00,0x00,0x00,0x00,0x00,0x00,0x00,0x00,0x00,0x00,0x00,0x00,0x00,0x00,0x00,0x00,
	0x00,0x00,0x00,0x00,0x00,0x00,0x00,0x00,0x00,0x00,0x08,0x21,0x08,0x21,0x00,0x00,
	0xEF,0x3D,0x00,0x00,0x00,0x00,0x00,0x00,0x00,0x00,0x00,0x00,0x00,0x00,0x00,0x00,
	0x4A,0x29,0x00,0x00,0x00,0x00,0x00,0x00,0x00,0x00,0x00,0x00,0x00,0x00,0x00,0x00,
	0x00,0x00,0x00,0x00,0x00,0x00,0x00,0x00,0x00,0x00,0x00,0x00,0x00,0x00,0x00,0x00,
	0x00,0x00,0x00,0x00,0x00,0x00,0x00,0x00,0x00,0x00,0x00,0x00,0x00,0x00,0x00,0x00,

	0x63,0x0C,0x63,0x0C,0x63,0x0C,0x63,0x0C,0x63,0x0C,0x63,0x0C,0x63,0x0C,0x63,0x0C,
	0x63,0x0C,0x63,0x0C,0x63,0x0C,0x63,0x0C,0x63,0x0C,0x63,0x0C,0x63,0x0C,0x63,0x0C,
	0x63,0x0C,0x63,0x0C,0x63,0x0C,0x63,0x0C,0x63,0x0C,0x63,0x0C,0x63,0x0C,0x63,0x0C,
	0x4A,0x29,0x63,0x0C,0x63,0x0C,0x63,0x0C,0x63,0x0C,0x63,0x0C,0x63,0x0C,0x63,0x0C,
	0xEF,0x3D,0x00,0x00,0xE7,0x1C,0x08,0x21,0x00,0x00,0x00,0x00,0xFF,0x7F,0xFF,0x7F,
	0xFF,0x7F,0xFF,0x7F,0xFF,0x7F,0xFF,0x7F,0xFF,0x7F,0xFF,0x7F,0xFF,0x7F,0xFF,0x7F,
	0x00,0x00,0x00,0x00,0xFF,0x7F,0xFF,0x7F,0xFF,0x7F,0xFF,0x7F,0xFF,0x7F,0xFF,0x7F,
	0xFF,0x7F,0xFF,0x7F,0xFF,0x7F,0xFF,0x7F,0xFF,0x7F,0xFF,0x7F,0xFF,0x7F,0xFF,0x7F,

	0x00,0x00,0x00,0x00,0x00,0x00,0x00,0x00,0xFF,0x7F,0xFF,0x7F,0xFF,0x7F,0xFF,0x7F,
	0xFF,0x7F,0xFF,0x7F,0xFF,0x7F,0xFF,0x7F,0xFF,0x7F,0xFF,0x7F,0x00,0x00,0x00,0x00,
	0x00,0x00,0x00,0x00,0x00,0x00,0x00,0x00,0xFF,0x7F,0xFF,0x7F,0x00,0x00,0x00,0x00,
	0xFF,0x7F,0xFF,0x7F,0xFF,0x7F,0xFF,0x7F,0x00,0x00,0x00,0x00,0xFF,0x7F,0xFF,0x7F,
	0x00,0x00,0x00,0x00,0xFF,0x7F,0xFF,0x7F,0xFF,0x7F,0xFF,0x7F,0xFF,0x7F,0xFF,0x7F,
	0xFF,0x7F,0xFF,0x7F,0xFF,0x7F,0xFF,0x7F,0x00,0x00,0x00,0x00,0x08,0x21,0xE7,0x1C,
	0x00,0x00,0xEF,0x3D,0x63,0x0C,0x63,0x0C,0x63,0x0C,0x63,0x0C,0x63,0x0C,0x63,0x0C,
	0x4A,0x29,0x63,0x0C,0x63,0x0C,0x63,0x0C,0x63,0x0C,0x63,0x0C,0x63,0x0C,0xEF,0x3D,

	0x00,0x00,0xE7,0x1C,0x08,0x21,0x00,0x00,0x00,0x00,0xFF,0x7F,0xFF,0x7F,0xFF,0x7F,
	0xFF,0x7F,0xFF,0x7F,0xFF,0x7F,0xFF,0x7F,0xFF,0x7F,0xFF,0x7F,0xFF,0x7F,0x00,0x00,
	0x00,0x00,0xFF,0x7F,0xFF,0x7F,0x00,0x00,0x00,0x00,0x00,0x00,0x00,0x00,0x00,0x00,
	0x00,0x00,0x00,0x00,0x00,0x00,0xFF,0x7F,0xFF,0x7F,0x00,0x00,0x00,0x00,0xFF,0x7F,
	0xFF,0x7F,0xFF,0x7F,0xFF,0x7F,0xFF,0x7F,0xFF,0x7F,0xFF,0x7F,0xFF,0x7F,0xFF,0x7F,
	0xFF,0x7F,0x00,0x00,0x00,0x00,0x00,0x00,0x00,0x00,0xFF,0x7F,0xFF,0x7F,0xFF,0x7F,
	0xFF,0x7F,0x00,0x00,0x00,0x00,0xFF,0x7F,0xFF,0x7F,0xFF,0x7F,0xFF,0x7F,0x00,0x00,
	0x00,0x00,0x00,0x00,0x00,0x00,0xFF,0x7F,0xFF,0x7F,0xFF,0x7F,0xFF,0x7F,0x00,0x00,

	0x00,0x00,0xFF,0x7F,0xFF,0x7F,0xFF,0x7F,0xFF,0x7F,0xFF,0x7F,0xFF,0x7F,0xFF,0x7F,
	0xFF,0x7F,0xFF,0x7F,0xFF,0x7F,0x00,0x00,0x00,0x00,0x08,0x21,0xE7,0x1C,0x00,0x00,
	0xEF,0x3D,0x63,0x0C,0x63,0x0C,0x63,0x0C,0x63,0x0C,0x63,0x0C,0x63,0x0C,0x63,0x0C,
	0x4A,0x29,0x63,0x0C,0x63,0x0C,0x63,0x0C,0x63,0x0C,0x63,0x0C,0x63,0x0C,0x63,0x0C,
	0x63,0x0C,0x63,0x0C,0x63,0x0C,0x63,0x0C,0x63,0x0C,0x63,0x0C,0x63,0x0C,0x63,0x0C,
	0x63,0x0C,0x63,0x0C,0x63,0x0C,0x63,0x0C,0x63,0x0C,0x63,0x0C,0x63,0x0C,0x63,0x0C,
	0x00,0x00,0x00,0x00,0x00,0x00,0x00,0x00,0x00,0x00,0x00,0x00,0x00,0x00,0x00,0x00,
	0x00,0x00,0x00,0x00,0x00,0x00,0x00,0x00,0x00,0x00,0x00,0x00,0x00,0x00,0x00,0x00,

	0x00,0x00,0x00,0x00,0x00,0x00,0x00,0x00,0x00,0x00,0x00,0x00,0x00,0x00,0x00,0x00,
	0x4A,0x29,0x00,0x00,0x00,0x00,0x00,0x00,0x00,0x00,0x00,0x00,0x00,0x00,0x00,0x00,
	0xEF,0x3D,0x00,0x00,0x08,0x21,0xE7,0x1C,0x00,0x00,0x00,0x00,0xFF,0x7F,0xFF,0x7F,
	0xFF,0x7F,0xFF,0x7F,0xFF,0x7F,0xFF,0x7F,0xFF,0x7F,0xFF,0x7F,0xFF,0x7F,0xFF,0x7F,
	0x00,0x00,0x00,0x00,0xFF,0x7F,0xFF,0x7F,0xFF,0x7F,0xFF,0x7F,0xFF,0x7F,0xFF,0x7F,
	0xFF,0x7F,0xFF,0x7F,0xFF,0x7F,0xFF,0x7F,0xFF,0x7F,0xFF,0x7F,0xFF,0x7F,0xFF,0x7F,
	0x00,0x00,0x00,0x00,0x00,0x00,0x00,0x00,0xFF,0x7F,0xFF,0x7F,0xFF,0x7F,0xFF,0x7F,
	0xFF,0x7F,0xFF,0x7F,0xFF,0x7F,0xFF,0x7F,0xFF,0x7F,0xFF,0x7F,0x00,0x00,0x00,0x00,

	0x00,0x00,0x00,0x00,0x00,0x00,0x00,0x00,0xFF,0x7F,0xFF,0x7F,0x00,0x00,0x00,0x00,
	0xFF,0x7F,0xFF,0x7F,0xFF,0x7F,0xFF,0x7F,0x00,0x00,0x00,0x00,0xFF,0x7F,0xFF,0x7F,
	0x00,0x00,0x00,0x00,0xFF,0x7F,0xFF,0x7F,0xFF,0x7F,0xFF,0x7F,0xFF,0x7F,0xFF,0x7F,
	0xFF,0x7F,0xFF,0x7F,0xFF,0x7F,0xFF,0x7F,0x00,0x00,0x00,0x00,0xE7,0x1C,0x08,0x21,
	0x00,0x00,0xEF,0x3D,0x00,0x00,0x00,0x00,0x00,0x00,0x00,0x00,0x00,0x00,0x00,0x00,
	0x4A,0x29,0x00,0x00,0x00,0x00,0x00,0x00,0x00,0x00,0x00,0x00,0x00,0x00,0xEF,0x3D,
	0x00,0x00,0x08,0x21,0xE7,0x1C,0x00,0x00,0x00,0x00,0xFF,0x7F,0xFF,0x7F,0xFF,0x7F,
	0xFF,0x7F,0xFF,0x7F,0xFF,0x7F,0xFF,0x7F,0xFF,0x7F,0xFF,0x7F,0xFF,0x7F,0x00,0x00,

	0x00,0x00,0xFF,0x7F,0xFF,0x7F,0x00,0x00,0x00,0x00,0x00,0x00,0x00,0x00,0x00,0x00,
	0x00,0x00,0x00,0x00,0x00,0x00,0xFF,0x7F,0xFF,0x7F,0x00,0x00,0x00,0x00,0xFF,0x7F,
	0xFF,0x7F,0xFF,0x7F,0xFF,0x7F,0xFF,0x7F,0xFF,0x7F,0xFF,0x7F,0xFF,0x7F,0xFF,0x7F,
	0xFF,0x7F,0x00,0x00,0x00,0x00,0x00,0x00,0x00,0x00,0xFF,0x7F,0xFF,0x7F,0xFF,0x7F,
	0xFF,0x7F,0x00,0x00,0x00,0x00,0xFF,0x7F,0xFF,0x7F,0xFF,0x7F,0xFF,0x7F,0x00,0x00,
	0x00,0x00,0x00,0x00,0x00,0x00,0xFF,0x7F,0xFF,0x7F,0xFF,0x7F,0xFF,0x7F,0x00,0x00,
	0x00,0x00,0xFF,0x7F,0xFF,0x7F,0xFF,0x7F,0xFF,0x7F,0xFF,0x7F,0xFF,0x7F,0xFF,0x7F,
	0xFF,0x7F,0xFF,0x7F,0xFF,0x7F,0x00,0x00,0x00,0x00,0xE7,0x1C,0x08,0x21,0x00,0x00,

	0xEF,0x3D,0x00,0x00,0x00,0x00,0x00,0x00,0x00,0x00,0x00,0x00,0x00,0x00,0x00,0x00,
	0x4A,0x29,0x00,0x00,0x00,0x00,0x00,0x00,0x00,0x00,0x00,0x00,0x00,0x00,0x00,0x00,
	0x00,0x00,0x00,0x00,0x00,0x00,0x00,0x00,0x00,0x00,0x00,0x00,0x00,0x00,0x00,0x00,
	0x00,0x00,0x00,0x00,0x00,0x00,0x00,0x00,0x00,0x00,0x00,0x00,0x00,0x00,0x00,0x00,
	0x63,0x0C,0x63,0x0C,0x63,0x0C,0x63,0x0C,0x63,0x0C,0x63,0x0C,0x63,0x0C,0x63,0x0C,
	0x63,0x0C,0x63,0x0C,0x63,0x0C,0x63,0x0C,0x63,0x0C,0x63,0x0C,0x63,0x0C,0x63,0x0C,
	0x63,0x0C,0x63,0x0C,0x63,0x0C,0x63,0x0C,0x63,0x0C,0x63,0x0C,0x63,0x0C,0x63,0x0C,
	0x4A,0x29,0x63,0x0C,0x63,0x0C,0x63,0x0C,0x63,0x0C,0x63,0x0C,0x63,0x0C,0x63,0x0C,

	0xEF,0x3D,0x00,0x00,0xE7,0x1C,0x08,0x21,0x00,0x00,0x00,0x00,0xFF,0x7F,0xFF,0x7F,
	0x00,0x00,0x00,0x00,0x00,0x00,0x00,0x00,0x00,0x00,0x00,0x00,0xFF,0x7F,0xFF,0x7F,
	0x00,0x00,0x00,0x00,0xFF,0x7F,0xFF,0x7F,0x00,0x00,0x00,0x00,0xFF,0x7F,0xFF,0x7F,
	0xFF,0x7F,0xFF,0x7F,0x00,0x00,0x00,0x00,0x00,0x00,0x00,0x00,0x00,0x00,0x00,0x00,
	0x00,0x00,0x00,0x00,0x00,0x00,0x00,0x00,0xFF,0x7F,0xFF,0x7F,0xFF,0x7F,0xFF,0x7F,
	0x00,0x00,0x00,0x00,0x00,0x00,0x00,0x00,0x00,0x00,0x00,0x00,0xFF,0x7F,0xFF,0x7F,
	0x00,0x00,0x00,0x00,0x00,0x00,0x00,0x00,0xFF,0x7F,0xFF,0x7F,0x00,0x00,0x00,0x00,
	0x00,0x00,0x00,0x00,0xFF,0x7F,0xFF,0x7F,0xFF,0x7F,0xFF,0x7F,0xFF,0x7F,0xFF,0x7F,

	0x00,0x00,0x00,0x00,0xFF,0x7F,0xFF,0x7F,0x00,0x00,0x00,0x00,0x00,0x00,0x00,0x00,
	0x00,0x00,0x00,0x00,0xFF,0x7F,0xFF,0x7F,0x00,0x00,0x00,0x00,0x08,0x21,0xE7,0x1C,
	0x00,0x00,0xEF,0x3D,0x63,0x0C,0x63,0x0C,0x63,0x0C,0x63,0x0C,0x63,0x0C,0x63,0x0C,
	0x4A,0x29,0x63,0x0C,0x63,0x0C,0x63,0x0C,0x63,0x0C,0x63,0x0C,0x63,0x0C,0xEF,0x3D,
	0x00,0x00,0xE7,0x1C,0x08,0x21,0x00,0x00,0x00,0x00,0xFF,0x7F,0xFF,0x7F,0x00,0x00,
	0x00,0x00,0x00,0x00,0x00,0x00,0x00,0x00,0x00,0x00,0xFF,0x7F,0xFF,0x7F,0x00,0x00,
	0x00,0x00,0xFF,0x7F,0xFF,0x7F,0xFF,0x7F,0xFF,0x7F,0x00,0x00,0x00,0x00,0xFF,0x7F,
	0xFF,0x7F,0xFF,0x7F,0xFF,0x7F,0x00,0x00,0x00,0x00,0x00,0x00,0x00,0x00,0xFF,0x7F,

	0xFF,0x7F,0x00,0x00,0x00,0x00,0x00,0x00,0x00,0x00,0xFF,0x7F,0xFF,0x7F,0xFF,0x7F,
	0xFF,0x7F,0xFF,0x7F,0xFF,0x7F,0x00,0x00,0x00,0x00,0xFF,0x7F,0xFF,0x7F,0x00,0x00,
	0x00,0x00,0xFF,0x7F,0xFF,0x7F,0x00,0x00,0x00,0x00,0xFF,0x7F,0xFF,0x7F,0xFF,0x7F,
	0xFF,0x7F,0x00,0x00,0x00,0x00,0x00,0x00,0x00,0x00,0xFF,0x7F,0xFF,0x7F,0x00,0x00,
	0x00,0x00,0xFF,0x7F,0xFF,0x7F,0x00,0x00,0x00,0x00,0x00,0x00,0x00,0x00,0x00,0x00,
	0x00,0x00,0xFF,0x7F,0xFF,0x7F,0x00,0x00,0x00,0x00,0x08,0x21,0xE7,0x1C,0x00,0x00,
	0xEF,0x3D,0x63,0x0C,0x63,0x0C,0x63,0x0C,0x63,0x0C,0x63,0x0C,0x63,0x0C,0x63,0x0C,
	0x4A,0x29,0x63,0x0C,0x63,0x0C,0x63,0x0C,0x63,0x0C,0x63,0x0C,0x63,0x0C,0x63,0x0C,

	0x63,0x0C,0x63,0x0C,0x63,0x0C,0x63,0x0C,0x63,0x0C,0x63,0x0C,0x63,0x0C,0x63,0x0C,
	0x63,0x0C,0x63,0x0C,0x63,0x0C,0x63,0x0C,0x63,0x0C,0x63,0x0C,0x63,0x0C,0x63,0x0C,
	0x00,0x00,0x00,0x00,0x00,0x00,0x00,0x00,0x00,0x00,0x00,0x00,0x00,0x00,0x00,0x00,
	0x00,0x00,0x00,0x00,0x00,0x00,0x00,0x00,0x00,0x00,0x00,0x00,0x00,0x00,0x00,0x00,
	0x00,0x00,0x00,0x00,0x00,0x00,0x00,0x00,0x00,0x00,0x00,0x00,0x00,0x00,0x00,0x00,
	0x4A,0x29,0x00,0x00,0x00,0x00,0x00,0x00,0x00,0x00,0x00,0x00,0x00,0x00,0x00,0x00,
	0xEF,0x3D,0x00,0x00,0xE7,0x1C,0xE7,0x1C,0x00,0x00,0x00,0x00,0xFF,0x7F,0xFF,0x7F,
	0x00,0x00,0x00,0x00,0x00,0x00,0x00,0x00,0x00,0x00,0x00,0x00,0xFF,0x7F,0xFF,0x7F,

	0x00,0x00,0x00,0x00,0xFF,0x7F,0xFF,0x7F,0x00,0x00,0x00,0x00,0xFF,0x7F,0xFF,0x7F,
	0xFF,0x7F,0xFF,0x7F,0x00,0x00,0x00,0x00,0x00,0x00,0x00,0x00,0x00,0x00,0x00,0x00,
	0x00,0x00,0x00,0x00,0x00,0x00,0x00,0x00,0xFF,0x7F,0xFF,0x7F,0xFF,0x7F,0xFF,0x7F,
	0x00,0x00,0x00,0x00,0x00,0x00,0x00,0x00,0x00,0x00,0x00,0x00,0xFF,0x7F,0xFF,0x7F,
	0x00,0x00,0x00,0x00,0x00,0x00,0x00,0x00,0xFF,0x7F,0xFF,0x7F,0x00,0x00,0x00,0x00,
	0x00,0x00,0x00,0x00,0xFF,0x7F,0xFF,0x7F,0xFF,0x7F,0xFF,0x7F,0xFF,0x7F,0xFF,0x7F,
	0x00,0x00,0x00,0x00,0xFF,0x7F,0xFF,0x7F,0x00,0x00,0x00,0x00,0x00,0x00,0x00,0x00,
	0x00,0x00,0x00,0x00,0xFF,0x7F,0xFF,0x7F,0x00,0x00,0x00,0x00,0xE7,0x1C,0xE7,0x1C,

	0x00,0x00,0xEF,0x3D,0x00,0x00,0x00,0x00,0x00,0x00,0x00,0x00,0x00,0x00,0x00,0x00,
	0x4A,0x29,0x00,0x00,0x00,0x00,0x00,0x00,0x00,0x00,0x00,0x00,0x00,0x00,0xEF,0x3D,
	0x00,0x00,0xE7,0x1C,0xE7,0x1C,0x00,0x00,0x00,0x00,0xFF,0x7F,0xFF,0x7F,0x00,0x00,
	0x00,0x00,0x00,0x00,0x00,0x00,0x00,0x00,0x00,0x00,0xFF,0x7F,0xFF,0x7F,0x00,0x00,
	0x00,0x00,0xFF,0x7F,0xFF,0x7F,0xFF,0x7F,0xFF,0x7F,0x00,0x00,0x00,0x00,0xFF,0x7F,
	0xFF,0x7F,0xFF,0x7F,0xFF,0x7F,0x00,0x00,0x00,0x00,0x00,0x00,0x00,0x00,0xFF,0x7F,
	0xFF,0x7F,0x00,0x00,0x00,0x00,0x00,0x00,0x00,0x00,0xFF,0x7F,0xFF,0x7F,0xFF,0x7F,
	0xFF,0x7F,0xFF,0x7F,0xFF,0x7F,0x00,0x00,0x00,0x00,0xFF,0x7F,0xFF,0x7F,0x00,0x00,

	0x00,0x00,0xFF,0x7F,0xFF,0x7F,0x00,0x00,0x00,0x00,0xFF,0x7F,0xFF,0x7F,0xFF,0x7F,
	0xFF,0x7F,0x00,0x00,0x00,0x00,0x00,0x00,0x00,0x00,0xFF,0x7F,0xFF,0x7F,0x00,0x00,
	0x00,0x00,0xFF,0x7F,0xFF,0x7F,0x00,0x00,0x00,0x00,0x00,0x00,0x00,0x00,0x00,0x00,
	0x00,0x00,0xFF,0x7F,0xFF,0x7F,0x00,0x00,0x00,0x00,0xE7,0x1C,0xE7,0x1C,0x00,0x00,
	0xEF,0x3D,0x00,0x00,0x00,0x00,0x00,0x00,0x00,0x00,0x00,0x00,0x00,0x00,0x00,0x00,
	0x4A,0x29,0x00,0x00,0x00,0x00,0x00,0x00,0x00,0x00,0x00,0x00,0x00,0x00,0x00,0x00,
	0x00,0x00,0x00,0x00,0x00,0x00,0x00,0x00,0x00,0x00,0x00,0x00,0x00,0x00,0x00,0x00,
	0x00,0x00,0x00,0x00,0x00,0x00,0x00,0x00,0x00,0x00,0x00,0x00,0x00,0x00,0x00,0x00,

	0x63,0x0C,0x63,0x0C,0x63,0x0C,0x63,0x0C,0x63,0x0C,0x63,0x0C,0x63,0x0C,0x63,0x0C,
	0x63,0x0C,0x63,0x0C,0x63,0x0C,0x63,0x0C,0x63,0x0C,0x63,0x0C,0x63,0x0C,0x63,0x0C,
	0x63,0x0C,0x63,0x0C,0x63,0x0C,0x63,0x0C,0x63,0x0C,0x63,0x0C,0x63,0x0C,0x63,0x0C,
	0x4A,0x29,0x63,0x0C,0x63,0x0C,0x63,0x0C,0x63,0x0C,0x63,0x0C,0x63,0x0C,0x63,0x0C,
	0xEF,0x3D,0x00,0x00,0xE7,0x1C,0xE7,0x1C,0x00,0x00,0x00,0x00,0xFF,0x7F,0xFF,0x7F,
	0x00,0x00,0x00,0x00,0x00,0x00,0x00,0x00,0x00,0x00,0x00,0x00,0xFF,0x7F,0xFF,0x7F,
	0x00,0x00,0x00,0x00,0xFF,0x7F,0xFF,0x7F,0x00,0x00,0x00,0x00,0x00,0x00,0x00,0x00,
	0xFF,0x7F,0xFF,0x7F,0x00,0x00,0x00,0x00,0xFF,0x7F,0xFF,0x7F,0xFF,0x7F,0xFF,0x7F,

	0xFF,0x7F,0xFF,0x7F,0xFF,0x7F,0xFF,0x7F,0x00,0x00,0x00,0x00,0x00,0x00,0x00,0x00,
	0xFF,0x7F,0xFF,0x7F,0xFF,0x7F,0xFF,0x7F,0x00,0x00,0x00,0x00,0xFF,0x7F,0xFF,0x7F,
	0x00,0x00,0x00,0x00,0xFF,0x7F,0xFF,0x7F,0xFF,0x7F,0xFF,0x7F,0x00,0x00,0x00,0x00,
	0x00,0x00,0x00,0x00,0x00,0x00,0x00,0x00,0xFF,0x7F,0xFF,0x7F,0xFF,0x7F,0xFF,0x7F,
	0x00,0x00,0x00,0x00,0xFF,0x7F,0xFF,0x7F,0x00,0x00,0x00,0x00,0x00,0x00,0x00,0x00,
	0x00,0x00,0x00,0x00,0xFF,0x7F,0xFF,0x7F,0x00,0x00,0x00,0x00,0xE7,0x1C,0xE7,0x1C,
	0x00,0x00,0xEF,0x3D,0x63,0x0C,0x63,0x0C,0x63,0x0C,0x63,0x0C,0x63,0x0C,0x63,0x0C,
	0x4A,0x29,0x63,0x0C,0x63,0x0C,0x63,0x0C,0x63,0x0C,0x63,0x0C,0x63,0x0C,0xEF,0x3D,

	0x00,0x00,0xE7,0x1C,0xE7,0x1C,0x00,0x00,0x00,0x00,0xFF,0x7F,0xFF,0x7F,0x00,0x00,
	0x00,0x00,0x00,0x00,0x00,0x00,0x00,0x00,0x00,0x00,0xFF,0x7F,0xFF,0x7F,0x00,0x00,
	0x00,0x00,0xFF,0x7F,0xFF,0x7F,0x00,0x00,0x00,0x00,0x00,0x00,0x00,0x00,0xFF,0x7F,
	0xFF,0x7F,0x00,0x00,0x00,0x00,0xFF,0x7F,0xFF,0x7F,0xFF,0x7F,0xFF,0x7F,0xFF,0x7F,
	0xFF,0x7F,0x00,0x00,0x00,0x00,0xFF,0x7F,0xFF,0x7F,0xFF,0x7F,0xFF,0x7F,0xFF,0x7F,
	0xFF,0x7F,0xFF,0x7F,0xFF,0x7F,0xFF,0x7F,0xFF,0x7F,0xFF,0x7F,0xFF,0x7F,0xFF,0x7F,
	0xFF,0x7F,0x00,0x00,0x00,0x00,0xFF,0x7F,0xFF,0x7F,0xFF,0x7F,0xFF,0x7F,0x00,0x00,
	0x00,0x00,0x00,0x00,0x00,0x00,0xFF,0x7F,0xFF,0x7F,0xFF,0x7F,0xFF,0x7F,0x00,0x00,

	0x00,0x00,0xFF,0x7F,0xFF,0x7F,0x00,0x00,0x00,0x00,0x00,0x00,0x00,0x00,0x00,0x00,
	0x00,0x00,0xFF,0x7F,0xFF,0x7F,0x00,0x00,0x00,0x00,0xE7,0x1C,0xE7,0x1C,0x00,0x00,
	0xEF,0x3D,0x63,0x0C,0x63,0x0C,0x63,0x0C,0x63,0x0C,0x63,0x0C,0x63,0x0C,0x63,0x0C,
	0x4A,0x29,0x63,0x0C,0x63,0x0C,0x63,0x0C,0x63,0x0C,0x63,0x0C,0x63,0x0C,0x63,0x0C,
	0x63,0x0C,0x63,0x0C,0x63,0x0C,0x63,0x0C,0x63,0x0C,0x63,0x0C,0x63,0x0C,0x63,0x0C,
	0x63,0x0C,0x63,0x0C,0x63,0x0C,0x63,0x0C,0x63,0x0C,0x63,0x0C,0x63,0x0C,0x63,0x0C,
	0x00,0x00,0x00,0x00,0x00,0x00,0x00,0x00,0x00,0x00,0x00,0x00,0x00,0x00,0x00,0x00,
	0x00,0x00,0x00,0x00,0x00,0x00,0x00,0x00,0x00,0x00,0x00,0x00,0x00,0x00,0x00,0x00,

	0x00,0x00,0x00,0x00,0x00,0x00,0x00,0x00,0x00,0x00,0x00,0x00,0x00,0x00,0x00,0x00,
	0x4A,0x29,0x00,0x00,0x00,0x00,0x00,0x00,0x00,0x00,0x00,0x00,0x00,0x00,0x00,0x00,
	0xEF,0x3D,0x00,0x00,0xE7,0x1C,0xE7,0x1C,0x00,0x00,0x00,0x00,0xFF,0x7F,0xFF,0x7F,
	0x00,0x00,0x00,0x00,0x00,0x00,0x00,0x00,0x00,0x00,0x00,0x00,0xFF,0x7F,0xFF,0x7F,
	0x00,0x00,0x00,0x00,0xFF,0x7F,0xFF,0x7F,0x00,0x00,0x00,0x00,0x00,0x00,0x00,0x00,
	0xFF,0x7F,0xFF,0x7F,0x00,0x00,0x00,0x00,0xFF,0x7F,0xFF,0x7F,0xFF,0x7F,0xFF,0x7F,
	0xFF,0x7F,0xFF,0x7F,0xFF,0x7F,0xFF,0x7F,0x00,0x00,0x00,0x00,0x00,0x00,0x00,0x00,
	0xFF,0x7F,0xFF,0x7F,0xFF,0x7F,0xFF,0x7F,0x00,0x00,0x00,0x00,0xFF,0x7F,0xFF,0x7F,

	0x00,0x00,0x00,0x00,0xFF,0x7F,0xFF,0x7F,0xFF,0x7F,0xFF,0x7F,0x00,0x00,0x00,0x00,
	0x00,0x00,0x00,0x00,0x00,0x00,0x00,0x00,0xFF,0x7F,0xFF,0x7F,0xFF,0x7F,0xFF,0x7F,
	0x00,0x00,0x00,0x00,0xFF,0x7F,0xFF,0x7F,0x00,0x00,0x00,0x00,0x00,0x00,0x00,0x00,
	0x00,0x00,0x00,0x00,0xFF,0x7F,0xFF,0x7F,0x00,0x00,0x00,0x00,0xE7,0x1C,0xE7,0x1C,
	0x00,0x00,0xEF,0x3D,0x00,0x00,0x00,0x00,0x00,0x00,0x00,0x00,0x00,0x00,0x00,0x00,
	0x4A,0x29,0x00,0x00,0x00,0x00,0x00,0x00,0x00,0x00,0x00,0x00,0x00,0x00,0xEF,0x3D,
	0x00,0x00,0xE7,0x1C,0xE7,0x1C,0x00,0x00,0x00,0x00,0xFF,0x7F,0xFF,0x7F,0x00,0x00,
	0x00,0x00,0x00,0x00,0x00,0x00,0x00,0x00,0x00,0x00,0xFF,0x7F,0xFF,0x7F,0x00,0x00,

	0x00,0x00,0xFF,0x7F,0xFF,0x7F,0x00,0x00,0x00,0x00,0x00,0x00,0x00,0x00,0xFF,0x7F,
	0xFF,0x7F,0x00,0x00,0x00,0x00,0xFF,0x7F,0xFF,0x7F,0xFF,0x7F,0xFF,0x7F,0xFF,0x7F,
	0xFF,0x7F,0x00,0x00,0x00,0x00,0xFF,0x7F,0xFF,0x7F,0xFF,0x7F,0xFF,0x7F,0xFF,0x7F,
	0xFF,0x7F,0xFF,0x7F,0xFF,0x7F,0xFF,0x7F,0xFF,0x7F,0xFF,0x7F,0xFF,0x7F,0xFF,0x7F,
	0xFF,0x7F,0x00,0x00,0x00,0x00,0xFF,0x7F,0xFF,0x7F,0xFF,0x7F,0xFF,0x7F,0x00,0x00,
	0x00,0x00,0x00,0x00,0x00,0x00,0xFF,0x7F,0xFF,0x7F,0xFF,0x7F,0xFF,0x7F,0x00,0x00,
	0x00,0x00,0xFF,0x7F,0xFF,0x7F,0x00,0x00,0x00,0x00,0x00,0x00,0x00,0x00,0x00,0x00,
	0x00,0x00,0xFF,0x7F,0xFF,0x7F,0x00,0x00,0x00,0x00,0xE7,0x1C,0xE7,0x1C,0x00,0x00,

	0xEF,0x3D,0x00,0x00,0x00,0x00,0x00,0x00,0x00,0x00,0x00,0x00,0x00,0x00,0x00,0x00,
	0x4A,0x29,0x00,0x00,0x00,0x00,0x00,0x00,0x00,0x00,0x00,0x00,0x00,0x00,0x00,0x00,
	0x00,0x00,0x00,0x00,0x00,0x00,0x00,0x00,0x00,0x00,0x00,0x00,0x00,0x00,0x00,0x00,
	0x00,0x00,0x00,0x00,0x00,0x00,0x00,0x00,0x00,0x00,0x00,0x00,0x00,0x00,0x00,0x00,
	0x63,0x0C,0x63,0x0C,0x63,0x0C,0x63,0x0C,0x63,0x0C,0x63,0x0C,0x63,0x0C,0x63,0x0C,
	0x63,0x0C,0x63,0x0C,0x63,0x0C,0x63,0x0C,0x63,0x0C,0x63,0x0C,0x63,0x0C,0x63,0x0C,
	0x63,0x0C,0x63,0x0C,0x63,0x0C,0x63,0x0C,0x63,0x0C,0x63,0x0C,0x63,0x0C,0x63,0x0C,
	0x4A,0x29,0x63,0x0C,0x63,0x0C,0x63,0x0C,0x63,0x0C,0x63,0x0C,0x63,0x0C,0x63,0x0C,

	0xEF,0x3D,0x00,0x00,0xC6,0x18,0xE7,0x1C,0x00,0x00,0x00,0x00,0xFF,0x7F,0xFF,0x7F,
	0x00,0x00,0x00,0x00,0x00,0x00,0x00,0x00,0x00,0x00,0x00,0x00,0xFF,0x7F,0xFF,0x7F,
	0x00,0x00,0x00,0x00,0xFF,0x7F,0xFF,0x7F,0x00,0x00,0x00,0x00,0x00,0x00,0x00,0x00,
	0x00,0x00,0x00,0x00,0x00,0x00,0x00,0x00,0xFF,0x7F,0xFF,0x7F,0x00,0x00,0x00,0x00,
	0xFF,0x7F,0xFF,0x7F,0xFF,0x7F,0xFF,0x7F,0xFF,0x7F,0xFF,0x7F,0x00,0x00,0x00,0x00,
	0xFF,0x7F,0xFF,0x7F,0xFF,0x7F,0xFF,0x7F,0xFF,0x7F,0xFF,0x7F,0xFF,0x7F,0xFF,0x7F,
	0xFF,0x7F,0xFF,0x7F,0xFF,0x7F,0xFF,0x7F,0x00,0x00,0x00,0x00,0xFF,0x7F,0xFF,0x7F,
	0x00,0x00,0x00,0x00,0x00,0x00,0x00,0x00,0x00,0x00,0x00,0x00,0xFF,0x7F,0xFF,0x7F,

	0x00,0x00,0x00,0x00,0xFF,0x7F,0xFF,0x7F,0x00,0x00,0x00,0x00,0x00,0x00,0x00,0x00,
	0x00,0x00,0x00,0x00,0xFF,0x7F,0xFF,0x7F,0x00,0x00,0x00,0x00,0xE7,0x1C,0xC6,0x18,
	0x00,0x00,0xEF,0x3D,0x63,0x0C,0x63,0x0C,0x63,0x0C,0x63,0x0C,0x63,0x0C,0x63,0x0C,
	0x4A,0x29,0x63,0x0C,0x63,0x0C,0x63,0x0C,0x63,0x0C,0x63,0x0C,0x63,0x0C,0xEF,0x3D,
	0x00,0x00,0xC6,0x18,0xE7,0x1C,0x00,0x00,0x00,0x00,0xFF,0x7F,0xFF,0x7F,0x00,0x00,
	0x00,0x00,0x00,0x00,0x00,0x00,0x00,0x00,0x00,0x00,0xFF,0x7F,0xFF,0x7F,0x00,0x00,
	0x00,0x00,0xFF,0x7F,0xFF,0x7F,0x00,0x00,0x00,0x00,0xFF,0x7F,0xFF,0x7F,0x00,0x00,
	0x00,0x00,0x00,0x00,0x00,0x00,0x00,0x00,0x00,0x00,0xFF,0x7F,0xFF,0x7F,0x00,0x00,

	0x00,0x00,0x00,0x00,0x00,0x00,0x00,0x00,0x00,0x00,0x00,0x00,0x00,0x00,0x00,0x00,
	0x00,0x00,0xFF,0x7F,0xFF,0x7F,0x00,0x00,0x00,0x00,0xFF,0x7F,0xFF,0x7F,0xFF,0x7F,
	0xFF,0x7F,0x00,0x00,0x00,0x00,0xFF,0x7F,0xFF,0x7F,0x00,0x00,0x00,0x00,0x00,0x00,
	0x00,0x00,0x00,0x00,0x00,0x00,0xFF,0x7F,0xFF,0x7F,0xFF,0x7F,0xFF,0x7F,0x00,0x00,
	0x00,0x00,0xFF,0x7F,0xFF,0x7F,0x00,0x00,0x00,0x00,0x00,0x00,0x00,0x00,0x00,0x00,
	0x00,0x00,0xFF,0x7F,0xFF,0x7F,0x00,0x00,0x00,0x00,0xE7,0x1C,0xC6,0x18,0x00,0x00,
	0xEF,0x3D,0x63,0x0C,0x63,0x0C,0x63,0x0C,0x63,0x0C,0x63,0x0C,0x63,0x0C,0x63,0x0C,
	0x4A,0x29,0x63,0x0C,0x63,0x0C,0x63,0x0C,0x63,0x0C,0x63,0x0C,0x63,0x0C,0x63,0x0C,

	0x63,0x0C,0x63,0x0C,0x63,0x0C,0x63,0x0C,0x63,0x0C,0x63,0x0C,0x63,0x0C,0x63,0x0C,
	0x63,0x0C,0x63,0x0C,0x63,0x0C,0x63,0x0C,0x63,0x0C,0x63,0x0C,0x63,0x0C,0x63,0x0C,
	0x00,0x00,0x00,0x00,0x00,0x00,0x00,0x00,0x00,0x00,0x00,0x00,0x00,0x00,0x00,0x00,
	0x00,0x00,0x00,0x00,0x00,0x00,0x00,0x00,0x00,0x00,0x00,0x00,0x00,0x00,0x00,0x00,
	0x00,0x00,0x00,0x00,0x00,0x00,0x00,0x00,0x00,0x00,0x00,0x00,0x00,0x00,0x00,0x00,
	0x4A,0x29,0x00,0x00,0x00,0x00,0x00,0x00,0x00,0x00,0x00,0x00,0x00,0x00,0x00,0x00,
	0xEF,0x3D,0x00,0x00,0xE7,0x1C,0xC6,0x18,0x00,0x00,0x00,0x00,0xFF,0x7F,0xFF,0x7F,
	0x00,0x00,0x00,0x00,0x00,0x00,0x00,0x00,0x00,0x00,0x00,0x00,0xFF,0x7F,0xFF,0x7F,

	0x00,0x00,0x00,0x00,0xFF,0x7F,0xFF,0x7F,0x00,0x00,0x00,0x00,0x00,0x00,0x00,0x00,
	0x00,0x00,0x00,0x00,0x00,0x00,0x00,0x00,0xFF,0x7F,0xFF,0x7F,0x00,0x00,0x00,0x00,
	0xFF,0x7F,0xFF,0x7F,0xFF,0x7F,0xFF,0x7F,0xFF,0x7F,0xFF,0x7F,0x00,0x00,0x00,0x00,
	0xFF,0x7F,0xFF,0x7F,0xFF,0x7F,0xFF,0x7F,0xFF,0x7F,0xFF,0x7F,0xFF,0x7F,0xFF,0x7F,
	0xFF,0x7F,0xFF,0x7F,0xFF,0x7F,0xFF,0x7F,0x00,0x00,0x00,0x00,0xFF,0x7F,0xFF,0x7F,
	0x00,0x00,0x00,0x00,0x00,0x00,0x00,0x00,0x00,0x00,0x00,0x00,0xFF,0x7F,0xFF,0x7F,
	0x00,0x00,0x00,0x00,0xFF,0x7F,0xFF,0x7F,0x00,0x00,0x00,0x00,0x00,0x00,0x00,0x00,
	0x00,0x00,0x00,0x00,0xFF,0x7F,0xFF,0x7F,0x00,0x00,0x00,0x00,0xC6,0x18,0xE7,0x1C,

	0x00,0x00,0xEF,0x3D,0x00,0x00,0x00,0x00,0x00,0x00,0x00,0x00,0x00,0x00,0x00,0x00,
	0x4A,0x29,0x00,0x00,0x00,0x00,0x00,0x00,0x00,0x00,0x00,0x00,0x00,0x00,0xEF,0x3D,
	0x00,0x00,0xE7,0x1C,0xC6,0x18,0x00,0x00,0x00,0x00,0xFF,0x7F,0xFF,0x7F,0x00,0x00,
	0x00,0x00,0x00,0x00,0x00,0x00,0x00,0x00,0x00,0x00,0xFF,0x7F,0xFF,0x7F,0x00,0x00,
	0x00,0x00,0xFF,0x7F,0xFF,0x7F,0x00,0x00,0x00,0x00,0xFF,0x7F,0xFF,0x7F,0x00,0x00,
	0x00,0x00,0x00,0x00,0x00,0x00,0x00,0x00,0x00,0x00,0xFF,0x7F,0xFF,0x7F,0x00,0x00,
	0x00,0x00,0x00,0x00,0x00,0x00,0x00,0x00,0x00,0x00,0x00,0x00,0x00,0x00,0x00,0x00,
	0x00,0x00,0xFF,0x7F,0xFF,0x7F,0x00,0x00,0x00,0x00,0xFF,0x7F,0xFF,0x7F,0xFF,0x7F,

	0xFF,0x7F,0x00,0x00,0x00,0x00,0xFF,0x7F,0xFF,0x7F,0x00,0x00,0x00,0x00,0x00,0x00,
	0x00,0x00,0x00,0x00,0x00,0x00,0xFF,0x7F,0xFF,0x7F,0xFF,0x7F,0xFF,0x7F,0x00,0x00,
	0x00,0x00,0xFF,0x7F,0xFF,0x7F,0x00,0x00,0x00,0x00,0x00,0x00,0x00,0x00,0x00,0x00,
	0x00,0x00,0xFF,0x7F,0xFF,0x7F,0x00,0x00,0x00,0x00,0xC6,0x18,0xE7,0x1C,0x00,0x00,
	0xEF,0x3D,0x00,0x00,0x00,0x00,0x00,0x00,0x00,0x00,0x00,0x00,0x00,0x00,0x00,0x00,
	0x4A,0x29,0x00,0x00,0x00,0x00,0x00,0x00,0x00,0x00,0x00,0x00,0x00,0x00,0x00,0x00,
	0x00,0x00,0x00,0x00,0x00,0x00,0x00,0x00,0x00,0x00,0x00,0x00,0x00,0x00,0x00,0x00,
	0x00,0x00,0x00,0x00,0x00,0x00,0x00,0x00,0x00,0x00,0x00,0x00,0x00,0x00,0x00,0x00,

	0x63,0x0C,0x63,0x0C,0x63,0x0C,0x63,0x0C,0x63,0x0C,0x63,0x0C,0x63,0x0C,0x63,0x0C,
	0x63,0x0C,0x63,0x0C,0x63,0x0C,0x63,0x0C,0x63,0x0C,0x63,0x0C,0x63,0x0C,0x63,0x0C,
	0x63,0x0C,0x63,0x0C,0x63,0x0C,0x63,0x0C,0x63,0x0C,0x63,0x0C,0x63,0x0C,0x63,0x0C,
	0x4A,0x29,0x63,0x0C,0x63,0x0C,0x63,0x0C,0x63,0x0C,0x63,0x0C,0x63,0x0C,0x63,0x0C,
	0xEF,0x3D,0x00,0x00,0xC6,0x18,0xE7,0x1C,0x00,0x00,0x00,0x00,0xFF,0x7F,0xFF,0x7F,
	0xFF,0x7F,0xFF,0x7F,0xFF,0x7F,0xFF,0x7F,0xFF,0x7F,0xFF,0x7F,0xFF,0x7F,0xFF,0x7F,
	0x00,0x00,0x00,0x00,0xFF,0x7F,0xFF,0x7F,0xFF,0x7F,0xFF,0x7F,0x00,0x00,0x00,0x00,
	0xFF,0x7F,0xFF,0x7F,0xFF,0x7F,0xFF,0x7F,0x00,0x00,0x00,0x00,0xFF,0x7F,0xFF,0x7F,

	0x00,0x00,0x00,0x00,0xFF,0x7F,0xFF,0x7F,0xFF,0x7F,0xFF,0x7F,0xFF,0x7F,0xFF,0x7F,
	0x00,0x00,0x00,0x00,0x00,0x00,0x00,0x00,0xFF,0x7F,0xFF,0x7F,0xFF,0x7F,0xFF,0x7F,
	0xFF,0x7F,0xFF,0x7F,0xFF,0x7F,0xFF,0x7F,0x00,0x00,0x00,0x00,0x00,0x00,0x00,0x00,
	0xFF,0x7F,0xFF,0x7F,0xFF,0x7F,0xFF,0x7F,0xFF,0x7F,0xFF,0x7F,0xFF,0x7F,0xFF,0x7F,
	0x00,0x00,0x00,0x00,0xFF,0x7F,0xFF,0x7F,0xFF,0x7F,0xFF,0x7F,0xFF,0x7F,0xFF,0x7F,
	0xFF,0x7F,0xFF,0x7F,0xFF,0x7F,0xFF,0x7F,0x00,0x00,0x00,0x00,0xE7,0x1C,0xC6,0x18,
	0x00,0x00,0xEF,0x3D,0x63,0x0C,0x63,0x0C,0x63,0x0C,0x63,0x0C,0x63,0x0C,0x63,0x0C,
	0x4A,0x29,0x63,0x0C,0x63,0x0C,0x63,0x0C,0x63,0x0C,0x63,0x0C,0x63,0x0C,0xEF,0x3D,

	0x00,0x00,0xC6,0x18,0xE7,0x1C,0x00,0x00,0x00,0x00,0xFF,0x7F,0xFF,0x7F,0xFF,0x7F,
	0xFF,0x7F,0xFF,0x7F,0xFF,0x7F,0xFF,0x7F,0xFF,0x7F,0xFF,0x7F,0xFF,0x7F,0x00,0x00,
	0x00,0x00,0xFF,0x7F,0xFF,0x7F,0x00,0x00,0x00,0x00,0xFF,0x7F,0xFF,0x7F,0x00,0x00,
	0x00,0x00,0xFF,0x7F,0xFF,0x7F,0xFF,0x7F,0xFF,0x7F,0xFF,0x7F,0xFF,0x7F,0xFF,0x7F,
	0xFF,0x7F,0xFF,0x7F,0xFF,0x7F,0xFF,0x7F,0xFF,0x7F,0xFF,0x7F,0xFF,0x7F,0xFF,0x7F,
	0xFF,0x7F,0x00,0x00,0x00,0x00,0xFF,0x7F,0xFF,0x7F,0x00,0x00,0x00,0x00,0x00,0x00,
	0x00,0x00,0x00,0x00,0x00,0x00,0xFF,0x7F,0xFF,0x7F,0x00,0x00,0x00,0x00,0x00,0x00,
	0x00,0x00,0x00,0x00,0x00,0x00,0x00,0x00,0x00,0x00,0xFF,0x7F,0xFF,0x7F,0x00,0x00,

	0x00,0x00,0xFF,0x7F,0xFF,0x7F,0xFF,0x7F,0xFF,0x7F,0xFF,0x7F,0xFF,0x7F,0xFF,0x7F,
	0xFF,0x7F,0xFF,0x7F,0xFF,0x7F,0x00,0x00,0x00,0x00,0xE7,0x1C,0xC6,0x18,0x00,0x00,
	0xEF,0x3D,0x63,0x0C,0x63,0x0C,0x63,0x0C,0x63,0x0C,0x63,0x0C,0x63,0x0C,0x63,0x0C,
	0x4A,0x29,0x63,0x0C,0x63,0x0C,0x63,0x0C,0x63,0x0C,0x63,0x0C,0x63,0x0C,0x63,0x0C,
	0x63,0x0C,0x63,0x0C,0x63,0x0C,0x63,0x0C,0x63,0x0C,0x63,0x0C,0x63,0x0C,0x63,0x0C,
	0x63,0x0C,0x63,0x0C,0x63,0x0C,0x63,0x0C,0x63,0x0C,0x63,0x0C,0x63,0x0C,0x63,0x0C,
	0x00,0x00,0x00,0x00,0x00,0x00,0x00,0x00,0x00,0x00,0x00,0x00,0x00,0x00,0x00,0x00,
	0x00,0x00,0x00,0x00,0x00,0x00,0x00,0x00,0x00,0x00,0x00,0x00,0x00,0x00,0x00,0x00,

	0x00,0x00,0x00,0x00,0x00,0x00,0x00,0x00,0x00,0x00,0x00,0x00,0x00,0x00,0x00,0x00,
	0x4A,0x29,0x00,0x00,0x00,0x00,0x00,0x00,0x00,0x00,0x00,0x00,0x00,0x00,0x00,0x00,
	0xEF,0x3D,0x00,0x00,0xC6,0x18,0xC6,0x18,0x00,0x00,0x00,0x00,0xFF,0x7F,0xFF,0x7F,
	0xFF,0x7F,0xFF,0x7F,0xFF,0x7F,0xFF,0x7F,0xFF,0x7F,0xFF,0x7F,0xFF,0x7F,0xFF,0x7F,
	0x00,0x00,0x00,0x00,0xFF,0x7F,0xFF,0x7F,0xFF,0x7F,0xFF,0x7F,0x00,0x00,0x00,0x00,
	0xFF,0x7F,0xFF,0x7F,0xFF,0x7F,0xFF,0x7F,0x00,0x00,0x00,0x00,0xFF,0x7F,0xFF,0x7F,
	0x00,0x00,0x00,0x00,0xFF,0x7F,0xFF,0x7F,0xFF,0x7F,0xFF,0x7F,0xFF,0x7F,0xFF,0x7F,
	0x00,0x00,0x00,0x00,0x00,0x00,0x00,0x00,0xFF,0x7F,0xFF,0x7F,0xFF,0x7F,0xFF,0x7F,

	0xFF,0x7F,0xFF,0x7F,0xFF,0x7F,0xFF,0x7F,0x00,0x00,0x00,0x00,0x00,0x00,0x00,0x00,
	0xFF,0x7F,0xFF,0x7F,0xFF,0x7F,0xFF,0x7F,0xFF,0x7F,0xFF,0x7F,0xFF,0x7F,0xFF,0x7F,
	0x00,0x00,0x00,0x00,0xFF,0x7F,0xFF,0x7F,0xFF,0x7F,0xFF,0x7F,0xFF,0x7F,0xFF,0x7F,
	0xFF,0x7F,0xFF,0x7F,0xFF,0x7F,0xFF,0x7F,0x00,0x00,0x00,0x00,0xC6,0x18,0xC6,0x18,
	0x00,0x00,0xEF,0x3D,0x00,0x00,0x00,0x00,0x00,0x00,0x00,0x00,0x00,0x00,0x00,0x00,
	0x4A,0x29,0x00,0x00,0x00,0x00,0x00,0x00,0x00,0x00,0x00,0x00,0x00,0x00,0xEF,0x3D,
	0x00,0x00,0xC6,0x18,0xC6,0x18,0x00,0x00,0x00,0x00,0xFF,0x7F,0xFF,0x7F,0xFF,0x7F,
	0xFF,0x7F,0xFF,0x7F,0xFF,0x7F,0xFF,0x7F,0xFF,0x7F,0xFF,0x7F,0xFF,0x7F,0x00,0x00,

	0x00,0x00,0xFF,0x7F,0xFF,0x7F,0x00,0x00,0x00,0x00,0xFF,0x7F,0xFF,0x7F,0x00,0x00,
	0x00,0x00,0xFF,0x7F,0xFF,0x7F,0xFF,0x7F,0xFF,0x7F,0xFF,0x7F,0xFF,0x7F,0xFF,0x7F,
	0xFF,0x7F,0xFF,0x7F,0xFF,0x7F,0xFF,0x7F,0xFF,0x7F,0xFF,0x7F,0xFF,0x7F,0xFF,0x7F,
	0xFF,0x7F,0x00,0x00,0x00,0x00,0xFF,0x7F,0xFF,0x7F,0x00,0x00,0x00,0x00,0x00,0x00,
	0x00,0x00,0x00,0x00,0x00,0x00,0xFF,0x7F,0xFF,0x7F,0x00,0x00,0x00,0x00,0x00,0x00,
	0x00,0x00,0x00,0x00,0x00,0x00,0x00,0x00,0x00,0x00,0xFF,0x7F,0xFF,0x7F,0x00,0x00,
	0x00,0x00,0xFF,0x7F,0xFF,0x7F,0xFF,0x7F,0xFF,0x7F,0xFF,0x7F,0xFF,0x7F,0xFF,0x7F,
	0xFF,0x7F,0xFF,0x7F,0xFF,0x7F,0x00,0x00,0x00,0x00,0xC6,0x18,0xC6,0x18,0x00,0x00,

	0xEF,0x3D,0x00,0x00,0x00,0x00,0x00,0x00,0x00,0x00,0x00,0x00,0x00,0x00,0x00,0x00,
	0x4A,0x29,0x00,0x00,0x00,0x00,0x00,0x00,0x00,0x00,0x00,0x00,0x00,0x00,0x00,0x00,
	0x00,0x00,0x00,0x00,0x00,0x00,0x00,0x00,0x00,0x00,0x00,0x00,0x00,0x00,0x00,0x00,
	0x00,0x00,0x00,0x00,0x00,0x00,0x00,0x00,0x00,0x00,0x00,0x00,0x00,0x00,0x00,0x00,
	0x63,0x0C,0x63,0x0C,0x63,0x0C,0x63,0x0C,0x63,0x0C,0x63,0x0C,0x63,0x0C,0x63,0x0C,
	0x63,0x0C,0x63,0x0C,0x63,0x0C,0x63,0x0C,0x63,0x0C,0x63,0x0C,0x63,0x0C,0x63,0x0C,
	0x63,0x0C,0x63,0x0C,0x63,0x0C,0x63,0x0C,0x63,0x0C,0x63,0x0C,0x63,0x0C,0x63,0x0C,
	0x4A,0x29,0x63,0x0C,0x63,0x0C,0x63,0x0C,0x63,0x0C,0x63,0x0C,0x63,0x0C,0x63,0x0C,

	0xEF,0x3D,0x00,0x00,0xC6,0x18,0xC6,0x18,0x00,0x00,0x00,0x00,0x00,0x00,0x00,0x00,
	0x00,0x00,0x00,0x00,0x00,0x00,0x00,0x00,0x00,0x00,0x00,0x00,0x00,0x00,0x00,0x00,
	0x00,0x00,0x00,0x00,0xFF,0x7F,0xFF,0x7F,0x00,0x00,0x00,0x00,0xFF,0x7F,0xFF,0x7F,
	0x00,0x00,0x00,0x00,0xFF,0x7F,0xFF,0x7F,0x00,0x00,0x00,0x00,0xFF,0x7F,0xFF,0x7F,
	0x00,0x00,0x00,0x00,0xFF,0x7F,0xFF,0x7F,0x00,0x00,0x00,0x00,0xFF,0x7F,0xFF,0x7F,
	0x00,0x00,0x00,0x00,0xFF,0x7F,0xFF,0x7F,0x00,0x00,0x00,0x00,0xFF,0x7F,0xFF,0x7F,
	0x00,0x00,0x00,0x00,0xFF,0x7F,0xFF,0x7F,0x00,0x00,0x00,0x00,0xFF,0x7F,0xFF,0x7F,
	0x00,0x00,0x00,0x00,0xFF,0x7F,0xFF,0x7F,0x00,0x00,0x00,0x00,0xFF,0x7F,0xFF,0x7F,

	0x00,0x00,0x00,0x00,0x00,0x00,0x00,0x00,0x00,0x00,0x00,0x00,0x00,0x00,0x00,0x00,
	0x00,0x00,0x00,0x00,0x00,0x00,0x00,0x00,0x00,0x00,0x00,0x00,0xC6,0x18,0xC6,0x18,
	0x00,0x00,0xEF,0x3D,0x63,0x0C,0x63,0x0C,0x63,0x0C,0x63,0x0C,0x63,0x0C,0x63,0x0C,
	0x4A,0x29,0x63,0x0C,0x63,0x0C,0x63,0x0C,0x63,0x0C,0x63,0x0C,0x63,0x0C,0xEF,0x3D,
	0x00,0x00,0xC6,0x18,0xC6,0x18,0x00,0x00,0x00,0x00,0x00,0x00,0x00,0x00,0x00,0x00,
	0x00,0x00,0x00,0x00,0x00,0x00,0x00,0x00,0x00,0x00,0x00,0x00,0x00,0x00,0x00,0x00,
	0x00,0x00,0xFF,0x7F,0xFF,0x7F,0x00,0x00,0x00,0x00,0xFF,0x7F,0xFF,0x7F,0x00,0x00,
	0x00,0x00,0xFF,0x7F,0xFF,0x7F,0x00,0x00,0x00,0x00,0xFF,0x7F,0xFF,0x7F,0x00,0x00,

	0x00,0x00,0xFF,0x7F,0xFF,0x7F,0x00,0x00,0x00,0x00,0xFF,0x7F,0xFF,0x7F,0x00,0x00,
	0x00,0x00,0xFF,0x7F,0xFF,0x7F,0x00,0x00,0x00,0x00,0xFF,0x7F,0xFF,0x7F,0x00,0x00,
	0x00,0x00,0xFF,0x7F,0xFF,0x7F,0x00,0x00,0x00,0x00,0xFF,0x7F,0xFF,0x7F,0x00,0x00,
	0x00,0x00,0xFF,0x7F,0xFF,0x7F,0x00,0x00,0x00,0x00,0xFF,0x7F,0xFF,0x7F,0x00,0x00,
	0x00,0x00,0x00,0x00,0x00,0x00,0x00,0x00,0x00,0x00,0x00,0x00,0x00,0x00,0x00,0x00,
	0x00,0x00,0x00,0x00,0x00,0x00,0x00,0x00,0x00,0x00,0xC6,0x18,0xC6,0x18,0x00,0x00,
	0xEF,0x3D,0x63,0x0C,0x63,0x0C,0x63,0x0C,0x63,0x0C,0x63,0x0C,0x63,0x0C,0x63,0x0C,
	0x4A,0x29,0x63,0x0C,0x63,0x0C,0x63,0x0C,0x63,0x0C,0x63,0x0C,0x63,0x0C,0x63,0x0C,

	0x63,0x0C,0x63,0x0C,0x63,0x0C,0x63,0x0C,0x63,0x0C,0x63,0x0C,0x63,0x0C,0x63,0x0C,
	0x63,0x0C,0x63,0x0C,0x63,0x0C,0x63,0x0C,0x63,0x0C,0x63,0x0C,0x63,0x0C,0x63,0x0C,
	0x00,0x00,0x00,0x00,0x00,0x00,0x00,0x00,0x00,0x00,0x00,0x00,0x00,0x00,0x00,0x00,
	0x00,0x00,0x00,0x00,0x00,0x00,0x00,0x00,0x00,0x00,0x00,0x00,0x00,0x00,0x00,0x00,
	0x00,0x00,0x00,0x00,0x00,0x00,0x00,0x00,0x00,0x00,0x00,0x00,0x00,0x00,0x00,0x00,
	0x4A,0x29,0x00,0x00,0x00,0x00,0x00,0x00,0x00,0x00,0x00,0x00,0x00,0x00,0x00,0x00,
	0xEF,0x3D,0x00,0x00,0xC6,0x18,0xC6,0x18,0x00,0x00,0x00,0x00,0x00,0x00,0x00,0x00,
	0x00,0x00,0x00,0x00,0x00,0x00,0x00,0x00,0x00,0x00,0x00,0x00,0x00,0x00,0x00,0x00,

	0x00,0x00,0x00,0x00,0xFF,0x7F,0xFF,0x7F,0x00,0x00,0x00,0x00,0xFF,0x7F,0xFF,0x7F,
	0x00,0x00,0x00,0x00,0xFF,0x7F,0xFF,0x7F,0x00,0x00,0x00,0x00,0xFF,0x7F,0xFF,0x7F,
	0x00,0x00,0x00,0x00,0xFF,0x7F,0xFF,0x7F,0x00,0x00,0x00,0x00,0xFF,0x7F,0xFF,0x7F,
	0x00,0x00,0x00,0x00,0xFF,0x7F,0xFF,0x7F,0x00,0x00,0x00,0x00,0xFF,0x7F,0xFF,0x7F,
	0x00,0x00,0x00,0x00,0xFF,0x7F,0xFF,0x7F,0x00,0x00,0x00,0x00,0xFF,0x7F,0xFF,0x7F,
	0x00,0x00,0x00,0x00,0xFF,0x7F,0xFF,0x7F,0x00,0x00,0x00,0x00,0xFF,0x7F,0xFF,0x7F,
	0x00,0x00,0x00,0x00,0x00,0x00,0x00,0x00,0x00,0x00,0x00,0x00,0x00,0x00,0x00,0x00,
	0x00,0x00,0x00,0x00,0x00,0x00,0x00,0x00,0x00,0x00,0x00,0x00,0xC6,0x18,0xC6,0x18,

	0x00,0x00,0xEF,0x3D,0x00,0x00,0x00,0x00,0x00,0x00,0x00,0x00,0x00,0x00,0x00,0x00,
	0x4A,0x29,0x00,0x00,0x00,0x00,0x00,0x00,0x00,0x00,0x00,0x00,0x00,0x00,0xEF,0x3D,
	0x00,0x00,0xC6,0x18,0xC6,0x18,0x00,0x00,0x00,0x00,0x00,0x00,0x00,0x00,0x00,0x00,
	0x00,0x00,0x00,0x00,0x00,0x00,0x00,0x00,0x00,0x00,0x00,0x00,0x00,0x00,0x00,0x00,
	0x00,0x00,0xFF,0x7F,0xFF,0x7F,0x00,0x00,0x00,0x00,0xFF,0x7F,0xFF,0x7F,0x00,0x00,
	0x00,0x00,0xFF,0x7F,0xFF,0x7F,0x00,0x00,0x00,0x00,0xFF,0x7F,0xFF,0x7F,0x00,0x00,
	0x00,0x00,0xFF,0x7F,0xFF,0x7F,0x00,0x00,0x00,0x00,0xFF,0x7F,0xFF,0x7F,0x00,0x00,
	0x00,0x00,0xFF,0x7F,0xFF,0x7F,0x00,0x00,0x00,0x00,0xFF,0x7F,0xFF,0x7F,0x00,0x00,

	0x00,0x00,0xFF,0x7F,0xFF,0x7F,0x00,0x00,0x00,0x00,0xFF,0x7F,0xFF,0x7F,0x00,0x00,
	0x00,0x00,0xFF,0x7F,0xFF,0x7F,0x00,0x00,0x00,0x00,0xFF,0x7F,0xFF,0x7F,0x00,0x00,
	0x00,0x00,0x00,0x00,0x00,0x00,0x00,0x00,0x00,0x00,0x00,0x00,0x00,0x00,0x00,0x00,
	0x00,0x00,0x00,0x00,0x00,0x00,0x00,0x00,0x00,0x00,0xC6,0x18,0xC6,0x18,0x00,0x00,
	0xEF,0x3D,0x00,0x00,0x00,0x00,0x00,0x00,0x00,0x00,0x00,0x00,0x00,0x00,0x00,0x00,
	0x4A,0x29,0x00,0x00,0x00,0x00,0x00,0x00,0x00,0x00,0x00,0x00,0x00,0x00,0x00,0x00,
	0x00,0x00,0x00,0x00,0x00,0x00,0x00,0x00,0x00,0x00,0x00,0x00,0x00,0x00,0x00,0x00,
	0x00,0x00,0x00,0x00,0x00,0x00,0x00,0x00,0x00,0x00,0x00,0x00,0x00,0x00,0x00,0x00,

	0x63,0x0C,0x63,0x0C,0x63,0x0C,0x63,0x0C,0x63,0x0C,0x63,0x0C,0x63,0x0C,0x63,0x0C,
	0x63,0x0C,0x63,0x0C,0x63,0x0C,0x63,0x0C,0x63,0x0C,0x63,0x0C,0x63,0x0C,0x63,0x0C,
	0x63,0x0C,0x63,0x0C,0x63,0x0C,0x63,0x0C,0x63,0x0C,0x63,0x0C,0x63,0x0C,0x63,0x0C,
	0x4A,0x29,0x63,0x0C,0x63,0x0C,0x63,0x0C,0x63,0x0C,0x63,0x0C,0x63,0x0C,0x63,0x0C,
	0xEF,0x3D,0x00,0x00,0xC6,0x18,0xC6,0x18,0xFF,0x7F,0xFF,0x7F,0xFF,0x7F,0xFF,0x7F,
	0xFF,0x7F,0xFF,0x7F,0xFF,0x7F,0xFF,0x7F,0xFF,0x7F,0xFF,0x7F,0xFF,0x7F,0xFF,0x7F,
	0xFF,0x7F,0xFF,0x7F,0xFF,0x7F,0xFF,0x7F,0xFF,0x7F,0xFF,0x7F,0x00,0x00,0x00,0x00,
	0xFF,0x7F,0xFF,0x7F,0x00,0x00,0x00,0x00,0xFF,0x7F,0xFF,0x7F,0x00,0x00,0x00,0x00,

	0x00,0x00,0x00,0x00,0xFF,0x7F,0xFF,0x7F,0xFF,0x7F,0xFF,0x7F,0x00,0x00,0x00,0x00,
	0x00,0x00,0x00,0x00,0xFF,0x7F,0xFF,0x7F,0x00,0x00,0x00,0x00,0xFF,0x7F,0xFF,0x7F,
	0x00,0x00,0x00,0x00,0x00,0x00,0x00,0x00,0x00,0x00,0x00,0x00,0xFF,0x7F,0xFF,0x7F,
	0xFF,0x7F,0xFF,0x7F,0xFF,0x7F,0xFF,0x7F,0x00,0x00,0x00,0x00,0xFF,0x7F,0xFF,0x7F,
	0xFF,0x7F,0xFF,0x7F,0xFF,0x7F,0xFF,0x7F,0xFF,0x7F,0xFF,0x7F,0xFF,0x7F,0xFF,0x7F,
	0xFF,0x7F,0xFF,0x7F,0xFF,0x7F,0xFF,0x7F,0xFF,0x7F,0xFF,0x7F,0xC6,0x18,0xC6,0x18,
	0x00,0x00,0xEF,0x3D,0x63,0x0C,0x63,0x0C,0x63,0x0C,0x63,0x0C,0x63,0x0C,0x63,0x0C,
	0x4A,0x29,0x63,0x0C,0x63,0x0C,0x63,0x0C,0x63,0x0C,0x63,0x0C,0x63,0x0C,0xEF,0x3D,

	0x00,0x00,0xC6,0x18,0xC6,0x18,0xFF,0x7F,0xFF,0x7F,0xFF,0x7F,0xFF,0x7F,0xFF,0x7F,
	0xFF,0x7F,0xFF,0x7F,0xFF,0x7F,0xFF,0x7F,0xFF,0x7F,0xFF,0x7F,0xFF,0x7F,0xFF,0x7F,
	0xFF,0x7F,0xFF,0x7F,0xFF,0x7F,0xFF,0x7F,0xFF,0x7F,0xFF,0x7F,0xFF,0x7F,0x00,0x00,
	0x00,0x00,0xFF,0x7F,0xFF,0x7F,0x00,0x00,0x00,0x00,0x00,0x00,0x00,0x00,0xFF,0x7F,
	0xFF,0x7F,0x00,0x00,0x00,0x00,0xFF,0x7F,0xFF,0x7F,0x00,0x00,0x00,0x00,0x00,0x00,
	0x00,0x00,0x00,0x00,0x00,0x00,0xFF,0x7F,0xFF,0x7F,0xFF,0x7F,0xFF,0x7F,0x00,0x00,
	0x00,0x00,0xFF,0x7F,0xFF,0x7F,0xFF,0x7F,0xFF,0x7F,0xFF,0x7F,0xFF,0x7F,0x00,0x00,
	0x00,0x00,0xFF,0x7F,0xFF,0x7F,0xFF,0x7F,0xFF,0x7F,0xFF,0x7F,0xFF,0x7F,0xFF,0x7F,

	0xFF,0x7F,0xFF,0x7F,0xFF,0x7F,0xFF,0x7F,0xFF,0x7F,0xFF,0x7F,0xFF,0x7F,0xFF,0x7F,
	0xFF,0x7F,0xFF,0x7F,0xFF,0x7F,0xFF,0x7F,0xFF,0x7F,0xC6,0x18,0xC6,0x18,0x00,0x00,
	0xEF,0x3D,0x63,0x0C,0x63,0x0C,0x63,0x0C,0x63,0x0C,0x63,0x0C,0x63,0x0C,0x63,0x0C,
	0x4A,0x29,0x63,0x0C,0x63,0x0C,0x63,0x0C,0x63,0x0C,0x63,0x0C,0x63,0x0C,0x63,0x0C,
	0x63,0x0C,0x63,0x0C,0x63,0x0C,0x63,0x0C,0x63,0x0C,0x63,0x0C,0x63,0x0C,0x63,0x0C,
	0x63,0x0C,0x63,0x0C,0x63,0x0C,0x63,0x0C,0x63,0x0C,0x63,0x0C,0x63,0x0C,0x63,0x0C,
	0x00,0x00,0x00,0x00,0x00,0x00,0x00,0x00,0x00,0x00,0x00,0x00,0x00,0x00,0x00,0x00,
	0x00,0x00,0x00,0x00,0x00,0x00,0x00,0x00,0x00,0x00,0x00,0x00,0x00,0x00,0x00,0x00,

	0x00,0x00,0x00,0x00,0x00,0x00,0x00,0x00,0x00,0x00,0x00,0x00,0x00,0x00,0x00,0x00,
	0x4A,0x29,0x00,0x00,0x00,0x00,0x00,0x00,0x00,0x00,0x00,0x00,0x00,0x00,0x00,0x00,
	0xEF,0x3D,0x00,0x00,0xC6,0x18,0x84,0x10,0xFF,0x7F,0xFF,0x7F,0xFF,0x7F,0xFF,0x7F,
	0xFF,0x7F,0xFF,0x7F,0xFF,0x7F,0xFF,0x7F,0xFF,0x7F,0xFF,0x7F,0xFF,0x7F,0xFF,0x7F,
	0xFF,0x7F,0xFF,0x7F,0xFF,0x7F,0xFF,0x7F,0xFF,0x7F,0xFF,0x7F,0x00,0x00,0x00,0x00,
	0xFF,0x7F,0xFF,0x7F,0x00,0x00,0x00,0x00,0xFF,0x7F,0xFF,0x7F,0x00,0x00,0x00,0x00,
	0x00,0x00,0x00,0x00,0xFF,0x7F,0xFF,0x7F,0xFF,0x7F,0xFF,0x7F,0x00,0x00,0x00,0x00,
	0x00,0x00,0x00,0x00,0xFF,0x7F,0xFF,0x7F,0x00,0x00,0x00,0x00,0xFF,0x7F,0xFF,0x7F,

	0x00,0x00,0x00,0x00,0x00,0x00,0x00,0x00,0x00,0x00,0x00,0x00,0xFF,0x7F,0xFF,0x7F,
	0xFF,0x7F,0xFF,0x7F,0xFF,0x7F,0xFF,0x7F,0x00,0x00,0x00,0x00,0xFF,0x7F,0xFF,0x7F,
	0xFF,0x7F,0xFF,0x7F,0xFF,0x7F,0xFF,0x7F,0xFF,0x7F,0xFF,0x7F,0xFF,0x7F,0xFF,0x7F,
	0xFF,0x7F,0xFF,0x7F,0xFF,0x7F,0xFF,0x7F,0xFF,0x7F,0xFF,0x7F,0x84,0x10,0xC6,0x18,
	0x00,0x00,0xEF,0x3D,0x00,0x00,0x00,0x00,0x00,0x00,0x00,0x00,0x00,0x00,0x00,0x00,
	0x4A,0x29,0x00,0x00,0x00,0x00,0x00,0x00,0x00,0x00,0x00,0x00,0x00,0x00,0xEF,0x3D,
	0x00,0x00,0xC6,0x18,0x84,0x10,0xFF,0x7F,0xFF,0x7F,0xFF,0x7F,0xFF,0x7F,0xFF,0x7F,
	0xFF,0x7F,0xFF,0x7F,0xFF,0x7F,0xFF,0x7F,0xFF,0x7F,0xFF,0x7F,0xFF,0x7F,0xFF,0x7F,

	0xFF,0x7F,0xFF,0x7F,0xFF,0x7F,0xFF,0x7F,0xFF,0x7F,0xFF,0x7F,0xFF,0x7F,0x00,0x00,
	0x00,0x00,0xFF,0x7F,0xFF,0x7F,0x00,0x00,0x00,0x00,0x00,0x00,0x00,0x00,0xFF,0x7F,
	0xFF,0x7F,0x00,0x00,0x00,0x00,0xFF,0x7F,0xFF,0x7F,0x00,0x00,0x00,0x00,0x00,0x00,
	0x00,0x00,0x00,0x00,0x00,0x00,0xFF,0x7F,0xFF,0x7F,0xFF,0x7F,0xFF,0x7F,0x00,0x00,
	0x00,0x00,0xFF,0x7F,0xFF,0x7F,0xFF,0x7F,0xFF,0x7F,0xFF,0x7F,0xFF,0x7F,0x00,0x00,
	0x00,0x00,0xFF,0x7F,0xFF,0x7F,0xFF,0x7F,0xFF,0x7F,0xFF,0x7F,0xFF,0x7F,0xFF,0x7F,
	0xFF,0x7F,0xFF,0x7F,0xFF,0x7F,0xFF,0x7F,0xFF,0x7F,0xFF,0x7F,0xFF,0x7F,0xFF,0x7F,
	0xFF,0x7F,0xFF,0x7F,0xFF,0x7F,0xFF,0x7F,0xFF,0x7F,0x84,0x10,0xC6,0x18,0x00,0x00,

	0xEF,0x3D,0x00,0x00,0x00,0x00,0x00,0x00,0x00,0x00,0x00,0x00,0x00,0x00,0x00,0x00,
	0x4A,0x29,0x00,0x00,0x00,0x00,0x00,0x00,0x00,0x00,0x00,0x00,0x00,0x00,0x00,0x00,
	0x00,0x00,0x00,0x00,0x00,0x00,0x00,0x00,0x00,0x00,0x00,0x00,0x00,0x00,0x00,0x00,
	0x00,0x00,0x00,0x00,0x00,0x00,0x00,0x00,0x00,0x00,0x00,0x00,0x00,0x00,0x00,0x00,
	0x63,0x0C,0x63,0x0C,0x63,0x0C,0x63,0x0C,0x63,0x0C,0x63,0x0C,0x63,0x0C,0x63,0x0C,
	0x63,0x0C,0x63,0x0C,0x63,0x0C,0x63,0x0C,0x63,0x0C,0x63,0x0C,0x63,0x0C,0x63,0x0C,
	0x63,0x0C,0x63,0x0C,0x63,0x0C,0x63,0x0C,0x63,0x0C,0x63,0x0C,0x63,0x0C,0x63,0x0C,
	0x4A,0x29,0x63,0x0C,0x63,0x0C,0x63,0x0C,0x63,0x0C,0x63,0x0C,0x63,0x0C,0x63,0x0C,

	0xEF,0x3D,0x00,0x00,0x84,0x10,0xC6,0x18,0x00,0x00,0x00,0x00,0x00,0x00,0x00,0x00,
	0x00,0x00,0x00,0x00,0x00,0x00,0x00,0x00,0xFF,0x7F,0xFF,0x7F,0xFF,0x7F,0xFF,0x7F,
	0x00,0x00,0x00,0x00,0xFF,0x7F,0xFF,0x7F,0x00,0x00,0x00,0x00,0xFF,0x7F,0xFF,0x7F,
	0xFF,0x7F,0xFF,0x7F,0xFF,0x7F,0xFF,0x7F,0xFF,0x7F,0xFF,0x7F,0x00,0x00,0x00,0x00,
	0x00,0x00,0x00,0x00,0xFF,0x7F,0xFF,0x7F,0x00,0x00,0x00,0x00,0x00,0x00,0x00,0x00,
	0x00,0x00,0x00,0x00,0x00,0x00,0x00,0x00,0x00,0x00,0x00,0x00,0x00,0x00,0x00,0x00,
	0xFF,0x7F,0xFF,0x7F,0xFF,0x7F,0xFF,0x7F,0xFF,0x7F,0xFF,0x7F,0xFF,0x7F,0xFF,0x7F,
	0xFF,0x7F,0xFF,0x7F,0x00,0x00,0x00,0x00,0x00,0x00,0x00,0x00,0x00,0x00,0x00,0x00,

	0xFF,0x7F,0xFF,0x7F,0xFF,0x7F,0xFF,0x7F,0x00,0x00,0x00,0x00,0x00,0x00,0x00,0x00,
	0x00,0x00,0x00,0x00,0xFF,0x7F,0xFF,0x7F,0x00,0x00,0x00,0x00,0xC6,0x18,0x84,0x10,
	0x00,0x00,0xEF,0x3D,0x63,0x0C,0x63,0x0C,0x63,0x0C,0x63,0x0C,0x63,0x0C,0x63,0x0C,
	0x4A,0x29,0x63,0x0C,0x63,0x0C,0x63,0x0C,0x63,0x0C,0x63,0x0C,0x63,0x0C,0xEF,0x3D,
	0x00,0x00,0x84,0x10,0xC6,0x18,0xFF,0x7F,0xFF,0x7F,0xFF,0x7F,0xFF,0x7F,0xFF,0x7F,
	0xFF,0x7F,0x00,0x00,0x00,0x00,0xFF,0x7F,0xFF,0x7F,0xFF,0x7F,0xFF,0x7F,0x00,0x00,
	0x00,0x00,0xFF,0x7F,0xFF,0x7F,0xFF,0x7F,0xFF,0x7F,0x00,0x00,0x00,0x00,0x00,0x00,
	0x00,0x00,0x00,0x00,0x00,0x00,0x00,0x00,0x00,0x00,0x00,0x00,0x00,0x00,0xFF,0x7F,

	0xFF,0x7F,0x00,0x00,0x00,0x00,0xFF,0x7F,0xFF,0x7F,0xFF,0x7F,0xFF,0x7F,0x00,0x00,
	0x00,0x00,0x00,0x00,0x00,0x00,0x00,0x00,0x00,0x00,0x00,0x00,0x00,0x00,0x00,0x00,
	0x00,0x00,0xFF,0x7F,0xFF,0x7F,0xFF,0x7F,0xFF,0x7F,0xFF,0x7F,0xFF,0x7F,0xFF,0x7F,
	0xFF,0x7F,0x00,0x00,0x00,0x00,0x00,0x00,0x00,0x00,0xFF,0x7F,0xFF,0x7F,0xFF,0x7F,
	0xFF,0x7F,0x00,0x00,0x00,0x00,0x00,0x00,0x00,0x00,0x00,0x00,0x00,0x00,0xFF,0x7F,
	0xFF,0x7F,0x00,0x00,0x00,0x00,0x00,0x00,0x00,0x00,0xC6,0x18,0x84,0x10,0x00,0x00,
	0xEF,0x3D,0x63,0x0C,0x63,0x0C,0x63,0x0C,0x63,0x0C,0x63,0x0C,0x63,0x0C,0x63,0x0C,
	0x4A,0x29,0x63,0x0C,0x63,0x0C,0x63,0x0C,0x63,0x0C,0x63,0x0C,0x63,0x0C,0x63,0x0C,

	0x63,0x0C,0x63,0x0C,0x63,0x0C,0x63,0x0C,0x63,0x0C,0x63,0x0C,0x63,0x0C,0x63,0x0C,
	0x63,0x0C,0x63,0x0C,0x63,0x0C,0x63,0x0C,0x63,0x0C,0x63,0x0C,0x63,0x0C,0x63,0x0C,
	0x00,0x00,0x00,0x00,0x00,0x00,0x00,0x00,0x00,0x00,0x00,0x00,0x00,0x00,0x00,0x00,
	0x00,0x00,0x00,0x00,0x00,0x00,0x00,0x00,0x00,0x00,0x00,0x00,0x00,0x00,0x00,0x00,
	0x00,0x00,0x00,0x00,0x00,0x00,0x00,0x00,0x00,0x00,0x00,0x00,0x00,0x00,0x00,0x00,
	0x4A,0x29,0x00,0x00,0x00,0x00,0x00,0x00,0x00,0x00,0x00,0x00,0x00,0x00,0x00,0x00,
	0xEF,0x3D,0x00,0x00,0xC6,0x18,0x84,0x10,0x00,0x00,0x00,0x00,0x00,0x00,0x00,0x00,
	0x00,0x00,0x00,0x00,0x00,0x00,0x00,0x00,0xFF,0x7F,0xFF,0x7F,0xFF,0x7F,0xFF,0x7F,

	0x00,0x00,0x00,0x00,0xFF,0x7F,0xFF,0x7F,0x00,0x00,0x00,0x00,0xFF,0x7F,0xFF,0x7F,
	0xFF,0x7F,0xFF,0x7F,0xFF,0x7F,0xFF,0x7F,0xFF,0x7F,0xFF,0x7F,0x00,0x00,0x00,0x00,
	0x00,0x00,0x00,0x00,0xFF,0x7F,0xFF,0x7F,0x00,0x00,0x00,0x00,0x00,0x00,0x00,0x00,
	0x00,0x00,0x00,0x00,0x00,0x00,0x00,0x00,0x00,0x00,0x00,0x00,0x00,0x00,0x00,0x00,
	0xFF,0x7F,0xFF,0x7F,0xFF,0x7F,0xFF,0x7F,0xFF,0x7F,0xFF,0x7F,0xFF,0x7F,0xFF,0x7F,
	0xFF,0x7F,0xFF,0x7F,0x00,0x00,0x00,0x00,0x00,0x00,0x00,0x00,0x00,0x00,0x00,0x00,
	0xFF,0x7F,0xFF,0x7F,0xFF,0x7F,0xFF,0x7F,0x00,0x00,0x00,0x00,0x00,0x00,0x00,0x00,
	0x00,0x00,0x00,0x00,0xFF,0x7F,0xFF,0x7F,0x00,0x00,0x00,0x00,0x84,0x10,0xC6,0x18,

	0x00,0x00,0xEF,0x3D,0x00,0x00,0x00,0x00,0x00,0x00,0x00,0x00,0x00,0x00,0x00,0x00,
	0x4A,0x29,0x00,0x00,0x00,0x00,0x00,0x00,0x00,0x00,0x00,0x00,0x00,0x00,0xEF,0x3D,
	0x00,0x00,0xC6,0x18,0x84,0x10,0xFF,0x7F,0xFF,0x7F,0xFF,0x7F,0xFF,0x7F,0xFF,0x7F,
	0xFF,0x7F,0x00,0x00,0x00,0x00,0xFF,0x7F,0xFF,0x7F,0xFF,0x7F,0xFF,0x7F,0x00,0x00,
	0x00,0x00,0xFF,0x7F,0xFF,0x7F,0xFF,0x7F,0xFF,0x7F,0x00,0x00,0x00,0x00,0x00,0x00,
	0x00,0x00,0x00,0x00,0x00,0x00,0x00,0x00,0x00,0x00,0x00,0x00,0x00,0x00,0xFF,0x7F,
	0xFF,0x7F,0x00,0x00,0x00,0x00,0xFF,0x7F,0xFF,0x7F,0xFF,0x7F,0xFF,0x7F,0x00,0x00,
	0x00,0x00,0x00,0x00,0x00,0x00,0x00,0x00,0x00,0x00,0x00,0x00,0x00,0x00,0x00,0x00,

	0x00,0x00,0xFF,0x7F,0xFF,0x7F,0xFF,0x7F,0xFF,0x7F,0xFF,0x7F,0xFF,0x7F,0xFF,0x7F,
	0xFF,0x7F,0x00,0x00,0x00,0x00,0x00,0x00,0x00,0x00,0xFF,0x7F,0xFF,0x7F,0xFF,0x7F,
	0xFF,0x7F,0x00,0x00,0x00,0x00,0x00,0x00,0x00,0x00,0x00,0x00,0x00,0x00,0xFF,0x7F,
	0xFF,0x7F,0x00,0x00,0x00,0x00,0x00,0x00,0x00,0x00,0x84,0x10,0xC6,0x18,0x00,0x00,
	0xEF,0x3D,0x00,0x00,0x00,0x00,0x00,0x00,0x00,0x00,0x00,0x00,0x00,0x00,0x00,0x00,
	0x4A,0x29,0x00,0x00,0x00,0x00,0x00,0x00,0x00,0x00,0x00,0x00,0x00,0x00,0x00,0x00,
	0x00,0x00,0x00,0x00,0x00,0x00,0x00,0x00,0x00,0x00,0x00,0x00,0x00,0x00,0x00,0x00,
	0x00,0x00,0x00,0x00,0x00,0x00,0x00,0x00,0x00,0x00,0x00,0x00,0x00,0x00,0x00,0x00,

	0x63,0x0C,0x63,0x0C,0x63,0x0C,0x63,0x0C,0x63,0x0C,0x63,0x0C,0x63,0x0C,0x63,0x0C,
	0x63,0x0C,0x63,0x0C,0x63,0x0C,0x63,0x0C,0x63,0x0C,0x63,0x0C,0x63,0x0C,0x63,0x0C,
	0x63,0x0C,0x63,0x0C,0x63,0x0C,0x63,0x0C,0x63,0x0C,0x63,0x0C,0x63,0x0C,0x63,0x0C,
	0x4A,0x29,0x63,0x0C,0x63,0x0C,0x63,0x0C,0x63,0x0C,0x63,0x0C,0x63,0x0C,0x63,0x0C,
	0xEF,0x3D,0x00,0x00,0x84,0x10,0x84,0x10,0xFF,0x7F,0xFF,0x7F,0x00,0x00,0x00,0x00,
	0xFF,0x7F,0xFF,0x7F,0x00,0x00,0x00,0x00,0x00,0x00,0x00,0x00,0xFF,0x7F,0xFF,0x7F,
	0xFF,0x7F,0xFF,0x7F,0xFF,0x7F,0xFF,0x7F,0x00,0x00,0x00,0x00,0xFF,0x7F,0xFF,0x7F,
	0xFF,0x7F,0xFF,0x7F,0xFF,0x7F,0xFF,0x7F,0xFF,0x7F,0xFF,0x7F,0xFF,0x7F,0xFF,0x7F,

	0xFF,0x7F,0xFF,0x7F,0x00,0x00,0x00,0x00,0x00,0x00,0x00,0x00,0xFF,0x7F,0xFF,0x7F,
	0xFF,0x7F,0xFF,0x7F,0x00,0x00,0x00,0x00,0xFF,0x7F,0xFF,0x7F,0xFF,0x7F,0xFF,0x7F,
	0xFF,0x7F,0xFF,0x7F,0x00,0x00,0x00,0x00,0xFF,0x7F,0xFF,0x7F,0x00,0x00,0x00,0x00,
	0xFF,0x7F,0xFF,0x7F,0xFF,0x7F,0xFF,0x7F,0x00,0x00,0x00,0x00,0xFF,0x7F,0xFF,0x7F,
	0xFF,0x7F,0xFF,0x7F,0xFF,0x7F,0xFF,0x7F,0xFF,0x7F,0xFF,0x7F,0x00,0x00,0x00,0x00,
	0x00,0x00,0x00,0x00,0x00,0x00,0x00,0x00,0xFF,0x7F,0xFF,0x7F,0x84,0x10,0x84,0x10,
	0x00,0x00,0xEF,0x3D,0x63,0x0C,0x63,0x0C,0x63,0x0C,0x63,0x0C,0x63,0x0C,0x63,0x0C,
	0x4A,0x29,0x63,0x0C,0x63,0x0C,0x63,0x0C,0x63,0x0C,0x63,0x0C,0x63,0x0C,0xEF,0x3D,

	0x00,0x00,0x84,0x10,0x84,0x10,0xFF,0x7F,0xFF,0x7F,0x00,0x00,0x00,0x00,0x00,0x00,
	0x00,0x00,0xFF,0x7F,0xFF,0x7F,0xFF,0x7F,0xFF,0x7F,0x00,0x00,0x00,0x00,0xFF,0x7F,
	0xFF,0x7F,0xFF,0x7F,0xFF,0x7F,0x00,0x00,0x00,0x00,0x00,0x00,0x00,0x00,0xFF,0x7F,
	0xFF,0x7F,0x00,0x00,0x00,0x00,0x00,0x00,0x00,0x00,0xFF,0x7F,0xFF,0x7F,0xFF,0x7F,
	0xFF,0x7F,0xFF,0x7F,0xFF,0x7F,0x00,0x00,0x00,0x00,0xFF,0x7F,0xFF,0x7F,0x00,0x00,
	0x00,0x00,0xFF,0x7F,0xFF,0x7F,0x00,0x00,0x00,0x00,0xFF,0x7F,0xFF,0x7F,0x00,0x00,
	0x00,0x00,0xFF,0x7F,0xFF,0x7F,0xFF,0x7F,0xFF,0x7F,0xFF,0x7F,0xFF,0x7F,0x00,0x00,
	0x00,0x00,0x00,0x00,0x00,0x00,0x00,0x00,0x00,0x00,0x00,0x00,0x00,0x00,0xFF,0x7F,

	0xFF,0x7F,0x00,0x00,0x00,0x00,0xFF,0x7F,0xFF,0x7F,0xFF,0x7F,0xFF,0x7F,0x00,0x00,
	0x00,0x00,0x00,0x00,0x00,0x00,0x00,0x00,0x00,0x00,0x84,0x10,0x84,0x10,0x00,0x00,
	0xEF,0x3D,0x63,0x0C,0x63,0x0C,0x63,0x0C,0x63,0x0C,0x63,0x0C,0x63,0x0C,0x63,0x0C,
	0x4A,0x29,0x63,0x0C,0x63,0x0C,0x63,0x0C,0x63,0x0C,0x63,0x0C,0x63,0x0C,0x63,0x0C,
	0x63,0x0C,0x63,0x0C,0x63,0x0C,0x63,0x0C,0x63,0x0C,0x63,0x0C,0x63,0x0C,0x63,0x0C,
	0x63,0x0C,0x63,0x0C,0x63,0x0C,0x63,0x0C,0x63,0x0C,0x63,0x0C,0x63,0x0C,0x63,0x0C,
	0x00,0x00,0x00,0x00,0x00,0x00,0x00,0x00,0x00,0x00,0x00,0x00,0x00,0x00,0x00,0x00,
	0x00,0x00,0x00,0x00,0x00,0x00,0x00,0x00,0x00,0x00,0x00,0x00,0x00,0x00,0x00,0x00,

	0x00,0x00,0x00,0x00,0x00,0x00,0x00,0x00,0x00,0x00,0x00,0x00,0x00,0x00,0x00,0x00,
	0x4A,0x29,0x00,0x00,0x00,0x00,0x00,0x00,0x00,0x00,0x00,0x00,0x00,0x00,0x00,0x00,
	0xEF,0x3D,0x00,0x00,0x84,0x10,0x84,0x10,0xFF,0x7F,0xFF,0x7F,0x00,0x00,0x00,0x00,
	0xFF,0x7F,0xFF,0x7F,0x00,0x00,0x00,0x00,0x00,0x00,0x00,0x00,0xFF,0x7F,0xFF,0x7F,
	0xFF,0x7F,0xFF,0x7F,0xFF,0x7F,0xFF,0x7F,0x00,0x00,0x00,0x00,0xFF,0x7F,0xFF,0x7F,
	0xFF,0x7F,0xFF,0x7F,0xFF,0x7F,0xFF,0x7F,0xFF,0x7F,0xFF,0x7F,0xFF,0x7F,0xFF,0x7F,
	0xFF,0x7F,0xFF,0x7F,0x00,0x00,0x00,0x00,0x00,0x00,0x00,0x00,0xFF,0x7F,0xFF,0x7F,
	0xFF,0x7F,0xFF,0x7F,0x00,0x00,0x00,0x00,0xFF,0x7F,0xFF,0x7F,0xFF,0x7F,0xFF,0x7F,

	0xFF,0x7F,0xFF,0x7F,0x00,0x00,0x00,0x00,0xFF,0x7F,0xFF,0x7F,0x00,0x00,0x00,0x00,
	0xFF,0x7F,0xFF,0x7F,0xFF,0x7F,0xFF,0x7F,0x00,0x00,0x00,0x00,0xFF,0x7F,0xFF,0x7F,
	0xFF,0x7F,0xFF,0x7F,0xFF,0x7F,0xFF,0x7F,0xFF,0x7F,0xFF,0x7F,0x00,0x00,0x00,0x00,
	0x00,0x00,0x00,0x00,0x00,0x00,0x00,0x00,0xFF,0x7F,0xFF,0x7F,0x84,0x10,0x84,0x10,
	0x00,0x00,0xEF,0x3D,0x00,0x00,0x00,0x00,0x00,0x00,0x00,0x00,0x00,0x00,0x00,0x00,
	0x4A,0x29,0x00,0x00,0x00,0x00,0x00,0x00,0x00,0x00,0x00,0x00,0x00,0x00,0xEF,0x3D,
	0x00,0x00,0x84,0x10,0x84,0x10,0xFF,0x7F,0xFF,0x7F,0x00,0x00,0x00,0x00,0x00,0x00,
	0x00,0x00,0xFF,0x7F,0xFF,0x7F,0xFF,0x7F,0xFF,0x7F,0x00,0x00,0x00,0x00,0xFF,0x7F,

	0xFF,0x7F,0xFF,0x7F,0xFF,0x7F,0x00,0x00,0x00,0x00,0x00,0x00,0x00,0x00,0xFF,0x7F,
	0xFF,0x7F,0x00,0x00,0x00,0x00,0x00,0x00,0x00,0x00,0xFF,0x7F,0xFF,0x7F,0xFF,0x7F,
	0xFF,0x7F,0xFF,0x7F,0xFF,0x7F,0x00,0x00,0x00,0x00,0xFF,0x7F,0xFF,0x7F,0x00,0x00,
	0x00,0x00,0xFF,0x7F,0xFF,0x7F,0x00,0x00,0x00,0x00,0xFF,0x7F,0xFF,0x7F,0x00,0x00,
	0x00,0x00,0xFF,0x7F,0xFF,0x7F,0xFF,0x7F,0xFF,0x7F,0xFF,0x7F,0xFF,0x7F,0x00,0x00,
	0x00,0x00,0x00,0x00,0x00,0x00,0x00,0x00,0x00,0x00,0x00,0x00,0x00,0x00,0xFF,0x7F,
	0xFF,0x7F,0x00,0x00,0x00,0x00,0xFF,0x7F,0xFF,0x7F,0xFF,0x7F,0xFF,0x7F,0x00,0x00,
	0x00,0x00,0x00,0x00,0x00,0x00,0x00,0x00,0x00,0x00,0x84,0x10,0x84,0x10,0x00,0x00,

	0xEF,0x3D,0x00,0x00,0x00,0x00,0x00,0x00,0x00,0x00,0x00,0x00,0x00,0x00,0x00,0x00,
	0x4A,0x29,0x00,0x00,0x00,0x00,0x00,0x00,0x00,0x00,0x00,0x00,0x00,0x00,0x00,0x00,
	0x00,0x00,0x00,0x00,0x00,0x00,0x00,0x00,0x00,0x00,0x00,0x00,0x00,0x00,0x00,0x00,
	0x00,0x00,0x00,0x00,0x00,0x00,0x00,0x00,0x00,0x00,0x00,0x00,0x00,0x00,0x00,0x00,
	0x63,0x0C,0x63,0x0C,0x63,0x0C,0x63,0x0C,0x63,0x0C,0x63,0x0C,0x63,0x0C,0x63,0x0C,
	0x63,0x0C,0x63,0x0C,0x63,0x0C,0x63,0x0C,0x63,0x0C,0x63,0x0C,0x63,0x0C,0x63,0x0C,
	0x63,0x0C,0x63,0x0C,0x63,0x0C,0x63,0x0C,0x63,0x0C,0x63,0x0C,0x63,0x0C,0x63,0x0C,
	0x4A,0x29,0x63,0x0C,0x63,0x0C,0x63,0x0C,0x63,0x0C,0x63,0x0C,0x63,0x0C,0x63,0x0C,

	0xEF,0x3D,0x00,0x00,0x84,0x10,0x84,0x10,0x00,0x00,0x00,0x00,0xFF,0x7F,0xFF,0x7F,
	0x00,0x00,0x00,0x00,0xFF,0x7F,0xFF,0x7F,0xFF,0x7F,0xFF,0x7F,0x00,0x00,0x00,0x00,
	0x00,0x00,0x00,0x00,0xFF,0x7F,0xFF,0x7F,0x00,0x00,0x00,0x00,0x00,0x00,0x00,0x00,
	0xFF,0x7F,0xFF,0x7F,0xFF,0x7F,0xFF,0x7F,0xFF,0x7F,0xFF,0x7F,0xFF,0x7F,0xFF,0x7F,
	0x00,0x00,0x00,0x00,0x00,0x00,0x00,0x00,0xFF,0x7F,0xFF,0x7F,0xFF,0x7F,0xFF,0x7F,
	0xFF,0x7F,0xFF,0x7F,0xFF,0x7F,0xFF,0x7F,0x00,0x00,0x00,0x00,0xFF,0x7F,0xFF,0x7F,
	0x00,0x00,0x00,0x00,0x00,0x00,0x00,0x00,0x00,0x00,0x00,0x00,0xFF,0x7F,0xFF,0x7F,
	0xFF,0x7F,0xFF,0x7F,0xFF,0x7F,0xFF,0x7F,0x00,0x00,0x00,0x00,0xFF,0x7F,0xFF,0x7F,

	0x00,0x00,0x00,0x00,0x00,0x00,0x00,0x00,0x00,0x00,0x00,0x00,0xFF,0x7F,0xFF,0x7F,
	0x00,0x00,0x00,0x00,0x00,0x00,0x00,0x00,0xFF,0x7F,0xFF,0x7F,0x84,0x10,0x84,0x10,
	0x00,0x00,0xEF,0x3D,0x63,0x0C,0x63,0x0C,0x63,0x0C,0x63,0x0C,0x63,0x0C,0x63,0x0C,
	0x4A,0x29,0x63,0x0C,0x63,0x0C,0x63,0x0C,0x63,0x0C,0x63,0x0C,0x63,0x0C,0xEF,0x3D,
	0x00,0x00,0x84,0x10,0x84,0x10,0xFF,0x7F,0xFF,0x7F,0xFF,0x7F,0xFF,0x7F,0xFF,0x7F,
	0xFF,0x7F,0xFF,0x7F,0xFF,0x7F,0x00,0x00,0x00,0x00,0x00,0x00,0x00,0x00,0x00,0x00,
	0x00,0x00,0xFF,0x7F,0xFF,0x7F,0xFF,0x7F,0xFF,0x7F,0xFF,0x7F,0xFF,0x7F,0xFF,0x7F,
	0xFF,0x7F,0x00,0x00,0x00,0x00,0xFF,0x7F,0xFF,0x7F,0xFF,0x7F,0xFF,0x7F,0x00,0x00,

	0x00,0x00,0x00,0x00,0x00,0x00,0xFF,0x7F,0xFF,0x7F,0x00,0x00,0x00,0x00,0xFF,0x7F,
	0xFF,0x7F,0xFF,0x7F,0xFF,0x7F,0xFF,0x7F,0xFF,0x7F,0x00,0x00,0x00,0x00,0xFF,0x7F,
	0xFF,0x7F,0x00,0x00,0x00,0x00,0xFF,0x7F,0xFF,0x7F,0xFF,0x7F,0xFF,0x7F,0xFF,0x7F,
	0xFF,0x7F,0x00,0x00,0x00,0x00,0xFF,0x7F,0xFF,0x7F,0xFF,0x7F,0xFF,0x7F,0x00,0x00,
	0x00,0x00,0x00,0x00,0x00,0x00,0xFF,0x7F,0xFF,0x7F,0xFF,0x7F,0xFF,0x7F,0x00,0x00,
	0x00,0x00,0xFF,0x7F,0xFF,0x7F,0x00,0x00,0x00,0x00,0x84,0x10,0x84,0x10,0x00,0x00,
	0xEF,0x3D,0x63,0x0C,0x63,0x0C,0x63,0x0C,0x63,0x0C,0x63,0x0C,0x63,0x0C,0x63,0x0C,
	0x4A,0x29,0x63,0x0C,0x63,0x0C,0x63,0x0C,0x63,0x0C,0x63,0x0C,0x63,0x0C,0x63,0x0C,

	0x63,0x0C,0x63,0x0C,0x63,0x0C,0x63,0x0C,0x63,0x0C,0x63,0x0C,0x63,0x0C,0x63,0x0C,
	0x63,0x0C,0x63,0x0C,0x63,0x0C,0x63,0x0C,0x63,0x0C,0x63,0x0C,0x63,0x0C,0x63,0x0C,
	0x00,0x00,0x00,0x00,0x00,0x00,0x00,0x00,0x00,0x00,0x00,0x00,0x00,0x00,0x00,0x00,
	0x00,0x00,0x00,0x00,0x00,0x00,0x00,0x00,0x00,0x00,0x00,0x00,0x00,0x00,0x00,0x00,
	0x00,0x00,0x00,0x00,0x00,0x00,0x00,0x00,0x00,0x00,0x00,0x00,0x00,0x00,0x00,0x00,
	0x4A,0x29,0x00,0x00,0x00,0x00,0x00,0x00,0x00,0x00,0x00,0x00,0x00,0x00,0x00,0x00,
	0xEF,0x3D,0x00,0x00,0x84,0x10,0x84,0x10,0x00,0x00,0x00,0x00,0xFF,0x7F,0xFF,0x7F,
	0x00,0x00,0x00,0x00,0xFF,0x7F,0xFF,0x7F,0xFF,0x7F,0xFF,0x7F,0x00,0x00,0x00,0x00,

	0x00,0x00,0x00,0x00,0xFF,0x7F,0xFF,0x7F,0x00,0x00,0x00,0x00,0x00,0x00,0x00,0x00,
	0xFF,0x7F,0xFF,0x7F,0xFF,0x7F,0xFF,0x7F,0xFF,0x7F,0xFF,0x7F,0xFF,0x7F,0xFF,0x7F,
	0x00,0x00,0x00,0x00,0x00,0x00,0x00,0x00,0xFF,0x7F,0xFF,0x7F,0xFF,0x7F,0xFF,0x7F,
	0xFF,0x7F,0xFF,0x7F,0xFF,0x7F,0xFF,0x7F,0x00,0x00,0x00,0x00,0xFF,0x7F,0xFF,0x7F,
	0x00,0x00,0x00,0x00,0x00,0x00,0x00,0x00,0x00,0x00,0x00,0x00,0xFF,0x7F,0xFF,0x7F,
	0xFF,0x7F,0xFF,0x7F,0xFF,0x7F,0xFF,0x7F,0x00,0x00,0x00,0x00,0xFF,0x7F,0xFF,0x7F,
	0x00,0x00,0x00,0x00,0x00,0x00,0x00,0x00,0x00,0x00,0x00,0x00,0xFF,0x7F,0xFF,0x7F,
	0x00,0x00,0x00,0x00,0x00,0x00,0x00,0x00,0xFF,0x7F,0xFF,0x7F,0x84,0x10,0x84,0x10,

	0x00,0x00,0xEF,0x3D,0x00,0x00,0x00,0x00,0x00,0x00,0x00,0x00,0x00,0x00,0x00,0x00,
	0x4A,0x29,0x00,0x00,0x00,0x00,0x00,0x00,0x00,0x00,0x00,0x00,0x00,0x00,0xEF,0x3D,
	0x00,0x00,0x84,0x10,0x84,0x10,0xFF,0x7F,0xFF,0x7F,0xFF,0x7F,0xFF,0x7F,0xFF,0x7F,
	0xFF,0x7F,0xFF,0x7F,0xFF,0x7F,0x00,0x00,0x00,0x00,0x00,0x00,0x00,0x00,0x00,0x00,
	0x00,0x00,0xFF,0x7F,0xFF,0x7F,0xFF,0x7F,0xFF,0x7F,0xFF,0x7F,0xFF,0x7F,0xFF,0x7F,
	0xFF,0x7F,0x00,0x00,0x00,0x00,0xFF,0x7F,0xFF,0x7F,0xFF,0x7F,0xFF,0x7F,0x00,0x00,
	0x00,0x00,0x00,0x00,0x00,0x00,0xFF,0x7F,0xFF,0x7F,0x00,0x00,0x00,0x00,0xFF,0x7F,
	0xFF,0x7F,0xFF,0x7F,0xFF,0x7F,0xFF,0x7F,0xFF,0x7F,0x00,0x00,0x00,0x00,0xFF,0x7F,

	0xFF,0x7F,0x00,0x00,0x00,0x00,0xFF,0x7F,0xFF,0x7F,0xFF,0x7F,0xFF,0x7F,0xFF,0x7F,
	0xFF,0x7F,0x00,0x00,0x00,0x00,0xFF,0x7F,0xFF,0x7F,0xFF,0x7F,0xFF,0x7F,0x00,0x00,
	0x00,0x00,0x00,0x00,0x00,0x00,0xFF,0x7F,0xFF,0x7F,0xFF,0x7F,0xFF,0x7F,0x00,0x00,
	0x00,0x00,0xFF,0x7F,0xFF,0x7F,0x00,0x00,0x00,0x00,0x84,0x10,0x84,0x10,0x00,0x00,
	0xEF,0x3D,0x00,0x00,0x00,0x00,0x00,0x00,0x00,0x00,0x00,0x00,0x00,0x00,0x00,0x00,
	0x4A,0x29,0x00,0x00,0x00,0x00,0x00,0x00,0x00,0x00,0x00,0x00,0x00,0x00,0x00,0x00,
	0x00,0x00,0x00,0x00,0x00,0x00,0x00,0x00,0x00,0x00,0x00,0x00,0x00,0x00,0x00,0x00,
	0x00,0x00,0x00,0x00,0x00,0x00,0x00,0x00,0x00,0x00,0x00,0x00,0x00,0x00,0x00,0x00,

	0x63,0x0C,0x63,0x0C,0x63,0x0C,0x63,0x0C,0x63,0x0C,0x63,0x0C,0x63,0x0C,0x63,0x0C,
	0x63,0x0C,0x63,0x0C,0x63,0x0C,0x63,0x0C,0x63,0x0C,0x63,0x0C,0x63,0x0C,0x63,0x0C,
	0x63,0x0C,0x63,0x0C,0x63,0x0C,0x63,0x0C,0x63,0x0C,0x63,0x0C,0x63,0x0C,0x63,0x0C,
	0x4A,0x29,0x63,0x0C,0x63,0x0C,0x63,0x0C,0x63,0x0C,0x63,0x0C,0x63,0x0C,0x63,0x0C,
	0xEF,0x3D,0x00,0x00,0x84,0x10,0x84,0x10,0xFF,0x7F,0xFF,0x7F,0x00,0x00,0x00,0x00,
	0x00,0x00,0x00,0x00,0xFF,0x7F,0xFF,0x7F,0x00,0x00,0x00,0x00,0xFF,0x7F,0xFF,0x7F,
	0xFF,0x7F,0xFF,0x7F,0x00,0x00,0x00,0x00,0x00,0x00,0x00,0x00,0xFF,0x7F,0xFF,0x7F,
	0xFF,0x7F,0xFF,0x7F,0x00,0x00,0x00,0x00,0x00,0x00,0x00,0x00,0x00,0x00,0x00,0x00,

	0x00,0x00,0x00,0x00,0x00,0x00,0x00,0x00,0xFF,0x7F,0xFF,0x7F,0xFF,0x7F,0xFF,0x7F,
	0xFF,0x7F,0xFF,0x7F,0xFF,0x7F,0xFF,0x7F,0xFF,0x7F,0xFF,0x7F,0xFF,0x7F,0xFF,0x7F,
	0x00,0x00,0x00,0x00,0x00,0x00,0x00,0x00,0xFF,0x7F,0xFF,0x7F,0x00,0x00,0x00,0x00,
	0x00,0x00,0x00,0x00,0x00,0x00,0x00,0x00,0xFF,0x7F,0xFF,0x7F,0xFF,0x7F,0xFF,0x7F,
	0x00,0x00,0x00,0x00,0x00,0x00,0x00,0x00,0x00,0x00,0x00,0x00,0xFF,0x7F,0xFF,0x7F,
	0x00,0x00,0x00,0x00,0x00,0x00,0x00,0x00,0x00,0x00,0x00,0x00,0x84,0x10,0x84,0x10,
	0x00,0x00,0xEF,0x3D,0x63,0x0C,0x63,0x0C,0x63,0x0C,0x63,0x0C,0x63,0x0C,0x63,0x0C,
	0x4A,0x29,0x63,0x0C,0x63,0x0C,0x63,0x0C,0x63,0x0C,0x63,0x0C,0x63,0x0C,0xEF,0x3D,

	0x00,0x00,0x84,0x10,0x84,0x10,0xFF,0x7F,0xFF,0x7F,0x00,0x00,0x00,0x00,0x00,0x00,
	0x00,0x00,0x00,0x00,0x00,0x00,0x00,0x00,0x00,0x00,0xFF,0x7F,0xFF,0x7F,0xFF,0x7F,
	0xFF,0x7F,0xFF,0x7F,0xFF,0x7F,0x00,0x00,0x00,0x00,0xFF,0x7F,0xFF,0x7F,0xFF,0x7F,
	0xFF,0x7F,0xFF,0x7F,0xFF,0x7F,0xFF,0x7F,0xFF,0x7F,0x00,0x00,0x00,0x00,0xFF,0x7F,
	0xFF,0x7F,0xFF,0x7F,0xFF,0x7F,0x00,0x00,0x00,0x00,0x00,0x00,0x00,0x00,0xFF,0x7F,
	0xFF,0x7F,0x00,0x00,0x00,0x00,0xFF,0x7F,0xFF,0x7F,0xFF,0x7F,0xFF,0x7F,0xFF,0x7F,
	0xFF,0x7F,0x00,0x00,0x00,0x00,0x00,0x00,0x00,0x00,0x00,0x00,0x00,0x00,0xFF,0x7F,
	0xFF,0x7F,0xFF,0x7F,0xFF,0x7F,0x00,0x00,0x00,0x00,0xFF,0x7F,0xFF,0x7F,0xFF,0x7F,

	0xFF,0x7F,0xFF,0x7F,0xFF,0x7F,0x00,0x00,0x00,0x00,0xFF,0x7F,0xFF,0x7F,0xFF,0x7F,
	0xFF,0x7F,0xFF,0x7F,0xFF,0x7F,0x00,0x00,0x00,0x00,0x84,0x10,0x84,0x10,0x00,0x00,
	0xEF,0x3D,0x63,0x0C,0x63,0x0C,0x63,0x0C,0x63,0x0C,0x63,0x0C,0x63,0x0C,0x63,0x0C,
	0x4A,0x29,0x63,0x0C,0x63,0x0C,0x63,0x0C,0x63,0x0C,0x63,0x0C,0x63,0x0C,0x63,0x0C,
	0x63,0x0C,0x63,0x0C,0x63,0x0C,0x63,0x0C,0x63,0x0C,0x63,0x0C,0x63,0x0C,0x63,0x0C,
	0x63,0x0C,0x63,0x0C,0x63,0x0C,0x63,0x0C,0x63,0x0C,0x63,0x0C,0x63,0x0C,0x63,0x0C,
	0x00,0x00,0x00,0x00,0x00,0x00,0x00,0x00,0x00,0x00,0x00,0x00,0x00,0x00,0x00,0x00,
	0x00,0x00,0x00,0x00,0x00,0x00,0x00,0x00,0x00,0x00,0x00,0x00,0x00,0x00,0x00,0x00,

	0x00,0x00,0x00,0x00,0x00,0x00,0x00,0x00,0x00,0x00,0x00,0x00,0x00,0x00,0x00,0x00,
	0x4A,0x29,0x00,0x00,0x00,0x00,0x00,0x00,0x00,0x00,0x00,0x00,0x00,0x00,0x00,0x00,
	0xEF,0x3D,0x00,0x00,0x84,0x10,0x84,0x10,0xFF,0x7F,0xFF,0x7F,0x00,0x00,0x00,0x00,
	0x00,0x00,0x00,0x00,0xFF,0x7F,0xFF,0x7F,0x00,0x00,0x00,0x00,0xFF,0x7F,0xFF,0x7F,
	0xFF,0x7F,0xFF,0x7F,0x00,0x00,0x00,0x00,0x00,0x00,0x00,0x00,0xFF,0x7F,0xFF,0x7F,
	0xFF,0x7F,0xFF,0x7F,0x00,0x00,0x00,0x00,0x00,0x00,0x00,0x00,0x00,0x00,0x00,0x00,
	0x00,0x00,0x00,0x00,0x00,0x00,0x00,0x00,0xFF,0x7F,0xFF,0x7F,0xFF,0x7F,0xFF,0x7F,
	0xFF,0x7F,0xFF,0x7F,0xFF,0x7F,0xFF,0x7F,0xFF,0x7F,0xFF,0x7F,0xFF,0x7F,0xFF,0x7F,

	0x00,0x00,0x00,0x00,0x00,0x00,0x00,0x00,0xFF,0x7F,0xFF,0x7F,0x00,0x00,0x00,0x00,
	0x00,0x00,0x00,0x00,0x00,0x00,0x00,0x00,0xFF,0x7F,0xFF,0x7F,0xFF,0x7F,0xFF,0x7F,
	0x00,0x00,0x00,0x00,0x00,0x00,0x00,0x00,0x00,0x00,0x00,0x00,0xFF,0x7F,0xFF,0x7F,
	0x00,0x00,0x00,0x00,0x00,0x00,0x00,0x00,0x00,0x00,0x00,0x00,0x84,0x10,0x84,0x10,
	0x00,0x00,0xEF,0x3D,0x00,0x00,0x00,0x00,0x00,0x00,0x00,0x00,0x00,0x00,0x00,0x00,
	0x4A,0x29,0x00,0x00,0x00,0x00,0x00,0x00,0x00,0x00,0x00,0x00,0x00,0x00,0xEF,0x3D,
	0x00,0x00,0x84,0x10,0x84,0x10,0xFF,0x7F,0xFF,0x7F,0x00,0x00,0x00,0x00,0x00,0x00,
	0x00,0x00,0x00,0x00,0x00,0x00,0x00,0x00,0x00,0x00,0xFF,0x7F,0xFF,0x7F,0xFF,0x7F,

	0xFF,0x7F,0xFF,0x7F,0xFF,0x7F,0x00,0x00,0x00,0x00,0xFF,0x7F,0xFF,0x7F,0xFF,0x7F,
	0xFF,0x7F,0xFF,0x7F,0xFF,0x7F,0xFF,0x7F,0xFF,0x7F,0x00,0x00,0x00,0x00,0xFF,0x7F,
	0xFF,0x7F,0xFF,0x7F,0xFF,0x7F,0x00,0x00,0x00,0x00,0x00,0x00,0x00,0x00,0xFF,0x7F,
	0xFF,0x7F,0x00,0x00,0x00,0x00,0xFF,0x7F,0xFF,0x7F,0xFF,0x7F,0xFF,0x7F,0xFF,0x7F,
	0xFF,0x7F,0x00,0x00,0x00,0x00,0x00,0x00,0x00,0x00,0x00,0x00,0x00,0x00,0xFF,0x7F,
	0xFF,0x7F,0xFF,0x7F,0xFF,0x7F,0x00,0x00,0x00,0x00,0xFF,0x7F,0xFF,0x7F,0xFF,0x7F,
	0xFF,0x7F,0xFF,0x7F,0xFF,0x7F,0x00,0x00,0x00,0x00,0xFF,0x7F,0xFF,0x7F,0xFF,0x7F,
	0xFF,0x7F,0xFF,0x7F,0xFF,0x7F,0x00,0x00,0x00,0x00,0x84,0x10,0x84,0x10,0x00,0x00,

	0xEF,0x3D,0x00,0x00,0x00,0x00,0x00,0x00,0x00,0x00,0x00,0x00,0x00,0x00,0x00,0x00,
	0x4A,0x29,0x00,0x00,0x00,0x00,0x00,0x00,0x00,0x00,0x00,0x00,0x00,0x00,0x00,0x00,
	0x00,0x00,0x00,0x00,0x00,0x00,0x00,0x00,0x00,0x00,0x00,0x00,0x00,0x00,0x00,0x00,
	0x00,0x00,0x00,0x00,0x00,0x00,0x00,0x00,0x00,0x00,0x00,0x00,0x00,0x00,0x00,0x00,
	0x63,0x0C,0x63,0x0C,0x63,0x0C,0x63,0x0C,0x63,0x0C,0x63,0x0C,0x63,0x0C,0x63,0x0C,
	0x63,0x0C,0x63,0x0C,0x63,0x0C,0x63,0x0C,0x63,0x0C,0x63,0x0C,0x63,0x0C,0x63,0x0C,
	0x63,0x0C,0x63,0x0C,0x63,0x0C,0x63,0x0C,0x63,0x0C,0x63,0x0C,0x63,0x0C,0x63,0x0C,
	0x4A,0x29,0x63,0x0C,0x63,0x0C,0x63,0x0C,0x63,0x0C,0x63,0x0C,0x63,0x0C,0x63,0x0C,

	0xEF,0x3D,0x00,0x00,0x84,0x10,0x84,0x10,0x00,0x00,0x00,0x00,0x00,0x00,0x00,0x00,
	0x00,0x00,0x00,0x00,0x00,0x00,0x00,0x00,0xFF,0x7F,0xFF,0x7F,0xFF,0x7F,0xFF,0x7F,
	0x00,0x00,0x00,0x00,0x00,0x00,0x00,0x00,0x00,0x00,0x00,0x00,0xFF,0x7F,0xFF,0x7F,
	0x00,0x00,0x00,0x00,0x00,0x00,0x00,0x00,0xFF,0x7F,0xFF,0x7F,0xFF,0x7F,0xFF,0x7F,
	0xFF,0x7F,0xFF,0x7F,0xFF,0x7F,0xFF,0x7F,0xFF,0x7F,0xFF,0x7F,0x00,0x00,0x00,0x00,
	0x00,0x00,0x00,0x00,0xFF,0x7F,0xFF,0x7F,0x00,0x00,0x00,0x00,0xFF,0x7F,0xFF,0x7F,
	0xFF,0x7F,0xFF,0x7F,0x00,0x00,0x00,0x00,0x00,0x00,0x00,0x00,0x00,0x00,0x00,0x00,
	0x00,0x00,0x00,0x00,0xFF,0x7F,0xFF,0x7F,0xFF,0x7F,0xFF,0x7F,0x00,0x00,0x00,0x00,

	0x00,0x00,0x00,0x00,0x00,0x00,0x00,0x00,0x00,0x00,0x00,0x00,0x00,0x00,0x00,0x00,
	0x00,0x00,0x00,0x00,0xFF,0x7F,0xFF,0x7F,0x00,0x00,0x00,0x00,0x84,0x10,0x84,0x10,
	0x00,0x00,0xEF,0x3D,0x63,0x0C,0x63,0x0C,0x63,0x0C,0x63,0x0C,0x63,0x0C,0x63,0x0C,
	0x4A,0x29,0x63,0x0C,0x63,0x0C,0x63,0x0C,0x63,0x0C,0x63,0x0C,0x63,0x0C,0xEF,0x3D,
	0x00,0x00,0x84,0x10,0x84,0x10,0xFF,0x7F,0xFF,0x7F,0xFF,0x7F,0xFF,0x7F,0x00,0x00,
	0x00,0x00,0xFF,0x7F,0xFF,0x7F,0xFF,0x7F,0xFF,0x7F,0xFF,0x7F,0xFF,0x7F,0x00,0x00,
	0x00,0x00,0xFF,0x7F,0xFF,0x7F,0x00,0x00,0x00,0x00,0x00,0x00,0x00,0x00,0x00,0x00,
	0x00,0x00,0xFF,0x7F,0xFF,0x7F,0xFF,0x7F,0xFF,0x7F,0xFF,0x7F,0xFF,0x7F,0xFF,0x7F,

	0xFF,0x7F,0x00,0x00,0x00,0x00,0x00,0x00,0x00,0x00,0xFF,0x7F,0xFF,0x7F,0xFF,0x7F,
	0xFF,0x7F,0xFF,0x7F,0xFF,0x7F,0x00,0x00,0x00,0x00,0xFF,0x7F,0xFF,0x7F,0x00,0x00,
	0x00,0x00,0x00,0x00,0x00,0x00,0x00,0x00,0x00,0x00,0x00,0x00,0x00,0x00,0xFF,0x7F,
	0xFF,0x7F,0x00,0x00,0x00,0x00,0x00,0x00,0x00,0x00,0x00,0x00,0x00,0x00,0x00,0x00,
	0x00,0x00,0xFF,0x7F,0xFF,0x7F,0xFF,0x7F,0xFF,0x7F,0x00,0x00,0x00,0x00,0xFF,0x7F,
	0xFF,0x7F,0x00,0x00,0x00,0x00,0xFF,0x7F,0xFF,0x7F,0x84,0x10,0x84,0x10,0x00,0x00,
	0xEF,0x3D,0x63,0x0C,0x63,0x0C,0x63,0x0C,0x63,0x0C,0x63,0x0C,0x63,0x0C,0x63,0x0C,
	0x4A,0x29,0x63,0x0C,0x63,0x0C,0x63,0x0C,0x63,0x0C,0x63,0x0C,0x63,0x0C,0x63,0x0C,

	0x63,0x0C,0x63,0x0C,0x63,0x0C,0x63,0x0C,0x63,0x0C,0x63,0x0C,0x63,0x0C,0x63,0x0C,
	0x63,0x0C,0x63,0x0C,0x63,0x0C,0x63,0x0C,0x63,0x0C,0x63,0x0C,0x63,0x0C,0x63,0x0C,
	0x00,0x00,0x00,0x00,0x00,0x00,0x00,0x00,0x00,0x00,0x00,0x00,0x00,0x00,0x00,0x00,
	0x00,0x00,0x00,0x00,0x00,0x00,0x00,0x00,0x00,0x00,0x00,0x00,0x00,0x00,0x00,0x00,
	0x00,0x00,0x00,0x00,0x00,0x00,0x00,0x00,0x00,0x00,0x00,0x00,0x00,0x00,0x00,0x00,
	0x4A,0x29,0x00,0x00,0x00,0x00,0x00,0x00,0x00,0x00,0x00,0x00,0x00,0x00,0x00,0x00,
	0xEF,0x3D,0x00,0x00,0x84,0x10,0x84,0x10,0x00,0x00,0x00,0x00,0x00,0x00,0x00,0x00,
	0x00,0x00,0x00,0x00,0x00,0x00,0x00,0x00,0xFF,0x7F,0xFF,0x7F,0xFF,0x7F,0xFF,0x7F,

	0x00,0x00,0x00,0x00,0x00,0x00,0x00,0x00,0x00,0x00,0x00,0x00,0xFF,0x7F,0xFF,0x7F,
	0x00,0x00,0x00,0x00,0x00,0x00,0x00,0x00,0xFF,0x7F,0xFF,0x7F,0xFF,0x7F,0xFF,0x7F,
	0xFF,0x7F,0xFF,0x7F,0xFF,0x7F,0xFF,0x7F,0xFF,0x7F,0xFF,0x7F,0x00,0x00,0x00,0x00,
	0x00,0x00,0x00,0x00,0xFF,0x7F,0xFF,0x7F,0x00,0x00,0x00,0x00,0xFF,0x7F,0xFF,0x7F,
	0xFF,0x7F,0xFF,0x7F,0x00,0x00,0x00,0x00,0x00,0x00,0x00,0x00,0x00,0x00,0x00,0x00,
	0x00,0x00,0x00,0x00,0xFF,0x7F,0xFF,0x7F,0xFF,0x7F,0xFF,0x7F,0x00,0x00,0x00,0x00,
	0x00,0x00,0x00,0x00,0x00,0x00,0x00,0x00,0x00,0x00,0x00,0x00,0x00,0x00,0x00,0x00,
	0x00,0x00,0x00,0x00,0xFF,0x7F,0xFF,0x7F,0x00,0x00,0x00,0x00,0x84,0x10,0x84,0x10,

	0x00,0x00,0xEF,0x3D,0x00,0x00,0x00,0x00,0x00,0x00,0x00,0x00,0x00,0x00,0x00,0x00,
	0x4A,0x29,0x00,0x00,0x00,0x00,0x00,0x00,0x00,0x00,0x00,0x00,0x00,0x00,0xEF,0x3D,
	0x00,0x00,0x84,0x10,0x84,0x10,0xFF,0x7F,0xFF,0x7F,0xFF,0x7F,0xFF,0x7F,0x00,0x00,
	0x00,0x00,0xFF,0x7F,0xFF,0x7F,0xFF,0x7F,0xFF,0x7F,0xFF,0x7F,0xFF,0x7F,0x00,0x00,
	0x00,0x00,0xFF,0x7F,0xFF,0x7F,0x00,0x00,0x00,0x00,0x00,0x00,0x00,0x00,0x00,0x00,
	0x00,0x00,0xFF,0x7F,0xFF,0x7F,0xFF,0x7F,0xFF,0x7F,0xFF,0x7F,0xFF,0x7F,0xFF,0x7F,
	0xFF,0x7F,0x00,0x00,0x00,0x00,0x00,0x00,0x00,0x00,0xFF,0x7F,0xFF,0x7F,0xFF,0x7F,
	0xFF,0x7F,0xFF,0x7F,0xFF,0x7F,0x00,0x00,0x00,0x00,0xFF,0x7F,0xFF,0x7F,0x00,0x00,

	0x00,0x00,0x00,0x00,0x00,0x00,0x00,0x00,0x00,0x00,0x00,0x00,0x00,0x00,0xFF,0x7F,
	0xFF,0x7F,0x00,0x00,0x00,0x00,0x00,0x00,0x00,0x00,0x00,0x00,0x00,0x00,0x00,0x00,
	0x00,0x00,0xFF,0x7F,0xFF,0x7F,0xFF,0x7F,0xFF,0x7F,0x00,0x00,0x00,0x00,0xFF,0x7F,
	0xFF,0x7F,0x00,0x00,0x00,0x00,0xFF,0x7F,0xFF,0x7F,0x84,0x10,0x84,0x10,0x00,0x00,
	0xEF,0x3D,0x00,0x00,0x00,0x00,0x00,0x00,0x00,0x00,0x00,0x00,0x00,0x00,0x00,0x00,
	0x4A,0x29,0x00,0x00,0x00,0x00,0x00,0x00,0x00,0x00,0x00,0x00,0x00,0x00,0x00,0x00,
	0x00,0x00,0x00,0x00,0x00,0x00,0x00,0x00,0x00,0x00,0x00,0x00,0x00,0x00,0x00,0x00,
	0x00,0x00,0x00,0x00,0x00,0x00,0x00,0x00,0x00,0x00,0x00,0x00,0x00,0x00,0x00,0x00,

	0x63,0x0C,0x63,0x0C,0x63,0x0C,0x63,0x0C,0x63,0x0C,0x63,0x0C,0x63,0x0C,0x63,0x0C,
	0x63,0x0C,0x63,0x0C,0x63,0x0C,0x63,0x0C,0x63,0x0C,0x63,0x0C,0x63,0x0C,0x63,0x0C,
	0x63,0x0C,0x63,0x0C,0x63,0x0C,0x63,0x0C,0x63,0x0C,0x63,0x0C,0x63,0x0C,0x63,0x0C,
	0x4A,0x29,0x63,0x0C,0x63,0x0C,0x63,0x0C,0x63,0x0C,0x63,0x0C,0x63,0x0C,0x63,0x0C,
	0xEF,0x3D,0x00,0x00,0x84,0x10,0x84,0x10,0xFF,0x7F,0xFF,0x7F,0x00,0x00,0x00,0x00,
	0xFF,0x7F,0xFF,0x7F,0x00,0x00,0x00,0x00,0xFF,0x7F,0xFF,0x7F,0x00,0x00,0x00,0x00,
	0xFF,0x7F,0xFF,0x7F,0x00,0x00,0x00,0x00,0x00,0x00,0x00,0x00,0xFF,0x7F,0xFF,0x7F,
	0xFF,0x7F,0xFF,0x7F,0x00,0x00,0x00,0x00,0xFF,0x7F,0xFF,0x7F,0x00,0x00,0x00,0x00,

	0xFF,0x7F,0xFF,0x7F,0xFF,0x7F,0xFF,0x7F,0xFF,0x7F,0xFF,0x7F,0x00,0x00,0x00,0x00,
	0xFF,0x7F,0xFF,0x7F,0x00,0x00,0x00,0x00,0x00,0x00,0x00,0x00,0x00,0x00,0x00,0x00,
	0xFF,0x7F,0xFF,0x7F,0xFF,0x7F,0xFF,0x7F,0x00,0x00,0x00,0x00,0xFF,0x7F,0xFF,0x7F,
	0x00,0x00,0x00,0x00,0x00,0x00,0x00,0x00,0x00,0x00,0x00,0x00,0x00,0x00,0x00,0x00,
	0x00,0x00,0x00,0x00,0xFF,0x7F,0xFF,0x7F,0x00,0x00,0x00,0x00,0x00,0x00,0x00,0x00,
	0x00,0x00,0x00,0x00,0xFF,0x7F,0xFF,0x7F,0x00,0x00,0x00,0x00,0x84,0x10,0x84,0x10,
	0x00,0x00,0xEF,0x3D,0x63,0x0C,0x63,0x0C,0x63,0x0C,0x63,0x0C,0x63,0x0C,0x63,0x0C,
	0x4A,0x29,0x63,0x0C,0x63,0x0C,0x63,0x0C,0x63,0x0C,0x63,0x0C,0x63,0x0C,0xEF,0x3D,

	0x00,0x00,0x84,0x10,0x84,0x10,0x00,0x00,0x00,0x00,0xFF,0x7F,0xFF,0x7F,0x00,0x00,
	0x00,0x00,0xFF,0x7F,0xFF,0x7F,0x00,0x00,0x00,0x00,0xFF,0x7F,0xFF,0x7F,0xFF,0x7F,
	0xFF,0x7F,0x00,0x00,0x00,0x00,0xFF,0x7F,0xFF,0x7F,0xFF,0x7F,0xFF,0x7F,0xFF,0x7F,
	0xFF,0x7F,0xFF,0x7F,0xFF,0x7F,0x00,0x00,0x00,0x00,0x00,0x00,0x00,0x00,0x00,0x00,
	0x00,0x00,0x00,0x00,0x00,0x00,0x00,0x00,0x00,0x00,0xFF,0x7F,0xFF,0x7F,0x00,0x00,
	0x00,0x00,0x00,0x00,0x00,0x00,0x00,0x00,0x00,0x00,0xFF,0x7F,0xFF,0x7F,0x00,0x00,
	0x00,0x00,0xFF,0x7F,0xFF,0x7F,0xFF,0x7F,0xFF,0x7F,0x00,0x00,0x00,0x00,0x00,0x00,
	0x00,0x00,0xFF,0x7F,0xFF,0x7F,0xFF,0x7F,0xFF,0x7F,0xFF,0x7F,0xFF,0x7F,0x00,0x00,

	0x00,0x00,0x00,0x00,0x00,0x00,0xFF,0x7F,0xFF,0x7F,0x00,0x00,0x00,0x00,0xFF,0x7F,
	0xFF,0x7F,0x00,0x00,0x00,0x00,0x00,0x00,0x00,0x00,0x84,0x10,0x84,0x10,0x00,0x00,
	0xEF,0x3D,0x63,0x0C,0x63,0x0C,0x63,0x0C,0x63,0x0C,0x63,0x0C,0x63,0x0C,0x63,0x0C,
	0x4A,0x29,0x63,0x0C,0x63,0x0C,0x63,0x0C,0x63,0x0C,0x63,0x0C,0x63,0x0C,0x63,0x0C,
	0x63,0x0C,0x63,0x0C,0x63,0x0C,0x63,0x0C,0x63,0x0C,0x63,0x0C,0x63,0x0C,0x63,0x0C,
	0x63,0x0C,0x63,0x0C,0x63,0x0C,0x63,0x0C,0x63,0x0C,0x63,0x0C,0x63,0x0C,0x63,0x0C,
	0x00,0x00,0x00,0x00,0x00,0x00,0x00,0x00,0x00,0x00,0x00,0x00,0x00,0x00,0x00,0x00,
	0x00,0x00,0x00,0x00,0x00,0x00,0x00,0x00,0x00,0x00,0x00,0x00,0x00,0x00,0x00,0x00,

	0x00,0x00,0x00,0x00,0x00,0x00,0x00,0x00,0x00,0x00,0x00,0x00,0x00,0x00,0x4A,0x29,
	0x4A,0x29,0x4A,0x29,0x00,0x00,0x00,0x00,0x00,0x00,0x00,0x00,0x00,0x00,0x00,0x00,
	0xEF,0x3D,0x00,0x00,0x84,0x10,0x84,0x10,0xFF,0x7F,0xFF,0x7F,0x00,0x00,0x00,0x00,
	0xFF,0x7F,0xFF,0x7F,0x00,0x00,0x00,0x00,0xFF,0x7F,0xFF,0x7F,0x00,0x00,0x00,0x00,
	0xFF,0x7F,0xFF,0x7F,0x00,0x00,0x00,0x00,0x00,0x00,0x00,0x00,0xFF,0x7F,0xFF,0x7F,
	0xFF,0x7F,0xFF,0x7F,0x00,0x00,0x00,0x00,0xFF,0x7F,0xFF,0x7F,0x00,0x00,0x00,0x00,
	0xFF,0x7F,0xFF,0x7F,0xFF,0x7F,0xFF,0x7F,0xFF,0x7F,0xFF,0x7F,0x00,0x00,0x00,0x00,
	0xFF,0x7F,0xFF,0x7F,0x00,0x00,0x00,0x00,0x00,0x00,0x00,0x00,0x00,0x00,0x00,0x00,

	0xFF,0x7F,0xFF,0x7F,0xFF,0x7F,0xFF,0x7F,0x00,0x00,0x00,0x00,0xFF,0x7F,0xFF,0x7F,
	0x00,0x00,0x00,0x00,0x00,0x00,0x00,0x00,0x00,0x00,0x00,0x00,0x00,0x00,0x00,0x00,
	0x00,0x00,0x00,0x00,0xFF,0x7F,0xFF,0x7F,0x00,0x00,0x00,0x00,0x00,0x00,0x00,0x00,
	0x00,0x00,0x00,0x00,0xFF,0x7F,0xFF,0x7F,0x00,0x00,0x00,0x00,0x84,0x10,0x84,0x10,
	0x00,0x00,0xEF,0x3D,0x00,0x00,0x00,0x00,0x00,0x00,0x00,0x00,0x00,0x00,0x4A,0x29,
	0x4A,0x29,0x4A,0x29,0x00,0x00,0x00,0x00,0x00,0x00,0x00,0x00,0x00,0x00,0xEF,0x3D,
	0x00,0x00,0x84,0x10,0x84,0x10,0x00,0x00,0x00,0x00,0xFF,0x7F,0xFF,0x7F,0x00,0x00,
	0x00,0x00,0xFF,0x7F,0xFF,0x7F,0x00,0x00,0x00,0x00,0xFF,0x7F,0xFF,0x7F,0xFF,0x7F,

	0xFF,0x7F,0x00,0x00,0x00,0x00,0xFF,0x7F,0xFF,0x7F,0xFF,0x7F,0xFF,0x7F,0xFF,0x7F,
	0xFF,0x7F,0xFF,0x7F,0xFF,0x7F,0x00,0x00,0x00,0x00,0x00,0x00,0x00,0x00,0x00,0x00,
	0x00,0x00,0x00,0x00,0x00,0x00,0x00,0x00,0x00,0x00,0xFF,0x7F,0xFF,0x7F,0x00,0x00,
	0x00,0x00,0x00,0x00,0x00,0x00,0x00,0x00,0x00,0x00,0xFF,0x7F,0xFF,0x7F,0x00,0x00,
	0x00,0x00,0xFF,0x7F,0xFF,0x7F,0xFF,0x7F,0xFF,0x7F,0x00,0x00,0x00,0x00,0x00,0x00,
	0x00,0x00,0xFF,0x7F,0xFF,0x7F,0xFF,0x7F,0xFF,0x7F,0xFF,0x7F,0xFF,0x7F,0x00,0x00,
	0x00,0x00,0x00,0x00,0x00,0x00,0xFF,0x7F,0xFF,0x7F,0x00,0x00,0x00,0x00,0xFF,0x7F,
	0xFF,0x7F,0x00,0x00,0x00,0x00,0x00,0x00,0x00,0x00,0x84,0x10,0x84,0x10,0x00,0x00,

	0xEF,0x3D,0x00,0x00,0x00,0x00,0x00,0x00,0x00,0x00,0x00,0x00,0x00,0x00,0x4A,0x29,
	0x4A,0x29,0x4A,0x29,0x00,0x00,0x00,0x00,0x00,0x00,0x00,0x00,0x00,0x00,0x00,0x00,
	0x00,0x00,0x00,0x00,0x00,0x00,0x00,0x00,0x00,0x00,0x00,0x00,0x00,0x00,0x00,0x00,
	0x00,0x00,0x00,0x00,0x00,0x00,0x00,0x00,0x00,0x00,0x00,0x00,0x00,0x00,0x00,0x00,
	0x4A,0x29,0x4A,0x29,0x4A,0x29,0x4A,0x29,0x4A,0x29,0x4A,0x29,0x4A,0x29,0x4A,0x29,
	0x4A,0x29,0x4A,0x29,0x4A,0x29,0x4A,0x29,0x4A,0x29,0x4A,0x29,0x4A,0x29,0x4A,0x29,
	0x4A,0x29,0x4A,0x29,0x4A,0x29,0x4A,0x29,0x4A,0x29,0x4A,0x29,0x4A,0x29,0x4A,0x29,
	0x4A,0x29,0x4A,0x29,0x4A,0x29,0x4A,0x29,0x4A,0x29,0x4A,0x29,0x4A,0x29,0x4A,0x29,

	0xEF,0x3D,0x00,0x00,0x84,0x10,0x84,0x10,0x00,0x00,0x00,0x00,0x00,0x00,0x00,0x00,
	0x00,0x00,0x00,0x00,0x00,0x00,0x00,0x00,0x00,0x00,0x00,0x00,0xFF,0x7F,0xFF,0x7F,
	0x00,0x00,0x00,0x00,0x00,0x00,0x00,0x00,0xFF,0x7F,0xFF,0x7F,0xFF,0x7F,0xFF,0x7F,
	0xFF,0x7F,0xFF,0x7F,0xFF,0x7F,0xFF,0x7F,0x00,0x00,0x00,0x00,0xFF,0x7F,0xFF,0x7F,
	0x00,0x00,0x00,0x00,0xFF,0x7F,0xFF,0x7F,0x00,0x00,0x00,0x00,0xFF,0x7F,0xFF,0x7F,
	0x00,0x00,0x00,0x00,0x00,0x00,0x00,0x00,0x00,0x00,0x00,0x00,0x00,0x00,0x00,0x00,
	0xFF,0x7F,0xFF,0x7F,0xFF,0x7F,0xFF,0x7F,0x00,0x00,0x00,0x00,0x00,0x00,0x00,0x00,
	0x00,0x00,0x00,0x00,0xFF,0x7F,0xFF,0x7F,0xFF,0x7F,0xFF,0x7F,0x00,0x00,0x00,0x00,

	0xFF,0x7F,0xFF,0x7F,0xFF,0x7F,0xFF,0x7F,0xFF,0x7F,0xFF,0x7F,0x00,0x00,0x00,0x00,
	0xFF,0x7F,0xFF,0x7F,0x00,0x00,0x00,0x00,0xFF,0x7F,0xFF,0x7F,0x84,0x10,0x84,0x10,
	0x00,0x00,0xEF,0x3D,0x4A,0x29,0x4A,0x29,0x4A,0x29,0x4A,0x29,0x4A,0x29,0x4A,0x29,
	0x4A,0x29,0x4A,0x29,0x4A,0x29,0x4A,0x29,0x4A,0x29,0x4A,0x29,0x4A,0x29,0xEF,0x3D,
	0x00,0x00,0x84,0x10,0x84,0x10,0xFF,0x7F,0xFF,0x7F,0x00,0x00,0x00,0x00,0xFF,0x7F,
	0xFF,0x7F,0x00,0x00,0x00,0x00,0x00,0x00,0x00,0x00,0x00,0x00,0x00,0x00,0x00,0x00,
	0x00,0x00,0xFF,0x7F,0xFF,0x7F,0x00,0x00,0x00,0x00,0xFF,0x7F,0xFF,0x7F,0xFF,0x7F,
	0xFF,0x7F,0x00,0x00,0x00,0x00,0x00,0x00,0x00,0x00,0x00,0x00,0x00,0x00,0x00,0x00,

	0x00,0x00,0xFF,0x7F,0xFF,0x7F,0xFF,0x7F,0xFF,0x7F,0xFF,0x7F,0xFF,0x7F,0x00,0x00,
	0x00,0x00,0xFF,0x7F,0xFF,0x7F,0x00,0x00,0x00,0x00,0x00,0x00,0x00,0x00,0xFF,0x7F,
	0xFF,0x7F,0xFF,0x7F,0xFF,0x7F,0xFF,0x7F,0xFF,0x7F,0xFF,0x7F,0xFF,0x7F,0xFF,0x7F,
	0xFF,0x7F,0xFF,0x7F,0xFF,0x7F,0xFF,0x7F,0xFF,0x7F,0xFF,0x7F,0xFF,0x7F,0x00,0x00,
	0x00,0x00,0x00,0x00,0x00,0x00,0xFF,0x7F,0xFF,0x7F,0xFF,0x7F,0xFF,0x7F,0x00,0x00,
	0x00,0x00,0x00,0x00,0x00,0x00,0x00,0x00,0x00,0x00,0x84,0x10,0x84,0x10,0x00,0x00,
	0xEF,0x3D,0x4A,0x29,0x4A,0x29,0x4A,0x29,0x4A,0x29,0x4A,0x29,0x4A,0x29,0x4A,0x29,
	0x4A,0x29,0x4A,0x29,0x4A,0x29,0x4A,0x29,0x4A,0x29,0x4A,0x29,0x4A,0x29,0x4A,0x29,

	0x4A,0x29,0x4A,0x29,0x4A,0x29,0x4A,0x29,0x4A,0x29,0x4A,0x29,0x4A,0x29,0x4A,0x29,
	0x4A,0x29,0x4A,0x29,0x4A,0x29,0x4A,0x29,0x4A,0x29,0x4A,0x29,0x4A,0x29,0x4A,0x29,
	0x00,0x00,0x00,0x00,0x00,0x00,0x00,0x00,0x00,0x00,0x00,0x00,0x00,0x00,0x00,0x00,
	0x00,0x00,0x00,0x00,0x00,0x00,0x00,0x00,0x00,0x00,0x00,0x00,0x00,0x00,0x00,0x00,
	0x00,0x00,0x00,0x00,0x00,0x00,0x00,0x00,0x00,0x00,0x00,0x00,0x00,0x00,0x4A,0x29,
	0x4A,0x29,0x4A,0x29,0x00,0x00,0x00,0x00,0x00,0x00,0x00,0x00,0x00,0x00,0x00,0x00,
	0xEF,0x3D,0x00,0x00,0x84,0x10,0x84,0x10,0x00,0x00,0x00,0x00,0x00,0x00,0x00,0x00,
	0x00,0x00,0x00,0x00,0x00,0x00,0x00,0x00,0x00,0x00,0x00,0x00,0xFF,0x7F,0xFF,0x7F,

	0x00,0x00,0x00,0x00,0x00,0x00,0x00,0x00,0xFF,0x7F,0xFF,0x7F,0xFF,0x7F,0xFF,0x7F,
	0xFF,0x7F,0xFF,0x7F,0xFF,0x7F,0xFF,0x7F,0x00,0x00,0x00,0x00,0xFF,0x7F,0xFF,0x7F,
	0x00,0x00,0x00,0x00,0xFF,0x7F,0xFF,0x7F,0x00,0x00,0x00,0x00,0xFF,0x7F,0xFF,0x7F,
	0x00,0x00,0x00,0x00,0x00,0x00,0x00,0x00,0x00,0x00,0x00,0x00,0x00,0x00,0x00,0x00,
	0xFF,0x7F,0xFF,0x7F,0xFF,0x7F,0xFF,0x7F,0x00,0x00,0x00,0x00,0x00,0x00,0x00,0x00,
	0x00,0x00,0x00,0x00,0xFF,0x7F,0xFF,0x7F,0xFF,0x7F,0xFF,0x7F,0x00,0x00,0x00,0x00,
	0xFF,0x7F,0xFF,0x7F,0xFF,0x7F,0xFF,0x7F,0xFF,0x7F,0xFF,0x7F,0x00,0x00,0x00,0x00,
	0xFF,0x7F,0xFF,0x7F,0x00,0x00,0x00,0x00,0xFF,0x7F,0xFF,0x7F,0x84,0x10,0x84,0x10,

	0x00,0x00,0xEF,0x3D,0x00,0x00,0x00,0x00,0x00,0x00,0x00,0x00,0x00,0x00,0x4A,0x29,
	0x4A,0x29,0x4A,0x29,0x00,0x00,0x00,0x00,0x00,0x00,0x00,0x00,0x00,0x00,0xEF,0x3D,
	0x00,0x00,0x84,0x10,0x84,0x10,0xFF,0x7F,0xFF,0x7F,0x00,0x00,0x00,0x00,0xFF,0x7F,
	0xFF,0x7F,0x00,0x00,0x00,0x00,0x00,0x00,0x00,0x00,0x00,0x00,0x00,0x00,0x00,0x00,
	0x00,0x00,0xFF,0x7F,0xFF,0x7F,0x00,0x00,0x00,0x00,0xFF,0x7F,0xFF,0x7F,0xFF,0x7F,
	0xFF,0x7F,0x00,0x00,0x00,0x00,0x00,0x00,0x00,0x00,0x00,0x00,0x00,0x00,0x00,0x00,
	0x00,0x00,0xFF,0x7F,0xFF,0x7F,0xFF,0x7F,0xFF,0x7F,0xFF,0x7F,0xFF,0x7F,0x00,0x00,
	0x00,0x00,0xFF,0x7F,0xFF,0x7F,0x00,0x00,0x00,0x00,0x00,0x00,0x00,0x00,0xFF,0x7F,

	0xFF,0x7F,0xFF,0x7F,0xFF,0x7F,0xFF,0x7F,0xFF,0x7F,0xFF,0x7F,0xFF,0x7F,0xFF,0x7F,
	0xFF,0x7F,0xFF,0x7F,0xFF,0x7F,0xFF,0x7F,0xFF,0x7F,0xFF,0x7F,0xFF,0x7F,0x00,0x00,
	0x00,0x00,0x00,0x00,0x00,0x00,0xFF,0x7F,0xFF,0x7F,0xFF,0x7F,0xFF,0x7F,0x00,0x00,
	0x00,0x00,0x00,0x00,0x00,0x00,0x00,0x00,0x00,0x00,0x84,0x10,0x84,0x10,0x00,0x00,
	0xEF,0x3D,0x00,0x00,0x00,0x00,0x00,0x00,0x00,0x00,0x00,0x00,0x00,0x00,0x4A,0x29,
	0x4A,0x29,0x4A,0x29,0x00,0x00,0x00,0x00,0x00,0x00,0x00,0x00,0x00,0x00,0x00,0x00,
	0x00,0x00,0x00,0x00,0x00,0x00,0x00,0x00,0x00,0x00,0x00,0x00,0x00,0x00,0x00,0x00,
	0x00,0x00,0x00,0x00,0x00,0x00,0x00,0x00,0x00,0x00,0x00,0x00,0x00,0x00,0x00,0x00,

	0x63,0x0C,0x63,0x0C,0x63,0x0C,0x63,0x0C,0x63,0x0C,0x63,0x0C,0x63,0x0C,0x63,0x0C,
	0x63,0x0C,0x63,0x0C,0x63,0x0C,0x63,0x0C,0x63,0x0C,0x63,0x0C,0x63,0x0C,0x63,0x0C,
	0x63,0x0C,0x63,0x0C,0x63,0x0C,0x63,0x0C,0x63,0x0C,0x63,0x0C,0x63,0x0C,0x63,0x0C,
	0x4A,0x29,0x63,0x0C,0x63,0x0C,0x63,0x0C,0x63,0x0C,0x63,0x0C,0x63,0x0C,0x63,0x0C,
	0xEF,0x3D,0x00,0x00,0x84,0x10,0x84,0x10,0x00,0x00,0x00,0x00,0x00,0x00,0x00,0x00,
	0xFF,0x7F,0xFF,0x7F,0xFF,0x7F,0xFF,0x7F,0xFF,0x7F,0xFF,0x7F,0xFF,0x7F,0xFF,0x7F,
	0xFF,0x7F,0xFF,0x7F,0xFF,0x7F,0xFF,0x7F,0xFF,0x7F,0xFF,0x7F,0xFF,0x7F,0xFF,0x7F,
	0x00,0x00,0x00,0x00,0xFF,0x7F,0xFF,0x7F,0x00,0x00,0x00,0x00,0x00,0x00,0x00,0x00,

	0xFF,0x7F,0xFF,0x7F,0xFF,0x7F,0xFF,0x7F,0x00,0x00,0x00,0x00,0xFF,0x7F,0xFF,0x7F,
	0xFF,0x7F,0xFF,0x7F,0xFF,0x7F,0xFF,0x7F,0x00,0x00,0x00,0x00,0x00,0x00,0x00,0x00,
	0x00,0x00,0x00,0x00,0xFF,0x7F,0xFF,0x7F,0xFF,0x7F,0xFF,0x7F,0xFF,0x7F,0xFF,0x7F,
	0xFF,0x7F,0xFF,0x7F,0xFF,0x7F,0xFF,0x7F,0x00,0x00,0x00,0x00,0x00,0x00,0x00,0x00,
	0xFF,0x7F,0xFF,0x7F,0xFF,0x7F,0xFF,0x7F,0xFF,0x7F,0xFF,0x7F,0x00,0x00,0x00,0x00,
	0xFF,0x7F,0xFF,0x7F,0xFF,0x7F,0xFF,0x7F,0x00,0x00,0x00,0x00,0x84,0x10,0x84,0x10,
	0x00,0x00,0xEF,0x3D,0x63,0x0C,0x63,0x0C,0x63,0x0C,0x63,0x0C,0x63,0x0C,0x63,0x0C,
	0x4A,0x29,0x63,0x0C,0x63,0x0C,0x63,0x0C,0x63,0x0C,0x63,0x0C,0x63,0x0C,0xEF,0x3D,

	0x00,0x00,0x84,0x10,0x84,0x10,0x00,0x00,0x00,0x00,0xFF,0x7F,0xFF,0x7F,0x00,0x00,
	0x00,0x00,0xFF,0x7F,0xFF,0x7F,0x00,0x00,0x00,0x00,0x00,0x00,0x00,0x00,0xFF,0x7F,
	0xFF,0x7F,0xFF,0x7F,0xFF,0x7F,0xFF,0x7F,0xFF,0x7F,0xFF,0x7F,0xFF,0x7F,0xFF,0x7F,
	0xFF,0x7F,0x00,0x00,0x00,0x00,0x00,0x00,0x00,0x00,0xFF,0x7F,0xFF,0x7F,0x00,0x00,
	0x00,0x00,0xFF,0x7F,0xFF,0x7F,0x00,0x00,0x00,0x00,0xFF,0x7F,0xFF,0x7F,0xFF,0x7F,
	0xFF,0x7F,0xFF,0x7F,0xFF,0x7F,0x00,0x00,0x00,0x00,0xFF,0x7F,0xFF,0x7F,0x00,0x00,
	0x00,0x00,0xFF,0x7F,0xFF,0x7F,0x00,0x00,0x00,0x00,0x00,0x00,0x00,0x00,0xFF,0x7F,
	0xFF,0x7F,0x00,0x00,0x00,0x00,0xFF,0x7F,0xFF,0x7F,0x00,0x00,0x00,0x00,0x00,0x00,

	0x00,0x00,0xFF,0x7F,0xFF,0x7F,0x00,0x00,0x00,0x00,0xFF,0x7F,0xFF,0x7F,0xFF,0x7F,
	0xFF,0x7F,0xFF,0x7F,0xFF,0x7F,0x00,0x00,0x00,0x00,0x84,0x10,0x84,0x10,0x00,0x00,
	0xEF,0x3D,0x63,0x0C,0x63,0x0C,0x63,0x0C,0x63,0x0C,0x63,0x0C,0x63,0x0C,0x63,0x0C,
	0x4A,0x29,0x63,0x0C,0x63,0x0C,0x63,0x0C,0x63,0x0C,0x63,0x0C,0x63,0x0C,0x63,0x0C,
	0x63,0x0C,0x63,0x0C,0x63,0x0C,0x63,0x0C,0x63,0x0C,0x63,0x0C,0x63,0x0C,0x63,0x0C,
	0x63,0x0C,0x63,0x0C,0x63,0x0C,0x63,0x0C,0x63,0x0C,0x63,0x0C,0x63,0x0C,0x63,0x0C,
	0x00,0x00,0x00,0x00,0x00,0x00,0x00,0x00,0x00,0x00,0x00,0x00,0x00,0x00,0x00,0x00,
	0x00,0x00,0x00,0x00,0x00,0x00,0x00,0x00,0x00,0x00,0x00,0x00,0x00,0x00,0x00,0x00,

	0x00,0x00,0x00,0x00,0x00,0x00,0x00,0x00,0x00,0x00,0x00,0x00,0x00,0x00,0x00,0x00,
	0x4A,0x29,0x00,0x00,0x00,0x00,0x00,0x00,0x00,0x00,0x00,0x00,0x00,0x00,0x00,0x00,
	0xEF,0x3D,0x00,0x00,0x84,0x10,0x84,0x10,0x00,0x00,0x00,0x00,0x00,0x00,0x00,0x00,
	0xFF,0x7F,0xFF,0x7F,0xFF,0x7F,0xFF,0x7F,0xFF,0x7F,0xFF,0x7F,0xFF,0x7F,0xFF,0x7F,
	0xFF,0x7F,0xFF,0x7F,0xFF,0x7F,0xFF,0x7F,0xFF,0x7F,0xFF,0x7F,0xFF,0x7F,0xFF,0x7F,
	0x00,0x00,0x00,0x00,0xFF,0x7F,0xFF,0x7F,0x00,0x00,0x00,0x00,0x00,0x00,0x00,0x00,
	0xFF,0x7F,0xFF,0x7F,0xFF,0x7F,0xFF,0x7F,0x00,0x00,0x00,0x00,0xFF,0x7F,0xFF,0x7F,
	0xFF,0x7F,0xFF,0x7F,0xFF,0x7F,0xFF,0x7F,0x00,0x00,0x00,0x00,0x00,0x00,0x00,0x00,

	0x00,0x00,0x00,0x00,0xFF,0x7F,0xFF,0x7F,0xFF,0x7F,0xFF,0x7F,0xFF,0x7F,0xFF,0x7F,
	0xFF,0x7F,0xFF,0x7F,0xFF,0x7F,0xFF,0x7F,0x00,0x00,0x00,0x00,0x00,0x00,0x00,0x00,
	0xFF,0x7F,0xFF,0x7F,0xFF,0x7F,0xFF,0x7F,0xFF,0x7F,0xFF,0x7F,0x00,0x00,0x00,0x00,
	0xFF,0x7F,0xFF,0x7F,0xFF,0x7F,0xFF,0x7F,0x00,0x00,0x00,0x00,0x84,0x10,0x84,0x10,
	0x00,0x00,0xEF,0x3D,0x00,0x00,0x00,0x00,0x00,0x00,0x00,0x00,0x00,0x00,0x00,0x00,
	0x4A,0x29,0x00,0x00,0x00,0x00,0x00,0x00,0x00,0x00,0x00,0x00,0x00,0x00,0xEF,0x3D,
	0x00,0x00,0x84,0x10,0x84,0x10,0x00,0x00,0x00,0x00,0xFF,0x7F,0xFF,0x7F,0x00,0x00,
	0x00,0x00,0xFF,0x7F,0xFF,0x7F,0x00,0x00,0x00,0x00,0x00,0x00,0x00,0x00,0xFF,0x7F,

	0xFF,0x7F,0xFF,0x7F,0xFF,0x7F,0xFF,0x7F,0xFF,0x7F,0xFF,0x7F,0xFF,0x7F,0xFF,0x7F,
	0xFF,0x7F,0x00,0x00,0x00,0x00,0x00,0x00,0x00,0x00,0xFF,0x7F,0xFF,0x7F,0x00,0x00,
	0x00,0x00,0xFF,0x7F,0xFF,0x7F,0x00,0x00,0x00,0x00,0xFF,0x7F,0xFF,0x7F,0xFF,0x7F,
	0xFF,0x7F,0xFF,0x7F,0xFF,0x7F,0x00,0x00,0x00,0x00,0xFF,0x7F,0xFF,0x7F,0x00,0x00,
	0x00,0x00,0xFF,0x7F,0xFF,0x7F,0x00,0x00,0x00,0x00,0x00,0x00,0x00,0x00,0xFF,0x7F,
	0xFF,0x7F,0x00,0x00,0x00,0x00,0xFF,0x7F,0xFF,0x7F,0x00,0x00,0x00,0x00,0x00,0x00,
	0x00,0x00,0xFF,0x7F,0xFF,0x7F,0x00,0x00,0x00,0x00,0xFF,0x7F,0xFF,0x7F,0xFF,0x7F,
	0xFF,0x7F,0xFF,0x7F,0xFF,0x7F,0x00,0x00,0x00,0x00,0x84,0x10,0x84,0x10,0x00,0x00,

	0xEF,0x3D,0x00,0x00,0x00,0x00,0x00,0x00,0x00,0x00,0x00,0x00,0x00,0x00,0x00,0x00,
	0x4A,0x29,0x00,0x00,0x00,0x00,0x00,0x00,0x00,0x00,0x00,0x00,0x00,0x00,0x00,0x00,
	0x00,0x00,0x00,0x00,0x00,0x00,0x00,0x00,0x00,0x00,0x00,0x00,0x00,0x00,0x00,0x00,
	0x00,0x00,0x00,0x00,0x00,0x00,0x00,0x00,0x00,0x00,0x00,0x00,0x00,0x00,0x00,0x00,
	0x63,0x0C,0x63,0x0C,0x63,0x0C,0x63,0x0C,0x63,0x0C,0x63,0x0C,0x63,0x0C,0x63,0x0C,
	0x63,0x0C,0x63,0x0C,0x63,0x0C,0x63,0x0C,0x63,0x0C,0x63,0x0C,0x63,0x0C,0x63,0x0C,
	0x63,0x0C,0x63,0x0C,0x63,0x0C,0x63,0x0C,0x63,0x0C,0x63,0x0C,0x63,0x0C,0x63,0x0C,
	0x4A,0x29,0x63,0x0C,0x63,0x0C,0x63,0x0C,0x63,0x0C,0x63,0x0C,0x63,0x0C,0x63,0x0C,

	0xEF,0x3D,0x00,0x00,0x84,0x10,0x84,0x10,0xFF,0x7F,0xFF,0x7F,0x00,0x00,0x00,0x00,
	0xFF,0x7F,0xFF,0x7F,0xFF,0x7F,0xFF,0x7F,0xFF,0x7F,0xFF,0x7F,0xFF,0x7F,0xFF,0x7F,
	0x00,0x00,0x00,0x00,0xFF,0x7F,0xFF,0x7F,0xFF,0x7F,0xFF,0x7F,0x00,0x00,0x00,0x00,
	0xFF,0x7F,0xFF,0x7F,0x00,0x00,0x00,0x00,0xFF,0x7F,0xFF,0x7F,0xFF,0x7F,0xFF,0x7F,
	0xFF,0x7F,0xFF,0x7F,0xFF,0x7F,0xFF,0x7F,0xFF,0x7F,0xFF,0x7F,0xFF,0x7F,0xFF,0x7F,
	0xFF,0x7F,0xFF,0x7F,0xFF,0x7F,0xFF,0x7F,0x00,0x00,0x00,0x00,0xFF,0x7F,0xFF,0x7F,
	0x00,0x00,0x00,0x00,0xFF,0x7F,0xFF,0x7F,0xFF,0x7F,0xFF,0x7F,0x00,0x00,0x00,0x00,
	0xFF,0x7F,0xFF,0x7F,0x00,0x00,0x00,0x00,0xFF,0x7F,0xFF,0x7F,0xFF,0x7F,0xFF,0x7F,

	0xFF,0x7F,0xFF,0x7F,0x00,0x00,0x00,0x00,0xFF,0x7F,0xFF,0x7F,0xFF,0x7F,0xFF,0x7F,
	0x00,0x00,0x00,0x00,0x00,0x00,0x00,0x00,0xFF,0x7F,0xFF,0x7F,0x84,0x10,0x84,0x10,
	0x00,0x00,0xEF,0x3D,0x63,0x0C,0x63,0x0C,0x63,0x0C,0x63,0x0C,0x63,0x0C,0x63,0x0C,
	0x4A,0x29,0x63,0x0C,0x63,0x0C,0x63,0x0C,0x63,0x0C,0x63,0x0C,0x63,0x0C,0xEF,0x3D,
	0x00,0x00,0x84,0x10,0x84,0x10,0xFF,0x7F,0xFF,0x7F,0xFF,0x7F,0xFF,0x7F,0xFF,0x7F,
	0xFF,0x7F,0x00,0x00,0x00,0x00,0x00,0x00,0x00,0x00,0xFF,0x7F,0xFF,0x7F,0x00,0x00,
	0x00,0x00,0xFF,0x7F,0xFF,0x7F,0xFF,0x7F,0xFF,0x7F,0xFF,0x7F,0xFF,0x7F,0x00,0x00,
	0x00,0x00,0xFF,0x7F,0xFF,0x7F,0xFF,0x7F,0xFF,0x7F,0x00,0x00,0x00,0x00,0xFF,0x7F,

	0xFF,0x7F,0xFF,0x7F,0xFF,0x7F,0x00,0x00,0x00,0x00,0xFF,0x7F,0xFF,0x7F,0x00,0x00,
	0x00,0x00,0x00,0x00,0x00,0x00,0xFF,0x7F,0xFF,0x7F,0xFF,0x7F,0xFF,0x7F,0xFF,0x7F,
	0xFF,0x7F,0xFF,0x7F,0xFF,0x7F,0x00,0x00,0x00,0x00,0xFF,0x7F,0xFF,0x7F,0x00,0x00,
	0x00,0x00,0xFF,0x7F,0xFF,0x7F,0x00,0x00,0x00,0x00,0x00,0x00,0x00,0x00,0x00,0x00,
	0x00,0x00,0x00,0x00,0x00,0x00,0xFF,0x7F,0xFF,0x7F,0x00,0x00,0x00,0x00,0x00,0x00,
	0x00,0x00,0x00,0x00,0x00,0x00,0x00,0x00,0x00,0x00,0x84,0x10,0x84,0x10,0x00,0x00,
	0xEF,0x3D,0x63,0x0C,0x63,0x0C,0x63,0x0C,0x63,0x0C,0x63,0x0C,0x63,0x0C,0x63,0x0C,
	0x4A,0x29,0x63,0x0C,0x63,0x0C,0x63,0x0C,0x63,0x0C,0x63,0x0C,0x63,0x0C,0x63,0x0C,

	0x63,0x0C,0x63,0x0C,0x63,0x0C,0x63,0x0C,0x63,0x0C,0x63,0x0C,0x63,0x0C,0x63,0x0C,
	0x63,0x0C,0x63,0x0C,0x63,0x0C,0x63,0x0C,0x63,0x0C,0x63,0x0C,0x63,0x0C,0x63,0x0C,
	0x00,0x00,0x00,0x00,0x00,0x00,0x00,0x00,0x00,0x00,0x00,0x00,0x00,0x00,0x00,0x00,
	0x00,0x00,0x00,0x00,0x00,0x00,0x00,0x00,0x00,0x00,0x00,0x00,0x00,0x00,0x00,0x00,
	0x00,0x00,0x00,0x00,0x00,0x00,0x00,0x00,0x00,0x00,0x00,0x00,0x00,0x00,0x00,0x00,
	0x4A,0x29,0x00,0x00,0x00,0x00,0x00,0x00,0x00,0x00,0x00,0x00,0x00,0x00,0x00,0x00,
	0xEF,0x3D,0x00,0x00,0x84,0x10,0x84,0x10,0xFF,0x7F,0xFF,0x7F,0x00,0x00,0x00,0x00,
	0xFF,0x7F,0xFF,0x7F,0xFF,0x7F,0xFF,0x7F,0xFF,0x7F,0xFF,0x7F,0xFF,0x7F,0xFF,0x7F,

	0x00,0x00,0x00,0x00,0xFF,0x7F,0xFF,0x7F,0xFF,0x7F,0xFF,0x7F,0x00,0x00,0x00,0x00,
	0xFF,0x7F,0xFF,0x7F,0x00,0x00,0x00,0x00,0xFF,0x7F,0xFF,0x7F,0xFF,0x7F,0xFF,0x7F,
	0xFF,0x7F,0xFF,0x7F,0xFF,0x7F,0xFF,0x7F,0xFF,0x7F,0xFF,0x7F,0xFF,0x7F,0xFF,0x7F,
	0xFF,0x7F,0xFF,0x7F,0xFF,0x7F,0xFF,0x7F,0x00,0x00,0x00,0x00,0xFF,0x7F,0xFF,0x7F,
	0x00,0x00,0x00,0x00,0xFF,0x7F,0xFF,0x7F,0xFF,0x7F,0xFF,0x7F,0x00,0x00,0x00,0x00,
	0xFF,0x7F,0xFF,0x7F,0x00,0x00,0x00,0x00,0xFF,0x7F,0xFF,0x7F,0xFF,0x7F,0xFF,0x7F,
	0xFF,0x7F,0xFF,0x7F,0x00,0x00,0x00,0x00,0xFF,0x7F,0xFF,0x7F,0xFF,0x7F,0xFF,0x7F,
	0x00,0x00,0x00,0x00,0x00,0x00,0x00,0x00,0xFF,0x7F,0xFF,0x7F,0x84,0x10,0x84,0x10,

	0x00,0x00,0xEF,0x3D,0x00,0x00,0x00,0x00,0x00,0x00,0x00,0x00,0x00,0x00,0x00,0x00,
	0x4A,0x29,0x00,0x00,0x00,0x00,0x00,0x00,0x00,0x00,0x00,0x00,0x00,0x00,0xEF,0x3D,
	0x00,0x00,0x84,0x10,0x84,0x10,0xFF,0x7F,0xFF,0x7F,0xFF,0x7F,0xFF,0x7F,0xFF,0x7F,
	0xFF,0x7F,0x00,0x00,0x00,0x00,0x00,0x00,0x00,0x00,0xFF,0x7F,0xFF,0x7F,0x00,0x00,
	0x00,0x00,0xFF,0x7F,0xFF,0x7F,0xFF,0x7F,0xFF,0x7F,0xFF,0x7F,0xFF,0x7F,0x00,0x00,
	0x00,0x00,0xFF,0x7F,0xFF,0x7F,0xFF,0x7F,0xFF,0x7F,0x00,0x00,0x00,0x00,0xFF,0x7F,
	0xFF,0x7F,0xFF,0x7F,0xFF,0x7F,0x00,0x00,0x00,0x00,0xFF,0x7F,0xFF,0x7F,0x00,0x00,
	0x00,0x00,0x00,0x00,0x00,0x00,0xFF,0x7F,0xFF,0x7F,0xFF,0x7F,0xFF,0x7F,0xFF,0x7F,

	0xFF,0x7F,0xFF,0x7F,0xFF,0x7F,0x00,0x00,0x00,0x00,0xFF,0x7F,0xFF,0x7F,0x00,0x00,
	0x00,0x00,0xFF,0x7F,0xFF,0x7F,0x00,0x00,0x00,0x00,0x00,0x00,0x00,0x00,0x00,0x00,
	0x00,0x00,0x00,0x00,0x00,0x00,0xFF,0x7F,0xFF,0x7F,0x00,0x00,0x00,0x00,0x00,0x00,
	0x00,0x00,0x00,0x00,0x00,0x00,0x00,0x00,0x00,0x00,0x84,0x10,0x84,0x10,0x00,0x00,
	0xEF,0x3D,0x00,0x00,0x00,0x00,0x00,0x00,0x00,0x00,0x00,0x00,0x00,0x00,0x00,0x00,
	0x4A,0x29,0x00,0x00,0x00,0x00,0x00,0x00,0x00,0x00,0x00,0x00,0x00,0x00,0x00,0x00,
	0x00,0x00,0x00,0x00,0x00,0x00,0x00,0x00,0x00,0x00,0x00,0x00,0x00,0x00,0x00,0x00,
	0x00,0x00,0x00,0x00,0x00,0x00,0x00,0x00,0x00,0x00,0x00,0x00,0x00,0x00,0x00,0x00,

	0x63,0x0C,0x63,0x0C,0x63,0x0C,0x63,0x0C,0x63,0x0C,0x63,0x0C,0x63,0x0C,0x63,0x0C,
	0x63,0x0C,0x63,0x0C,0x63,0x0C,0x63,0x0C,0x63,0x0C,0x63,0x0C,0x63,0x0C,0x63,0x0C,
	0x63,0x0C,0x63,0x0C,0x63,0x0C,0x63,0x0C,0x63,0x0C,0x63,0x0C,0x63,0x0C,0x63,0x0C,
	0x4A,0x29,0x63,0x0C,0x63,0x0C,0x63,0x0C,0x63,0x0C,0x63,0x0C,0x63,0x0C,0x63,0x0C,
	0xEF,0x3D,0x00,0x00,0x84,0x10,0x84,0x10,0xFF,0x7F,0xFF,0x7F,0xFF,0x7F,0xFF,0x7F,
	0x00,0x00,0x00,0x00,0x00,0x00,0x00,0x00,0x00,0x00,0x00,0x00,0xFF,0x7F,0xFF,0x7F,
	0xFF,0x7F,0xFF,0x7F,0xFF,0x7F,0xFF,0x7F,0xFF,0x7F,0xFF,0x7F,0x00,0x00,0x00,0x00,
	0xFF,0x7F,0xFF,0x7F,0xFF,0x7F,0xFF,0x7F,0x00,0x00,0x00,0x00,0x00,0x00,0x00,0x00,

	0xFF,0x7F,0xFF,0x7F,0x00,0x00,0x00,0x00,0xFF,0x7F,0xFF,0x7F,0xFF,0x7F,0xFF,0x7F,
	0x00,0x00,0x00,0x00,0xFF,0x7F,0xFF,0x7F,0xFF,0x7F,0xFF,0x7F,0xFF,0x7F,0xFF,0x7F,
	0x00,0x00,0x00,0x00,0x00,0x00,0x00,0x00,0xFF,0x7F,0xFF,0x7F,0x00,0x00,0x00,0x00,
	0xFF,0x7F,0xFF,0x7F,0x00,0x00,0x00,0x00,0x00,0x00,0x00,0x00,0xFF,0x7F,0xFF,0x7F,
	0x00,0x00,0x00,0x00,0x00,0x00,0x00,0x00,0xFF,0x7F,0xFF,0x7F,0x00,0x00,0x00,0x00,
	0xFF,0x7F,0xFF,0x7F,0x00,0x00,0x00,0x00,0x00,0x00,0x00,0x00,0x84,0x10,0x84,0x10,
	0x00,0x00,0xEF,0x3D,0x63,0x0C,0x63,0x0C,0x63,0x0C,0x63,0x0C,0x63,0x0C,0x63,0x0C,
	0x4A,0x29,0x63,0x0C,0x63,0x0C,0x63,0x0C,0x63,0x0C,0x63,0x0C,0x63,0x0C,0xEF,0x3D,

	0x00,0x00,0x84,0x10,0x84,0x10,0xFF,0x7F,0xFF,0x7F,0xFF,0x7F,0xFF,0x7F,0xFF,0x7F,
	0xFF,0x7F,0x00,0x00,0x00,0x00,0xFF,0x7F,0xFF,0x7F,0x00,0x00,0x00,0x00,0xFF,0x7F,
	0xFF,0x7F,0x00,0x00,0x00,0x00,0xFF,0x7F,0xFF,0x7F,0x00,0x00,0x00,0x00,0x00,0x00,
	0x00,0x00,0xFF,0x7F,0xFF,0x7F,0x00,0x00,0x00,0x00,0xFF,0x7F,0xFF,0x7F,0xFF,0x7F,
	0xFF,0x7F,0x00,0x00,0x00,0x00,0xFF,0x7F,0xFF,0x7F,0xFF,0x7F,0xFF,0x7F,0x00,0x00,
	0x00,0x00,0x00,0x00,0x00,0x00,0xFF,0x7F,0xFF,0x7F,0x00,0x00,0x00,0x00,0xFF,0x7F,
	0xFF,0x7F,0x00,0x00,0x00,0x00,0xFF,0x7F,0xFF,0x7F,0x00,0x00,0x00,0x00,0x00,0x00,
	0x00,0x00,0xFF,0x7F,0xFF,0x7F,0x00,0x00,0x00,0x00,0xFF,0x7F,0xFF,0x7F,0x00,0x00,

	0x00,0x00,0xFF,0x7F,0xFF,0x7F,0x00,0x00,0x00,0x00,0xFF,0x7F,0xFF,0x7F,0x00,0x00,
	0x00,0x00,0xFF,0x7F,0xFF,0x7F,0x00,0x00,0x00,0x00,0x84,0x10,0x84,0x10,0x00,0x00,
	0xEF,0x3D,0x63,0x0C,0x63,0x0C,0x63,0x0C,0x63,0x0C,0x63,0x0C,0x63,0x0C,0x63,0x0C,
	0x4A,0x29,0x63,0x0C,0x63,0x0C,0x63,0x0C,0x63,0x0C,0x63,0x0C,0x63,0x0C,0x63,0x0C,
	0x63,0x0C,0x63,0x0C,0x63,0x0C,0x63,0x0C,0x63,0x0C,0x63,0x0C,0x63,0x0C,0x63,0x0C,
	0x63,0x0C,0x63,0x0C,0x63,0x0C,0x63,0x0C,0x63,0x0C,0x63,0x0C,0x63,0x0C,0x63,0x0C,
	0x00,0x00,0x00,0x00,0x00,0x00,0x00,0x00,0x00,0x00,0x00,0x00,0x00,0x00,0x00,0x00,
	0x00,0x00,0x00,0x00,0x00,0x00,0x00,0x00,0x00,0x00,0x00,0x00,0x00,0x00,0x00,0x00,

	0x00,0x00,0x00,0x00,0x00,0x00,0x00,0x00,0x00,0x00,0x00,0x00,0x00,0x00,0x00,0x00,
	0x4A,0x29,0x00,0x00,0x00,0x00,0x00,0x00,0x00,0x00,0x00,0x00,0x00,0x00,0x00,0x00,
	0xEF,0x3D,0x00,0x00,0x84,0x10,0x84,0x10,0xFF,0x7F,0xFF,0x7F,0xFF,0x7F,0xFF,0x7F,
	0x00,0x00,0x00,0x00,0x00,0x00,0x00,0x00,0x00,0x00,0x00,0x00,0xFF,0x7F,0xFF,0x7F,
	0xFF,0x7F,0xFF,0x7F,0xFF,0x7F,0xFF,0x7F,0xFF,0x7F,0xFF,0x7F,0x00,0x00,0x00,0x00,
	0xFF,0x7F,0xFF,0x7F,0xFF,0x7F,0xFF,0x7F,0x00,0x00,0x00,0x00,0x00,0x00,0x00,0x00,
	0xFF,0x7F,0xFF,0x7F,0x00,0x00,0x00,0x00,0xFF,0x7F,0xFF,0x7F,0xFF,0x7F,0xFF,0x7F,
	0x00,0x00,0x00,0x00,0xFF,0x7F,0xFF,0x7F,0xFF,0x7F,0xFF,0x7F,0xFF,0x7F,0xFF,0x7F,

	0x00,0x00,0x00,0x00,0x00,0x00,0x00,0x00,0xFF,0x7F,0xFF,0x7F,0x00,0x00,0x00,0x00,
	0xFF,0x7F,0xFF,0x7F,0x00,0x00,0x00,0x00,0x00,0x00,0x00,0x00,0xFF,0x7F,0xFF,0x7F,
	0x00,0x00,0x00,0x00,0x00,0x00,0x00,0x00,0xFF,0x7F,0xFF,0x7F,0x00,0x00,0x00,0x00,
	0xFF,0x7F,0xFF,0x7F,0x00,0x00,0x00,0x00,0x00,0x00,0x00,0x00,0x84,0x10,0x84,0x10,
	0x00,0x00,0xEF,0x3D,0x00,0x00,0x00,0x00,0x00,0x00,0x00,0x00,0x00,0x00,0x00,0x00,
	0x4A,0x29,0x00,0x00,0x00,0x00,0x00,0x00,0x00,0x00,0x00,0x00,0x00,0x00,0xEF,0x3D,
	0x00,0x00,0x84,0x10,0x84,0x10,0xFF,0x7F,0xFF,0x7F,0xFF,0x7F,0xFF,0x7F,0xFF,0x7F,
	0xFF,0x7F,0x00,0x00,0x00,0x00,0xFF,0x7F,0xFF,0x7F,0x00,0x00,0x00,0x00,0xFF,0x7F,

	0xFF,0x7F,0x00,0x00,0x00,0x00,0xFF,0x7F,0xFF,0x7F,0x00,0x00,0x00,0x00,0x00,0x00,
	0x00,0x00,0xFF,0x7F,0xFF,0x7F,0x00,0x00,0x00,0x00,0xFF,0x7F,0xFF,0x7F,0xFF,0x7F,
	0xFF,0x7F,0x00,0x00,0x00,0x00,0xFF,0x7F,0xFF,0x7F,0xFF,0x7F,0xFF,0x7F,0x00,0x00,
	0x00,0x00,0x00,0x00,0x00,0x00,0xFF,0x7F,0xFF,0x7F,0x00,0x00,0x00,0x00,0xFF,0x7F,
	0xFF,0x7F,0x00,0x00,0x00,0x00,0xFF,0x7F,0xFF,0x7F,0x00,0x00,0x00,0x00,0x00,0x00,
	0x00,0x00,0xFF,0x7F,0xFF,0x7F,0x00,0x00,0x00,0x00,0xFF,0x7F,0xFF,0x7F,0x00,0x00,
	0x00,0x00,0xFF,0x7F,0xFF,0x7F,0x00,0x00,0x00,0x00,0xFF,0x7F,0xFF,0x7F,0x00,0x00,
	0x00,0x00,0xFF,0x7F,0xFF,0x7F,0x00,0x00,0x00,0x00,0x84,0x10,0x84,0x10,0x00,0x00,

	0xEF,0x3D,0x00,0x00,0x00,0x00,0x00,0x00,0x00,0x00,0x00,0x00,0x00,0x00,0x00,0x00,
	0x4A,0x29,0x00,0x00,0x00,0x00,0x00,0x00,0x00,0x00,0x00,0x00,0x00,0x00,0x00,0x00,
	0x00,0x00,0x00,0x00,0x00,0x00,0x00,0x00,0x00,0x00,0x00,0x00,0x00,0x00,0x00,0x00,
	0x00,0x00,0x00,0x00,0x00,0x00,0x00,0x00,0x00,0x00,0x00,0x00,0x00,0x00,0x00,0x00,
	0x63,0x0C,0x63,0x0C,0x63,0x0C,0x63,0x0C,0x63,0x0C,0x63,0x0C,0x63,0x0C,0x63,0x0C,
	0x63,0x0C,0x63,0x0C,0x63,0x0C,0x63,0x0C,0x63,0x0C,0x63,0x0C,0x63,0x0C,0x63,0x0C,
	0x63,0x0C,0x63,0x0C,0x63,0x0C,0x63,0x0C,0x63,0x0C,0x63,0x0C,0x63,0x0C,0x63,0x0C,
	0x4A,0x29,0x63,0x0C,0x63,0x0C,0x63,0x0C,0x63,0x0C,0x63,0x0C,0x63,0x0C,0x63,0x0C,

	0xEF,0x3D,0x00,0x00,0x84,0x10,0x84,0x10,0xFF,0x7F,0xFF,0x7F,0xFF,0x7F,0xFF,0x7F,
	0xFF,0x7F,0xFF,0x7F,0xFF,0x7F,0xFF,0x7F,0x00,0x00,0x00,0x00,0x00,0x00,0x00,0x00,
	0x00,0x00,0x00,0x00,0x00,0x00,0x00,0x00,0x00,0x00,0x00,0x00,0xFF,0x7F,0xFF,0x7F,
	0xFF,0x7F,0xFF,0x7F,0x00,0x00,0x00,0x00,0x00,0x00,0x00,0x00,0xFF,0x7F,0xFF,0x7F,
	0xFF,0x7F,0xFF,0x7F,0x00,0x00,0x00,0x00,0xFF,0x7F,0xFF,0x7F,0x00,0x00,0x00,0x00,
	0x00,0x00,0x00,0x00,0xFF,0x7F,0xFF,0x7F,0x00,0x00,0x00,0x00,0x00,0x00,0x00,0x00,
	0x00,0x00,0x00,0x00,0xFF,0x7F,0xFF,0x7F,0xFF,0x7F,0xFF,0x7F,0xFF,0x7F,0xFF,0x7F,
	0x00,0x00,0x00,0x00,0x00,0x00,0x00,0x00,0x00,0x00,0x00,0x00,0xFF,0x7F,0xFF,0x7F,

	0xFF,0x7F,0xFF,0x7F,0xFF,0x7F,0xFF,0x7F,0xFF,0x7F,0xFF,0x7F,0xFF,0x7F,0xFF,0x7F,
	0x00,0x00,0x00,0x00,0x00,0x00,0x00,0x00,0x00,0x00,0x00,0x00,0x84,0x10,0x84,0x10,
	0x00,0x00,0xEF,0x3D,0x63,0x0C,0x63,0x0C,0x63,0x0C,0x63,0x0C,0x63,0x0C,0x63,0x0C,
	0x4A,0x29,0x63,0x0C,0x63,0x0C,0x63,0x0C,0x63,0x0C,0x63,0x0C,0x63,0x0C,0xEF,0x3D,
	0x00,0x00,0x84,0x10,0x84,0x10,0x00,0x00,0x00,0x00,0x00,0x00,0x00,0x00,0x00,0x00,
	0x00,0x00,0x00,0x00,0x00,0x00,0xFF,0x7F,0xFF,0x7F,0xFF,0x7F,0xFF,0x7F,0x00,0x00,
	0x00,0x00,0x00,0x00,0x00,0x00,0x00,0x00,0x00,0x00,0x00,0x00,0x00,0x00,0xFF,0x7F,
	0xFF,0x7F,0x00,0x00,0x00,0x00,0xFF,0x7F,0xFF,0x7F,0xFF,0x7F,0xFF,0x7F,0x00,0x00,

	0x00,0x00,0x00,0x00,0x00,0x00,0xFF,0x7F,0xFF,0x7F,0xFF,0x7F,0xFF,0x7F,0xFF,0x7F,
	0xFF,0x7F,0x00,0x00,0x00,0x00,0xFF,0x7F,0xFF,0x7F,0xFF,0x7F,0xFF,0x7F,0xFF,0x7F,
	0xFF,0x7F,0xFF,0x7F,0xFF,0x7F,0xFF,0x7F,0xFF,0x7F,0xFF,0x7F,0xFF,0x7F,0xFF,0x7F,
	0xFF,0x7F,0xFF,0x7F,0xFF,0x7F,0xFF,0x7F,0xFF,0x7F,0x00,0x00,0x00,0x00,0x00,0x00,
	0x00,0x00,0xFF,0x7F,0xFF,0x7F,0xFF,0x7F,0xFF,0x7F,0xFF,0x7F,0xFF,0x7F,0xFF,0x7F,
	0xFF,0x7F,0x00,0x00,0x00,0x00,0x00,0x00,0x00,0x00,0x84,0x10,0x84,0x10,0x00,0x00,
	0xEF,0x3D,0x63,0x0C,0x63,0x0C,0x63,0x0C,0x63,0x0C,0x63,0x0C,0x63,0x0C,0x63,0x0C,
	0x4A,0x29,0x63,0x0C,0x63,0x0C,0x63,0x0C,0x63,0x0C,0x63,0x0C,0x63,0x0C,0x63,0x0C,

	0x63,0x0C,0x63,0x0C,0x63,0x0C,0x63,0x0C,0x63,0x0C,0x63,0x0C,0x63,0x0C,0x63,0x0C,
	0x63,0x0C,0x63,0x0C,0x63,0x0C,0x63,0x0C,0x63,0x0C,0x63,0x0C,0x63,0x0C,0x63,0x0C,
	0x00,0x00,0x00,0x00,0x00,0x00,0x00,0x00,0x00,0x00,0x00,0x00,0x00,0x00,0x00,0x00,
	0x00,0x00,0x00,0x00,0x00,0x00,0x00,0x00,0x00,0x00,0x00,0x00,0x00,0x00,0x00,0x00,
	0x00,0x00,0x00,0x00,0x00,0x00,0x00,0x00,0x00,0x00,0x00,0x00,0x00,0x00,0x00,0x00,
	0x4A,0x29,0x00,0x00,0x00,0x00,0x00,0x00,0x00,0x00,0x00,0x00,0x00,0x00,0x00,0x00,
	0xEF,0x3D,0x00,0x00,0x84,0x10,0x84,0x10,0xFF,0x7F,0xFF,0x7F,0xFF,0x7F,0xFF,0x7F,
	0xFF,0x7F,0xFF,0x7F,0xFF,0x7F,0xFF,0x7F,0x00,0x00,0x00,0x00,0x00,0x00,0x00,0x00,

	0x00,0x00,0x00,0x00,0x00,0x00,0x00,0x00,0x00,0x00,0x00,0x00,0xFF,0x7F,0xFF,0x7F,
	0xFF,0x7F,0xFF,0x7F,0x00,0x00,0x00,0x00,0x00,0x00,0x00,0x00,0xFF,0x7F,0xFF,0x7F,
	0xFF,0x7F,0xFF,0x7F,0x00,0x00,0x00,0x00,0xFF,0x7F,0xFF,0x7F,0x00,0x00,0x00,0x00,
	0x00,0x00,0x00,0x00,0xFF,0x7F,0xFF,0x7F,0x00,0x00,0x00,0x00,0x00,0x00,0x00,0x00,
	0x00,0x00,0x00,0x00,0xFF,0x7F,0xFF,0x7F,0xFF,0x7F,0xFF,0x7F,0xFF,0x7F,0xFF,0x7F,
	0x00,0x00,0x00,0x00,0x00,0x00,0x00,0x00,0x00,0x00,0x00,0x00,0xFF,0x7F,0xFF,0x7F,
	0xFF,0x7F,0xFF,0x7F,0xFF,0x7F,0xFF,0x7F,0xFF,0x7F,0xFF,0x7F,0xFF,0x7F,0xFF,0x7F,
	0x00,0x00,0x00,0x00,0x00,0x00,0x00,0x00,0x00,0x00,0x00,0x00,0x84,0x10,0x84,0x10,

	0x00,0x00,0xEF,0x3D,0x00,0x00,0x00,0x00,0x00,0x00,0x00,0x00,0x00,0x00,0x00,0x00,
	0x4A,0x29,0x00,0x00,0x00,0x00,0x00,0x00,0x00,0x00,0x00,0x00,0x00,0x00,0xEF,0x3D,
	0x00,0x00,0x84,0x10,0x84,0x10,0x00,0x00,0x00,0x00,0x00,0x00,0x00,0x00,0x00,0x00,
	0x00,0x00,0x00,0x00,0x00,0x00,0xFF,0x7F,0xFF,0x7F,0xFF,0x7F,0xFF,0x7F,0x00,0x00,
	0x00,0x00,0x00,0x00,0x00,0x00,0x00,0x00,0x00,0x00,0x00,0x00,0x00,0x00,0xFF,0x7F,
	0xFF,0x7F,0x00,0x00,0x00,0x00,0xFF,0x7F,0xFF,0x7F,0xFF,0x7F,0xFF,0x7F,0x00,0x00,
	0x00,0x00,0x00,0x00,0x00,0x00,0xFF,0x7F,0xFF,0x7F,0xFF,0x7F,0xFF,0x7F,0xFF,0x7F,
	0xFF,0x7F,0x00,0x00,0x00,0x00,0xFF,0x7F,0xFF,0x7F,0xFF,0x7F,0xFF,0x7F,0xFF,0x7F,

	0xFF,0x7F,0xFF,0x7F,0xFF,0x7F,0xFF,0x7F,0xFF,0x7F,0xFF,0x7F,0xFF,0x7F,0xFF,0x7F,
	0xFF,0x7F,0xFF,0x7F,0xFF,0x7F,0xFF,0x7F,0xFF,0x7F,0x00,0x00,0x00,0x00,0x00,0x00,
	0x00,0x00,0xFF,0x7F,0xFF,0x7F,0xFF,0x7F,0xFF,0x7F,0xFF,0x7F,0xFF,0x7F,0xFF,0x7F,
	0xFF,0x7F,0x00,0x00,0x00,0x00,0x00,0x00,0x00,0x00,0x84,0x10,0x84,0x10,0x00,0x00,
	0xEF,0x3D,0x00,0x00,0x00,0x00,0x00,0x00,0x00,0x00,0x00,0x00,0x00,0x00,0x00,0x00,
	0x4A,0x29,0x00,0x00,0x00,0x00,0x00,0x00,0x00,0x00,0x00,0x00,0x00,0x00,0x00,0x00,
	0x00,0x00,0x00,0x00,0x00,0x00,0x00,0x00,0x00,0x00,0x00,0x00,0x00,0x00,0x00,0x00,
	0x00,0x00,0x00,0x00,0x00,0x00,0x00,0x00,0x00,0x00,0x00,0x00,0x00,0x00,0x00,0x00,

	0x63,0x0C,0x63,0x0C,0x63,0x0C,0x63,0x0C,0x63,0x0C,0x63,0x0C,0x63,0x0C,0x63,0x0C,
	0x63,0x0C,0x63,0x0C,0x63,0x0C,0x63,0x0C,0x63,0x0C,0x63,0x0C,0x63,0x0C,0x63,0x0C,
	0x63,0x0C,0x63,0x0C,0x63,0x0C,0x63,0x0C,0x63,0x0C,0x63,0x0C,0x63,0x0C,0x63,0x0C,
	0x4A,0x29,0x63,0x0C,0x63,0x0C,0x63,0x0C,0x63,0x0C,0x63,0x0C,0x63,0x0C,0x63,0x0C,
	0xEF,0x3D,0x00,0x00,0x84,0x10,0x84,0x10,0xFF,0x7F,0xFF,0x7F,0x00,0x00,0x00,0x00,
	0xFF,0x7F,0xFF,0x7F,0x00,0x00,0x00,0x00,0x00,0x00,0x00,0x00,0xFF,0x7F,0xFF,0x7F,
	0xFF,0x7F,0xFF,0x7F,0x00,0x00,0x00,0x00,0xFF,0x7F,0xFF,0x7F,0xFF,0x7F,0xFF,0x7F,
	0x00,0x00,0x00,0x00,0xFF,0x7F,0xFF,0x7F,0x00,0x00,0x00,0x00,0xFF,0x7F,0xFF,0x7F,

	0xFF,0x7F,0xFF,0x7F,0xFF,0x7F,0xFF,0x7F,0x00,0x00,0x00,0x00,0x00,0x00,0x00,0x00,
	0xFF,0x7F,0xFF,0x7F,0xFF,0x7F,0xFF,0x7F,0xFF,0x7F,0xFF,0x7F,0xFF,0x7F,0xFF,0x7F,
	0xFF,0x7F,0xFF,0x7F,0x00,0x00,0x00,0x00,0x00,0x00,0x00,0x00,0xFF,0x7F,0xFF,0x7F,
	0xFF,0x7F,0xFF,0x7F,0x00,0x00,0x00,0x00,0x00,0x00,0x00,0x00,0xFF,0x7F,0xFF,0x7F,
	0xFF,0x7F,0xFF,0x7F,0x00,0x00,0x00,0x00,0x00,0x00,0x00,0x00,0x00,0x00,0x00,0x00,
	0xFF,0x7F,0xFF,0x7F,0x00,0x00,0x00,0x00,0xFF,0x7F,0xFF,0x7F,0x84,0x10,0x84,0x10,
	0x00,0x00,0xEF,0x3D,0x63,0x0C,0x63,0x0C,0x63,0x0C,0x63,0x0C,0x63,0x0C,0x63,0x0C,
	0x4A,0x29,0x63,0x0C,0x63,0x0C,0x63,0x0C,0x63,0x0C,0x63,0x0C,0x63,0x0C,0xEF,0x3D,

	0x00,0x00,0x84,0x10,0x84,0x10,0x00,0x00,0x00,0x00,0x00,0x00,0x00,0x00,0xFF,0x7F,
	0xFF,0x7F,0xFF,0x7F,0xFF,0x7F,0xFF,0x7F,0xFF,0x7F,0xFF,0x7F,0xFF,0x7F,0xFF,0x7F,
	0xFF,0x7F,0xFF,0x7F,0xFF,0x7F,0x00,0x00,0x00,0x00,0x00,0x00,0x00,0x00,0x00,0x00,
	0x00,0x00,0xFF,0x7F,0xFF,0x7F,0x00,0x00,0x00,0x00,0xFF,0x7F,0xFF,0x7F,0x00,0x00,
	0x00,0x00,0xFF,0x7F,0xFF,0x7F,0x00,0x00,0x00,0x00,0xFF,0x7F,0xFF,0x7F,0x00,0x00,
	0x00,0x00,0x00,0x00,0x00,0x00,0xFF,0x7F,0xFF,0x7F,0xFF,0x7F,0xFF,0x7F,0xFF,0x7F,
	0xFF,0x7F,0xFF,0x7F,0xFF,0x7F,0xFF,0x7F,0xFF,0x7F,0xFF,0x7F,0xFF,0x7F,0x00,0x00,
	0x00,0x00,0x00,0x00,0x00,0x00,0x00,0x00,0x00,0x00,0xFF,0x7F,0xFF,0x7F,0xFF,0x7F,

	0xFF,0x7F,0xFF,0x7F,0xFF,0x7F,0x00,0x00,0x00,0x00,0xFF,0x7F,0xFF,0x7F,0x00,0x00,
	0x00,0x00,0xFF,0x7F,0xFF,0x7F,0xFF,0x7F,0xFF,0x7F,0x84,0x10,0x84,0x10,0x00,0x00,
	0xEF,0x3D,0x63,0x0C,0x63,0x0C,0x63,0x0C,0x63,0x0C,0x63,0x0C,0x63,0x0C,0x63,0x0C,
	0x4A,0x29,0x63,0x0C,0x63,0x0C,0x63,0x0C,0x63,0x0C,0x63,0x0C,0x63,0x0C,0x63,0x0C,
	0x63,0x0C,0x63,0x0C,0x63,0x0C,0x63,0x0C,0x63,0x0C,0x63,0x0C,0x63,0x0C,0x63,0x0C,
	0x63,0x0C,0x63,0x0C,0x63,0x0C,0x63,0x0C,0x63,0x0C,0x63,0x0C,0x63,0x0C,0x63,0x0C,
	0x00,0x00,0x00,0x00,0x00,0x00,0x00,0x00,0x00,0x00,0x00,0x00,0x00,0x00,0x00,0x00,
	0x00,0x00,0x00,0x00,0x00,0x00,0x00,0x00,0x00,0x00,0x00,0x00,0x00,0x00,0x00,0x00,

	0x00,0x00,0x00,0x00,0x00,0x00,0x00,0x00,0x00,0x00,0x00,0x00,0x00,0x00,0x00,0x00,
	0x4A,0x29,0x00,0x00,0x00,0x00,0x00,0x00,0x00,0x00,0x00,0x00,0x00,0x00,0x00,0x00,
	0xEF,0x3D,0x00,0x00,0x84,0x10,0x84,0x10,0xFF,0x7F,0xFF,0x7F,0x00,0x00,0x00,0x00,
	0xFF,0x7F,0xFF,0x7F,0x00,0x00,0x00,0x00,0x00,0x00,0x00,0x00,0xFF,0x7F,0xFF,0x7F,
	0xFF,0x7F,0xFF,0x7F,0x00,0x00,0x00,0x00,0xFF,0x7F,0xFF,0x7F,0xFF,0x7F,0xFF,0x7F,
	0x00,0x00,0x00,0x00,0xFF,0x7F,0xFF,0x7F,0x00,0x00,0x00,0x00,0xFF,0x7F,0xFF,0x7F,
	0xFF,0x7F,0xFF,0x7F,0xFF,0x7F,0xFF,0x7F,0x00,0x00,0x00,0x00,0x00,0x00,0x00,0x00,
	0xFF,0x7F,0xFF,0x7F,0xFF,0x7F,0xFF,0x7F,0xFF,0x7F,0xFF,0x7F,0xFF,0x7F,0xFF,0x7F,

	0xFF,0x7F,0xFF,0x7F,0x00,0x00,0x00,0x00,0x00,0x00,0x00,0x00,0xFF,0x7F,0xFF,0x7F,
	0xFF,0x7F,0xFF,0x7F,0x00,0x00,0x00,0x00,0x00,0x00,0x00,0x00,0xFF,0x7F,0xFF,0x7F,
	0xFF,0x7F,0xFF,0x7F,0x00,0x00,0x00,0x00,0x00,0x00,0x00,0x00,0x00,0x00,0x00,0x00,
	0xFF,0x7F,0xFF,0x7F,0x00,0x00,0x00,0x00,0xFF,0x7F,0xFF,0x7F,0x84,0x10,0x84,0x10,
	0x00,0x00,0xEF,0x3D,0x00,0x00,0x00,0x00,0x00,0x00,0x00,0x00,0x00,0x00,0x00,0x00,
	0x4A,0x29,0x00,0x00,0x00,0x00,0x00,0x00,0x00,0x00,0x00,0x00,0x00,0x00,0xEF,0x3D,
	0x00,0x00,0x84,0x10,0x84,0x10,0x00,0x00,0x00,0x00,0x00,0x00,0x00,0x00,0xFF,0x7F,
	0xFF,0x7F,0xFF,0x7F,0xFF,0x7F,0xFF,0x7F,0xFF,0x7F,0xFF,0x7F,0xFF,0x7F,0xFF,0x7F,

	0xFF,0x7F,0xFF,0x7F,0xFF,0x7F,0x00,0x00,0x00,0x00,0x00,0x00,0x00,0x00,0x00,0x00,
	0x00,0x00,0xFF,0x7F,0xFF,0x7F,0x00,0x00,0x00,0x00,0xFF,0x7F,0xFF,0x7F,0x00,0x00,
	0x00,0x00,0xFF,0x7F,0xFF,0x7F,0x00,0x00,0x00,0x00,0xFF,0x7F,0xFF,0x7F,0x00,0x00,
	0x00,0x00,0x00,0x00,0x00,0x00,0xFF,0x7F,0xFF,0x7F,0xFF,0x7F,0xFF,0x7F,0xFF,0x7F,
	0xFF,0x7F,0xFF,0x7F,0xFF,0x7F,0xFF,0x7F,0xFF,0x7F,0xFF,0x7F,0xFF,0x7F,0x00,0x00,
	0x00,0x00,0x00,0x00,0x00,0x00,0x00,0x00,0x00,0x00,0xFF,0x7F,0xFF,0x7F,0xFF,0x7F,
	0xFF,0x7F,0xFF,0x7F,0xFF,0x7F,0x00,0x00,0x00,0x00,0xFF,0x7F,0xFF,0x7F,0x00,0x00,
	0x00,0x00,0xFF,0x7F,0xFF,0x7F,0xFF,0x7F,0xFF,0x7F,0x84,0x10,0x84,0x10,0x00,0x00,

	0xEF,0x3D,0x00,0x00,0x00,0x00,0x00,0x00,0x00,0x00,0x00,0x00,0x00,0x00,0x00,0x00,
	0x4A,0x29,0x00,0x00,0x00,0x00,0x00,0x00,0x00,0x00,0x00,0x00,0x00,0x00,0x00,0x00,
	0x00,0x00,0x00,0x00,0x00,0x00,0x00,0x00,0x00,0x00,0x00,0x00,0x00,0x00,0x00,0x00,
	0x00,0x00,0x00,0x00,0x00,0x00,0x00,0x00,0x00,0x00,0x00,0x00,0x00,0x00,0x00,0x00,
	0x63,0x0C,0x63,0x0C,0x63,0x0C,0x63,0x0C,0x63,0x0C,0x63,0x0C,0x63,0x0C,0x63,0x0C,
	0x63,0x0C,0x63,0x0C,0x63,0x0C,0x63,0x0C,0x63,0x0C,0x63,0x0C,0x63,0x0C,0x63,0x0C,
	0x63,0x0C,0x63,0x0C,0x63,0x0C,0x63,0x0C,0x63,0x0C,0x63,0x0C,0x63,0x0C,0x63,0x0C,
	0x4A,0x29,0x63,0x0C,0x63,0x0C,0x63,0x0C,0x63,0x0C,0x63,0x0C,0x63,0x0C,0x63,0x0C,

	0xEF,0x3D,0x00,0x00,0x84,0x10,0x84,0x10,0x00,0x00,0x00,0x00,0xFF,0x7F,0xFF,0x7F,
	0x00,0x00,0x00,0x00,0xFF,0x7F,0xFF,0x7F,0x00,0x00,0x00,0x00,0x00,0x00,0x00,0x00,
	0x00,0x00,0x00,0x00,0x00,0x00,0x00,0x00,0x00,0x00,0x00,0x00,0xFF,0x7F,0xFF,0x7F,
	0xFF,0x7F,0xFF,0x7F,0x00,0x00,0x00,0x00,0x00,0x00,0x00,0x00,0x00,0x00,0x00,0x00,
	0xFF,0x7F,0xFF,0x7F,0xFF,0x7F,0xFF,0x7F,0x00,0x00,0x00,0x00,0x00,0x00,0x00,0x00,
	0xFF,0x7F,0xFF,0x7F,0x00,0x00,0x00,0x00,0xFF,0x7F,0xFF,0x7F,0xFF,0x7F,0xFF,0x7F,
	0xFF,0x7F,0xFF,0x7F,0xFF,0x7F,0xFF,0x7F,0xFF,0x7F,0xFF,0x7F,0xFF,0x7F,0xFF,0x7F,
	0xFF,0x7F,0xFF,0x7F,0x00,0x00,0x00,0x00,0x00,0x00,0x00,0x00,0x00,0x00,0x00,0x00,

	0xFF,0x7F,0xFF,0x7F,0xFF,0x7F,0xFF,0x7F,0x00,0x00,0x00,0x00,0xFF,0x7F,0xFF,0x7F,
	0xFF,0x7F,0xFF,0x7F,0x00,0x00,0x00,0x00,0xFF,0x7F,0xFF,0x7F,0x84,0x10,0x84,0x10,
	0x00,0x00,0xEF,0x3D,0x63,0x0C,0x63,0x0C,0x63,0x0C,0x63,0x0C,0x63,0x0C,0x63,0x0C,
	0x4A,0x29,0x63,0x0C,0x63,0x0C,0x63,0x0C,0x63,0x0C,0x63,0x0C,0x63,0x0C,0xEF,0x3D,
	0x00,0x00,0x84,0x10,0x84,0x10,0xFF,0x7F,0xFF,0x7F,0xFF,0x7F,0xFF,0x7F,0xFF,0x7F,
	0xFF,0x7F,0x00,0x00,0x00,0x00,0x00,0x00,0x00,0x00,0x00,0x00,0x00,0x00,0x00,0x00,
	0x00,0x00,0xFF,0x7F,0xFF,0x7F,0x00,0x00,0x00,0x00,0xFF,0x7F,0xFF,0x7F,0xFF,0x7F,
	0xFF,0x7F,0x00,0x00,0x00,0x00,0xFF,0x7F,0xFF,0x7F,0xFF,0x7F,0xFF,0x7F,0xFF,0x7F,

	0xFF,0x7F,0xFF,0x7F,0xFF,0x7F,0xFF,0x7F,0xFF,0x7F,0xFF,0x7F,0xFF,0x7F,0x00,0x00,
	0x00,0x00,0xFF,0x7F,0xFF,0x7F,0x00,0x00,0x00,0x00,0xFF,0x7F,0xFF,0x7F,0xFF,0x7F,
	0xFF,0x7F,0x00,0x00,0x00,0x00,0xFF,0x7F,0xFF,0x7F,0x00,0x00,0x00,0x00,0xFF,0x7F,
	0xFF,0x7F,0xFF,0x7F,0xFF,0x7F,0x00,0x00,0x00,0x00,0xFF,0x7F,0xFF,0x7F,0x00,0x00,
	0x00,0x00,0x00,0x00,0x00,0x00,0x00,0x00,0x00,0x00,0xFF,0x7F,0xFF,0x7F,0xFF,0x7F,
	0xFF,0x7F,0xFF,0x7F,0xFF,0x7F,0x00,0x00,0x00,0x00,0x84,0x10,0x84,0x10,0x00,0x00,
	0xEF,0x3D,0x63,0x0C,0x63,0x0C,0x63,0x0C,0x63,0x0C,0x63,0x0C,0x63,0x0C,0x63,0x0C,
	0x4A,0x29,0x63,0x0C,0x63,0x0C,0x63,0x0C,0x63,0x0C,0x63,0x0C,0x63,0x0C,0x63,0x0C,

	0x63,0x0C,0x63,0x0C,0x63,0x0C,0x63,0x0C,0x63,0x0C,0x63,0x0C,0x63,0x0C,0x63,0x0C,
	0x63,0x0C,0x63,0x0C,0x63,0x0C,0x63,0x0C,0x63,0x0C,0x63,0x0C,0x63,0x0C,0x63,0x0C,
	0x00,0x00,0x00,0x00,0x00,0x00,0x00,0x00,0x00,0x00,0x00,0x00,0x00,0x00,0x00,0x00,
	0x00,0x00,0x00,0x00,0x00,0x00,0x00,0x00,0x00,0x00,0x00,0x00,0x00,0x00,0x00,0x00,
	0x00,0x00,0x00,0x00,0x00,0x00,0x00,0x00,0x00,0x00,0x00,0x00,0x00,0x00,0x00,0x00,
	0x4A,0x29,0x00,0x00,0x00,0x00,0x00,0x00,0x00,0x00,0x00,0x00,0x00,0x00,0x00,0x00,
	0xEF,0x3D,0x00,0x00,0x84,0x10,0x84,0x10,0x00,0x00,0x00,0x00,0xFF,0x7F,0xFF,0x7F,
	0x00,0x00,0x00,0x00,0xFF,0x7F,0xFF,0x7F,0x00,0x00,0x00,0x00,0x00,0x00,0x00,0x00,

	0x00,0x00,0x00,0x00,0x00,0x00,0x00,0x00,0x00,0x00,0x00,0x00,0xFF,0x7F,0xFF,0x7F,
	0xFF,0x7F,0xFF,0x7F,0x00,0x00,0x00,0x00,0x00,0x00,0x00,0x00,0x00,0x00,0x00,0x00,
	0xFF,0x7F,0xFF,0x7F,0xFF,0x7F,0xFF,0x7F,0x00,0x00,0x00,0x00,0x00,0x00,0x00,0x00,
	0xFF,0x7F,0xFF,0x7F,0x00,0x00,0x00,0x00,0xFF,0x7F,0xFF,0x7F,0xFF,0x7F,0xFF,0x7F,
	0xFF,0x7F,0xFF,0x7F,0xFF,0x7F,0xFF,0x7F,0xFF,0x7F,0xFF,0x7F,0xFF,0x7F,0xFF,0x7F,
	0xFF,0x7F,0xFF,0x7F,0x00,0x00,0x00,0x00,0x00,0x00,0x00,0x00,0x00,0x00,0x00,0x00,
	0xFF,0x7F,0xFF,0x7F,0xFF,0x7F,0xFF,0x7F,0x00,0x00,0x00,0x00,0xFF,0x7F,0xFF,0x7F,
	0xFF,0x7F,0xFF,0x7F,0x00,0x00,0x00,0x00,0xFF,0x7F,0xFF,0x7F,0x84,0x10,0x84,0x10,

	0x00,0x00,0xEF,0x3D,0x00,0x00,0x00,0x00,0x00,0x00,0x00,0x00,0x00,0x00,0x00,0x00,
	0x4A,0x29,0x00,0x00,0x00,0x00,0x00,0x00,0x00,0x00,0x00,0x00,0x00,0x00,0xEF,0x3D,
	0x00,0x00,0x84,0x10,0x84,0x10,0xFF,0x7F,0xFF,0x7F,0xFF,0x7F,0xFF,0x7F,0xFF,0x7F,
	0xFF,0x7F,0x00,0x00,0x00,0x00,0x00,0x00,0x00,0x00,0x00,0x00,0x00,0x00,0x00,0x00,
	0x00,0x00,0xFF,0x7F,0xFF,0x7F,0x00,0x00,0x00,0x00,0xFF,0x7F,0xFF,0x7F,0xFF,0x7F,
	0xFF,0x7F,0x00,0x00,0x00,0x00,0xFF,0x7F,0xFF,0x7F,0xFF,0x7F,0xFF,0x7F,0xFF,0x7F,
	0xFF,0x7F,0xFF,0x7F,0xFF,0x7F,0xFF,0x7F,0xFF,0x7F,0xFF,0x7F,0xFF,0x7F,0x00,0x00,
	0x00,0x00,0xFF,0x7F,0xFF,0x7F,0x00,0x00,0x00,0x00,0xFF,0x7F,0xFF,0x7F,0xFF,0x7F,

	0xFF,0x7F,0x00,0x00,0x00,0x00,0xFF,0x7F,0xFF,0x7F,0x00,0x00,0x00,0x00,0xFF,0x7F,
	0xFF,0x7F,0xFF,0x7F,0xFF,0x7F,0x00,0x00,0x00,0x00,0xFF,0x7F,0xFF,0x7F,0x00,0x00,
	0x00,0x00,0x00,0x00,0x00,0x00,0x00,0x00,0x00,0x00,0xFF,0x7F,0xFF,0x7F,0xFF,0x7F,
	0xFF,0x7F,0xFF,0x7F,0xFF,0x7F,0x00,0x00,0x00,0x00,0x84,0x10,0x84,0x10,0x00,0x00,
	0xEF,0x3D,0x00,0x00,0x00,0x00,0x00,0x00,0x00,0x00,0x00,0x00,0x00,0x00,0x00,0x00,
	0x4A,0x29,0x00,0x00,0x00,0x00,0x00,0x00,0x00,0x00,0x00,0x00,0x00,0x00,0x00,0x00,
	0x00,0x00,0x00,0x00,0x00,0x00,0x00,0x00,0x00,0x00,0x00,0x00,0x00,0x00,0x00,0x00,
	0x00,0x00,0x00,0x00,0x00,0x00,0x00,0x00,0x00,0x00,0x00,0x00,0x00,0x00,0x00,0x00,

	0x63,0x0C,0x63,0x0C,0x63,0x0C,0x63,0x0C,0x63,0x0C,0x63,0x0C,0x63,0x0C,0x63,0x0C,
	0x63,0x0C,0x63,0x0C,0x63,0x0C,0x63,0x0C,0x63,0x0C,0x63,0x0C,0x63,0x0C,0x63,0x0C,
	0x63,0x0C,0x63,0x0C,0x63,0x0C,0x63,0x0C,0x63,0x0C,0x63,0x0C,0x63,0x0C,0x63,0x0C,
	0x4A,0x29,0x63,0x0C,0x63,0x0C,0x63,0x0C,0x63,0x0C,0x63,0x0C,0x63,0x0C,0x63,0x0C,
	0xEF,0x3D,0x00,0x00,0x84,0x10,0x84,0x10,0x00,0x00,0x00,0x00,0x00,0x00,0x00,0x00,
	0xFF,0x7F,0xFF,0x7F,0x00,0x00,0x00,0x00,0xFF,0x7F,0xFF,0x7F,0x00,0x00,0x00,0x00,
	0xFF,0x7F,0xFF,0x7F,0xFF,0x7F,0xFF,0x7F,0x00,0x00,0x00,0x00,0xFF,0x7F,0xFF,0x7F,
	0xFF,0x7F,0xFF,0x7F,0xFF,0x7F,0xFF,0x7F,0x00,0x00,0x00,0x00,0x00,0x00,0x00,0x00,

	0x00,0x00,0x00,0x00,0xFF,0x7F,0xFF,0x7F,0x00,0x00,0x00,0x00,0xFF,0x7F,0xFF,0x7F,
	0xFF,0x7F,0xFF,0x7F,0x00,0x00,0x00,0x00,0x00,0x00,0x00,0x00,0x00,0x00,0x00,0x00,
	0x00,0x00,0x00,0x00,0x00,0x00,0x00,0x00,0xFF,0x7F,0xFF,0x7F,0x00,0x00,0x00,0x00,
	0xFF,0x7F,0xFF,0x7F,0xFF,0x7F,0xFF,0x7F,0x00,0x00,0x00,0x00,0x00,0x00,0x00,0x00,
	0xFF,0x7F,0xFF,0x7F,0x00,0x00,0x00,0x00,0xFF,0x7F,0xFF,0x7F,0xFF,0x7F,0xFF,0x7F,
	0xFF,0x7F,0xFF,0x7F,0x00,0x00,0x00,0x00,0xFF,0x7F,0xFF,0x7F,0x84,0x10,0x84,0x10,
	0x00,0x00,0xEF,0x3D,0x63,0x0C,0x63,0x0C,0x63,0x0C,0x63,0x0C,0x63,0x0C,0x63,0x0C,
	0x4A,0x29,0x63,0x0C,0x63,0x0C,0x63,0x0C,0x63,0x0C,0x63,0x0C,0x63,0x0C,0xEF,0x3D,

	0x00,0x00,0x84,0x10,0x84,0x10,0xFF,0x7F,0xFF,0x7F,0x00,0x00,0x00,0x00,0xFF,0x7F,
	0xFF,0x7F,0x00,0x00,0x00,0x00,0x00,0x00,0x00,0x00,0x00,0x00,0x00,0x00,0xFF,0x7F,
	0xFF,0x7F,0xFF,0x7F,0xFF,0x7F,0x00,0x00,0x00,0x00,0x00,0x00,0x00,0x00,0x00,0x00,
	0x00,0x00,0xFF,0x7F,0xFF,0x7F,0xFF,0x7F,0xFF,0x7F,0xFF,0x7F,0xFF,0x7F,0x00,0x00,
	0x00,0x00,0x00,0x00,0x00,0x00,0x00,0x00,0x00,0x00,0x00,0x00,0x00,0x00,0x00,0x00,
	0x00,0x00,0xFF,0x7F,0xFF,0x7F,0x00,0x00,0x00,0x00,0xFF,0x7F,0xFF,0x7F,0x00,0x00,
	0x00,0x00,0xFF,0x7F,0xFF,0x7F,0xFF,0x7F,0xFF,0x7F,0xFF,0x7F,0xFF,0x7F,0xFF,0x7F,
	0xFF,0x7F,0xFF,0x7F,0xFF,0x7F,0xFF,0x7F,0xFF,0x7F,0x00,0x00,0x00,0x00,0x00,0x00,

	0x00,0x00,0xFF,0x7F,0xFF,0x7F,0xFF,0x7F,0xFF,0x7F,0xFF,0x7F,0xFF,0x7F,0x00,0x00,
	0x00,0x00,0x00,0x00,0x00,0x00,0x00,0x00,0x00,0x00,0x84,0x10,0x84,0x10,0x00,0x00,
	0xEF,0x3D,0x63,0x0C,0x63,0x0C,0x63,0x0C,0x63,0x0C,0x63,0x0C,0x63,0x0C,0x63,0x0C,
	0x4A,0x29,0x63,0x0C,0x63,0x0C,0x63,0x0C,0x63,0x0C,0x63,0x0C,0x63,0x0C,0x63,0x0C,
	0x63,0x0C,0x63,0x0C,0x63,0x0C,0x63,0x0C,0x63,0x0C,0x63,0x0C,0x63,0x0C,0x63,0x0C,
	0x63,0x0C,0x63,0x0C,0x63,0x0C,0x63,0x0C,0x63,0x0C,0x63,0x0C,0x63,0x0C,0x63,0x0C,
	0x00,0x00,0x00,0x00,0x00,0x00,0x00,0x00,0x00,0x00,0x00,0x00,0x00,0x00,0x00,0x00,
	0x00,0x00,0x00,0x00,0x00,0x00,0x00,0x00,0x00,0x00,0x00,0x00,0x00,0x00,0x00,0x00,

	0x00,0x00,0x00,0x00,0x00,0x00,0x00,0x00,0x00,0x00,0x00,0x00,0x00,0x00,0x00,0x00,
	0x4A,0x29,0x00,0x00,0x00,0x00,0x00,0x00,0x00,0x00,0x00,0x00,0x00,0x00,0x00,0x00,
	0xEF,0x3D,0x00,0x00,0x84,0x10,0x84,0x10,0x00,0x00,0x00,0x00,0x00,0x00,0x00,0x00,
	0xFF,0x7F,0xFF,0x7F,0x00,0x00,0x00,0x00,0xFF,0x7F,0xFF,0x7F,0x00,0x00,0x00,0x00,
	0xFF,0x7F,0xFF,0x7F,0xFF,0x7F,0xFF,0x7F,0x00,0x00,0x00,0x00,0xFF,0x7F,0xFF,0x7F,
	0xFF,0x7F,0xFF,0x7F,0xFF,0x7F,0xFF,0x7F,0x00,0x00,0x00,0x00,0x00,0x00,0x00,0x00,
	0x00,0x00,0x00,0x00,0xFF,0x7F,0xFF,0x7F,0x00,0x00,0x00,0x00,0xFF,0x7F,0xFF,0x7F,
	0xFF,0x7F,0xFF,0x7F,0x00,0x00,0x00,0x00,0x00,0x00,0x00,0x00,0x00,0x00,0x00,0x00,

	0x00,0x00,0x00,0x00,0x00,0x00,0x00,0x00,0xFF,0x7F,0xFF,0x7F,0x00,0x00,0x00,0x00,
	0xFF,0x7F,0xFF,0x7F,0xFF,0x7F,0xFF,0x7F,0x00,0x00,0x00,0x00,0x00,0x00,0x00,0x00,
	0xFF,0x7F,0xFF,0x7F,0x00,0x00,0x00,0x00,0xFF,0x7F,0xFF,0x7F,0xFF,0x7F,0xFF,0x7F,
	0xFF,0x7F,0xFF,0x7F,0x00,0x00,0x00,0x00,0xFF,0x7F,0xFF,0x7F,0x84,0x10,0x84,0x10,
	0x00,0x00,0xEF,0x3D,0x00,0x00,0x00,0x00,0x00,0x00,0x00,0x00,0x00,0x00,0x00,0x00,
	0x4A,0x29,0x00,0x00,0x00,0x00,0x00,0x00,0x00,0x00,0x00,0x00,0x00,0x00,0xEF,0x3D,
	0x00,0x00,0x84,0x10,0x84,0x10,0xFF,0x7F,0xFF,0x7F,0x00,0x00,0x00,0x00,0xFF,0x7F,
	0xFF,0x7F,0x00,0x00,0x00,0x00,0x00,0x00,0x00,0x00,0x00,0x00,0x00,0x00,0xFF,0x7F,

	0xFF,0x7F,0xFF,0x7F,0xFF,0x7F,0x00,0x00,0x00,0x00,0x00,0x00,0x00,0x00,0x00,0x00,
	0x00,0x00,0xFF,0x7F,0xFF,0x7F,0xFF,0x7F,0xFF,0x7F,0xFF,0x7F,0xFF,0x7F,0x00,0x00,
	0x00,0x00,0x00,0x00,0x00,0x00,0x00,0x00,0x00,0x00,0x00,0x00,0x00,0x00,0x00,0x00,
	0x00,0x00,0xFF,0x7F,0xFF,0x7F,0x00,0x00,0x00,0x00,0xFF,0x7F,0xFF,0x7F,0x00,0x00,
	0x00,0x00,0xFF,0x7F,0xFF,0x7F,0xFF,0x7F,0xFF,0x7F,0xFF,0x7F,0xFF,0x7F,0xFF,0x7F,
	0xFF,0x7F,0xFF,0x7F,0xFF,0x7F,0xFF,0x7F,0xFF,0x7F,0x00,0x00,0x00,0x00,0x00,0x00,
	0x00,0x00,0xFF,0x7F,0xFF,0x7F,0xFF,0x7F,0xFF,0x7F,0xFF,0x7F,0xFF,0x7F,0x00,0x00,
	0x00,0x00,0x00,0x00,0x00,0x00,0x00,0x00,0x00,0x00,0x84,0x10,0x84,0x10,0x00,0x00,

	0xEF,0x3D,0x00,0x00,0x00,0x00,0x00,0x00,0x00,0x00,0x00,0x00,0x00,0x00,0x00,0x00,
	0x4A,0x29,0x00,0x00,0x00,0x00,0x00,0x00,0x00,0x00,0x00,0x00,0x00,0x00,0x00,0x00,
	0x00,0x00,0x00,0x00,0x00,0x00,0x00,0x00,0x00,0x00,0x00,0x00,0x00,0x00,0x00,0x00,
	0x00,0x00,0x00,0x00,0x00,0x00,0x00,0x00,0x00,0x00,0x00,0x00,0x00,0x00,0x00,0x00,
	0x63,0x0C,0x63,0x0C,0x63,0x0C,0x63,0x0C,0x63,0x0C,0x63,0x0C,0x63,0x0C,0x63,0x0C,
	0x63,0x0C,0x63,0x0C,0x63,0x0C,0x63,0x0C,0x63,0x0C,0x63,0x0C,0x63,0x0C,0x63,0x0C,
	0x63,0x0C,0x63,0x0C,0x63,0x0C,0x63,0x0C,0x63,0x0C,0x63,0x0C,0x63,0x0C,0x63,0x0C,
	0x4A,0x29,0x63,0x0C,0x63,0x0C,0x63,0x0C,0x63,0x0C,0x63,0x0C,0x63,0x0C,0x63,0x0C,

	0xEF,0x3D,0x00,0x00,0x84,0x10,0x84,0x10,0x00,0x00,0x00,0x00,0xFF,0x7F,0xFF,0x7F,
	0xFF,0x7F,0xFF,0x7F,0x00,0x00,0x00,0x00,0xFF,0x7F,0xFF,0x7F,0x00,0x00,0x00,0x00,
	0x00,0x00,0x00,0x00,0xFF,0x7F,0xFF,0x7F,0xFF,0x7F,0xFF,0x7F,0xFF,0x7F,0xFF,0x7F,
	0xFF,0x7F,0xFF,0x7F,0x00,0x00,0x00,0x00,0x00,0x00,0x00,0x00,0x00,0x00,0x00,0x00,
	0xFF,0x7F,0xFF,0x7F,0xFF,0x7F,0xFF,0x7F,0xFF,0x7F,0xFF,0x7F,0x00,0x00,0x00,0x00,
	0xFF,0x7F,0xFF,0x7F,0xFF,0x7F,0xFF,0x7F,0x00,0x00,0x00,0x00,0x00,0x00,0x00,0x00,
	0xFF,0x7F,0xFF,0x7F,0x00,0x00,0x00,0x00,0xFF,0x7F,0xFF,0x7F,0xFF,0x7F,0xFF,0x7F,
	0xFF,0x7F,0xFF,0x7F,0xFF,0x7F,0xFF,0x7F,0x00,0x00,0x00,0x00,0xFF,0x7F,0xFF,0x7F,

	0xFF,0x7F,0xFF,0x7F,0x00,0x00,0x00,0x00,0x00,0x00,0x00,0x00,0xFF,0x7F,0xFF,0x7F,
	0x00,0x00,0x00,0x00,0xFF,0x7F,0xFF,0x7F,0xFF,0x7F,0xFF,0x7F,0x84,0x10,0x84,0x10,
	0x00,0x00,0xEF,0x3D,0x63,0x0C,0x63,0x0C,0x63,0x0C,0x63,0x0C,0x63,0x0C,0x63,0x0C,
	0x4A,0x29,0x63,0x0C,0x63,0x0C,0x63,0x0C,0x63,0x0C,0x63,0x0C,0x63,0x0C,0xEF,0x3D,
	0x00,0x00,0x84,0x10,0x84,0x10,0x00,0x00,0x00,0x00,0x00,0x00,0x00,0x00,0xFF,0x7F,
	0xFF,0x7F,0xFF,0x7F,0xFF,0x7F,0x00,0x00,0x00,0x00,0x00,0x00,0x00,0x00,0x00,0x00,
	0x00,0x00,0x00,0x00,0x00,0x00,0xFF,0x7F,0xFF,0x7F,0xFF,0x7F,0xFF,0x7F,0x00,0x00,
	0x00,0x00,0xFF,0x7F,0xFF,0x7F,0x00,0x00,0x00,0x00,0xFF,0x7F,0xFF,0x7F,0xFF,0x7F,

	0xFF,0x7F,0xFF,0x7F,0xFF,0x7F,0xFF,0x7F,0xFF,0x7F,0xFF,0x7F,0xFF,0x7F,0xFF,0x7F,
	0xFF,0x7F,0xFF,0x7F,0xFF,0x7F,0x00,0x00,0x00,0x00,0x00,0x00,0x00,0x00,0xFF,0x7F,
	0xFF,0x7F,0xFF,0x7F,0xFF,0x7F,0xFF,0x7F,0xFF,0x7F,0xFF,0x7F,0xFF,0x7F,0xFF,0x7F,
	0xFF,0x7F,0xFF,0x7F,0xFF,0x7F,0xFF,0x7F,0xFF,0x7F,0x00,0x00,0x00,0x00,0xFF,0x7F,
	0xFF,0x7F,0x00,0x00,0x00,0x00,0x00,0x00,0x00,0x00,0x00,0x00,0x00,0x00,0x00,0x00,
	0x00,0x00,0xFF,0x7F,0xFF,0x7F,0x00,0x00,0x00,0x00,0x84,0x10,0x84,0x10,0x00,0x00,
	0xEF,0x3D,0x63,0x0C,0x63,0x0C,0x63,0x0C,0x63,0x0C,0x63,0x0C,0x63,0x0C,0x63,0x0C,
	0x4A,0x29,0x63,0x0C,0x63,0x0C,0x63,0x0C,0x63,0x0C,0x63,0x0C,0x63,0x0C,0x63,0x0C,

	0x63,0x0C,0x63,0x0C,0x63,0x0C,0x63,0x0C,0x63,0x0C,0x63,0x0C,0x63,0x0C,0x63,0x0C,
	0x63,0x0C,0x63,0x0C,0x63,0x0C,0x63,0x0C,0x63,0x0C,0x63,0x0C,0x63,0x0C,0x63,0x0C,
	0x00,0x00,0x00,0x00,0x00,0x00,0x00,0x00,0x00,0x00,0x00,0x00,0x00,0x00,0x00,0x00,
	0x00,0x00,0x00,0x00,0x00,0x00,0x00,0x00,0x00,0x00,0x00,0x00,0x00,0x00,0x00,0x00,
	0x00,0x00,0x00,0x00,0x00,0x00,0x00,0x00,0x00,0x00,0x00,0x00,0x00,0x00,0x00,0x00,
	0x4A,0x29,0x00,0x00,0x00,0x00,0x00,0x00,0x00,0x00,0x00,0x00,0x00,0x00,0x00,0x00,
	0xEF,0x3D,0x00,0x00,0x84,0x10,0x84,0x10,0x00,0x00,0x00,0x00,0xFF,0x7F,0xFF,0x7F,
	0xFF,0x7F,0xFF,0x7F,0x00,0x00,0x00,0x00,0xFF,0x7F,0xFF,0x7F,0x00,0x00,0x00,0x00,

	0x00,0x00,0x00,0x00,0xFF,0x7F,0xFF,0x7F,0xFF,0x7F,0xFF,0x7F,0xFF,0x7F,0xFF,0x7F,
	0xFF,0x7F,0xFF,0x7F,0x00,0x00,0x00,0x00,0x00,0x00,0x00,0x00,0x00,0x00,0x00,0x00,
	0xFF,0x7F,0xFF,0x7F,0xFF,0x7F,0xFF,0x7F,0xFF,0x7F,0xFF,0x7F,0x00,0x00,0x00,0x00,
	0xFF,0x7F,0xFF,0x7F,0xFF,0x7F,0xFF,0x7F,0x00,0x00,0x00,0x00,0x00,0x00,0x00,0x00,
	0xFF,0x7F,0xFF,0x7F,0x00,0x00,0x00,0x00,0xFF,0x7F,0xFF,0x7F,0xFF,0x7F,0xFF,0x7F,
	0xFF,0x7F,0xFF,0x7F,0xFF,0x7F,0xFF,0x7F,0x00,0x00,0x00,0x00,0xFF,0x7F,0xFF,0x7F,
	0xFF,0x7F,0xFF,0x7F,0x00,0x00,0x00,0x00,0x00,0x00,0x00,0x00,0xFF,0x7F,0xFF,0x7F,
	0x00,0x00,0x00,0x00,0xFF,0x7F,0xFF,0x7F,0xFF,0x7F,0xFF,0x7F,0x84,0x10,0x84,0x10,

	0x00,0x00,0xEF,0x3D,0x00,0x00,0x00,0x00,0x00,0x00,0x00,0x00,0x00,0x00,0x00,0x00,
	0x4A,0x29,0x00,0x00,0x00,0x00,0x00,0x00,0x00,0x00,0x00,0x00,0x00,0x00,0xEF,0x3D,
	0x00,0x00,0x84,0x10,0x84,0x10,0x00,0x00,0x00,0x00,0x00,0x00,0x00,0x00,0xFF,0x7F,
	0xFF,0x7F,0xFF,0x7F,0xFF,0x7F,0x00,0x00,0x00,0x00,0x00,0x00,0x00,0x00,0x00,0x00,
	0x00,0x00,0x00,0x00,0x00,0x00,0xFF,0x7F,0xFF,0x7F,0xFF,0x7F,0xFF,0x7F,0x00,0x00,
	0x00,0x00,0xFF,0x7F,0xFF,0x7F,0x00,0x00,0x00,0x00,0xFF,0x7F,0xFF,0x7F,0xFF,0x7F,
	0xFF,0x7F,0xFF,0x7F,0xFF,0x7F,0xFF,0x7F,0xFF,0x7F,0xFF,0x7F,0xFF,0x7F,0xFF,0x7F,
	0xFF,0x7F,0xFF,0x7F,0xFF,0x7F,0x00,0x00,0x00,0x00,0x00,0x00,0x00,0x00,0xFF,0x7F,

	0xFF,0x7F,0xFF,0x7F,0xFF,0x7F,0xFF,0x7F,0xFF,0x7F,0xFF,0x7F,0xFF,0x7F,0xFF,0x7F,
	0xFF,0x7F,0xFF,0x7F,0xFF,0x7F,0xFF,0x7F,0xFF,0x7F,0x00,0x00,0x00,0x00,0xFF,0x7F,
	0xFF,0x7F,0x00,0x00,0x00,0x00,0x00,0x00,0x00,0x00,0x00,0x00,0x00,0x00,0x00,0x00,
	0x00,0x00,0xFF,0x7F,0xFF,0x7F,0x00,0x00,0x00,0x00,0x84,0x10,0x84,0x10,0x00,0x00,
	0xEF,0x3D,0x00,0x00,0x00,0x00,0x00,0x00,0x00,0x00,0x00,0x00,0x00,0x00,0x00,0x00,
	0x4A,0x29,0x00,0x00,0x00,0x00,0x00,0x00,0x00,0x00,0x00,0x00,0x00,0x00,0x00,0x00,
	0x00,0x00,0x00,0x00,0x00,0x00,0x00,0x00,0x00,0x00,0x00,0x00,0x00,0x00,0x00,0x00,
	0x00,0x00,0x00,0x00,0x00,0x00,0x00,0x00,0x00,0x00,0x00,0x00,0x00,0x00,0x00,0x00,

	0x63,0x0C,0x63,0x0C,0x63,0x0C,0x63,0x0C,0x63,0x0C,0x63,0x0C,0x63,0x0C,0x63,0x0C,
	0x63,0x0C,0x63,0x0C,0x63,0x0C,0x63,0x0C,0x63,0x0C,0x63,0x0C,0x63,0x0C,0x63,0x0C,
	0x63,0x0C,0x63,0x0C,0x63,0x0C,0x63,0x0C,0x63,0x0C,0x63,0x0C,0x63,0x0C,0x63,0x0C,
	0x4A,0x29,0x63,0x0C,0x63,0x0C,0x63,0x0C,0x63,0x0C,0x63,0x0C,0x63,0x0C,0x63,0x0C,
	0xEF,0x3D,0x00,0x00,0x84,0x10,0x84,0x10,0xFF,0x7F,0xFF,0x7F,0x00,0x00,0x00,0x00,
	0xFF,0x7F,0xFF,0x7F,0x00,0x00,0x00,0x00,0xFF,0x7F,0xFF,0x7F,0x00,0x00,0x00,0x00,
	0xFF,0x7F,0xFF,0x7F,0xFF,0x7F,0xFF,0x7F,0xFF,0x7F,0xFF,0x7F,0x00,0x00,0x00,0x00,
	0x00,0x00,0x00,0x00,0xFF,0x7F,0xFF,0x7F,0xFF,0x7F,0xFF,0x7F,0xFF,0x7F,0xFF,0x7F,

	0xFF,0x7F,0xFF,0x7F,0xFF,0x7F,0xFF,0x7F,0x00,0x00,0x00,0x00,0xFF,0x7F,0xFF,0x7F,
	0xFF,0x7F,0xFF,0x7F,0x00,0x00,0x00,0x00,0x00,0x00,0x00,0x00,0xFF,0x7F,0xFF,0x7F,
	0xFF,0x7F,0xFF,0x7F,0xFF,0x7F,0xFF,0x7F,0x00,0x00,0x00,0x00,0x00,0x00,0x00,0x00,
	0x00,0x00,0x00,0x00,0xFF,0x7F,0xFF,0x7F,0x00,0x00,0x00,0x00,0xFF,0x7F,0xFF,0x7F,
	0xFF,0x7F,0xFF,0x7F,0xFF,0x7F,0xFF,0x7F,0xFF,0x7F,0xFF,0x7F,0x00,0x00,0x00,0x00,
	0x00,0x00,0x00,0x00,0xFF,0x7F,0xFF,0x7F,0xFF,0x7F,0xFF,0x7F,0x84,0x10,0x84,0x10,
	0x00,0x00,0xEF,0x3D,0x63,0x0C,0x63,0x0C,0x63,0x0C,0x63,0x0C,0x63,0x0C,0x63,0x0C,
	0x4A,0x29,0x63,0x0C,0x63,0x0C,0x63,0x0C,0x63,0x0C,0x63,0x0C,0x63,0x0C,0xEF,0x3D,

	0x00,0x00,0x84,0x10,0x84,0x10,0xFF,0x7F,0xFF,0x7F,0xFF,0x7F,0xFF,0x7F,0xFF,0x7F,
	0xFF,0x7F,0x00,0x00,0x00,0x00,0xFF,0x7F,0xFF,0x7F,0x00,0x00,0x00,0x00,0xFF,0x7F,
	0xFF,0x7F,0x00,0x00,0x00,0x00,0x00,0x00,0x00,0x00,0x00,0x00,0x00,0x00,0x00,0x00,
	0x00,0x00,0xFF,0x7F,0xFF,0x7F,0xFF,0x7F,0xFF,0x7F,0x00,0x00,0x00,0x00,0x00,0x00,
	0x00,0x00,0xFF,0x7F,0xFF,0x7F,0x00,0x00,0x00,0x00,0x00,0x00,0x00,0x00,0x00,0x00,
	0x00,0x00,0xFF,0x7F,0xFF,0x7F,0xFF,0x7F,0xFF,0x7F,0xFF,0x7F,0xFF,0x7F,0x00,0x00,
	0x00,0x00,0xFF,0x7F,0xFF,0x7F,0xFF,0x7F,0xFF,0x7F,0xFF,0x7F,0xFF,0x7F,0x00,0x00,
	0x00,0x00,0xFF,0x7F,0xFF,0x7F,0xFF,0x7F,0xFF,0x7F,0xFF,0x7F,0xFF,0x7F,0x00,0x00,

	0x00,0x00,0xFF,0x7F,0xFF,0x7F,0x00,0x00,0x00,0x00,0xFF,0x7F,0xFF,0x7F,0xFF,0x7F,
	0xFF,0x7F,0xFF,0x7F,0xFF,0x7F,0x00,0x00,0x00,0x00,0x84,0x10,0x84,0x10,0x00,0x00,
	0xEF,0x3D,0x63,0x0C,0x63,0x0C,0x63,0x0C,0x63,0x0C,0x63,0x0C,0x63,0x0C,0x63,0x0C,
	0x4A,0x29,0x63,0x0C,0x63,0x0C,0x63,0x0C,0x63,0x0C,0x63,0x0C,0x63,0x0C,0x63,0x0C,
	0x63,0x0C,0x63,0x0C,0x63,0x0C,0x63,0x0C,0x63,0x0C,0x63,0x0C,0x63,0x0C,0x63,0x0C,
	0x63,0x0C,0x63,0x0C,0x63,0x0C,0x63,0x0C,0x63,0x0C,0x63,0x0C,0x63,0x0C,0x63,0x0C,
	0x00,0x00,0x00,0x00,0x00,0x00,0x00,0x00,0x00,0x00,0x00,0x00,0x00,0x00,0x00,0x00,
	0x00,0x00,0x00,0x00,0x00,0x00,0x00,0x00,0x00,0x00,0x00,0x00,0x00,0x00,0x00,0x00,

	0x00,0x00,0x00,0x00,0x00,0x00,0x00,0x00,0x00,0x00,0x00,0x00,0x00,0x00,0x00,0x00,
	0x4A,0x29,0x00,0x00,0x00,0x00,0x00,0x00,0x00,0x00,0x00,0x00,0x00,0x00,0x00,0x00,
	0xEF,0x3D,0x00,0x00,0x84,0x10,0x84,0x10,0xFF,0x7F,0xFF,0x7F,0x00,0x00,0x00,0x00,
	0xFF,0x7F,0xFF,0x7F,0x00,0x00,0x00,0x00,0xFF,0x7F,0xFF,0x7F,0x00,0x00,0x00,0x00,
	0xFF,0x7F,0xFF,0x7F,0xFF,0x7F,0xFF,0x7F,0xFF,0x7F,0xFF,0x7F,0x00,0x00,0x00,0x00,
	0x00,0x00,0x00,0x00,0xFF,0x7F,0xFF,0x7F,0xFF,0x7F,0xFF,0x7F,0xFF,0x7F,0xFF,0x7F,
	0xFF,0x7F,0xFF,0x7F,0xFF,0x7F,0xFF,0x7F,0x00,0x00,0x00,0x00,0xFF,0x7F,0xFF,0x7F,
	0xFF,0x7F,0xFF,0x7F,0x00,0x00,0x00,0x00,0x00,0x00,0x00,0x00,0xFF,0x7F,0xFF,0x7F,

	0xFF,0x7F,0xFF,0x7F,0xFF,0x7F,0xFF,0x7F,0x00,0x00,0x00,0x00,0x00,0x00,0x00,0x00,
	0x00,0x00,0x00,0x00,0xFF,0x7F,0xFF,0x7F,0x00,0x00,0x00,0x00,0xFF,0x7F,0xFF,0x7F,
	0xFF,0x7F,0xFF,0x7F,0xFF,0x7F,0xFF,0x7F,0xFF,0x7F,0xFF,0x7F,0x00,0x00,0x00,0x00,
	0x00,0x00,0x00,0x00,0xFF,0x7F,0xFF,0x7F,0xFF,0x7F,0xFF,0x7F,0x84,0x10,0x84,0x10,
	0x00,0x00,0xEF,0x3D,0x00,0x00,0x00,0x00,0x00,0x00,0x00,0x00,0x00,0x00,0x00,0x00,
	0x4A,0x29,0x00,0x00,0x00,0x00,0x00,0x00,0x00,0x00,0x00,0x00,0x00,0x00,0xEF,0x3D,
	0x00,0x00,0x84,0x10,0x84,0x10,0xFF,0x7F,0xFF,0x7F,0xFF,0x7F,0xFF,0x7F,0xFF,0x7F,
	0xFF,0x7F,0x00,0x00,0x00,0x00,0xFF,0x7F,0xFF,0x7F,0x00,0x00,0x00,0x00,0xFF,0x7F,

	0xFF,0x7F,0x00,0x00,0x00,0x00,0x00,0x00,0x00,0x00,0x00,0x00,0x00,0x00,0x00,0x00,
	0x00,0x00,0xFF,0x7F,0xFF,0x7F,0xFF,0x7F,0xFF,0x7F,0x00,0x00,0x00,0x00,0x00,0x00,
	0x00,0x00,0xFF,0x7F,0xFF,0x7F,0x00,0x00,0x00,0x00,0x00,0x00,0x00,0x00,0x00,0x00,
	0x00,0x00,0xFF,0x7F,0xFF,0x7F,0xFF,0x7F,0xFF,0x7F,0xFF,0x7F,0xFF,0x7F,0x00,0x00,
	0x00,0x00,0xFF,0x7F,0xFF,0x7F,0xFF,0x7F,0xFF,0x7F,0xFF,0x7F,0xFF,0x7F,0x00,0x00,
	0x00,0x00,0xFF,0x7F,0xFF,0x7F,0xFF,0x7F,0xFF,0x7F,0xFF,0x7F,0xFF,0x7F,0x00,0x00,
	0x00,0x00,0xFF,0x7F,0xFF,0x7F,0x00,0x00,0x00,0x00,0xFF,0x7F,0xFF,0x7F,0xFF,0x7F,
	0xFF,0x7F,0xFF,0x7F,0xFF,0x7F,0x00,0x00,0x00,0x00,0x84,0x10,0x84,0x10,0x00,0x00,

	0xEF,0x3D,0x00,0x00,0x00,0x00,0x00,0x00,0x00,0x00,0x00,0x00,0x00,0x00,0x00,0x00,
	0x4A,0x29,0x00,0x00,0x00,0x00,0x00,0x00,0x00,0x00,0x00,0x00,0x00,0x00,0x00,0x00,
	0x00,0x00,0x00,0x00,0x00,0x00,0x00,0x00,0x00,0x00,0x00,0x00,0x00,0x00,0x00,0x00,
	0x00,0x00,0x00,0x00,0x00,0x00,0x00,0x00,0x00,0x00,0x00,0x00,0x00,0x00,0x00,0x00,
	0x63,0x0C,0x63,0x0C,0x63,0x0C,0x63,0x0C,0x63,0x0C,0x63,0x0C,0x63,0x0C,0x63,0x0C,
	0x63,0x0C,0x63,0x0C,0x63,0x0C,0x63,0x0C,0x63,0x0C,0x63,0x0C,0x63,0x0C,0x63,0x0C,
	0x63,0x0C,0x63,0x0C,0x63,0x0C,0x63,0x0C,0x63,0x0C,0x63,0x0C,0x63,0x0C,0x63,0x0C,
	0x4A,0x29,0x63,0x0C,0x63,0x0C,0x63,0x0C,0x63,0x0C,0x63,0x0C,0x63,0x0C,0x63,0x0C,

	0xEF,0x3D,0x00,0x00,0x84,0x10,0x84,0x10,0xFF,0x7F,0xFF,0x7F,0xFF,0x7F,0xFF,0x7F,
	0x00,0x00,0x00,0x00,0x00,0x00,0x00,0x00,0x00,0x00,0x00,0x00,0xFF,0x7F,0xFF,0x7F,
	0x00,0x00,0x00,0x00,0xFF,0x7F,0xFF,0x7F,0xFF,0x7F,0xFF,0x7F,0xFF,0x7F,0xFF,0x7F,
	0xFF,0x7F,0xFF,0x7F,0xFF,0x7F,0xFF,0x7F,0x00,0x00,0x00,0x00,0xFF,0x7F,0xFF,0x7F,
	0x00,0x00,0x00,0x00,0x00,0x00,0x00,0x00,0x00,0x00,0x00,0x00,0xFF,0x7F,0xFF,0x7F,
	0xFF,0x7F,0xFF,0x7F,0x00,0x00,0x00,0x00,0xFF,0x7F,0xFF,0x7F,0xFF,0x7F,0xFF,0x7F,
	0xFF,0x7F,0xFF,0x7F,0x00,0x00,0x00,0x00,0x00,0x00,0x00,0x00,0x00,0x00,0x00,0x00,
	0x00,0x00,0x00,0x00,0xFF,0x7F,0xFF,0x7F,0xFF,0x7F,0xFF,0x7F,0x00,0x00,0x00,0x00,

	0x00,0x00,0x00,0x00,0xFF,0x7F,0xFF,0x7F,0x00,0x00,0x00,0x00,0xFF,0x7F,0xFF,0x7F,
	0x00,0x00,0x00,0x00,0x00,0x00,0x00,0x00,0x00,0x00,0x00,0x00,0x84,0x10,0x84,0x10,
	0x00,0x00,0xEF,0x3D,0x63,0x0C,0x63,0x0C,0x63,0x0C,0x63,0x0C,0x63,0x0C,0x63,0x0C,
	0x4A,0x29,0x63,0x0C,0x63,0x0C,0x63,0x0C,0x63,0x0C,0x63,0x0C,0x63,0x0C,0xEF,0x3D,
	0x00,0x00,0x84,0x10,0x84,0x10,0xFF,0x7F,0xFF,0x7F,0xFF,0x7F,0xFF,0x7F,0xFF,0x7F,
	0xFF,0x7F,0x00,0x00,0x00,0x00,0x00,0x00,0x00,0x00,0x00,0x00,0x00,0x00,0x00,0x00,
	0x00,0x00,0x00,0x00,0x00,0x00,0x00,0x00,0x00,0x00,0x00,0x00,0x00,0x00,0x00,0x00,
	0x00,0x00,0x00,0x00,0x00,0x00,0xFF,0x7F,0xFF,0x7F,0xFF,0x7F,0xFF,0x7F,0xFF,0x7F,

	0xFF,0x7F,0xFF,0x7F,0xFF,0x7F,0xFF,0x7F,0xFF,0x7F,0xFF,0x7F,0xFF,0x7F,0x00,0x00,
	0x00,0x00,0x00,0x00,0x00,0x00,0x00,0x00,0x00,0x00,0xFF,0x7F,0xFF,0x7F,0x00,0x00,
	0x00,0x00,0x00,0x00,0x00,0x00,0x00,0x00,0x00,0x00,0xFF,0x7F,0xFF,0x7F,0xFF,0x7F,
	0xFF,0x7F,0x00,0x00,0x00,0x00,0xFF,0x7F,0xFF,0x7F,0x00,0x00,0x00,0x00,0xFF,0x7F,
	0xFF,0x7F,0xFF,0x7F,0xFF,0x7F,0xFF,0x7F,0xFF,0x7F,0xFF,0x7F,0xFF,0x7F,0xFF,0x7F,
	0xFF,0x7F,0x00,0x00,0x00,0x00,0xFF,0x7F,0xFF,0x7F,0x84,0x10,0x84,0x10,0x00,0x00,
	0xEF,0x3D,0x63,0x0C,0x63,0x0C,0x63,0x0C,0x63,0x0C,0x63,0x0C,0x63,0x0C,0x63,0x0C,
	0x4A,0x29,0x63,0x0C,0x63,0x0C,0x63,0x0C,0x63,0x0C,0x63,0x0C,0x63,0x0C,0x63,0x0C,

	0x63,0x0C,0x63,0x0C,0x63,0x0C,0x63,0x0C,0x63,0x0C,0x63,0x0C,0x63,0x0C,0x63,0x0C,
	0x63,0x0C,0x63,0x0C,0x63,0x0C,0x63,0x0C,0x63,0x0C,0x63,0x0C,0x63,0x0C,0x63,0x0C,
	0x00,0x00,0x00,0x00,0x00,0x00,0x00,0x00,0x00,0x00,0x00,0x00,0x00,0x00,0x00,0x00,
	0x00,0x00,0x00,0x00,0x00,0x00,0x00,0x00,0x00,0x00,0x00,0x00,0x00,0x00,0x00,0x00,
	0x00,0x00,0x00,0x00,0x00,0x00,0x00,0x00,0x00,0x00,0x00,0x00,0x00,0x00,0x00,0x00,
	0x4A,0x29,0x00,0x00,0x00,0x00,0x00,0x00,0x00,0x00,0x00,0x00,0x00,0x00,0x00,0x00,
	0xEF,0x3D,0x00,0x00,0x84,0x10,0x84,0x10,0xFF,0x7F,0xFF,0x7F,0xFF,0x7F,0xFF,0x7F,
	0x00,0x00,0x00,0x00,0x00,0x00,0x00,0x00,0x00,0x00,0x00,0x00,0xFF,0x7F,0xFF,0x7F,

	0x00,0x00,0x00,0x00,0xFF,0x7F,0xFF,0x7F,0xFF,0x7F,0xFF,0x7F,0xFF,0x7F,0xFF,0x7F,
	0xFF,0x7F,0xFF,0x7F,0xFF,0x7F,0xFF,0x7F,0x00,0x00,0x00,0x00,0xFF,0x7F,0xFF,0x7F,
	0x00,0x00,0x00,0x00,0x00,0x00,0x00,0x00,0x00,0x00,0x00,0x00,0xFF,0x7F,0xFF,0x7F,
	0xFF,0x7F,0xFF,0x7F,0x00,0x00,0x00,0x00,0xFF,0x7F,0xFF,0x7F,0xFF,0x7F,0xFF,0x7F,
	0xFF,0x7F,0xFF,0x7F,0x00,0x00,0x00,0x00,0x00,0x00,0x00,0x00,0x00,0x00,0x00,0x00,
	0x00,0x00,0x00,0x00,0xFF,0x7F,0xFF,0x7F,0xFF,0x7F,0xFF,0x7F,0x00,0x00,0x00,0x00,
	0x00,0x00,0x00,0x00,0xFF,0x7F,0xFF,0x7F,0x00,0x00,0x00,0x00,0xFF,0x7F,0xFF,0x7F,
	0x00,0x00,0x00,0x00,0x00,0x00,0x00,0x00,0x00,0x00,0x00,0x00,0x84,0x10,0x84,0x10,

	0x00,0x00,0xEF,0x3D,0x00,0x00,0x00,0x00,0x00,0x00,0x00,0x00,0x00,0x00,0x00,0x00,
	0x4A,0x29,0x00,0x00,0x00,0x00,0x00,0x00,0x00,0x00,0x00,0x00,0x00,0x00,0xEF,0x3D,
	0x00,0x00,0x84,0x10,0x84,0x10,0xFF,0x7F,0xFF,0x7F,0xFF,0x7F,0xFF,0x7F,0xFF,0x7F,
	0xFF,0x7F,0x00,0x00,0x00,0x00,0x00,0x00,0x00,0x00,0x00,0x00,0x00,0x00,0x00,0x00,
	0x00,0x00,0x00,0x00,0x00,0x00,0x00,0x00,0x00,0x00,0x00,0x00,0x00,0x00,0x00,0x00,
	0x00,0x00,0x00,0x00,0x00,0x00,0xFF,0x7F,0xFF,0x7F,0xFF,0x7F,0xFF,0x7F,0xFF,0x7F,
	0xFF,0x7F,0xFF,0x7F,0xFF,0x7F,0xFF,0x7F,0xFF,0x7F,0xFF,0x7F,0xFF,0x7F,0x00,0x00,
	0x00,0x00,0x00,0x00,0x00,0x00,0x00,0x00,0x00,0x00,0xFF,0x7F,0xFF,0x7F,0x00,0x00,

	0x00,0x00,0x00,0x00,0x00,0x00,0x00,0x00,0x00,0x00,0xFF,0x7F,0xFF,0x7F,0xFF,0x7F,
	0xFF,0x7F,0x00,0x00,0x00,0x00,0xFF,0x7F,0xFF,0x7F,0x00,0x00,0x00,0x00,0xFF,0x7F,
	0xFF,0x7F,0xFF,0x7F,0xFF,0x7F,0xFF,0x7F,0xFF,0x7F,0xFF,0x7F,0xFF,0x7F,0xFF,0x7F,
	0xFF,0x7F,0x00,0x00,0x00,0x00,0xFF,0x7F,0xFF,0x7F,0x84,0x10,0x84,0x10,0x00,0x00,
	0xEF,0x3D,0x00,0x00,0x00,0x00,0x00,0x00,0x00,0x00,0x00,0x00,0x00,0x00,0x00,0x00,
	0x4A,0x29,0x00,0x00,0x00,0x00,0x00,0x00,0x00,0x00,0x00,0x00,0x00,0x00,0x00,0x00,
	0x00,0x00,0x00,0x00,0x00,0x00,0x00,0x00,0x00,0x00,0x00,0x00,0x00,0x00,0x00,0x00,
	0x00,0x00,0x00,0x00,0x00,0x00,0x00,0x00,0x00,0x00,0x00,0x00,0x00,0x00,0x00,0x00,

	0x63,0x0C,0x63,0x0C,0x63,0x0C,0x63,0x0C,0x63,0x0C,0x63,0x0C,0x63,0x0C,0x63,0x0C,
	0x63,0x0C,0x63,0x0C,0x63,0x0C,0x63,0x0C,0x63,0x0C,0x63,0x0C,0x63,0x0C,0x63,0x0C,
	0x63,0x0C,0x63,0x0C,0x63,0x0C,0x63,0x0C,0x63,0x0C,0x63,0x0C,0x63,0x0C,0x63,0x0C,
	0x4A,0x29,0x63,0x0C,0x63,0x0C,0x63,0x0C,0x63,0x0C,0x63,0x0C,0x63,0x0C,0x63,0x0C,
	0xEF,0x3D,0x00,0x00,0x84,0x10,0x84,0x10,0xFF,0x7F,0xFF,0x7F,0x00,0x00,0x00,0x00,
	0x00,0x00,0x00,0x00,0x00,0x00,0x00,0x00,0xFF,0x7F,0xFF,0x7F,0x00,0x00,0x00,0x00,
	0xFF,0x7F,0xFF,0x7F,0xFF,0x7F,0xFF,0x7F,0xFF,0x7F,0xFF,0x7F,0x00,0x00,0x00,0x00,
	0x00,0x00,0x00,0x00,0x00,0x00,0x00,0x00,0x00,0x00,0x00,0x00,0xFF,0x7F,0xFF,0x7F,

	0x00,0x00,0x00,0x00,0x00,0x00,0x00,0x00,0x00,0x00,0x00,0x00,0x00,0x00,0x00,0x00,
	0xFF,0x7F,0xFF,0x7F,0x00,0x00,0x00,0x00,0xFF,0x7F,0xFF,0x7F,0xFF,0x7F,0xFF,0x7F,
	0xFF,0x7F,0xFF,0x7F,0xFF,0x7F,0xFF,0x7F,0x00,0x00,0x00,0x00,0xFF,0x7F,0xFF,0x7F,
	0x00,0x00,0x00,0x00,0x00,0x00,0x00,0x00,0x00,0x00,0x00,0x00,0x00,0x00,0x00,0x00,
	0x00,0x00,0x00,0x00,0x00,0x00,0x00,0x00,0x00,0x00,0x00,0x00,0xFF,0x7F,0xFF,0x7F,
	0xFF,0x7F,0xFF,0x7F,0xFF,0x7F,0xFF,0x7F,0x00,0x00,0x00,0x00,0x84,0x10,0x84,0x10,
	0x00,0x00,0xEF,0x3D,0x63,0x0C,0x63,0x0C,0x63,0x0C,0x63,0x0C,0x63,0x0C,0x63,0x0C,
	0x4A,0x29,0x63,0x0C,0x63,0x0C,0x63,0x0C,0x63,0x0C,0x63,0x0C,0x63,0x0C,0xEF,0x3D,

	0x00,0x00,0x84,0x10,0x84,0x10,0xFF,0x7F,0xFF,0x7F,0xFF,0x7F,0xFF,0x7F,0x00,0x00,
	0x00,0x00,0xFF,0x7F,0xFF,0x7F,0xFF,0x7F,0xFF,0x7F,0x00,0x00,0x00,0x00,0xFF,0x7F,
	0xFF,0x7F,0xFF,0x7F,0xFF,0x7F,0x00,0x00,0x00,0x00,0x00,0x00,0x00,0x00,0xFF,0x7F,
	0xFF,0x7F,0xFF,0x7F,0xFF,0x7F,0xFF,0x7F,0xFF,0x7F,0x00,0x00,0x00,0x00,0xFF,0x7F,
	0xFF,0x7F,0xFF,0x7F,0xFF,0x7F,0xFF,0x7F,0xFF,0x7F,0x00,0x00,0x00,0x00,0x00,0x00,
	0x00,0x00,0xFF,0x7F,0xFF,0x7F,0x00,0x00,0x00,0x00,0xFF,0x7F,0xFF,0x7F,0x00,0x00,
	0x00,0x00,0x00,0x00,0x00,0x00,0x00,0x00,0x00,0x00,0xFF,0x7F,0xFF,0x7F,0xFF,0x7F,
	0xFF,0x7F,0x00,0x00,0x00,0x00,0x00,0x00,0x00,0x00,0x00,0x00,0x00,0x00,0xFF,0x7F,

	0xFF,0x7F,0x00,0x00,0x00,0x00,0xFF,0x7F,0xFF,0x7F,0x00,0x00,0x00,0x00,0x00,0x00,
	0x00,0x00,0x00,0x00,0x00,0x00,0x00,0x00,0x00,0x00,0x84,0x10,0x84,0x10,0x00,0x00,
	0xEF,0x3D,0x63,0x0C,0x63,0x0C,0x63,0x0C,0x63,0x0C,0x63,0x0C,0x63,0x0C,0x63,0x0C,
	0x4A,0x29,0x63,0x0C,0x63,0x0C,0x63,0x0C,0x63,0x0C,0x63,0x0C,0x63,0x0C,0x63,0x0C,
	0x63,0x0C,0x63,0x0C,0x63,0x0C,0x63,0x0C,0x63,0x0C,0x63,0x0C,0x63,0x0C,0x63,0x0C,
	0x63,0x0C,0x63,0x0C,0x63,0x0C,0x63,0x0C,0x63,0x0C,0x63,0x0C,0x63,0x0C,0x63,0x0C,
	0x00,0x00,0x00,0x00,0x00,0x00,0x00,0x00,0x00,0x00,0x00,0x00,0x00,0x00,0x00,0x00,
	0x00,0x00,0x00,0x00,0x00,0x00,0x00,0x00,0x00,0x00,0x00,0x00,0x00,0x00,0x00,0x00,

	0x00,0x00,0x00,0x00,0x00,0x00,0x00,0x00,0x00,0x00,0x00,0x00,0x00,0x00,0x00,0x00,
	0x4A,0x29,0x00,0x00,0x00,0x00,0x00,0x00,0x00,0x00,0x00,0x00,0x00,0x00,0x00,0x00,
	0xEF,0x3D,0x00,0x00,0x84,0x10,0x84,0x10,0xFF,0x7F,0xFF,0x7F,0x00,0x00,0x00,0x00,
	0x00,0x00,0x00,0x00,0x00,0x00,0x00,0x00,0xFF,0x7F,0xFF,0x7F,0x00,0x00,0x00,0x00,
	0xFF,0x7F,0xFF,0x7F,0xFF,0x7F,0xFF,0x7F,0xFF,0x7F,0xFF,0x7F,0x00,0x00,0x00,0x00,
	0x00,0x00,0x00,0x00,0x00,0x00,0x00,0x00,0x00,0x00,0x00,0x00,0xFF,0x7F,0xFF,0x7F,
	0x00,0x00,0x00,0x00,0x00,0x00,0x00,0x00,0x00,0x00,0x00,0x00,0x00,0x00,0x00,0x00,
	0xFF,0x7F,0xFF,0x7F,0x00,0x00,0x00,0x00,0xFF,0x7F,0xFF,0x7F,0xFF,0x7F,0xFF,0x7F,

	0xFF,0x7F,0xFF,0x7F,0xFF,0x7F,0xFF,0x7F,0x00,0x00,0x00,0x00,0xFF,0x7F,0xFF,0x7F,
	0x00,0x00,0x00,0x00,0x00,0x00,0x00,0x00,0x00,0x00,0x00,0x00,0x00,0x00,0x00,0x00,
	0x00,0x00,0x00,0x00,0x00,0x00,0x00,0x00,0x00,0x00,0x00,0x00,0xFF,0x7F,0xFF,0x7F,
	0xFF,0x7F,0xFF,0x7F,0xFF,0x7F,0xFF,0x7F,0x00,0x00,0x00,0x00,0x84,0x10,0x84,0x10,
	0x00,0x00,0xEF,0x3D,0x00,0x00,0x00,0x00,0x00,0x00,0x00,0x00,0x00,0x00,0x00,0x00,
	0x4A,0x29,0x00,0x00,0x00,0x00,0x00,0x00,0x00,0x00,0x00,0x00,0x00,0x00,0xEF,0x3D,
	0x00,0x00,0x84,0x10,0x84,0x10,0xFF,0x7F,0xFF,0x7F,0xFF,0x7F,0xFF,0x7F,0x00,0x00,
	0x00,0x00,0xFF,0x7F,0xFF,0x7F,0xFF,0x7F,0xFF,0x7F,0x00,0x00,0x00,0x00,0xFF,0x7F,

	0xFF,0x7F,0xFF,0x7F,0xFF,0x7F,0x00,0x00,0x00,0x00,0x00,0x00,0x00,0x00,0xFF,0x7F,
	0xFF,0x7F,0xFF,0x7F,0xFF,0x7F,0xFF,0x7F,0xFF,0x7F,0x00,0x00,0x00,0x00,0xFF,0x7F,
	0xFF,0x7F,0xFF,0x7F,0xFF,0x7F,0xFF,0x7F,0xFF,0x7F,0x00,0x00,0x00,0x00,0x00,0x00,
	0x00,0x00,0xFF,0x7F,0xFF,0x7F,0x00,0x00,0x00,0x00,0xFF,0x7F,0xFF,0x7F,0x00,0x00,
	0x00,0x00,0x00,0x00,0x00,0x00,0x00,0x00,0x00,0x00,0xFF,0x7F,0xFF,0x7F,0xFF,0x7F,
	0xFF,0x7F,0x00,0x00,0x00,0x00,0x00,0x00,0x00,0x00,0x00,0x00,0x00,0x00,0xFF,0x7F,
	0xFF,0x7F,0x00,0x00,0x00,0x00,0xFF,0x7F,0xFF,0x7F,0x00,0x00,0x00,0x00,0x00,0x00,
	0x00,0x00,0x00,0x00,0x00,0x00,0x00,0x00,0x00,0x00,0x84,0x10,0x84,0x10,0x00,0x00,

	0xEF,0x3D,0x00,0x00,0x00,0x00,0x00,0x00,0x00,0x00,0x00,0x00,0x00,0x00,0x00,0x00,
	0x4A,0x29,0x00,0x00,0x00,0x00,0x00,0x00,0x00,0x00,0x00,0x00,0x00,0x00,0x00,0x00,
	0x00,0x00,0x00,0x00,0x00,0x00,0x00,0x00,0x00,0x00,0x00,0x00,0x00,0x00,0x00,0x00,
	0x00,0x00,0x00,0x00,0x00,0x00,0x00,0x00,0x00,0x00,0x00,0x00,0x00,0x00,0x00,0x00,
	0x63,0x0C,0x63,0x0C,0x63,0x0C,0x63,0x0C,0x63,0x0C,0x63,0x0C,0x63,0x0C,0x63,0x0C,
	0x63,0x0C,0x63,0x0C,0x63,0x0C,0x63,0x0C,0x63,0x0C,0x63,0x0C,0x63,0x0C,0x63,0x0C,
	0x63,0x0C,0x63,0x0C,0x63,0x0C,0x63,0x0C,0x63,0x0C,0x63,0x0C,0x63,0x0C,0x63,0x0C,
	0x4A,0x29,0x63,0x0C,0x63,0x0C,0x63,0x0C,0x63,0x0C,0x63,0x0C,0x63,0x0C,0x63,0x0C,

	0xEF,0x3D,0x00,0x00,0x84,0x10,0x84,0x10,0xFF,0x7F,0xFF,0x7F,0x00,0x00,0x00,0x00,
	0x00,0x00,0x00,0x00,0xFF,0x7F,0xFF,0x7F,0x00,0x00,0x00,0x00,0xFF,0x7F,0xFF,0x7F,
	0x00,0x00,0x00,0x00,0x00,0x00,0x00,0x00,0x00,0x00,0x00,0x00,0x00,0x00,0x00,0x00,
	0x00,0x00,0x00,0x00,0x00,0x00,0x00,0x00,0xFF,0x7F,0xFF,0x7F,0x00,0x00,0x00,0x00,
	0xFF,0x7F,0xFF,0x7F,0xFF,0x7F,0xFF,0x7F,0x00,0x00,0x00,0x00,0x00,0x00,0x00,0x00,
	0x00,0x00,0x00,0x00,0x00,0x00,0x00,0x00,0x00,0x00,0x00,0x00,0xFF,0x7F,0xFF,0x7F,
	0xFF,0x7F,0xFF,0x7F,0xFF,0x7F,0xFF,0x7F,0x00,0x00,0x00,0x00,0x00,0x00,0x00,0x00,
	0x00,0x00,0x00,0x00,0xFF,0x7F,0xFF,0x7F,0x00,0x00,0x00,0x00,0xFF,0x7F,0xFF,0x7F,

	0x00,0x00,0x00,0x00,0xFF,0x7F,0xFF,0x7F,0xFF,0x7F,0xFF,0x7F,0xFF,0x7F,0xFF,0x7F,
	0xFF,0x7F,0xFF,0x7F,0x00,0x00,0x00,0x00,0xFF,0x7F,0xFF,0x7F,0x84,0x10,0x84,0x10,
	0x00,0x00,0xEF,0x3D,0x63,0x0C,0x63,0x0C,0x63,0x0C,0x63,0x0C,0x63,0x0C,0x63,0x0C,
	0x4A,0x29,0x63,0x0C,0x63,0x0C,0x63,0x0C,0x63,0x0C,0x63,0x0C,0x63,0x0C,0xEF,0x3D,
	0x00,0x00,0x84,0x10,0x84,0x10,0x00,0x00,0x00,0x00,0xFF,0x7F,0xFF,0x7F,0xFF,0x7F,
	0xFF,0x7F,0x00,0x00,0x00,0x00,0x00,0x00,0x00,0x00,0x00,0x00,0x00,0x00,0x00,0x00,
	0x00,0x00,0xFF,0x7F,0xFF,0x7F,0xFF,0x7F,0xFF,0x7F,0xFF,0x7F,0xFF,0x7F,0xFF,0x7F,
	0xFF,0x7F,0x00,0x00,0x00,0x00,0xFF,0x7F,0xFF,0x7F,0xFF,0x7F,0xFF,0x7F,0x00,0x00,

	0x00,0x00,0x00,0x00,0x00,0x00,0xFF,0x7F,0xFF,0x7F,0xFF,0x7F,0xFF,0x7F,0x00,0x00,
	0x00,0x00,0xFF,0x7F,0xFF,0x7F,0x00,0x00,0x00,0x00,0xFF,0x7F,0xFF,0x7F,0xFF,0x7F,
	0xFF,0x7F,0xFF,0x7F,0xFF,0x7F,0x00,0x00,0x00,0x00,0x00,0x00,0x00,0x00,0x00,0x00,
	0x00,0x00,0xFF,0x7F,0xFF,0x7F,0xFF,0x7F,0xFF,0x7F,0x00,0x00,0x00,0x00,0x00,0x00,
	0x00,0x00,0xFF,0x7F,0xFF,0x7F,0xFF,0x7F,0xFF,0x7F,0xFF,0x7F,0xFF,0x7F,0x00,0x00,
	0x00,0x00,0xFF,0x7F,0xFF,0x7F,0x00,0x00,0x00,0x00,0x84,0x10,0x84,0x10,0x00,0x00,
	0xEF,0x3D,0x63,0x0C,0x63,0x0C,0x63,0x0C,0x63,0x0C,0x63,0x0C,0x63,0x0C,0x63,0x0C,
	0x4A,0x29,0x63,0x0C,0x63,0x0C,0x63,0x0C,0x63,0x0C,0x63,0x0C,0x63,0x0C,0x63,0x0C,

	0x63,0x0C,0x63,0x0C,0x63,0x0C,0x63,0x0C,0x63,0x0C,0x63,0x0C,0x63,0x0C,0x63,0x0C,
	0x63,0x0C,0x63,0x0C,0x63,0x0C,0x63,0x0C,0x63,0x0C,0x63,0x0C,0x63,0x0C,0x63,0x0C,
	0x00,0x00,0x00,0x00,0x00,0x00,0x00,0x00,0x00,0x00,0x00,0x00,0x00,0x00,0x00,0x00,
	0x00,0x00,0x00,0x00,0x00,0x00,0x00,0x00,0x00,0x00,0x00,0x00,0x00,0x00,0x00,0x00,
	0x00,0x00,0x00,0x00,0x00,0x00,0x00,0x00,0x00,0x00,0x00,0x00,0x00,0x00,0x00,0x00,
	0x4A,0x29,0x00,0x00,0x00,0x00,0x00,0x00,0x00,0x00,0x00,0x00,0x00,0x00,0x00,0x00,
	0xEF,0x3D,0x00,0x00,0x84,0x10,0x84,0x10,0xFF,0x7F,0xFF,0x7F,0x00,0x00,0x00,0x00,
	0x00,0x00,0x00,0x00,0xFF,0x7F,0xFF,0x7F,0x00,0x00,0x00,0x00,0xFF,0x7F,0xFF,0x7F,

	0x00,0x00,0x00,0x00,0x00,0x00,0x00,0x00,0x00,0x00,0x00,0x00,0x00,0x00,0x00,0x00,
	0x00,0x00,0x00,0x00,0x00,0x00,0x00,0x00,0xFF,0x7F,0xFF,0x7F,0x00,0x00,0x00,0x00,
	0xFF,0x7F,0xFF,0x7F,0xFF,0x7F,0xFF,0x7F,0x00,0x00,0x00,0x00,0x00,0x00,0x00,0x00,
	0x00,0x00,0x00,0x00,0x00,0x00,0x00,0x00,0x00,0x00,0x00,0x00,0xFF,0x7F,0xFF,0x7F,
	0xFF,0x7F,0xFF,0x7F,0xFF,0x7F,0xFF,0x7F,0x00,0x00,0x00,0x00,0x00,0x00,0x00,0x00,
	0x00,0x00,0x00,0x00,0xFF,0x7F,0xFF,0x7F,0x00,0x00,0x00,0x00,0xFF,0x7F,0xFF,0x7F,
	0x00,0x00,0x00,0x00,0xFF,0x7F,0xFF,0x7F,0xFF,0x7F,0xFF,0x7F,0xFF,0x7F,0xFF,0x7F,
	0xFF,0x7F,0xFF,0x7F,0x00,0x00,0x00,0x00,0xFF,0x7F,0xFF,0x7F,0x84,0x10,0x84,0x10,

	0x00,0x00,0xEF,0x3D,0x00,0x00,0x00,0x00,0x00,0x00,0x00,0x00,0x00,0x00,0x00,0x00,
	0x4A,0x29,0x00,0x00,0x00,0x00,0x00,0x00,0x00,0x00,0x00,0x00,0x00,0x00,0xEF,0x3D,
	0x00,0x00,0x84,0x10,0x84,0x10,0x00,0x00,0x00,0x00,0xFF,0x7F,0xFF,0x7F,0xFF,0x7F,
	0xFF,0x7F,0x00,0x00,0x00,0x00,0x00,0x00,0x00,0x00,0x00,0x00,0x00,0x00,0x00,0x00,
	0x00,0x00,0xFF,0x7F,0xFF,0x7F,0xFF,0x7F,0xFF,0x7F,0xFF,0x7F,0xFF,0x7F,0xFF,0x7F,
	0xFF,0x7F,0x00,0x00,0x00,0x00,0xFF,0x7F,0xFF,0x7F,0xFF,0x7F,0xFF,0x7F,0x00,0x00,
	0x00,0x00,0x00,0x00,0x00,0x00,0xFF,0x7F,0xFF,0x7F,0xFF,0x7F,0xFF,0x7F,0x00,0x00,
	0x00,0x00,0xFF,0x7F,0xFF,0x7F,0x00,0x00,0x00,0x00,0xFF,0x7F,0xFF,0x7F,0xFF,0x7F,

	0xFF,0x7F,0xFF,0x7F,0xFF,0x7F,0x00,0x00,0x00,0x00,0x00,0x00,0x00,0x00,0x00,0x00,
	0x00,0x00,0xFF,0x7F,0xFF,0x7F,0xFF,0x7F,0xFF,0x7F,0x00,0x00,0x00,0x00,0x00,0x00,
	0x00,0x00,0xFF,0x7F,0xFF,0x7F,0xFF,0x7F,0xFF,0x7F,0xFF,0x7F,0xFF,0x7F,0x00,0x00,
	0x00,0x00,0xFF,0x7F,0xFF,0x7F,0x00,0x00,0x00,0x00,0x84,0x10,0x84,0x10,0x00,0x00,
	0xEF,0x3D,0x00,0x00,0x00,0x00,0x00,0x00,0x00,0x00,0x00,0x00,0x00,0x00,0x00,0x00,
	0x4A,0x29,0x00,0x00,0x00,0x00,0x00,0x00,0x00,0x00,0x00,0x00,0x00,0x00,0x00,0x00,
	0x00,0x00,0x00,0x00,0x00,0x00,0x00,0x00,0x00,0x00,0x00,0x00,0x00,0x00,0x00,0x00,
	0x00,0x00,0x00,0x00,0x00,0x00,0x00,0x00,0x00,0x00,0x00,0x00,0x00,0x00,0x00,0x00,

	0x63,0x0C,0x63,0x0C,0x63,0x0C,0x63,0x0C,0x63,0x0C,0x63,0x0C,0x63,0x0C,0x63,0x0C,
	0x63,0x0C,0x63,0x0C,0x63,0x0C,0x63,0x0C,0x63,0x0C,0x63,0x0C,0x63,0x0C,0x63,0x0C,
	0x63,0x0C,0x63,0x0C,0x63,0x0C,0x63,0x0C,0x63,0x0C,0x63,0x0C,0x63,0x0C,0x63,0x0C,
	0x4A,0x29,0x63,0x0C,0x63,0x0C,0x63,0x0C,0x63,0x0C,0x63,0x0C,0x63,0x0C,0x63,0x0C,
	0xEF,0x3D,0x00,0x00,0x84,0x10,0x84,0x10,0x00,0x00,0x00,0x00,0xFF,0x7F,0xFF,0x7F,
	0xFF,0x7F,0xFF,0x7F,0x00,0x00,0x00,0x00,0x00,0x00,0x00,0x00,0xFF,0x7F,0xFF,0x7F,
	0xFF,0x7F,0xFF,0x7F,0x00,0x00,0x00,0x00,0xFF,0x7F,0xFF,0x7F,0xFF,0x7F,0xFF,0x7F,
	0xFF,0x7F,0xFF,0x7F,0x00,0x00,0x00,0x00,0xFF,0x7F,0xFF,0x7F,0xFF,0x7F,0xFF,0x7F,

	0x00,0x00,0x00,0x00,0xFF,0x7F,0xFF,0x7F,0x00,0x00,0x00,0x00,0xFF,0x7F,0xFF,0x7F,
	0xFF,0x7F,0xFF,0x7F,0xFF,0x7F,0xFF,0x7F,0xFF,0x7F,0xFF,0x7F,0x00,0x00,0x00,0x00,
	0x00,0x00,0x00,0x00,0xFF,0x7F,0xFF,0x7F,0x00,0x00,0x00,0x00,0xFF,0x7F,0xFF,0x7F,
	0xFF,0x7F,0xFF,0x7F,0xFF,0x7F,0xFF,0x7F,0x00,0x00,0x00,0x00,0xFF,0x7F,0xFF,0x7F,
	0x00,0x00,0x00,0x00,0xFF,0x7F,0xFF,0x7F,0x00,0x00,0x00,0x00,0xFF,0x7F,0xFF,0x7F,
	0xFF,0x7F,0xFF,0x7F,0xFF,0x7F,0xFF,0x7F,0x00,0x00,0x00,0x00,0x84,0x10,0x84,0x10,
	0x00,0x00,0xEF,0x3D,0x63,0x0C,0x63,0x0C,0x63,0x0C,0x63,0x0C,0x63,0x0C,0x63,0x0C,
	0x4A,0x29,0x63,0x0C,0x63,0x0C,0x63,0x0C,0x63,0x0C,0x63,0x0C,0x63,0x0C,0xEF,0x3D,

	0x00,0x00,0x84,0x10,0x84,0x10,0xFF,0x7F,0xFF,0x7F,0x00,0x00,0x00,0x00,0xFF,0x7F,
	0xFF,0x7F,0x00,0x00,0x00,0x00,0xFF,0x7F,0xFF,0x7F,0x00,0x00,0x00,0x00,0xFF,0x7F,
	0xFF,0x7F,0xFF,0x7F,0xFF,0x7F,0x00,0x00,0x00,0x00,0xFF,0x7F,0xFF,0x7F,0x00,0x00,
	0x00,0x00,0xFF,0x7F,0xFF,0x7F,0xFF,0x7F,0xFF,0x7F,0x00,0x00,0x00,0x00,0x00,0x00,
	0x00,0x00,0x00,0x00,0x00,0x00,0x00,0x00,0x00,0x00,0xFF,0x7F,0xFF,0x7F,0xFF,0x7F,
	0xFF,0x7F,0xFF,0x7F,0xFF,0x7F,0xFF,0x7F,0xFF,0x7F,0x00,0x00,0x00,0x00,0xFF,0x7F,
	0xFF,0x7F,0xFF,0x7F,0xFF,0x7F,0x00,0x00,0x00,0x00,0x00,0x00,0x00,0x00,0x00,0x00,
	0x00,0x00,0x00,0x00,0x00,0x00,0xFF,0x7F,0xFF,0x7F,0xFF,0x7F,0xFF,0x7F,0x00,0x00,

	0x00,0x00,0xFF,0x7F,0xFF,0x7F,0xFF,0x7F,0xFF,0x7F,0xFF,0x7F,0xFF,0x7F,0xFF,0x7F,
	0xFF,0x7F,0xFF,0x7F,0xFF,0x7F,0x00,0x00,0x00,0x00,0x84,0x10,0x84,0x10,0x00,0x00,
	0xEF,0x3D,0x63,0x0C,0x63,0x0C,0x63,0x0C,0x63,0x0C,0x63,0x0C,0x63,0x0C,0x63,0x0C,
	0x4A,0x29,0x63,0x0C,0x63,0x0C,0x63,0x0C,0x63,0x0C,0x63,0x0C,0x63,0x0C,0x63,0x0C,
	0x63,0x0C,0x63,0x0C,0x63,0x0C,0x63,0x0C,0x63,0x0C,0x63,0x0C,0x63,0x0C,0x63,0x0C,
	0x63,0x0C,0x63,0x0C,0x63,0x0C,0x63,0x0C,0x63,0x0C,0x63,0x0C,0x63,0x0C,0x63,0x0C,
	0x00,0x00,0x00,0x00,0x00,0x00,0x00,0x00,0x00,0x00,0x00,0x00,0x00,0x00,0x00,0x00,
	0x00,0x00,0x00,0x00,0x00,0x00,0x00,0x00,0x00,0x00,0x00,0x00,0x00,0x00,0x00,0x00,

	0x00,0x00,0x00,0x00,0x00,0x00,0x00,0x00,0x00,0x00,0x00,0x00,0x00,0x00,0x00,0x00,
	0x4A,0x29,0x00,0x00,0x00,0x00,0x00,0x00,0x00,0x00,0x00,0x00,0x00,0x00,0x00,0x00,
	0xEF,0x3D,0x00,0x00,0x84,0x10,0x84,0x10,0x00,0x00,0x00,0x00,0xFF,0x7F,0xFF,0x7F,
	0xFF,0x7F,0xFF,0x7F,0x00,0x00,0x00,0x00,0x00,0x00,0x00,0x00,0xFF,0x7F,0xFF,0x7F,
	0xFF,0x7F,0xFF,0x7F,0x00,0x00,0x00,0x00,0xFF,0x7F,0xFF,0x7F,0xFF,0x7F,0xFF,0x7F,
	0xFF,0x7F,0xFF,0x7F,0x00,0x00,0x00,0x00,0xFF,0x7F,0xFF,0x7F,0xFF,0x7F,0xFF,0x7F,
	0x00,0x00,0x00,0x00,0xFF,0x7F,0xFF,0x7F,0x00,0x00,0x00,0x00,0xFF,0x7F,0xFF,0x7F,
	0xFF,0x7F,0xFF,0x7F,0xFF,0x7F,0xFF,0x7F,0xFF,0x7F,0xFF,0x7F,0x00,0x00,0x00,0x00,

	0x00,0x00,0x00,0x00,0xFF,0x7F,0xFF,0x7F,0x00,0x00,0x00,0x00,0xFF,0x7F,0xFF,0x7F,
	0xFF,0x7F,0xFF,0x7F,0xFF,0x7F,0xFF,0x7F,0x00,0x00,0x00,0x00,0xFF,0x7F,0xFF,0x7F,
	0x00,0x00,0x00,0x00,0xFF,0x7F,0xFF,0x7F,0x00,0x00,0x00,0x00,0xFF,0x7F,0xFF,0x7F,
	0xFF,0x7F,0xFF,0x7F,0xFF,0x7F,0xFF,0x7F,0x00,0x00,0x00,0x00,0x84,0x10,0x84,0x10,
	0x00,0x00,0xEF,0x3D,0x00,0x00,0x00,0x00,0x00,0x00,0x00,0x00,0x00,0x00,0x00,0x00,
	0x4A,0x29,0x00,0x00,0x00,0x00,0x00,0x00,0x00,0x00,0x00,0x00,0x00,0x00,0xEF,0x3D,
	0x00,0x00,0x84,0x10,0x84,0x10,0xFF,0x7F,0xFF,0x7F,0x00,0x00,0x00,0x00,0xFF,0x7F,
	0xFF,0x7F,0x00,0x00,0x00,0x00,0xFF,0x7F,0xFF,0x7F,0x00,0x00,0x00,0x00,0xFF,0x7F,

	0xFF,0x7F,0xFF,0x7F,0xFF,0x7F,0x00,0x00,0x00,0x00,0xFF,0x7F,0xFF,0x7F,0x00,0x00,
	0x00,0x00,0xFF,0x7F,0xFF,0x7F,0xFF,0x7F,0xFF,0x7F,0x00,0x00,0x00,0x00,0x00,0x00,
	0x00,0x00,0x00,0x00,0x00,0x00,0x00,0x00,0x00,0x00,0xFF,0x7F,0xFF,0x7F,0xFF,0x7F,
	0xFF,0x7F,0xFF,0x7F,0xFF,0x7F,0xFF,0x7F,0xFF,0x7F,0x00,0x00,0x00,0x00,0xFF,0x7F,
	0xFF,0x7F,0xFF,0x7F,0xFF,0x7F,0x00,0x00,0x00,0x00,0x00,0x00,0x00,0x00,0x00,0x00,
	0x00,0x00,0x00,0x00,0x00,0x00,0xFF,0x7F,0xFF,0x7F,0xFF,0x7F,0xFF,0x7F,0x00,0x00,
	0x00,0x00,0xFF,0x7F,0xFF,0x7F,0xFF,0x7F,0xFF,0x7F,0xFF,0x7F,0xFF,0x7F,0xFF,0x7F,
	0xFF,0x7F,0xFF,0x7F,0xFF,0x7F,0x00,0x00,0x00,0x00,0x84,0x10,0x84,0x10,0x00,0x00,

	0xEF,0x3D,0x00,0x00,0x00,0x00,0x00,0x00,0x00,0x00,0x00,0x00,0x00,0x00,0x00,0x00,
	0x4A,0x29,0x00,0x00,0x00,0x00,0x00,0x00,0x00,0x00,0x00,0x00,0x00,0x00,0x00,0x00,
	0x00,0x00,0x00,0x00,0x00,0x00,0x00,0x00,0x00,0x00,0x00,0x00,0x00,0x00,0x00,0x00,
	0x00,0x00,0x00,0x00,0x00,0x00,0x00,0x00,0x00,0x00,0x00,0x00,0x00,0x00,0x00,0x00,
	0x63,0x0C,0x63,0x0C,0x63,0x0C,0x63,0x0C,0x63,0x0C,0x63,0x0C,0x63,0x0C,0x63,0x0C,
	0x63,0x0C,0x63,0x0C,0x63,0x0C,0x63,0x0C,0x63,0x0C,0x63,0x0C,0x63,0x0C,0x63,0x0C,
	0x63,0x0C,0x63,0x0C,0x63,0x0C,0x63,0x0C,0x63,0x0C,0x63,0x0C,0x63,0x0C,0x63,0x0C,
	0x4A,0x29,0x63,0x0C,0x63,0x0C,0x63,0x0C,0x63,0x0C,0x63,0x0C,0x63,0x0C,0x63,0x0C,

	0xEF,0x3D,0x00,0x00,0x84,0x10,0x84,0x10,0xFF,0x7F,0xFF,0x7F,0xFF,0x7F,0xFF,0x7F,
	0x00,0x00,0x00,0x00,0xFF,0x7F,0xFF,0x7F,0x00,0x00,0x00,0x00,0xFF,0x7F,0xFF,0x7F,
	0x00,0x00,0x00,0x00,0xFF,0x7F,0xFF,0x7F,0xFF,0x7F,0xFF,0x7F,0xFF,0x7F,0xFF,0x7F,
	0x00,0x00,0x00,0x00,0xFF,0x7F,0xFF,0x7F,0x00,0x00,0x00,0x00,0xFF,0x7F,0xFF,0x7F,
	0x00,0x00,0x00,0x00,0x00,0x00,0x00,0x00,0xFF,0x7F,0xFF,0x7F,0xFF,0x7F,0xFF,0x7F,
	0x00,0x00,0x00,0x00,0x00,0x00,0x00,0x00,0xFF,0x7F,0xFF,0x7F,0x00,0x00,0x00,0x00,
	0xFF,0x7F,0xFF,0x7F,0xFF,0x7F,0xFF,0x7F,0x00,0x00,0x00,0x00,0x00,0x00,0x00,0x00,
	0xFF,0x7F,0xFF,0x7F,0x00,0x00,0x00,0x00,0x00,0x00,0x00,0x00,0x00,0x00,0x00,0x00,

	0x00,0x00,0x00,0x00,0x00,0x00,0x00,0x00,0x00,0x00,0x00,0x00,0xFF,0x7F,0xFF,0x7F,
	0x00,0x00,0x00,0x00,0x00,0x00,0x00,0x00,0x00,0x00,0x00,0x00,0x84,0x10,0x84,0x10,
	0x00,0x00,0xEF,0x3D,0x63,0x0C,0x63,0x0C,0x63,0x0C,0x63,0x0C,0x63,0x0C,0x63,0x0C,
	0x4A,0x29,0x63,0x0C,0x63,0x0C,0x63,0x0C,0x63,0x0C,0x63,0x0C,0x63,0x0C,0xEF,0x3D,
	0x00,0x00,0x84,0x10,0x84,0x10,0x00,0x00,0x00,0x00,0x00,0x00,0x00,0x00,0x00,0x00,
	0x00,0x00,0xFF,0x7F,0xFF,0x7F,0xFF,0x7F,0xFF,0x7F,0xFF,0x7F,0xFF,0x7F,0x00,0x00,
	0x00,0x00,0x00,0x00,0x00,0x00,0xFF,0x7F,0xFF,0x7F,0xFF,0x7F,0xFF,0x7F,0x00,0x00,
	0x00,0x00,0xFF,0x7F,0xFF,0x7F,0x00,0x00,0x00,0x00,0x00,0x00,0x00,0x00,0x00,0x00,

	0x00,0x00,0x00,0x00,0x00,0x00,0xFF,0x7F,0xFF,0x7F,0xFF,0x7F,0xFF,0x7F,0xFF,0x7F,
	0xFF,0x7F,0x00,0x00,0x00,0x00,0x00,0x00,0x00,0x00,0xFF,0x7F,0xFF,0x7F,0x00,0x00,
	0x00,0x00,0x00,0x00,0x00,0x00,0x00,0x00,0x00,0x00,0xFF,0x7F,0xFF,0x7F,0xFF,0x7F,
	0xFF,0x7F,0xFF,0x7F,0xFF,0x7F,0x00,0x00,0x00,0x00,0x00,0x00,0x00,0x00,0x00,0x00,
	0x00,0x00,0x00,0x00,0x00,0x00,0x00,0x00,0x00,0x00,0xFF,0x7F,0xFF,0x7F,0x00,0x00,
	0x00,0x00,0xFF,0x7F,0xFF,0x7F,0x00,0x00,0x00,0x00,0x84,0x10,0x84,0x10,0x00,0x00,
	0xEF,0x3D,0x63,0x0C,0x63,0x0C,0x63,0x0C,0x63,0x0C,0x63,0x0C,0x63,0x0C,0x63,0x0C,
	0x4A,0x29,0x63,0x0C,0x63,0x0C,0x63,0x0C,0x63,0x0C,0x63,0x0C,0x63,0x0C,0x63,0x0C,

	0x63,0x0C,0x63,0x0C,0x63,0x0C,0x63,0x0C,0x63,0x0C,0x63,0x0C,0x63,0x0C,0x63,0x0C,
	0x63,0x0C,0x63,0x0C,0x63,0x0C,0x63,0x0C,0x63,0x0C,0x63,0x0C,0x63,0x0C,0x63,0x0C,
	0x00,0x00,0x00,0x00,0x00,0x00,0x00,0x00,0x00,0x00,0x00,0x00,0x00,0x00,0x00,0x00,
	0x00,0x00,0x00,0x00,0x00,0x00,0x00,0x00,0x00,0x00,0x00,0x00,0x00,0x00,0x00,0x00,
	0x00,0x00,0x00,0x00,0x00,0x00,0x00,0x00,0x00,0x00,0x00,0x00,0x00,0x00,0x00,0x00,
	0x4A,0x29,0x00,0x00,0x00,0x00,0x00,0x00,0x00,0x00,0x00,0x00,0x00,0x00,0x00,0x00,
	0xEF,0x3D,0x00,0x00,0x84,0x10,0x84,0x10,0xFF,0x7F,0xFF,0x7F,0xFF,0x7F,0xFF,0x7F,
	0x00,0x00,0x00,0x00,0xFF,0x7F,0xFF,0x7F,0x00,0x00,0x00,0x00,0xFF,0x7F,0xFF,0x7F,

	0x00,0x00,0x00,0x00,0xFF,0x7F,0xFF,0x7F,0xFF,0x7F,0xFF,0x7F,0xFF,0x7F,0xFF,0x7F,
	0x00,0x00,0x00,0x00,0xFF,0x7F,0xFF,0x7F,0x00,0x00,0x00,0x00,0xFF,0x7F,0xFF,0x7F,
	0x00,0x00,0x00,0x00,0x00,0x00,0x00,0x00,0xFF,0x7F,0xFF,0x7F,0xFF,0x7F,0xFF,0x7F,
	0x00,0x00,0x00,0x00,0x00,0x00,0x00,0x00,0xFF,0x7F,0xFF,0x7F,0x00,0x00,0x00,0x00,
	0xFF,0x7F,0xFF,0x7F,0xFF,0x7F,0xFF,0x7F,0x00,0x00,0x00,0x00,0x00,0x00,0x00,0x00,
	0xFF,0x7F,0xFF,0x7F,0x00,0x00,0x00,0x00,0x00,0x00,0x00,0x00,0x00,0x00,0x00,0x00,
	0x00,0x00,0x00,0x00,0x00,0x00,0x00,0x00,0x00,0x00,0x00,0x00,0xFF,0x7F,0xFF,0x7F,
	0x00,0x00,0x00,0x00,0x00,0x00,0x00,0x00,0x00,0x00,0x00,0x00,0x84,0x10,0x84,0x10,

	0x00,0x00,0xEF,0x3D,0x00,0x00,0x00,0x00,0x00,0x00,0x00,0x00,0x00,0x00,0x00,0x00,
	0x4A,0x29,0x00,0x00,0x00,0x00,0x00,0x00,0x00,0x00,0x00,0x00,0x00,0x00,0xEF,0x3D,
	0x00,0x00,0x84,0x10,0x84,0x10,0x00,0x00,0x00,0x00,0x00,0x00,0x00,0x00,0x00,0x00,
	0x00,0x00,0xFF,0x7F,0xFF,0x7F,0xFF,0x7F,0xFF,0x7F,0xFF,0x7F,0xFF,0x7F,0x00,0x00,
	0x00,0x00,0x00,0x00,0x00,0x00,0xFF,0x7F,0xFF,0x7F,0xFF,0x7F,0xFF,0x7F,0x00,0x00,
	0x00,0x00,0xFF,0x7F,0xFF,0x7F,0x00,0x00,0x00,0x00,0x00,0x00,0x00,0x00,0x00,0x00,
	0x00,0x00,0x00,0x00,0x00,0x00,0xFF,0x7F,0xFF,0x7F,0xFF,0x7F,0xFF,0x7F,0xFF,0x7F,
	0xFF,0x7F,0x00,0x00,0x00,0x00,0x00,0x00,0x00,0x00,0xFF,0x7F,0xFF,0x7F,0x00,0x00,

	0x00,0x00,0x00,0x00,0x00,0x00,0x00,0x00,0x00,0x00,0xFF,0x7F,0xFF,0x7F,0xFF,0x7F,
	0xFF,0x7F,0xFF,0x7F,0xFF,0x7F,0x00,0x00,0x00,0x00,0x00,0x00,0x00,0x00,0x00,0x00,
	0x00,0x00,0x00,0x00,0x00,0x00,0x00,0x00,0x00,0x00,0xFF,0x7F,0xFF,0x7F,0x00,0x00,
	0x00,0x00,0xFF,0x7F,0xFF,0x7F,0x00,0x00,0x00,0x00,0x84,0x10,0x84,0x10,0x00,0x00,
	0xEF,0x3D,0x00,0x00,0x00,0x00,0x00,0x00,0x00,0x00,0x00,0x00,0x00,0x00,0x00,0x00,
	0x4A,0x29,0x00,0x00,0x00,0x00,0x00,0x00,0x00,0x00,0x00,0x00,0x00,0x00,0x00,0x00,
	0x00,0x00,0x00,0x00,0x00,0x00,0x00,0x00,0x00,0x00,0x00,0x00,0x00,0x00,0x00,0x00,
	0x00,0x00,0x00,0x00,0x00,0x00,0x00,0x00,0x00,0x00,0x00,0x00,0x00,0x00,0x00,0x00,

	0x63,0x0C,0x63,0x0C,0x63,0x0C,0x63,0x0C,0x63,0x0C,0x63,0x0C,0x63,0x0C,0x63,0x0C,
	0x63,0x0C,0x63,0x0C,0x63,0x0C,0x63,0x0C,0x63,0x0C,0x63,0x0C,0x63,0x0C,0x63,0x0C,
	0x63,0x0C,0x63,0x0C,0x63,0x0C,0x63,0x0C,0x63,0x0C,0x63,0x0C,0x63,0x0C,0x63,0x0C,
	0x4A,0x29,0x63,0x0C,0x63,0x0C,0x63,0x0C,0x63,0x0C,0x63,0x0C,0x63,0x0C,0x63,0x0C,
	0xEF,0x3D,0x00,0x00,0x84,0x10,0x84,0x10,0xFF,0x7F,0xFF,0x7F,0xFF,0x7F,0xFF,0x7F,
	0xFF,0x7F,0xFF,0x7F,0xFF,0x7F,0xFF,0x7F,0xFF,0x7F,0xFF,0x7F,0xFF,0x7F,0xFF,0x7F,
	0xFF,0x7F,0xFF,0x7F,0xFF,0x7F,0xFF,0x7F,0x00,0x00,0x00,0x00,0x00,0x00,0x00,0x00,
	0x00,0x00,0x00,0x00,0xFF,0x7F,0xFF,0x7F,0xFF,0x7F,0xFF,0x7F,0xFF,0x7F,0xFF,0x7F,

	0x00,0x00,0x00,0x00,0x00,0x00,0x00,0x00,0x00,0x00,0x00,0x00,0xFF,0x7F,0xFF,0x7F,
	0x00,0x00,0x00,0x00,0xFF,0x7F,0xFF,0x7F,0x00,0x00,0x00,0x00,0xFF,0x7F,0xFF,0x7F,
	0xFF,0x7F,0xFF,0x7F,0x00,0x00,0x00,0x00,0x00,0x00,0x00,0x00,0x00,0x00,0x00,0x00,
	0x00,0x00,0x00,0x00,0xFF,0x7F,0xFF,0x7F,0x00,0x00,0x00,0x00,0xFF,0x7F,0xFF,0x7F,
	0xFF,0x7F,0xFF,0x7F,0xFF,0x7F,0xFF,0x7F,0x00,0x00,0x00,0x00,0xFF,0x7F,0xFF,0x7F,
	0x00,0x00,0x00,0x00,0xFF,0x7F,0xFF,0x7F,0x00,0x00,0x00,0x00,0x84,0x10,0x84,0x10,
	0x00,0x00,0xEF,0x3D,0x63,0x0C,0x63,0x0C,0x63,0x0C,0x63,0x0C,0x63,0x0C,0x63,0x0C,
	0x4A,0x29,0x63,0x0C,0x63,0x0C,0x63,0x0C,0x63,0x0C,0x63,0x0C,0x63,0x0C,0xEF,0x3D,

	0x00,0x00,0x84,0x10,0x84,0x10,0xFF,0x7F,0xFF,0x7F,0xFF,0x7F,0xFF,0x7F,0xFF,0x7F,
	0xFF,0x7F,0xFF,0x7F,0xFF,0x7F,0xFF,0x7F,0xFF,0x7F,0xFF,0x7F,0xFF,0x7F,0xFF,0x7F,
	0xFF,0x7F,0xFF,0x7F,0xFF,0x7F,0x00,0x00,0x00,0x00,0x00,0x00,0x00,0x00,0x00,0x00,
	0x00,0x00,0x00,0x00,0x00,0x00,0x00,0x00,0x00,0x00,0x00,0x00,0x00,0x00,0xFF,0x7F,
	0xFF,0x7F,0x00,0x00,0x00,0x00,0xFF,0x7F,0xFF,0x7F,0xFF,0x7F,0xFF,0x7F,0xFF,0x7F,
	0xFF,0x7F,0x00,0x00,0x00,0x00,0x00,0x00,0x00,0x00,0xFF,0x7F,0xFF,0x7F,0xFF,0x7F,
	0xFF,0x7F,0x00,0x00,0x00,0x00,0x00,0x00,0x00,0x00,0xFF,0x7F,0xFF,0x7F,0xFF,0x7F,
	0xFF,0x7F,0x00,0x00,0x00,0x00,0x00,0x00,0x00,0x00,0xFF,0x7F,0xFF,0x7F,0xFF,0x7F,

	0xFF,0x7F,0xFF,0x7F,0xFF,0x7F,0x00,0x00,0x00,0x00,0xFF,0x7F,0xFF,0x7F,0xFF,0x7F,
	0xFF,0x7F,0x00,0x00,0x00,0x00,0x00,0x00,0x00,0x00,0x84,0x10,0x84,0x10,0x00,0x00,
	0xEF,0x3D,0x63,0x0C,0x63,0x0C,0x63,0x0C,0x63,0x0C,0x63,0x0C,0x63,0x0C,0x63,0x0C,
	0x4A,0x29,0x63,0x0C,0x63,0x0C,0x63,0x0C,0x63,0x0C,0x63,0x0C,0x63,0x0C,0x63,0x0C,
	0x63,0x0C,0x63,0x0C,0x63,0x0C,0x63,0x0C,0x63,0x0C,0x63,0x0C,0x63,0x0C,0x63,0x0C,
	0x63,0x0C,0x63,0x0C,0x63,0x0C,0x63,0x0C,0x63,0x0C,0x63,0x0C,0x63,0x0C,0x63,0x0C,
	0x00,0x00,0x00,0x00,0x00,0x00,0x00,0x00,0x00,0x00,0x00,0x00,0x00,0x00,0x00,0x00,
	0x00,0x00,0x00,0x00,0x00,0x00,0x00,0x00,0x00,0x00,0x00,0x00,0x00,0x00,0x00,0x00,

	0x00,0x00,0x00,0x00,0x00,0x00,0x00,0x00,0x00,0x00,0x00,0x00,0x00,0x00,0x00,0x00,
	0x4A,0x29,0x00,0x00,0x00,0x00,0x00,0x00,0x00,0x00,0x00,0x00,0x00,0x00,0x00,0x00,
	0xEF,0x3D,0x00,0x00,0x84,0x10,0x84,0x10,0xFF,0x7F,0xFF,0x7F,0xFF,0x7F,0xFF,0x7F,
	0xFF,0x7F,0xFF,0x7F,0xFF,0x7F,0xFF,0x7F,0xFF,0x7F,0xFF,0x7F,0xFF,0x7F,0xFF,0x7F,
	0xFF,0x7F,0xFF,0x7F,0xFF,0x7F,0xFF,0x7F,0x00,0x00,0x00,0x00,0x00,0x00,0x00,0x00,
	0x00,0x00,0x00,0x00,0xFF,0x7F,0xFF,0x7F,0xFF,0x7F,0xFF,0x7F,0xFF,0x7F,0xFF,0x7F,
	0x00,0x00,0x00,0x00,0x00,0x00,0x00,0x00,0x00,0x00,0x00,0x00,0xFF,0x7F,0xFF,0x7F,
	0x00,0x00,0x00,0x00,0xFF,0x7F,0xFF,0x7F,0x00,0x00,0x00,0x00,0xFF,0x7F,0xFF,0x7F,

	0xFF,0x7F,0xFF,0x7F,0x00,0x00,0x00,0x00,0x00,0x00,0x00,0x00,0x00,0x00,0x00,0x00,
	0x00,0x00,0x00,0x00,0xFF,0x7F,0xFF,0x7F,0x00,0x00,0x00,0x00,0xFF,0x7F,0xFF,0x7F,
	0xFF,0x7F,0xFF,0x7F,0xFF,0x7F,0xFF,0x7F,0x00,0x00,0x00,0x00,0xFF,0x7F,0xFF,0x7F,
	0x00,0x00,0x00,0x00,0xFF,0x7F,0xFF,0x7F,0x00,0x00,0x00,0x00,0x84,0x10,0x84,0x10,
	0x00,0x00,0xEF,0x3D,0x00,0x00,0x00,0x00,0x00,0x00,0x00,0x00,0x00,0x00,0x00,0x00,
	0x4A,0x29,0x00,0x00,0x00,0x00,0x00,0x00,0x00,0x00,0x00,0x00,0x00,0x00,0xEF,0x3D,
	0x00,0x00,0x84,0x10,0x84,0x10,0xFF,0x7F,0xFF,0x7F,0xFF,0x7F,0xFF,0x7F,0xFF,0x7F,
	0xFF,0x7F,0xFF,0x7F,0xFF,0x7F,0xFF,0x7F,0xFF,0x7F,0xFF,0x7F,0xFF,0x7F,0xFF,0x7F,

	0xFF,0x7F,0xFF,0x7F,0xFF,0x7F,0x00,0x00,0x00,0x00,0x00,0x00,0x00,0x00,0x00,0x00,
	0x00,0x00,0x00,0x00,0x00,0x00,0x00,0x00,0x00,0x00,0x00,0x00,0x00,0x00,0xFF,0x7F,
	0xFF,0x7F,0x00,0x00,0x00,0x00,0xFF,0x7F,0xFF,0x7F,0xFF,0x7F,0xFF,0x7F,0xFF,0x7F,
	0xFF,0x7F,0x00,0x00,0x00,0x00,0x00,0x00,0x00,0x00,0xFF,0x7F,0xFF,0x7F,0xFF,0x7F,
	0xFF,0x7F,0x00,0x00,0x00,0x00,0x00,0x00,0x00,0x00,0xFF,0x7F,0xFF,0x7F,0xFF,0x7F,
	0xFF,0x7F,0x00,0x00,0x00,0x00,0x00,0x00,0x00,0x00,0xFF,0x7F,0xFF,0x7F,0xFF,0x7F,
	0xFF,0x7F,0xFF,0x7F,0xFF,0x7F,0x00,0x00,0x00,0x00,0xFF,0x7F,0xFF,0x7F,0xFF,0x7F,
	0xFF,0x7F,0x00,0x00,0x00,0x00,0x00,0x00,0x00,0x00,0x84,0x10,0x84,0x10,0x00,0x00,

	0xEF,0x3D,0x00,0x00,0x00,0x00,0x00,0x00,0x00,0x00,0x00,0x00,0x00,0x00,0x00,0x00,
	0x4A,0x29,0x00,0x00,0x00,0x00,0x00,0x00,0x00,0x00,0x00,0x00,0x00,0x00,0x00,0x00,
	0x00,0x00,0x00,0x00,0x00,0x00,0x00,0x00,0x00,0x00,0x00,0x00,0x00,0x00,0x00,0x00,
	0x00,0x00,0x00,0x00,0x00,0x00,0x00,0x00,0x00,0x00,0x00,0x00,0x00,0x00,0x00,0x00,
	0x63,0x0C,0x63,0x0C,0x63,0x0C,0x63,0x0C,0x63,0x0C,0x63,0x0C,0x63,0x0C,0x63,0x0C,
	0x63,0x0C,0x63,0x0C,0x63,0x0C,0x63,0x0C,0x63,0x0C,0x63,0x0C,0x63,0x0C,0x63,0x0C,
	0x63,0x0C,0x63,0x0C,0x63,0x0C,0x63,0x0C,0x63,0x0C,0x63,0x0C,0x63,0x0C,0x63,0x0C,
	0x4A,0x29,0x63,0x0C,0x63,0x0C,0x63,0x0C,0x63,0x0C,0x63,0x0C,0x63,0x0C,0x63,0x0C,

	0xEF,0x3D,0x00,0x00,0x84,0x10,0x84,0x10,0x00,0x00,0x00,0x00,0x00,0x00,0x00,0x00,
	0x00,0x00,0x00,0x00,0x00,0x00,0x00,0x00,0x00,0x00,0x00,0x00,0x00,0x00,0x00,0x00,
	0x00,0x00,0x00,0x00,0xFF,0x7F,0xFF,0x7F,0xFF,0x7F,0xFF,0x7F,0xFF,0x7F,0xFF,0x7F,
	0x00,0x00,0x00,0x00,0xFF,0x7F,0xFF,0x7F,0xFF,0x7F,0xFF,0x7F,0x00,0x00,0x00,0x00,
	0x00,0x00,0x00,0x00,0x00,0x00,0x00,0x00,0x00,0x00,0x00,0x00,0xFF,0x7F,0xFF,0x7F,
	0xFF,0x7F,0xFF,0x7F,0xFF,0x7F,0xFF,0x7F,0xFF,0x7F,0xFF,0x7F,0xFF,0x7F,0xFF,0x7F,
	0xFF,0x7F,0xFF,0x7F,0xFF,0x7F,0xFF,0x7F,0x00,0x00,0x00,0x00,0x00,0x00,0x00,0x00,
	0xFF,0x7F,0xFF,0x7F,0xFF,0x7F,0xFF,0x7F,0x00,0x00,0x00,0x00,0xFF,0x7F,0xFF,0x7F,

	0x00,0x00,0x00,0x00,0xFF,0x7F,0xFF,0x7F,0x00,0x00,0x00,0x00,0xFF,0x7F,0xFF,0x7F,
	0xFF,0x7F,0xFF,0x7F,0x00,0x00,0x00,0x00,0x00,0x00,0x00,0x00,0x84,0x10,0x84,0x10,
	0x00,0x00,0xEF,0x3D,0x63,0x0C,0x63,0x0C,0x63,0x0C,0x63,0x0C,0x63,0x0C,0x63,0x0C,
	0x4A,0x29,0x63,0x0C,0x63,0x0C,0x63,0x0C,0x63,0x0C,0x63,0x0C,0x63,0x0C,0xEF,0x3D,
	0x00,0x00,0x84,0x10,0x84,0x10,0x00,0x00,0x00,0x00,0x00,0x00,0x00,0x00,0x00,0x00,
	0x00,0x00,0x00,0x00,0x00,0x00,0x00,0x00,0x00,0x00,0x00,0x00,0x00,0x00,0x00,0x00,
	0x00,0x00,0xFF,0x7F,0xFF,0x7F,0xFF,0x7F,0xFF,0x7F,0x00,0x00,0x00,0x00,0x00,0x00,
	0x00,0x00,0x00,0x00,0x00,0x00,0x00,0x00,0x00,0x00,0x00,0x00,0x00,0x00,0x00,0x00,

	0x00,0x00,0x00,0x00,0x00,0x00,0xFF,0x7F,0xFF,0x7F,0xFF,0x7F,0xFF,0x7F,0xFF,0x7F,
	0xFF,0x7F,0xFF,0x7F,0xFF,0x7F,0xFF,0x7F,0xFF,0x7F,0x00,0x00,0x00,0x00,0xFF,0x7F,
	0xFF,0x7F,0xFF,0x7F,0xFF,0x7F,0xFF,0x7F,0xFF,0x7F,0x00,0x00,0x00,0x00,0xFF,0x7F,
	0xFF,0x7F,0x00,0x00,0x00,0x00,0x00,0x00,0x00,0x00,0xFF,0x7F,0xFF,0x7F,0x00,0x00,
	0x00,0x00,0xFF,0x7F,0xFF,0x7F,0x00,0x00,0x00,0x00,0xFF,0x7F,0xFF,0x7F,0x00,0x00,
	0x00,0x00,0x00,0x00,0x00,0x00,0x00,0x00,0x00,0x00,0x84,0x10,0x84,0x10,0x00,0x00,
	0xEF,0x3D,0x63,0x0C,0x63,0x0C,0x63,0x0C,0x63,0x0C,0x63,0x0C,0x63,0x0C,0x63,0x0C,
	0x4A,0x29,0x63,0x0C,0x63,0x0C,0x63,0x0C,0x63,0x0C,0x63,0x0C,0x63,0x0C,0x63,0x0C,

	0x63,0x0C,0x63,0x0C,0x63,0x0C,0x63,0x0C,0x63,0x0C,0x63,0x0C,0x63,0x0C,0x63,0x0C,
	0x63,0x0C,0x63,0x0C,0x63,0x0C,0x63,0x0C,0x63,0x0C,0x63,0x0C,0x63,0x0C,0x63,0x0C,
	0x00,0x00,0x00,0x00,0x00,0x00,0x00,0x00,0x00,0x00,0x00,0x00,0x00,0x00,0x00,0x00,
	0x00,0x00,0x00,0x00,0x00,0x00,0x00,0x00,0x00,0x00,0x00,0x00,0x00,0x00,0x00,0x00,
	0x00,0x00,0x00,0x00,0x00,0x00,0x00,0x00,0x00,0x00,0x00,0x00,0x00,0x00,0x00,0x00,
	0x4A,0x29,0x00,0x00,0x00,0x00,0x00,0x00,0x00,0x00,0x00,0x00,0x00,0x00,0x00,0x00,
	0xEF,0x3D,0x00,0x00,0x84,0x10,0x84,0x10,0x00,0x00,0x00,0x00,0x00,0x00,0x00,0x00,
	0x00,0x00,0x00,0x00,0x00,0x00,0x00,0x00,0x00,0x00,0x00,0x00,0x00,0x00,0x00,0x00,

	0x00,0x00,0x00,0x00,0xFF,0x7F,0xFF,0x7F,0xFF,0x7F,0xFF,0x7F,0xFF,0x7F,0xFF,0x7F,
	0x00,0x00,0x00,0x00,0xFF,0x7F,0xFF,0x7F,0xFF,0x7F,0xFF,0x7F,0x00,0x00,0x00,0x00,
	0x00,0x00,0x00,0x00,0x00,0x00,0x00,0x00,0x00,0x00,0x00,0x00,0xFF,0x7F,0xFF,0x7F,
	0xFF,0x7F,0xFF,0x7F,0xFF,0x7F,0xFF,0x7F,0xFF,0x7F,0xFF,0x7F,0xFF,0x7F,0xFF,0x7F,
	0xFF,0x7F,0xFF,0x7F,0xFF,0x7F,0xFF,0x7F,0x00,0x00,0x00,0x00,0x00,0x00,0x00,0x00,
	0xFF,0x7F,0xFF,0x7F,0xFF,0x7F,0xFF,0x7F,0x00,0x00,0x00,0x00,0xFF,0x7F,0xFF,0x7F,
	0x00,0x00,0x00,0x00,0xFF,0x7F,0xFF,0x7F,0x00,0x00,0x00,0x00,0xFF,0x7F,0xFF,0x7F,
	0xFF,0x7F,0xFF,0x7F,0x00,0x00,0x00,0x00,0x00,0x00,0x00,0x00,0x84,0x10,0x84,0x10,

	0x00,0x00,0xEF,0x3D,0x00,0x00,0x00,0x00,0x00,0x00,0x00,0x00,0x00,0x00,0x00,0x00,
	0x4A,0x29,0x00,0x00,0x00,0x00,0x00,0x00,0x00,0x00,0x00,0x00,0x00,0x00,0xEF,0x3D,
	0x00,0x00,0x84,0x10,0x84,0x10,0x00,0x00,0x00,0x00,0x00,0x00,0x00,0x00,0x00,0x00,
	0x00,0x00,0x00,0x00,0x00,0x00,0x00,0x00,0x00,0x00,0x00,0x00,0x00,0x00,0x00,0x00,
	0x00,0x00,0xFF,0x7F,0xFF,0x7F,0xFF,0x7F,0xFF,0x7F,0x00,0x00,0x00,0x00,0x00,0x00,
	0x00,0x00,0x00,0x00,0x00,0x00,0x00,0x00,0x00,0x00,0x00,0x00,0x00,0x00,0x00,0x00,
	0x00,0x00,0x00,0x00,0x00,0x00,0xFF,0x7F,0xFF,0x7F,0xFF,0x7F,0xFF,0x7F,0xFF,0x7F,
	0xFF,0x7F,0xFF,0x7F,0xFF,0x7F,0xFF,0x7F,0xFF,0x7F,0x00,0x00,0x00,0x00,0xFF,0x7F,

	0xFF,0x7F,0xFF,0x7F,0xFF,0x7F,0xFF,0x7F,0xFF,0x7F,0x00,0x00,0x00,0x00,0xFF,0x7F,
	0xFF,0x7F,0x00,0x00,0x00,0x00,0x00,0x00,0x00,0x00,0xFF,0x7F,0xFF,0x7F,0x00,0x00,
	0x00,0x00,0xFF,0x7F,0xFF,0x7F,0x00,0x00,0x00,0x00,0xFF,0x7F,0xFF,0x7F,0x00,0x00,
	0x00,0x00,0x00,0x00,0x00,0x00,0x00,0x00,0x00,0x00,0x84,0x10,0x84,0x10,0x00,0x00,
	0xEF,0x3D,0x00,0x00,0x00,0x00,0x00,0x00,0x00,0x00,0x00,0x00,0x00,0x00,0x00,0x00,
	0x4A,0x29,0x00,0x00,0x00,0x00,0x00,0x00,0x00,0x00,0x00,0x00,0x00,0x00,0x00,0x00,
	0x00,0x00,0x00,0x00,0x00,0x00,0x00,0x00,0x00,0x00,0x00,0x00,0x00,0x00,0x00,0x00,
	0x00,0x00,0x00,0x00,0x00,0x00,0x00,0x00,0x00,0x00,0x00,0x00,0x00,0x00,0x00,0x00,

	0x63,0x0C,0x63,0x0C,0x63,0x0C,0x63,0x0C,0x63,0x0C,0x63,0x0C,0x63,0x0C,0x63,0x0C,
	0x63,0x0C,0x63,0x0C,0x63,0x0C,0x63,0x0C,0x63,0x0C,0x63,0x0C,0x63,0x0C,0x63,0x0C,
	0x63,0x0C,0x63,0x0C,0x63,0x0C,0x63,0x0C,0x63,0x0C,0x63,0x0C,0x63,0x0C,0x63,0x0C,
	0x4A,0x29,0x63,0x0C,0x63,0x0C,0x63,0x0C,0x63,0x0C,0x63,0x0C,0x63,0x0C,0x63,0x0C,
	0xEF,0x3D,0x00,0x00,0x63,0x0C,0x84,0x10,0x00,0x00,0x00,0x00,0xFF,0x7F,0xFF,0x7F,
	0xFF,0x7F,0xFF,0x7F,0xFF,0x7F,0xFF,0x7F,0xFF,0x7F,0xFF,0x7F,0xFF,0x7F,0xFF,0x7F,
	0x00,0x00,0x00,0x00,0xFF,0x7F,0xFF,0x7F,0xFF,0x7F,0xFF,0x7F,0xFF,0x7F,0xFF,0x7F,
	0x00,0x00,0x00,0x00,0x00,0x00,0x00,0x00,0xFF,0x7F,0xFF,0x7F,0x00,0x00,0x00,0x00,

	0x00,0x00,0x00,0x00,0xFF,0x7F,0xFF,0x7F,0x00,0x00,0x00,0x00,0x00,0x00,0x00,0x00,
	0x00,0x00,0x00,0x00,0xFF,0x7F,0xFF,0x7F,0xFF,0x7F,0xFF,0x7F,0xFF,0x7F,0xFF,0x7F,
	0xFF,0x7F,0xFF,0x7F,0x00,0x00,0x00,0x00,0x00,0x00,0x00,0x00,0xFF,0x7F,0xFF,0x7F,
	0xFF,0x7F,0xFF,0x7F,0xFF,0x7F,0xFF,0x7F,0x00,0x00,0x00,0x00,0xFF,0x7F,0xFF,0x7F,
	0xFF,0x7F,0xFF,0x7F,0xFF,0x7F,0xFF,0x7F,0x00,0x00,0x00,0x00,0x00,0x00,0x00,0x00,
	0xFF,0x7F,0xFF,0x7F,0xFF,0x7F,0xFF,0x7F,0x00,0x00,0x00,0x00,0x84,0x10,0x63,0x0C,
	0x00,0x00,0xEF,0x3D,0x63,0x0C,0x63,0x0C,0x63,0x0C,0x63,0x0C,0x63,0x0C,0x63,0x0C,
	0x4A,0x29,0x63,0x0C,0x63,0x0C,0x63,0x0C,0x63,0x0C,0x63,0x0C,0x63,0x0C,0xEF,0x3D,

	0x00,0x00,0x63,0x0C,0x84,0x10,0x00,0x00,0x00,0x00,0xFF,0x7F,0xFF,0x7F,0xFF,0x7F,
	0xFF,0x7F,0xFF,0x7F,0xFF,0x7F,0xFF,0x7F,0xFF,0x7F,0xFF,0x7F,0xFF,0x7F,0x00,0x00,
	0x00,0x00,0xFF,0x7F,0xFF,0x7F,0xFF,0x7F,0xFF,0x7F,0x00,0x00,0x00,0x00,0x00,0x00,
	0x00,0x00,0x00,0x00,0x00,0x00,0x00,0x00,0x00,0x00,0x00,0x00,0x00,0x00,0x00,0x00,
	0x00,0x00,0x00,0x00,0x00,0x00,0x00,0x00,0x00,0x00,0x00,0x00,0x00,0x00,0x00,0x00,
	0x00,0x00,0xFF,0x7F,0xFF,0x7F,0xFF,0x7F,0xFF,0x7F,0xFF,0x7F,0xFF,0x7F,0x00,0x00,
	0x00,0x00,0x00,0x00,0x00,0x00,0x00,0x00,0x00,0x00,0xFF,0x7F,0xFF,0x7F,0xFF,0x7F,
	0xFF,0x7F,0xFF,0x7F,0xFF,0x7F,0x00,0x00,0x00,0x00,0xFF,0x7F,0xFF,0x7F,0xFF,0x7F,

	0xFF,0x7F,0xFF,0x7F,0xFF,0x7F,0x00,0x00,0x00,0x00,0xFF,0x7F,0xFF,0x7F,0x00,0x00,
	0x00,0x00,0xFF,0x7F,0xFF,0x7F,0x00,0x00,0x00,0x00,0x84,0x10,0x63,0x0C,0x00,0x00,
	0xEF,0x3D,0x63,0x0C,0x63,0x0C,0x63,0x0C,0x63,0x0C,0x63,0x0C,0x63,0x0C,0x63,0x0C,
	0x4A,0x29,0x63,0x0C,0x63,0x0C,0x63,0x0C,0x63,0x0C,0x63,0x0C,0x63,0x0C,0x63,0x0C,
	0x63,0x0C,0x63,0x0C,0x63,0x0C,0x63,0x0C,0x63,0x0C,0x63,0x0C,0x63,0x0C,0x63,0x0C,
	0x63,0x0C,0x63,0x0C,0x63,0x0C,0x63,0x0C,0x63,0x0C,0x63,0x0C,0x63,0x0C,0x63,0x0C,
	0x00,0x00,0x00,0x00,0x00,0x00,0x00,0x00,0x00,0x00,0x00,0x00,0x00,0x00,0x00,0x00,
	0x00,0x00,0x00,0x00,0x00,0x00,0x00,0x00,0x00,0x00,0x00,0x00,0x00,0x00,0x00,0x00,

	0x00,0x00,0x00,0x00,0x00,0x00,0x00,0x00,0x00,0x00,0x00,0x00,0x00,0x00,0x00,0x00,
	0x4A,0x29,0x00,0x00,0x00,0x00,0x00,0x00,0x00,0x00,0x00,0x00,0x00,0x00,0x00,0x00,
	0xEF,0x3D,0x00,0x00,0x84,0x10,0x63,0x0C,0x00,0x00,0x00,0x00,0xFF,0x7F,0xFF,0x7F,
	0xFF,0x7F,0xFF,0x7F,0xFF,0x7F,0xFF,0x7F,0xFF,0x7F,0xFF,0x7F,0xFF,0x7F,0xFF,0x7F,
	0x00,0x00,0x00,0x00,0xFF,0x7F,0xFF,0x7F,0xFF,0x7F,0xFF,0x7F,0xFF,0x7F,0xFF,0x7F,
	0x00,0x00,0x00,0x00,0x00,0x00,0x00,0x00,0xFF,0x7F,0xFF,0x7F,0x00,0x00,0x00,0x00,
	0x00,0x00,0x00,0x00,0xFF,0x7F,0xFF,0x7F,0x00,0x00,0x00,0x00,0x00,0x00,0x00,0x00,
	0x00,0x00,0x00,0x00,0xFF,0x7F,0xFF,0x7F,0xFF,0x7F,0xFF,0x7F,0xFF,0x7F,0xFF,0x7F,

	0xFF,0x7F,0xFF,0x7F,0x00,0x00,0x00,0x00,0x00,0x00,0x00,0x00,0xFF,0x7F,0xFF,0x7F,
	0xFF,0x7F,0xFF,0x7F,0xFF,0x7F,0xFF,0x7F,0x00,0x00,0x00,0x00,0xFF,0x7F,0xFF,0x7F,
	0xFF,0x7F,0xFF,0x7F,0xFF,0x7F,0xFF,0x7F,0x00,0x00,0x00,0x00,0x00,0x00,0x00,0x00,
	0xFF,0x7F,0xFF,0x7F,0xFF,0x7F,0xFF,0x7F,0x00,0x00,0x00,0x00,0x63,0x0C,0x84,0x10,
	0x00,0x00,0xEF,0x3D,0x00,0x00,0x00,0x00,0x00,0x00,0x00,0x00,0x00,0x00,0x00,0x00,
	0x4A,0x29,0x00,0x00,0x00,0x00,0x00,0x00,0x00,0x00,0x00,0x00,0x00,0x00,0xEF,0x3D,
	0x00,0x00,0x84,0x10,0x63,0x0C,0x00,0x00,0x00,0x00,0xFF,0x7F,0xFF,0x7F,0xFF,0x7F,
	0xFF,0x7F,0xFF,0x7F,0xFF,0x7F,0xFF,0x7F,0xFF,0x7F,0xFF,0x7F,0xFF,0x7F,0x00,0x00,

	0x00,0x00,0xFF,0x7F,0xFF,0x7F,0xFF,0x7F,0xFF,0x7F,0x00,0x00,0x00,0x00,0x00,0x00,
	0x00,0x00,0x00,0x00,0x00,0x00,0x00,0x00,0x00,0x00,0x00,0x00,0x00,0x00,0x00,0x00,
	0x00,0x00,0x00,0x00,0x00,0x00,0x00,0x00,0x00,0x00,0x00,0x00,0x00,0x00,0x00,0x00,
	0x00,0x00,0xFF,0x7F,0xFF,0x7F,0xFF,0x7F,0xFF,0x7F,0xFF,0x7F,0xFF,0x7F,0x00,0x00,
	0x00,0x00,0x00,0x00,0x00,0x00,0x00,0x00,0x00,0x00,0xFF,0x7F,0xFF,0x7F,0xFF,0x7F,
	0xFF,0x7F,0xFF,0x7F,0xFF,0x7F,0x00,0x00,0x00,0x00,0xFF,0x7F,0xFF,0x7F,0xFF,0x7F,
	0xFF,0x7F,0xFF,0x7F,0xFF,0x7F,0x00,0x00,0x00,0x00,0xFF,0x7F,0xFF,0x7F,0x00,0x00,
	0x00,0x00,0xFF,0x7F,0xFF,0x7F,0x00,0x00,0x00,0x00,0x63,0x0C,0x84,0x10,0x00,0x00,

	0xEF,0x3D,0x00,0x00,0x00,0x00,0x00,0x00,0x00,0x00,0x00,0x00,0x00,0x00,0x00,0x00,
	0x4A,0x29,0x00,0x00,0x00,0x00,0x00,0x00,0x00,0x00,0x00,0x00,0x00,0x00,0x00,0x00,
	0x00,0x00,0x00,0x00,0x00,0x00,0x00,0x00,0x00,0x00,0x00,0x00,0x00,0x00,0x00,0x00,
	0x00,0x00,0x00,0x00,0x00,0x00,0x00,0x00,0x00,0x00,0x00,0x00,0x00,0x00,0x00,0x00,
	0x63,0x0C,0x63,0x0C,0x63,0x0C,0x63,0x0C,0x63,0x0C,0x63,0x0C,0x63,0x0C,0x63,0x0C,
	0x63,0x0C,0x63,0x0C,0x63,0x0C,0x63,0x0C,0x63,0x0C,0x63,0x0C,0x63,0x0C,0x63,0x0C,
	0x63,0x0C,0x63,0x0C,0x63,0x0C,0x63,0x0C,0x63,0x0C,0x63,0x0C,0x63,0x0C,0x63,0x0C,
	0x4A,0x29,0x63,0x0C,0x63,0x0C,0x63,0x0C,0x63,0x0C,0x63,0x0C,0x63,0x0C,0x63,0x0C,

	0xEF,0x3D,0x00,0x00,0x63,0x0C,0x84,0x10,0x00,0x00,0x00,0x00,0xFF,0x7F,0xFF,0x7F,
	0x00,0x00,0x00,0x00,0x00,0x00,0x00,0x00,0x00,0x00,0x00,0x00,0xFF,0x7F,0xFF,0x7F,
	0x00,0x00,0x00,0x00,0xFF,0x7F,0xFF,0x7F,0xFF,0x7F,0xFF,0x7F,0x00,0x00,0x00,0x00,
	0xFF,0x7F,0xFF,0x7F,0xFF,0x7F,0xFF,0x7F,0xFF,0x7F,0xFF,0x7F,0x00,0x00,0x00,0x00,
	0x00,0x00,0x00,0x00,0xFF,0x7F,0xFF,0x7F,0x00,0x00,0x00,0x00,0x00,0x00,0x00,0x00,
	0x00,0x00,0x00,0x00,0x00,0x00,0x00,0x00,0x00,0x00,0x00,0x00,0x00,0x00,0x00,0x00,
	0x00,0x00,0x00,0x00,0xFF,0x7F,0xFF,0x7F,0x00,0x00,0x00,0x00,0xFF,0x7F,0xFF,0x7F,
	0xFF,0x7F,0xFF,0x7F,0xFF,0x7F,0xFF,0x7F,0x00,0x00,0x00,0x00,0x00,0x00,0x00,0x00,

	0x00,0x00,0x00,0x00,0x00,0x00,0x00,0x00,0x00,0x00,0x00,0x00,0xFF,0x7F,0xFF,0x7F,
	0xFF,0x7F,0xFF,0x7F,0xFF,0x7F,0xFF,0x7F,0xFF,0x7F,0xFF,0x7F,0x84,0x10,0x63,0x0C,
	0x00,0x00,0xEF,0x3D,0x63,0x0C,0x63,0x0C,0x63,0x0C,0x63,0x0C,0x63,0x0C,0x63,0x0C,
	0x4A,0x29,0x63,0x0C,0x63,0x0C,0x63,0x0C,0x63,0x0C,0x63,0x0C,0x63,0x0C,0xEF,0x3D,
	0x00,0x00,0x63,0x0C,0x84,0x10,0x00,0x00,0x00,0x00,0xFF,0x7F,0xFF,0x7F,0x00,0x00,
	0x00,0x00,0x00,0x00,0x00,0x00,0x00,0x00,0x00,0x00,0xFF,0x7F,0xFF,0x7F,0x00,0x00,
	0x00,0x00,0xFF,0x7F,0xFF,0x7F,0xFF,0x7F,0xFF,0x7F,0x00,0x00,0x00,0x00,0xFF,0x7F,
	0xFF,0x7F,0x00,0x00,0x00,0x00,0x00,0x00,0x00,0x00,0x00,0x00,0x00,0x00,0xFF,0x7F,

	0xFF,0x7F,0x00,0x00,0x00,0x00,0xFF,0x7F,0xFF,0x7F,0xFF,0x7F,0xFF,0x7F,0xFF,0x7F,
	0xFF,0x7F,0x00,0x00,0x00,0x00,0xFF,0x7F,0xFF,0x7F,0x00,0x00,0x00,0x00,0x00,0x00,
	0x00,0x00,0x00,0x00,0x00,0x00,0xFF,0x7F,0xFF,0x7F,0x00,0x00,0x00,0x00,0x00,0x00,
	0x00,0x00,0xFF,0x7F,0xFF,0x7F,0x00,0x00,0x00,0x00,0x00,0x00,0x00,0x00,0x00,0x00,
	0x00,0x00,0x00,0x00,0x00,0x00,0x00,0x00,0x00,0x00,0x00,0x00,0x00,0x00,0xFF,0x7F,
	0xFF,0x7F,0xFF,0x7F,0xFF,0x7F,0x00,0x00,0x00,0x00,0x84,0x10,0x63,0x0C,0x00,0x00,
	0xEF,0x3D,0x63,0x0C,0x63,0x0C,0x63,0x0C,0x63,0x0C,0x63,0x0C,0x63,0x0C,0x63,0x0C,
	0x4A,0x29,0x63,0x0C,0x63,0x0C,0x63,0x0C,0x63,0x0C,0x63,0x0C,0x63,0x0C,0x63,0x0C,

	0x63,0x0C,0x63,0x0C,0x63,0x0C,0x63,0x0C,0x63,0x0C,0x63,0x0C,0x63,0x0C,0x63,0x0C,
	0x63,0x0C,0x63,0x0C,0x63,0x0C,0x63,0x0C,0x63,0x0C,0x63,0x0C,0x63,0x0C,0x63,0x0C,
	0x00,0x00,0x00,0x00,0x00,0x00,0x00,0x00,0x00,0x00,0x00,0x00,0x00,0x00,0x00,0x00,
	0x00,0x00,0x00,0x00,0x00,0x00,0x00,0x00,0x00,0x00,0x00,0x00,0x00,0x00,0x00,0x00,
	0x00,0x00,0x00,0x00,0x00,0x00,0x00,0x00,0x00,0x00,0x00,0x00,0x00,0x00,0x00,0x00,
	0x4A,0x29,0x00,0x00,0x00,0x00,0x00,0x00,0x00,0x00,0x00,0x00,0x00,0x00,0x00,0x00,
	0xEF,0x3D,0x00,0x00,0x84,0x10,0x63,0x0C,0x00,0x00,0x00,0x00,0xFF,0x7F,0xFF,0x7F,
	0x00,0x00,0x00,0x00,0x00,0x00,0x00,0x00,0x00,0x00,0x00,0x00,0xFF,0x7F,0xFF,0x7F,

	0x00,0x00,0x00,0x00,0xFF,0x7F,0xFF,0x7F,0xFF,0x7F,0xFF,0x7F,0x00,0x00,0x00,0x00,
	0xFF,0x7F,0xFF,0x7F,0xFF,0x7F,0xFF,0x7F,0xFF,0x7F,0xFF,0x7F,0x00,0x00,0x00,0x00,
	0x00,0x00,0x00,0x00,0xFF,0x7F,0xFF,0x7F,0x00,0x00,0x00,0x00,0x00,0x00,0x00,0x00,
	0x00,0x00,0x00,0x00,0x00,0x00,0x00,0x00,0x00,0x00,0x00,0x00,0x00,0x00,0x00,0x00,
	0x00,0x00,0x00,0x00,0xFF,0x7F,0xFF,0x7F,0x00,0x00,0x00,0x00,0xFF,0x7F,0xFF,0x7F,
	0xFF,0x7F,0xFF,0x7F,0xFF,0x7F,0xFF,0x7F,0x00,0x00,0x00,0x00,0x00,0x00,0x00,0x00,
	0x00,0x00,0x00,0x00,0x00,0x00,0x00,0x00,0x00,0x00,0x00,0x00,0xFF,0x7F,0xFF,0x7F,
	0xFF,0x7F,0xFF,0x7F,0xFF,0x7F,0xFF,0x7F,0xFF,0x7F,0xFF,0x7F,0x63,0x0C,0x84,0x10,

	0x00,0x00,0xEF,0x3D,0x00,0x00,0x00,0x00,0x00,0x00,0x00,0x00,0x00,0x00,0x00,0x00,
	0x4A,0x29,0x00,0x00,0x00,0x00,0x00,0x00,0x00,0x00,0x00,0x00,0x00,0x00,0xEF,0x3D,
	0x00,0x00,0x84,0x10,0x63,0x0C,0x00,0x00,0x00,0x00,0xFF,0x7F,0xFF,0x7F,0x00,0x00,
	0x00,0x00,0x00,0x00,0x00,0x00,0x00,0x00,0x00,0x00,0xFF,0x7F,0xFF,0x7F,0x00,0x00,
	0x00,0x00,0xFF,0x7F,0xFF,0x7F,0xFF,0x7F,0xFF,0x7F,0x00,0x00,0x00,0x00,0xFF,0x7F,
	0xFF,0x7F,0x00,0x00,0x00,0x00,0x00,0x00,0x00,0x00,0x00,0x00,0x00,0x00,0xFF,0x7F,
	0xFF,0x7F,0x00,0x00,0x00,0x00,0xFF,0x7F,0xFF,0x7F,0xFF,0x7F,0xFF,0x7F,0xFF,0x7F,
	0xFF,0x7F,0x00,0x00,0x00,0x00,0xFF,0x7F,0xFF,0x7F,0x00,0x00,0x00,0x00,0x00,0x00,

	0x00,0x00,0x00,0x00,0x00,0x00,0xFF,0x7F,0xFF,0x7F,0x00,0x00,0x00,0x00,0x00,0x00,
	0x00,0x00,0xFF,0x7F,0xFF,0x7F,0x00,0x00,0x00,0x00,0x00,0x00,0x00,0x00,0x00,0x00,
	0x00,0x00,0x00,0x00,0x00,0x00,0x00,0x00,0x00,0x00,0x00,0x00,0x00,0x00,0xFF,0x7F,
	0xFF,0x7F,0xFF,0x7F,0xFF,0x7F,0x00,0x00,0x00,0x00,0x63,0x0C,0x84,0x10,0x00,0x00,
	0xEF,0x3D,0x00,0x00,0x00,0x00,0x00,0x00,0x00,0x00,0x00,0x00,0x00,0x00,0x00,0x00,
	0x4A,0x29,0x00,0x00,0x00,0x00,0x00,0x00,0x00,0x00,0x00,0x00,0x00,0x00,0x00,0x00,
	0x00,0x00,0x00,0x00,0x00,0x00,0x00,0x00,0x00,0x00,0x00,0x00,0x00,0x00,0x00,0x00,
	0x00,0x00,0x00,0x00,0x00,0x00,0x00,0x00,0x00,0x00,0x00,0x00,0x00,0x00,0x00,0x00,

	0x63,0x0C,0x63,0x0C,0x63,0x0C,0x63,0x0C,0x63,0x0C,0x63,0x0C,0x63,0x0C,0x63,0x0C,
	0x63,0x0C,0x63,0x0C,0x63,0x0C,0x63,0x0C,0x63,0x0C,0x63,0x0C,0x63,0x0C,0x63,0x0C,
	0x63,0x0C,0x63,0x0C,0x63,0x0C,0x63,0x0C,0x63,0x0C,0x63,0x0C,0x63,0x0C,0x63,0x0C,
	0x4A,0x29,0x63,0x0C,0x63,0x0C,0x63,0x0C,0x63,0x0C,0x63,0x0C,0x63,0x0C,0x63,0x0C,
	0xEF,0x3D,0x00,0x00,0x63,0x0C,0x84,0x10,0x00,0x00,0x00,0x00,0xFF,0x7F,0xFF,0x7F,
	0x00,0x00,0x00,0x00,0x00,0x00,0x00,0x00,0x00,0x00,0x00,0x00,0xFF,0x7F,0xFF,0x7F,
	0x00,0x00,0x00,0x00,0xFF,0x7F,0xFF,0x7F,0x00,0x00,0x00,0x00,0xFF,0x7F,0xFF,0x7F,
	0x00,0x00,0x00,0x00,0xFF,0x7F,0xFF,0x7F,0xFF,0x7F,0xFF,0x7F,0xFF,0x7F,0xFF,0x7F,

	0xFF,0x7F,0xFF,0x7F,0xFF,0x7F,0xFF,0x7F,0x00,0x00,0x00,0x00,0x00,0x00,0x00,0x00,
	0x00,0x00,0x00,0x00,0x00,0x00,0x00,0x00,0x00,0x00,0x00,0x00,0x00,0x00,0x00,0x00,
	0x00,0x00,0x00,0x00,0x00,0x00,0x00,0x00,0xFF,0x7F,0xFF,0x7F,0x00,0x00,0x00,0x00,
	0xFF,0x7F,0xFF,0x7F,0x00,0x00,0x00,0x00,0x00,0x00,0x00,0x00,0x00,0x00,0x00,0x00,
	0x00,0x00,0x00,0x00,0xFF,0x7F,0xFF,0x7F,0x00,0x00,0x00,0x00,0xFF,0x7F,0xFF,0x7F,
	0x00,0x00,0x00,0x00,0x00,0x00,0x00,0x00,0x00,0x00,0x00,0x00,0x84,0x10,0x63,0x0C,
	0x00,0x00,0xEF,0x3D,0x63,0x0C,0x63,0x0C,0x63,0x0C,0x63,0x0C,0x63,0x0C,0x63,0x0C,
	0x4A,0x29,0x63,0x0C,0x63,0x0C,0x63,0x0C,0x63,0x0C,0x63,0x0C,0x63,0x0C,0xEF,0x3D,

	0x00,0x00,0x63,0x0C,0x84,0x10,0x00,0x00,0x00,0x00,0xFF,0x7F,0xFF,0x7F,0x00,0x00,
	0x00,0x00,0x00,0x00,0x00,0x00,0x00,0x00,0x00,0x00,0xFF,0x7F,0xFF,0x7F,0x00,0x00,
	0x00,0x00,0xFF,0x7F,0xFF,0x7F,0x00,0x00,0x00,0x00,0x00,0x00,0x00,0x00,0xFF,0x7F,
	0xFF,0x7F,0xFF,0x7F,0xFF,0x7F,0x00,0x00,0x00,0x00,0xFF,0x7F,0xFF,0x7F,0x00,0x00,
	0x00,0x00,0x00,0x00,0x00,0x00,0xFF,0x7F,0xFF,0x7F,0x00,0x00,0x00,0x00,0xFF,0x7F,
	0xFF,0x7F,0x00,0x00,0x00,0x00,0x00,0x00,0x00,0x00,0x00,0x00,0x00,0x00,0xFF,0x7F,
	0xFF,0x7F,0x00,0x00,0x00,0x00,0xFF,0x7F,0xFF,0x7F,0xFF,0x7F,0xFF,0x7F,0xFF,0x7F,
	0xFF,0x7F,0xFF,0x7F,0xFF,0x7F,0x00,0x00,0x00,0x00,0x00,0x00,0x00,0x00,0xFF,0x7F,

	0xFF,0x7F,0x00,0x00,0x00,0x00,0x00,0x00,0x00,0x00,0xFF,0x7F,0xFF,0x7F,0xFF,0x7F,
	0xFF,0x7F,0x00,0x00,0x00,0x00,0x00,0x00,0x00,0x00,0x84,0x10,0x63,0x0C,0x00,0x00,
	0xEF,0x3D,0x63,0x0C,0x63,0x0C,0x63,0x0C,0x63,0x0C,0x63,0x0C,0x63,0x0C,0x63,0x0C,
	0x4A,0x29,0x63,0x0C,0x63,0x0C,0x63,0x0C,0x63,0x0C,0x63,0x0C,0x63,0x0C,0x63,0x0C,
	0x63,0x0C,0x63,0x0C,0x63,0x0C,0x63,0x0C,0x63,0x0C,0x63,0x0C,0x63,0x0C,0x63,0x0C,
	0x63,0x0C,0x63,0x0C,0x63,0x0C,0x63,0x0C,0x63,0x0C,0x63,0x0C,0x63,0x0C,0x63,0x0C,
	0x00,0x00,0x00,0x00,0x00,0x00,0x00,0x00,0x00,0x00,0x00,0x00,0x00,0x00,0x00,0x00,
	0x00,0x00,0x00,0x00,0x00,0x00,0x00,0x00,0x00,0x00,0x00,0x00,0x00,0x00,0x00,0x00,

	0x00,0x00,0x00,0x00,0x00,0x00,0x00,0x00,0x00,0x00,0x00,0x00,0x00,0x00,0x00,0x00,
	0x4A,0x29,0x00,0x00,0x00,0x00,0x00,0x00,0x00,0x00,0x00,0x00,0x00,0x00,0x00,0x00,
	0xEF,0x3D,0x00,0x00,0x84,0x10,0x63,0x0C,0x00,0x00,0x00,0x00,0xFF,0x7F,0xFF,0x7F,
	0x00,0x00,0x00,0x00,0x00,0x00,0x00,0x00,0x00,0x00,0x00,0x00,0xFF,0x7F,0xFF,0x7F,
	0x00,0x00,0x00,0x00,0xFF,0x7F,0xFF,0x7F,0x00,0x00,0x00,0x00,0xFF,0x7F,0xFF,0x7F,
	0x00,0x00,0x00,0x00,0xFF,0x7F,0xFF,0x7F,0xFF,0x7F,0xFF,0x7F,0xFF,0x7F,0xFF,0x7F,
	0xFF,0x7F,0xFF,0x7F,0xFF,0x7F,0xFF,0x7F,0x00,0x00,0x00,0x00,0x00,0x00,0x00,0x00,
	0x00,0x00,0x00,0x00,0x00,0x00,0x00,0x00,0x00,0x00,0x00,0x00,0x00,0x00,0x00,0x00,

	0x00,0x00,0x00,0x00,0x00,0x00,0x00,0x00,0xFF,0x7F,0xFF,0x7F,0x00,0x00,0x00,0x00,
	0xFF,0x7F,0xFF,0x7F,0x00,0x00,0x00,0x00,0x00,0x00,0x00,0x00,0x00,0x00,0x00,0x00,
	0x00,0x00,0x00,0x00,0xFF,0x7F,0xFF,0x7F,0x00,0x00,0x00,0x00,0xFF,0x7F,0xFF,0x7F,
	0x00,0x00,0x00,0x00,0x00,0x00,0x00,0x00,0x00,0x00,0x00,0x00,0x63,0x0C,0x84,0x10,
	0x00,0x00,0xEF,0x3D,0x00,0x00,0x00,0x00,0x00,0x00,0x00,0x00,0x00,0x00,0x00,0x00,
	0x4A,0x29,0x00,0x00,0x00,0x00,0x00,0x00,0x00,0x00,0x00,0x00,0x00,0x00,0xEF,0x3D,
	0x00,0x00,0x84,0x10,0x63,0x0C,0x00,0x00,0x00,0x00,0xFF,0x7F,0xFF,0x7F,0x00,0x00,
	0x00,0x00,0x00,0x00,0x00,0x00,0x00,0x00,0x00,0x00,0xFF,0x7F,0xFF,0x7F,0x00,0x00,

	0x00,0x00,0xFF,0x7F,0xFF,0x7F,0x00,0x00,0x00,0x00,0x00,0x00,0x00,0x00,0xFF,0x7F,
	0xFF,0x7F,0xFF,0x7F,0xFF,0x7F,0x00,0x00,0x00,0x00,0xFF,0x7F,0xFF,0x7F,0x00,0x00,
	0x00,0x00,0x00,0x00,0x00,0x00,0xFF,0x7F,0xFF,0x7F,0x00,0x00,0x00,0x00,0xFF,0x7F,
	0xFF,0x7F,0x00,0x00,0x00,0x00,0x00,0x00,0x00,0x00,0x00,0x00,0x00,0x00,0xFF,0x7F,
	0xFF,0x7F,0x00,0x00,0x00,0x00,0xFF,0x7F,0xFF,0x7F,0xFF,0x7F,0xFF,0x7F,0xFF,0x7F,
	0xFF,0x7F,0xFF,0x7F,0xFF,0x7F,0x00,0x00,0x00,0x00,0x00,0x00,0x00,0x00,0xFF,0x7F,
	0xFF,0x7F,0x00,0x00,0x00,0x00,0x00,0x00,0x00,0x00,0xFF,0x7F,0xFF,0x7F,0xFF,0x7F,
	0xFF,0x7F,0x00,0x00,0x00,0x00,0x00,0x00,0x00,0x00,0x63,0x0C,0x84,0x10,0x00,0x00,

	0xEF,0x3D,0x00,0x00,0x00,0x00,0x00,0x00,0x00,0x00,0x00,0x00,0x00,0x00,0x00,0x00,
	0x4A,0x29,0x00,0x00,0x00,0x00,0x00,0x00,0x00,0x00,0x00,0x00,0x00,0x00,0x00,0x00,
	0x00,0x00,0x00,0x00,0x00,0x00,0x00,0x00,0x00,0x00,0x00,0x00,0x00,0x00,0x00,0x00,
	0x00,0x00,0x00,0x00,0x00,0x00,0x00,0x00,0x00,0x00,0x00,0x00,0x00,0x00,0x00,0x00,
	0x63,0x0C,0x63,0x0C,0x63,0x0C,0x63,0x0C,0x63,0x0C,0x63,0x0C,0x63,0x0C,0x63,0x0C,
	0x63,0x0C,0x63,0x0C,0x63,0x0C,0x63,0x0C,0x63,0x0C,0x63,0x0C,0x63,0x0C,0x63,0x0C,
	0x63,0x0C,0x63,0x0C,0x63,0x0C,0x63,0x0C,0x63,0x0C,0x63,0x0C,0x63,0x0C,0x63,0x0C,
	0x4A,0x29,0x63,0x0C,0x63,0x0C,0x63,0x0C,0x63,0x0C,0x63,0x0C,0x63,0x0C,0x63,0x0C,

	0xEF,0x3D,0x00,0x00,0x63,0x0C,0x84,0x10,0x00,0x00,0x00,0x00,0xFF,0x7F,0xFF,0x7F,
	0x00,0x00,0x00,0x00,0x00,0x00,0x00,0x00,0x00,0x00,0x00,0x00,0xFF,0x7F,0xFF,0x7F,
	0x00,0x00,0x00,0x00,0xFF,0x7F,0xFF,0x7F,0x00,0x00,0x00,0x00,0x00,0x00,0x00,0x00,
	0x00,0x00,0x00,0x00,0xFF,0x7F,0xFF,0x7F,0xFF,0x7F,0xFF,0x7F,0xFF,0x7F,0xFF,0x7F,
	0x00,0x00,0x00,0x00,0xFF,0x7F,0xFF,0x7F,0xFF,0x7F,0xFF,0x7F,0x00,0x00,0x00,0x00,
	0xFF,0x7F,0xFF,0x7F,0xFF,0x7F,0xFF,0x7F,0xFF,0x7F,0xFF,0x7F,0xFF,0x7F,0xFF,0x7F,
	0xFF,0x7F,0xFF,0x7F,0x00,0x00,0x00,0x00,0x00,0x00,0x00,0x00,0xFF,0x7F,0xFF,0x7F,
	0xFF,0x7F,0xFF,0x7F,0xFF,0x7F,0xFF,0x7F,0xFF,0x7F,0xFF,0x7F,0xFF,0x7F,0xFF,0x7F,

	0x00,0x00,0x00,0x00,0x00,0x00,0x00,0x00,0x00,0x00,0x00,0x00,0xFF,0x7F,0xFF,0x7F,
	0x00,0x00,0x00,0x00,0xFF,0x7F,0xFF,0x7F,0xFF,0x7F,0xFF,0x7F,0x84,0x10,0x63,0x0C,
	0x00,0x00,0xEF,0x3D,0x63,0x0C,0x63,0x0C,0x63,0x0C,0x63,0x0C,0x63,0x0C,0x63,0x0C,
	0x4A,0x29,0x63,0x0C,0x63,0x0C,0x63,0x0C,0x63,0x0C,0x63,0x0C,0x63,0x0C,0xEF,0x3D,
	0x00,0x00,0x63,0x0C,0x84,0x10,0x00,0x00,0x00,0x00,0xFF,0x7F,0xFF,0x7F,0x00,0x00,
	0x00,0x00,0x00,0x00,0x00,0x00,0x00,0x00,0x00,0x00,0xFF,0x7F,0xFF,0x7F,0x00,0x00,
	0x00,0x00,0xFF,0x7F,0xFF,0x7F,0xFF,0x7F,0xFF,0x7F,0xFF,0x7F,0xFF,0x7F,0x00,0x00,
	0x00,0x00,0x00,0x00,0x00,0x00,0xFF,0x7F,0xFF,0x7F,0xFF,0x7F,0xFF,0x7F,0x00,0x00,

	0x00,0x00,0xFF,0x7F,0xFF,0x7F,0xFF,0x7F,0xFF,0x7F,0xFF,0x7F,0xFF,0x7F,0x00,0x00,
	0x00,0x00,0xFF,0x7F,0xFF,0x7F,0xFF,0x7F,0xFF,0x7F,0x00,0x00,0x00,0x00,0x00,0x00,
	0x00,0x00,0xFF,0x7F,0xFF,0x7F,0xFF,0x7F,0xFF,0x7F,0x00,0x00,0x00,0x00,0xFF,0x7F,
	0xFF,0x7F,0x00,0x00,0x00,0x00,0xFF,0x7F,0xFF,0x7F,0x00,0x00,0x00,0x00,0xFF,0x7F,
	0xFF,0x7F,0xFF,0x7F,0xFF,0x7F,0x00,0x00,0x00,0x00,0x00,0x00,0x00,0x00,0xFF,0x7F,
	0xFF,0x7F,0xFF,0x7F,0xFF,0x7F,0x00,0x00,0x00,0x00,0x84,0x10,0x63,0x0C,0x00,0x00,
	0xEF,0x3D,0x63,0x0C,0x63,0x0C,0x63,0x0C,0x63,0x0C,0x63,0x0C,0x63,0x0C,0x63,0x0C,
	0x4A,0x29,0x63,0x0C,0x63,0x0C,0x63,0x0C,0x63,0x0C,0x63,0x0C,0x63,0x0C,0x63,0x0C,

	0x63,0x0C,0x63,0x0C,0x63,0x0C,0x63,0x0C,0x63,0x0C,0x63,0x0C,0x63,0x0C,0x63,0x0C,
	0x63,0x0C,0x63,0x0C,0x63,0x0C,0x63,0x0C,0x63,0x0C,0x63,0x0C,0x63,0x0C,0x63,0x0C,
	0x00,0x00,0x00,0x00,0x00,0x00,0x00,0x00,0x00,0x00,0x00,0x00,0x00,0x00,0x00,0x00,
	0x00,0x00,0x00,0x00,0x00,0x00,0x00,0x00,0x00,0x00,0x00,0x00,0x00,0x00,0x00,0x00,
	0x00,0x00,0x00,0x00,0x00,0x00,0x00,0x00,0x00,0x00,0x00,0x00,0x00,0x00,0x00,0x00,
	0x4A,0x29,0x00,0x00,0x00,0x00,0x00,0x00,0x00,0x00,0x00,0x00,0x00,0x00,0x00,0x00,
	0xEF,0x3D,0x00,0x00,0x63,0x0C,0x63,0x0C,0x00,0x00,0x00,0x00,0xFF,0x7F,0xFF,0x7F,
	0x00,0x00,0x00,0x00,0x00,0x00,0x00,0x00,0x00,0x00,0x00,0x00,0xFF,0x7F,0xFF,0x7F,

	0x00,0x00,0x00,0x00,0xFF,0x7F,0xFF,0x7F,0x00,0x00,0x00,0x00,0x00,0x00,0x00,0x00,
	0x00,0x00,0x00,0x00,0xFF,0x7F,0xFF,0x7F,0xFF,0x7F,0xFF,0x7F,0xFF,0x7F,0xFF,0x7F,
	0x00,0x00,0x00,0x00,0xFF,0x7F,0xFF,0x7F,0xFF,0x7F,0xFF,0x7F,0x00,0x00,0x00,0x00,
	0xFF,0x7F,0xFF,0x7F,0xFF,0x7F,0xFF,0x7F,0xFF,0x7F,0xFF,0x7F,0xFF,0x7F,0xFF,0x7F,
	0xFF,0x7F,0xFF,0x7F,0x00,0x00,0x00,0x00,0x00,0x00,0x00,0x00,0xFF,0x7F,0xFF,0x7F,
	0xFF,0x7F,0xFF,0x7F,0xFF,0x7F,0xFF,0x7F,0xFF,0x7F,0xFF,0x7F,0xFF,0x7F,0xFF,0x7F,
	0x00,0x00,0x00,0x00,0x00,0x00,0x00,0x00,0x00,0x00,0x00,0x00,0xFF,0x7F,0xFF,0x7F,
	0x00,0x00,0x00,0x00,0xFF,0x7F,0xFF,0x7F,0xFF,0x7F,0xFF,0x7F,0x63,0x0C,0x63,0x0C,

	0x00,0x00,0xEF,0x3D,0x00,0x00,0x00,0x00,0x00,0x00,0x00,0x00,0x00,0x00,0x00,0x00,
	0x4A,0x29,0x00,0x00,0x00,0x00,0x00,0x00,0x00,0x00,0x00,0x00,0x00,0x00,0xEF,0x3D,
	0x00,0x00,0x63,0x0C,0x63,0x0C,0x00,0x00,0x00,0x00,0xFF,0x7F,0xFF,0x7F,0x00,0x00,
	0x00,0x00,0x00,0x00,0x00,0x00,0x00,0x00,0x00,0x00,0xFF,0x7F,0xFF,0x7F,0x00,0x00,
	0x00,0x00,0xFF,0x7F,0xFF,0x7F,0xFF,0x7F,0xFF,0x7F,0xFF,0x7F,0xFF,0x7F,0x00,0x00,
	0x00,0x00,0x00,0x00,0x00,0x00,0xFF,0x7F,0xFF,0x7F,0xFF,0x7F,0xFF,0x7F,0x00,0x00,
	0x00,0x00,0xFF,0x7F,0xFF,0x7F,0xFF,0x7F,0xFF,0x7F,0xFF,0x7F,0xFF,0x7F,0x00,0x00,
	0x00,0x00,0xFF,0x7F,0xFF,0x7F,0xFF,0x7F,0xFF,0x7F,0x00,0x00,0x00,0x00,0x00,0x00,

	0x00,0x00,0xFF,0x7F,0xFF,0x7F,0xFF,0x7F,0xFF,0x7F,0x00,0x00,0x00,0x00,0xFF,0x7F,
	0xFF,0x7F,0x00,0x00,0x00,0x00,0xFF,0x7F,0xFF,0x7F,0x00,0x00,0x00,0x00,0xFF,0x7F,
	0xFF,0x7F,0xFF,0x7F,0xFF,0x7F,0x00,0x00,0x00,0x00,0x00,0x00,0x00,0x00,0xFF,0x7F,
	0xFF,0x7F,0xFF,0x7F,0xFF,0x7F,0x00,0x00,0x00,0x00,0x63,0x0C,0x63,0x0C,0x00,0x00,
	0xEF,0x3D,0x00,0x00,0x00,0x00,0x00,0x00,0x00,0x00,0x00,0x00,0x00,0x00,0x00,0x00,
	0x4A,0x29,0x00,0x00,0x00,0x00,0x00,0x00,0x00,0x00,0x00,0x00,0x00,0x00,0x00,0x00,
	0x00,0x00,0x00,0x00,0x00,0x00,0x00,0x00,0x00,0x00,0x00,0x00,0x00,0x00,0x00,0x00,
	0x00,0x00,0x00,0x00,0x00,0x00,0x00,0x00,0x00,0x00,0x00,0x00,0x00,0x00,0x00,0x00,

	0x63,0x0C,0x63,0x0C,0x63,0x0C,0x63,0x0C,0x63,0x0C,0x63,0x0C,0x63,0x0C,0x63,0x0C,
	0x63,0x0C,0x63,0x0C,0x63,0x0C,0x63,0x0C,0x63,0x0C,0x63,0x0C,0x63,0x0C,0x63,0x0C,
	0x63,0x0C,0x63,0x0C,0x63,0x0C,0x63,0x0C,0x63,0x0C,0x63,0x0C,0x63,0x0C,0x63,0x0C,
	0x4A,0x29,0x63,0x0C,0x63,0x0C,0x63,0x0C,0x63,0x0C,0x63,0x0C,0x63,0x0C,0x63,0x0C,
	0xEF,0x3D,0x00,0x00,0x63,0x0C,0x63,0x0C,0x00,0x00,0x00,0x00,0xFF,0x7F,0xFF,0x7F,
	0xFF,0x7F,0xFF,0x7F,0xFF,0x7F,0xFF,0x7F,0xFF,0x7F,0xFF,0x7F,0xFF,0x7F,0xFF,0x7F,
	0x00,0x00,0x00,0x00,0xFF,0x7F,0xFF,0x7F,0x00,0x00,0x00,0x00,0xFF,0x7F,0xFF,0x7F,
	0xFF,0x7F,0xFF,0x7F,0x00,0x00,0x00,0x00,0x00,0x00,0x00,0x00,0x00,0x00,0x00,0x00,

	0x00,0x00,0x00,0x00,0xFF,0x7F,0xFF,0x7F,0xFF,0x7F,0xFF,0x7F,0xFF,0x7F,0xFF,0x7F,
	0x00,0x00,0x00,0x00,0xFF,0x7F,0xFF,0x7F,0xFF,0x7F,0xFF,0x7F,0xFF,0x7F,0xFF,0x7F,
	0x00,0x00,0x00,0x00,0x00,0x00,0x00,0x00,0xFF,0x7F,0xFF,0x7F,0x00,0x00,0x00,0x00,
	0x00,0x00,0x00,0x00,0xFF,0x7F,0xFF,0x7F,0xFF,0x7F,0xFF,0x7F,0x00,0x00,0x00,0x00,
	0xFF,0x7F,0xFF,0x7F,0xFF,0x7F,0xFF,0x7F,0x00,0x00,0x00,0x00,0x00,0x00,0x00,0x00,
	0x00,0x00,0x00,0x00,0xFF,0x7F,0xFF,0x7F,0xFF,0x7F,0xFF,0x7F,0x63,0x0C,0x63,0x0C,
	0x00,0x00,0xEF,0x3D,0x63,0x0C,0x63,0x0C,0x63,0x0C,0x63,0x0C,0x63,0x0C,0x63,0x0C,
	0x4A,0x29,0x63,0x0C,0x63,0x0C,0x63,0x0C,0x63,0x0C,0x63,0x0C,0x63,0x0C,0xEF,0x3D,

	0x00,0x00,0x63,0x0C,0x63,0x0C,0x00,0x00,0x00,0x00,0xFF,0x7F,0xFF,0x7F,0xFF,0x7F,
	0xFF,0x7F,0xFF,0x7F,0xFF,0x7F,0xFF,0x7F,0xFF,0x7F,0xFF,0x7F,0xFF,0x7F,0x00,0x00,
	0x00,0x00,0xFF,0x7F,0xFF,0x7F,0xFF,0x7F,0xFF,0x7F,0xFF,0x7F,0xFF,0x7F,0x00,0x00,
	0x00,0x00,0xFF,0x7F,0xFF,0x7F,0x00,0x00,0x00,0x00,0xFF,0x7F,0xFF,0x7F,0x00,0x00,
	0x00,0x00,0x00,0x00,0x00,0x00,0xFF,0x7F,0xFF,0x7F,0xFF,0x7F,0xFF,0x7F,0xFF,0x7F,
	0xFF,0x7F,0xFF,0x7F,0xFF,0x7F,0x00,0x00,0x00,0x00,0x00,0x00,0x00,0x00,0xFF,0x7F,
	0xFF,0x7F,0xFF,0x7F,0xFF,0x7F,0xFF,0x7F,0xFF,0x7F,0x00,0x00,0x00,0x00,0xFF,0x7F,
	0xFF,0x7F,0x00,0x00,0x00,0x00,0x00,0x00,0x00,0x00,0x00,0x00,0x00,0x00,0x00,0x00,

	0x00,0x00,0xFF,0x7F,0xFF,0x7F,0xFF,0x7F,0xFF,0x7F,0xFF,0x7F,0xFF,0x7F,0xFF,0x7F,
	0xFF,0x7F,0xFF,0x7F,0xFF,0x7F,0xFF,0x7F,0xFF,0x7F,0x63,0x0C,0x63,0x0C,0x00,0x00,
	0xEF,0x3D,0x63,0x0C,0x63,0x0C,0x63,0x0C,0x63,0x0C,0x63,0x0C,0x63,0x0C,0x63,0x0C,
	0x4A,0x29,0x63,0x0C,0x63,0x0C,0x63,0x0C,0x63,0x0C,0x63,0x0C,0x63,0x0C,0x63,0x0C,
	0x63,0x0C,0x63,0x0C,0x63,0x0C,0x63,0x0C,0x63,0x0C,0x63,0x0C,0x63,0x0C,0x63,0x0C,
	0x63,0x0C,0x63,0x0C,0x63,0x0C,0x63,0x0C,0x63,0x0C,0x63,0x0C,0x63,0x0C,0x63,0x0C,
	0x00,0x00,0x00,0x00,0x00,0x00,0x00,0x00,0x00,0x00,0x00,0x00,0x00,0x00,0x00,0x00,
	0x00,0x00,0x00,0x00,0x00,0x00,0x00,0x00,0x00,0x00,0x00,0x00,0x00,0x00,0x00,0x00,

	0x00,0x00,0x00,0x00,0x00,0x00,0x00,0x00,0x00,0x00,0x00,0x00,0x00,0x00,0x00,0x00,
	0x4A,0x29,0x00,0x00,0x00,0x00,0x00,0x00,0x00,0x00,0x00,0x00,0x00,0x00,0x00,0x00,
	0xEF,0x3D,0x00,0x00,0x63,0x0C,0x63,0x0C,0x00,0x00,0x00,0x00,0xFF,0x7F,0xFF,0x7F,
	0xFF,0x7F,0xFF,0x7F,0xFF,0x7F,0xFF,0x7F,0xFF,0x7F,0xFF,0x7F,0xFF,0x7F,0xFF,0x7F,
	0x00,0x00,0x00,0x00,0xFF,0x7F,0xFF,0x7F,0x00,0x00,0x00,0x00,0xFF,0x7F,0xFF,0x7F,
	0xFF,0x7F,0xFF,0x7F,0x00,0x00,0x00,0x00,0x00,0x00,0x00,0x00,0x00,0x00,0x00,0x00,
	0x00,0x00,0x00,0x00,0xFF,0x7F,0xFF,0x7F,0xFF,0x7F,0xFF,0x7F,0xFF,0x7F,0xFF,0x7F,
	0x00,0x00,0x00,0x00,0xFF,0x7F,0xFF,0x7F,0xFF,0x7F,0xFF,0x7F,0xFF,0x7F,0xFF,0x7F,

	0x00,0x00,0x00,0x00,0x00,0x00,0x00,0x00,0xFF,0x7F,0xFF,0x7F,0x00,0x00,0x00,0x00,
	0x00,0x00,0x00,0x00,0xFF,0x7F,0xFF,0x7F,0xFF,0x7F,0xFF,0x7F,0x00,0x00,0x00,0x00,
	0xFF,0x7F,0xFF,0x7F,0xFF,0x7F,0xFF,0x7F,0x00,0x00,0x00,0x00,0x00,0x00,0x00,0x00,
	0x00,0x00,0x00,0x00,0xFF,0x7F,0xFF,0x7F,0xFF,0x7F,0xFF,0x7F,0x63,0x0C,0x63,0x0C,
	0x00,0x00,0xEF,0x3D,0x00,0x00,0x00,0x00,0x00,0x00,0x00,0x00,0x00,0x00,0x00,0x00,
	0x4A,0x29,0x00,0x00,0x00,0x00,0x00,0x00,0x00,0x00,0x00,0x00,0x00,0x00,0xEF,0x3D,
	0x00,0x00,0x63,0x0C,0x63,0x0C,0x00,0x00,0x00,0x00,0xFF,0x7F,0xFF,0x7F,0xFF,0x7F,
	0xFF,0x7F,0xFF,0x7F,0xFF,0x7F,0xFF,0x7F,0xFF,0x7F,0xFF,0x7F,0xFF,0x7F,0x00,0x00,

	0x00,0x00,0xFF,0x7F,0xFF,0x7F,0xFF,0x7F,0xFF,0x7F,0xFF,0x7F,0xFF,0x7F,0x00,0x00,
	0x00,0x00,0xFF,0x7F,0xFF,0x7F,0x00,0x00,0x00,0x00,0xFF,0x7F,0xFF,0x7F,0x00,0x00,
	0x00,0x00,0x00,0x00,0x00,0x00,0xFF,0x7F,0xFF,0x7F,0xFF,0x7F,0xFF,0x7F,0xFF,0x7F,
	0xFF,0x7F,0xFF,0x7F,0xFF,0x7F,0x00,0x00,0x00,0x00,0x00,0x00,0x00,0x00,0xFF,0x7F,
	0xFF,0x7F,0xFF,0x7F,0xFF,0x7F,0xFF,0x7F,0xFF,0x7F,0x00,0x00,0x00,0x00,0xFF,0x7F,
	0xFF,0x7F,0x00,0x00,0x00,0x00,0x00,0x00,0x00,0x00,0x00,0x00,0x00,0x00,0x00,0x00,
	0x00,0x00,0xFF,0x7F,0xFF,0x7F,0xFF,0x7F,0xFF,0x7F,0xFF,0x7F,0xFF,0x7F,0xFF,0x7F,
	0xFF,0x7F,0xFF,0x7F,0xFF,0x7F,0xFF,0x7F,0xFF,0x7F,0x63,0x0C,0x63,0x0C,0x00,0x00,

	0xEF,0x3D,0x00,0x00,0x00,0x00,0x00,0x00,0x00,0x00,0x00,0x00,0x00,0x00,0x00,0x00,
	0x4A,0x29,0x00,0x00,0x00,0x00,0x00,0x00,0x00,0x00,0x00,0x00,0x00,0x00,0x00,0x00,
	0x00,0x00,0x00,0x00,0x00,0x00,0x00,0x00,0x00,0x00,0x00,0x00,0x00,0x00,0x00,0x00,
	0x00,0x00,0x00,0x00,0x00,0x00,0x00,0x00,0x00,0x00,0x00,0x00,0x00,0x00,0x00,0x00,
	0x63,0x0C,0x63,0x0C,0x63,0x0C,0x63,0x0C,0x63,0x0C,0x63,0x0C,0x63,0x0C,0x63,0x0C,
	0x63,0x0C,0x63,0x0C,0x63,0x0C,0x63,0x0C,0x63,0x0C,0x63,0x0C,0x63,0x0C,0x63,0x0C,
	0x63,0x0C,0x63,0x0C,0x63,0x0C,0x63,0x0C,0x63,0x0C,0x63,0x0C,0x63,0x0C,0x63,0x0C,
	0x4A,0x29,0x63,0x0C,0x63,0x0C,0x63,0x0C,0x63,0x0C,0x63,0x0C,0x63,0x0C,0x63,0x0C,

	0xEF,0x3D,0x00,0x00,0x63,0x0C,0x63,0x0C,0x00,0x00,0x00,0x00,0x00,0x00,0x00,0x00,
	0x00,0x00,0x00,0x00,0x00,0x00,0x00,0x00,0x00,0x00,0x00,0x00,0x00,0x00,0x00,0x00,
	0x00,0x00,0x00,0x00,0xFF,0x7F,0xFF,0x7F,0x00,0x00,0x00,0x00,0x00,0x00,0x00,0x00,
	0x00,0x00,0x00,0x00,0x00,0x00,0x00,0x00,0xFF,0x7F,0xFF,0x7F,0xFF,0x7F,0xFF,0x7F,
	0xFF,0x7F,0xFF,0x7F,0x00,0x00,0x00,0x00,0xFF,0x7F,0xFF,0x7F,0x00,0x00,0x00,0x00,
	0xFF,0x7F,0xFF,0x7F,0xFF,0x7F,0xFF,0x7F,0x00,0x00,0x00,0x00,0x00,0x00,0x00,0x00,
	0x00,0x00,0x00,0x00,0xFF,0x7F,0xFF,0x7F,0xFF,0x7F,0xFF,0x7F,0x00,0x00,0x00,0x00,
	0x00,0x00,0x00,0x00,0xFF,0x7F,0xFF,0x7F,0xFF,0x7F,0xFF,0x7F,0x00,0x00,0x00,0x00,

	0x00,0x00,0x00,0x00,0xFF,0x7F,0xFF,0x7F,0x00,0x00,0x00,0x00,0x00,0x00,0x00,0x00,
	0x00,0x00,0x00,0x00,0x00,0x00,0x00,0x00,0x00,0x00,0x00,0x00,0x63,0x0C,0x63,0x0C,
	0x00,0x00,0xEF,0x3D,0x63,0x0C,0x63,0x0C,0x63,0x0C,0x63,0x0C,0x63,0x0C,0x63,0x0C,
	0x4A,0x29,0x63,0x0C,0x63,0x0C,0x63,0x0C,0x63,0x0C,0x63,0x0C,0x63,0x0C,0xEF,0x3D,
	0x00,0x00,0x63,0x0C,0x63,0x0C,0x00,0x00,0x00,0x00,0x00,0x00,0x00,0x00,0x00,0x00,
	0x00,0x00,0x00,0x00,0x00,0x00,0x00,0x00,0x00,0x00,0x00,0x00,0x00,0x00,0x00,0x00,
	0x00,0x00,0xFF,0x7F,0xFF,0x7F,0xFF,0x7F,0xFF,0x7F,0xFF,0x7F,0xFF,0x7F,0x00,0x00,
	0x00,0x00,0x00,0x00,0x00,0x00,0x00,0x00,0x00,0x00,0xFF,0x7F,0xFF,0x7F,0x00,0x00,

	0x00,0x00,0x00,0x00,0x00,0x00,0xFF,0x7F,0xFF,0x7F,0x00,0x00,0x00,0x00,0x00,0x00,
	0x00,0x00,0xFF,0x7F,0xFF,0x7F,0xFF,0x7F,0xFF,0x7F,0xFF,0x7F,0xFF,0x7F,0xFF,0x7F,
	0xFF,0x7F,0xFF,0x7F,0xFF,0x7F,0x00,0x00,0x00,0x00,0x00,0x00,0x00,0x00,0xFF,0x7F,
	0xFF,0x7F,0x00,0x00,0x00,0x00,0x00,0x00,0x00,0x00,0xFF,0x7F,0xFF,0x7F,0x00,0x00,
	0x00,0x00,0x00,0x00,0x00,0x00,0xFF,0x7F,0xFF,0x7F,0x00,0x00,0x00,0x00,0xFF,0x7F,
	0xFF,0x7F,0x00,0x00,0x00,0x00,0x00,0x00,0x00,0x00,0x63,0x0C,0x63,0x0C,0x00,0x00,
	0xEF,0x3D,0x63,0x0C,0x63,0x0C,0x63,0x0C,0x63,0x0C,0x63,0x0C,0x63,0x0C,0x63,0x0C,
	0x4A,0x29,0x63,0x0C,0x63,0x0C,0x63,0x0C,0x63,0x0C,0x63,0x0C,0x63,0x0C,0x63,0x0C,

	0x63,0x0C,0x63,0x0C,0x63,0x0C,0x63,0x0C,0x63,0x0C,0x63,0x0C,0x63,0x0C,0x63,0x0C,
	0x63,0x0C,0x63,0x0C,0x63,0x0C,0x63,0x0C,0x63,0x0C,0x63,0x0C,0x63,0x0C,0x63,0x0C,
	0x00,0x00,0x00,0x00,0x00,0x00,0x00,0x00,0x00,0x00,0x00,0x00,0x00,0x00,0x00,0x00,
	0x00,0x00,0x00,0x00,0x00,0x00,0x00,0x00,0x00,0x00,0x00,0x00,0x00,0x00,0x00,0x00,
	0x00,0x00,0x00,0x00,0x00,0x00,0x00,0x00,0x00,0x00,0x00,0x00,0x00,0x00,0x00,0x00,
	0x4A,0x29,0x00,0x00,0x00,0x00,0x00,0x00,0x00,0x00,0x00,0x00,0x00,0x00,0x00,0x00,
	0xEF,0x3D,0x00,0x00,0x63,0x0C,0x63,0x0C,0x00,0x00,0x00,0x00,0x00,0x00,0x00,0x00,
	0x00,0x00,0x00,0x00,0x00,0x00,0x00,0x00,0x00,0x00,0x00,0x00,0x00,0x00,0x00,0x00,

	0x00,0x00,0x00,0x00,0xFF,0x7F,0xFF,0x7F,0x00,0x00,0x00,0x00,0x00,0x00,0x00,0x00,
	0x00,0x00,0x00,0x00,0x00,0x00,0x00,0x00,0xFF,0x7F,0xFF,0x7F,0xFF,0x7F,0xFF,0x7F,
	0xFF,0x7F,0xFF,0x7F,0x00,0x00,0x00,0x00,0xFF,0x7F,0xFF,0x7F,0x00,0x00,0x00,0x00,
	0xFF,0x7F,0xFF,0x7F,0xFF,0x7F,0xFF,0x7F,0x00,0x00,0x00,0x00,0x00,0x00,0x00,0x00,
	0x00,0x00,0x00,0x00,0xFF,0x7F,0xFF,0x7F,0xFF,0x7F,0xFF,0x7F,0x00,0x00,0x00,0x00,
	0x00,0x00,0x00,0x00,0xFF,0x7F,0xFF,0x7F,0xFF,0x7F,0xFF,0x7F,0x00,0x00,0x00,0x00,
	0x00,0x00,0x00,0x00,0xFF,0x7F,0xFF,0x7F,0x00,0x00,0x00,0x00,0x00,0x00,0x00,0x00,
	0x00,0x00,0x00,0x00,0x00,0x00,0x00,0x00,0x00,0x00,0x00,0x00,0x63,0x0C,0x63,0x0C,

	0x00,0x00,0xEF,0x3D,0x00,0x00,0x00,0x00,0x00,0x00,0x00,0x00,0x00,0x00,0x00,0x00,
	0x4A,0x29,0x00,0x00,0x00,0x00,0x00,0x00,0x00,0x00,0x00,0x00,0x00,0x00,0xEF,0x3D,
	0x00,0x00,0x63,0x0C,0x63,0x0C,0x00,0x00,0x00,0x00,0x00,0x00,0x00,0x00,0x00,0x00,
	0x00,0x00,0x00,0x00,0x00,0x00,0x00,0x00,0x00,0x00,0x00,0x00,0x00,0x00,0x00,0x00,
	0x00,0x00,0xFF,0x7F,0xFF,0x7F,0xFF,0x7F,0xFF,0x7F,0xFF,0x7F,0xFF,0x7F,0x00,0x00,
	0x00,0x00,0x00,0x00,0x00,0x00,0x00,0x00,0x00,0x00,0xFF,0x7F,0xFF,0x7F,0x00,0x00,
	0x00,0x00,0x00,0x00,0x00,0x00,0xFF,0x7F,0xFF,0x7F,0x00,0x00,0x00,0x00,0x00,0x00,
	0x00,0x00,0xFF,0x7F,0xFF,0x7F,0xFF,0x7F,0xFF,0x7F,0xFF,0x7F,0xFF,0x7F,0xFF,0x7F,

	0xFF,0x7F,0xFF,0x7F,0xFF,0x7F,0x00,0x00,0x00,0x00,0x00,0x00,0x00,0x00,0xFF,0x7F,
	0xFF,0x7F,0x00,0x00,0x00,0x00,0x00,0x00,0x00,0x00,0xFF,0x7F,0xFF,0x7F,0x00,0x00,
	0x00,0x00,0x00,0x00,0x00,0x00,0xFF,0x7F,0xFF,0x7F,0x00,0x00,0x00,0x00,0xFF,0x7F,
	0xFF,0x7F,0x00,0x00,0x00,0x00,0x00,0x00,0x00,0x00,0x63,0x0C,0x63,0x0C,0x00,0x00,
	0xEF,0x3D,0x00,0x00,0x00,0x00,0x00,0x00,0x00,0x00,0x00,0x00,0x00,0x00,0x00,0x00,
	0x4A,0x29,0x00,0x00,0x00,0x00,0x00,0x00,0x00,0x00,0x00,0x00,0x00,0x00,0x00,0x00,
	0x00,0x00,0x00,0x00,0x00,0x00,0x00,0x00,0x00,0x00,0x00,0x00,0x00,0x00,0x00,0x00,
	0x00,0x00,0x00,0x00,0x00,0x00,0x00,0x00,0x00,0x00,0x00,0x00,0x00,0x00,0x00,0x00,

	0x63,0x0C,0x63,0x0C,0x63,0x0C,0x63,0x0C,0x63,0x0C,0x63,0x0C,0x63,0x0C,0x63,0x0C,
	0x63,0x0C,0x63,0x0C,0x63,0x0C,0x63,0x0C,0x63,0x0C,0x63,0x0C,0x63,0x0C,0x63,0x0C,
	0x63,0x0C,0x63,0x0C,0x63,0x0C,0x63,0x0C,0x63,0x0C,0x63,0x0C,0x63,0x0C,0x63,0x0C,
	0x4A,0x29,0x63,0x0C,0x63,0x0C,0x63,0x0C,0x63,0x0C,0x63,0x0C,0x63,0x0C,0x63,0x0C,
	0xEF,0x3D,0x00,0x00,0x63,0x0C,0x63,0x0C,0x63,0x0C,0x63,0x0C,0x63,0x0C,0x63,0x0C,
	0x63,0x0C,0x63,0x0C,0x63,0x0C,0x63,0x0C,0x63,0x0C,0x63,0x0C,0x63,0x0C,0x63,0x0C,
	0x63,0x0C,0x63,0x0C,0x63,0x0C,0x63,0x0C,0x63,0x0C,0x63,0x0C,0x63,0x0C,0x63,0x0C,
	0x63,0x0C,0x63,0x0C,0x63,0x0C,0x63,0x0C,0x63,0x0C,0x63,0x0C,0x63,0x0C,0x63,0x0C,

	0x63,0x0C,0x63,0x0C,0x63,0x0C,0x63,0x0C,0x63,0x0C,0x63,0x0C,0x63,0x0C,0x63,0x0C,
	0x63,0x0C,0x63,0x0C,0x63,0x0C,0x63,0x0C,0x63,0x0C,0x63,0x0C,0x63,0x0C,0x63,0x0C,
	0x63,0x0C,0x63,0x0C,0x63,0x0C,0x63,0x0C,0x63,0x0C,0x63,0x0C,0x63,0x0C,0x63,0x0C,
	0x63,0x0C,0x63,0x0C,0x63,0x0C,0x63,0x0C,0x63,0x0C,0x63,0x0C,0x63,0x0C,0x63,0x0C,
	0x63,0x0C,0x63,0x0C,0x63,0x0C,0x63,0x0C,0x63,0x0C,0x63,0x0C,0x63,0x0C,0x63,0x0C,
	0x63,0x0C,0x63,0x0C,0x63,0x0C,0x63,0x0C,0x63,0x0C,0x63,0x0C,0x63,0x0C,0x63,0x0C,
	0x00,0x00,0xEF,0x3D,0x63,0x0C,0x63,0x0C,0x63,0x0C,0x63,0x0C,0x63,0x0C,0x63,0x0C,
	0x4A,0x29,0x63,0x0C,0x63,0x0C,0x63,0x0C,0x63,0x0C,0x63,0x0C,0x63,0x0C,0xEF,0x3D,

	0x00,0x00,0x63,0x0C,0x63,0x0C,0x63,0x0C,0x63,0x0C,0x63,0x0C,0x63,0x0C,0x63,0x0C,
	0x63,0x0C,0x63,0x0C,0x63,0x0C,0x63,0x0C,0x63,0x0C,0x63,0x0C,0x63,0x0C,0x63,0x0C,
	0x63,0x0C,0x63,0x0C,0x63,0x0C,0x63,0x0C,0x63,0x0C,0x63,0x0C,0x63,0x0C,0x63,0x0C,
	0x63,0x0C,0x63,0x0C,0x63,0x0C,0x63,0x0C,0x63,0x0C,0x63,0x0C,0x63,0x0C,0x63,0x0C,
	0x63,0x0C,0x63,0x0C,0x63,0x0C,0x63,0x0C,0x63,0x0C,0x63,0x0C,0x63,0x0C,0x63,0x0C,
	0x63,0x0C,0x63,0x0C,0x63,0x0C,0x63,0x0C,0x63,0x0C,0x63,0x0C,0x63,0x0C,0x63,0x0C,
	0x63,0x0C,0x63,0x0C,0x63,0x0C,0x63,0x0C,0x63,0x0C,0x63,0x0C,0x63,0x0C,0x63,0x0C,
	0x63,0x0C,0x63,0x0C,0x63,0x0C,0x63,0x0C,0x63,0x0C,0x63,0x0C,0x63,0x0C,0x63,0x0C,

	0x63,0x0C,0x63,0x0C,0x63,0x0C,0x63,0x0C,0x63,0x0C,0x63,0x0C,0x63,0x0C,0x63,0x0C,
	0x63,0x0C,0x63,0x0C,0x63,0x0C,0x63,0x0C,0x63,0x0C,0x63,0x0C,0x63,0x0C,0x00,0x00,
	0xEF,0x3D,0x63,0x0C,0x63,0x0C,0x63,0x0C,0x63,0x0C,0x63,0x0C,0x63,0x0C,0x63,0x0C,
	0x4A,0x29,0x63,0x0C,0x63,0x0C,0x63,0x0C,0x63,0x0C,0x63,0x0C,0x63,0x0C,0x63,0x0C,
	0x63,0x0C,0x63,0x0C,0x63,0x0C,0x63,0x0C,0x63,0x0C,0x63,0x0C,0x63,0x0C,0x63,0x0C,
	0x63,0x0C,0x63,0x0C,0x63,0x0C,0x63,0x0C,0x63,0x0C,0x63,0x0C,0x63,0x0C,0x63,0x0C,
	0x00,0x00,0x00,0x00,0x00,0x00,0x00,0x00,0x00,0x00,0x00,0x00,0x00,0x00,0x00,0x00,
	0x00,0x00,0x00,0x00,0x00,0x00,0x00,0x00,0x00,0x00,0x00,0x00,0x00,0x00,0x00,0x00,

	0x00,0x00,0x00,0x00,0x00,0x00,0x00,0x00,0x00,0x00,0x00,0x00,0x00,0x00,0x4A,0x29,
	0x4A,0x29,0x4A,0x29,0x00,0x00,0x00,0x00,0x00,0x00,0x00,0x00,0x00,0x00,0x00,0x00,
	0xEF,0x3D,0x00,0x00,0x63,0x0C,0x63,0x0C,0x63,0x0C,0x63,0x0C,0x63,0x0C,0x63,0x0C,
	0x63,0x0C,0x63,0x0C,0x63,0x0C,0x63,0x0C,0x63,0x0C,0x63,0x0C,0x63,0x0C,0x63,0x0C,
	0x63,0x0C,0x63,0x0C,0x63,0x0C,0x63,0x0C,0x63,0x0C,0x63,0x0C,0x63,0x0C,0x63,0x0C,
	0x63,0x0C,0x63,0x0C,0x63,0x0C,0x63,0x0C,0x63,0x0C,0x63,0x0C,0x63,0x0C,0x63,0x0C,
	0x63,0x0C,0x63,0x0C,0x63,0x0C,0x63,0x0C,0x63,0x0C,0x63,0x0C,0x63,0x0C,0x63,0x0C,
	0x63,0x0C,0x63,0x0C,0x63,0x0C,0x63,0x0C,0x63,0x0C,0x63,0x0C,0x63,0x0C,0x63,0x0C,

	0x63,0x0C,0x63,0x0C,0x63,0x0C,0x63,0x0C,0x63,0x0C,0x63,0x0C,0x63,0x0C,0x63,0x0C,
	0x63,0x0C,0x63,0x0C,0x63,0x0C,0x63,0x0C,0x63,0x0C,0x63,0x0C,0x63,0x0C,0x63,0x0C,
	0x63,0x0C,0x63,0x0C,0x63,0x0C,0x63,0x0C,0x63,0x0C,0x63,0x0C,0x63,0x0C,0x63,0x0C,
	0x63,0x0C,0x63,0x0C,0x63,0x0C,0x63,0x0C,0x63,0x0C,0x63,0x0C,0x63,0x0C,0x63,0x0C,
	0x00,0x00,0xEF,0x3D,0x00,0x00,0x00,0x00,0x00,0x00,0x00,0x00,0x00,0x00,0x4A,0x29,
	0x4A,0x29,0x4A,0x29,0x00,0x00,0x00,0x00,0x00,0x00,0x00,0x00,0x00,0x00,0xEF,0x3D,
	0x00,0x00,0x63,0x0C,0x63,0x0C,0x63,0x0C,0x63,0x0C,0x63,0x0C,0x63,0x0C,0x63,0x0C,
	0x63,0x0C,0x63,0x0C,0x63,0x0C,0x63,0x0C,0x63,0x0C,0x63,0x0C,0x63,0x0C,0x63,0x0C,

	0x63,0x0C,0x63,0x0C,0x63,0x0C,0x63,0x0C,0x63,0x0C,0x63,0x0C,0x63,0x0C,0x63,0x0C,
	0x63,0x0C,0x63,0x0C,0x63,0x0C,0x63,0x0C,0x63,0x0C,0x63,0x0C,0x63,0x0C,0x63,0x0C,
	0x63,0x0C,0x63,0x0C,0x63,0x0C,0x63,0x0C,0x63,0x0C,0x63,0x0C,0x63,0x0C,0x63,0x0C,
	0x63,0x0C,0x63,0x0C,0x63,0x0C,0x63,0x0C,0x63,0x0C,0x63,0x0C,0x63,0x0C,0x63,0x0C,
	0x63,0x0C,0x63,0x0C,0x63,0x0C,0x63,0x0C,0x63,0x0C,0x63,0x0C,0x63,0x0C,0x63,0x0C,
	0x63,0x0C,0x63,0x0C,0x63,0x0C,0x63,0x0C,0x63,0x0C,0x63,0x0C,0x63,0x0C,0x63,0x0C,
	0x63,0x0C,0x63,0x0C,0x63,0x0C,0x63,0x0C,0x63,0x0C,0x63,0x0C,0x63,0x0C,0x63,0x0C,
	0x63,0x0C,0x63,0x0C,0x63,0x0C,0x63,0x0C,0x63,0x0C,0x63,0x0C,0x63,0x0C,0x00,0x00,

	0xEF,0x3D,0x00,0x00,0x00,0x00,0x00,0x00,0x00,0x00,0x00,0x00,0x00,0x00,0x4A,0x29,
	0x4A,0x29,0x4A,0x29,0x00,0x00,0x00,0x00,0x00,0x00,0x00,0x00,0x00,0x00,0x00,0x00,
	0x00,0x00,0x00,0x00,0x00,0x00,0x00,0x00,0x00,0x00,0x00,0x00,0x00,0x00,0x00,0x00,
	0x00,0x00,0x00,0x00,0x00,0x00,0x00,0x00,0x00,0x00,0x00,0x00,0x00,0x00,0x00,0x00,
	0x4A,0x29,0x4A,0x29,0x4A,0x29,0x4A,0x29,0x4A,0x29,0x4A,0x29,0x4A,0x29,0x4A,0x29,
	0x4A,0x29,0x4A,0x29,0x4A,0x29,0x4A,0x29,0x4A,0x29,0x4A,0x29,0x4A,0x29,0x4A,0x29,
	0x4A,0x29,0x4A,0x29,0x4A,0x29,0x4A,0x29,0x4A,0x29,0x4A,0x29,0x4A,0x29,0x4A,0x29,
	0x4A,0x29,0x4A,0x29,0x4A,0x29,0x4A,0x29,0x4A,0x29,0x4A,0x29,0x4A,0x29,0x4A,0x29,

	0xEF,0x3D,0x00,0x00,0x00,0x00,0x00,0x00,0x00,0x00,0x00,0x00,0x00,0x00,0x00,0x00,
	0x00,0x00,0x00,0x00,0x00,0x00,0x00,0x00,0x00,0x00,0x00,0x00,0x00,0x00,0x00,0x00,
	0x00,0x00,0x00,0x00,0x00,0x00,0x00,0x00,0x00,0x00,0x00,0x00,0x00,0x00,0x00,0x00,
	0x00,0x00,0x00,0x00,0x00,0x00,0x00,0x00,0x00,0x00,0x00,0x00,0x00,0x00,0x00,0x00,
	0x00,0x00,0x00,0x00,0x00,0x00,0x00,0x00,0x00,0x00,0x00,0x00,0x00,0x00,0x00,0x00,
	0x00,0x00,0x00,0x00,0x00,0x00,0x00,0x00,0x00,0x00,0x00,0x00,0x00,0x00,0x00,0x00,
	0x00,0x00,0x00,0x00,0x00,0x00,0x00,0x00,0x00,0x00,0x00,0x00,0x00,0x00,0x00,0x00,
	0x00,0x00,0x00,0x00,0x00,0x00,0x00,0x00,0x00,0x00,0x00,0x00,0x00,0x00,0x00,0x00,

	0x00,0x00,0x00,0x00,0x00,0x00,0x00,0x00,0x00,0x00,0x00,0x00,0x00,0x00,0x00,0x00,
	0x00,0x00,0x00,0x00,0x00,0x00,0x00,0x00,0x00,0x00,0x00,0x00,0x00,0x00,0x00,0x00,
	0x00,0x00,0xEF,0x3D,0x4A,0x29,0x4A,0x29,0x4A,0x29,0x4A,0x29,0x4A,0x29,0x4A,0x29,
	0x4A,0x29,0x4A,0x29,0x4A,0x29,0x4A,0x29,0x4A,0x29,0x4A,0x29,0x4A,0x29,0xEF,0x3D,
	0x00,0x00,0x00,0x00,0x00,0x00,0x00,0x00,0x00,0x00,0x00,0x00,0x00,0x00,0x00,0x00,
	0x00,0x00,0x00,0x00,0x00,0x00,0x00,0x00,0x00,0x00,0x00,0x00,0x00,0x00,0x00,0x00,
	0x00,0x00,0x00,0x00,0x00,0x00,0x00,0x00,0x00,0x00,0x00,0x00,0x00,0x00,0x00,0x00,
	0x00,0x00,0x00,0x00,0x00,0x00,0x00,0x00,0x00,0x00,0x00,0x00,0x00,0x00,0x00,0x00,

	0x00,0x00,0x00,0x00,0x00,0x00,0x00,0x00,0x00,0x00,0x00,0x00,0x00,0x00,0x00,0x00,
	0x00,0x00,0x00,0x00,0x00,0x00,0x00,0x00,0x00,0x00,0x00,0x00,0x00,0x00,0x00,0x00,
	0x00,0x00,0x00,0x00,0x00,0x00,0x00,0x00,0x00,0x00,0x00,0x00,0x00,0x00,0x00,0x00,
	0x00,0x00,0x00,0x00,0x00,0x00,0x00,0x00,0x00,0x00,0x00,0x00,0x00,0x00,0x00,0x00,
	0x00,0x00,0x00,0x00,0x00,0x00,0x00,0x00,0x00,0x00,0x00,0x00,0x00,0x00,0x00,0x00,
	0x00,0x00,0x00,0x00,0x00,0x00,0x00,0x00,0x00,0x00,0x00,0x00,0x00,0x00,0x00,0x00,
	0xEF,0x3D,0x4A,0x29,0x4A,0x29,0x4A,0x29,0x4A,0x29,0x4A,0x29,0x4A,0x29,0x4A,0x29,
	0x4A,0x29,0x4A,0x29,0x4A,0x29,0x4A,0x29,0x4A,0x29,0x4A,0x29,0x4A,0x29,0x4A,0x29,

	0x4A,0x29,0x4A,0x29,0x4A,0x29,0x4A,0x29,0x4A,0x29,0x4A,0x29,0x4A,0x29,0x4A,0x29,
	0x4A,0x29,0x4A,0x29,0x4A,0x29,0x4A,0x29,0x4A,0x29,0x4A,0x29,0x4A,0x29,0x4A,0x29,
	0x00,0x00,0x00,0x00,0x00,0x00,0x00,0x00,0x00,0x00,0x00,0x00,0x00,0x00,0x00,0x00,
	0x00,0x00,0x00,0x00,0x00,0x00,0x00,0x00,0x00,0x00,0x00,0x00,0x00,0x00,0x00,0x00,
	0x00,0x00,0x00,0x00,0x00,0x00,0x00,0x00,0x00,0x00,0x00,0x00,0x00,0x00,0x4A,0x29,
	0x4A,0x29,0x4A,0x29,0x00,0x00,0x00,0x00,0x00,0x00,0x00,0x00,0x00,0x00,0x00,0x00,
	0xEF,0x3D,0xEF,0x3D,0xEF,0x3D,0xEF,0x3D,0xEF,0x3D,0xEF,0x3D,0xEF,0x3D,0xEF,0x3D,
	0xEF,0x3D,0xEF,0x3D,0xEF,0x3D,0xEF,0x3D,0xEF,0x3D,0xEF,0x3D,0xEF,0x3D,0xEF,0x3D,

	0xEF,0x3D,0xEF,0x3D,0xEF,0x3D,0xEF,0x3D,0xEF,0x3D,0xEF,0x3D,0xEF,0x3D,0xEF,0x3D,
	0xEF,0x3D,0xEF,0x3D,0xEF,0x3D,0xEF,0x3D,0xEF,0x3D,0xEF,0x3D,0xEF,0x3D,0xEF,0x3D,
	0xEF,0x3D,0xEF,0x3D,0xEF,0x3D,0xEF,0x3D,0xEF,0x3D,0xEF,0x3D,0xEF,0x3D,0xEF,0x3D,
	0xEF,0x3D,0xEF,0x3D,0xEF,0x3D,0xEF,0x3D,0xEF,0x3D,0xEF,0x3D,0xEF,0x3D,0xEF,0x3D,
	0xEF,0x3D,0xEF,0x3D,0xEF,0x3D,0xEF,0x3D,0xEF,0x3D,0xEF,0x3D,0xEF,0x3D,0xEF,0x3D,
	0xEF,0x3D,0xEF,0x3D,0xEF,0x3D,0xEF,0x3D,0xEF,0x3D,0xEF,0x3D,0xEF,0x3D,0xEF,0x3D,
	0xEF,0x3D,0xEF,0x3D,0xEF,0x3D,0xEF,0x3D,0xEF,0x3D,0xEF,0x3D,0xEF,0x3D,0xEF,0x3D,
	0xEF,0x3D,0xEF,0x3D,0xEF,0x3D,0xEF,0x3D,0xEF,0x3D,0xEF,0x3D,0xEF,0x3D,0xEF,0x3D,

	0xEF,0x3D,0xEF,0x3D,0x00,0x00,0x00,0x00,0x00,0x00,0x00,0x00,0x00,0x00,0x4A,0x29,
	0x4A,0x29,0x4A,0x29,0x00,0x00,0x00,0x00,0x00,0x00,0x00,0x00,0x00,0x00,0xEF,0x3D,
	0xEF,0x3D,0xEF,0x3D,0xEF,0x3D,0xEF,0x3D,0xEF,0x3D,0xEF,0x3D,0xEF,0x3D,0xEF,0x3D,
	0xEF,0x3D,0xEF,0x3D,0xEF,0x3D,0xEF,0x3D,0xEF,0x3D,0xEF,0x3D,0xEF,0x3D,0xEF,0x3D,
	0xEF,0x3D,0xEF,0x3D,0xEF,0x3D,0xEF,0x3D,0xEF,0x3D,0xEF,0x3D,0xEF,0x3D,0xEF,0x3D,
	0xEF,0x3D,0xEF,0x3D,0xEF,0x3D,0xEF,0x3D,0xEF,0x3D,0xEF,0x3D,0xEF,0x3D,0xEF,0x3D,
	0xEF,0x3D,0xEF,0x3D,0xEF,0x3D,0xEF,0x3D,0xEF,0x3D,0xEF,0x3D,0xEF,0x3D,0xEF,0x3D,
	0xEF,0x3D,0xEF,0x3D,0xEF,0x3D,0xEF,0x3D,0xEF,0x3D,0xEF,0x3D,0xEF,0x3D,0xEF,0x3D,

	0xEF,0x3D,0xEF,0x3D,0xEF,0x3D,0xEF,0x3D,0xEF,0x3D,0xEF,0x3D,0xEF,0x3D,0xEF,0x3D,
	0xEF,0x3D,0xEF,0x3D,0xEF,0x3D,0xEF,0x3D,0xEF,0x3D,0xEF,0x3D,0xEF,0x3D,0xEF,0x3D,
	0xEF,0x3D,0xEF,0x3D,0xEF,0x3D,0xEF,0x3D,0xEF,0x3D,0xEF,0x3D,0xEF,0x3D,0xEF,0x3D,
	0xEF,0x3D,0xEF,0x3D,0xEF,0x3D,0xEF,0x3D,0xEF,0x3D,0xEF,0x3D,0xEF,0x3D,0xEF,0x3D,
	0xEF,0x3D,0x00,0x00,0x00,0x00,0x00,0x00,0x00,0x00,0x00,0x00,0x00,0x00,0x4A,0x29,
	0x4A,0x29,0x4A,0x29,0x00,0x00,0x00,0x00,0x00,0x00,0x00,0x00,0x00,0x00,0x00,0x00,
	0x00,0x00,0x00,0x00,0x00,0x00,0x00,0x00,0x00,0x00,0x00,0x00,0x00,0x00,0x00,0x00,
	0x00,0x00,0x00,0x00,0x00,0x00,0x00,0x00,0x00,0x00,0x00,0x00,0x00,0x00,0x00,0x00,

	0x63,0x0C,0x63,0x0C,0x63,0x0C,0x63,0x0C,0x63,0x0C,0x63,0x0C,0x63,0x0C,0x63,0x0C,
	0x63,0x0C,0x63,0x0C,0x63,0x0C,0x63,0x0C,0x63,0x0C,0x63,0x0C,0x63,0x0C,0x63,0x0C,
	0x63,0x0C,0x63,0x0C,0x63,0x0C,0x63,0x0C,0x63,0x0C,0x63,0x0C,0x63,0x0C,0x63,0x0C,
	0x4A,0x29,0x63,0x0C,0x63,0x0C,0x63,0x0C,0x63,0x0C,0x63,0x0C,0x63,0x0C,0x63,0x0C,
	0x63,0x0C,0x63,0x0C,0x63,0x0C,0x63,0x0C,0x63,0x0C,0x63,0x0C,0x63,0x0C,0x63,0x0C,
	0x63,0x0C,0x63,0x0C,0x63,0x0C,0x63,0x0C,0x63,0x0C,0x63,0x0C,0x63,0x0C,0x63,0x0C,
	0x63,0x0C,0x63,0x0C,0x63,0x0C,0x63,0x0C,0x63,0x0C,0x63,0x0C,0x63,0x0C,0x63,0x0C,
	0x63,0x0C,0x63,0x0C,0x63,0x0C,0x63,0x0C,0x63,0x0C,0x63,0x0C,0x63,0x0C,0x63,0x0C,

	0x63,0x0C,0x63,0x0C,0x63,0x0C,0x63,0x0C,0x63,0x0C,0x63,0x0C,0x63,0x0C,0x63,0x0C,
	0x4A,0x29,0x63,0x0C,0x63,0x0C,0x63,0x0C,0x63,0x0C,0x63,0x0C,0x63,0x0C,0x63,0x0C,
	0x63,0x0C,0x63,0x0C,0x63,0x0C,0x63,0x0C,0x63,0x0C,0x63,0x0C,0x63,0x0C,0x63,0x0C,
	0x63,0x0C,0x63,0x0C,0x63,0x0C,0x63,0x0C,0x63,0x0C,0x63,0x0C,0x63,0x0C,0x63,0x0C,
	0x63,0x0C,0x63,0x0C,0x63,0x0C,0x63,0x0C,0x63,0x0C,0x63,0x0C,0x63,0x0C,0x63,0x0C,
	0x63,0x0C,0x63,0x0C,0x63,0x0C,0x63,0x0C,0x63,0x0C,0x63,0x0C,0x63,0x0C,0x63,0x0C,
	0x63,0x0C,0x63,0x0C,0x63,0x0C,0x63,0x0C,0x63,0x0C,0x63,0x0C,0x63,0x0C,0x63,0x0C,
	0x4A,0x29,0x63,0x0C,0x63,0x0C,0x63,0x0C,0x63,0x0C,0x63,0x0C,0x63,0x0C,0x63,0x0C,

	0x63,0x0C,0x63,0x0C,0x63,0x0C,0x63,0x0C,0x63,0x0C,0x63,0x0C,0x63,0x0C,0x63,0x0C,
	0x63,0x0C,0x63,0x0C,0x63,0x0C,0x63,0x0C,0x63,0x0C,0x63,0x0C,0x63,0x0C,0x63,0x0C,
	0x63,0x0C,0x63,0x0C,0x63,0x0C,0x63,0x0C,0x63,0x0C,0x63,0x0C,0x63,0x0C,0x63,0x0C,
	0x63,0x0C,0x63,0x0C,0x63,0x0C,0x63,0x0C,0x63,0x0C,0x63,0x0C,0x63,0x0C,0x63,0x0C,
	0x63,0x0C,0x63,0x0C,0x63,0x0C,0x63,0x0C,0x63,0x0C,0x63,0x0C,0x63,0x0C,0x63,0x0C,
	0x4A,0x29,0x63,0x0C,0x63,0x0C,0x63,0x0C,0x63,0x0C,0x63,0x0C,0x63,0x0C,0x63,0x0C,
	0x63,0x0C,0x63,0x0C,0x63,0x0C,0x63,0x0C,0x63,0x0C,0x63,0x0C,0x63,0x0C,0x63,0x0C,
	0x63,0x0C,0x63,0x0C,0x63,0x0C,0x63,0x0C,0x63,0x0C,0x63,0x0C,0x63,0x0C,0x63,0x0C,

	0x63,0x0C,0x63,0x0C,0x63,0x0C,0x63,0x0C,0x63,0x0C,0x63,0x0C,0x63,0x0C,0x63,0x0C,
	0x63,0x0C,0x63,0x0C,0x63,0x0C,0x63,0x0C,0x63,0x0C,0x63,0x0C,0x63,0x0C,0x63,0x0C,
	0x63,0x0C,0x63,0x0C,0x63,0x0C,0x63,0x0C,0x63,0x0C,0x63,0x0C,0x63,0x0C,0x63,0x0C,
	0x4A,0x29,0x63,0x0C,0x63,0x0C,0x63,0x0C,0x63,0x0C,0x63,0x0C,0x63,0x0C,0x63,0x0C,
	0x63,0x0C,0x63,0x0C,0x63,0x0C,0x63,0x0C,0x63,0x0C,0x63,0x0C,0x63,0x0C,0x63,0x0C,
	0x63,0x0C,0x63,0x0C,0x63,0x0C,0x63,0x0C,0x63,0x0C,0x63,0x0C,0x63,0x0C,0x63,0x0C,
	0x00,0x00,0x00,0x00,0x00,0x00,0x00,0x00,0x00,0x00,0x00,0x00,0x00,0x00,0x00,0x00,
	0x00,0x00,0x00,0x00,0x00,0x00,0x00,0x00,0x00,0x00,0x00,0x00,0x00,0x00,0x00,0x00,

	0x00,0x00,0x00,0x00,0x00,0x00,0x00,0x00,0x00,0x00,0x00,0x00,0x00,0x00,0x00,0x00,
	0x4A,0x29,0x00,0x00,0x00,0x00,0x00,0x00,0x00,0x00,0x00,0x00,0x00,0x00,0x00,0x00,
	0x00,0x00,0x00,0x00,0x00,0x00,0x00,0x00,0x00,0x00,0x00,0x00,0x00,0x00,0x00,0x00,
	0x00,0x00,0x00,0x00,0x00,0x00,0x00,0x00,0x00,0x00,0x00,0x00,0x00,0x00,0x00,0x00,
	0x00,0x00,0x00,0x00,0x00,0x00,0x00,0x00,0x00,0x00,0x00,0x00,0x00,0x00,0x00,0x00,
	0x00,0x00,0x00,0x00,0x00,0x00,0x00,0x00,0x00,0x00,0x00,0x00,0x00,0x00,0x00,0x00,
	0x00,0x00,0x00,0x00,0x00,0x00,0x00,0x00,0x00,0x00,0x00,0x00,0x00,0x00,0x00,0x00,
	0x4A,0x29,0x00,0x00,0x00,0x00,0x00,0x00,0x00,0x00,0x00,0x00,0x00,0x00,0x00,0x00,

	0x00,0x00,0x00,0x00,0x00,0x00,0x00,0x00,0x00,0x00,0x00,0x00,0x00,0x00,0x00,0x00,
	0x00,0x00,0x00,0x00,0x00,0x00,0x00,0x00,0x00,0x00,0x00,0x00,0x00,0x00,0x00,0x00,
	0x00,0x00,0x00,0x00,0x00,0x00,0x00,0x00,0x00,0x00,0x00,0x00,0x00,0x00,0x00,0x00,
	0x00,0x00,0x00,0x00,0x00,0x00,0x00,0x00,0x00,0x00,0x00,0x00,0x00,0x00,0x00,0x00,
	0x00,0x00,0x00,0x00,0x00,0x00,0x00,0x00,0x00,0x00,0x00,0x00,0x00,0x00,0x00,0x00,
	0x4A,0x29,0x00,0x00,0x00,0x00,0x00,0x00,0x00,0x00,0x00,0x00,0x00,0x00,0x00,0x00,
	0x00,0x00,0x00,0x00,0x00,0x00,0x00,0x00,0x00,0x00,0x00,0x00,0x00,0x00,0x00,0x00,
	0x00,0x00,0x00,0x00,0x00,0x00,0x00,0x00,0x00,0x00,0x00,0x00,0x00,0x00,0x00,0x00,

	0x00,0x00,0x00,0x00,0x00,0x00,0x00,0x00,0x00,0x00,0x00,0x00,0x00,0x00,0x00,0x00,
	0x00,0x00,0x00,0x00,0x00,0x00,0x00,0x00,0x00,0x00,0x00,0x00,0x00,0x00,0x00,0x00,
	0x00,0x00,0x00,0x00,0x00,0x00,0x00,0x00,0x00,0x00,0x00,0x00,0x00,0x00,0x00,0x00,
	0x4A,0x29,0x00,0x00,0x00,0x00,0x00,0x00,0x00,0x00,0x00,0x00,0x00,0x00,0x00,0x00,
	0x00,0x00,0x00,0x00,0x00,0x00,0x00,0x00,0x00,0x00,0x00,0x00,0x00,0x00,0x00,0x00,
	0x00,0x00,0x00,0x00,0x00,0x00,0x00,0x00,0x00,0x00,0x00,0x00,0x00,0x00,0x00,0x00,
	0x00,0x00,0x00,0x00,0x00,0x00,0x00,0x00,0x00,0x00,0x00,0x00,0x00,0x00,0x00,0x00,
	0x00,0x00,0x00,0x00,0x00,0x00,0x00,0x00,0x00,0x00,0x00,0x00,0x00,0x00,0x00,0x00,

	0x00,0x00,0x00,0x00,0x00,0x00,0x00,0x00,0x00,0x00,0x00,0x00,0x00,0x00,0x00,0x00,
	0x4A,0x29,0x00,0x00,0x00,0x00,0x00,0x00,0x00,0x00,0x00,0x00,0x00,0x00,0x00,0x00,
	0x00,0x00,0x00,0x00,0x00,0x00,0x00,0x00,0x00,0x00,0x00,0x00,0x00,0x00,0x00,0x00,
	0x00,0x00,0x00,0x00,0x00,0x00,0x00,0x00,0x00,0x00,0x00,0x00,0x00,0x00,0x00,0x00,
	0x63,0x0C,0x63,0x0C,0x63,0x0C,0x63,0x0C,0x63,0x0C,0x63,0x0C,0x63,0x0C,0x63,0x0C,
	0x63,0x0C,0x63,0x0C,0x63,0x0C,0x63,0x0C,0x63,0x0C,0x63,0x0C,0x63,0x0C,0x63,0x0C,
	0x63,0x0C,0x63,0x0C,0x63,0x0C,0x63,0x0C,0x63,0x0C,0x63,0x0C,0x63,0x0C,0x63,0x0C,
	0x4A,0x29,0x63,0x0C,0x63,0x0C,0x63,0x0C,0x63,0x0C,0x63,0x0C,0x63,0x0C,0x63,0x0C,

	0x63,0x0C,0x63,0x0C,0x63,0x0C,0x63,0x0C,0x63,0x0C,0x63,0x0C,0x63,0x0C,0x63,0x0C,
	0x63,0x0C,0x63,0x0C,0x63,0x0C,0x63,0x0C,0x63,0x0C,0x63,0x0C,0x63,0x0C,0x63,0x0C,
	0x63,0x0C,0x63,0x0C,0x63,0x0C,0x63,0x0C,0x63,0x0C,0x63,0x0C,0x63,0x0C,0x63,0x0C,
	0x63,0x0C,0x63,0x0C,0x63,0x0C,0x63,0x0C,0x63,0x0C,0x63,0x0C,0x63,0x0C,0x63,0x0C,
	0x63,0x0C,0x63,0x0C,0x63,0x0C,0x63,0x0C,0x63,0x0C,0x63,0x0C,0x63,0x0C,0x63,0x0C,
	0x4A,0x29,0x63,0x0C,0x63,0x0C,0x63,0x0C,0x63,0x0C,0x63,0x0C,0x63,0x0C,0x63,0x0C,
	0x63,0x0C,0x63,0x0C,0x63,0x0C,0x63,0x0C,0x63,0x0C,0x63,0x0C,0x63,0x0C,0x63,0x0C,
	0x63,0x0C,0x63,0x0C,0x63,0x0C,0x63,0x0C,0x63,0x0C,0x63,0x0C,0x63,0x0C,0x63,0x0C,

	0x63,0x0C,0x63,0x0C,0x63,0x0C,0x63,0x0C,0x63,0x0C,0x63,0x0C,0x63,0x0C,0x63,0x0C,
	0x63,0x0C,0x63,0x0C,0x63,0x0C,0x63,0x0C,0x63,0x0C,0x63,0x0C,0x63,0x0C,0x63,0x0C,
	0x63,0x0C,0x63,0x0C,0x63,0x0C,0x63,0x0C,0x63,0x0C,0x63,0x0C,0x63,0x0C,0x63,0x0C,
	0x4A,0x29,0x63,0x0C,0x63,0x0C,0x63,0x0C,0x63,0x0C,0x63,0x0C,0x63,0x0C,0x63,0x0C,
	0x63,0x0C,0x63,0x0C,0x63,0x0C,0x63,0x0C,0x63,0x0C,0x63,0x0C,0x63,0x0C,0x63,0x0C,
	0x63,0x0C,0x63,0x0C,0x63,0x0C,0x63,0x0C,0x63,0x0C,0x63,0x0C,0x63,0x0C,0x63,0x0C,
	0x63,0x0C,0x63,0x0C,0x63,0x0C,0x63,0x0C,0x63,0x0C,0x63,0x0C,0x63,0x0C,0x63,0x0C,
	0x63,0x0C,0x63,0x0C,0x63,0x0C,0x63,0x0C,0x63,0x0C,0x63,0x0C,0x63,0x0C,0x63,0x0C,

	0x63,0x0C,0x63,0x0C,0x63,0x0C,0x63,0x0C,0x63,0x0C,0x63,0x0C,0x63,0x0C,0x63,0x0C,
	0x4A,0x29,0x63,0x0C,0x63,0x0C,0x63,0x0C,0x63,0x0C,0x63,0x0C,0x63,0x0C,0x63,0x0C,
	0x63,0x0C,0x63,0x0C,0x63,0x0C,0x63,0x0C,0x63,0x0C,0x63,0x0C,0x63,0x0C,0x63,0x0C,
	0x63,0x0C,0x63,0x0C,0x63,0x0C,0x63,0x0C,0x63,0x0C,0x63,0x0C,0x63,0x0C,0x63,0x0C,
	0x63,0x0C,0x63,0x0C,0x63,0x0C,0x63,0x0C,0x63,0x0C,0x63,0x0C,0x63,0x0C,0x63,0x0C,
	0x63,0x0C,0x63,0x0C,0x63,0x0C,0x63,0x0C,0x63,0x0C,0x63,0x0C,0x63,0x0C,0x63,0x0C,
	0x63,0x0C,0x63,0x0C,0x63,0x0C,0x63,0x0C,0x63,0x0C,0x63,0x0C,0x63,0x0C,0x63,0x0C,
	0x4A,0x29,0x63,0x0C,0x63,0x0C,0x63,0x0C,0x63,0x0C,0x63,0x0C,0x63,0x0C,0x63,0x0C,

	0x63,0x0C,0x63,0x0C,0x63,0x0C,0x63,0x0C,0x63,0x0C,0x63,0x0C,0x63,0x0C,0x63,0x0C,
	0x63,0x0C,0x63,0x0C,0x63,0x0C,0x63,0x0C,0x63,0x0C,0x63,0x0C,0x63,0x0C,0x63,0x0C,
	0x00,0x00,0x00,0x00,0x00,0x00,0x00,0x00,0x00,0x00,0x00,0x00,0x00,0x00,0x00,0x00,
	0x00,0x00,0x00,0x00,0x00,0x00,0x00,0x00,0x00,0x00,0x00,0x00,0x00,0x00,0x00,0x00,
	0x00,0x00,0x00,0x00,0x00,0x00,0x00,0x00,0x00,0x00,0x00,0x00,0x00,0x00,0x00,0x00,
	0x4A,0x29,0x00,0x00,0x00,0x00,0x00,0x00,0x00,0x00,0x00,0x00,0x00,0x00,0x00,0x00,
	0x00,0x00,0x00,0x00,0x00,0x00,0x00,0x00,0x00,0x00,0x00,0x00,0x00,0x00,0x00,0x00,
	0x00,0x00,0x00,0x00,0x00,0x00,0x00,0x00,0x00,0x00,0x00,0x00,0x00,0x00,0x00,0x00,

	0x00,0x00,0x00,0x00,0x00,0x00,0x00,0x00,0x00,0x00,0x00,0x00,0x00,0x00,0x00,0x00,
	0x00,0x00,0x00,0x00,0x00,0x00,0x00,0x00,0x00,0x00,0x00,0x00,0x00,0x00,0x00,0x00,
	0x00,0x00,0x00,0x00,0x00,0x00,0x00,0x00,0x00,0x00,0x00,0x00,0x00,0x00,0x00,0x00,
	0x4A,0x29,0x00,0x00,0x00,0x00,0x00,0x00,0x00,0x00,0x00,0x00,0x00,0x00,0x00,0x00,
	0x00,0x00,0x00,0x00,0x00,0x00,0x00,0x00,0x00,0x00,0x00,0x00,0x00,0x00,0x00,0x00,
	0x00,0x00,0x00,0x00,0x00,0x00,0x00,0x00,0x00,0x00,0x00,0x00,0x00,0x00,0x00,0x00,
	0x00,0x00,0x00,0x00,0x00,0x00,0x00,0x00,0x00,0x00,0x00,0x00,0x00,0x00,0x00,0x00,
	0x00,0x00,0x00,0x00,0x00,0x00,0x00,0x00,0x00,0x00,0x00,0x00,0x00,0x00,0x00,0x00,

	0x00,0x00,0x00,0x00,0x00,0x00,0x00,0x00,0x00,0x00,0x00,0x00,0x00,0x00,0x00,0x00,
	0x4A,0x29,0x00,0x00,0x00,0x00,0x00,0x00,0x00,0x00,0x00,0x00,0x00,0x00,0x00,0x00,
	0x00,0x00,0x00,0x00,0x00,0x00,0x00,0x00,0x00,0x00,0x00,0x00,0x00,0x00,0x00,0x00,
	0x00,0x00,0x00,0x00,0x00,0x00,0x00,0x00,0x00,0x00,0x00,0x00,0x00,0x00,0x00,0x00,
	0x00,0x00,0x00,0x00,0x00,0x00,0x00,0x00,0x00,0x00,0x00,0x00,0x00,0x00,0x00,0x00,
	0x00,0x00,0x00,0x00,0x00,0x00,0x00,0x00,0x00,0x00,0x00,0x00,0x00,0x00,0x00,0x00,
	0x00,0x00,0x00,0x00,0x00,0x00,0x00,0x00,0x00,0x00,0x00,0x00,0x00,0x00,0x00,0x00,
	0x4A,0x29,0x00,0x00,0x00,0x00,0x00,0x00,0x00,0x00,0x00,0x00,0x00,0x00,0x00,0x00,

	0x00,0x00,0x00,0x00,0x00,0x00,0x00,0x00,0x00,0x00,0x00,0x00,0x00,0x00,0x00,0x00,
	0x00,0x00,0x00,0x00,0x00,0x00,0x00,0x00,0x00,0x00,0x00,0x00,0x00,0x00,0x00,0x00,
	0x00,0x00,0x00,0x00,0x00,0x00,0x00,0x00,0x00,0x00,0x00,0x00,0x00,0x00,0x00,0x00,
	0x00,0x00,0x00,0x00,0x00,0x00,0x00,0x00,0x00,0x00,0x00,0x00,0x00,0x00,0x00,0x00,
	0x00,0x00,0x00,0x00,0x00,0x00,0x00,0x00,0x00,0x00,0x00,0x00,0x00,0x00,0x00,0x00,
	0x4A,0x29,0x00,0x00,0x00,0x00,0x00,0x00,0x00,0x00,0x00,0x00,0x00,0x00,0x00,0x00,
	0x00,0x00,0x00,0x00,0x00,0x00,0x00,0x00,0x00,0x00,0x00,0x00,0x00,0x00,0x00,0x00,
	0x00,0x00,0x00,0x00,0x00,0x00,0x00,0x00,0x00,0x00,0x00,0x00,0x00,0x00,0x00,0x00,

	0x63,0x0C,0x63,0x0C,0x63,0x0C,0x63,0x0C,0x63,0x0C,0x63,0x0C,0x63,0x0C,0x63,0x0C,
	0x63,0x0C,0x63,0x0C,0x63,0x0C,0x63,0x0C,0x63,0x0C,0x63,0x0C,0x63,0x0C,0x63,0x0C,
	0x63,0x0C,0x63,0x0C,0x63,0x0C,0x63,0x0C,0x63,0x0C,0x63,0x0C,0x63,0x0C,0x63,0x0C,
	0x4A,0x29,0x63,0x0C,0x63,0x0C,0x63,0x0C,0x63,0x0C,0x63,0x0C,0x63,0x0C,0x63,0x0C,
	0x63,0x0C,0x63,0x0C,0x63,0x0C,0x63,0x0C,0x63,0x0C,0x63,0x0C,0x63,0x0C,0x63,0x0C,
	0x63,0x0C,0x63,0x0C,0x63,0x0C,0x63,0x0C,0x63,0x0C,0x63,0x0C,0x63,0x0C,0x63,0x0C,
	0x63,0x0C,0x63,0x0C,0x63,0x0C,0x63,0x0C,0x63,0x0C,0x63,0x0C,0x63,0x0C,0x63,0x0C,
	0x63,0x0C,0x63,0x0C,0x63,0x0C,0x63,0x0C,0x63,0x0C,0x63,0x0C,0x63,0x0C,0x63,0x0C,

	0x63,0x0C,0x63,0x0C,0x63,0x0C,0x63,0x0C,0x63,0x0C,0x63,0x0C,0x63,0x0C,0x63,0x0C,
	0x4A,0x29,0x63,0x0C,0x63,0x0C,0x63,0x0C,0x63,0x0C,0x63,0x0C,0x63,0x0C,0x63,0x0C,
	0x63,0x0C,0x63,0x0C,0x63,0x0C,0x63,0x0C,0x63,0x0C,0x63,0x0C,0x63,0x0C,0x63,0x0C,
	0x63,0x0C,0x63,0x0C,0x63,0x0C,0x63,0x0C,0x63,0x0C,0x63,0x0C,0x63,0x0C,0x63,0x0C,
	0x63,0x0C,0x63,0x0C,0x63,0x0C,0x63,0x0C,0x63,0x0C,0x63,0x0C,0x63,0x0C,0x63,0x0C,
	0x63,0x0C,0x63,0x0C,0x63,0x0C,0x63,0x0C,0x63,0x0C,0x63,0x0C,0x63,0x0C,0x63,0x0C,
	0x63,0x0C,0x63,0x0C,0x63,0x0C,0x63,0x0C,0x63,0x0C,0x63,0x0C,0x63,0x0C,0x63,0x0C,
	0x4A,0x29,0x63,0x0C,0x63,0x0C,0x63,0x0C,0x63,0x0C,0x63,0x0C,0x63,0x0C,0x63,0x0C,

	0x63,0x0C,0x63,0x0C,0x63,0x0C,0x63,0x0C,0x63,0x0C,0x63,0x0C,0x63,0x0C,0x63,0x0C,
	0x63,0x0C,0x63,0x0C,0x63,0x0C,0x63,0x0C,0x63,0x0C,0x63,0x0C,0x63,0x0C,0x63,0x0C,
	0x63,0x0C,0x63,0x0C,0x63,0x0C,0x63,0x0C,0x63,0x0C,0x63,0x0C,0x63,0x0C,0x63,0x0C,
	0x63,0x0C,0x63,0x0C,0x63,0x0C,0x63,0x0C,0x63,0x0C,0x63,0x0C,0x63,0x0C,0x63,0x0C,
	0x63,0x0C,0x63,0x0C,0x63,0x0C,0x63,0x0C,0x63,0x0C,0x63,0x0C,0x63,0x0C,0x63,0x0C,
	0x4A,0x29,0x63,0x0C,0x63,0x0C,0x63,0x0C,0x63,0x0C,0x63,0x0C,0x63,0x0C,0x63,0x0C,
	0x63,0x0C,0x63,0x0C,0x63,0x0C,0x63,0x0C,0x63,0x0C,0x63,0x0C,0x63,0x0C,0x63,0x0C,
	0x63,0x0C,0x63,0x0C,0x63,0x0C,0x63,0x0C,0x63,0x0C,0x63,0x0C,0x63,0x0C,0x63,0x0C,

	0x63,0x0C,0x63,0x0C,0x63,0x0C,0x63,0x0C,0x63,0x0C,0x63,0x0C,0x63,0x0C,0x63,0x0C,
	0x63,0x0C,0x63,0x0C,0x63,0x0C,0x63,0x0C,0x63,0x0C,0x63,0x0C,0x63,0x0C,0x63,0x0C,
	0x63,0x0C,0x63,0x0C,0x63,0x0C,0x63,0x0C,0x63,0x0C,0x63,0x0C,0x63,0x0C,0x63,0x0C,
	0x4A,0x29,0x63,0x0C,0x63,0x0C,0x63,0x0C,0x63,0x0C,0x63,0x0C,0x63,0x0C,0x63,0x0C,
	0x63,0x0C,0x63,0x0C,0x63,0x0C,0x63,0x0C,0x63,0x0C,0x63,0x0C,0x63,0x0C,0x63,0x0C,
	0x63,0x0C,0x63,0x0C,0x63,0x0C,0x63,0x0C,0x63,0x0C,0x63,0x0C,0x63,0x0C,0x63,0x0C,
	0x00,0x00,0x00,0x00,0x00,0x00,0x00,0x00,0x00,0x00,0x00,0x00,0x00,0x00,0x00,0x00,
	0x00,0x00,0x00,0x00,0x00,0x00,0x00,0x00,0x00,0x00,0x00,0x00,0x00,0x00,0x00,0x00,

	0x00,0x00,0x00,0x00,0x00,0x00,0x00,0x00,0x00,0x00,0x00,0x00,0x00,0x00,0x00,0x00,
	0x4A,0x29,0x00,0x00,0x00,0x00,0x00,0x00,0x00,0x00,0x00,0x00,0x00,0x00,0x00,0x00,
	0x00,0x00,0x00,0x00,0x00,0x00,0x00,0x00,0x00,0x00,0x00,0x00,0x00,0x00,0x00,0x00,
	0x00,0x00,0x00,0x00,0x00,0x00,0x00,0x00,0x00,0x00,0x00,0x00,0x00,0x00,0x00,0x00,
	0x00,0x00,0x00,0x00,0x00,0x00,0x00,0x00,0x00,0x00,0x00,0x00,0x00,0x00,0x00,0x00,
	0x00,0x00,0x00,0x00,0x00,0x00,0x00,0x00,0x00,0x00,0x00,0x00,0x00,0x00,0x00,0x00,
	0x00,0x00,0x00,0x00,0x00,0x00,0x00,0x00,0x00,0x00,0x00,0x00,0x00,0x00,0x00,0x00,
	0x4A,0x29,0x00,0x00,0x00,0x00,0x00,0x00,0x00,0x00,0x00,0x00,0x00,0x00,0x00,0x00,

	0x00,0x00,0x00,0x00,0x00,0x00,0x00,0x00,0x00,0x00,0x00,0x00,0x00,0x00,0x00,0x00,
	0x00,0x00,0x00,0x00,0x00,0x00,0x00,0x00,0x00,0x00,0x00,0x00,0x00,0x00,0x00,0x00,
	0x00,0x00,0x00,0x00,0x00,0x00,0x00,0x00,0x00,0x00,0x00,0x00,0x00,0x00,0x00,0x00,
	0x00,0x00,0x00,0x00,0x00,0x00,0x00,0x00,0x00,0x00,0x00,0x00,0x00,0x00,0x00,0x00,
	0x00,0x00,0x00,0x00,0x00,0x00,0x00,0x00,0x00,0x00,0x00,0x00,0x00,0x00,0x00,0x00,
	0x4A,0x29,0x00,0x00,0x00,0x00,0x00,0x00,0x00,0x00,0x00,0x00,0x00,0x00,0x00,0x00,
	0x00,0x00,0x00,0x00,0x00,0x00,0x00,0x00,0x00,0x00,0x00,0x00,0x00,0x00,0x00,0x00,
	0x00,0x00,0x00,0x00,0x00,0x00,0x00,0x00,0x00,0x00,0x00,0x00,0x00,0x00,0x00,0x00,

	0x00,0x00,0x00,0x00,0x00,0x00,0x00,0x00,0x00,0x00,0x00,0x00,0x00,0x00,0x00,0x00,
	0x00,0x00,0x00,0x00,0x00,0x00,0x00,0x00,0x00,0x00,0x00,0x00,0x00,0x00,0x00,0x00,
	0x00,0x00,0x00,0x00,0x00,0x00,0x00,0x00,0x00,0x00,0x00,0x00,0x00,0x00,0x00,0x00,
	0x4A,0x29,0x00,0x00,0x00,0x00,0x00,0x00,0x00,0x00,0x00,0x00,0x00,0x00,0x00,0x00,
	0x00,0x00,0x00,0x00,0x00,0x00,0x00,0x00,0x00,0x00,0x00,0x00,0x00,0x00,0x00,0x00,
	0x00,0x00,0x00,0x00,0x00,0x00,0x00,0x00,0x00,0x00,0x00,0x00,0x00,0x00,0x00,0x00,
	0x00,0x00,0x00,0x00,0x00,0x00,0x00,0x00,0x00,0x00,0x00,0x00,0x00,0x00,0x00,0x00,
	0x00,0x00,0x00,0x00,0x00,0x00,0x00,0x00,0x00,0x00,0x00,0x00,0x00,0x00,0x00,0x00,

	0x00,0x00,0x00,0x00,0x00,0x00,0x00,0x00,0x00,0x00,0x00,0x00,0x00,0x00,0x00,0x00,
	0x4A,0x29,0x00,0x00,0x00,0x00,0x00,0x00,0x00,0x00,0x00,0x00,0x00,0x00,0x00,0x00,
	0x00,0x00,0x00,0x00,0x00,0x00,0x00,0x00,0x00,0x00,0x00,0x00,0x00,0x00,0x00,0x00,
	0x00,0x00,0x00,0x00,0x00,0x00,0x00,0x00,0x00,0x00,0x00,0x00,0x00,0x00,0x00,0x00,
	0x63,0x0C,0x63,0x0C,0x63,0x0C,0x63,0x0C,0x63,0x0C,0x63,0x0C,0x63,0x0C,0x63,0x0C,
	0x63,0x0C,0x63,0x0C,0x63,0x0C,0x63,0x0C,0x63,0x0C,0x63,0x0C,0x63,0x0C,0x63,0x0C,
	0x63,0x0C,0x63,0x0C,0x63,0x0C,0x63,0x0C,0x63,0x0C,0x63,0x0C,0x63,0x0C,0x63,0x0C,
	0x4A,0x29,0x63,0x0C,0x63,0x0C,0x63,0x0C,0x63,0x0C,0x63,0x0C,0x63,0x0C,0x63,0x0C,

	0x63,0x0C,0x63,0x0C,0x63,0x0C,0x63,0x0C,0x63,0x0C,0x63,0x0C,0x63,0x0C,0x63,0x0C,
	0x63,0x0C,0x63,0x0C,0x63,0x0C,0x63,0x0C,0x63,0x0C,0x63,0x0C,0x63,0x0C,0x63,0x0C,
	0x63,0x0C,0x63,0x0C,0x63,0x0C,0x63,0x0C,0x63,0x0C,0x63,0x0C,0x63,0x0C,0x63,0x0C,
	0x63,0x0C,0x63,0x0C,0x63,0x0C,0x63,0x0C,0x63,0x0C,0x63,0x0C,0x63,0x0C,0x63,0x0C,
	0x63,0x0C,0x63,0x0C,0x63,0x0C,0x63,0x0C,0x63,0x0C,0x63,0x0C,0x63,0x0C,0x63,0x0C,
	0x4A,0x29,0x63,0x0C,0x63,0x0C,0x63,0x0C,0x63,0x0C,0x63,0x0C,0x63,0x0C,0x63,0x0C,
	0x63,0x0C,0x63,0x0C,0x63,0x0C,0x63,0x0C,0x63,0x0C,0x63,0x0C,0x63,0x0C,0x63,0x0C,
	0x63,0x0C,0x63,0x0C,0x63,0x0C,0x63,0x0C,0x63,0x0C,0x63,0x0C,0x63,0x0C,0x63,0x0C,

	0x63,0x0C,0x63,0x0C,0x63,0x0C,0x63,0x0C,0x63,0x0C,0x63,0x0C,0x63,0x0C,0x63,0x0C,
	0x63,0x0C,0x63,0x0C,0x63,0x0C,0x63,0x0C,0x63,0x0C,0x63,0x0C,0x63,0x0C,0x63,0x0C,
	0x63,0x0C,0x63,0x0C,0x63,0x0C,0x63,0x0C,0x63,0x0C,0x63,0x0C,0x63,0x0C,0x63,0x0C,
	0x4A,0x29,0x63,0x0C,0x63,0x0C,0x63,0x0C,0x63,0x0C,0x63,0x0C,0x63,0x0C,0x63,0x0C,
	0x63,0x0C,0x63,0x0C,0x63,0x0C,0x63,0x0C,0x63,0x0C,0x63,0x0C,0x63,0x0C,0x63,0x0C,
	0x63,0x0C,0x63,0x0C,0x63,0x0C,0x63,0x0C,0x63,0x0C,0x63,0x0C,0x63,0x0C,0x63,0x0C,
	0x63,0x0C,0x63,0x0C,0x63,0x0C,0x63,0x0C,0x63,0x0C,0x63,0x0C,0x63,0x0C,0x63,0x0C,
	0x63,0x0C,0x63,0x0C,0x63,0x0C,0x63,0x0C,0x63,0x0C,0x63,0x0C,0x63,0x0C,0x63,0x0C,

	0x63,0x0C,0x63,0x0C,0x63,0x0C,0x63,0x0C,0x63,0x0C,0x63,0x0C,0x63,0x0C,0x63,0x0C,
	0x4A,0x29,0x63,0x0C,0x63,0x0C,0x63,0x0C,0x63,0x0C,0x63,0x0C,0x63,0x0C,0x63,0x0C,
	0x63,0x0C,0x63,0x0C,0x63,0x0C,0x63,0x0C,0x63,0x0C,0x63,0x0C,0x63,0x0C,0x63,0x0C,
	0x63,0x0C,0x63,0x0C,0x63,0x0C,0x63,0x0C,0x63,0x0C,0x63,0x0C,0x63,0x0C,0x63,0x0C,
	0x63,0x0C,0x63,0x0C,0x63,0x0C,0x63,0x0C,0x63,0x0C,0x63,0x0C,0x63,0x0C,0x63,0x0C,
	0x63,0x0C,0x63,0x0C,0x63,0x0C,0x63,0x0C,0x63,0x0C,0x63,0x0C,0x63,0x0C,0x63,0x0C,
	0x63,0x0C,0x63,0x0C,0x63,0x0C,0x63,0x0C,0x63,0x0C,0x63,0x0C,0x63,0x0C,0x63,0x0C,
	0x4A,0x29,0x63,0x0C,0x63,0x0C,0x63,0x0C,0x63,0x0C,0x63,0x0C,0x63,0x0C,0x63,0x0C,

	0x63,0x0C,0x63,0x0C,0x63,0x0C,0x63,0x0C,0x63,0x0C,0x63,0x0C,0x63,0x0C,0x63,0x0C,
	0x63,0x0C,0x63,0x0C,0x63,0x0C,0x63,0x0C,0x63,0x0C,0x63,0x0C,0x63,0x0C,0x63,0x0C,
	0x00,0x00,0x00,0x00,0x00,0x00,0x00,0x00,0x00,0x00,0x00,0x00,0x00,0x00,0x00,0x00,
	0x00,0x00,0x00,0x00,0x00,0x00,0x00,0x00,0x00,0x00,0x00,0x00,0x00,0x00,0x00,0x00,
	0x00,0x00,0x00,0x00,0x00,0x00,0x00,0x00,0x00,0x00,0x00,0x00,0x00,0x00,0x00,0x00,
	0x4A,0x29,0x00,0x00,0x00,0x00,0x00,0x00,0x00,0x00,0x00,0x00,0x00,0x00,0x00,0x00,
	0x00,0x00,0x00,0x00,0x00,0x00,0x00,0x00,0x00,0x00,0x00,0x00,0x00,0x00,0x00,0x00,
	0x00,0x00,0x00,0x00,0x00,0x00,0x00,0x00,0x00,0x00,0x00,0x00,0x00,0x00,0x00,0x00,

	0x00,0x00,0x00,0x00,0x00,0x00,0x00,0x00,0x00,0x00,0x00,0x00,0x00,0x00,0x00,0x00,
	0x00,0x00,0x00,0x00,0x00,0x00,0x00,0x00,0x00,0x00,0x00,0x00,0x00,0x00,0x00,0x00,
	0x00,0x00,0x00,0x00,0x00,0x00,0x00,0x00,0x00,0x00,0x00,0x00,0x00,0x00,0x00,0x00,
	0x4A,0x29,0x00,0x00,0x00,0x00,0x00,0x00,0x00,0x00,0x00,0x00,0x00,0x00,0x00,0x00,
	0x00,0x00,0x00,0x00,0x00,0x00,0x00,0x00,0x00,0x00,0x00,0x00,0x00,0x00,0x00,0x00,
	0x00,0x00,0x00,0x00,0x00,0x00,0x00,0x00,0x00,0x00,0x00,0x00,0x00,0x00,0x00,0x00,
	0x00,0x00,0x00,0x00,0x00,0x00,0x00,0x00,0x00,0x00,0x00,0x00,0x00,0x00,0x00,0x00,
	0x00,0x00,0x00,0x00,0x00,0x00,0x00,0x00,0x00,0x00,0x00,0x00,0x00,0x00,0x00,0x00,

	0x00,0x00,0x00,0x00,0x00,0x00,0x00,0x00,0x00,0x00,0x00,0x00,0x00,0x00,0x00,0x00,
	0x4A,0x29,0x00,0x00,0x00,0x00,0x00,0x00,0x00,0x00,0x00,0x00,0x00,0x00,0x00,0x00,
	0x00,0x00,0x00,0x00,0x00,0x00,0x00,0x00,0x00,0x00,0x00,0x00,0x00,0x00,0x00,0x00,
	0x00,0x00,0x00,0x00,0x00,0x00,0x00,0x00,0x00,0x00,0x00,0x00,0x00,0x00,0x00,0x00,
	0x00,0x00,0x00,0x00,0x00,0x00,0x00,0x00,0x00,0x00,0x00,0x00,0x00,0x00,0x00,0x00,
	0x00,0x00,0x00,0x00,0x00,0x00,0x00,0x00,0x00,0x00,0x00,0x00,0x00,0x00,0x00,0x00,
	0x00,0x00,0x00,0x00,0x00,0x00,0x00,0x00,0x00,0x00,0x00,0x00,0x00,0x00,0x00,0x00,
	0x4A,0x29,0x00,0x00,0x00,0x00,0x00,0x00,0x00,0x00,0x00,0x00,0x00,0x00,0x00,0x00,

	0x00,0x00,0x00,0x00,0x00,0x00,0x00,0x00,0x00,0x00,0x00,0x00,0x00,0x00,0x00,0x00,
	0x00,0x00,0x00,0x00,0x00,0x00,0x00,0x00,0x00,0x00,0x00,0x00,0x00,0x00,0x00,0x00,
	0x00,0x00,0x00,0x00,0x00,0x00,0x00,0x00,0x00,0x00,0x00,0x00,0x00,0x00,0x00,0x00,
	0x00,0x00,0x00,0x00,0x00,0x00,0x00,0x00,0x00,0x00,0x00,0x00,0x00,0x00,0x00,0x00,
	0x00,0x00,0x00,0x00,0x00,0x00,0x00,0x00,0x00,0x00,0x00,0x00,0x00,0x00,0x00,0x00,
	0x4A,0x29,0x00,0x00,0x00,0x00,0x00,0x00,0x00,0x00,0x00,0x00,0x00,0x00,0x00,0x00,
	0x00,0x00,0x00,0x00,0x00,0x00,0x00,0x00,0x00,0x00,0x00,0x00,0x00,0x00,0x00,0x00,
	0x00,0x00,0x00,0x00,0x00,0x00,0x00,0x00,0x00,0x00,0x00,0x00,0x00,0x00,0x00,0x00,

	0x63,0x0C,0x63,0x0C,0x63,0x0C,0x63,0x0C,0x63,0x0C,0x63,0x0C,0x63,0x0C,0x63,0x0C,
	0x63,0x0C,0x63,0x0C,0x63,0x0C,0x63,0x0C,0x63,0x0C,0x63,0x0C,0x63,0x0C,0x63,0x0C,
	0x63,0x0C,0x63,0x0C,0x63,0x0C,0x63,0x0C,0x63,0x0C,0x63,0x0C,0x63,0x0C,0x63,0x0C,
	0x4A,0x29,0x63,0x0C,0x63,0x0C,0x63,0x0C,0x63,0x0C,0x63,0x0C,0x63,0x0C,0x63,0x0C,
	0x63,0x0C,0x63,0x0C,0x63,0x0C,0x63,0x0C,0x63,0x0C,0x63,0x0C,0x63,0x0C,0x63,0x0C,
	0x63,0x0C,0x63,0x0C,0x63,0x0C,0x63,0x0C,0x63,0x0C,0x63,0x0C,0x63,0x0C,0x63,0x0C,
	0x63,0x0C,0x63,0x0C,0x63,0x0C,0x63,0x0C,0x63,0x0C,0x63,0x0C,0x63,0x0C,0x63,0x0C,
	0x63,0x0C,0x63,0x0C,0x63,0x0C,0x63,0x0C,0x63,0x0C,0x63,0x0C,0x63,0x0C,0x63,0x0C,

	0x63,0x0C,0x63,0x0C,0x63,0x0C,0x63,0x0C,0x63,0x0C,0x63,0x0C,0x63,0x0C,0x63,0x0C,
	0x4A,0x29,0x63,0x0C,0x63,0x0C,0x63,0x0C,0x63,0x0C,0x63,0x0C,0x63,0x0C,0x63,0x0C,
	0x63,0x0C,0x63,0x0C,0x63,0x0C,0x63,0x0C,0x63,0x0C,0x63,0x0C,0x63,0x0C,0x63,0x0C,
	0x63,0x0C,0x63,0x0C,0x63,0x0C,0x63,0x0C,0x63,0x0C,0x63,0x0C,0x63,0x0C,0x63,0x0C,
	0x63,0x0C,0x63,0x0C,0x63,0x0C,0x63,0x0C,0x63,0x0C,0x63,0x0C,0x63,0x0C,0x63,0x0C,
	0x63,0x0C,0x63,0x0C,0x63,0x0C,0x63,0x0C,0x63,0x0C,0x63,0x0C,0x63,0x0C,0x63,0x0C,
	0x63,0x0C,0x63,0x0C,0x63,0x0C,0x63,0x0C,0x63,0x0C,0x63,0x0C,0x63,0x0C,0x63,0x0C,
	0x4A,0x29,0x63,0x0C,0x63,0x0C,0x63,0x0C,0x63,0x0C,0x63,0x0C,0x63,0x0C,0x63,0x0C,

	0x63,0x0C,0x63,0x0C,0x63,0x0C,0x63,0x0C,0x63,0x0C,0x63,0x0C,0x63,0x0C,0x63,0x0C,
	0x63,0x0C,0x63,0x0C,0x63,0x0C,0x63,0x0C,0x63,0x0C,0x63,0x0C,0x63,0x0C,0x63,0x0C,
	0x63,0x0C,0x63,0x0C,0x63,0x0C,0x63,0x0C,0x63,0x0C,0x63,0x0C,0x63,0x0C,0x63,0x0C,
	0x63,0x0C,0x63,0x0C,0x63,0x0C,0x63,0x0C,0x63,0x0C,0x63,0x0C,0x63,0x0C,0x63,0x0C,
	0x63,0x0C,0x63,0x0C,0x63,0x0C,0x63,0x0C,0x63,0x0C,0x63,0x0C,0x63,0x0C,0x63,0x0C,
	0x4A,0x29,0x63,0x0C,0x63,0x0C,0x63,0x0C,0x63,0x0C,0x63,0x0C,0x63,0x0C,0x63,0x0C,
	0x63,0x0C,0x63,0x0C,0x63,0x0C,0x63,0x0C,0x63,0x0C,0x63,0x0C,0x63,0x0C,0x63,0x0C,
	0x63,0x0C,0x63,0x0C,0x63,0x0C,0x63,0x0C,0x63,0x0C,0x63,0x0C,0x63,0x0C,0x63,0x0C,

	0x63,0x0C,0x63,0x0C,0x63,0x0C,0x63,0x0C,0x63,0x0C,0x63,0x0C,0x63,0x0C,0x63,0x0C,
	0x63,0x0C,0x63,0x0C,0x63,0x0C,0x63,0x0C,0x63,0x0C,0x63,0x0C,0x63,0x0C,0x63,0x0C,
	0x63,0x0C,0x63,0x0C,0x63,0x0C,0x63,0x0C,0x63,0x0C,0x63,0x0C,0x63,0x0C,0x63,0x0C,
	0x4A,0x29,0x63,0x0C,0x63,0x0C,0x63,0x0C,0x63,0x0C,0x63,0x0C,0x63,0x0C,0x63,0x0C,
	0x63,0x0C,0x63,0x0C,0x63,0x0C,0x63,0x0C,0x63,0x0C,0x63,0x0C,0x63,0x0C,0x63,0x0C,
	0x63,0x0C,0x63,0x0C,0x63,0x0C,0x63,0x0C,0x63,0x0C,0x63,0x0C,0x63,0x0C,0x63,0x0C,
	0x00,0x00,0x00,0x00,0x00,0x00,0x00,0x00,0x00,0x00,0x00,0x00,0x00,0x00,0x00,0x00,
	0x00,0x00,0x00,0x00,0x00,0x00,0x00,0x00,0x00,0x00,0x00,0x00,0x00,0x00,0x00,0x00,

	0x00,0x00,0x00,0x00,0x00,0x00,0x00,0x00,0x00,0x00,0x00,0x00,0x00,0x00,0x00,0x00,
	0x4A,0x29,0x00,0x00,0x00,0x00,0x00,0x00,0x00,0x00,0x00,0x00,0x00,0x00,0x00,0x00,
	0x00,0x00,0x00,0x00,0x00,0x00,0x00,0x00,0x00,0x00,0x00,0x00,0x00,0x00,0x00,0x00,
	0x00,0x00,0x00,0x00,0x00,0x00,0x00,0x00,0x00,0x00,0x00,0x00,0x00,0x00,0x00,0x00,
	0x00,0x00,0x00,0x00,0x00,0x00,0x00,0x00,0x00,0x00,0x00,0x00,0x00,0x00,0x00,0x00,
	0x00,0x00,0x00,0x00,0x00,0x00,0x00,0x00,0x00,0x00,0x00,0x00,0x00,0x00,0x00,0x00,
	0x00,0x00,0x00,0x00,0x00,0x00,0x00,0x00,0x00,0x00,0x00,0x00,0x00,0x00,0x00,0x00,
	0x4A,0x29,0x00,0x00,0x00,0x00,0x00,0x00,0x00,0x00,0x00,0x00,0x00,0x00,0x00,0x00,

	0x00,0x00,0x00,0x00,0x00,0x00,0x00,0x00,0x00,0x00,0x00,0x00,0x00,0x00,0x00,0x00,
	0x00,0x00,0x00,0x00,0x00,0x00,0x00,0x00,0x00,0x00,0x00,0x00,0x00,0x00,0x00,0x00,
	0x00,0x00,0x00,0x00,0x00,0x00,0x00,0x00,0x00,0x00,0x00,0x00,0x00,0x00,0x00,0x00,
	0x00,0x00,0x00,0x00,0x00,0x00,0x00,0x00,0x00,0x00,0x00,0x00,0x00,0x00,0x00,0x00,
	0x00,0x00,0x00,0x00,0x00,0x00,0x00,0x00,0x00,0x00,0x00,0x00,0x00,0x00,0x00,0x00,
	0x4A,0x29,0x00,0x00,0x00,0x00,0x00,0x00,0x00,0x00,0x00,0x00,0x00,0x00,0x00,0x00,
	0x00,0x00,0x00,0x00,0x00,0x00,0x00,0x00,0x00,0x00,0x00,0x00,0x00,0x00,0x00,0x00,
	0x00,0x00,0x00,0x00,0x00,0x00,0x00,0x00,0x00,0x00,0x00,0x00,0x00,0x00,0x00,0x00,

	0x00,0x00,0x00,0x00,0x00,0x00,0x00,0x00,0x00,0x00,0x00,0x00,0x00,0x00,0x00,0x00,
	0x00,0x00,0x00,0x00,0x00,0x00,0x00,0x00,0x00,0x00,0x00,0x00,0x00,0x00,0x00,0x00,
	0x00,0x00,0x00,0x00,0x00,0x00,0x00,0x00,0x00,0x00,0x00,0x00,0x00,0x00,0x00,0x00,
	0x4A,0x29,0x00,0x00,0x00,0x00,0x00,0x00,0x00,0x00,0x00,0x00,0x00,0x00,0x00,0x00,
	0x00,0x00,0x00,0x00,0x00,0x00,0x00,0x00,0x00,0x00,0x00,0x00,0x00,0x00,0x00,0x00,
	0x00,0x00,0x00,0x00,0x00,0x00,0x00,0x00,0x00,0x00,0x00,0x00,0x00,0x00,0x00,0x00,
	0x00,0x00,0x00,0x00,0x00,0x00,0x00,0x00,0x00,0x00,0x00,0x00,0x00,0x00,0x00,0x00,
	0x00,0x00,0x00,0x00,0x00,0x00,0x00,0x00,0x00,0x00,0x00,0x00,0x00,0x00,0x00,0x00,

	0x00,0x00,0x00,0x00,0x00,0x00,0x00,0x00,0x00,0x00,0x00,0x00,0x00,0x00,0x00,0x00,
	0x4A,0x29,0x00,0x00,0x00,0x00,0x00,0x00,0x00,0x00,0x00,0x00,0x00,0x00,0x00,0x00,
	0x00,0x00,0x00,0x00,0x00,0x00,0x00,0x00,0x00,0x00,0x00,0x00,0x00,0x00,0x00,0x00,
	0x00,0x00,0x00,0x00,0x00,0x00,0x00,0x00,0x00,0x00,0x00,0x00,0x00,0x00,0x00,0x00,
	0x63,0x0C,0x63,0x0C,0x63,0x0C,0x63,0x0C,0x63,0x0C,0x63,0x0C,0x63,0x0C,0x63,0x0C,
	0x63,0x0C,0x63,0x0C,0x63,0x0C,0x63,0x0C,0x63,0x0C,0x63,0x0C,0x63,0x0C,0x63,0x0C,
	0x63,0x0C,0x63,0x0C,0x63,0x0C,0x63,0x0C,0x63,0x0C,0x63,0x0C,0x63,0x0C,0x63,0x0C,
	0x4A,0x29,0x63,0x0C,0x63,0x0C,0x63,0x0C,0x63,0x0C,0x63,0x0C,0x63,0x0C,0x63,0x0C,

	0x63,0x0C,0x63,0x0C,0x63,0x0C,0x63,0x0C,0x63,0x0C,0x63,0x0C,0x63,0x0C,0x63,0x0C,
	0x63,0x0C,0x63,0x0C,0x63,0x0C,0x63,0x0C,0x63,0x0C,0x63,0x0C,0x63,0x0C,0x63,0x0C,
	0x63,0x0C,0x63,0x0C,0x63,0x0C,0x63,0x0C,0x63,0x0C,0x63,0x0C,0x63,0x0C,0x63,0x0C,
	0x63,0x0C,0x63,0x0C,0x63,0x0C,0x63,0x0C,0x63,0x0C,0x63,0x0C,0x63,0x0C,0x63,0x0C,
	0x63,0x0C,0x63,0x0C,0x63,0x0C,0x63,0x0C,0x63,0x0C,0x63,0x0C,0x63,0x0C,0x63,0x0C,
	0x4A,0x29,0x63,0x0C,0x63,0x0C,0x63,0x0C,0x63,0x0C,0x63,0x0C,0x63,0x0C,0x63,0x0C,
	0x63,0x0C,0x63,0x0C,0x63,0x0C,0x63,0x0C,0x63,0x0C,0x63,0x0C,0x63,0x0C,0x63,0x0C,
	0x63,0x0C,0x63,0x0C,0x63,0x0C,0x63,0x0C,0x63,0x0C,0x63,0x0C,0x63,0x0C,0x63,0x0C,

	0x63,0x0C,0x63,0x0C,0x63,0x0C,0x63,0x0C,0x63,0x0C,0x63,0x0C,0x63,0x0C,0x63,0x0C,
	0x63,0x0C,0x63,0x0C,0x63,0x0C,0x63,0x0C,0x63,0x0C,0x63,0x0C,0x63,0x0C,0x63,0x0C,
	0x63,0x0C,0x63,0x0C,0x63,0x0C,0x63,0x0C,0x63,0x0C,0x63,0x0C,0x63,0x0C,0x63,0x0C,
	0x4A,0x29,0x63,0x0C,0x63,0x0C,0x63,0x0C,0x63,0x0C,0x63,0x0C,0x63,0x0C,0x63,0x0C,
	0x63,0x0C,0x63,0x0C,0x63,0x0C,0x63,0x0C,0x63,0x0C,0x63,0x0C,0x63,0x0C,0x63,0x0C,
	0x63,0x0C,0x63,0x0C,0x63,0x0C,0x63,0x0C,0x63,0x0C,0x63,0x0C,0x63,0x0C,0x63,0x0C,
	0x63,0x0C,0x63,0x0C,0x63,0x0C,0x63,0x0C,0x63,0x0C,0x63,0x0C,0x63,0x0C,0x63,0x0C,
	0x63,0x0C,0x63,0x0C,0x63,0x0C,0x63,0x0C,0x63,0x0C,0x63,0x0C,0x63,0x0C,0x63,0x0C,

	0x63,0x0C,0x63,0x0C,0x63,0x0C,0x63,0x0C,0x63,0x0C,0x63,0x0C,0x63,0x0C,0x63,0x0C,
	0x4A,0x29,0x63,0x0C,0x63,0x0C,0x63,0x0C,0x63,0x0C,0x63,0x0C,0x63,0x0C,0x63,0x0C,
	0x63,0x0C,0x63,0x0C,0x63,0x0C,0x63,0x0C,0x63,0x0C,0x63,0x0C,0x63,0x0C,0x63,0x0C,
	0x63,0x0C,0x63,0x0C,0x63,0x0C,0x63,0x0C,0x63,0x0C,0x63,0x0C,0x63,0x0C,0x63,0x0C,
	0x63,0x0C,0x63,0x0C,0x63,0x0C,0x63,0x0C,0x63,0x0C,0x63,0x0C,0x63,0x0C,0x63,0x0C,
	0x63,0x0C,0x63,0x0C,0x63,0x0C,0x63,0x0C,0x63,0x0C,0x63,0x0C,0x63,0x0C,0x63,0x0C,
	0x63,0x0C,0x63,0x0C,0x63,0x0C,0x63,0x0C,0x63,0x0C,0x63,0x0C,0x63,0x0C,0x63,0x0C,
	0x4A,0x29,0x63,0x0C,0x63,0x0C,0x63,0x0C,0x63,0x0C,0x63,0x0C,0x63,0x0C,0x63,0x0C,

	0x63,0x0C,0x63,0x0C,0x63,0x0C,0x63,0x0C,0x63,0x0C,0x63,0x0C,0x63,0x0C,0x63,0x0C,
	0x63,0x0C,0x63,0x0C,0x63,0x0C,0x63,0x0C,0x63,0x0C,0x63,0x0C,0x63,0x0C,0x63,0x0C,
	0x00,0x00,0x00,0x00,0x00,0x00,0x00,0x00,0x00,0x00,0x00,0x00,0x00,0x00,0x00,0x00,
	0x00,0x00,0x00,0x00,0x00,0x00,0x00,0x00,0x00,0x00,0x00,0x00,0x00,0x00,0x00,0x00,
	0x00,0x00,0x00,0x00,0x00,0x00,0x00,0x00,0x00,0x00,0x00,0x00,0x00,0x00,0x00,0x00,
	0x4A,0x29,0x00,0x00,0x00,0x00,0x00,0x00,0x00,0x00,0x00,0x00,0x00,0x00,0x00,0x00,
	0x00,0x00,0x00,0x00,0x00,0x00,0x00,0x00,0x00,0x00,0x00,0x00,0x00,0x00,0x00,0x00,
	0x00,0x00,0x00,0x00,0x00,0x00,0x00,0x00,0x00,0x00,0x00,0x00,0x00,0x00,0x00,0x00,

	0x00,0x00,0x00,0x00,0x00,0x00,0x00,0x00,0x00,0x00,0x00,0x00,0x00,0x00,0x00,0x00,
	0x00,0x00,0x00,0x00,0x00,0x00,0x00,0x00,0x00,0x00,0x00,0x00,0x00,0x00,0x00,0x00,
	0x00,0x00,0x00,0x00,0x00,0x00,0x00,0x00,0x00,0x00,0x00,0x00,0x00,0x00,0x00,0x00,
	0x4A,0x29,0x00,0x00,0x00,0x00,0x00,0x00,0x00,0x00,0x00,0x00,0x00,0x00,0x00,0x00,
	0x00,0x00,0x00,0x00,0x00,0x00,0x00,0x00,0x00,0x00,0x00,0x00,0x00,0x00,0x00,0x00,
	0x00,0x00,0x00,0x00,0x00,0x00,0x00,0x00,0x00,0x00,0x00,0x00,0x00,0x00,0x00,0x00,
	0x00,0x00,0x00,0x00,0x00,0x00,0x00,0x00,0x00,0x00,0x00,0x00,0x00,0x00,0x00,0x00,
	0x00,0x00,0x00,0x00,0x00,0x00,0x00,0x00,0x00,0x00,0x00,0x00,0x00,0x00,0x00,0x00,

	0x00,0x00,0x00,0x00,0x00,0x00,0x00,0x00,0x00,0x00,0x00,0x00,0x00,0x00,0x00,0x00,
	0x4A,0x29,0x00,0x00,0x00,0x00,0x00,0x00,0x00,0x00,0x00,0x00,0x00,0x00,0x00,0x00,
	0x00,0x00,0x00,0x00,0x00,0x00,0x00,0x00,0x00,0x00,0x00,0x00,0x00,0x00,0x00,0x00,
	0x00,0x00,0x00,0x00,0x00,0x00,0x00,0x00,0x00,0x00,0x00,0x00,0x00,0x00,0x00,0x00,
	0x00,0x00,0x00,0x00,0x00,0x00,0x00,0x00,0x00,0x00,0x00,0x00,0x00,0x00,0x00,0x00,
	0x00,0x00,0x00,0x00,0x00,0x00,0x00,0x00,0x00,0x00,0x00,0x00,0x00,0x00,0x00,0x00,
	0x00,0x00,0x00,0x00,0x00,0x00,0x00,0x00,0x00,0x00,0x00,0x00,0x00,0x00,0x00,0x00,
	0x4A,0x29,0x00,0x00,0x00,0x00,0x00,0x00,0x00,0x00,0x00,0x00,0x00,0x00,0x00,0x00,

	0x00,0x00,0x00,0x00,0x00,0x00,0x00,0x00,0x00,0x00,0x00,0x00,0x00,0x00,0x00,0x00,
	0x00,0x00,0x00,0x00,0x00,0x00,0x00,0x00,0x00,0x00,0x00,0x00,0x00,0x00,0x00,0x00,
	0x00,0x00,0x00,0x00,0x00,0x00,0x00,0x00,0x00,0x00,0x00,0x00,0x00,0x00,0x00,0x00,
	0x00,0x00,0x00,0x00,0x00,0x00,0x00,0x00,0x00,0x00,0x00,0x00,0x00,0x00,0x00,0x00,
	0x00,0x00,0x00,0x00,0x00,0x00,0x00,0x00,0x00,0x00,0x00,0x00,0x00,0x00,0x00,0x00,
	0x4A,0x29,0x00,0x00,0x00,0x00,0x00,0x00,0x00,0x00,0x00,0x00,0x00,0x00,0x00,0x00,
	0x00,0x00,0x00,0x00,0x00,0x00,0x00,0x00,0x00,0x00,0x00,0x00,0x00,0x00,0x00,0x00,
	0x00,0x00,0x00,0x00,0x00,0x00,0x00,0x00,0x00,0x00,0x00,0x00,0x00,0x00,0x00,0x00,

	0x63,0x0C,0x63,0x0C,0x63,0x0C,0x63,0x0C,0x63,0x0C,0x63,0x0C,0x63,0x0C,0x63,0x0C,
	0x63,0x0C,0x63,0x0C,0x63,0x0C,0x63,0x0C,0x63,0x0C,0x63,0x0C,0x63,0x0C,0x63,0x0C,
	0x63,0x0C,0x63,0x0C,0x63,0x0C,0x63,0x0C,0x63,0x0C,0x63,0x0C,0x63,0x0C,0x63,0x0C,
	0x4A,0x29,0x63,0x0C,0x63,0x0C,0x63,0x0C,0x63,0x0C,0x63,0x0C,0x63,0x0C,0x63,0x0C,
	0x63,0x0C,0x63,0x0C,0x63,0x0C,0x63,0x0C,0x63,0x0C,0x63,0x0C,0x63,0x0C,0x63,0x0C,
	0x63,0x0C,0x63,0x0C,0x63,0x0C,0x63,0x0C,0x63,0x0C,0x63,0x0C,0x63,0x0C,0x63,0x0C,
	0x63,0x0C,0x63,0x0C,0x63,0x0C,0x63,0x0C,0x63,0x0C,0x63,0x0C,0x63,0x0C,0x63,0x0C,
	0x63,0x0C,0x63,0x0C,0x63,0x0C,0x63,0x0C,0x63,0x0C,0x63,0x0C,0x63,0x0C,0x63,0x0C,

	0x63,0x0C,0x63,0x0C,0x63,0x0C,0x63,0x0C,0x63,0x0C,0x63,0x0C,0x63,0x0C,0x63,0x0C,
	0x4A,0x29,0x63,0x0C,0x63,0x0C,0x63,0x0C,0x63,0x0C,0x63,0x0C,0x63,0x0C,0x63,0x0C,
	0x63,0x0C,0x63,0x0C,0x63,0x0C,0x63,0x0C,0x63,0x0C,0x63,0x0C,0x63,0x0C,0x63,0x0C,
	0x63,0x0C,0x63,0x0C,0x63,0x0C,0x63,0x0C,0x63,0x0C,0x63,0x0C,0x63,0x0C,0x63,0x0C,
	0x63,0x0C,0x63,0x0C,0x63,0x0C,0x63,0x0C,0x63,0x0C,0x63,0x0C,0x63,0x0C,0x63,0x0C,
	0x63,0x0C,0x63,0x0C,0x63,0x0C,0x63,0x0C,0x63,0x0C,0x63,0x0C,0x63,0x0C,0x63,0x0C,
	0x63,0x0C,0x63,0x0C,0x63,0x0C,0x63,0x0C,0x63,0x0C,0x63,0x0C,0x63,0x0C,0x63,0x0C,
	0x4A,0x29,0x63,0x0C,0x63,0x0C,0x63,0x0C,0x63,0x0C,0x63,0x0C,0x63,0x0C,0x63,0x0C,

	0x63,0x0C,0x63,0x0C,0x63,0x0C,0x63,0x0C,0x63,0x0C,0x63,0x0C,0x63,0x0C,0x63,0x0C,
	0x63,0x0C,0x63,0x0C,0x63,0x0C,0x63,0x0C,0x63,0x0C,0x63,0x0C,0x63,0x0C,0x63,0x0C,
	0x63,0x0C,0x63,0x0C,0x63,0x0C,0x63,0x0C,0x63,0x0C,0x63,0x0C,0x63,0x0C,0x63,0x0C,
	0x63,0x0C,0x63,0x0C,0x63,0x0C,0x63,0x0C,0x63,0x0C,0x63,0x0C,0x63,0x0C,0x63,0x0C,
	0x63,0x0C,0x63,0x0C,0x63,0x0C,0x63,0x0C,0x63,0x0C,0x63,0x0C,0x63,0x0C,0x63,0x0C,
	0x4A,0x29,0x63,0x0C,0x63,0x0C,0x63,0x0C,0x63,0x0C,0x63,0x0C,0x63,0x0C,0x63,0x0C,
	0x63,0x0C,0x63,0x0C,0x63,0x0C,0x63,0x0C,0x63,0x0C,0x63,0x0C,0x63,0x0C,0x63,0x0C,
	0x63,0x0C,0x63,0x0C,0x63,0x0C,0x63,0x0C,0x63,0x0C,0x63,0x0C,0x63,0x0C,0x63,0x0C,

	0x63,0x0C,0x63,0x0C,0x63,0x0C,0x63,0x0C,0x63,0x0C,0x63,0x0C,0x63,0x0C,0x63,0x0C,
	0x63,0x0C,0x63,0x0C,0x63,0x0C,0x63,0x0C,0x63,0x0C,0x63,0x0C,0x63,0x0C,0x63,0x0C,
	0x63,0x0C,0x63,0x0C,0x63,0x0C,0x63,0x0C,0x63,0x0C,0x63,0x0C,0x63,0x0C,0x63,0x0C,
	0x4A,0x29,0x63,0x0C,0x63,0x0C,0x63,0x0C,0x63,0x0C,0x63,0x0C,0x63,0x0C,0x63,0x0C,
	0x63,0x0C,0x63,0x0C,0x63,0x0C,0x63,0x0C,0x63,0x0C,0x63,0x0C,0x63,0x0C,0x63,0x0C,
	0x63,0x0C,0x63,0x0C,0x63,0x0C,0x63,0x0C,0x63,0x0C,0x63,0x0C,0x63,0x0C,0x63,0x0C,
	0x00,0x00,0x00,0x00,0x00,0x00,0x00,0x00,0x00,0x00,0x00,0x00,0x00,0x00,0x00,0x00,
	0x00,0x00,0x00,0x00,0x00,0x00,0x00,0x00,0x00,0x00,0x00,0x00,0x00,0x00,0x00,0x00,

	0x00,0x00,0x00,0x00,0x00,0x00,0x00,0x00,0x00,0x00,0x00,0x00,0x00,0x00,0x00,0x00,
	0x4A,0x29,0x00,0x00,0x00,0x00,0x00,0x00,0x00,0x00,0x00,0x00,0x00,0x00,0x00,0x00,
	0x00,0x00,0x00,0x00,0x00,0x00,0x00,0x00,0x00,0x00,0x00,0x00,0x00,0x00,0x00,0x00,
	0x00,0x00,0x00,0x00,0x00,0x00,0x00,0x00,0x00,0x00,0x00,0x00,0x00,0x00,0x00,0x00,
	0x00,0x00,0x00,0x00,0x00,0x00,0x00,0x00,0x00,0x00,0x00,0x00,0x00,0x00,0x00,0x00,
	0x00,0x00,0x00,0x00,0x00,0x00,0x00,0x00,0x00,0x00,0x00,0x00,0x00,0x00,0x00,0x00,
	0x00,0x00,0x00,0x00,0x00,0x00,0x00,0x00,0x00,0x00,0x00,0x00,0x00,0x00,0x00,0x00,
	0x4A,0x29,0x00,0x00,0x00,0x00,0x00,0x00,0x00,0x00,0x00,0x00,0x00,0x00,0x00,0x00,

	0x00,0x00,0x00,0x00,0x00,0x00,0x00,0x00,0x00,0x00,0x00,0x00,0x00,0x00,0x00,0x00,
	0x00,0x00,0x00,0x00,0x00,0x00,0x00,0x00,0x00,0x00,0x00,0x00,0x00,0x00,0x00,0x00,
	0x00,0x00,0x00,0x00,0x00,0x00,0x00,0x00,0x00,0x00,0x00,0x00,0x00,0x00,0x00,0x00,
	0x00,0x00,0x00,0x00,0x00,0x00,0x00,0x00,0x00,0x00,0x00,0x00,0x00,0x00,0x00,0x00,
	0x00,0x00,0x00,0x00,0x00,0x00,0x00,0x00,0x00,0x00,0x00,0x00,0x00,0x00,0x00,0x00,
	0x4A,0x29,0x00,0x00,0x00,0x00,0x00,0x00,0x00,0x00,0x00,0x00,0x00,0x00,0x00,0x00,
	0x00,0x00,0x00,0x00,0x00,0x00,0x00,0x00,0x00,0x00,0x00,0x00,0x00,0x00,0x00,0x00,
	0x00,0x00,0x00,0x00,0x00,0x00,0x00,0x00,0x00,0x00,0x00,0x00,0x00,0x00,0x00,0x00,

	0x00,0x00,0x00,0x00,0x00,0x00,0x00,0x00,0x00,0x00,0x00,0x00,0x00,0x00,0x00,0x00,
	0x00,0x00,0x00,0x00,0x00,0x00,0x00,0x00,0x00,0x00,0x00,0x00,0x00,0x00,0x00,0x00,
	0x00,0x00,0x00,0x00,0x00,0x00,0x00,0x00,0x00,0x00,0x00,0x00,0x00,0x00,0x00,0x00,
	0x4A,0x29,0x00,0x00,0x00,0x00,0x00,0x00,0x00,0x00,0x00,0x00,0x00,0x00,0x00,0x00,
	0x00,0x00,0x00,0x00,0x00,0x00,0x00,0x00,0x00,0x00,0x00,0x00,0x00,0x00,0x00,0x00,
	0x00,0x00,0x00,0x00,0x00,0x00,0x00,0x00,0x00,0x00,0x00,0x00,0x00,0x00,0x00,0x00,
	0x00,0x00,0x00,0x00,0x00,0x00,0x00,0x00,0x00,0x00,0x00,0x00,0x00,0x00,0x00,0x00,
	0x00,0x00,0x00,0x00,0x00,0x00,0x00,0x00,0x00,0x00,0x00,0x00,0x00,0x00,0x00,0x00,

	0x00,0x00,0x00,0x00,0x00,0x00,0x00,0x00,0x00,0x00,0x00,0x00,0x00,0x00,0x00,0x00,
	0x4A,0x29,0x00,0x00,0x00,0x00,0x00,0x00,0x00,0x00,0x00,0x00,0x00,0x00,0x00,0x00,
	0x00,0x00,0x00,0x00,0x00,0x00,0x00,0x00,0x00,0x00,0x00,0x00,0x00,0x00,0x00,0x00,
	0x00,0x00,0x00,0x00,0x00,0x00,0x00,0x00,0x00,0x00,0x00,0x00,0x00,0x00,0x00,0x00,
	0x63,0x0C,0x63,0x0C,0x63,0x0C,0x63,0x0C,0x63,0x0C,0x63,0x0C,0x63,0x0C,0x63,0x0C,
	0x63,0x0C,0x63,0x0C,0x63,0x0C,0x63,0x0C,0x63,0x0C,0x63,0x0C,0x63,0x0C,0x63,0x0C,
	0x63,0x0C,0x63,0x0C,0x63,0x0C,0x63,0x0C,0x63,0x0C,0x63,0x0C,0x63,0x0C,0x63,0x0C,
	0x4A,0x29,0x63,0x0C,0x63,0x0C,0x63,0x0C,0x63,0x0C,0x63,0x0C,0x63,0x0C,0x63,0x0C,

	0x63,0x0C,0x63,0x0C,0x63,0x0C,0x63,0x0C,0x63,0x0C,0x63,0x0C,0x63,0x0C,0x63,0x0C,
	0x63,0x0C,0x63,0x0C,0x63,0x0C,0x63,0x0C,0x63,0x0C,0x63,0x0C,0x63,0x0C,0x63,0x0C,
	0x63,0x0C,0x63,0x0C,0x63,0x0C,0x63,0x0C,0x63,0x0C,0x63,0x0C,0x63,0x0C,0x63,0x0C,
	0x63,0x0C,0x63,0x0C,0x63,0x0C,0x63,0x0C,0x63,0x0C,0x63,0x0C,0x63,0x0C,0x63,0x0C,
	0x63,0x0C,0x63,0x0C,0x63,0x0C,0x63,0x0C,0x63,0x0C,0x63,0x0C,0x63,0x0C,0x63,0x0C,
	0x4A,0x29,0x63,0x0C,0x63,0x0C,0x63,0x0C,0x63,0x0C,0x63,0x0C,0x63,0x0C,0x63,0x0C,
	0x63,0x0C,0x63,0x0C,0x63,0x0C,0x63,0x0C,0x63,0x0C,0x63,0x0C,0x63,0x0C,0x63,0x0C,
	0x63,0x0C,0x63,0x0C,0x63,0x0C,0x63,0x0C,0x63,0x0C,0x63,0x0C,0x63,0x0C,0x63,0x0C,

	0x63,0x0C,0x63,0x0C,0x63,0x0C,0x63,0x0C,0x63,0x0C,0x63,0x0C,0x63,0x0C,0x63,0x0C,
	0x63,0x0C,0x63,0x0C,0x63,0x0C,0x63,0x0C,0x63,0x0C,0x63,0x0C,0x63,0x0C,0x63,0x0C,
	0x63,0x0C,0x63,0x0C,0x63,0x0C,0x63,0x0C,0x63,0x0C,0x63,0x0C,0x63,0x0C,0x63,0x0C,
	0x4A,0x29,0x63,0x0C,0x63,0x0C,0x63,0x0C,0x63,0x0C,0x63,0x0C,0x63,0x0C,0x63,0x0C,
	0x63,0x0C,0x63,0x0C,0x63,0x0C,0x63,0x0C,0x63,0x0C,0x63,0x0C,0x63,0x0C,0x63,0x0C,
	0x63,0x0C,0x63,0x0C,0x63,0x0C,0x63,0x0C,0x63,0x0C,0x63,0x0C,0x63,0x0C,0x63,0x0C,
	0x63,0x0C,0x63,0x0C,0x63,0x0C,0x63,0x0C,0x63,0x0C,0x63,0x0C,0x63,0x0C,0x63,0x0C,
	0x63,0x0C,0x63,0x0C,0x63,0x0C,0x63,0x0C,0x63,0x0C,0x63,0x0C,0x63,0x0C,0x63,0x0C,

	0x63,0x0C,0x63,0x0C,0x63,0x0C,0x63,0x0C,0x63,0x0C,0x63,0x0C,0x63,0x0C,0x63,0x0C,
	0x4A,0x29,0x63,0x0C,0x63,0x0C,0x63,0x0C,0x63,0x0C,0x63,0x0C,0x63,0x0C,0x63,0x0C,
	0x63,0x0C,0x63,0x0C,0x63,0x0C,0x63,0x0C,0x63,0x0C,0x63,0x0C,0x63,0x0C,0x63,0x0C,
	0x63,0x0C,0x63,0x0C,0x63,0x0C,0x63,0x0C,0x63,0x0C,0x63,0x0C,0x63,0x0C,0x63,0x0C,
	0x63,0x0C,0x63,0x0C,0x63,0x0C,0x63,0x0C,0x63,0x0C,0x63,0x0C,0x63,0x0C,0x63,0x0C,
	0x63,0x0C,0x63,0x0C,0x63,0x0C,0x63,0x0C,0x63,0x0C,0x63,0x0C,0x63,0x0C,0x63,0x0C,
	0x63,0x0C,0x63,0x0C,0x63,0x0C,0x63,0x0C,0x63,0x0C,0x63,0x0C,0x63,0x0C,0x63,0x0C,
	0x4A,0x29,0x63,0x0C,0x63,0x0C,0x63,0x0C,0x63,0x0C,0x63,0x0C,0x63,0x0C,0x63,0x0C,

	0x63,0x0C,0x63,0x0C,0x63,0x0C,0x63,0x0C,0x63,0x0C,0x63,0x0C,0x63,0x0C,0x63,0x0C,
	0x63,0x0C,0x63,0x0C,0x63,0x0C,0x63,0x0C,0x63,0x0C,0x63,0x0C,0x63,0x0C,0x63,0x0C,
	0x00,0x00,0x00,0x00,0x00,0x00,0x00,0x00,0x00,0x00,0x00,0x00,0x00,0x00,0x00,0x00,
	0x00,0x00,0x00,0x00,0x00,0x00,0x00,0x00,0x00,0x00,0x00,0x00,0x00,0x00,0x00,0x00,
	0x00,0x00,0x00,0x00,0x00,0x00,0x00,0x00,0x00,0x00,0x00,0x00,0x00,0x00,0x00,0x00,
	0x4A,0x29,0x00,0x00,0x00,0x00,0x00,0x00,0x00,0x00,0x00,0x00,0x00,0x00,0x00,0x00,
	0x00,0x00,0x00,0x00,0x00,0x00,0x00,0x00,0x00,0x00,0x00,0x00,0x00,0x00,0x00,0x00,
	0x00,0x00,0x00,0x00,0x00,0x00,0x00,0x00,0x00,0x00,0x00,0x00,0x00,0x00,0x00,0x00,

	0x00,0x00,0x00,0x00,0x00,0x00,0x00,0x00,0x00,0x00,0x00,0x00,0x00,0x00,0x00,0x00,
	0x00,0x00,0x00,0x00,0x00,0x00,0x00,0x00,0x00,0x00,0x00,0x00,0x00,0x00,0x00,0x00,
	0x00,0x00,0x00,0x00,0x00,0x00,0x00,0x00,0x00,0x00,0x00,0x00,0x00,0x00,0x00,0x00,
	0x4A,0x29,0x00,0x00,0x00,0x00,0x00,0x00,0x00,0x00,0x00,0x00,0x00,0x00,0x00,0x00,
	0x00,0x00,0x00,0x00,0x00,0x00,0x00,0x00,0x00,0x00,0x00,0x00,0x00,0x00,0x00,0x00,
	0x00,0x00,0x00,0x00,0x00,0x00,0x00,0x00,0x00,0x00,0x00,0x00,0x00,0x00,0x00,0x00,
	0x00,0x00,0x00,0x00,0x00,0x00,0x00,0x00,0x00,0x00,0x00,0x00,0x00,0x00,0x00,0x00,
	0x00,0x00,0x00,0x00,0x00,0x00,0x00,0x00,0x00,0x00,0x00,0x00,0x00,0x00,0x00,0x00,

	0x00,0x00,0x00,0x00,0x00,0x00,0x00,0x00,0x00,0x00,0x00,0x00,0x00,0x00,0x00,0x00,
	0x4A,0x29,0x00,0x00,0x00,0x00,0x00,0x00,0x00,0x00,0x00,0x00,0x00,0x00,0x00,0x00,
	0x00,0x00,0x00,0x00,0x00,0x00,0x00,0x00,0x00,0x00,0x00,0x00,0x00,0x00,0x00,0x00,
	0x00,0x00,0x00,0x00,0x00,0x00,0x00,0x00,0x00,0x00,0x00,0x00,0x00,0x00,0x00,0x00,
	0x00,0x00,0x00,0x00,0x00,0x00,0x00,0x00,0x00,0x00,0x00,0x00,0x00,0x00,0x00,0x00,
	0x00,0x00,0x00,0x00,0x00,0x00,0x00,0x00,0x00,0x00,0x00,0x00,0x00,0x00,0x00,0x00,
	0x00,0x00,0x00,0x00,0x00,0x00,0x00,0x00,0x00,0x00,0x00,0x00,0x00,0x00,0x00,0x00,
	0x4A,0x29,0x00,0x00,0x00,0x00,0x00,0x00,0x00,0x00,0x00,0x00,0x00,0x00,0x00,0x00,

	0x00,0x00,0x00,0x00,0x00,0x00,0x00,0x00,0x00,0x00,0x00,0x00,0x00,0x00,0x00,0x00,
	0x00,0x00,0x00,0x00,0x00,0x00,0x00,0x00,0x00,0x00,0x00,0x00,0x00,0x00,0x00,0x00,
	0x00,0x00,0x00,0x00,0x00,0x00,0x00,0x00,0x00,0x00,0x00,0x00,0x00,0x00,0x00,0x00,
	0x00,0x00,0x00,0x00,0x00,0x00,0x00,0x00,0x00,0x00,0x00,0x00,0x00,0x00,0x00,0x00,
	0x00,0x00,0x00,0x00,0x00,0x00,0x00,0x00,0x00,0x00,0x00,0x00,0x00,0x00,0x00,0x00,
	0x4A,0x29,0x00,0x00,0x00,0x00,0x00,0x00,0x00,0x00,0x00,0x00,0x00,0x00,0x00,0x00,
	0x00,0x00,0x00,0x00,0x00,0x00,0x00,0x00,0x00,0x00,0x00,0x00,0x00,0x00,0x00,0x00,
	0x00,0x00,0x00,0x00,0x00,0x00,0x00,0x00,0x00,0x00,0x00,0x00,0x00,0x00,0x00,0x00,

	0x63,0x0C,0x63,0x0C,0x63,0x0C,0x63,0x0C,0x63,0x0C,0x63,0x0C,0x63,0x0C,0x63,0x0C,
	0x63,0x0C,0x63,0x0C,0x63,0x0C,0x63,0x0C,0x63,0x0C,0x63,0x0C,0x63,0x0C,0x63,0x0C,
	0x63,0x0C,0x63,0x0C,0x63,0x0C,0x63,0x0C,0x63,0x0C,0x63,0x0C,0x63,0x0C,0x63,0x0C,
	0x4A,0x29,0x63,0x0C,0x63,0x0C,0x63,0x0C,0x63,0x0C,0x63,0x0C,0x63,0x0C,0x63,0x0C,
	0x63,0x0C,0x63,0x0C,0x63,0x0C,0x63,0x0C,0x63,0x0C,0x63,0x0C,0x63,0x0C,0x63,0x0C,
	0x63,0x0C,0x63,0x0C,0x63,0x0C,0x63,0x0C,0x63,0x0C,0x63,0x0C,0x63,0x0C,0x63,0x0C,
	0x63,0x0C,0x63,0x0C,0x63,0x0C,0x63,0x0C,0x63,0x0C,0x63,0x0C,0x63,0x0C,0x63,0x0C,
	0x63,0x0C,0x63,0x0C,0x63,0x0C,0x63,0x0C,0x63,0x0C,0x63,0x0C,0x63,0x0C,0x63,0x0C,

	0x63,0x0C,0x63,0x0C,0x63,0x0C,0x63,0x0C,0x63,0x0C,0x63,0x0C,0x63,0x0C,0x63,0x0C,
	0x4A,0x29,0x63,0x0C,0x63,0x0C,0x63,0x0C,0x63,0x0C,0x63,0x0C,0x63,0x0C,0x63,0x0C,
	0x63,0x0C,0x63,0x0C,0x63,0x0C,0x63,0x0C,0x63,0x0C,0x63,0x0C,0x63,0x0C,0x63,0x0C,
	0x63,0x0C,0x63,0x0C,0x63,0x0C,0x63,0x0C,0x63,0x0C,0x63,0x0C,0x63,0x0C,0x63,0x0C,
	0x63,0x0C,0x63,0x0C,0x63,0x0C,0x63,0x0C,0x63,0x0C,0x63,0x0C,0x63,0x0C,0x63,0x0C,
	0x63,0x0C,0x63,0x0C,0x63,0x0C,0x63,0x0C,0x63,0x0C,0x63,0x0C,0x63,0x0C,0x63,0x0C,
	0x63,0x0C,0x63,0x0C,0x63,0x0C,0x63,0x0C,0x63,0x0C,0x63,0x0C,0x63,0x0C,0x63,0x0C,
	0x4A,0x29,0x63,0x0C,0x63,0x0C,0x63,0x0C,0x63,0x0C,0x63,0x0C,0x63,0x0C,0x63,0x0C,

	0x63,0x0C,0x63,0x0C,0x63,0x0C,0x63,0x0C,0x63,0x0C,0x63,0x0C,0x63,0x0C,0x63,0x0C,
	0x63,0x0C,0x63,0x0C,0x63,0x0C,0x63,0x0C,0x63,0x0C,0x63,0x0C,0x63,0x0C,0x63,0x0C,
	0x63,0x0C,0x63,0x0C,0x63,0x0C,0x63,0x0C,0x63,0x0C,0x63,0x0C,0x63,0x0C,0x63,0x0C,
	0x63,0x0C,0x63,0x0C,0x63,0x0C,0x63,0x0C,0x63,0x0C,0x63,0x0C,0x63,0x0C,0x63,0x0C,
	0x63,0x0C,0x63,0x0C,0x63,0x0C,0x63,0x0C,0x63,0x0C,0x63,0x0C,0x63,0x0C,0x63,0x0C,
	0x4A,0x29,0x63,0x0C,0x63,0x0C,0x63,0x0C,0x63,0x0C,0x63,0x0C,0x63,0x0C,0x63,0x0C,
	0x63,0x0C,0x63,0x0C,0x63,0x0C,0x63,0x0C,0x63,0x0C,0x63,0x0C,0x63,0x0C,0x63,0x0C,
	0x63,0x0C,0x63,0x0C,0x63,0x0C,0x63,0x0C,0x63,0x0C,0x63,0x0C,0x63,0x0C,0x63,0x0C,

	0x63,0x0C,0x63,0x0C,0x63,0x0C,0x63,0x0C,0x63,0x0C,0x63,0x0C,0x63,0x0C,0x63,0x0C,
	0x63,0x0C,0x63,0x0C,0x63,0x0C,0x63,0x0C,0x63,0x0C,0x63,0x0C,0x63,0x0C,0x63,0x0C,
	0x63,0x0C,0x63,0x0C,0x63,0x0C,0x63,0x0C,0x63,0x0C,0x63,0x0C,0x63,0x0C,0x63,0x0C,
	0x4A,0x29,0x63,0x0C,0x63,0x0C,0x63,0x0C,0x63,0x0C,0x63,0x0C,0x63,0x0C,0x63,0x0C,
	0x63,0x0C,0x63,0x0C,0x63,0x0C,0x63,0x0C,0x63,0x0C,0x63,0x0C,0x63,0x0C,0x63,0x0C,
	0x63,0x0C,0x63,0x0C,0x63,0x0C,0x63,0x0C,0x63,0x0C,0x63,0x0C,0x63,0x0C,0x63,0x0C,
	0x00,0x00,0x00,0x00,0x00,0x00,0x00,0x00,0x00,0x00,0x00,0x00,0x00,0x00,0x00,0x00,
	0x00,0x00,0x00,0x00,0x00,0x00,0x00,0x00,0x00,0x00,0x00,0x00,0x00,0x00,0x00,0x00,

	0x00,0x00,0x00,0x00,0x00,0x00,0x00,0x00,0x00,0x00,0x00,0x00,0x00,0x00,0x00,0x00,
	0x4A,0x29,0x00,0x00,0x00,0x00,0x00,0x00,0x00,0x00,0x00,0x00,0x00,0x00,0x00,0x00,
	0x00,0x00,0x00,0x00,0x00,0x00,0x00,0x00,0x00,0x00,0x00,0x00,0x00,0x00,0x00,0x00,
	0x00,0x00,0x00,0x00,0x00,0x00,0x00,0x00,0x00,0x00,0x00,0x00,0x00,0x00,0x00,0x00,
	0x00,0x00,0x00,0x00,0x00,0x00,0x00,0x00,0x00,0x00,0x00,0x00,0x00,0x00,0x00,0x00,
	0x00,0x00,0x00,0x00,0x00,0x00,0x00,0x00,0x00,0x00,0x00,0x00,0x00,0x00,0x00,0x00,
	0x00,0x00,0x00,0x00,0x00,0x00,0x00,0x00,0x00,0x00,0x00,0x00,0x00,0x00,0x00,0x00,
	0x4A,0x29,0x00,0x00,0x00,0x00,0x00,0x00,0x00,0x00,0x00,0x00,0x00,0x00,0x00,0x00,

	0x00,0x00,0x00,0x00,0x00,0x00,0x00,0x00,0x00,0x00,0x00,0x00,0x00,0x00,0x00,0x00,
	0x00,0x00,0x00,0x00,0x00,0x00,0x00,0x00,0x00,0x00,0x00,0x00,0x00,0x00,0x00,0x00,
	0x00,0x00,0x00,0x00,0x00,0x00,0x00,0x00,0x00,0x00,0x00,0x00,0x00,0x00,0x00,0x00,
	0x00,0x00,0x00,0x00,0x00,0x00,0x00,0x00,0x00,0x00,0x00,0x00,0x00,0x00,0x00,0x00,
	0x00,0x00,0x00,0x00,0x00,0x00,0x00,0x00,0x00,0x00,0x00,0x00,0x00,0x00,0x00,0x00,
	0x4A,0x29,0x00,0x00,0x00,0x00,0x00,0x00,0x00,0x00,0x00,0x00,0x00,0x00,0x00,0x00,
	0x00,0x00,0x00,0x00,0x00,0x00,0x00,0x00,0x00,0x00,0x00,0x00,0x00,0x00,0x00,0x00,
	0x00,0x00,0x00,0x00,0x00,0x00,0x00,0x00,0x00,0x00,0x00,0x00,0x00,0x00,0x00,0x00,

	0x00,0x00,0x00,0x00,0x00,0x00,0x00,0x00,0x00,0x00,0x00,0x00,0x00,0x00,0x00,0x00,
	0x00,0x00,0x00,0x00,0x00,0x00,0x00,0x00,0x00,0x00,0x00,0x00,0x00,0x00,0x00,0x00,
	0x00,0x00,0x00,0x00,0x00,0x00,0x00,0x00,0x00,0x00,0x00,0x00,0x00,0x00,0x00,0x00,
	0x4A,0x29,0x00,0x00,0x00,0x00,0x00,0x00,0x00,0x00,0x00,0x00,0x00,0x00,0x00,0x00,
	0x00,0x00,0x00,0x00,0x00,0x00,0x00,0x00,0x00,0x00,0x00,0x00,0x00,0x00,0x00,0x00,
	0x00,0x00,0x00,0x00,0x00,0x00,0x00,0x00,0x00,0x00,0x00,0x00,0x00,0x00,0x00,0x00,
	0x00,0x00,0x00,0x00,0x00,0x00,0x00,0x00,0x00,0x00,0x00,0x00,0x00,0x00,0x00,0x00,
	0x00,0x00,0x00,0x00,0x00,0x00,0x00,0x00,0x00,0x00,0x00,0x00,0x00,0x00,0x00,0x00,

	0x00,0x00,0x00,0x00,0x00,0x00,0x00,0x00,0x00,0x00,0x00,0x00,0x00,0x00,0x00,0x00,
	0x4A,0x29,0x00,0x00,0x00,0x00,0x00,0x00,0x00,0x00,0x00,0x00,0x00,0x00,0x00,0x00,
	0x00,0x00,0x00,0x00,0x00,0x00,0x00,0x00,0x00,0x00,0x00,0x00,0x00,0x00,0x00,0x00,
	0x00,0x00,0x00,0x00,0x00,0x00,0x00,0x00,0x00,0x00,0x00,0x00,0x00,0x00,0x00,0x00,
	0x63,0x0C,0x63,0x0C,0x63,0x0C,0x63,0x0C,0x63,0x0C,0x63,0x0C,0x63,0x0C,0x63,0x0C,
	0x63,0x0C,0x63,0x0C,0x63,0x0C,0x63,0x0C,0x63,0x0C,0x63,0x0C,0x63,0x0C,0x63,0x0C,
	0x63,0x0C,0x63,0x0C,0x63,0x0C,0x63,0x0C,0x63,0x0C,0x63,0x0C,0x63,0x0C,0x63,0x0C,
	0x4A,0x29,0x63,0x0C,0x63,0x0C,0x63,0x0C,0x63,0x0C,0x63,0x0C,0x63,0x0C,0x63,0x0C,

	0x63,0x0C,0x63,0x0C,0x63,0x0C,0x63,0x0C,0x63,0x0C,0x63,0x0C,0x63,0x0C,0x63,0x0C,
	0x63,0x0C,0x63,0x0C,0x63,0x0C,0x63,0x0C,0x63,0x0C,0x63,0x0C,0x63,0x0C,0x63,0x0C,
	0x63,0x0C,0x63,0x0C,0x63,0x0C,0x63,0x0C,0x63,0x0C,0x63,0x0C,0x63,0x0C,0x63,0x0C,
	0x63,0x0C,0x63,0x0C,0x63,0x0C,0x63,0x0C,0x63,0x0C,0x63,0x0C,0x63,0x0C,0x63,0x0C,
	0x63,0x0C,0x63,0x0C,0x63,0x0C,0x63,0x0C,0x63,0x0C,0x63,0x0C,0x63,0x0C,0x63,0x0C,
	0x4A,0x29,0x63,0x0C,0x63,0x0C,0x63,0x0C,0x63,0x0C,0x63,0x0C,0x63,0x0C,0x63,0x0C,
	0x63,0x0C,0x63,0x0C,0x63,0x0C,0x63,0x0C,0x63,0x0C,0x63,0x0C,0x63,0x0C,0x63,0x0C,
	0x63,0x0C,0x63,0x0C,0x63,0x0C,0x63,0x0C,0x63,0x0C,0x63,0x0C,0x63,0x0C,0x63,0x0C,

	0x63,0x0C,0x63,0x0C,0x63,0x0C,0x63,0x0C,0x63,0x0C,0x63,0x0C,0x63,0x0C,0x63,0x0C,
	0x63,0x0C,0x63,0x0C,0x63,0x0C,0x63,0x0C,0x63,0x0C,0x63,0x0C,0x63,0x0C,0x63,0x0C,
	0x63,0x0C,0x63,0x0C,0x63,0x0C,0x63,0x0C,0x63,0x0C,0x63,0x0C,0x63,0x0C,0x63,0x0C,
	0x4A,0x29,0x63,0x0C,0x63,0x0C,0x63,0x0C,0x63,0x0C,0x63,0x0C,0x63,0x0C,0x63,0x0C,
	0x63,0x0C,0x63,0x0C,0x63,0x0C,0x63,0x0C,0x63,0x0C,0x63,0x0C,0x63,0x0C,0x63,0x0C,
	0x63,0x0C,0x63,0x0C,0x63,0x0C,0x63,0x0C,0x63,0x0C,0x63,0x0C,0x63,0x0C,0x63,0x0C,
	0x63,0x0C,0x63,0x0C,0x63,0x0C,0x63,0x0C,0x63,0x0C,0x63,0x0C,0x63,0x0C,0x63,0x0C,
	0x63,0x0C,0x63,0x0C,0x63,0x0C,0x63,0x0C,0x63,0x0C,0x63,0x0C,0x63,0x0C,0x63,0x0C,

	0x63,0x0C,0x63,0x0C,0x63,0x0C,0x63,0x0C,0x63,0x0C,0x63,0x0C,0x63,0x0C,0x63,0x0C,
	0x4A,0x29,0x63,0x0C,0x63,0x0C,0x63,0x0C,0x63,0x0C,0x63,0x0C,0x63,0x0C,0x63,0x0C,
	0x63,0x0C,0x63,0x0C,0x63,0x0C,0x63,0x0C,0x63,0x0C,0x63,0x0C,0x63,0x0C,0x63,0x0C,
	0x63,0x0C,0x63,0x0C,0x63,0x0C,0x63,0x0C,0x63,0x0C,0x63,0x0C,0x63,0x0C,0x63,0x0C,
	0x63,0x0C,0x63,0x0C,0x63,0x0C,0x63,0x0C,0x63,0x0C,0x63,0x0C,0x63,0x0C,0x63,0x0C,
	0x63,0x0C,0x63,0x0C,0x63,0x0C,0x63,0x0C,0x63,0x0C,0x63,0x0C,0x63,0x0C,0x63,0x0C,
	0x63,0x0C,0x63,0x0C,0x63,0x0C,0x63,0x0C,0x63,0x0C,0x63,0x0C,0x63,0x0C,0x63,0x0C,
	0x4A,0x29,0x63,0x0C,0x63,0x0C,0x63,0x0C,0x63,0x0C,0x63,0x0C,0x63,0x0C,0x63,0x0C,

	0x63,0x0C,0x63,0x0C,0x63,0x0C,0x63,0x0C,0x63,0x0C,0x63,0x0C,0x63,0x0C,0x63,0x0C,
	0x63,0x0C,0x63,0x0C,0x63,0x0C,0x63,0x0C,0x63,0x0C,0x63,0x0C,0x63,0x0C,0x63,0x0C,
	0x00,0x00,0x00,0x00,0x00,0x00,0x00,0x00,0x00,0x00,0x00,0x00,0x00,0x00,0x00,0x00,
	0x00,0x00,0x00,0x00,0x00,0x00,0x00,0x00,0x00,0x00,0x00,0x00,0x00,0x00,0x00,0x00,
	0x00,0x00,0x00,0x00,0x00,0x00,0x00,0x00,0x00,0x00,0x00,0x00,0x00,0x00,0x00,0x00,
	0x4A,0x29,0x00,0x00,0x00,0x00,0x00,0x00,0x00,0x00,0x00,0x00,0x00,0x00,0x00,0x00,
	0x00,0x00,0x00,0x00,0x00,0x00,0x00,0x00,0x00,0x00,0x00,0x00,0x00,0x00,0x00,0x00,
	0x00,0x00,0x00,0x00,0x00,0x00,0x00,0x00,0x00,0x00,0x00,0x00,0x00,0x00,0x00,0x00,

	0x00,0x00,0x00,0x00,0x00,0x00,0x00,0x00,0x00,0x00,0x00,0x00,0x00,0x00,0x00,0x00,
	0x00,0x00,0x00,0x00,0x00,0x00,0x00,0x00,0x00,0x00,0x00,0x00,0x00,0x00,0x00,0x00,
	0x00,0x00,0x00,0x00,0x00,0x00,0x00,0x00,0x00,0x00,0x00,0x00,0x00,0x00,0x00,0x00,
	0x4A,0x29,0x00,0x00,0x00,0x00,0x00,0x00,0x00,0x00,0x00,0x00,0x00,0x00,0x00,0x00,
	0x00,0x00,0x00,0x00,0x00,0x00,0x00,0x00,0x00,0x00,0x00,0x00,0x00,0x00,0x00,0x00,
	0x00,0x00,0x00,0x00,0x00,0x00,0x00,0x00,0x00,0x00,0x00,0x00,0x00,0x00,0x00,0x00,
	0x00,0x00,0x00,0x00,0x00,0x00,0x00,0x00,0x00,0x00,0x00,0x00,0x00,0x00,0x00,0x00,
	0x00,0x00,0x00,0x00,0x00,0x00,0x00,0x00,0x00,0x00,0x00,0x00,0x00,0x00,0x00,0x00,

	0x00,0x00,0x00,0x00,0x00,0x00,0x00,0x00,0x00,0x00,0x00,0x00,0x00,0x00,0x00,0x00,
	0x4A,0x29,0x00,0x00,0x00,0x00,0x00,0x00,0x00,0x00,0x00,0x00,0x00,0x00,0x00,0x00,
	0x00,0x00,0x00,0x00,0x00,0x00,0x00,0x00,0x00,0x00,0x00,0x00,0x00,0x00,0x00,0x00,
	0x00,0x00,0x00,0x00,0x00,0x00,0x00,0x00,0x00,0x00,0x00,0x00,0x00,0x00,0x00,0x00,
	0x00,0x00,0x00,0x00,0x00,0x00,0x00,0x00,0x00,0x00,0x00,0x00,0x00,0x00,0x00,0x00,
	0x00,0x00,0x00,0x00,0x00,0x00,0x00,0x00,0x00,0x00,0x00,0x00,0x00,0x00,0x00,0x00,
	0x00,0x00,0x00,0x00,0x00,0x00,0x00,0x00,0x00,0x00,0x00,0x00,0x00,0x00,0x00,0x00,
	0x4A,0x29,0x00,0x00,0x00,0x00,0x00,0x00,0x00,0x00,0x00,0x00,0x00,0x00,0x00,0x00,

	0x00,0x00,0x00,0x00,0x00,0x00,0x00,0x00,0x00,0x00,0x00,0x00,0x00,0x00,0x00,0x00,
	0x00,0x00,0x00,0x00,0x00,0x00,0x00,0x00,0x00,0x00,0x00,0x00,0x00,0x00,0x00,0x00,
	0x00,0x00,0x00,0x00,0x00,0x00,0x00,0x00,0x00,0x00,0x00,0x00,0x00,0x00,0x00,0x00,
	0x00,0x00,0x00,0x00,0x00,0x00,0x00,0x00,0x00,0x00,0x00,0x00,0x00,0x00,0x00,0x00,
	0x00,0x00,0x00,0x00,0x00,0x00,0x00,0x00,0x00,0x00,0x00,0x00,0x00,0x00,0x00,0x00,
	0x4A,0x29,0x00,0x00,0x00,0x00,0x00,0x00,0x00,0x00,0x00,0x00,0x00,0x00,0x00,0x00,
	0x00,0x00,0x00,0x00,0x00,0x00,0x00,0x00,0x00,0x00,0x00,0x00,0x00,0x00,0x00,0x00,
	0x00,0x00,0x00,0x00,0x00,0x00,0x00,0x00,0x00,0x00,0x00,0x00,0x00,0x00,0x00,0x00,
};

//}}BLOCK(gImage_HELP_DARK)
