
//{{BLOCK(gImage_START_DARK)

//======================================================================
//
//	gImage_START_DARK, 240x160@16, 
//	+ bitmap not compressed
//	Total size: 76800 = 76800
//
//	Time-stamp: 2026-09-26, 00:57:41
//	Exported by Cearn's GBA Image Transmogrifier, v0.8.6
//	( http://www.coranac.com/projects/#grit )
//
//======================================================================

const unsigned char gImage_START_DARK[76800] __attribute__((aligned(4)))=
{
	0x63,0x0C,0x63,0x0C,0x63,0x0C,0x63,0x0C,0x63,0x0C,0x63,0x0C,0x63,0x0C,0x63,0x0C,
	0x63,0x0C,0x63,0x0C,0x63,0x0C,0x63,0x0C,0x63,0x0C,0x63,0x0C,0x63,0x0C,0x63,0x0C,
	0x63,0x0C,0x63,0x0C,0x63,0x0C,0x63,0x0C,0x63,0x0C,0x63,0x0C,0x63,0x0C,0x63,0x0C,
	0x4A,0x29,0x63,0x0C,0x63,0x0C,0x63,0x0C,0x63,0x0C,0x63,0x0C,0x63,0x0C,0x63,0x0C,
	0x63,0x0C,0x63,0x0C,0x63,0x0C,0x63,0x0C,0x63,0x0C,0x63,0x0C,0x63,0x0C,0x63,0x0C,
	0x63,0x0C,0x63,0x0C,0x63,0x0C,0x63,0x0C,0x63,0x0C,0x63,0x0C,0x63,0x0C,0x63,0x0C,
	0x63,0x0C,0x63,0x0C,0x63,0x0C,0x63,0x0C,0x63,0x0C,0x63,0x0C,0x63,0x0C,0x63,0x0C,
	0x63,0x0C,0x63,0x0C,0x63,0x0C,0x63,0x0C,0x63,0x0C,0x63,0x0C,0x63,0x0C,0x63,0x0C,

	0x63,0x0C,0x63,0x0C,0x63,0x0C,0x63,0x0C,0x63,0x0C,0x63,0x0C,0x63,0x0C,0x63,0x0C,
	0x4A,0x29,0x63,0x0C,0x63,0x0C,0x63,0x0C,0x63,0x0C,0x63,0x0C,0x63,0x0C,0x63,0x0C,
	0x63,0x0C,0x63,0x0C,0x63,0x0C,0x63,0x0C,0x63,0x0C,0x63,0x0C,0x63,0x0C,0x63,0x0C,
	0x63,0x0C,0x63,0x0C,0x63,0x0C,0x63,0x0C,0x63,0x0C,0x63,0x0C,0x63,0x0C,0x63,0x0C,
	0x63,0x0C,0x63,0x0C,0x63,0x0C,0x63,0x0C,0x63,0x0C,0x63,0x0C,0x63,0x0C,0x63,0x0C,
	0x63,0x0C,0x63,0x0C,0x63,0x0C,0x63,0x0C,0x63,0x0C,0x63,0x0C,0x63,0x0C,0x63,0x0C,
	0x63,0x0C,0x63,0x0C,0x63,0x0C,0x63,0x0C,0x63,0x0C,0x63,0x0C,0x63,0x0C,0x63,0x0C,
	0x4A,0x29,0x63,0x0C,0x63,0x0C,0x63,0x0C,0x63,0x0C,0x63,0x0C,0x63,0x0C,0x63,0x0C,

	0x63,0x0C,0x63,0x0C,0x63,0x0C,0x63,0x0C,0x63,0x0C,0x63,0x0C,0x63,0x0C,0x63,0x0C,
	0x63,0x0C,0x63,0x0C,0x63,0x0C,0x63,0x0C,0x63,0x0C,0x63,0x0C,0x63,0x0C,0x63,0x0C,
	0x63,0x0C,0x63,0x0C,0x63,0x0C,0x63,0x0C,0x63,0x0C,0x63,0x0C,0x63,0x0C,0x63,0x0C,
	0x63,0x0C,0x63,0x0C,0x63,0x0C,0x63,0x0C,0x63,0x0C,0x63,0x0C,0x63,0x0C,0x63,0x0C,
	0x63,0x0C,0x63,0x0C,0x63,0x0C,0x63,0x0C,0x63,0x0C,0x63,0x0C,0x63,0x0C,0x63,0x0C,
	0x4A,0x29,0x63,0x0C,0x63,0x0C,0x63,0x0C,0x63,0x0C,0x63,0x0C,0x63,0x0C,0x63,0x0C,
	0x63,0x0C,0x63,0x0C,0x63,0x0C,0x63,0x0C,0x63,0x0C,0x63,0x0C,0x63,0x0C,0x63,0x0C,
	0x63,0x0C,0x63,0x0C,0x63,0x0C,0x63,0x0C,0x63,0x0C,0x63,0x0C,0x63,0x0C,0x63,0x0C,

	0x63,0x0C,0x63,0x0C,0x63,0x0C,0x63,0x0C,0x63,0x0C,0x63,0x0C,0x63,0x0C,0x63,0x0C,
	0x63,0x0C,0x63,0x0C,0x63,0x0C,0x63,0x0C,0x63,0x0C,0x63,0x0C,0x63,0x0C,0x63,0x0C,
	0x63,0x0C,0x63,0x0C,0x63,0x0C,0x63,0x0C,0x63,0x0C,0x63,0x0C,0x63,0x0C,0x63,0x0C,
	0x4A,0x29,0x63,0x0C,0x63,0x0C,0x63,0x0C,0x63,0x0C,0x63,0x0C,0x63,0x0C,0x63,0x0C,
	0x63,0x0C,0x63,0x0C,0x63,0x0C,0x63,0x0C,0x63,0x0C,0x63,0x0C,0x63,0x0C,0x63,0x0C,
	0x63,0x0C,0x63,0x0C,0x63,0x0C,0x63,0x0C,0x63,0x0C,0x63,0x0C,0x63,0x0C,0x63,0x0C,
	0x00,0x00,0x00,0x00,0x00,0x00,0x00,0x00,0x00,0x00,0x00,0x00,0x00,0x00,0x00,0x00,
	0x00,0x00,0x00,0x00,0x00,0x00,0x00,0x00,0x00,0x00,0x00,0x00,0x00,0x00,0x00,0x00,

	0x00,0x00,0x00,0x00,0x00,0x00,0x00,0x00,0x00,0x00,0x00,0x00,0x00,0x00,0x00,0x00,
	0x4A,0x29,0x00,0x00,0x00,0x00,0x00,0x00,0x00,0x00,0x00,0x00,0x00,0x00,0x00,0x00,
	0x00,0x00,0x00,0x00,0x00,0x00,0x00,0x00,0x00,0x00,0x00,0x00,0x00,0x00,0x00,0x00,
	0x00,0x00,0x00,0x00,0x00,0x00,0x00,0x00,0x00,0x00,0x00,0x00,0x00,0x00,0x00,0x00,
	0x00,0x00,0x00,0x00,0x00,0x00,0x00,0x00,0x00,0x00,0x00,0x00,0x00,0x00,0x00,0x00,
	0x00,0x00,0x00,0x00,0x00,0x00,0x00,0x00,0x00,0x00,0x00,0x00,0x00,0x00,0x00,0x00,
	0x00,0x00,0x00,0x00,0x00,0x00,0x00,0x00,0x00,0x00,0x00,0x00,0x00,0x00,0x00,0x00,
	0x4A,0x29,0x00,0x00,0x00,0x00,0x00,0x00,0x00,0x00,0x00,0x00,0x00,0x00,0x00,0x00,

	0x00,0x00,0x00,0x00,0x00,0x00,0x00,0x00,0x00,0x00,0x00,0x00,0x00,0x00,0x00,0x00,
	0x00,0x00,0x00,0x00,0x00,0x00,0x00,0x00,0x00,0x00,0x00,0x00,0x00,0x00,0x00,0x00,
	0x00,0x00,0x00,0x00,0x00,0x00,0x00,0x00,0x00,0x00,0x00,0x00,0x00,0x00,0x00,0x00,
	0x00,0x00,0x00,0x00,0x00,0x00,0x00,0x00,0x00,0x00,0x00,0x00,0x00,0x00,0x00,0x00,
	0x00,0x00,0x00,0x00,0x00,0x00,0x00,0x00,0x00,0x00,0x00,0x00,0x00,0x00,0x00,0x00,
	0x4A,0x29,0x00,0x00,0x00,0x00,0x00,0x00,0x00,0x00,0x00,0x00,0x00,0x00,0x00,0x00,
	0x00,0x00,0x00,0x00,0x00,0x00,0x00,0x00,0x00,0x00,0x00,0x00,0x00,0x00,0x00,0x00,
	0x00,0x00,0x00,0x00,0x00,0x00,0x00,0x00,0x00,0x00,0x00,0x00,0x00,0x00,0x00,0x00,

	0x00,0x00,0x00,0x00,0x00,0x00,0x00,0x00,0x00,0x00,0x00,0x00,0x00,0x00,0x00,0x00,
	0x00,0x00,0x00,0x00,0x00,0x00,0x00,0x00,0x00,0x00,0x00,0x00,0x00,0x00,0x00,0x00,
	0x00,0x00,0x00,0x00,0x00,0x00,0x00,0x00,0x00,0x00,0x00,0x00,0x00,0x00,0x00,0x00,
	0x4A,0x29,0x00,0x00,0x00,0x00,0x00,0x00,0x00,0x00,0x00,0x00,0x00,0x00,0x00,0x00,
	0x00,0x00,0x00,0x00,0x00,0x00,0x00,0x00,0x00,0x00,0x00,0x00,0x00,0x00,0x00,0x00,
	0x00,0x00,0x00,0x00,0x00,0x00,0x00,0x00,0x00,0x00,0x00,0x00,0x00,0x00,0x00,0x00,
	0x00,0x00,0x00,0x00,0x00,0x00,0x00,0x00,0x00,0x00,0x00,0x00,0x00,0x00,0x00,0x00,
	0x00,0x00,0x00,0x00,0x00,0x00,0x00,0x00,0x00,0x00,0x00,0x00,0x00,0x00,0x00,0x00,

	0x00,0x00,0x00,0x00,0x00,0x00,0x00,0x00,0x00,0x00,0x00,0x00,0x00,0x00,0x00,0x00,
	0x4A,0x29,0x00,0x00,0x00,0x00,0x00,0x00,0x00,0x00,0x00,0x00,0x00,0x00,0x00,0x00,
	0x00,0x00,0x00,0x00,0x00,0x00,0x00,0x00,0x00,0x00,0x00,0x00,0x00,0x00,0x00,0x00,
	0x00,0x00,0x00,0x00,0x00,0x00,0x00,0x00,0x00,0x00,0x00,0x00,0x00,0x00,0x00,0x00,
	0x63,0x0C,0x63,0x0C,0x63,0x0C,0x63,0x0C,0x63,0x0C,0x63,0x0C,0x63,0x0C,0x63,0x0C,
	0x63,0x0C,0x63,0x0C,0x63,0x0C,0x63,0x0C,0x63,0x0C,0x63,0x0C,0x63,0x0C,0x63,0x0C,
	0x63,0x0C,0x63,0x0C,0x63,0x0C,0x63,0x0C,0x63,0x0C,0x63,0x0C,0x63,0x0C,0x63,0x0C,
	0x4A,0x29,0x63,0x0C,0x63,0x0C,0x63,0x0C,0x63,0x0C,0x63,0x0C,0x63,0x0C,0x63,0x0C,

	0x63,0x0C,0x63,0x0C,0x63,0x0C,0x63,0x0C,0x63,0x0C,0x63,0x0C,0x63,0x0C,0x63,0x0C,
	0x63,0x0C,0x63,0x0C,0x63,0x0C,0x63,0x0C,0x63,0x0C,0x63,0x0C,0x63,0x0C,0x63,0x0C,
	0x63,0x0C,0x63,0x0C,0x63,0x0C,0x63,0x0C,0x63,0x0C,0x63,0x0C,0x63,0x0C,0x63,0x0C,
	0x63,0x0C,0x63,0x0C,0x63,0x0C,0x63,0x0C,0x63,0x0C,0x63,0x0C,0x63,0x0C,0x63,0x0C,
	0x63,0x0C,0x63,0x0C,0x63,0x0C,0x63,0x0C,0x63,0x0C,0x63,0x0C,0x63,0x0C,0x63,0x0C,
	0x4A,0x29,0x63,0x0C,0x63,0x0C,0x63,0x0C,0x63,0x0C,0x63,0x0C,0x63,0x0C,0x63,0x0C,
	0x63,0x0C,0x63,0x0C,0x63,0x0C,0x63,0x0C,0x63,0x0C,0x63,0x0C,0x63,0x0C,0x63,0x0C,
	0x63,0x0C,0x63,0x0C,0x63,0x0C,0x63,0x0C,0x63,0x0C,0x63,0x0C,0x63,0x0C,0x63,0x0C,

	0x63,0x0C,0x63,0x0C,0x63,0x0C,0x63,0x0C,0x63,0x0C,0x63,0x0C,0x63,0x0C,0x63,0x0C,
	0x63,0x0C,0x63,0x0C,0x63,0x0C,0x63,0x0C,0x63,0x0C,0x63,0x0C,0x63,0x0C,0x63,0x0C,
	0x63,0x0C,0x63,0x0C,0x63,0x0C,0x63,0x0C,0x63,0x0C,0x63,0x0C,0x63,0x0C,0x63,0x0C,
	0x4A,0x29,0x63,0x0C,0x63,0x0C,0x63,0x0C,0x63,0x0C,0x63,0x0C,0x63,0x0C,0x63,0x0C,
	0x63,0x0C,0x63,0x0C,0x63,0x0C,0x63,0x0C,0x63,0x0C,0x63,0x0C,0x63,0x0C,0x63,0x0C,
	0x63,0x0C,0x63,0x0C,0x63,0x0C,0x63,0x0C,0x63,0x0C,0x63,0x0C,0x63,0x0C,0x63,0x0C,
	0x63,0x0C,0x63,0x0C,0x63,0x0C,0x63,0x0C,0x63,0x0C,0x63,0x0C,0x63,0x0C,0x63,0x0C,
	0x63,0x0C,0x63,0x0C,0x63,0x0C,0x63,0x0C,0x63,0x0C,0x63,0x0C,0x63,0x0C,0x63,0x0C,

	0x63,0x0C,0x63,0x0C,0x63,0x0C,0x63,0x0C,0x63,0x0C,0x63,0x0C,0x63,0x0C,0x63,0x0C,
	0x4A,0x29,0x63,0x0C,0x63,0x0C,0x63,0x0C,0x63,0x0C,0x63,0x0C,0x63,0x0C,0x63,0x0C,
	0x63,0x0C,0x63,0x0C,0x63,0x0C,0x63,0x0C,0x63,0x0C,0x63,0x0C,0x63,0x0C,0x63,0x0C,
	0x63,0x0C,0x63,0x0C,0x63,0x0C,0x63,0x0C,0x63,0x0C,0x63,0x0C,0x63,0x0C,0x63,0x0C,
	0x63,0x0C,0x63,0x0C,0x63,0x0C,0x63,0x0C,0x63,0x0C,0x63,0x0C,0x63,0x0C,0x63,0x0C,
	0x63,0x0C,0x63,0x0C,0x63,0x0C,0x63,0x0C,0x63,0x0C,0x63,0x0C,0x63,0x0C,0x63,0x0C,
	0x63,0x0C,0x63,0x0C,0x63,0x0C,0x63,0x0C,0x63,0x0C,0x63,0x0C,0x63,0x0C,0x63,0x0C,
	0x4A,0x29,0x63,0x0C,0x63,0x0C,0x63,0x0C,0x63,0x0C,0x63,0x0C,0x63,0x0C,0x63,0x0C,

	0x63,0x0C,0x63,0x0C,0x63,0x0C,0x63,0x0C,0x63,0x0C,0x63,0x0C,0x63,0x0C,0x63,0x0C,
	0x63,0x0C,0x63,0x0C,0x63,0x0C,0x63,0x0C,0x63,0x0C,0x63,0x0C,0x63,0x0C,0x63,0x0C,
	0x00,0x00,0x00,0x00,0x00,0x00,0x00,0x00,0x00,0x00,0x00,0x00,0x00,0x00,0x00,0x00,
	0x00,0x00,0x00,0x00,0x00,0x00,0x00,0x00,0x00,0x00,0x00,0x00,0x00,0x00,0x00,0x00,
	0x00,0x00,0x00,0x00,0x00,0x00,0x00,0x00,0x00,0x00,0x00,0x00,0x00,0x00,0x00,0x00,
	0x4A,0x29,0x00,0x00,0x00,0x00,0x00,0x00,0x00,0x00,0x00,0x00,0x00,0x00,0x00,0x00,
	0x00,0x00,0x00,0x00,0x00,0x00,0x00,0x00,0x00,0x00,0x00,0x00,0x00,0x00,0x00,0x00,
	0x00,0x00,0x00,0x00,0x00,0x00,0x00,0x00,0x00,0x00,0x00,0x00,0x00,0x00,0x00,0x00,

	0x00,0x00,0x00,0x00,0x00,0x00,0x00,0x00,0x00,0x00,0x00,0x00,0x00,0x00,0x00,0x00,
	0x00,0x00,0x00,0x00,0x00,0x00,0x00,0x00,0x00,0x00,0x00,0x00,0x00,0x00,0x00,0x00,
	0x00,0x00,0x00,0x00,0x00,0x00,0x00,0x00,0x00,0x00,0x00,0x00,0x00,0x00,0x00,0x00,
	0x4A,0x29,0x00,0x00,0x00,0x00,0x00,0x00,0x00,0x00,0x00,0x00,0x00,0x00,0x00,0x00,
	0x00,0x00,0x00,0x00,0x00,0x00,0x00,0x00,0x00,0x00,0x00,0x00,0x00,0x00,0x00,0x00,
	0x00,0x00,0x00,0x00,0x00,0x00,0x00,0x00,0x00,0x00,0x00,0x00,0x00,0x00,0x00,0x00,
	0x00,0x00,0x00,0x00,0x00,0x00,0x00,0x00,0x00,0x00,0x00,0x00,0x00,0x00,0x00,0x00,
	0x00,0x00,0x00,0x00,0x00,0x00,0x00,0x00,0x00,0x00,0x00,0x00,0x00,0x00,0x00,0x00,

	0x00,0x00,0x00,0x00,0x00,0x00,0x00,0x00,0x00,0x00,0x00,0x00,0x00,0x00,0x00,0x00,
	0x4A,0x29,0x00,0x00,0x00,0x00,0x00,0x00,0x00,0x00,0x00,0x00,0x00,0x00,0x00,0x00,
	0x00,0x00,0x00,0x00,0x00,0x00,0x00,0x00,0x00,0x00,0x00,0x00,0x00,0x00,0x00,0x00,
	0x00,0x00,0x00,0x00,0x00,0x00,0x00,0x00,0x00,0x00,0x00,0x00,0x00,0x00,0x00,0x00,
	0x00,0x00,0x00,0x00,0x00,0x00,0x00,0x00,0x00,0x00,0x00,0x00,0x00,0x00,0x00,0x00,
	0x00,0x00,0x00,0x00,0x00,0x00,0x00,0x00,0x00,0x00,0x00,0x00,0x00,0x00,0x00,0x00,
	0x00,0x00,0x00,0x00,0x00,0x00,0x00,0x00,0x00,0x00,0x00,0x00,0x00,0x00,0x00,0x00,
	0x4A,0x29,0x00,0x00,0x00,0x00,0x00,0x00,0x00,0x00,0x00,0x00,0x00,0x00,0x00,0x00,

	0x00,0x00,0x00,0x00,0x00,0x00,0x00,0x00,0x00,0x00,0x00,0x00,0x00,0x00,0x00,0x00,
	0x00,0x00,0x00,0x00,0x00,0x00,0x00,0x00,0x00,0x00,0x00,0x00,0x00,0x00,0x00,0x00,
	0x00,0x00,0x00,0x00,0x00,0x00,0x00,0x00,0x00,0x00,0x00,0x00,0x00,0x00,0x00,0x00,
	0x00,0x00,0x00,0x00,0x00,0x00,0x00,0x00,0x00,0x00,0x00,0x00,0x00,0x00,0x00,0x00,
	0x00,0x00,0x00,0x00,0x00,0x00,0x00,0x00,0x00,0x00,0x00,0x00,0x00,0x00,0x00,0x00,
	0x4A,0x29,0x00,0x00,0x00,0x00,0x00,0x00,0x00,0x00,0x00,0x00,0x00,0x00,0x00,0x00,
	0x00,0x00,0x00,0x00,0x00,0x00,0x00,0x00,0x00,0x00,0x00,0x00,0x00,0x00,0x00,0x00,
	0x00,0x00,0x00,0x00,0x00,0x00,0x00,0x00,0x00,0x00,0x00,0x00,0x00,0x00,0x00,0x00,

	0x63,0x0C,0x63,0x0C,0x63,0x0C,0x63,0x0C,0x63,0x0C,0x63,0x0C,0x63,0x0C,0x63,0x0C,
	0x63,0x0C,0x63,0x0C,0x63,0x0C,0x63,0x0C,0x63,0x0C,0x63,0x0C,0x63,0x0C,0x63,0x0C,
	0x63,0x0C,0x63,0x0C,0x63,0x0C,0x63,0x0C,0x63,0x0C,0x63,0x0C,0x63,0x0C,0x63,0x0C,
	0x4A,0x29,0x63,0x0C,0x63,0x0C,0x63,0x0C,0x63,0x0C,0x63,0x0C,0x63,0x0C,0x63,0x0C,
	0x63,0x0C,0x63,0x0C,0x63,0x0C,0x63,0x0C,0x63,0x0C,0x63,0x0C,0x63,0x0C,0x63,0x0C,
	0x63,0x0C,0x63,0x0C,0x63,0x0C,0x63,0x0C,0x63,0x0C,0x63,0x0C,0x63,0x0C,0x63,0x0C,
	0x63,0x0C,0x63,0x0C,0x63,0x0C,0x63,0x0C,0x63,0x0C,0x63,0x0C,0x63,0x0C,0x63,0x0C,
	0x63,0x0C,0x63,0x0C,0x63,0x0C,0x63,0x0C,0x63,0x0C,0x63,0x0C,0x63,0x0C,0x63,0x0C,

	0x63,0x0C,0x63,0x0C,0x63,0x0C,0x63,0x0C,0x63,0x0C,0x63,0x0C,0x63,0x0C,0x63,0x0C,
	0x4A,0x29,0x63,0x0C,0x63,0x0C,0x63,0x0C,0x63,0x0C,0x63,0x0C,0x63,0x0C,0x63,0x0C,
	0x63,0x0C,0x63,0x0C,0x63,0x0C,0x63,0x0C,0x63,0x0C,0x63,0x0C,0x63,0x0C,0x63,0x0C,
	0x63,0x0C,0x63,0x0C,0x63,0x0C,0x63,0x0C,0x63,0x0C,0x63,0x0C,0x63,0x0C,0x63,0x0C,
	0x63,0x0C,0x63,0x0C,0x63,0x0C,0x63,0x0C,0x63,0x0C,0x63,0x0C,0x63,0x0C,0x63,0x0C,
	0x63,0x0C,0x63,0x0C,0x63,0x0C,0x63,0x0C,0x63,0x0C,0x63,0x0C,0x63,0x0C,0x63,0x0C,
	0x63,0x0C,0x63,0x0C,0x63,0x0C,0x63,0x0C,0x63,0x0C,0x63,0x0C,0x63,0x0C,0x63,0x0C,
	0x4A,0x29,0x63,0x0C,0x63,0x0C,0x63,0x0C,0x63,0x0C,0x63,0x0C,0x63,0x0C,0x63,0x0C,

	0x63,0x0C,0x63,0x0C,0x63,0x0C,0x63,0x0C,0x63,0x0C,0x63,0x0C,0x63,0x0C,0x63,0x0C,
	0x63,0x0C,0x63,0x0C,0x63,0x0C,0x63,0x0C,0x63,0x0C,0x63,0x0C,0x63,0x0C,0x63,0x0C,
	0x63,0x0C,0x63,0x0C,0x63,0x0C,0x63,0x0C,0x63,0x0C,0x63,0x0C,0x63,0x0C,0x63,0x0C,
	0x63,0x0C,0x63,0x0C,0x63,0x0C,0x63,0x0C,0x63,0x0C,0x63,0x0C,0x63,0x0C,0x63,0x0C,
	0x63,0x0C,0x63,0x0C,0x63,0x0C,0x63,0x0C,0x63,0x0C,0x63,0x0C,0x63,0x0C,0x63,0x0C,
	0x4A,0x29,0x63,0x0C,0x63,0x0C,0x63,0x0C,0x63,0x0C,0x63,0x0C,0x63,0x0C,0x63,0x0C,
	0x63,0x0C,0x63,0x0C,0x63,0x0C,0x63,0x0C,0x63,0x0C,0x63,0x0C,0x63,0x0C,0x63,0x0C,
	0x63,0x0C,0x63,0x0C,0x63,0x0C,0x63,0x0C,0x63,0x0C,0x63,0x0C,0x63,0x0C,0x63,0x0C,

	0x63,0x0C,0x63,0x0C,0x63,0x0C,0x63,0x0C,0x63,0x0C,0x63,0x0C,0x63,0x0C,0x63,0x0C,
	0x63,0x0C,0x63,0x0C,0x63,0x0C,0x63,0x0C,0x63,0x0C,0x63,0x0C,0x63,0x0C,0x63,0x0C,
	0x63,0x0C,0x63,0x0C,0x63,0x0C,0x63,0x0C,0x63,0x0C,0x63,0x0C,0x63,0x0C,0x63,0x0C,
	0x4A,0x29,0x63,0x0C,0x63,0x0C,0x63,0x0C,0x63,0x0C,0x63,0x0C,0x63,0x0C,0x63,0x0C,
	0x63,0x0C,0x63,0x0C,0x63,0x0C,0x63,0x0C,0x63,0x0C,0x63,0x0C,0x63,0x0C,0x63,0x0C,
	0x63,0x0C,0x63,0x0C,0x63,0x0C,0x63,0x0C,0x63,0x0C,0x63,0x0C,0x63,0x0C,0x63,0x0C,
	0x00,0x00,0x00,0x00,0x00,0x00,0x00,0x00,0x00,0x00,0x00,0x00,0x00,0x00,0x00,0x00,
	0x00,0x00,0x00,0x00,0x00,0x00,0x00,0x00,0x00,0x00,0x00,0x00,0x00,0x00,0x00,0x00,

	0x00,0x00,0x00,0x00,0x00,0x00,0x00,0x00,0x00,0x00,0x00,0x00,0x00,0x00,0x00,0x00,
	0x4A,0x29,0x00,0x00,0x00,0x00,0x00,0x00,0x00,0x00,0x00,0x00,0x00,0x00,0x00,0x00,
	0x00,0x00,0x00,0x00,0x00,0x00,0x00,0x00,0x00,0x00,0x00,0x00,0x00,0x00,0x00,0x00,
	0x00,0x00,0x00,0x00,0x00,0x00,0x00,0x00,0x00,0x00,0x00,0x00,0x00,0x00,0x00,0x00,
	0x00,0x00,0x00,0x00,0x00,0x00,0x00,0x00,0x00,0x00,0x00,0x00,0x00,0x00,0x00,0x00,
	0x00,0x00,0x00,0x00,0x00,0x00,0x00,0x00,0x00,0x00,0x00,0x00,0x00,0x00,0x00,0x00,
	0x00,0x00,0x00,0x00,0x00,0x00,0x00,0x00,0x00,0x00,0x00,0x00,0x00,0x00,0x00,0x00,
	0x4A,0x29,0x00,0x00,0x00,0x00,0x00,0x00,0x00,0x00,0x00,0x00,0x00,0x00,0x00,0x00,

	0x00,0x00,0x00,0x00,0x00,0x00,0x00,0x00,0x00,0x00,0x00,0x00,0x00,0x00,0x00,0x00,
	0x00,0x00,0x00,0x00,0x00,0x00,0x00,0x00,0x00,0x00,0x00,0x00,0x00,0x00,0x00,0x00,
	0x00,0x00,0x00,0x00,0x00,0x00,0x00,0x00,0x00,0x00,0x00,0x00,0x00,0x00,0x00,0x00,
	0x00,0x00,0x00,0x00,0x00,0x00,0x00,0x00,0x00,0x00,0x00,0x00,0x00,0x00,0x00,0x00,
	0x00,0x00,0x00,0x00,0x00,0x00,0x00,0x00,0x00,0x00,0x00,0x00,0x00,0x00,0x00,0x00,
	0x4A,0x29,0x00,0x00,0x00,0x00,0x00,0x00,0x00,0x00,0x00,0x00,0x00,0x00,0x00,0x00,
	0x00,0x00,0x00,0x00,0x00,0x00,0x00,0x00,0x00,0x00,0x00,0x00,0x00,0x00,0x00,0x00,
	0x00,0x00,0x00,0x00,0x00,0x00,0x00,0x00,0x00,0x00,0x00,0x00,0x00,0x00,0x00,0x00,

	0x00,0x00,0x00,0x00,0x00,0x00,0x00,0x00,0x00,0x00,0x00,0x00,0x00,0x00,0x00,0x00,
	0x00,0x00,0x00,0x00,0x00,0x00,0x00,0x00,0x00,0x00,0x00,0x00,0x00,0x00,0x00,0x00,
	0x00,0x00,0x00,0x00,0x00,0x00,0x00,0x00,0x00,0x00,0x00,0x00,0x00,0x00,0x00,0x00,
	0x4A,0x29,0x00,0x00,0x00,0x00,0x00,0x00,0x00,0x00,0x00,0x00,0x00,0x00,0x00,0x00,
	0x00,0x00,0x00,0x00,0x00,0x00,0x00,0x00,0x00,0x00,0x00,0x00,0x00,0x00,0x00,0x00,
	0x00,0x00,0x00,0x00,0x00,0x00,0x00,0x00,0x00,0x00,0x00,0x00,0x00,0x00,0x00,0x00,
	0x00,0x00,0x00,0x00,0x00,0x00,0x00,0x00,0x00,0x00,0x00,0x00,0x00,0x00,0x00,0x00,
	0x00,0x00,0x00,0x00,0x00,0x00,0x00,0x00,0x00,0x00,0x00,0x00,0x00,0x00,0x00,0x00,

	0x00,0x00,0x00,0x00,0x00,0x00,0x00,0x00,0x00,0x00,0x00,0x00,0x00,0x00,0x00,0x00,
	0x4A,0x29,0x00,0x00,0x00,0x00,0x00,0x00,0x00,0x00,0x00,0x00,0x00,0x00,0x00,0x00,
	0x00,0x00,0x00,0x00,0x00,0x00,0x00,0x00,0x00,0x00,0x00,0x00,0x00,0x00,0x00,0x00,
	0x00,0x00,0x00,0x00,0x00,0x00,0x00,0x00,0x00,0x00,0x00,0x00,0x00,0x00,0x00,0x00,
	0x63,0x0C,0x63,0x0C,0x63,0x0C,0x63,0x0C,0x63,0x0C,0x63,0x0C,0x63,0x0C,0x63,0x0C,
	0x63,0x0C,0x63,0x0C,0x63,0x0C,0x63,0x0C,0x63,0x0C,0x63,0x0C,0x63,0x0C,0x63,0x0C,
	0x63,0x0C,0x63,0x0C,0x63,0x0C,0x63,0x0C,0x63,0x0C,0x63,0x0C,0x63,0x0C,0x63,0x0C,
	0x4A,0x29,0x63,0x0C,0x63,0x0C,0x63,0x0C,0x63,0x0C,0x63,0x0C,0x63,0x0C,0x63,0x0C,

	0x63,0x0C,0x63,0x0C,0x63,0x0C,0x63,0x0C,0x63,0x0C,0x63,0x0C,0x63,0x0C,0x63,0x0C,
	0x63,0x0C,0x63,0x0C,0x63,0x0C,0x63,0x0C,0x63,0x0C,0x63,0x0C,0x63,0x0C,0x63,0x0C,
	0x63,0x0C,0x63,0x0C,0x63,0x0C,0x63,0x0C,0x63,0x0C,0x63,0x0C,0x63,0x0C,0x63,0x0C,
	0x63,0x0C,0x63,0x0C,0x63,0x0C,0x63,0x0C,0x63,0x0C,0x63,0x0C,0x63,0x0C,0x63,0x0C,
	0x63,0x0C,0x63,0x0C,0x63,0x0C,0x63,0x0C,0x63,0x0C,0x63,0x0C,0x63,0x0C,0x63,0x0C,
	0x4A,0x29,0x63,0x0C,0x63,0x0C,0x63,0x0C,0x63,0x0C,0x63,0x0C,0x63,0x0C,0x63,0x0C,
	0x63,0x0C,0x63,0x0C,0x63,0x0C,0x63,0x0C,0x63,0x0C,0x63,0x0C,0x63,0x0C,0x63,0x0C,
	0x63,0x0C,0x63,0x0C,0x63,0x0C,0x63,0x0C,0x63,0x0C,0x63,0x0C,0x63,0x0C,0x63,0x0C,

	0x63,0x0C,0x63,0x0C,0x63,0x0C,0x63,0x0C,0x63,0x0C,0x63,0x0C,0x63,0x0C,0x63,0x0C,
	0x63,0x0C,0x63,0x0C,0x63,0x0C,0x63,0x0C,0x63,0x0C,0x63,0x0C,0x63,0x0C,0x63,0x0C,
	0x63,0x0C,0x63,0x0C,0x63,0x0C,0x63,0x0C,0x63,0x0C,0x63,0x0C,0x63,0x0C,0x63,0x0C,
	0x4A,0x29,0x63,0x0C,0x63,0x0C,0x63,0x0C,0x63,0x0C,0x63,0x0C,0x63,0x0C,0x63,0x0C,
	0x63,0x0C,0x63,0x0C,0x63,0x0C,0x63,0x0C,0x63,0x0C,0x63,0x0C,0x63,0x0C,0x63,0x0C,
	0x63,0x0C,0x63,0x0C,0x63,0x0C,0x63,0x0C,0x63,0x0C,0x63,0x0C,0x63,0x0C,0x63,0x0C,
	0x63,0x0C,0x63,0x0C,0x63,0x0C,0x63,0x0C,0x63,0x0C,0x63,0x0C,0x63,0x0C,0x63,0x0C,
	0x63,0x0C,0x63,0x0C,0x63,0x0C,0x63,0x0C,0x63,0x0C,0x63,0x0C,0x63,0x0C,0x63,0x0C,

	0x63,0x0C,0x63,0x0C,0x63,0x0C,0x63,0x0C,0x63,0x0C,0x63,0x0C,0x63,0x0C,0x63,0x0C,
	0x4A,0x29,0x63,0x0C,0x63,0x0C,0x63,0x0C,0x63,0x0C,0x63,0x0C,0x63,0x0C,0x63,0x0C,
	0x63,0x0C,0x63,0x0C,0x63,0x0C,0x63,0x0C,0x63,0x0C,0x63,0x0C,0x63,0x0C,0x63,0x0C,
	0x63,0x0C,0x63,0x0C,0x63,0x0C,0x63,0x0C,0x63,0x0C,0x63,0x0C,0x63,0x0C,0x63,0x0C,
	0x63,0x0C,0x63,0x0C,0x63,0x0C,0x63,0x0C,0x63,0x0C,0x63,0x0C,0x63,0x0C,0x63,0x0C,
	0x63,0x0C,0x63,0x0C,0x63,0x0C,0x63,0x0C,0x63,0x0C,0x63,0x0C,0x63,0x0C,0x63,0x0C,
	0x63,0x0C,0x63,0x0C,0x63,0x0C,0x63,0x0C,0x63,0x0C,0x63,0x0C,0x63,0x0C,0x63,0x0C,
	0x4A,0x29,0x63,0x0C,0x63,0x0C,0x63,0x0C,0x63,0x0C,0x63,0x0C,0x63,0x0C,0x63,0x0C,

	0x63,0x0C,0x63,0x0C,0x63,0x0C,0x63,0x0C,0x63,0x0C,0x63,0x0C,0x63,0x0C,0x63,0x0C,
	0x63,0x0C,0x63,0x0C,0x63,0x0C,0x63,0x0C,0x63,0x0C,0x63,0x0C,0x63,0x0C,0x63,0x0C,
	0x00,0x00,0x00,0x00,0x00,0x00,0x00,0x00,0x00,0x00,0x00,0x00,0x00,0x00,0x00,0x00,
	0x00,0x00,0x00,0x00,0x00,0x00,0x00,0x00,0x00,0x00,0x00,0x00,0x00,0x00,0x00,0x00,
	0x00,0x00,0x00,0x00,0x00,0x00,0x00,0x00,0x00,0x00,0x00,0x00,0x00,0x00,0x00,0x00,
	0x4A,0x29,0x00,0x00,0x00,0x00,0x00,0x00,0x00,0x00,0x00,0x00,0x00,0x00,0x00,0x00,
	0x00,0x00,0x00,0x00,0x00,0x00,0x00,0x00,0x00,0x00,0x00,0x00,0x00,0x00,0x00,0x00,
	0x00,0x00,0x00,0x00,0x00,0x00,0x00,0x00,0x00,0x00,0x00,0x00,0x00,0x00,0x00,0x00,

	0x00,0x00,0x00,0x00,0x00,0x00,0x00,0x00,0x00,0x00,0x00,0x00,0x00,0x00,0x00,0x00,
	0x00,0x00,0x00,0x00,0x00,0x00,0x00,0x00,0x00,0x00,0x00,0x00,0x00,0x00,0x00,0x00,
	0x00,0x00,0x00,0x00,0x00,0x00,0x00,0x00,0x00,0x00,0x00,0x00,0x00,0x00,0x00,0x00,
	0x4A,0x29,0x00,0x00,0x00,0x00,0x00,0x00,0x00,0x00,0x00,0x00,0x00,0x00,0x00,0x00,
	0x00,0x00,0x00,0x00,0x00,0x00,0x00,0x00,0x00,0x00,0x00,0x00,0x00,0x00,0x00,0x00,
	0x00,0x00,0x00,0x00,0x00,0x00,0x00,0x00,0x00,0x00,0x00,0x00,0x00,0x00,0x00,0x00,
	0x00,0x00,0x00,0x00,0x00,0x00,0x00,0x00,0x00,0x00,0x00,0x00,0x00,0x00,0x00,0x00,
	0x00,0x00,0x00,0x00,0x00,0x00,0x00,0x00,0x00,0x00,0x00,0x00,0x00,0x00,0x00,0x00,

	0x00,0x00,0x00,0x00,0x00,0x00,0x00,0x00,0x00,0x00,0x00,0x00,0x00,0x00,0x00,0x00,
	0x4A,0x29,0x00,0x00,0x00,0x00,0x00,0x00,0x00,0x00,0x00,0x00,0x00,0x00,0x00,0x00,
	0x00,0x00,0x00,0x00,0x00,0x00,0x00,0x00,0x00,0x00,0x00,0x00,0x00,0x00,0x00,0x00,
	0x00,0x00,0x00,0x00,0x00,0x00,0x00,0x00,0x00,0x00,0x00,0x00,0x00,0x00,0x00,0x00,
	0x00,0x00,0x00,0x00,0x00,0x00,0x00,0x00,0x00,0x00,0x00,0x00,0x00,0x00,0x00,0x00,
	0x00,0x00,0x00,0x00,0x00,0x00,0x00,0x00,0x00,0x00,0x00,0x00,0x00,0x00,0x00,0x00,
	0x00,0x00,0x00,0x00,0x00,0x00,0x00,0x00,0x00,0x00,0x00,0x00,0x00,0x00,0x00,0x00,
	0x4A,0x29,0x00,0x00,0x00,0x00,0x00,0x00,0x00,0x00,0x00,0x00,0x00,0x00,0x00,0x00,

	0x00,0x00,0x00,0x00,0x00,0x00,0x00,0x00,0x00,0x00,0x00,0x00,0x00,0x00,0x00,0x00,
	0x00,0x00,0x00,0x00,0x00,0x00,0x00,0x00,0x00,0x00,0x00,0x00,0x00,0x00,0x00,0x00,
	0x00,0x00,0x00,0x00,0x00,0x00,0x00,0x00,0x00,0x00,0x00,0x00,0x00,0x00,0x00,0x00,
	0x00,0x00,0x00,0x00,0x00,0x00,0x00,0x00,0x00,0x00,0x00,0x00,0x00,0x00,0x00,0x00,
	0x00,0x00,0x00,0x00,0x00,0x00,0x00,0x00,0x00,0x00,0x00,0x00,0x00,0x00,0x00,0x00,
	0x4A,0x29,0x00,0x00,0x00,0x00,0x00,0x00,0x00,0x00,0x00,0x00,0x00,0x00,0x00,0x00,
	0x00,0x00,0x00,0x00,0x00,0x00,0x00,0x00,0x00,0x00,0x00,0x00,0x00,0x00,0x00,0x00,
	0x00,0x00,0x00,0x00,0x00,0x00,0x00,0x00,0x00,0x00,0x00,0x00,0x00,0x00,0x00,0x00,

	0x63,0x0C,0x63,0x0C,0x63,0x0C,0x63,0x0C,0x63,0x0C,0x63,0x0C,0x63,0x0C,0x63,0x0C,
	0x63,0x0C,0x63,0x0C,0x63,0x0C,0x63,0x0C,0x63,0x0C,0x63,0x0C,0x63,0x0C,0x63,0x0C,
	0x63,0x0C,0x63,0x0C,0x63,0x0C,0x63,0x0C,0x63,0x0C,0x63,0x0C,0x63,0x0C,0x63,0x0C,
	0x4A,0x29,0x63,0x0C,0x63,0x0C,0x63,0x0C,0x63,0x0C,0x63,0x0C,0x63,0x0C,0x63,0x0C,
	0x63,0x0C,0x63,0x0C,0x63,0x0C,0x63,0x0C,0x63,0x0C,0x63,0x0C,0x63,0x0C,0x63,0x0C,
	0x63,0x0C,0x63,0x0C,0x63,0x0C,0x63,0x0C,0x63,0x0C,0x63,0x0C,0x63,0x0C,0x63,0x0C,
	0x63,0x0C,0x63,0x0C,0x63,0x0C,0x63,0x0C,0x63,0x0C,0x63,0x0C,0x63,0x0C,0x63,0x0C,
	0x63,0x0C,0x63,0x0C,0x63,0x0C,0x63,0x0C,0x63,0x0C,0x63,0x0C,0x63,0x0C,0x63,0x0C,

	0x63,0x0C,0x63,0x0C,0x63,0x0C,0x63,0x0C,0x63,0x0C,0x63,0x0C,0x63,0x0C,0x63,0x0C,
	0x4A,0x29,0x63,0x0C,0x63,0x0C,0x63,0x0C,0x63,0x0C,0x63,0x0C,0x63,0x0C,0x63,0x0C,
	0x63,0x0C,0x63,0x0C,0x63,0x0C,0x63,0x0C,0x63,0x0C,0x63,0x0C,0x63,0x0C,0x63,0x0C,
	0x63,0x0C,0x63,0x0C,0x63,0x0C,0x63,0x0C,0x63,0x0C,0x63,0x0C,0x63,0x0C,0x63,0x0C,
	0x63,0x0C,0x63,0x0C,0x63,0x0C,0x63,0x0C,0x63,0x0C,0x63,0x0C,0x63,0x0C,0x63,0x0C,
	0x63,0x0C,0x63,0x0C,0x63,0x0C,0x63,0x0C,0x63,0x0C,0x63,0x0C,0x63,0x0C,0x63,0x0C,
	0x63,0x0C,0x63,0x0C,0x63,0x0C,0x63,0x0C,0x63,0x0C,0x63,0x0C,0x63,0x0C,0x63,0x0C,
	0x4A,0x29,0x63,0x0C,0x63,0x0C,0x63,0x0C,0x63,0x0C,0x63,0x0C,0x63,0x0C,0x63,0x0C,

	0x63,0x0C,0x63,0x0C,0x63,0x0C,0x63,0x0C,0x63,0x0C,0x63,0x0C,0x63,0x0C,0x63,0x0C,
	0x63,0x0C,0x63,0x0C,0x63,0x0C,0x63,0x0C,0x63,0x0C,0x63,0x0C,0x63,0x0C,0x63,0x0C,
	0x63,0x0C,0x63,0x0C,0x63,0x0C,0x63,0x0C,0x63,0x0C,0x63,0x0C,0x63,0x0C,0x63,0x0C,
	0x63,0x0C,0x63,0x0C,0x63,0x0C,0x63,0x0C,0x63,0x0C,0x63,0x0C,0x63,0x0C,0x63,0x0C,
	0x63,0x0C,0x63,0x0C,0x63,0x0C,0x63,0x0C,0x63,0x0C,0x63,0x0C,0x63,0x0C,0x63,0x0C,
	0x4A,0x29,0x63,0x0C,0x63,0x0C,0x63,0x0C,0x63,0x0C,0x63,0x0C,0x63,0x0C,0x63,0x0C,
	0x63,0x0C,0x63,0x0C,0x63,0x0C,0x63,0x0C,0x63,0x0C,0x63,0x0C,0x63,0x0C,0x63,0x0C,
	0x63,0x0C,0x63,0x0C,0x63,0x0C,0x63,0x0C,0x63,0x0C,0x63,0x0C,0x63,0x0C,0x63,0x0C,

	0x63,0x0C,0x63,0x0C,0x63,0x0C,0x63,0x0C,0x63,0x0C,0x63,0x0C,0x63,0x0C,0x63,0x0C,
	0x63,0x0C,0x63,0x0C,0x63,0x0C,0x63,0x0C,0x63,0x0C,0x63,0x0C,0x63,0x0C,0x63,0x0C,
	0x63,0x0C,0x63,0x0C,0x63,0x0C,0x63,0x0C,0x63,0x0C,0x63,0x0C,0x63,0x0C,0x63,0x0C,
	0x4A,0x29,0x63,0x0C,0x63,0x0C,0x63,0x0C,0x63,0x0C,0x63,0x0C,0x63,0x0C,0x63,0x0C,
	0x63,0x0C,0x63,0x0C,0x63,0x0C,0x63,0x0C,0x63,0x0C,0x63,0x0C,0x63,0x0C,0x63,0x0C,
	0x63,0x0C,0x63,0x0C,0x63,0x0C,0x63,0x0C,0x63,0x0C,0x63,0x0C,0x63,0x0C,0x63,0x0C,
	0x00,0x00,0x00,0x00,0x00,0x00,0x00,0x00,0x00,0x00,0x00,0x00,0x00,0x00,0x00,0x00,
	0x00,0x00,0x00,0x00,0x00,0x00,0x00,0x00,0x00,0x00,0x00,0x00,0x00,0x00,0x00,0x00,

	0x00,0x00,0x00,0x00,0x00,0x00,0x00,0x00,0x00,0x00,0x00,0x00,0x00,0x00,0x00,0x00,
	0x4A,0x29,0x00,0x00,0x00,0x00,0x00,0x00,0x00,0x00,0x00,0x00,0x00,0x00,0x00,0x00,
	0x00,0x00,0x00,0x00,0x00,0x00,0x00,0x00,0x00,0x00,0x00,0x00,0x00,0x00,0x00,0x00,
	0x00,0x00,0x00,0x00,0x00,0x00,0x00,0x00,0x00,0x00,0x00,0x00,0x00,0x00,0x00,0x00,
	0x00,0x00,0x00,0x00,0x00,0x00,0x00,0x00,0x00,0x00,0x00,0x00,0x00,0x00,0x00,0x00,
	0x00,0x00,0x00,0x00,0x00,0x00,0x00,0x00,0x00,0x00,0x00,0x00,0x00,0x00,0x00,0x00,
	0x00,0x00,0x00,0x00,0x00,0x00,0x00,0x00,0x00,0x00,0x00,0x00,0x00,0x00,0x00,0x00,
	0x4A,0x29,0x00,0x00,0x00,0x00,0x00,0x00,0x00,0x00,0x00,0x00,0x00,0x00,0x00,0x00,

	0x00,0x00,0x00,0x00,0x00,0x00,0x00,0x00,0x00,0x00,0x00,0x00,0x00,0x00,0x00,0x00,
	0x00,0x00,0x00,0x00,0x00,0x00,0x00,0x00,0x00,0x00,0x00,0x00,0x00,0x00,0x00,0x00,
	0x00,0x00,0x00,0x00,0x00,0x00,0x00,0x00,0x00,0x00,0x00,0x00,0x00,0x00,0x00,0x00,
	0x00,0x00,0x00,0x00,0x00,0x00,0x00,0x00,0x00,0x00,0x00,0x00,0x00,0x00,0x00,0x00,
	0x00,0x00,0x00,0x00,0x00,0x00,0x00,0x00,0x00,0x00,0x00,0x00,0x00,0x00,0x00,0x00,
	0x4A,0x29,0x00,0x00,0x00,0x00,0x00,0x00,0x00,0x00,0x00,0x00,0x00,0x00,0x00,0x00,
	0x00,0x00,0x00,0x00,0x00,0x00,0x00,0x00,0x00,0x00,0x00,0x00,0x00,0x00,0x00,0x00,
	0x00,0x00,0x00,0x00,0x00,0x00,0x00,0x00,0x00,0x00,0x00,0x00,0x00,0x00,0x00,0x00,

	0x00,0x00,0x00,0x00,0x00,0x00,0x00,0x00,0x00,0x00,0x00,0x00,0x00,0x00,0x00,0x00,
	0x00,0x00,0x00,0x00,0x00,0x00,0x00,0x00,0x00,0x00,0x00,0x00,0x00,0x00,0x00,0x00,
	0x00,0x00,0x00,0x00,0x00,0x00,0x00,0x00,0x00,0x00,0x00,0x00,0x00,0x00,0x00,0x00,
	0x4A,0x29,0x00,0x00,0x00,0x00,0x00,0x00,0x00,0x00,0x00,0x00,0x00,0x00,0x00,0x00,
	0x00,0x00,0x00,0x00,0x00,0x00,0x00,0x00,0x00,0x00,0x00,0x00,0x00,0x00,0x00,0x00,
	0x00,0x00,0x00,0x00,0x00,0x00,0x00,0x00,0x00,0x00,0x00,0x00,0x00,0x00,0x00,0x00,
	0x00,0x00,0x00,0x00,0x00,0x00,0x00,0x00,0x00,0x00,0x00,0x00,0x00,0x00,0x00,0x00,
	0x00,0x00,0x00,0x00,0x00,0x00,0x00,0x00,0x00,0x00,0x00,0x00,0x00,0x00,0x00,0x00,

	0x00,0x00,0x00,0x00,0x00,0x00,0x00,0x00,0x00,0x00,0x00,0x00,0x00,0x00,0x00,0x00,
	0x4A,0x29,0x00,0x00,0x00,0x00,0x00,0x00,0x00,0x00,0x00,0x00,0x00,0x00,0x00,0x00,
	0x00,0x00,0x00,0x00,0x00,0x00,0x00,0x00,0x00,0x00,0x00,0x00,0x00,0x00,0x00,0x00,
	0x00,0x00,0x00,0x00,0x00,0x00,0x00,0x00,0x00,0x00,0x00,0x00,0x00,0x00,0x00,0x00,
	0x63,0x0C,0x63,0x0C,0x63,0x0C,0x63,0x0C,0x63,0x0C,0x63,0x0C,0x63,0x0C,0x63,0x0C,
	0x63,0x0C,0x63,0x0C,0x63,0x0C,0x63,0x0C,0x63,0x0C,0x63,0x0C,0x63,0x0C,0x63,0x0C,
	0x63,0x0C,0x63,0x0C,0x63,0x0C,0x63,0x0C,0x63,0x0C,0x63,0x0C,0x63,0x0C,0x63,0x0C,
	0x4A,0x29,0x63,0x0C,0x63,0x0C,0x63,0x0C,0x63,0x0C,0x63,0x0C,0x63,0x0C,0x63,0x0C,

	0x63,0x0C,0x63,0x0C,0x63,0x0C,0x63,0x0C,0x63,0x0C,0x63,0x0C,0x63,0x0C,0x63,0x0C,
	0x63,0x0C,0x63,0x0C,0x63,0x0C,0x63,0x0C,0x63,0x0C,0x63,0x0C,0x63,0x0C,0x63,0x0C,
	0x63,0x0C,0x63,0x0C,0x63,0x0C,0x63,0x0C,0x63,0x0C,0x63,0x0C,0x63,0x0C,0x63,0x0C,
	0x63,0x0C,0x63,0x0C,0x63,0x0C,0x63,0x0C,0x63,0x0C,0x63,0x0C,0x63,0x0C,0x63,0x0C,
	0x63,0x0C,0x63,0x0C,0x63,0x0C,0x63,0x0C,0x63,0x0C,0x63,0x0C,0x63,0x0C,0x63,0x0C,
	0x4A,0x29,0x63,0x0C,0x63,0x0C,0x63,0x0C,0x63,0x0C,0x63,0x0C,0x63,0x0C,0x63,0x0C,
	0x63,0x0C,0x63,0x0C,0x63,0x0C,0x63,0x0C,0x63,0x0C,0x63,0x0C,0x63,0x0C,0x63,0x0C,
	0x63,0x0C,0x63,0x0C,0x63,0x0C,0x63,0x0C,0x63,0x0C,0x63,0x0C,0x63,0x0C,0x63,0x0C,

	0x63,0x0C,0x63,0x0C,0x63,0x0C,0x63,0x0C,0x63,0x0C,0x63,0x0C,0x63,0x0C,0x63,0x0C,
	0x63,0x0C,0x63,0x0C,0x63,0x0C,0x63,0x0C,0x63,0x0C,0x63,0x0C,0x63,0x0C,0x63,0x0C,
	0x63,0x0C,0x63,0x0C,0x63,0x0C,0x63,0x0C,0x63,0x0C,0x63,0x0C,0x63,0x0C,0x63,0x0C,
	0x4A,0x29,0x63,0x0C,0x63,0x0C,0x63,0x0C,0x63,0x0C,0x63,0x0C,0x63,0x0C,0x63,0x0C,
	0x63,0x0C,0x63,0x0C,0x63,0x0C,0x63,0x0C,0x63,0x0C,0x63,0x0C,0x63,0x0C,0x63,0x0C,
	0x63,0x0C,0x63,0x0C,0x63,0x0C,0x63,0x0C,0x63,0x0C,0x63,0x0C,0x63,0x0C,0x63,0x0C,
	0x63,0x0C,0x63,0x0C,0x63,0x0C,0x63,0x0C,0x63,0x0C,0x63,0x0C,0x63,0x0C,0x63,0x0C,
	0x63,0x0C,0x63,0x0C,0x63,0x0C,0x63,0x0C,0x63,0x0C,0x63,0x0C,0x63,0x0C,0x63,0x0C,

	0x63,0x0C,0x63,0x0C,0x63,0x0C,0x63,0x0C,0x63,0x0C,0x63,0x0C,0x63,0x0C,0x63,0x0C,
	0x4A,0x29,0x63,0x0C,0x63,0x0C,0x63,0x0C,0x63,0x0C,0x63,0x0C,0x63,0x0C,0x63,0x0C,
	0x63,0x0C,0x63,0x0C,0x63,0x0C,0x63,0x0C,0x63,0x0C,0x63,0x0C,0x63,0x0C,0x63,0x0C,
	0x63,0x0C,0x63,0x0C,0x63,0x0C,0x63,0x0C,0x63,0x0C,0x63,0x0C,0x63,0x0C,0x63,0x0C,
	0x63,0x0C,0x63,0x0C,0x63,0x0C,0x63,0x0C,0x63,0x0C,0x63,0x0C,0x63,0x0C,0x63,0x0C,
	0x63,0x0C,0x63,0x0C,0x63,0x0C,0x63,0x0C,0x63,0x0C,0x63,0x0C,0x63,0x0C,0x63,0x0C,
	0x63,0x0C,0x63,0x0C,0x63,0x0C,0x63,0x0C,0x63,0x0C,0x63,0x0C,0x63,0x0C,0x63,0x0C,
	0x4A,0x29,0x63,0x0C,0x63,0x0C,0x63,0x0C,0x63,0x0C,0x63,0x0C,0x63,0x0C,0x63,0x0C,

	0x63,0x0C,0x63,0x0C,0x63,0x0C,0x63,0x0C,0x63,0x0C,0x63,0x0C,0x63,0x0C,0x63,0x0C,
	0x63,0x0C,0x63,0x0C,0x63,0x0C,0x63,0x0C,0x63,0x0C,0x63,0x0C,0x63,0x0C,0x63,0x0C,
	0x00,0x00,0x00,0x00,0x00,0x00,0x00,0x00,0x00,0x00,0x00,0x00,0x00,0x00,0x00,0x00,
	0x00,0x00,0x00,0x00,0x00,0x00,0x00,0x00,0x00,0x00,0x00,0x00,0x00,0x00,0x00,0x00,
	0x00,0x00,0x00,0x00,0x00,0x00,0x00,0x00,0x00,0x00,0x00,0x00,0x00,0x00,0x00,0x00,
	0x4A,0x29,0x00,0x00,0x00,0x00,0x00,0x00,0x00,0x00,0x00,0x00,0x00,0x00,0x00,0x00,
	0x00,0x00,0x00,0x00,0x00,0x00,0x00,0x00,0x00,0x00,0x00,0x00,0x00,0x00,0x00,0x00,
	0x00,0x00,0x00,0x00,0x00,0x00,0x00,0x00,0x00,0x00,0x00,0x00,0x00,0x00,0x00,0x00,

	0x00,0x00,0x00,0x00,0x00,0x00,0x00,0x00,0x00,0x00,0x00,0x00,0x00,0x00,0x00,0x00,
	0x00,0x00,0x00,0x00,0x00,0x00,0x00,0x00,0x00,0x00,0x00,0x00,0x00,0x00,0x00,0x00,
	0x00,0x00,0x00,0x00,0x00,0x00,0x00,0x00,0x00,0x00,0x00,0x00,0x00,0x00,0x00,0x00,
	0x4A,0x29,0x00,0x00,0x00,0x00,0x00,0x00,0x00,0x00,0x00,0x00,0x00,0x00,0x00,0x00,
	0x00,0x00,0x00,0x00,0x00,0x00,0x00,0x00,0x00,0x00,0x00,0x00,0x00,0x00,0x00,0x00,
	0x00,0x00,0x00,0x00,0x00,0x00,0x00,0x00,0x00,0x00,0x00,0x00,0x00,0x00,0x00,0x00,
	0x00,0x00,0x00,0x00,0x00,0x00,0x00,0x00,0x00,0x00,0x00,0x00,0x00,0x00,0x00,0x00,
	0x00,0x00,0x00,0x00,0x00,0x00,0x00,0x00,0x00,0x00,0x00,0x00,0x00,0x00,0x00,0x00,

	0x00,0x00,0x00,0x00,0x00,0x00,0x00,0x00,0x00,0x00,0x00,0x00,0x00,0x00,0x00,0x00,
	0x4A,0x29,0x00,0x00,0x00,0x00,0x00,0x00,0x00,0x00,0x00,0x00,0x00,0x00,0x00,0x00,
	0x00,0x00,0x00,0x00,0x00,0x00,0x00,0x00,0x00,0x00,0x00,0x00,0x00,0x00,0x00,0x00,
	0x00,0x00,0x00,0x00,0x00,0x00,0x00,0x00,0x00,0x00,0x00,0x00,0x00,0x00,0x00,0x00,
	0x00,0x00,0x00,0x00,0x00,0x00,0x00,0x00,0x00,0x00,0x00,0x00,0x00,0x00,0x00,0x00,
	0x00,0x00,0x00,0x00,0x00,0x00,0x00,0x00,0x00,0x00,0x00,0x00,0x00,0x00,0x00,0x00,
	0x00,0x00,0x00,0x00,0x00,0x00,0x00,0x00,0x00,0x00,0x00,0x00,0x00,0x00,0x00,0x00,
	0x4A,0x29,0x00,0x00,0x00,0x00,0x00,0x00,0x00,0x00,0x00,0x00,0x00,0x00,0x00,0x00,

	0x00,0x00,0x00,0x00,0x00,0x00,0x00,0x00,0x00,0x00,0x00,0x00,0x00,0x00,0x00,0x00,
	0x00,0x00,0x00,0x00,0x00,0x00,0x00,0x00,0x00,0x00,0x00,0x00,0x00,0x00,0x00,0x00,
	0x00,0x00,0x00,0x00,0x00,0x00,0x00,0x00,0x00,0x00,0x00,0x00,0x00,0x00,0x00,0x00,
	0x00,0x00,0x00,0x00,0x00,0x00,0x00,0x00,0x00,0x00,0x00,0x00,0x00,0x00,0x00,0x00,
	0x00,0x00,0x00,0x00,0x00,0x00,0x00,0x00,0x00,0x00,0x00,0x00,0x00,0x00,0x00,0x00,
	0x4A,0x29,0x00,0x00,0x00,0x00,0x00,0x00,0x00,0x00,0x00,0x00,0x00,0x00,0x00,0x00,
	0x00,0x00,0x00,0x00,0x00,0x00,0x00,0x00,0x00,0x00,0x00,0x00,0x00,0x00,0x00,0x00,
	0x00,0x00,0x00,0x00,0x00,0x00,0x00,0x00,0x00,0x00,0x00,0x00,0x00,0x00,0x00,0x00,

	0x63,0x0C,0x63,0x0C,0x63,0x0C,0x63,0x0C,0x63,0x0C,0x63,0x0C,0x63,0x0C,0x63,0x0C,
	0x63,0x0C,0x63,0x0C,0x63,0x0C,0x63,0x0C,0x63,0x0C,0x63,0x0C,0x63,0x0C,0x63,0x0C,
	0x63,0x0C,0x63,0x0C,0x63,0x0C,0x63,0x0C,0x63,0x0C,0x63,0x0C,0x63,0x0C,0x63,0x0C,
	0x4A,0x29,0x63,0x0C,0x63,0x0C,0x63,0x0C,0x63,0x0C,0x63,0x0C,0x63,0x0C,0x63,0x0C,
	0x63,0x0C,0x63,0x0C,0x63,0x0C,0x63,0x0C,0x63,0x0C,0x63,0x0C,0x63,0x0C,0x63,0x0C,
	0x63,0x0C,0x63,0x0C,0x63,0x0C,0x63,0x0C,0x63,0x0C,0x63,0x0C,0x63,0x0C,0x63,0x0C,
	0x63,0x0C,0x63,0x0C,0x63,0x0C,0x63,0x0C,0x63,0x0C,0x63,0x0C,0x63,0x0C,0x63,0x0C,
	0x63,0x0C,0x63,0x0C,0x63,0x0C,0x63,0x0C,0x63,0x0C,0x63,0x0C,0x63,0x0C,0x63,0x0C,

	0x63,0x0C,0x63,0x0C,0x63,0x0C,0x63,0x0C,0x63,0x0C,0x63,0x0C,0x63,0x0C,0x63,0x0C,
	0x4A,0x29,0x63,0x0C,0x63,0x0C,0x63,0x0C,0x63,0x0C,0x63,0x0C,0x63,0x0C,0x63,0x0C,
	0x63,0x0C,0x63,0x0C,0x63,0x0C,0x63,0x0C,0x63,0x0C,0x63,0x0C,0x63,0x0C,0x63,0x0C,
	0x63,0x0C,0x63,0x0C,0x63,0x0C,0x63,0x0C,0x63,0x0C,0x63,0x0C,0x63,0x0C,0x63,0x0C,
	0x63,0x0C,0x63,0x0C,0x63,0x0C,0x63,0x0C,0x63,0x0C,0x63,0x0C,0x63,0x0C,0x63,0x0C,
	0x63,0x0C,0x63,0x0C,0x63,0x0C,0x63,0x0C,0x63,0x0C,0x63,0x0C,0x63,0x0C,0x63,0x0C,
	0x63,0x0C,0x63,0x0C,0x63,0x0C,0x63,0x0C,0x63,0x0C,0x63,0x0C,0x63,0x0C,0x63,0x0C,
	0x4A,0x29,0x63,0x0C,0x63,0x0C,0x63,0x0C,0x63,0x0C,0x63,0x0C,0x63,0x0C,0x63,0x0C,

	0x63,0x0C,0x63,0x0C,0x63,0x0C,0x63,0x0C,0x63,0x0C,0x63,0x0C,0x63,0x0C,0x63,0x0C,
	0x63,0x0C,0x63,0x0C,0x63,0x0C,0x63,0x0C,0x63,0x0C,0x63,0x0C,0x63,0x0C,0x63,0x0C,
	0x63,0x0C,0x63,0x0C,0x63,0x0C,0x63,0x0C,0x63,0x0C,0x63,0x0C,0x63,0x0C,0x63,0x0C,
	0x63,0x0C,0x63,0x0C,0x63,0x0C,0x63,0x0C,0x63,0x0C,0x63,0x0C,0x63,0x0C,0x63,0x0C,
	0x63,0x0C,0x63,0x0C,0x63,0x0C,0x63,0x0C,0x63,0x0C,0x63,0x0C,0x63,0x0C,0x63,0x0C,
	0x4A,0x29,0x63,0x0C,0x63,0x0C,0x63,0x0C,0x63,0x0C,0x63,0x0C,0x63,0x0C,0x63,0x0C,
	0x63,0x0C,0x63,0x0C,0x63,0x0C,0x63,0x0C,0x63,0x0C,0x63,0x0C,0x63,0x0C,0x63,0x0C,
	0x63,0x0C,0x63,0x0C,0x63,0x0C,0x63,0x0C,0x63,0x0C,0x63,0x0C,0x63,0x0C,0x63,0x0C,

	0x63,0x0C,0x63,0x0C,0x63,0x0C,0x63,0x0C,0x63,0x0C,0x63,0x0C,0x63,0x0C,0x63,0x0C,
	0x63,0x0C,0x63,0x0C,0x63,0x0C,0x63,0x0C,0x63,0x0C,0x63,0x0C,0x63,0x0C,0x63,0x0C,
	0x63,0x0C,0x63,0x0C,0x63,0x0C,0x63,0x0C,0x63,0x0C,0x63,0x0C,0x63,0x0C,0x63,0x0C,
	0x4A,0x29,0x63,0x0C,0x63,0x0C,0x63,0x0C,0x63,0x0C,0x63,0x0C,0x63,0x0C,0x63,0x0C,
	0x63,0x0C,0x63,0x0C,0x63,0x0C,0x63,0x0C,0x63,0x0C,0x63,0x0C,0x63,0x0C,0x63,0x0C,
	0x63,0x0C,0x63,0x0C,0x63,0x0C,0x63,0x0C,0x63,0x0C,0x63,0x0C,0x63,0x0C,0x63,0x0C,
	0x00,0x00,0x00,0x00,0x00,0x00,0x00,0x00,0x00,0x00,0x00,0x00,0x00,0x00,0x00,0x00,
	0x00,0x00,0x00,0x00,0x00,0x00,0x00,0x00,0x00,0x00,0x00,0x00,0x00,0x00,0x00,0x00,

	0x00,0x00,0x00,0x00,0x00,0x00,0x00,0x00,0x00,0x00,0x00,0x00,0x00,0x00,0x00,0x00,
	0x4A,0x29,0x00,0x00,0x00,0x00,0x00,0x00,0x00,0x00,0x00,0x00,0x00,0x00,0x00,0x00,
	0x00,0x00,0x00,0x00,0x00,0x00,0x00,0x00,0x00,0x00,0x00,0x00,0x00,0x00,0x00,0x00,
	0x00,0x00,0x00,0x00,0x00,0x00,0x00,0x00,0x00,0x00,0x00,0x00,0x00,0x00,0x00,0x00,
	0x00,0x00,0x00,0x00,0x00,0x00,0x00,0x00,0x00,0x00,0x00,0x00,0x00,0x00,0x00,0x00,
	0x00,0x00,0x00,0x00,0x00,0x00,0x00,0x00,0x00,0x00,0x00,0x00,0x00,0x00,0x00,0x00,
	0x00,0x00,0x00,0x00,0x00,0x00,0x00,0x00,0x00,0x00,0x00,0x00,0x00,0x00,0x00,0x00,
	0x4A,0x29,0x00,0x00,0x00,0x00,0x00,0x00,0x00,0x00,0x00,0x00,0x00,0x00,0x00,0x00,

	0x00,0x00,0x00,0x00,0x00,0x00,0x00,0x00,0x00,0x00,0x00,0x00,0x00,0x00,0x00,0x00,
	0x00,0x00,0x00,0x00,0x00,0x00,0x00,0x00,0x00,0x00,0x00,0x00,0x00,0x00,0x00,0x00,
	0x00,0x00,0x00,0x00,0x00,0x00,0x00,0x00,0x00,0x00,0x00,0x00,0x00,0x00,0x00,0x00,
	0x00,0x00,0x00,0x00,0x00,0x00,0x00,0x00,0x00,0x00,0x00,0x00,0x00,0x00,0x00,0x00,
	0x00,0x00,0x00,0x00,0x00,0x00,0x00,0x00,0x00,0x00,0x00,0x00,0x00,0x00,0x00,0x00,
	0x4A,0x29,0x00,0x00,0x00,0x00,0x00,0x00,0x00,0x00,0x00,0x00,0x00,0x00,0x00,0x00,
	0x00,0x00,0x00,0x00,0x00,0x00,0x00,0x00,0x00,0x00,0x00,0x00,0x00,0x00,0x00,0x00,
	0x00,0x00,0x00,0x00,0x00,0x00,0x00,0x00,0x00,0x00,0x00,0x00,0x00,0x00,0x00,0x00,

	0x00,0x00,0x00,0x00,0x00,0x00,0x00,0x00,0x00,0x00,0x00,0x00,0x00,0x00,0x00,0x00,
	0x00,0x00,0x00,0x00,0x00,0x00,0x00,0x00,0x00,0x00,0x00,0x00,0x00,0x00,0x00,0x00,
	0x00,0x00,0x00,0x00,0x00,0x00,0x00,0x00,0x00,0x00,0x00,0x00,0x00,0x00,0x00,0x00,
	0x4A,0x29,0x00,0x00,0x00,0x00,0x00,0x00,0x00,0x00,0x00,0x00,0x00,0x00,0x00,0x00,
	0x00,0x00,0x00,0x00,0x00,0x00,0x00,0x00,0x00,0x00,0x00,0x00,0x00,0x00,0x00,0x00,
	0x00,0x00,0x00,0x00,0x00,0x00,0x00,0x00,0x00,0x00,0x00,0x00,0x00,0x00,0x00,0x00,
	0x00,0x00,0x00,0x00,0x00,0x00,0x00,0x00,0x00,0x00,0x00,0x00,0x00,0x00,0x00,0x00,
	0x00,0x00,0x00,0x00,0x00,0x00,0x00,0x00,0x00,0x00,0x00,0x00,0x00,0x00,0x00,0x00,

	0x00,0x00,0x00,0x00,0x00,0x00,0x00,0x00,0x00,0x00,0x00,0x00,0x00,0x00,0x00,0x00,
	0x4A,0x29,0x00,0x00,0x00,0x00,0x00,0x00,0x00,0x00,0x00,0x00,0x00,0x00,0x00,0x00,
	0x00,0x00,0x00,0x00,0x00,0x00,0x00,0x00,0x00,0x00,0x00,0x00,0x00,0x00,0x00,0x00,
	0x00,0x00,0x00,0x00,0x00,0x00,0x00,0x00,0x00,0x00,0x00,0x00,0x00,0x00,0x00,0x00,
	0x63,0x0C,0x63,0x0C,0x63,0x0C,0x63,0x0C,0x63,0x0C,0x63,0x0C,0x63,0x0C,0x63,0x0C,
	0x63,0x0C,0x63,0x0C,0x63,0x0C,0x63,0x0C,0x63,0x0C,0x63,0x0C,0x63,0x0C,0x63,0x0C,
	0x63,0x0C,0x63,0x0C,0x63,0x0C,0x63,0x0C,0x63,0x0C,0x63,0x0C,0x63,0x0C,0x63,0x0C,
	0x4A,0x29,0x63,0x0C,0x63,0x0C,0x63,0x0C,0x63,0x0C,0x63,0x0C,0x63,0x0C,0x63,0x0C,

	0x63,0x0C,0x63,0x0C,0x63,0x0C,0x63,0x0C,0x63,0x0C,0x63,0x0C,0x63,0x0C,0x63,0x0C,
	0x63,0x0C,0x63,0x0C,0x63,0x0C,0x63,0x0C,0x63,0x0C,0x63,0x0C,0x63,0x0C,0x63,0x0C,
	0x63,0x0C,0x63,0x0C,0x63,0x0C,0x63,0x0C,0x63,0x0C,0x63,0x0C,0x63,0x0C,0x63,0x0C,
	0x63,0x0C,0x63,0x0C,0x63,0x0C,0x63,0x0C,0x63,0x0C,0x63,0x0C,0x63,0x0C,0x63,0x0C,
	0x63,0x0C,0x63,0x0C,0x63,0x0C,0x63,0x0C,0x63,0x0C,0x63,0x0C,0x63,0x0C,0x63,0x0C,
	0x4A,0x29,0x63,0x0C,0x63,0x0C,0x63,0x0C,0x63,0x0C,0x63,0x0C,0x63,0x0C,0x63,0x0C,
	0x63,0x0C,0x63,0x0C,0x63,0x0C,0x63,0x0C,0x63,0x0C,0x63,0x0C,0x63,0x0C,0x63,0x0C,
	0x63,0x0C,0x63,0x0C,0x63,0x0C,0x63,0x0C,0x63,0x0C,0x63,0x0C,0x63,0x0C,0x63,0x0C,

	0x63,0x0C,0x63,0x0C,0x63,0x0C,0x63,0x0C,0x63,0x0C,0x63,0x0C,0x63,0x0C,0x63,0x0C,
	0x63,0x0C,0x63,0x0C,0x63,0x0C,0x63,0x0C,0x63,0x0C,0x63,0x0C,0x63,0x0C,0x63,0x0C,
	0x63,0x0C,0x63,0x0C,0x63,0x0C,0x63,0x0C,0x63,0x0C,0x63,0x0C,0x63,0x0C,0x63,0x0C,
	0x4A,0x29,0x63,0x0C,0x63,0x0C,0x63,0x0C,0x63,0x0C,0x63,0x0C,0x63,0x0C,0x63,0x0C,
	0x63,0x0C,0x63,0x0C,0x63,0x0C,0x63,0x0C,0x63,0x0C,0x63,0x0C,0x63,0x0C,0x63,0x0C,
	0x63,0x0C,0x63,0x0C,0x63,0x0C,0x63,0x0C,0x63,0x0C,0x63,0x0C,0x63,0x0C,0x63,0x0C,
	0x63,0x0C,0x63,0x0C,0x63,0x0C,0x63,0x0C,0x63,0x0C,0x63,0x0C,0x63,0x0C,0x63,0x0C,
	0x63,0x0C,0x63,0x0C,0x63,0x0C,0x63,0x0C,0x63,0x0C,0x63,0x0C,0x63,0x0C,0x63,0x0C,

	0x63,0x0C,0x63,0x0C,0x63,0x0C,0x63,0x0C,0x63,0x0C,0x63,0x0C,0x63,0x0C,0x63,0x0C,
	0x4A,0x29,0x63,0x0C,0x63,0x0C,0x63,0x0C,0x63,0x0C,0x63,0x0C,0x63,0x0C,0x63,0x0C,
	0x63,0x0C,0x63,0x0C,0x63,0x0C,0x63,0x0C,0x63,0x0C,0x63,0x0C,0x63,0x0C,0x63,0x0C,
	0x63,0x0C,0x63,0x0C,0x63,0x0C,0x63,0x0C,0x63,0x0C,0x63,0x0C,0x63,0x0C,0x63,0x0C,
	0x63,0x0C,0x63,0x0C,0x63,0x0C,0x63,0x0C,0x63,0x0C,0x63,0x0C,0x63,0x0C,0x63,0x0C,
	0x63,0x0C,0x63,0x0C,0x63,0x0C,0x63,0x0C,0x63,0x0C,0x63,0x0C,0x63,0x0C,0x63,0x0C,
	0x63,0x0C,0x63,0x0C,0x63,0x0C,0x63,0x0C,0x63,0x0C,0x63,0x0C,0x63,0x0C,0x63,0x0C,
	0x4A,0x29,0x63,0x0C,0x63,0x0C,0x63,0x0C,0x63,0x0C,0x63,0x0C,0x63,0x0C,0x63,0x0C,

	0x63,0x0C,0x63,0x0C,0x63,0x0C,0x63,0x0C,0x63,0x0C,0x63,0x0C,0x63,0x0C,0x63,0x0C,
	0x63,0x0C,0x63,0x0C,0x63,0x0C,0x63,0x0C,0x63,0x0C,0x63,0x0C,0x63,0x0C,0x63,0x0C,
	0x00,0x00,0x00,0x00,0x00,0x00,0x00,0x00,0x00,0x00,0x00,0x00,0x00,0x00,0x00,0x00,
	0x00,0x00,0x00,0x00,0x00,0x00,0x00,0x00,0x00,0x00,0x00,0x00,0x00,0x00,0x00,0x00,
	0x00,0x00,0x00,0x00,0x00,0x00,0x00,0x00,0x00,0x00,0x00,0x00,0x00,0x00,0x00,0x00,
	0x4A,0x29,0x00,0x00,0x00,0x00,0x00,0x00,0x00,0x00,0x00,0x00,0x00,0x00,0x00,0x00,
	0x00,0x00,0x00,0x00,0x00,0x00,0x00,0x00,0x00,0x00,0x00,0x00,0x00,0x00,0x00,0x00,
	0x00,0x00,0x00,0x00,0x00,0x00,0x00,0x00,0x00,0x00,0x00,0x00,0x00,0x00,0x00,0x00,

	0x00,0x00,0x00,0x00,0x00,0x00,0x00,0x00,0x00,0x00,0x00,0x00,0x00,0x00,0x00,0x00,
	0x00,0x00,0x00,0x00,0x00,0x00,0x00,0x00,0x00,0x00,0x00,0x00,0x00,0x00,0x00,0x00,
	0x00,0x00,0x00,0x00,0x00,0x00,0x00,0x00,0x00,0x00,0x00,0x00,0x00,0x00,0x00,0x00,
	0x4A,0x29,0x00,0x00,0x00,0x00,0x00,0x00,0x00,0x00,0x00,0x00,0x00,0x00,0x00,0x00,
	0x00,0x00,0x00,0x00,0x00,0x00,0x00,0x00,0x00,0x00,0x00,0x00,0x00,0x00,0x00,0x00,
	0x00,0x00,0x00,0x00,0x00,0x00,0x00,0x00,0x00,0x00,0x00,0x00,0x00,0x00,0x00,0x00,
	0x00,0x00,0x00,0x00,0x00,0x00,0x00,0x00,0x00,0x00,0x00,0x00,0x00,0x00,0x00,0x00,
	0x00,0x00,0x00,0x00,0x00,0x00,0x00,0x00,0x00,0x00,0x00,0x00,0x00,0x00,0x00,0x00,

	0x00,0x00,0x00,0x00,0x00,0x00,0x00,0x00,0x00,0x00,0x00,0x00,0x00,0x00,0x00,0x00,
	0x4A,0x29,0x00,0x00,0x00,0x00,0x00,0x00,0x00,0x00,0x00,0x00,0x00,0x00,0x00,0x00,
	0x00,0x00,0x00,0x00,0x00,0x00,0x00,0x00,0x00,0x00,0x00,0x00,0x00,0x00,0x00,0x00,
	0x00,0x00,0x00,0x00,0x00,0x00,0x00,0x00,0x00,0x00,0x00,0x00,0x00,0x00,0x00,0x00,
	0x00,0x00,0x00,0x00,0x00,0x00,0x00,0x00,0x00,0x00,0x00,0x00,0x00,0x00,0x00,0x00,
	0x00,0x00,0x00,0x00,0x00,0x00,0x00,0x00,0x00,0x00,0x00,0x00,0x00,0x00,0x00,0x00,
	0x00,0x00,0x00,0x00,0x00,0x00,0x00,0x00,0x00,0x00,0x00,0x00,0x00,0x00,0x00,0x00,
	0x4A,0x29,0x00,0x00,0x00,0x00,0x00,0x00,0x00,0x00,0x00,0x00,0x00,0x00,0x00,0x00,

	0x00,0x00,0x00,0x00,0x00,0x00,0x00,0x00,0x00,0x00,0x00,0x00,0x00,0x00,0x00,0x00,
	0x00,0x00,0x00,0x00,0x00,0x00,0x00,0x00,0x00,0x00,0x00,0x00,0x00,0x00,0x00,0x00,
	0x00,0x00,0x00,0x00,0x00,0x00,0x00,0x00,0x00,0x00,0x00,0x00,0x00,0x00,0x00,0x00,
	0x00,0x00,0x00,0x00,0x00,0x00,0x00,0x00,0x00,0x00,0x00,0x00,0x00,0x00,0x00,0x00,
	0x00,0x00,0x00,0x00,0x00,0x00,0x00,0x00,0x00,0x00,0x00,0x00,0x00,0x00,0x00,0x00,
	0x4A,0x29,0x00,0x00,0x00,0x00,0x00,0x00,0x00,0x00,0x00,0x00,0x00,0x00,0x00,0x00,
	0x00,0x00,0x00,0x00,0x00,0x00,0x00,0x00,0x00,0x00,0x00,0x00,0x00,0x00,0x00,0x00,
	0x00,0x00,0x00,0x00,0x00,0x00,0x00,0x00,0x00,0x00,0x00,0x00,0x00,0x00,0x00,0x00,

	0x63,0x0C,0x63,0x0C,0x63,0x0C,0x63,0x0C,0x63,0x0C,0x63,0x0C,0x63,0x0C,0x63,0x0C,
	0x63,0x0C,0x63,0x0C,0x63,0x0C,0x63,0x0C,0x63,0x0C,0x63,0x0C,0x63,0x0C,0x63,0x0C,
	0x63,0x0C,0x63,0x0C,0x63,0x0C,0x63,0x0C,0x63,0x0C,0x63,0x0C,0x63,0x0C,0x63,0x0C,
	0x4A,0x29,0x63,0x0C,0x63,0x0C,0x63,0x0C,0x63,0x0C,0x63,0x0C,0x63,0x0C,0x63,0x0C,
	0x63,0x0C,0x63,0x0C,0x63,0x0C,0x63,0x0C,0x63,0x0C,0x63,0x0C,0x63,0x0C,0x63,0x0C,
	0x63,0x0C,0x63,0x0C,0x63,0x0C,0x63,0x0C,0x63,0x0C,0x63,0x0C,0x63,0x0C,0x63,0x0C,
	0x63,0x0C,0x63,0x0C,0x63,0x0C,0x63,0x0C,0x63,0x0C,0x63,0x0C,0x63,0x0C,0x63,0x0C,
	0x63,0x0C,0x63,0x0C,0x63,0x0C,0x63,0x0C,0x63,0x0C,0x63,0x0C,0x63,0x0C,0x63,0x0C,

	0x63,0x0C,0x63,0x0C,0x63,0x0C,0x63,0x0C,0x63,0x0C,0x63,0x0C,0x63,0x0C,0x63,0x0C,
	0x4A,0x29,0x63,0x0C,0x63,0x0C,0x63,0x0C,0x63,0x0C,0x63,0x0C,0x63,0x0C,0x63,0x0C,
	0x63,0x0C,0x63,0x0C,0x63,0x0C,0x63,0x0C,0x63,0x0C,0x63,0x0C,0x63,0x0C,0x63,0x0C,
	0x63,0x0C,0x63,0x0C,0x63,0x0C,0x63,0x0C,0x63,0x0C,0x63,0x0C,0x63,0x0C,0x63,0x0C,
	0x63,0x0C,0x63,0x0C,0x63,0x0C,0x63,0x0C,0x63,0x0C,0x63,0x0C,0x63,0x0C,0x63,0x0C,
	0x63,0x0C,0x63,0x0C,0x63,0x0C,0x63,0x0C,0x63,0x0C,0x63,0x0C,0x63,0x0C,0x63,0x0C,
	0x63,0x0C,0x63,0x0C,0x63,0x0C,0x63,0x0C,0x63,0x0C,0x63,0x0C,0x63,0x0C,0x63,0x0C,
	0x4A,0x29,0x63,0x0C,0x63,0x0C,0x63,0x0C,0x63,0x0C,0x63,0x0C,0x63,0x0C,0x63,0x0C,

	0x63,0x0C,0x63,0x0C,0x63,0x0C,0x63,0x0C,0x63,0x0C,0x63,0x0C,0x63,0x0C,0x63,0x0C,
	0x63,0x0C,0x63,0x0C,0x63,0x0C,0x63,0x0C,0x63,0x0C,0x63,0x0C,0x63,0x0C,0x63,0x0C,
	0x63,0x0C,0x63,0x0C,0x63,0x0C,0x63,0x0C,0x63,0x0C,0x63,0x0C,0x63,0x0C,0x63,0x0C,
	0x63,0x0C,0x63,0x0C,0x63,0x0C,0x63,0x0C,0x63,0x0C,0x63,0x0C,0x63,0x0C,0x63,0x0C,
	0x63,0x0C,0x63,0x0C,0x63,0x0C,0x63,0x0C,0x63,0x0C,0x63,0x0C,0x63,0x0C,0x63,0x0C,
	0x4A,0x29,0x63,0x0C,0x63,0x0C,0x63,0x0C,0x63,0x0C,0x63,0x0C,0x63,0x0C,0x63,0x0C,
	0x63,0x0C,0x63,0x0C,0x63,0x0C,0x63,0x0C,0x63,0x0C,0x63,0x0C,0x63,0x0C,0x63,0x0C,
	0x63,0x0C,0x63,0x0C,0x63,0x0C,0x63,0x0C,0x63,0x0C,0x63,0x0C,0x63,0x0C,0x63,0x0C,

	0x63,0x0C,0x63,0x0C,0x63,0x0C,0x63,0x0C,0x63,0x0C,0x63,0x0C,0x63,0x0C,0x63,0x0C,
	0x63,0x0C,0x63,0x0C,0x63,0x0C,0x63,0x0C,0x63,0x0C,0x63,0x0C,0x63,0x0C,0x63,0x0C,
	0x63,0x0C,0x63,0x0C,0x63,0x0C,0x63,0x0C,0x63,0x0C,0x63,0x0C,0x63,0x0C,0x63,0x0C,
	0x4A,0x29,0x63,0x0C,0x63,0x0C,0x63,0x0C,0x63,0x0C,0x63,0x0C,0x63,0x0C,0x63,0x0C,
	0x63,0x0C,0x63,0x0C,0x63,0x0C,0x63,0x0C,0x63,0x0C,0x63,0x0C,0x63,0x0C,0x63,0x0C,
	0x63,0x0C,0x63,0x0C,0x63,0x0C,0x63,0x0C,0x63,0x0C,0x63,0x0C,0x63,0x0C,0x63,0x0C,
	0x00,0x00,0x00,0x00,0x00,0x00,0x00,0x00,0x00,0x00,0x00,0x00,0x00,0x00,0x00,0x00,
	0x00,0x00,0x00,0x00,0x00,0x00,0x00,0x00,0x00,0x00,0x00,0x00,0x00,0x00,0x00,0x00,

	0x00,0x00,0x00,0x00,0x00,0x00,0x00,0x00,0x00,0x00,0x00,0x00,0x00,0x00,0x00,0x00,
	0x4A,0x29,0x00,0x00,0x00,0x00,0x00,0x00,0x00,0x00,0x00,0x00,0x00,0x00,0x00,0x00,
	0x00,0x00,0x00,0x00,0x00,0x00,0x00,0x00,0x00,0x00,0x00,0x00,0x00,0x00,0x00,0x00,
	0x00,0x00,0x00,0x00,0x00,0x00,0x00,0x00,0x00,0x00,0x00,0x00,0x00,0x00,0x00,0x00,
	0x00,0x00,0x00,0x00,0x00,0x00,0x00,0x00,0x00,0x00,0x00,0x00,0x00,0x00,0x00,0x00,
	0x00,0x00,0x00,0x00,0x00,0x00,0x00,0x00,0x00,0x00,0x00,0x00,0x00,0x00,0x00,0x00,
	0x00,0x00,0x00,0x00,0x00,0x00,0x00,0x00,0x00,0x00,0x00,0x00,0x00,0x00,0x00,0x00,
	0x4A,0x29,0x00,0x00,0x00,0x00,0x00,0x00,0x00,0x00,0x00,0x00,0x00,0x00,0x00,0x00,

	0x00,0x00,0x00,0x00,0x00,0x00,0x00,0x00,0x00,0x00,0x00,0x00,0x00,0x00,0x00,0x00,
	0x00,0x00,0x00,0x00,0x00,0x00,0x00,0x00,0x00,0x00,0x00,0x00,0x00,0x00,0x00,0x00,
	0x00,0x00,0x00,0x00,0x00,0x00,0x00,0x00,0x00,0x00,0x00,0x00,0x00,0x00,0x00,0x00,
	0x00,0x00,0x00,0x00,0x00,0x00,0x00,0x00,0x00,0x00,0x00,0x00,0x00,0x00,0x00,0x00,
	0x00,0x00,0x00,0x00,0x00,0x00,0x00,0x00,0x00,0x00,0x00,0x00,0x00,0x00,0x00,0x00,
	0x4A,0x29,0x00,0x00,0x00,0x00,0x00,0x00,0x00,0x00,0x00,0x00,0x00,0x00,0x00,0x00,
	0x00,0x00,0x00,0x00,0x00,0x00,0x00,0x00,0x00,0x00,0x00,0x00,0x00,0x00,0x00,0x00,
	0x00,0x00,0x00,0x00,0x00,0x00,0x00,0x00,0x00,0x00,0x00,0x00,0x00,0x00,0x00,0x00,

	0x00,0x00,0x00,0x00,0x00,0x00,0x00,0x00,0x00,0x00,0x00,0x00,0x00,0x00,0x00,0x00,
	0x00,0x00,0x00,0x00,0x00,0x00,0x00,0x00,0x00,0x00,0x00,0x00,0x00,0x00,0x00,0x00,
	0x00,0x00,0x00,0x00,0x00,0x00,0x00,0x00,0x00,0x00,0x00,0x00,0x00,0x00,0x00,0x00,
	0x4A,0x29,0x00,0x00,0x00,0x00,0x00,0x00,0x00,0x00,0x00,0x00,0x00,0x00,0x00,0x00,
	0x00,0x00,0x00,0x00,0x00,0x00,0x00,0x00,0x00,0x00,0x00,0x00,0x00,0x00,0x00,0x00,
	0x00,0x00,0x00,0x00,0x00,0x00,0x00,0x00,0x00,0x00,0x00,0x00,0x00,0x00,0x00,0x00,
	0x00,0x00,0x00,0x00,0x00,0x00,0x00,0x00,0x00,0x00,0x00,0x00,0x00,0x00,0x00,0x00,
	0x00,0x00,0x00,0x00,0x00,0x00,0x00,0x00,0x00,0x00,0x00,0x00,0x00,0x00,0x00,0x00,

	0x00,0x00,0x00,0x00,0x00,0x00,0x00,0x00,0x00,0x00,0x00,0x00,0x00,0x00,0x00,0x00,
	0x4A,0x29,0x00,0x00,0x00,0x00,0x00,0x00,0x00,0x00,0x00,0x00,0x00,0x00,0x00,0x00,
	0x00,0x00,0x00,0x00,0x00,0x00,0x00,0x00,0x00,0x00,0x00,0x00,0x00,0x00,0x00,0x00,
	0x00,0x00,0x00,0x00,0x00,0x00,0x00,0x00,0x00,0x00,0x00,0x00,0x00,0x00,0x00,0x00,
	0x63,0x0C,0x63,0x0C,0x63,0x0C,0x63,0x0C,0x63,0x0C,0x63,0x0C,0x63,0x0C,0x63,0x0C,
	0x63,0x0C,0x63,0x0C,0x63,0x0C,0x63,0x0C,0x63,0x0C,0x63,0x0C,0x63,0x0C,0x63,0x0C,
	0x63,0x0C,0x63,0x0C,0x63,0x0C,0x63,0x0C,0x63,0x0C,0x63,0x0C,0x63,0x0C,0x63,0x0C,
	0x4A,0x29,0x63,0x0C,0x63,0x0C,0x63,0x0C,0x63,0x0C,0x63,0x0C,0x63,0x0C,0x63,0x0C,

	0x63,0x0C,0x63,0x0C,0x63,0x0C,0x63,0x0C,0x63,0x0C,0x63,0x0C,0x63,0x0C,0x63,0x0C,
	0x63,0x0C,0x63,0x0C,0x63,0x0C,0x63,0x0C,0x63,0x0C,0x63,0x0C,0x63,0x0C,0x63,0x0C,
	0x63,0x0C,0x63,0x0C,0x63,0x0C,0x63,0x0C,0x63,0x0C,0x63,0x0C,0x63,0x0C,0x63,0x0C,
	0x63,0x0C,0x63,0x0C,0x63,0x0C,0x63,0x0C,0x63,0x0C,0x63,0x0C,0x63,0x0C,0x63,0x0C,
	0x63,0x0C,0x63,0x0C,0x63,0x0C,0x63,0x0C,0x63,0x0C,0x63,0x0C,0x63,0x0C,0x63,0x0C,
	0x4A,0x29,0x63,0x0C,0x63,0x0C,0x63,0x0C,0x63,0x0C,0x63,0x0C,0x63,0x0C,0x63,0x0C,
	0x63,0x0C,0x63,0x0C,0x63,0x0C,0x63,0x0C,0x63,0x0C,0x63,0x0C,0x63,0x0C,0x63,0x0C,
	0x63,0x0C,0x63,0x0C,0x63,0x0C,0x63,0x0C,0x63,0x0C,0x63,0x0C,0x63,0x0C,0x63,0x0C,

	0x63,0x0C,0x63,0x0C,0x63,0x0C,0x63,0x0C,0x63,0x0C,0x63,0x0C,0x63,0x0C,0x63,0x0C,
	0x63,0x0C,0x63,0x0C,0x63,0x0C,0x63,0x0C,0x63,0x0C,0x63,0x0C,0x63,0x0C,0x63,0x0C,
	0x63,0x0C,0x63,0x0C,0x63,0x0C,0x63,0x0C,0x63,0x0C,0x63,0x0C,0x63,0x0C,0x63,0x0C,
	0x4A,0x29,0x63,0x0C,0x63,0x0C,0x63,0x0C,0x63,0x0C,0x63,0x0C,0x63,0x0C,0x63,0x0C,
	0x63,0x0C,0x63,0x0C,0x63,0x0C,0x63,0x0C,0x63,0x0C,0x63,0x0C,0x63,0x0C,0x63,0x0C,
	0x63,0x0C,0x63,0x0C,0x63,0x0C,0x63,0x0C,0x63,0x0C,0x63,0x0C,0x63,0x0C,0x63,0x0C,
	0x63,0x0C,0x63,0x0C,0x63,0x0C,0x63,0x0C,0x63,0x0C,0x63,0x0C,0x63,0x0C,0x63,0x0C,
	0x63,0x0C,0x63,0x0C,0x63,0x0C,0x63,0x0C,0x63,0x0C,0x63,0x0C,0x63,0x0C,0x63,0x0C,

	0x63,0x0C,0x63,0x0C,0x63,0x0C,0x63,0x0C,0x63,0x0C,0x63,0x0C,0x63,0x0C,0x63,0x0C,
	0x4A,0x29,0x63,0x0C,0x63,0x0C,0x63,0x0C,0x63,0x0C,0x63,0x0C,0x63,0x0C,0x63,0x0C,
	0x63,0x0C,0x63,0x0C,0x63,0x0C,0x63,0x0C,0x63,0x0C,0x63,0x0C,0x63,0x0C,0x63,0x0C,
	0x63,0x0C,0x63,0x0C,0x63,0x0C,0x63,0x0C,0x63,0x0C,0x63,0x0C,0x63,0x0C,0x63,0x0C,
	0x63,0x0C,0x63,0x0C,0x63,0x0C,0x63,0x0C,0x63,0x0C,0x63,0x0C,0x63,0x0C,0x63,0x0C,
	0x63,0x0C,0x63,0x0C,0x63,0x0C,0x63,0x0C,0x63,0x0C,0x63,0x0C,0x63,0x0C,0x63,0x0C,
	0x63,0x0C,0x63,0x0C,0x63,0x0C,0x63,0x0C,0x63,0x0C,0x63,0x0C,0x63,0x0C,0x63,0x0C,
	0x4A,0x29,0x63,0x0C,0x63,0x0C,0x63,0x0C,0x63,0x0C,0x63,0x0C,0x63,0x0C,0x63,0x0C,

	0x63,0x0C,0x63,0x0C,0x63,0x0C,0x63,0x0C,0x63,0x0C,0x63,0x0C,0x63,0x0C,0x63,0x0C,
	0x63,0x0C,0x63,0x0C,0x63,0x0C,0x63,0x0C,0x63,0x0C,0x63,0x0C,0x63,0x0C,0x63,0x0C,
	0x00,0x00,0x00,0x00,0x00,0x00,0x00,0x00,0x00,0x00,0x00,0x00,0x00,0x00,0x00,0x00,
	0x00,0x00,0x00,0x00,0x00,0x00,0x00,0x00,0x00,0x00,0x00,0x00,0x00,0x00,0x00,0x00,
	0x00,0x00,0x00,0x00,0x00,0x00,0x00,0x00,0x00,0x00,0x00,0x00,0x00,0x00,0x00,0x00,
	0x4A,0x29,0x00,0x00,0x00,0x00,0x00,0x00,0x00,0x00,0x00,0x00,0x00,0x00,0x00,0x00,
	0x00,0x00,0x00,0x00,0x00,0x00,0x00,0x00,0x00,0x00,0x00,0x00,0x00,0x00,0x00,0x00,
	0x00,0x00,0x00,0x00,0x00,0x00,0x00,0x00,0x00,0x00,0x00,0x00,0x00,0x00,0x00,0x00,

	0x00,0x00,0x00,0x00,0x00,0x00,0x00,0x00,0x00,0x00,0x00,0x00,0x00,0x00,0x00,0x00,
	0x00,0x00,0x00,0x00,0x00,0x00,0x00,0x00,0x00,0x00,0x00,0x00,0x00,0x00,0x00,0x00,
	0x00,0x00,0x00,0x00,0x00,0x00,0x00,0x00,0x00,0x00,0x00,0x00,0x00,0x00,0x00,0x00,
	0x4A,0x29,0x00,0x00,0x00,0x00,0x00,0x00,0x00,0x00,0x00,0x00,0x00,0x00,0x00,0x00,
	0x00,0x00,0x00,0x00,0x00,0x00,0x00,0x00,0x00,0x00,0x00,0x00,0x00,0x00,0x00,0x00,
	0x00,0x00,0x00,0x00,0x00,0x00,0x00,0x00,0x00,0x00,0x00,0x00,0x00,0x00,0x00,0x00,
	0x00,0x00,0x00,0x00,0x00,0x00,0x00,0x00,0x00,0x00,0x00,0x00,0x00,0x00,0x00,0x00,
	0x00,0x00,0x00,0x00,0x00,0x00,0x00,0x00,0x00,0x00,0x00,0x00,0x00,0x00,0x00,0x00,

	0x00,0x00,0x00,0x00,0x00,0x00,0x00,0x00,0x00,0x00,0x00,0x00,0x00,0x00,0x00,0x00,
	0x4A,0x29,0x00,0x00,0x00,0x00,0x00,0x00,0x00,0x00,0x00,0x00,0x00,0x00,0x00,0x00,
	0x00,0x00,0x00,0x00,0x00,0x00,0x00,0x00,0x00,0x00,0x00,0x00,0x00,0x00,0x00,0x00,
	0x00,0x00,0x00,0x00,0x00,0x00,0x00,0x00,0x00,0x00,0x00,0x00,0x00,0x00,0x00,0x00,
	0x00,0x00,0x00,0x00,0x00,0x00,0x00,0x00,0x00,0x00,0x00,0x00,0x00,0x00,0x00,0x00,
	0x00,0x00,0x00,0x00,0x00,0x00,0x00,0x00,0x00,0x00,0x00,0x00,0x00,0x00,0x00,0x00,
	0x00,0x00,0x00,0x00,0x00,0x00,0x00,0x00,0x00,0x00,0x00,0x00,0x00,0x00,0x00,0x00,
	0x4A,0x29,0x00,0x00,0x00,0x00,0x00,0x00,0x00,0x00,0x00,0x00,0x00,0x00,0x00,0x00,

	0x00,0x00,0x00,0x00,0x00,0x00,0x00,0x00,0x00,0x00,0x00,0x00,0x00,0x00,0x00,0x00,
	0x00,0x00,0x00,0x00,0x00,0x00,0x00,0x00,0x00,0x00,0x00,0x00,0x00,0x00,0x00,0x00,
	0x00,0x00,0x00,0x00,0x00,0x00,0x00,0x00,0x00,0x00,0x00,0x00,0x00,0x00,0x00,0x00,
	0x00,0x00,0x00,0x00,0x00,0x00,0x00,0x00,0x00,0x00,0x00,0x00,0x00,0x00,0x00,0x00,
	0x00,0x00,0x00,0x00,0x00,0x00,0x00,0x00,0x00,0x00,0x00,0x00,0x00,0x00,0x00,0x00,
	0x4A,0x29,0x00,0x00,0x00,0x00,0x00,0x00,0x00,0x00,0x00,0x00,0x00,0x00,0x00,0x00,
	0x00,0x00,0x00,0x00,0x00,0x00,0x00,0x00,0x00,0x00,0x00,0x00,0x00,0x00,0x00,0x00,
	0x00,0x00,0x00,0x00,0x00,0x00,0x00,0x00,0x00,0x00,0x00,0x00,0x00,0x00,0x00,0x00,

	0x63,0x0C,0x63,0x0C,0x63,0x0C,0x63,0x0C,0x63,0x0C,0x63,0x0C,0x63,0x0C,0x63,0x0C,
	0x63,0x0C,0x63,0x0C,0x63,0x0C,0x63,0x0C,0x63,0x0C,0x63,0x0C,0x63,0x0C,0x63,0x0C,
	0x63,0x0C,0x63,0x0C,0x63,0x0C,0x63,0x0C,0x63,0x0C,0x63,0x0C,0x63,0x0C,0x63,0x0C,
	0x4A,0x29,0x63,0x0C,0x63,0x0C,0x63,0x0C,0x63,0x0C,0x63,0x0C,0x63,0x0C,0x63,0x0C,
	0x63,0x0C,0x63,0x0C,0x63,0x0C,0x63,0x0C,0x63,0x0C,0x63,0x0C,0x63,0x0C,0x63,0x0C,
	0x63,0x0C,0x63,0x0C,0x63,0x0C,0x63,0x0C,0x63,0x0C,0x63,0x0C,0x63,0x0C,0x63,0x0C,
	0x63,0x0C,0x63,0x0C,0x63,0x0C,0x63,0x0C,0x63,0x0C,0x63,0x0C,0x63,0x0C,0x63,0x0C,
	0x63,0x0C,0x63,0x0C,0x63,0x0C,0x63,0x0C,0x63,0x0C,0x63,0x0C,0x63,0x0C,0x63,0x0C,

	0x63,0x0C,0x63,0x0C,0x63,0x0C,0x63,0x0C,0x63,0x0C,0x63,0x0C,0x63,0x0C,0x63,0x0C,
	0x4A,0x29,0x63,0x0C,0x63,0x0C,0x63,0x0C,0x63,0x0C,0x63,0x0C,0x63,0x0C,0x63,0x0C,
	0x63,0x0C,0x63,0x0C,0x63,0x0C,0x63,0x0C,0x63,0x0C,0x63,0x0C,0x63,0x0C,0x63,0x0C,
	0x63,0x0C,0x63,0x0C,0x63,0x0C,0x63,0x0C,0x63,0x0C,0x63,0x0C,0x63,0x0C,0x63,0x0C,
	0x63,0x0C,0x63,0x0C,0x63,0x0C,0x63,0x0C,0x63,0x0C,0x63,0x0C,0x63,0x0C,0x63,0x0C,
	0x63,0x0C,0x63,0x0C,0x63,0x0C,0x63,0x0C,0x63,0x0C,0x63,0x0C,0x63,0x0C,0x63,0x0C,
	0x63,0x0C,0x63,0x0C,0x63,0x0C,0x63,0x0C,0x63,0x0C,0x63,0x0C,0x63,0x0C,0x63,0x0C,
	0x4A,0x29,0x63,0x0C,0x63,0x0C,0x63,0x0C,0x63,0x0C,0x63,0x0C,0x63,0x0C,0x63,0x0C,

	0x63,0x0C,0x63,0x0C,0x63,0x0C,0x63,0x0C,0x63,0x0C,0x63,0x0C,0x63,0x0C,0x63,0x0C,
	0x63,0x0C,0x63,0x0C,0x63,0x0C,0x63,0x0C,0x63,0x0C,0x63,0x0C,0x63,0x0C,0x63,0x0C,
	0x63,0x0C,0x63,0x0C,0x63,0x0C,0x63,0x0C,0x63,0x0C,0x63,0x0C,0x63,0x0C,0x63,0x0C,
	0x63,0x0C,0x63,0x0C,0x63,0x0C,0x63,0x0C,0x63,0x0C,0x63,0x0C,0x63,0x0C,0x63,0x0C,
	0x63,0x0C,0x63,0x0C,0x63,0x0C,0x63,0x0C,0x63,0x0C,0x63,0x0C,0x63,0x0C,0x63,0x0C,
	0x4A,0x29,0x63,0x0C,0x63,0x0C,0x63,0x0C,0x63,0x0C,0x63,0x0C,0x63,0x0C,0x63,0x0C,
	0x63,0x0C,0x63,0x0C,0x63,0x0C,0x63,0x0C,0x63,0x0C,0x63,0x0C,0x63,0x0C,0x63,0x0C,
	0x63,0x0C,0x63,0x0C,0x63,0x0C,0x63,0x0C,0x63,0x0C,0x63,0x0C,0x63,0x0C,0x63,0x0C,

	0x63,0x0C,0x63,0x0C,0x63,0x0C,0x63,0x0C,0x63,0x0C,0x63,0x0C,0x63,0x0C,0x63,0x0C,
	0x63,0x0C,0x63,0x0C,0x63,0x0C,0x63,0x0C,0x63,0x0C,0x63,0x0C,0x63,0x0C,0x63,0x0C,
	0x63,0x0C,0x63,0x0C,0x63,0x0C,0x63,0x0C,0x63,0x0C,0x63,0x0C,0x63,0x0C,0x63,0x0C,
	0x4A,0x29,0x63,0x0C,0x63,0x0C,0x63,0x0C,0x63,0x0C,0x63,0x0C,0x63,0x0C,0x63,0x0C,
	0x63,0x0C,0x63,0x0C,0x63,0x0C,0x63,0x0C,0x63,0x0C,0x63,0x0C,0x63,0x0C,0x63,0x0C,
	0x63,0x0C,0x63,0x0C,0x63,0x0C,0x63,0x0C,0x63,0x0C,0x63,0x0C,0x63,0x0C,0x63,0x0C,
	0x00,0x00,0x00,0x00,0x00,0x00,0x00,0x00,0x00,0x00,0x00,0x00,0x00,0x00,0x00,0x00,
	0x00,0x00,0x00,0x00,0x00,0x00,0x00,0x00,0x00,0x00,0x00,0x00,0x00,0x00,0x00,0x00,

	0x00,0x00,0x00,0x00,0x00,0x00,0x00,0x00,0x00,0x00,0x00,0x00,0x00,0x00,0x00,0x00,
	0x4A,0x29,0x00,0x00,0x00,0x00,0x00,0x00,0x00,0x00,0x00,0x00,0x00,0x00,0x00,0x00,
	0x00,0x00,0x00,0x00,0x00,0x00,0x00,0x00,0x00,0x00,0x00,0x00,0x00,0x00,0x00,0x00,
	0x00,0x00,0x00,0x00,0x00,0x00,0x00,0x00,0x00,0x00,0x00,0x00,0x00,0x00,0x00,0x00,
	0x00,0x00,0x00,0x00,0x00,0x00,0x00,0x00,0x00,0x00,0x00,0x00,0x00,0x00,0x00,0x00,
	0x00,0x00,0x00,0x00,0x00,0x00,0x00,0x00,0x00,0x00,0x00,0x00,0x00,0x00,0x00,0x00,
	0x00,0x00,0x00,0x00,0x00,0x00,0x00,0x00,0x00,0x00,0x00,0x00,0x00,0x00,0x00,0x00,
	0x4A,0x29,0x00,0x00,0x00,0x00,0x00,0x00,0x00,0x00,0x00,0x00,0x00,0x00,0x00,0x00,

	0x00,0x00,0x00,0x00,0x00,0x00,0x00,0x00,0x00,0x00,0x00,0x00,0x00,0x00,0x00,0x00,
	0x00,0x00,0x00,0x00,0x00,0x00,0x00,0x00,0x00,0x00,0x00,0x00,0x00,0x00,0x00,0x00,
	0x00,0x00,0x00,0x00,0x00,0x00,0x00,0x00,0x00,0x00,0x00,0x00,0x00,0x00,0x00,0x00,
	0x00,0x00,0x00,0x00,0x00,0x00,0x00,0x00,0x00,0x00,0x00,0x00,0x00,0x00,0x00,0x00,
	0x00,0x00,0x00,0x00,0x00,0x00,0x00,0x00,0x00,0x00,0x00,0x00,0x00,0x00,0x00,0x00,
	0x4A,0x29,0x00,0x00,0x00,0x00,0x00,0x00,0x00,0x00,0x00,0x00,0x00,0x00,0x00,0x00,
	0x00,0x00,0x00,0x00,0x00,0x00,0x00,0x00,0x00,0x00,0x00,0x00,0x00,0x00,0x00,0x00,
	0x00,0x00,0x00,0x00,0x00,0x00,0x00,0x00,0x00,0x00,0x00,0x00,0x00,0x00,0x00,0x00,

	0x00,0x00,0x00,0x00,0x00,0x00,0x00,0x00,0x00,0x00,0x00,0x00,0x00,0x00,0x00,0x00,
	0x00,0x00,0x00,0x00,0x00,0x00,0x00,0x00,0x00,0x00,0x00,0x00,0x00,0x00,0x00,0x00,
	0x00,0x00,0x00,0x00,0x00,0x00,0x00,0x00,0x00,0x00,0x00,0x00,0x00,0x00,0x00,0x00,
	0x4A,0x29,0x00,0x00,0x00,0x00,0x00,0x00,0x00,0x00,0x00,0x00,0x00,0x00,0x00,0x00,
	0x00,0x00,0x00,0x00,0x00,0x00,0x00,0x00,0x00,0x00,0x00,0x00,0x00,0x00,0x00,0x00,
	0x00,0x00,0x00,0x00,0x00,0x00,0x00,0x00,0x00,0x00,0x00,0x00,0x00,0x00,0x00,0x00,
	0x00,0x00,0x00,0x00,0x00,0x00,0x00,0x00,0x00,0x00,0x00,0x00,0x00,0x00,0x00,0x00,
	0x00,0x00,0x00,0x00,0x00,0x00,0x00,0x00,0x00,0x00,0x00,0x00,0x00,0x00,0x00,0x00,

	0x00,0x00,0x00,0x00,0x00,0x00,0x00,0x00,0x00,0x00,0x00,0x00,0x00,0x00,0x00,0x00,
	0x4A,0x29,0x00,0x00,0x00,0x00,0x00,0x00,0x00,0x00,0x00,0x00,0x00,0x00,0x00,0x00,
	0x00,0x00,0x00,0x00,0x00,0x00,0x00,0x00,0x00,0x00,0x00,0x00,0x00,0x00,0x00,0x00,
	0x00,0x00,0x00,0x00,0x00,0x00,0x00,0x00,0x00,0x00,0x00,0x00,0x00,0x00,0x00,0x00,
	0x63,0x0C,0x63,0x0C,0x63,0x0C,0x63,0x0C,0x63,0x0C,0x63,0x0C,0x63,0x0C,0x63,0x0C,
	0x63,0x0C,0x63,0x0C,0x63,0x0C,0x63,0x0C,0x63,0x0C,0x63,0x0C,0x63,0x0C,0x63,0x0C,
	0x63,0x0C,0x63,0x0C,0x63,0x0C,0x63,0x0C,0x63,0x0C,0x63,0x0C,0x63,0x0C,0x63,0x0C,
	0x4A,0x29,0x63,0x0C,0x63,0x0C,0x63,0x0C,0x63,0x0C,0x63,0x0C,0x63,0x0C,0x63,0x0C,

	0x63,0x0C,0x63,0x0C,0x63,0x0C,0x63,0x0C,0x63,0x0C,0x63,0x0C,0x63,0x0C,0x63,0x0C,
	0x63,0x0C,0x63,0x0C,0x63,0x0C,0x63,0x0C,0x63,0x0C,0x63,0x0C,0x63,0x0C,0x63,0x0C,
	0x63,0x0C,0x63,0x0C,0x63,0x0C,0x63,0x0C,0x63,0x0C,0x63,0x0C,0x63,0x0C,0x63,0x0C,
	0x63,0x0C,0x63,0x0C,0x63,0x0C,0x63,0x0C,0x63,0x0C,0x63,0x0C,0x63,0x0C,0x63,0x0C,
	0x63,0x0C,0x63,0x0C,0x63,0x0C,0x63,0x0C,0x63,0x0C,0x63,0x0C,0x63,0x0C,0x63,0x0C,
	0x4A,0x29,0x63,0x0C,0x63,0x0C,0x63,0x0C,0x63,0x0C,0x63,0x0C,0x63,0x0C,0x63,0x0C,
	0x63,0x0C,0x63,0x0C,0x63,0x0C,0x63,0x0C,0x63,0x0C,0x63,0x0C,0x63,0x0C,0x63,0x0C,
	0x63,0x0C,0x63,0x0C,0x63,0x0C,0x63,0x0C,0x63,0x0C,0x63,0x0C,0x63,0x0C,0x63,0x0C,

	0x63,0x0C,0x63,0x0C,0x63,0x0C,0x63,0x0C,0x63,0x0C,0x63,0x0C,0x63,0x0C,0x63,0x0C,
	0x63,0x0C,0x63,0x0C,0x63,0x0C,0x63,0x0C,0x63,0x0C,0x63,0x0C,0x63,0x0C,0x63,0x0C,
	0x63,0x0C,0x63,0x0C,0x63,0x0C,0x63,0x0C,0x63,0x0C,0x63,0x0C,0x63,0x0C,0x63,0x0C,
	0x4A,0x29,0x63,0x0C,0x63,0x0C,0x63,0x0C,0x63,0x0C,0x63,0x0C,0x63,0x0C,0x63,0x0C,
	0x63,0x0C,0x63,0x0C,0x63,0x0C,0x63,0x0C,0x63,0x0C,0x63,0x0C,0x63,0x0C,0x63,0x0C,
	0x63,0x0C,0x63,0x0C,0x63,0x0C,0x63,0x0C,0x63,0x0C,0x63,0x0C,0x63,0x0C,0x63,0x0C,
	0x63,0x0C,0x63,0x0C,0x63,0x0C,0x63,0x0C,0x63,0x0C,0x63,0x0C,0x63,0x0C,0x63,0x0C,
	0x63,0x0C,0x63,0x0C,0x63,0x0C,0x63,0x0C,0x63,0x0C,0x63,0x0C,0x63,0x0C,0x63,0x0C,

	0x63,0x0C,0x63,0x0C,0x63,0x0C,0x63,0x0C,0x63,0x0C,0x63,0x0C,0x63,0x0C,0x63,0x0C,
	0x4A,0x29,0x63,0x0C,0x63,0x0C,0x63,0x0C,0x63,0x0C,0x63,0x0C,0x63,0x0C,0x63,0x0C,
	0x63,0x0C,0x63,0x0C,0x63,0x0C,0x63,0x0C,0x63,0x0C,0x63,0x0C,0x63,0x0C,0x63,0x0C,
	0x63,0x0C,0x63,0x0C,0x63,0x0C,0x63,0x0C,0x63,0x0C,0x63,0x0C,0x63,0x0C,0x63,0x0C,
	0x63,0x0C,0x63,0x0C,0x63,0x0C,0x63,0x0C,0x63,0x0C,0x63,0x0C,0x63,0x0C,0x63,0x0C,
	0x63,0x0C,0x63,0x0C,0x63,0x0C,0x63,0x0C,0x63,0x0C,0x63,0x0C,0x63,0x0C,0x63,0x0C,
	0x63,0x0C,0x63,0x0C,0x63,0x0C,0x63,0x0C,0x63,0x0C,0x63,0x0C,0x63,0x0C,0x63,0x0C,
	0x4A,0x29,0x63,0x0C,0x63,0x0C,0x63,0x0C,0x63,0x0C,0x63,0x0C,0x63,0x0C,0x63,0x0C,

	0x63,0x0C,0x63,0x0C,0x63,0x0C,0x63,0x0C,0x63,0x0C,0x63,0x0C,0x63,0x0C,0x63,0x0C,
	0x63,0x0C,0x63,0x0C,0x63,0x0C,0x63,0x0C,0x63,0x0C,0x63,0x0C,0x63,0x0C,0x63,0x0C,
	0x00,0x00,0x00,0x00,0x00,0x00,0x00,0x00,0x00,0x00,0x00,0x00,0x00,0x00,0x00,0x00,
	0x00,0x00,0x00,0x00,0x00,0x00,0x00,0x00,0x00,0x00,0x00,0x00,0x00,0x00,0x00,0x00,
	0x00,0x00,0x00,0x00,0x00,0x00,0x00,0x00,0x00,0x00,0x00,0x00,0x00,0x00,0x00,0x00,
	0x4A,0x29,0x00,0x00,0x00,0x00,0x00,0x00,0x00,0x00,0x00,0x00,0x00,0x00,0x00,0x00,
	0x00,0x00,0x00,0x00,0x00,0x00,0x00,0x00,0x00,0x00,0x00,0x00,0x00,0x00,0x00,0x00,
	0x00,0x00,0x00,0x00,0x00,0x00,0x00,0x00,0x00,0x00,0x00,0x00,0x00,0x00,0x00,0x00,

	0x00,0x00,0x00,0x00,0x00,0x00,0x00,0x00,0x00,0x00,0x00,0x00,0x00,0x00,0x00,0x00,
	0x00,0x00,0x00,0x00,0x00,0x00,0x00,0x00,0x00,0x00,0x00,0x00,0x00,0x00,0x00,0x00,
	0x00,0x00,0x00,0x00,0x00,0x00,0x00,0x00,0x00,0x00,0x00,0x00,0x00,0x00,0x00,0x00,
	0x4A,0x29,0x00,0x00,0x00,0x00,0x00,0x00,0x00,0x00,0x00,0x00,0x00,0x00,0x00,0x00,
	0x00,0x00,0x00,0x00,0x00,0x00,0x00,0x00,0x00,0x00,0x00,0x00,0x00,0x00,0x00,0x00,
	0x00,0x00,0x00,0x00,0x00,0x00,0x00,0x00,0x00,0x00,0x00,0x00,0x00,0x00,0x00,0x00,
	0x00,0x00,0x00,0x00,0x00,0x00,0x00,0x00,0x00,0x00,0x00,0x00,0x00,0x00,0x00,0x00,
	0x00,0x00,0x00,0x00,0x00,0x00,0x00,0x00,0x00,0x00,0x00,0x00,0x00,0x00,0x00,0x00,

	0x00,0x00,0x00,0x00,0x00,0x00,0x00,0x00,0x00,0x00,0x00,0x00,0x00,0x00,0x00,0x00,
	0x4A,0x29,0x00,0x00,0x00,0x00,0x00,0x00,0x00,0x00,0x00,0x00,0x00,0x00,0x00,0x00,
	0x00,0x00,0x00,0x00,0x00,0x00,0x00,0x00,0x00,0x00,0x00,0x00,0x00,0x00,0x00,0x00,
	0x00,0x00,0x00,0x00,0x00,0x00,0x00,0x00,0x00,0x00,0x00,0x00,0x00,0x00,0x00,0x00,
	0x00,0x00,0x00,0x00,0x00,0x00,0x00,0x00,0x00,0x00,0x00,0x00,0x00,0x00,0x00,0x00,
	0x00,0x00,0x00,0x00,0x00,0x00,0x00,0x00,0x00,0x00,0x00,0x00,0x00,0x00,0x00,0x00,
	0x00,0x00,0x00,0x00,0x00,0x00,0x00,0x00,0x00,0x00,0x00,0x00,0x00,0x00,0x00,0x00,
	0x4A,0x29,0x00,0x00,0x00,0x00,0x00,0x00,0x00,0x00,0x00,0x00,0x00,0x00,0x00,0x00,

	0x00,0x00,0x00,0x00,0x00,0x00,0x00,0x00,0x00,0x00,0x00,0x00,0x00,0x00,0x00,0x00,
	0x00,0x00,0x00,0x00,0x00,0x00,0x00,0x00,0x00,0x00,0x00,0x00,0x00,0x00,0x00,0x00,
	0x00,0x00,0x00,0x00,0x00,0x00,0x00,0x00,0x00,0x00,0x00,0x00,0x00,0x00,0x00,0x00,
	0x00,0x00,0x00,0x00,0x00,0x00,0x00,0x00,0x00,0x00,0x00,0x00,0x00,0x00,0x00,0x00,
	0x00,0x00,0x00,0x00,0x00,0x00,0x00,0x00,0x00,0x00,0x00,0x00,0x00,0x00,0x00,0x00,
	0x4A,0x29,0x00,0x00,0x00,0x00,0x00,0x00,0x00,0x00,0x00,0x00,0x00,0x00,0x00,0x00,
	0x00,0x00,0x00,0x00,0x00,0x00,0x00,0x00,0x00,0x00,0x00,0x00,0x00,0x00,0x00,0x00,
	0x00,0x00,0x00,0x00,0x00,0x00,0x00,0x00,0x00,0x00,0x00,0x00,0x00,0x00,0x00,0x00,

	0x63,0x0C,0x63,0x0C,0x63,0x0C,0x63,0x0C,0x63,0x0C,0x63,0x0C,0x63,0x0C,0x63,0x0C,
	0x63,0x0C,0x63,0x0C,0x63,0x0C,0x63,0x0C,0x63,0x0C,0x63,0x0C,0x63,0x0C,0x63,0x0C,
	0x63,0x0C,0x63,0x0C,0x63,0x0C,0x63,0x0C,0x63,0x0C,0x63,0x0C,0x63,0x0C,0x63,0x0C,
	0x4A,0x29,0x63,0x0C,0x63,0x0C,0x63,0x0C,0x63,0x0C,0x63,0x0C,0x63,0x0C,0x63,0x0C,
	0x63,0x0C,0x63,0x0C,0x63,0x0C,0x63,0x0C,0x63,0x0C,0x63,0x0C,0x63,0x0C,0x63,0x0C,
	0x63,0x0C,0x63,0x0C,0x63,0x0C,0x63,0x0C,0x63,0x0C,0x63,0x0C,0x63,0x0C,0x63,0x0C,
	0x63,0x0C,0x63,0x0C,0x63,0x0C,0x63,0x0C,0x63,0x0C,0x63,0x0C,0x63,0x0C,0x63,0x0C,
	0x63,0x0C,0x63,0x0C,0x63,0x0C,0x63,0x0C,0x63,0x0C,0x63,0x0C,0x63,0x0C,0x63,0x0C,

	0x63,0x0C,0x63,0x0C,0x63,0x0C,0x63,0x0C,0x63,0x0C,0x63,0x0C,0x63,0x0C,0x63,0x0C,
	0x4A,0x29,0x63,0x0C,0x63,0x0C,0x63,0x0C,0x63,0x0C,0x63,0x0C,0x63,0x0C,0x63,0x0C,
	0x63,0x0C,0x63,0x0C,0x63,0x0C,0x63,0x0C,0x63,0x0C,0x63,0x0C,0x63,0x0C,0x63,0x0C,
	0x63,0x0C,0x63,0x0C,0x63,0x0C,0x63,0x0C,0x63,0x0C,0x63,0x0C,0x63,0x0C,0x63,0x0C,
	0x63,0x0C,0x63,0x0C,0x63,0x0C,0x63,0x0C,0x63,0x0C,0x63,0x0C,0x63,0x0C,0x63,0x0C,
	0x63,0x0C,0x63,0x0C,0x63,0x0C,0x63,0x0C,0x63,0x0C,0x63,0x0C,0x63,0x0C,0x63,0x0C,
	0x63,0x0C,0x63,0x0C,0x63,0x0C,0x63,0x0C,0x63,0x0C,0x63,0x0C,0x63,0x0C,0x63,0x0C,
	0x4A,0x29,0x63,0x0C,0x63,0x0C,0x63,0x0C,0x63,0x0C,0x63,0x0C,0x63,0x0C,0x63,0x0C,

	0x63,0x0C,0x63,0x0C,0x63,0x0C,0x63,0x0C,0x63,0x0C,0x63,0x0C,0x63,0x0C,0x63,0x0C,
	0x63,0x0C,0x63,0x0C,0x63,0x0C,0x63,0x0C,0x63,0x0C,0x63,0x0C,0x63,0x0C,0x63,0x0C,
	0x63,0x0C,0x63,0x0C,0x63,0x0C,0x63,0x0C,0x63,0x0C,0x63,0x0C,0x63,0x0C,0x63,0x0C,
	0x63,0x0C,0x63,0x0C,0x63,0x0C,0x63,0x0C,0x63,0x0C,0x63,0x0C,0x63,0x0C,0x63,0x0C,
	0x63,0x0C,0x63,0x0C,0x63,0x0C,0x63,0x0C,0x63,0x0C,0x63,0x0C,0x63,0x0C,0x63,0x0C,
	0x4A,0x29,0x63,0x0C,0x63,0x0C,0x63,0x0C,0x63,0x0C,0x63,0x0C,0x63,0x0C,0x63,0x0C,
	0x63,0x0C,0x63,0x0C,0x63,0x0C,0x63,0x0C,0x63,0x0C,0x63,0x0C,0x63,0x0C,0x63,0x0C,
	0x63,0x0C,0x63,0x0C,0x63,0x0C,0x63,0x0C,0x63,0x0C,0x63,0x0C,0x63,0x0C,0x63,0x0C,

	0x63,0x0C,0x63,0x0C,0x63,0x0C,0x63,0x0C,0x63,0x0C,0x63,0x0C,0x63,0x0C,0x63,0x0C,
	0x63,0x0C,0x63,0x0C,0x63,0x0C,0x63,0x0C,0x63,0x0C,0x63,0x0C,0x63,0x0C,0x63,0x0C,
	0x63,0x0C,0x63,0x0C,0x63,0x0C,0x63,0x0C,0x63,0x0C,0x63,0x0C,0x63,0x0C,0x63,0x0C,
	0x4A,0x29,0x63,0x0C,0x63,0x0C,0x63,0x0C,0x63,0x0C,0x63,0x0C,0x63,0x0C,0x63,0x0C,
	0x63,0x0C,0x63,0x0C,0x63,0x0C,0x63,0x0C,0x63,0x0C,0x63,0x0C,0x63,0x0C,0x63,0x0C,
	0x63,0x0C,0x63,0x0C,0x63,0x0C,0x63,0x0C,0x63,0x0C,0x63,0x0C,0x63,0x0C,0x63,0x0C,
	0x00,0x00,0x00,0x00,0x00,0x00,0x00,0x00,0x00,0x00,0x00,0x00,0x00,0x00,0x00,0x00,
	0x00,0x00,0x00,0x00,0x00,0x00,0x00,0x00,0x00,0x00,0x00,0x00,0x00,0x00,0x00,0x00,

	0x00,0x00,0x00,0x00,0x00,0x00,0x00,0x00,0x00,0x00,0x00,0x00,0x00,0x00,0x00,0x00,
	0x4A,0x29,0x00,0x00,0x00,0x00,0x00,0x00,0x00,0x00,0x00,0x00,0x00,0x00,0x00,0x00,
	0x00,0x00,0x00,0x00,0x00,0x00,0x00,0x00,0x00,0x00,0x00,0x00,0x00,0x00,0x00,0x00,
	0x00,0x00,0x00,0x00,0x00,0x00,0x00,0x00,0x00,0x00,0x00,0x00,0x00,0x00,0x00,0x00,
	0x00,0x00,0x00,0x00,0x00,0x00,0x00,0x00,0x00,0x00,0x00,0x00,0x00,0x00,0x00,0x00,
	0x00,0x00,0x00,0x00,0x00,0x00,0x00,0x00,0x00,0x00,0x00,0x00,0x00,0x00,0x00,0x00,
	0x00,0x00,0x00,0x00,0x00,0x00,0x00,0x00,0x00,0x00,0x00,0x00,0x00,0x00,0x00,0x00,
	0x4A,0x29,0x00,0x00,0x00,0x00,0x00,0x00,0x00,0x00,0x00,0x00,0x00,0x00,0x00,0x00,

	0x00,0x00,0x00,0x00,0x00,0x00,0x00,0x00,0x00,0x00,0x00,0x00,0x00,0x00,0x00,0x00,
	0x00,0x00,0x00,0x00,0x00,0x00,0x00,0x00,0x00,0x00,0x00,0x00,0x00,0x00,0x00,0x00,
	0x00,0x00,0x00,0x00,0x00,0x00,0x00,0x00,0x00,0x00,0x00,0x00,0x00,0x00,0x00,0x00,
	0x00,0x00,0x00,0x00,0x00,0x00,0x00,0x00,0x00,0x00,0x00,0x00,0x00,0x00,0x00,0x00,
	0x00,0x00,0x00,0x00,0x00,0x00,0x00,0x00,0x00,0x00,0x00,0x00,0x00,0x00,0x00,0x00,
	0x4A,0x29,0x00,0x00,0x00,0x00,0x00,0x00,0x00,0x00,0x00,0x00,0x00,0x00,0x00,0x00,
	0x00,0x00,0x00,0x00,0x00,0x00,0x00,0x00,0x00,0x00,0x00,0x00,0x00,0x00,0x00,0x00,
	0x00,0x00,0x00,0x00,0x00,0x00,0x00,0x00,0x00,0x00,0x00,0x00,0x00,0x00,0x00,0x00,

	0x00,0x00,0x00,0x00,0x00,0x00,0x00,0x00,0x00,0x00,0x00,0x00,0x00,0x00,0x00,0x00,
	0x00,0x00,0x00,0x00,0x00,0x00,0x00,0x00,0x00,0x00,0x00,0x00,0x00,0x00,0x00,0x00,
	0x00,0x00,0x00,0x00,0x00,0x00,0x00,0x00,0x00,0x00,0x00,0x00,0x00,0x00,0x00,0x00,
	0x4A,0x29,0x00,0x00,0x00,0x00,0x00,0x00,0x00,0x00,0x00,0x00,0x00,0x00,0x00,0x00,
	0x00,0x00,0x00,0x00,0x00,0x00,0x00,0x00,0x00,0x00,0x00,0x00,0x00,0x00,0x00,0x00,
	0x00,0x00,0x00,0x00,0x00,0x00,0x00,0x00,0x00,0x00,0x00,0x00,0x00,0x00,0x00,0x00,
	0x00,0x00,0x00,0x00,0x00,0x00,0x00,0x00,0x00,0x00,0x00,0x00,0x00,0x00,0x00,0x00,
	0x00,0x00,0x00,0x00,0x00,0x00,0x00,0x00,0x00,0x00,0x00,0x00,0x00,0x00,0x00,0x00,

	0x00,0x00,0x00,0x00,0x00,0x00,0x00,0x00,0x00,0x00,0x00,0x00,0x00,0x00,0x00,0x00,
	0x4A,0x29,0x00,0x00,0x00,0x00,0x00,0x00,0x00,0x00,0x00,0x00,0x00,0x00,0x00,0x00,
	0x00,0x00,0x00,0x00,0x00,0x00,0x00,0x00,0x00,0x00,0x00,0x00,0x00,0x00,0x00,0x00,
	0x00,0x00,0x00,0x00,0x00,0x00,0x00,0x00,0x00,0x00,0x00,0x00,0x00,0x00,0x00,0x00,
	0x63,0x0C,0x63,0x0C,0x63,0x0C,0x63,0x0C,0x63,0x0C,0x63,0x0C,0x63,0x0C,0x63,0x0C,
	0x63,0x0C,0x63,0x0C,0x63,0x0C,0x63,0x0C,0x63,0x0C,0x63,0x0C,0x63,0x0C,0x63,0x0C,
	0x63,0x0C,0x63,0x0C,0x63,0x0C,0x63,0x0C,0x63,0x0C,0x63,0x0C,0x63,0x0C,0x63,0x0C,
	0x4A,0x29,0x63,0x0C,0x63,0x0C,0x63,0x0C,0x63,0x0C,0x63,0x0C,0x63,0x0C,0x63,0x0C,

	0x63,0x0C,0x63,0x0C,0x63,0x0C,0x63,0x0C,0x63,0x0C,0x63,0x0C,0x63,0x0C,0x63,0x0C,
	0x63,0x0C,0x63,0x0C,0x63,0x0C,0x63,0x0C,0x63,0x0C,0x63,0x0C,0x63,0x0C,0x63,0x0C,
	0x63,0x0C,0x63,0x0C,0x63,0x0C,0x63,0x0C,0x63,0x0C,0x63,0x0C,0x63,0x0C,0x63,0x0C,
	0x63,0x0C,0x63,0x0C,0x63,0x0C,0x63,0x0C,0x63,0x0C,0x63,0x0C,0x63,0x0C,0x63,0x0C,
	0x63,0x0C,0x63,0x0C,0x63,0x0C,0x63,0x0C,0x63,0x0C,0x63,0x0C,0x63,0x0C,0x63,0x0C,
	0x4A,0x29,0x63,0x0C,0x63,0x0C,0x63,0x0C,0x63,0x0C,0x63,0x0C,0x63,0x0C,0x63,0x0C,
	0x63,0x0C,0x63,0x0C,0x63,0x0C,0x63,0x0C,0x63,0x0C,0x63,0x0C,0x63,0x0C,0x63,0x0C,
	0x63,0x0C,0x63,0x0C,0x63,0x0C,0x63,0x0C,0x63,0x0C,0x63,0x0C,0x63,0x0C,0x63,0x0C,

	0x63,0x0C,0x63,0x0C,0x63,0x0C,0x63,0x0C,0x63,0x0C,0x63,0x0C,0x63,0x0C,0x63,0x0C,
	0x63,0x0C,0x63,0x0C,0x63,0x0C,0x63,0x0C,0x63,0x0C,0x63,0x0C,0x63,0x0C,0x63,0x0C,
	0x63,0x0C,0x63,0x0C,0x63,0x0C,0x63,0x0C,0x63,0x0C,0x63,0x0C,0x63,0x0C,0x63,0x0C,
	0x4A,0x29,0x63,0x0C,0x63,0x0C,0x63,0x0C,0x63,0x0C,0x63,0x0C,0x63,0x0C,0x63,0x0C,
	0x63,0x0C,0x63,0x0C,0x63,0x0C,0x63,0x0C,0x63,0x0C,0x63,0x0C,0x63,0x0C,0x63,0x0C,
	0x63,0x0C,0x63,0x0C,0x63,0x0C,0x63,0x0C,0x63,0x0C,0x63,0x0C,0x63,0x0C,0x63,0x0C,
	0x63,0x0C,0x63,0x0C,0x63,0x0C,0x63,0x0C,0x63,0x0C,0x63,0x0C,0x63,0x0C,0x63,0x0C,
	0x63,0x0C,0x63,0x0C,0x63,0x0C,0x63,0x0C,0x63,0x0C,0x63,0x0C,0x63,0x0C,0x63,0x0C,

	0x63,0x0C,0x63,0x0C,0x63,0x0C,0x63,0x0C,0x63,0x0C,0x63,0x0C,0x63,0x0C,0x63,0x0C,
	0x4A,0x29,0x63,0x0C,0x63,0x0C,0x63,0x0C,0x63,0x0C,0x63,0x0C,0x63,0x0C,0x63,0x0C,
	0x63,0x0C,0x63,0x0C,0x63,0x0C,0x63,0x0C,0x63,0x0C,0x63,0x0C,0x63,0x0C,0x63,0x0C,
	0x63,0x0C,0x63,0x0C,0x63,0x0C,0x63,0x0C,0x63,0x0C,0x63,0x0C,0x63,0x0C,0x63,0x0C,
	0x63,0x0C,0x63,0x0C,0x63,0x0C,0x63,0x0C,0x63,0x0C,0x63,0x0C,0x63,0x0C,0x63,0x0C,
	0x63,0x0C,0x63,0x0C,0x63,0x0C,0x63,0x0C,0x63,0x0C,0x63,0x0C,0x63,0x0C,0x63,0x0C,
	0x63,0x0C,0x63,0x0C,0x63,0x0C,0x63,0x0C,0x63,0x0C,0x63,0x0C,0x63,0x0C,0x63,0x0C,
	0x4A,0x29,0x63,0x0C,0x63,0x0C,0x63,0x0C,0x63,0x0C,0x63,0x0C,0x63,0x0C,0x63,0x0C,

	0x63,0x0C,0x63,0x0C,0x63,0x0C,0x63,0x0C,0x63,0x0C,0x63,0x0C,0x63,0x0C,0x63,0x0C,
	0x63,0x0C,0x63,0x0C,0x63,0x0C,0x63,0x0C,0x63,0x0C,0x63,0x0C,0x63,0x0C,0x63,0x0C,
	0x00,0x00,0x00,0x00,0x00,0x00,0x00,0x00,0x00,0x00,0x00,0x00,0x00,0x00,0x00,0x00,
	0x00,0x00,0x00,0x00,0x00,0x00,0x00,0x00,0x00,0x00,0x00,0x00,0x00,0x00,0x00,0x00,
	0x00,0x00,0x00,0x00,0x00,0x00,0x00,0x00,0x00,0x00,0x00,0x00,0x00,0x00,0x00,0x00,
	0x4A,0x29,0x00,0x00,0x00,0x00,0x00,0x00,0x00,0x00,0x00,0x00,0x00,0x00,0x00,0x00,
	0x00,0x00,0x00,0x00,0x00,0x00,0x00,0x00,0x00,0x00,0x00,0x00,0x00,0x00,0x00,0x00,
	0x00,0x00,0x00,0x00,0x00,0x00,0x00,0x00,0x00,0x00,0x00,0x00,0x00,0x00,0x00,0x00,

	0x00,0x00,0x00,0x00,0x00,0x00,0x00,0x00,0x00,0x00,0x00,0x00,0x00,0x00,0x00,0x00,
	0x00,0x00,0x00,0x00,0x00,0x00,0x00,0x00,0x00,0x00,0x00,0x00,0x00,0x00,0x00,0x00,
	0x00,0x00,0x00,0x00,0x00,0x00,0x00,0x00,0x00,0x00,0x00,0x00,0x00,0x00,0x00,0x00,
	0x4A,0x29,0x00,0x00,0x00,0x00,0x00,0x00,0x00,0x00,0x00,0x00,0x00,0x00,0x00,0x00,
	0x00,0x00,0x00,0x00,0x00,0x00,0x00,0x00,0x00,0x00,0x00,0x00,0x00,0x00,0x00,0x00,
	0x00,0x00,0x00,0x00,0x00,0x00,0x00,0x00,0x00,0x00,0x00,0x00,0x00,0x00,0x00,0x00,
	0x00,0x00,0x00,0x00,0x00,0x00,0x00,0x00,0x00,0x00,0x00,0x00,0x00,0x00,0x00,0x00,
	0x00,0x00,0x00,0x00,0x00,0x00,0x00,0x00,0x00,0x00,0x00,0x00,0x00,0x00,0x00,0x00,

	0x00,0x00,0x00,0x00,0x00,0x00,0x00,0x00,0x00,0x00,0x00,0x00,0x00,0x00,0x00,0x00,
	0x4A,0x29,0x00,0x00,0x00,0x00,0x00,0x00,0x00,0x00,0x00,0x00,0x00,0x00,0x00,0x00,
	0x00,0x00,0x00,0x00,0x00,0x00,0x00,0x00,0x00,0x00,0x00,0x00,0x00,0x00,0x00,0x00,
	0x00,0x00,0x00,0x00,0x00,0x00,0x00,0x00,0x00,0x00,0x00,0x00,0x00,0x00,0x00,0x00,
	0x00,0x00,0x00,0x00,0x00,0x00,0x00,0x00,0x00,0x00,0x00,0x00,0x00,0x00,0x00,0x00,
	0x00,0x00,0x00,0x00,0x00,0x00,0x00,0x00,0x00,0x00,0x00,0x00,0x00,0x00,0x00,0x00,
	0x00,0x00,0x00,0x00,0x00,0x00,0x00,0x00,0x00,0x00,0x00,0x00,0x00,0x00,0x00,0x00,
	0x4A,0x29,0x00,0x00,0x00,0x00,0x00,0x00,0x00,0x00,0x00,0x00,0x00,0x00,0x00,0x00,

	0x00,0x00,0x00,0x00,0x00,0x00,0x00,0x00,0x00,0x00,0x00,0x00,0x00,0x00,0x00,0x00,
	0x00,0x00,0x00,0x00,0x00,0x00,0x00,0x00,0x00,0x00,0x00,0x00,0x00,0x00,0x00,0x00,
	0x00,0x00,0x00,0x00,0x00,0x00,0x00,0x00,0x00,0x00,0x00,0x00,0x00,0x00,0x00,0x00,
	0x00,0x00,0x00,0x00,0x00,0x00,0x00,0x00,0x00,0x00,0x00,0x00,0x00,0x00,0x00,0x00,
	0x00,0x00,0x00,0x00,0x00,0x00,0x00,0x00,0x00,0x00,0x00,0x00,0x00,0x00,0x00,0x00,
	0x4A,0x29,0x00,0x00,0x00,0x00,0x00,0x00,0x00,0x00,0x00,0x00,0x00,0x00,0x00,0x00,
	0x00,0x00,0x00,0x00,0x00,0x00,0x00,0x00,0x00,0x00,0x00,0x00,0x00,0x00,0x00,0x00,
	0x00,0x00,0x00,0x00,0x00,0x00,0x00,0x00,0x00,0x00,0x00,0x00,0x00,0x00,0x00,0x00,

	0x63,0x0C,0x63,0x0C,0x63,0x0C,0x63,0x0C,0x63,0x0C,0x63,0x0C,0x63,0x0C,0x63,0x0C,
	0x63,0x0C,0x63,0x0C,0x63,0x0C,0x63,0x0C,0x63,0x0C,0x63,0x0C,0x63,0x0C,0x63,0x0C,
	0x63,0x0C,0x63,0x0C,0x63,0x0C,0x63,0x0C,0x63,0x0C,0x63,0x0C,0x63,0x0C,0x63,0x0C,
	0x4A,0x29,0x63,0x0C,0x63,0x0C,0x63,0x0C,0x63,0x0C,0x63,0x0C,0x63,0x0C,0x63,0x0C,
	0x63,0x0C,0x63,0x0C,0x63,0x0C,0x63,0x0C,0x63,0x0C,0x63,0x0C,0x63,0x0C,0x63,0x0C,
	0x63,0x0C,0x63,0x0C,0x63,0x0C,0x63,0x0C,0x63,0x0C,0x63,0x0C,0x63,0x0C,0x63,0x0C,
	0x63,0x0C,0x63,0x0C,0x63,0x0C,0x63,0x0C,0x63,0x0C,0x63,0x0C,0x63,0x0C,0x63,0x0C,
	0x63,0x0C,0x63,0x0C,0x63,0x0C,0x63,0x0C,0x63,0x0C,0x63,0x0C,0x63,0x0C,0x63,0x0C,

	0x63,0x0C,0x63,0x0C,0x63,0x0C,0x63,0x0C,0x63,0x0C,0x63,0x0C,0x63,0x0C,0x63,0x0C,
	0x4A,0x29,0x63,0x0C,0x63,0x0C,0x63,0x0C,0x63,0x0C,0x63,0x0C,0x63,0x0C,0x63,0x0C,
	0x63,0x0C,0x63,0x0C,0x63,0x0C,0x63,0x0C,0x63,0x0C,0x63,0x0C,0x63,0x0C,0x63,0x0C,
	0x63,0x0C,0x63,0x0C,0x63,0x0C,0x63,0x0C,0x63,0x0C,0x63,0x0C,0x63,0x0C,0x63,0x0C,
	0x63,0x0C,0x63,0x0C,0x63,0x0C,0x63,0x0C,0x63,0x0C,0x63,0x0C,0x63,0x0C,0x63,0x0C,
	0x63,0x0C,0x63,0x0C,0x63,0x0C,0x63,0x0C,0x63,0x0C,0x63,0x0C,0x63,0x0C,0x63,0x0C,
	0x63,0x0C,0x63,0x0C,0x63,0x0C,0x63,0x0C,0x63,0x0C,0x63,0x0C,0x63,0x0C,0x63,0x0C,
	0x4A,0x29,0x63,0x0C,0x63,0x0C,0x63,0x0C,0x63,0x0C,0x63,0x0C,0x63,0x0C,0x63,0x0C,

	0x63,0x0C,0x63,0x0C,0x63,0x0C,0x63,0x0C,0x63,0x0C,0x63,0x0C,0x63,0x0C,0x63,0x0C,
	0x63,0x0C,0x63,0x0C,0x63,0x0C,0x63,0x0C,0x63,0x0C,0x63,0x0C,0x63,0x0C,0x63,0x0C,
	0x63,0x0C,0x63,0x0C,0x63,0x0C,0x63,0x0C,0x63,0x0C,0x63,0x0C,0x63,0x0C,0x63,0x0C,
	0x63,0x0C,0x63,0x0C,0x63,0x0C,0x63,0x0C,0x63,0x0C,0x63,0x0C,0x63,0x0C,0x63,0x0C,
	0x63,0x0C,0x63,0x0C,0x63,0x0C,0x63,0x0C,0x63,0x0C,0x63,0x0C,0x63,0x0C,0x63,0x0C,
	0x4A,0x29,0x63,0x0C,0x63,0x0C,0x63,0x0C,0x63,0x0C,0x63,0x0C,0x63,0x0C,0x63,0x0C,
	0x63,0x0C,0x63,0x0C,0x63,0x0C,0x63,0x0C,0x63,0x0C,0x63,0x0C,0x63,0x0C,0x63,0x0C,
	0x63,0x0C,0x63,0x0C,0x63,0x0C,0x63,0x0C,0x63,0x0C,0x63,0x0C,0x63,0x0C,0x63,0x0C,

	0x63,0x0C,0x63,0x0C,0x63,0x0C,0x63,0x0C,0x63,0x0C,0x63,0x0C,0x63,0x0C,0x63,0x0C,
	0x63,0x0C,0x63,0x0C,0x63,0x0C,0x63,0x0C,0x63,0x0C,0x63,0x0C,0x63,0x0C,0x63,0x0C,
	0x63,0x0C,0x63,0x0C,0x63,0x0C,0x63,0x0C,0x63,0x0C,0x63,0x0C,0x63,0x0C,0x63,0x0C,
	0x4A,0x29,0x63,0x0C,0x63,0x0C,0x63,0x0C,0x63,0x0C,0x63,0x0C,0x63,0x0C,0x63,0x0C,
	0x63,0x0C,0x63,0x0C,0x63,0x0C,0x63,0x0C,0x63,0x0C,0x63,0x0C,0x63,0x0C,0x63,0x0C,
	0x63,0x0C,0x63,0x0C,0x63,0x0C,0x63,0x0C,0x63,0x0C,0x63,0x0C,0x63,0x0C,0x63,0x0C,
	0x00,0x00,0x00,0x00,0x00,0x00,0x00,0x00,0x00,0x00,0x00,0x00,0x00,0x00,0x00,0x00,
	0x00,0x00,0x00,0x00,0x00,0x00,0x00,0x00,0x00,0x00,0x00,0x00,0x00,0x00,0x00,0x00,

	0x00,0x00,0x00,0x00,0x00,0x00,0x00,0x00,0x00,0x00,0x00,0x00,0x00,0x00,0x00,0x00,
	0x4A,0x29,0x00,0x00,0x00,0x00,0x00,0x00,0x00,0x00,0x00,0x00,0x00,0x00,0x00,0x00,
	0x00,0x00,0x00,0x00,0x00,0x00,0x00,0x00,0x00,0x00,0x00,0x00,0x00,0x00,0x00,0x00,
	0x00,0x00,0x00,0x00,0x00,0x00,0x00,0x00,0x00,0x00,0x00,0x00,0x00,0x00,0x00,0x00,
	0x00,0x00,0x00,0x00,0x00,0x00,0x00,0x00,0x00,0x00,0x00,0x00,0x00,0x00,0x00,0x00,
	0x00,0x00,0x00,0x00,0x00,0x00,0x00,0x00,0x00,0x00,0x00,0x00,0x00,0x00,0x00,0x00,
	0x00,0x00,0x00,0x00,0x00,0x00,0x00,0x00,0x00,0x00,0x00,0x00,0x00,0x00,0x00,0x00,
	0x4A,0x29,0x00,0x00,0x00,0x00,0x00,0x00,0x00,0x00,0x00,0x00,0x00,0x00,0x00,0x00,

	0x00,0x00,0x00,0x00,0x00,0x00,0x00,0x00,0x00,0x00,0x00,0x00,0x00,0x00,0x00,0x00,
	0x00,0x00,0x00,0x00,0x00,0x00,0x00,0x00,0x00,0x00,0x00,0x00,0x00,0x00,0x00,0x00,
	0x00,0x00,0x00,0x00,0x00,0x00,0x00,0x00,0x00,0x00,0x00,0x00,0x00,0x00,0x00,0x00,
	0x00,0x00,0x00,0x00,0x00,0x00,0x00,0x00,0x00,0x00,0x00,0x00,0x00,0x00,0x00,0x00,
	0x00,0x00,0x00,0x00,0x00,0x00,0x00,0x00,0x00,0x00,0x00,0x00,0x00,0x00,0x00,0x00,
	0x4A,0x29,0x00,0x00,0x00,0x00,0x00,0x00,0x00,0x00,0x00,0x00,0x00,0x00,0x00,0x00,
	0x00,0x00,0x00,0x00,0x00,0x00,0x00,0x00,0x00,0x00,0x00,0x00,0x00,0x00,0x00,0x00,
	0x00,0x00,0x00,0x00,0x00,0x00,0x00,0x00,0x00,0x00,0x00,0x00,0x00,0x00,0x00,0x00,

	0x00,0x00,0x00,0x00,0x00,0x00,0x00,0x00,0x00,0x00,0x00,0x00,0x00,0x00,0x00,0x00,
	0x00,0x00,0x00,0x00,0x00,0x00,0x00,0x00,0x00,0x00,0x00,0x00,0x00,0x00,0x00,0x00,
	0x00,0x00,0x00,0x00,0x00,0x00,0x00,0x00,0x00,0x00,0x00,0x00,0x00,0x00,0x00,0x00,
	0x4A,0x29,0x00,0x00,0x00,0x00,0x00,0x00,0x00,0x00,0x00,0x00,0x00,0x00,0x00,0x00,
	0x00,0x00,0x00,0x00,0x00,0x00,0x00,0x00,0x00,0x00,0x00,0x00,0x00,0x00,0x00,0x00,
	0x00,0x00,0x00,0x00,0x00,0x00,0x00,0x00,0x00,0x00,0x00,0x00,0x00,0x00,0x00,0x00,
	0x00,0x00,0x00,0x00,0x00,0x00,0x00,0x00,0x00,0x00,0x00,0x00,0x00,0x00,0x00,0x00,
	0x00,0x00,0x00,0x00,0x00,0x00,0x00,0x00,0x00,0x00,0x00,0x00,0x00,0x00,0x00,0x00,

	0x00,0x00,0x00,0x00,0x00,0x00,0x00,0x00,0x00,0x00,0x00,0x00,0x00,0x00,0x00,0x00,
	0x4A,0x29,0x00,0x00,0x00,0x00,0x00,0x00,0x00,0x00,0x00,0x00,0x00,0x00,0x00,0x00,
	0x00,0x00,0x00,0x00,0x00,0x00,0x00,0x00,0x00,0x00,0x00,0x00,0x00,0x00,0x00,0x00,
	0x00,0x00,0x00,0x00,0x00,0x00,0x00,0x00,0x00,0x00,0x00,0x00,0x00,0x00,0x00,0x00,
	0x63,0x0C,0x63,0x0C,0x63,0x0C,0x63,0x0C,0x63,0x0C,0x63,0x0C,0x63,0x0C,0x63,0x0C,
	0x63,0x0C,0x63,0x0C,0x63,0x0C,0x63,0x0C,0x63,0x0C,0x63,0x0C,0x63,0x0C,0x63,0x0C,
	0x63,0x0C,0x63,0x0C,0x63,0x0C,0x63,0x0C,0x63,0x0C,0x63,0x0C,0x63,0x0C,0x63,0x0C,
	0x4A,0x29,0x63,0x0C,0x63,0x0C,0x63,0x0C,0x63,0x0C,0x63,0x0C,0x63,0x0C,0x63,0x0C,

	0x63,0x0C,0x63,0x0C,0x63,0x0C,0x63,0x0C,0x63,0x0C,0x63,0x0C,0x63,0x0C,0x63,0x0C,
	0x63,0x0C,0x63,0x0C,0x63,0x0C,0x63,0x0C,0x63,0x0C,0x63,0x0C,0x63,0x0C,0x63,0x0C,
	0x63,0x0C,0x63,0x0C,0x63,0x0C,0x63,0x0C,0x63,0x0C,0x63,0x0C,0x63,0x0C,0x63,0x0C,
	0x63,0x0C,0x63,0x0C,0x63,0x0C,0x63,0x0C,0x63,0x0C,0x63,0x0C,0x63,0x0C,0x63,0x0C,
	0x63,0x0C,0x63,0x0C,0x63,0x0C,0x63,0x0C,0x63,0x0C,0x63,0x0C,0x63,0x0C,0x63,0x0C,
	0x4A,0x29,0x63,0x0C,0x63,0x0C,0x63,0x0C,0x63,0x0C,0x63,0x0C,0x63,0x0C,0x63,0x0C,
	0x63,0x0C,0x63,0x0C,0x63,0x0C,0x63,0x0C,0x63,0x0C,0x63,0x0C,0x63,0x0C,0x63,0x0C,
	0x63,0x0C,0x63,0x0C,0x63,0x0C,0x63,0x0C,0x63,0x0C,0x63,0x0C,0x63,0x0C,0x63,0x0C,

	0x63,0x0C,0x63,0x0C,0x63,0x0C,0x63,0x0C,0x63,0x0C,0x63,0x0C,0x63,0x0C,0x63,0x0C,
	0x63,0x0C,0x63,0x0C,0x63,0x0C,0x63,0x0C,0x63,0x0C,0x63,0x0C,0x63,0x0C,0x63,0x0C,
	0x63,0x0C,0x63,0x0C,0x63,0x0C,0x63,0x0C,0x63,0x0C,0x63,0x0C,0x63,0x0C,0x63,0x0C,
	0x4A,0x29,0x63,0x0C,0x63,0x0C,0x63,0x0C,0x63,0x0C,0x63,0x0C,0x63,0x0C,0x63,0x0C,
	0x63,0x0C,0x63,0x0C,0x63,0x0C,0x63,0x0C,0x63,0x0C,0x63,0x0C,0x63,0x0C,0x63,0x0C,
	0x63,0x0C,0x63,0x0C,0x63,0x0C,0x63,0x0C,0x63,0x0C,0x63,0x0C,0x63,0x0C,0x63,0x0C,
	0x63,0x0C,0x63,0x0C,0x63,0x0C,0x63,0x0C,0x63,0x0C,0x63,0x0C,0x63,0x0C,0x63,0x0C,
	0x63,0x0C,0x63,0x0C,0x63,0x0C,0x63,0x0C,0x63,0x0C,0x63,0x0C,0x63,0x0C,0x63,0x0C,

	0x63,0x0C,0x63,0x0C,0x63,0x0C,0x63,0x0C,0x63,0x0C,0x63,0x0C,0x63,0x0C,0x63,0x0C,
	0x4A,0x29,0x63,0x0C,0x63,0x0C,0x63,0x0C,0x63,0x0C,0x63,0x0C,0x63,0x0C,0x63,0x0C,
	0x63,0x0C,0x63,0x0C,0x63,0x0C,0x63,0x0C,0x63,0x0C,0x63,0x0C,0x63,0x0C,0x63,0x0C,
	0x63,0x0C,0x63,0x0C,0x63,0x0C,0x63,0x0C,0x63,0x0C,0x63,0x0C,0x63,0x0C,0x63,0x0C,
	0x63,0x0C,0x63,0x0C,0x63,0x0C,0x63,0x0C,0x63,0x0C,0x63,0x0C,0x63,0x0C,0x63,0x0C,
	0x63,0x0C,0x63,0x0C,0x63,0x0C,0x63,0x0C,0x63,0x0C,0x63,0x0C,0x63,0x0C,0x63,0x0C,
	0x63,0x0C,0x63,0x0C,0x63,0x0C,0x63,0x0C,0x63,0x0C,0x63,0x0C,0x63,0x0C,0x63,0x0C,
	0x4A,0x29,0x63,0x0C,0x63,0x0C,0x63,0x0C,0x63,0x0C,0x63,0x0C,0x63,0x0C,0x63,0x0C,

	0x63,0x0C,0x63,0x0C,0x63,0x0C,0x63,0x0C,0x63,0x0C,0x63,0x0C,0x63,0x0C,0x63,0x0C,
	0x63,0x0C,0x63,0x0C,0x63,0x0C,0x63,0x0C,0x63,0x0C,0x63,0x0C,0x63,0x0C,0x63,0x0C,
	0x00,0x00,0x00,0x00,0x00,0x00,0x00,0x00,0x00,0x00,0x00,0x00,0x00,0x00,0x00,0x00,
	0x00,0x00,0x00,0x00,0x00,0x00,0x00,0x00,0x00,0x00,0x00,0x00,0x00,0x00,0x00,0x00,
	0x00,0x00,0x00,0x00,0x00,0x00,0x00,0x00,0x00,0x00,0x00,0x00,0x00,0x00,0x00,0x00,
	0x4A,0x29,0x00,0x00,0x00,0x00,0x00,0x00,0x00,0x00,0x00,0x00,0x00,0x00,0x00,0x00,
	0x00,0x00,0x00,0x00,0x00,0x00,0x00,0x00,0x00,0x00,0x00,0x00,0x00,0x00,0x00,0x00,
	0x00,0x00,0x00,0x00,0x00,0x00,0x00,0x00,0x00,0x00,0x00,0x00,0x00,0x00,0x00,0x00,

	0x00,0x00,0x00,0x00,0x00,0x00,0x00,0x00,0x00,0x00,0x00,0x00,0x00,0x00,0x00,0x00,
	0x00,0x00,0x00,0x00,0x00,0x00,0x00,0x00,0x00,0x00,0x00,0x00,0x00,0x00,0x00,0x00,
	0x00,0x00,0x00,0x00,0x00,0x00,0x00,0x00,0x00,0x00,0x00,0x00,0x00,0x00,0x00,0x00,
	0x4A,0x29,0x00,0x00,0x00,0x00,0x00,0x00,0x00,0x00,0x00,0x00,0x00,0x00,0x00,0x00,
	0x00,0x00,0x00,0x00,0x00,0x00,0x00,0x00,0x00,0x00,0x00,0x00,0x00,0x00,0x00,0x00,
	0x00,0x00,0x00,0x00,0x00,0x00,0x00,0x00,0x00,0x00,0x00,0x00,0x00,0x00,0x00,0x00,
	0x00,0x00,0x00,0x00,0x00,0x00,0x00,0x00,0x00,0x00,0x00,0x00,0x00,0x00,0x00,0x00,
	0x00,0x00,0x00,0x00,0x00,0x00,0x00,0x00,0x00,0x00,0x00,0x00,0x00,0x00,0x00,0x00,

	0x00,0x00,0x00,0x00,0x00,0x00,0x00,0x00,0x00,0x00,0x00,0x00,0x00,0x00,0x00,0x00,
	0x4A,0x29,0x00,0x00,0x00,0x00,0x00,0x00,0x00,0x00,0x00,0x00,0x00,0x00,0x00,0x00,
	0x00,0x00,0x00,0x00,0x00,0x00,0x00,0x00,0x00,0x00,0x00,0x00,0x00,0x00,0x00,0x00,
	0x00,0x00,0x00,0x00,0x00,0x00,0x00,0x00,0x00,0x00,0x00,0x00,0x00,0x00,0x00,0x00,
	0x00,0x00,0x00,0x00,0x00,0x00,0x00,0x00,0x00,0x00,0x00,0x00,0x00,0x00,0x00,0x00,
	0x00,0x00,0x00,0x00,0x00,0x00,0x00,0x00,0x00,0x00,0x00,0x00,0x00,0x00,0x00,0x00,
	0x00,0x00,0x00,0x00,0x00,0x00,0x00,0x00,0x00,0x00,0x00,0x00,0x00,0x00,0x00,0x00,
	0x4A,0x29,0x00,0x00,0x00,0x00,0x00,0x00,0x00,0x00,0x00,0x00,0x00,0x00,0x00,0x00,

	0x00,0x00,0x00,0x00,0x00,0x00,0x00,0x00,0x00,0x00,0x00,0x00,0x00,0x00,0x00,0x00,
	0x00,0x00,0x00,0x00,0x00,0x00,0x00,0x00,0x00,0x00,0x00,0x00,0x00,0x00,0x00,0x00,
	0x00,0x00,0x00,0x00,0x00,0x00,0x00,0x00,0x00,0x00,0x00,0x00,0x00,0x00,0x00,0x00,
	0x00,0x00,0x00,0x00,0x00,0x00,0x00,0x00,0x00,0x00,0x00,0x00,0x00,0x00,0x00,0x00,
	0x00,0x00,0x00,0x00,0x00,0x00,0x00,0x00,0x00,0x00,0x00,0x00,0x00,0x00,0x00,0x00,
	0x4A,0x29,0x00,0x00,0x00,0x00,0x00,0x00,0x00,0x00,0x00,0x00,0x00,0x00,0x00,0x00,
	0x00,0x00,0x00,0x00,0x00,0x00,0x00,0x00,0x00,0x00,0x00,0x00,0x00,0x00,0x00,0x00,
	0x00,0x00,0x00,0x00,0x00,0x00,0x00,0x00,0x00,0x00,0x00,0x00,0x00,0x00,0x00,0x00,

	0x63,0x0C,0x63,0x0C,0x63,0x0C,0x63,0x0C,0x63,0x0C,0x63,0x0C,0x63,0x0C,0x63,0x0C,
	0x63,0x0C,0x63,0x0C,0x63,0x0C,0x63,0x0C,0x63,0x0C,0x63,0x0C,0x63,0x0C,0x63,0x0C,
	0x63,0x0C,0x63,0x0C,0x63,0x0C,0x63,0x0C,0x63,0x0C,0x63,0x0C,0x63,0x0C,0x63,0x0C,
	0x4A,0x29,0x63,0x0C,0x63,0x0C,0x63,0x0C,0x63,0x0C,0x63,0x0C,0x63,0x0C,0x63,0x0C,
	0x63,0x0C,0x63,0x0C,0x63,0x0C,0x63,0x0C,0x63,0x0C,0x63,0x0C,0x63,0x0C,0x63,0x0C,
	0x63,0x0C,0x63,0x0C,0x63,0x0C,0x63,0x0C,0x63,0x0C,0x63,0x0C,0x63,0x0C,0x63,0x0C,
	0x63,0x0C,0x63,0x0C,0x63,0x0C,0x63,0x0C,0x63,0x0C,0x63,0x0C,0x63,0x0C,0x63,0x0C,
	0x63,0x0C,0x63,0x0C,0x63,0x0C,0x63,0x0C,0x63,0x0C,0x63,0x0C,0x63,0x0C,0x63,0x0C,

	0x63,0x0C,0x63,0x0C,0x63,0x0C,0x63,0x0C,0x63,0x0C,0x63,0x0C,0x63,0x0C,0x63,0x0C,
	0x4A,0x29,0x63,0x0C,0x63,0x0C,0x63,0x0C,0x63,0x0C,0x63,0x0C,0x63,0x0C,0x63,0x0C,
	0x63,0x0C,0x63,0x0C,0x63,0x0C,0x63,0x0C,0x63,0x0C,0x63,0x0C,0x63,0x0C,0x63,0x0C,
	0x63,0x0C,0x63,0x0C,0x63,0x0C,0x63,0x0C,0x63,0x0C,0x63,0x0C,0x63,0x0C,0x63,0x0C,
	0x63,0x0C,0x63,0x0C,0x63,0x0C,0x63,0x0C,0x63,0x0C,0x63,0x0C,0x63,0x0C,0x63,0x0C,
	0x63,0x0C,0x63,0x0C,0x63,0x0C,0x63,0x0C,0x63,0x0C,0x63,0x0C,0x63,0x0C,0x63,0x0C,
	0x63,0x0C,0x63,0x0C,0x63,0x0C,0x63,0x0C,0x63,0x0C,0x63,0x0C,0x63,0x0C,0x63,0x0C,
	0x4A,0x29,0x63,0x0C,0x63,0x0C,0x63,0x0C,0x63,0x0C,0x63,0x0C,0x63,0x0C,0x63,0x0C,

	0x63,0x0C,0x63,0x0C,0x63,0x0C,0x63,0x0C,0x63,0x0C,0x63,0x0C,0x63,0x0C,0x63,0x0C,
	0x63,0x0C,0x63,0x0C,0x63,0x0C,0x63,0x0C,0x63,0x0C,0x63,0x0C,0x63,0x0C,0x63,0x0C,
	0x63,0x0C,0x63,0x0C,0x63,0x0C,0x63,0x0C,0x63,0x0C,0x63,0x0C,0x63,0x0C,0x63,0x0C,
	0x63,0x0C,0x63,0x0C,0x63,0x0C,0x63,0x0C,0x63,0x0C,0x63,0x0C,0x63,0x0C,0x63,0x0C,
	0x63,0x0C,0x63,0x0C,0x63,0x0C,0x63,0x0C,0x63,0x0C,0x63,0x0C,0x63,0x0C,0x63,0x0C,
	0x4A,0x29,0x63,0x0C,0x63,0x0C,0x63,0x0C,0x63,0x0C,0x63,0x0C,0x63,0x0C,0x63,0x0C,
	0x63,0x0C,0x63,0x0C,0x63,0x0C,0x63,0x0C,0x63,0x0C,0x63,0x0C,0x63,0x0C,0x63,0x0C,
	0x63,0x0C,0x63,0x0C,0x63,0x0C,0x63,0x0C,0x63,0x0C,0x63,0x0C,0x63,0x0C,0x63,0x0C,

	0x63,0x0C,0x63,0x0C,0x63,0x0C,0x63,0x0C,0x63,0x0C,0x63,0x0C,0x63,0x0C,0x63,0x0C,
	0x63,0x0C,0x63,0x0C,0x63,0x0C,0x63,0x0C,0x63,0x0C,0x63,0x0C,0x63,0x0C,0x63,0x0C,
	0x63,0x0C,0x63,0x0C,0x63,0x0C,0x63,0x0C,0x63,0x0C,0x63,0x0C,0x63,0x0C,0x63,0x0C,
	0x4A,0x29,0x63,0x0C,0x63,0x0C,0x63,0x0C,0x63,0x0C,0x63,0x0C,0x63,0x0C,0x63,0x0C,
	0x63,0x0C,0x63,0x0C,0x63,0x0C,0x63,0x0C,0x63,0x0C,0x63,0x0C,0x63,0x0C,0x63,0x0C,
	0x63,0x0C,0x63,0x0C,0x63,0x0C,0x63,0x0C,0x63,0x0C,0x63,0x0C,0x63,0x0C,0x63,0x0C,
	0x00,0x00,0x00,0x00,0x00,0x00,0x00,0x00,0x00,0x00,0x00,0x00,0x00,0x00,0x00,0x00,
	0x00,0x00,0x00,0x00,0x00,0x00,0x00,0x00,0x00,0x00,0x00,0x00,0x00,0x00,0x00,0x00,

	0x00,0x00,0x00,0x00,0x00,0x00,0x00,0x00,0x00,0x00,0x00,0x00,0x00,0x00,0x00,0x00,
	0x4A,0x29,0x00,0x00,0x00,0x00,0x00,0x00,0x00,0x00,0x00,0x00,0x00,0x00,0x00,0x00,
	0x00,0x00,0x00,0x00,0x00,0x00,0x00,0x00,0x00,0x00,0x00,0x00,0x00,0x00,0x00,0x00,
	0x00,0x00,0x00,0x00,0x00,0x00,0x00,0x00,0x00,0x00,0x00,0x00,0x00,0x00,0x00,0x00,
	0x00,0x00,0x00,0x00,0x00,0x00,0x00,0x00,0x00,0x00,0x00,0x00,0x00,0x00,0x00,0x00,
	0x00,0x00,0x00,0x00,0x00,0x00,0x00,0x00,0x00,0x00,0x00,0x00,0x00,0x00,0x00,0x00,
	0x00,0x00,0x00,0x00,0x00,0x00,0x00,0x00,0x00,0x00,0x00,0x00,0x00,0x00,0x00,0x00,
	0x4A,0x29,0x00,0x00,0x00,0x00,0x00,0x00,0x00,0x00,0x00,0x00,0x00,0x00,0x00,0x00,

	0x00,0x00,0x00,0x00,0x00,0x00,0x00,0x00,0x00,0x00,0x00,0x00,0x00,0x00,0x00,0x00,
	0x00,0x00,0x00,0x00,0x00,0x00,0x00,0x00,0x00,0x00,0x00,0x00,0x00,0x00,0x00,0x00,
	0x00,0x00,0x00,0x00,0x00,0x00,0x00,0x00,0x00,0x00,0x00,0x00,0x00,0x00,0x00,0x00,
	0x00,0x00,0x00,0x00,0x00,0x00,0x00,0x00,0x00,0x00,0x00,0x00,0x00,0x00,0x00,0x00,
	0x00,0x00,0x00,0x00,0x00,0x00,0x00,0x00,0x00,0x00,0x00,0x00,0x00,0x00,0x00,0x00,
	0x4A,0x29,0x00,0x00,0x00,0x00,0x00,0x00,0x00,0x00,0x00,0x00,0x00,0x00,0x00,0x00,
	0x00,0x00,0x00,0x00,0x00,0x00,0x00,0x00,0x00,0x00,0x00,0x00,0x00,0x00,0x00,0x00,
	0x00,0x00,0x00,0x00,0x00,0x00,0x00,0x00,0x00,0x00,0x00,0x00,0x00,0x00,0x00,0x00,

	0x00,0x00,0x00,0x00,0x00,0x00,0x00,0x00,0x00,0x00,0x00,0x00,0x00,0x00,0x00,0x00,
	0x00,0x00,0x00,0x00,0x00,0x00,0x00,0x00,0x00,0x00,0x00,0x00,0x00,0x00,0x00,0x00,
	0x00,0x00,0x00,0x00,0x00,0x00,0x00,0x00,0x00,0x00,0x00,0x00,0x00,0x00,0x00,0x00,
	0x4A,0x29,0x00,0x00,0x00,0x00,0x00,0x00,0x00,0x00,0x00,0x00,0x00,0x00,0x00,0x00,
	0x00,0x00,0x00,0x00,0x00,0x00,0x00,0x00,0x00,0x00,0x00,0x00,0x00,0x00,0x00,0x00,
	0x00,0x00,0x00,0x00,0x00,0x00,0x00,0x00,0x00,0x00,0x00,0x00,0x00,0x00,0x00,0x00,
	0x00,0x00,0x00,0x00,0x00,0x00,0x00,0x00,0x00,0x00,0x00,0x00,0x00,0x00,0x00,0x00,
	0x00,0x00,0x00,0x00,0x00,0x00,0x00,0x00,0x00,0x00,0x00,0x00,0x00,0x00,0x00,0x00,

	0x00,0x00,0x00,0x00,0x00,0x00,0x00,0x00,0x00,0x00,0x00,0x00,0x00,0x00,0x00,0x00,
	0x4A,0x29,0x00,0x00,0x00,0x00,0x00,0x00,0x00,0x00,0x00,0x00,0x00,0x00,0x00,0x00,
	0x00,0x00,0x00,0x00,0x00,0x00,0x00,0x00,0x00,0x00,0x00,0x00,0x00,0x00,0x00,0x00,
	0x00,0x00,0x00,0x00,0x00,0x00,0x00,0x00,0x00,0x00,0x00,0x00,0x00,0x00,0x00,0x00,
	0x63,0x0C,0x63,0x0C,0x63,0x0C,0x63,0x0C,0x63,0x0C,0x63,0x0C,0x63,0x0C,0x63,0x0C,
	0x63,0x0C,0x63,0x0C,0x63,0x0C,0x63,0x0C,0x63,0x0C,0x63,0x0C,0x63,0x0C,0x63,0x0C,
	0x63,0x0C,0x63,0x0C,0x63,0x0C,0x63,0x0C,0x63,0x0C,0x63,0x0C,0x63,0x0C,0x63,0x0C,
	0x4A,0x29,0x63,0x0C,0x63,0x0C,0x63,0x0C,0x63,0x0C,0x63,0x0C,0x63,0x0C,0x63,0x0C,

	0x63,0x0C,0x63,0x0C,0x63,0x0C,0x63,0x0C,0x63,0x0C,0x63,0x0C,0x63,0x0C,0x63,0x0C,
	0x63,0x0C,0x63,0x0C,0x63,0x0C,0x63,0x0C,0x63,0x0C,0x63,0x0C,0x63,0x0C,0x63,0x0C,
	0x63,0x0C,0x63,0x0C,0x63,0x0C,0x63,0x0C,0x63,0x0C,0x63,0x0C,0x63,0x0C,0x63,0x0C,
	0x63,0x0C,0x63,0x0C,0x63,0x0C,0x63,0x0C,0x63,0x0C,0x63,0x0C,0x63,0x0C,0x63,0x0C,
	0x63,0x0C,0x63,0x0C,0x63,0x0C,0x63,0x0C,0x63,0x0C,0x63,0x0C,0x63,0x0C,0x63,0x0C,
	0x4A,0x29,0x63,0x0C,0x63,0x0C,0x63,0x0C,0x63,0x0C,0x63,0x0C,0x63,0x0C,0x63,0x0C,
	0x63,0x0C,0x63,0x0C,0x63,0x0C,0x63,0x0C,0x63,0x0C,0x63,0x0C,0x63,0x0C,0x63,0x0C,
	0x63,0x0C,0x63,0x0C,0x63,0x0C,0x63,0x0C,0x63,0x0C,0x63,0x0C,0x63,0x0C,0x63,0x0C,

	0x63,0x0C,0x63,0x0C,0x63,0x0C,0x63,0x0C,0x63,0x0C,0x63,0x0C,0x63,0x0C,0x63,0x0C,
	0x63,0x0C,0x63,0x0C,0x63,0x0C,0x63,0x0C,0x63,0x0C,0x63,0x0C,0x63,0x0C,0x63,0x0C,
	0x63,0x0C,0x63,0x0C,0x63,0x0C,0x63,0x0C,0x63,0x0C,0x63,0x0C,0x63,0x0C,0x63,0x0C,
	0x4A,0x29,0x63,0x0C,0x63,0x0C,0x63,0x0C,0x63,0x0C,0x63,0x0C,0x63,0x0C,0x63,0x0C,
	0x63,0x0C,0x63,0x0C,0x63,0x0C,0x63,0x0C,0x63,0x0C,0x63,0x0C,0x63,0x0C,0x63,0x0C,
	0x63,0x0C,0x63,0x0C,0x63,0x0C,0x63,0x0C,0x63,0x0C,0x63,0x0C,0x63,0x0C,0x63,0x0C,
	0x63,0x0C,0x63,0x0C,0x63,0x0C,0x63,0x0C,0x63,0x0C,0x63,0x0C,0x63,0x0C,0x63,0x0C,
	0x63,0x0C,0x63,0x0C,0x63,0x0C,0x63,0x0C,0x63,0x0C,0x63,0x0C,0x63,0x0C,0x63,0x0C,

	0x63,0x0C,0x63,0x0C,0x63,0x0C,0x63,0x0C,0x63,0x0C,0x63,0x0C,0x63,0x0C,0x63,0x0C,
	0x4A,0x29,0x63,0x0C,0x63,0x0C,0x63,0x0C,0x63,0x0C,0x63,0x0C,0x63,0x0C,0x63,0x0C,
	0x63,0x0C,0x63,0x0C,0x63,0x0C,0x63,0x0C,0x63,0x0C,0x63,0x0C,0x63,0x0C,0x63,0x0C,
	0x63,0x0C,0x63,0x0C,0x63,0x0C,0x63,0x0C,0x63,0x0C,0x63,0x0C,0x63,0x0C,0x63,0x0C,
	0x63,0x0C,0x63,0x0C,0x63,0x0C,0x63,0x0C,0x63,0x0C,0x63,0x0C,0x63,0x0C,0x63,0x0C,
	0x63,0x0C,0x63,0x0C,0x63,0x0C,0x63,0x0C,0x63,0x0C,0x63,0x0C,0x63,0x0C,0x63,0x0C,
	0x63,0x0C,0x63,0x0C,0x63,0x0C,0x63,0x0C,0x63,0x0C,0x63,0x0C,0x63,0x0C,0x63,0x0C,
	0x4A,0x29,0x63,0x0C,0x63,0x0C,0x63,0x0C,0x63,0x0C,0x63,0x0C,0x63,0x0C,0x63,0x0C,

	0x63,0x0C,0x63,0x0C,0x63,0x0C,0x63,0x0C,0x63,0x0C,0x63,0x0C,0x63,0x0C,0x63,0x0C,
	0x63,0x0C,0x63,0x0C,0x63,0x0C,0x63,0x0C,0x63,0x0C,0x63,0x0C,0x63,0x0C,0x63,0x0C,
	0x00,0x00,0x00,0x00,0x00,0x00,0x00,0x00,0x00,0x00,0x00,0x00,0x00,0x00,0x00,0x00,
	0x00,0x00,0x00,0x00,0x00,0x00,0x00,0x00,0x00,0x00,0x00,0x00,0x00,0x00,0x00,0x00,
	0x00,0x00,0x00,0x00,0x00,0x00,0x00,0x00,0x00,0x00,0x00,0x00,0x00,0x00,0x00,0x00,
	0x4A,0x29,0x00,0x00,0x00,0x00,0x00,0x00,0x00,0x00,0x00,0x00,0x00,0x00,0x00,0x00,
	0x00,0x00,0x00,0x00,0x00,0x00,0x00,0x00,0x00,0x00,0x00,0x00,0x00,0x00,0x00,0x00,
	0x00,0x00,0x00,0x00,0x00,0x00,0x00,0x00,0x00,0x00,0x00,0x00,0x00,0x00,0x00,0x00,

	0x00,0x00,0x00,0x00,0x00,0x00,0x00,0x00,0x00,0x00,0x00,0x00,0x00,0x00,0x00,0x00,
	0x00,0x00,0x00,0x00,0x00,0x00,0x00,0x00,0x00,0x00,0x00,0x00,0x00,0x00,0x00,0x00,
	0x00,0x00,0x00,0x00,0x00,0x00,0x00,0x00,0x00,0x00,0x00,0x00,0x00,0x00,0x00,0x00,
	0x4A,0x29,0x00,0x00,0x00,0x00,0x00,0x00,0x00,0x00,0x00,0x00,0x00,0x00,0x00,0x00,
	0x00,0x00,0x00,0x00,0x00,0x00,0x00,0x00,0x00,0x00,0x00,0x00,0x00,0x00,0x00,0x00,
	0x00,0x00,0x00,0x00,0x00,0x00,0x00,0x00,0x00,0x00,0x00,0x00,0x00,0x00,0x00,0x00,
	0x00,0x00,0x00,0x00,0x00,0x00,0x00,0x00,0x00,0x00,0x00,0x00,0x00,0x00,0x00,0x00,
	0x00,0x00,0x00,0x00,0x00,0x00,0x00,0x00,0x00,0x00,0x00,0x00,0x00,0x00,0x00,0x00,

	0x00,0x00,0x00,0x00,0x00,0x00,0x00,0x00,0x00,0x00,0x00,0x00,0x00,0x00,0x00,0x00,
	0x4A,0x29,0x00,0x00,0x00,0x00,0x00,0x00,0x00,0x00,0x00,0x00,0x00,0x00,0x00,0x00,
	0x00,0x00,0x00,0x00,0x00,0x00,0x00,0x00,0x00,0x00,0x00,0x00,0x00,0x00,0x00,0x00,
	0x00,0x00,0x00,0x00,0x00,0x00,0x00,0x00,0x00,0x00,0x00,0x00,0x00,0x00,0x00,0x00,
	0x00,0x00,0x00,0x00,0x00,0x00,0x00,0x00,0x00,0x00,0x00,0x00,0x00,0x00,0x00,0x00,
	0x00,0x00,0x00,0x00,0x00,0x00,0x00,0x00,0x00,0x00,0x00,0x00,0x00,0x00,0x00,0x00,
	0x00,0x00,0x00,0x00,0x00,0x00,0x00,0x00,0x00,0x00,0x00,0x00,0x00,0x00,0x00,0x00,
	0x4A,0x29,0x00,0x00,0x00,0x00,0x00,0x00,0x00,0x00,0x00,0x00,0x00,0x00,0x00,0x00,

	0x00,0x00,0x00,0x00,0x00,0x00,0x00,0x00,0x00,0x00,0x00,0x00,0x00,0x00,0x00,0x00,
	0x00,0x00,0x00,0x00,0x00,0x00,0x00,0x00,0x00,0x00,0x00,0x00,0x00,0x00,0x00,0x00,
	0x00,0x00,0x00,0x00,0x00,0x00,0x00,0x00,0x00,0x00,0x00,0x00,0x00,0x00,0x00,0x00,
	0x00,0x00,0x00,0x00,0x00,0x00,0x00,0x00,0x00,0x00,0x00,0x00,0x00,0x00,0x00,0x00,
	0x00,0x00,0x00,0x00,0x00,0x00,0x00,0x00,0x00,0x00,0x00,0x00,0x00,0x00,0x00,0x00,
	0x4A,0x29,0x00,0x00,0x00,0x00,0x00,0x00,0x00,0x00,0x00,0x00,0x00,0x00,0x00,0x00,
	0x00,0x00,0x00,0x00,0x00,0x00,0x00,0x00,0x00,0x00,0x00,0x00,0x00,0x00,0x00,0x00,
	0x00,0x00,0x00,0x00,0x00,0x00,0x00,0x00,0x00,0x00,0x00,0x00,0x00,0x00,0x00,0x00,

	0x63,0x0C,0x63,0x0C,0x63,0x0C,0x63,0x0C,0x63,0x0C,0x63,0x0C,0x63,0x0C,0x63,0x0C,
	0x63,0x0C,0x63,0x0C,0x63,0x0C,0x63,0x0C,0x63,0x0C,0x63,0x0C,0x63,0x0C,0x63,0x0C,
	0x63,0x0C,0x63,0x0C,0x63,0x0C,0x63,0x0C,0x63,0x0C,0x63,0x0C,0x63,0x0C,0x63,0x0C,
	0x4A,0x29,0x63,0x0C,0x63,0x0C,0x63,0x0C,0x63,0x0C,0x63,0x0C,0x63,0x0C,0x63,0x0C,
	0x63,0x0C,0x63,0x0C,0x63,0x0C,0x63,0x0C,0x63,0x0C,0x63,0x0C,0x63,0x0C,0x63,0x0C,
	0x63,0x0C,0x63,0x0C,0x63,0x0C,0x63,0x0C,0x63,0x0C,0x63,0x0C,0x63,0x0C,0x63,0x0C,
	0x63,0x0C,0x63,0x0C,0x63,0x0C,0x63,0x0C,0x63,0x0C,0x63,0x0C,0x63,0x0C,0x63,0x0C,
	0x63,0x0C,0x63,0x0C,0x63,0x0C,0x63,0x0C,0x63,0x0C,0x63,0x0C,0x63,0x0C,0x63,0x0C,

	0x63,0x0C,0x63,0x0C,0x63,0x0C,0x63,0x0C,0x63,0x0C,0x63,0x0C,0x63,0x0C,0x63,0x0C,
	0x4A,0x29,0x63,0x0C,0x63,0x0C,0x63,0x0C,0x63,0x0C,0x63,0x0C,0x63,0x0C,0x63,0x0C,
	0x63,0x0C,0x63,0x0C,0x63,0x0C,0x63,0x0C,0x63,0x0C,0x63,0x0C,0x63,0x0C,0x63,0x0C,
	0x63,0x0C,0x63,0x0C,0x63,0x0C,0x63,0x0C,0x63,0x0C,0x63,0x0C,0x63,0x0C,0x63,0x0C,
	0x63,0x0C,0x63,0x0C,0x63,0x0C,0x63,0x0C,0x63,0x0C,0x63,0x0C,0x63,0x0C,0x63,0x0C,
	0x63,0x0C,0x63,0x0C,0x63,0x0C,0x63,0x0C,0x63,0x0C,0x63,0x0C,0x63,0x0C,0x63,0x0C,
	0x63,0x0C,0x63,0x0C,0x63,0x0C,0x63,0x0C,0x63,0x0C,0x63,0x0C,0x63,0x0C,0x63,0x0C,
	0x4A,0x29,0x63,0x0C,0x63,0x0C,0x63,0x0C,0x63,0x0C,0x63,0x0C,0x63,0x0C,0x63,0x0C,

	0x63,0x0C,0x63,0x0C,0x63,0x0C,0x63,0x0C,0x63,0x0C,0x63,0x0C,0x63,0x0C,0x63,0x0C,
	0x63,0x0C,0x63,0x0C,0x63,0x0C,0x63,0x0C,0x63,0x0C,0x63,0x0C,0x63,0x0C,0x63,0x0C,
	0x63,0x0C,0x63,0x0C,0x63,0x0C,0x63,0x0C,0x63,0x0C,0x63,0x0C,0x63,0x0C,0x63,0x0C,
	0x63,0x0C,0x63,0x0C,0x63,0x0C,0x63,0x0C,0x63,0x0C,0x63,0x0C,0x63,0x0C,0x63,0x0C,
	0x63,0x0C,0x63,0x0C,0x63,0x0C,0x63,0x0C,0x63,0x0C,0x63,0x0C,0x63,0x0C,0x63,0x0C,
	0x4A,0x29,0x63,0x0C,0x63,0x0C,0x63,0x0C,0x63,0x0C,0x63,0x0C,0x63,0x0C,0x63,0x0C,
	0x63,0x0C,0x63,0x0C,0x63,0x0C,0x63,0x0C,0x63,0x0C,0x63,0x0C,0x63,0x0C,0x63,0x0C,
	0x63,0x0C,0x63,0x0C,0x63,0x0C,0x63,0x0C,0x63,0x0C,0x63,0x0C,0x63,0x0C,0x63,0x0C,

	0x63,0x0C,0x63,0x0C,0x63,0x0C,0x63,0x0C,0x63,0x0C,0x63,0x0C,0x63,0x0C,0x63,0x0C,
	0x63,0x0C,0x63,0x0C,0x63,0x0C,0x63,0x0C,0x63,0x0C,0x63,0x0C,0x63,0x0C,0x63,0x0C,
	0x63,0x0C,0x63,0x0C,0x63,0x0C,0x63,0x0C,0x63,0x0C,0x63,0x0C,0x63,0x0C,0x63,0x0C,
	0x4A,0x29,0x63,0x0C,0x63,0x0C,0x63,0x0C,0x63,0x0C,0x63,0x0C,0x63,0x0C,0x63,0x0C,
	0x63,0x0C,0x63,0x0C,0x63,0x0C,0x63,0x0C,0x63,0x0C,0x63,0x0C,0x63,0x0C,0x63,0x0C,
	0x63,0x0C,0x63,0x0C,0x63,0x0C,0x63,0x0C,0x63,0x0C,0x63,0x0C,0x63,0x0C,0x63,0x0C,
	0x00,0x00,0x00,0x00,0x00,0x00,0x00,0x00,0x00,0x00,0x00,0x00,0x00,0x00,0x00,0x00,
	0x00,0x00,0x00,0x00,0x00,0x00,0x00,0x00,0x00,0x00,0x00,0x00,0x00,0x00,0x00,0x00,

	0x00,0x00,0x00,0x00,0x00,0x00,0x00,0x00,0x00,0x00,0x00,0x00,0x00,0x00,0x00,0x00,
	0x4A,0x29,0x00,0x00,0x00,0x00,0x00,0x00,0x00,0x00,0x00,0x00,0x00,0x00,0x00,0x00,
	0x00,0x00,0x00,0x00,0x00,0x00,0x00,0x00,0x00,0x00,0x00,0x00,0x00,0x00,0x00,0x00,
	0x00,0x00,0x00,0x00,0x00,0x00,0x00,0x00,0x00,0x00,0x00,0x00,0x00,0x00,0x00,0x00,
	0x00,0x00,0x00,0x00,0x00,0x00,0x00,0x00,0x00,0x00,0x00,0x00,0x00,0x00,0x00,0x00,
	0x00,0x00,0x00,0x00,0x00,0x00,0x00,0x00,0x00,0x00,0x00,0x00,0x00,0x00,0x00,0x00,
	0x00,0x00,0x00,0x00,0x00,0x00,0x00,0x00,0x00,0x00,0x00,0x00,0x00,0x00,0x00,0x00,
	0x4A,0x29,0x00,0x00,0x00,0x00,0x00,0x00,0x00,0x00,0x00,0x00,0x00,0x00,0x00,0x00,

	0x00,0x00,0x00,0x00,0x00,0x00,0x00,0x00,0x00,0x00,0x00,0x00,0x00,0x00,0x00,0x00,
	0x00,0x00,0x00,0x00,0x00,0x00,0x00,0x00,0x00,0x00,0x00,0x00,0x00,0x00,0x00,0x00,
	0x00,0x00,0x00,0x00,0x00,0x00,0x00,0x00,0x00,0x00,0x00,0x00,0x00,0x00,0x00,0x00,
	0x00,0x00,0x00,0x00,0x00,0x00,0x00,0x00,0x00,0x00,0x00,0x00,0x00,0x00,0x00,0x00,
	0x00,0x00,0x00,0x00,0x00,0x00,0x00,0x00,0x00,0x00,0x00,0x00,0x00,0x00,0x00,0x00,
	0x4A,0x29,0x00,0x00,0x00,0x00,0x00,0x00,0x00,0x00,0x00,0x00,0x00,0x00,0x00,0x00,
	0x00,0x00,0x00,0x00,0x00,0x00,0x00,0x00,0x00,0x00,0x00,0x00,0x00,0x00,0x00,0x00,
	0x00,0x00,0x00,0x00,0x00,0x00,0x00,0x00,0x00,0x00,0x00,0x00,0x00,0x00,0x00,0x00,

	0x00,0x00,0x00,0x00,0x00,0x00,0x00,0x00,0x00,0x00,0x00,0x00,0x00,0x00,0x00,0x00,
	0x00,0x00,0x00,0x00,0x00,0x00,0x00,0x00,0x00,0x00,0x00,0x00,0x00,0x00,0x00,0x00,
	0x00,0x00,0x00,0x00,0x00,0x00,0x00,0x00,0x00,0x00,0x00,0x00,0x00,0x00,0x00,0x00,
	0x4A,0x29,0x00,0x00,0x00,0x00,0x00,0x00,0x00,0x00,0x00,0x00,0x00,0x00,0x00,0x00,
	0x00,0x00,0x00,0x00,0x00,0x00,0x00,0x00,0x00,0x00,0x00,0x00,0x00,0x00,0x00,0x00,
	0x00,0x00,0x00,0x00,0x00,0x00,0x00,0x00,0x00,0x00,0x00,0x00,0x00,0x00,0x00,0x00,
	0x00,0x00,0x00,0x00,0x00,0x00,0x00,0x00,0x00,0x00,0x00,0x00,0x00,0x00,0x00,0x00,
	0x00,0x00,0x00,0x00,0x00,0x00,0x00,0x00,0x00,0x00,0x00,0x00,0x00,0x00,0x00,0x00,

	0x00,0x00,0x00,0x00,0x00,0x00,0x00,0x00,0x00,0x00,0x00,0x00,0x00,0x00,0x00,0x00,
	0x4A,0x29,0x00,0x00,0x00,0x00,0x00,0x00,0x00,0x00,0x00,0x00,0x00,0x00,0x00,0x00,
	0x00,0x00,0x00,0x00,0x00,0x00,0x00,0x00,0x00,0x00,0x00,0x00,0x00,0x00,0x00,0x00,
	0x00,0x00,0x00,0x00,0x00,0x00,0x00,0x00,0x00,0x00,0x00,0x00,0x00,0x00,0x00,0x00,
	0x63,0x0C,0x63,0x0C,0x63,0x0C,0x63,0x0C,0x63,0x0C,0x63,0x0C,0x63,0x0C,0x63,0x0C,
	0x63,0x0C,0x63,0x0C,0x63,0x0C,0x63,0x0C,0x63,0x0C,0x63,0x0C,0x63,0x0C,0x63,0x0C,
	0x63,0x0C,0x63,0x0C,0x63,0x0C,0x63,0x0C,0x63,0x0C,0x63,0x0C,0x63,0x0C,0x63,0x0C,
	0x4A,0x29,0x63,0x0C,0x63,0x0C,0x63,0x0C,0x63,0x0C,0x63,0x0C,0x63,0x0C,0x63,0x0C,

	0x63,0x0C,0x63,0x0C,0x63,0x0C,0x63,0x0C,0x63,0x0C,0x63,0x0C,0x63,0x0C,0x63,0x0C,
	0x63,0x0C,0x63,0x0C,0x63,0x0C,0x63,0x0C,0x63,0x0C,0x63,0x0C,0x63,0x0C,0x63,0x0C,
	0x63,0x0C,0x63,0x0C,0x63,0x0C,0x63,0x0C,0x63,0x0C,0x63,0x0C,0x63,0x0C,0x63,0x0C,
	0x63,0x0C,0x63,0x0C,0x63,0x0C,0x63,0x0C,0x63,0x0C,0x63,0x0C,0x63,0x0C,0x63,0x0C,
	0x63,0x0C,0x63,0x0C,0x63,0x0C,0x63,0x0C,0x63,0x0C,0x63,0x0C,0x63,0x0C,0x63,0x0C,
	0x4A,0x29,0x63,0x0C,0x63,0x0C,0x63,0x0C,0x63,0x0C,0x63,0x0C,0x63,0x0C,0x63,0x0C,
	0x63,0x0C,0x63,0x0C,0x63,0x0C,0x63,0x0C,0x63,0x0C,0x63,0x0C,0x63,0x0C,0x63,0x0C,
	0x63,0x0C,0x63,0x0C,0x63,0x0C,0x63,0x0C,0x63,0x0C,0x63,0x0C,0x63,0x0C,0x63,0x0C,

	0x63,0x0C,0x63,0x0C,0x63,0x0C,0x63,0x0C,0x63,0x0C,0x63,0x0C,0x63,0x0C,0x63,0x0C,
	0x63,0x0C,0x63,0x0C,0x63,0x0C,0x63,0x0C,0x63,0x0C,0x63,0x0C,0x63,0x0C,0x63,0x0C,
	0x63,0x0C,0x63,0x0C,0x63,0x0C,0x63,0x0C,0x63,0x0C,0x63,0x0C,0x63,0x0C,0x63,0x0C,
	0x4A,0x29,0x63,0x0C,0x63,0x0C,0x63,0x0C,0x63,0x0C,0x63,0x0C,0x63,0x0C,0x63,0x0C,
	0x63,0x0C,0x63,0x0C,0x63,0x0C,0x63,0x0C,0x63,0x0C,0x63,0x0C,0x63,0x0C,0x63,0x0C,
	0x63,0x0C,0x63,0x0C,0x63,0x0C,0x63,0x0C,0x63,0x0C,0x63,0x0C,0x63,0x0C,0x63,0x0C,
	0x63,0x0C,0x63,0x0C,0x63,0x0C,0x63,0x0C,0x63,0x0C,0x63,0x0C,0x63,0x0C,0x63,0x0C,
	0x63,0x0C,0x63,0x0C,0x63,0x0C,0x63,0x0C,0x63,0x0C,0x63,0x0C,0x63,0x0C,0x63,0x0C,

	0x63,0x0C,0x63,0x0C,0x63,0x0C,0x63,0x0C,0x63,0x0C,0x63,0x0C,0x63,0x0C,0x63,0x0C,
	0x4A,0x29,0x63,0x0C,0x63,0x0C,0x63,0x0C,0x63,0x0C,0x63,0x0C,0x63,0x0C,0x63,0x0C,
	0x63,0x0C,0x63,0x0C,0x63,0x0C,0x63,0x0C,0x63,0x0C,0x63,0x0C,0x63,0x0C,0x63,0x0C,
	0x63,0x0C,0x63,0x0C,0x63,0x0C,0x63,0x0C,0x63,0x0C,0x63,0x0C,0x63,0x0C,0x63,0x0C,
	0x63,0x0C,0x63,0x0C,0x63,0x0C,0x63,0x0C,0x63,0x0C,0x63,0x0C,0x63,0x0C,0x63,0x0C,
	0x63,0x0C,0x63,0x0C,0x63,0x0C,0x63,0x0C,0x63,0x0C,0x63,0x0C,0x63,0x0C,0x63,0x0C,
	0x63,0x0C,0x63,0x0C,0x63,0x0C,0x63,0x0C,0x63,0x0C,0x63,0x0C,0x63,0x0C,0x63,0x0C,
	0x4A,0x29,0x63,0x0C,0x63,0x0C,0x63,0x0C,0x63,0x0C,0x63,0x0C,0x63,0x0C,0x63,0x0C,

	0x63,0x0C,0x63,0x0C,0x63,0x0C,0x63,0x0C,0x63,0x0C,0x63,0x0C,0x63,0x0C,0x63,0x0C,
	0x63,0x0C,0x63,0x0C,0x63,0x0C,0x63,0x0C,0x63,0x0C,0x63,0x0C,0x63,0x0C,0x63,0x0C,
	0x00,0x00,0x00,0x00,0x00,0x00,0x00,0x00,0x00,0x00,0x00,0x00,0x00,0x00,0x00,0x00,
	0x00,0x00,0x00,0x00,0x00,0x00,0x00,0x00,0x00,0x00,0x00,0x00,0x00,0x00,0x00,0x00,
	0x00,0x00,0x00,0x00,0x00,0x00,0x00,0x00,0x00,0x00,0x00,0x00,0x00,0x00,0x00,0x00,
	0x4A,0x29,0x00,0x00,0x00,0x00,0x00,0x00,0x00,0x00,0x00,0x00,0x00,0x00,0x00,0x00,
	0x00,0x00,0x00,0x00,0x00,0x00,0x00,0x00,0x00,0x00,0x00,0x00,0x00,0x00,0x00,0x00,
	0x00,0x00,0x00,0x00,0x00,0x00,0x00,0x00,0x00,0x00,0x00,0x00,0x00,0x00,0x00,0x00,

	0x00,0x00,0x00,0x00,0x00,0x00,0x00,0x00,0x00,0x00,0x00,0x00,0x00,0x00,0x00,0x00,
	0x00,0x00,0x00,0x00,0x00,0x00,0x00,0x00,0x00,0x00,0x00,0x00,0x00,0x00,0x00,0x00,
	0x00,0x00,0x00,0x00,0x00,0x00,0x00,0x00,0x00,0x00,0x00,0x00,0x00,0x00,0x00,0x00,
	0x4A,0x29,0x00,0x00,0x00,0x00,0x00,0x00,0x00,0x00,0x00,0x00,0x00,0x00,0x00,0x00,
	0x00,0x00,0x00,0x00,0x00,0x00,0x00,0x00,0x00,0x00,0x00,0x00,0x00,0x00,0x00,0x00,
	0x00,0x00,0x00,0x00,0x00,0x00,0x00,0x00,0x00,0x00,0x00,0x00,0x00,0x00,0x00,0x00,
	0x00,0x00,0x00,0x00,0x00,0x00,0x00,0x00,0x00,0x00,0x00,0x00,0x00,0x00,0x00,0x00,
	0x00,0x00,0x00,0x00,0x00,0x00,0x00,0x00,0x00,0x00,0x00,0x00,0x00,0x00,0x00,0x00,

	0x00,0x00,0x00,0x00,0x00,0x00,0x00,0x00,0x00,0x00,0x00,0x00,0x00,0x00,0x00,0x00,
	0x4A,0x29,0x00,0x00,0x00,0x00,0x00,0x00,0x00,0x00,0x00,0x00,0x00,0x00,0x00,0x00,
	0x00,0x00,0x00,0x00,0x00,0x00,0x00,0x00,0x00,0x00,0x00,0x00,0x00,0x00,0x00,0x00,
	0x00,0x00,0x00,0x00,0x00,0x00,0x00,0x00,0x00,0x00,0x00,0x00,0x00,0x00,0x00,0x00,
	0x00,0x00,0x00,0x00,0x00,0x00,0x00,0x00,0x00,0x00,0x00,0x00,0x00,0x00,0x00,0x00,
	0x00,0x00,0x00,0x00,0x00,0x00,0x00,0x00,0x00,0x00,0x00,0x00,0x00,0x00,0x00,0x00,
	0x00,0x00,0x00,0x00,0x00,0x00,0x00,0x00,0x00,0x00,0x00,0x00,0x00,0x00,0x00,0x00,
	0x4A,0x29,0x00,0x00,0x00,0x00,0x00,0x00,0x00,0x00,0x00,0x00,0x00,0x00,0x00,0x00,

	0x00,0x00,0x00,0x00,0x00,0x00,0x00,0x00,0x00,0x00,0x00,0x00,0x00,0x00,0x00,0x00,
	0x00,0x00,0x00,0x00,0x00,0x00,0x00,0x00,0x00,0x00,0x00,0x00,0x00,0x00,0x00,0x00,
	0x00,0x00,0x00,0x00,0x00,0x00,0x00,0x00,0x00,0x00,0x00,0x00,0x00,0x00,0x00,0x00,
	0x00,0x00,0x00,0x00,0x00,0x00,0x00,0x00,0x00,0x00,0x00,0x00,0x00,0x00,0x00,0x00,
	0x00,0x00,0x00,0x00,0x00,0x00,0x00,0x00,0x00,0x00,0x00,0x00,0x00,0x00,0x00,0x00,
	0x4A,0x29,0x00,0x00,0x00,0x00,0x00,0x00,0x00,0x00,0x00,0x00,0x00,0x00,0x00,0x00,
	0x00,0x00,0x00,0x00,0x00,0x00,0x00,0x00,0x00,0x00,0x00,0x00,0x00,0x00,0x00,0x00,
	0x00,0x00,0x00,0x00,0x00,0x00,0x00,0x00,0x00,0x00,0x00,0x00,0x00,0x00,0x00,0x00,

	0x63,0x0C,0x63,0x0C,0x63,0x0C,0x63,0x0C,0x63,0x0C,0x63,0x0C,0x63,0x0C,0x63,0x0C,
	0x63,0x0C,0x63,0x0C,0x63,0x0C,0x63,0x0C,0x63,0x0C,0x63,0x0C,0x63,0x0C,0x63,0x0C,
	0x63,0x0C,0x63,0x0C,0x63,0x0C,0x63,0x0C,0x63,0x0C,0x63,0x0C,0x63,0x0C,0x63,0x0C,
	0x4A,0x29,0x63,0x0C,0x63,0x0C,0x63,0x0C,0x63,0x0C,0x63,0x0C,0x63,0x0C,0x63,0x0C,
	0x63,0x0C,0x63,0x0C,0x63,0x0C,0x63,0x0C,0x63,0x0C,0x63,0x0C,0x63,0x0C,0x63,0x0C,
	0x63,0x0C,0x63,0x0C,0x63,0x0C,0x63,0x0C,0x63,0x0C,0x63,0x0C,0x63,0x0C,0x63,0x0C,
	0x63,0x0C,0x63,0x0C,0x63,0x0C,0x63,0x0C,0x63,0x0C,0x63,0x0C,0x63,0x0C,0x63,0x0C,
	0x63,0x0C,0x63,0x0C,0x63,0x0C,0x63,0x0C,0x63,0x0C,0x63,0x0C,0x63,0x0C,0x63,0x0C,

	0x63,0x0C,0x63,0x0C,0x63,0x0C,0x63,0x0C,0x63,0x0C,0x63,0x0C,0x63,0x0C,0x63,0x0C,
	0x4A,0x29,0x63,0x0C,0x63,0x0C,0x63,0x0C,0x63,0x0C,0x63,0x0C,0x63,0x0C,0x63,0x0C,
	0x63,0x0C,0x63,0x0C,0x63,0x0C,0x63,0x0C,0x63,0x0C,0x63,0x0C,0x63,0x0C,0x63,0x0C,
	0x63,0x0C,0x63,0x0C,0x63,0x0C,0x63,0x0C,0x63,0x0C,0x63,0x0C,0x63,0x0C,0x63,0x0C,
	0x63,0x0C,0x63,0x0C,0x63,0x0C,0x63,0x0C,0x63,0x0C,0x63,0x0C,0x63,0x0C,0x63,0x0C,
	0x63,0x0C,0x63,0x0C,0x63,0x0C,0x63,0x0C,0x63,0x0C,0x63,0x0C,0x63,0x0C,0x63,0x0C,
	0x63,0x0C,0x63,0x0C,0x63,0x0C,0x63,0x0C,0x63,0x0C,0x63,0x0C,0x63,0x0C,0x63,0x0C,
	0x4A,0x29,0x63,0x0C,0x63,0x0C,0x63,0x0C,0x63,0x0C,0x63,0x0C,0x63,0x0C,0x63,0x0C,

	0x63,0x0C,0x63,0x0C,0x63,0x0C,0x63,0x0C,0x63,0x0C,0x63,0x0C,0x63,0x0C,0x63,0x0C,
	0x63,0x0C,0x63,0x0C,0x63,0x0C,0x63,0x0C,0x63,0x0C,0x63,0x0C,0x63,0x0C,0x63,0x0C,
	0x63,0x0C,0x63,0x0C,0x63,0x0C,0x63,0x0C,0x63,0x0C,0x63,0x0C,0x63,0x0C,0x63,0x0C,
	0x63,0x0C,0x63,0x0C,0x63,0x0C,0x63,0x0C,0x63,0x0C,0x63,0x0C,0x63,0x0C,0x63,0x0C,
	0x63,0x0C,0x63,0x0C,0x63,0x0C,0x63,0x0C,0x63,0x0C,0x63,0x0C,0x63,0x0C,0x63,0x0C,
	0x4A,0x29,0x63,0x0C,0x63,0x0C,0x63,0x0C,0x63,0x0C,0x63,0x0C,0x63,0x0C,0x63,0x0C,
	0x63,0x0C,0x63,0x0C,0x63,0x0C,0x63,0x0C,0x63,0x0C,0x63,0x0C,0x63,0x0C,0x63,0x0C,
	0x63,0x0C,0x63,0x0C,0x63,0x0C,0x63,0x0C,0x63,0x0C,0x63,0x0C,0x63,0x0C,0x63,0x0C,

	0x63,0x0C,0x63,0x0C,0x63,0x0C,0x63,0x0C,0x63,0x0C,0x63,0x0C,0x63,0x0C,0x63,0x0C,
	0x63,0x0C,0x63,0x0C,0x63,0x0C,0x63,0x0C,0x63,0x0C,0x63,0x0C,0x63,0x0C,0x63,0x0C,
	0x63,0x0C,0x63,0x0C,0x63,0x0C,0x63,0x0C,0x63,0x0C,0x63,0x0C,0x63,0x0C,0x63,0x0C,
	0x4A,0x29,0x63,0x0C,0x63,0x0C,0x63,0x0C,0x63,0x0C,0x63,0x0C,0x63,0x0C,0x63,0x0C,
	0x63,0x0C,0x63,0x0C,0x63,0x0C,0x63,0x0C,0x63,0x0C,0x63,0x0C,0x63,0x0C,0x63,0x0C,
	0x63,0x0C,0x63,0x0C,0x63,0x0C,0x63,0x0C,0x63,0x0C,0x63,0x0C,0x63,0x0C,0x63,0x0C,
	0x00,0x00,0x00,0x00,0x00,0x00,0x00,0x00,0x00,0x00,0x00,0x00,0x00,0x00,0x00,0x00,
	0x00,0x00,0x00,0x00,0x00,0x00,0x00,0x00,0x00,0x00,0x00,0x00,0x00,0x00,0x00,0x00,

	0x00,0x00,0x00,0x00,0x00,0x00,0x00,0x00,0x00,0x00,0x00,0x00,0x00,0x00,0x4A,0x29,
	0x4A,0x29,0x4A,0x29,0x00,0x00,0x00,0x00,0x00,0x00,0x00,0x00,0x00,0x00,0x00,0x00,
	0x00,0x00,0x00,0x00,0x00,0x00,0x00,0x00,0x00,0x00,0x00,0x00,0x00,0x00,0x00,0x00,
	0x00,0x00,0x00,0x00,0x00,0x00,0x00,0x00,0x00,0x00,0x00,0x00,0x00,0x00,0x00,0x00,
	0x00,0x00,0x00,0x00,0x00,0x00,0x00,0x00,0x00,0x00,0x00,0x00,0x00,0x00,0x00,0x00,
	0x00,0x00,0x00,0x00,0x00,0x00,0x00,0x00,0x00,0x00,0x00,0x00,0x00,0x00,0x00,0x00,
	0x00,0x00,0x00,0x00,0x00,0x00,0x00,0x00,0x00,0x00,0x00,0x00,0x00,0x00,0x4A,0x29,
	0x4A,0x29,0x4A,0x29,0x00,0x00,0x00,0x00,0x00,0x00,0x00,0x00,0x00,0x00,0x00,0x00,

	0x00,0x00,0x00,0x00,0x00,0x00,0x00,0x00,0x00,0x00,0x00,0x00,0x00,0x00,0x00,0x00,
	0x00,0x00,0x00,0x00,0x00,0x00,0x00,0x00,0x00,0x00,0x00,0x00,0x00,0x00,0x00,0x00,
	0x00,0x00,0x00,0x00,0x00,0x00,0x00,0x00,0x00,0x00,0x00,0x00,0x00,0x00,0x00,0x00,
	0x00,0x00,0x00,0x00,0x00,0x00,0x00,0x00,0x00,0x00,0x00,0x00,0x00,0x00,0x00,0x00,
	0x00,0x00,0x00,0x00,0x00,0x00,0x00,0x00,0x00,0x00,0x00,0x00,0x00,0x00,0x4A,0x29,
	0x4A,0x29,0x4A,0x29,0x00,0x00,0x00,0x00,0x00,0x00,0x00,0x00,0x00,0x00,0x00,0x00,
	0x00,0x00,0x00,0x00,0x00,0x00,0x00,0x00,0x00,0x00,0x00,0x00,0x00,0x00,0x00,0x00,
	0x00,0x00,0x00,0x00,0x00,0x00,0x00,0x00,0x00,0x00,0x00,0x00,0x00,0x00,0x00,0x00,

	0x00,0x00,0x00,0x00,0x00,0x00,0x00,0x00,0x00,0x00,0x00,0x00,0x00,0x00,0x00,0x00,
	0x00,0x00,0x00,0x00,0x00,0x00,0x00,0x00,0x00,0x00,0x00,0x00,0x00,0x00,0x00,0x00,
	0x00,0x00,0x00,0x00,0x00,0x00,0x00,0x00,0x00,0x00,0x00,0x00,0x00,0x00,0x4A,0x29,
	0x4A,0x29,0x4A,0x29,0x00,0x00,0x00,0x00,0x00,0x00,0x00,0x00,0x00,0x00,0x00,0x00,
	0x00,0x00,0x00,0x00,0x00,0x00,0x00,0x00,0x00,0x00,0x00,0x00,0x00,0x00,0x00,0x00,
	0x00,0x00,0x00,0x00,0x00,0x00,0x00,0x00,0x00,0x00,0x00,0x00,0x00,0x00,0x00,0x00,
	0x00,0x00,0x00,0x00,0x00,0x00,0x00,0x00,0x00,0x00,0x00,0x00,0x00,0x00,0x00,0x00,
	0x00,0x00,0x00,0x00,0x00,0x00,0x00,0x00,0x00,0x00,0x00,0x00,0x00,0x00,0x00,0x00,

	0x00,0x00,0x00,0x00,0x00,0x00,0x00,0x00,0x00,0x00,0x00,0x00,0x00,0x00,0x4A,0x29,
	0x4A,0x29,0x4A,0x29,0x00,0x00,0x00,0x00,0x00,0x00,0x00,0x00,0x00,0x00,0x00,0x00,
	0x00,0x00,0x00,0x00,0x00,0x00,0x00,0x00,0x00,0x00,0x00,0x00,0x00,0x00,0x00,0x00,
	0x00,0x00,0x00,0x00,0x00,0x00,0x00,0x00,0x00,0x00,0x00,0x00,0x00,0x00,0x00,0x00,
	0x4A,0x29,0x4A,0x29,0x4A,0x29,0x4A,0x29,0x4A,0x29,0x4A,0x29,0x4A,0x29,0x4A,0x29,
	0x4A,0x29,0x4A,0x29,0x4A,0x29,0x4A,0x29,0x4A,0x29,0x4A,0x29,0x4A,0x29,0x4A,0x29,
	0x4A,0x29,0x4A,0x29,0x4A,0x29,0x4A,0x29,0x4A,0x29,0x4A,0x29,0x4A,0x29,0x4A,0x29,
	0x4A,0x29,0x4A,0x29,0x4A,0x29,0x4A,0x29,0x4A,0x29,0x4A,0x29,0x4A,0x29,0x4A,0x29,

	0x4A,0x29,0x4A,0x29,0x4A,0x29,0x4A,0x29,0x4A,0x29,0x4A,0x29,0x4A,0x29,0x4A,0x29,
	0x4A,0x29,0x4A,0x29,0x4A,0x29,0x4A,0x29,0x4A,0x29,0x4A,0x29,0x4A,0x29,0x4A,0x29,
	0x4A,0x29,0x4A,0x29,0x4A,0x29,0x4A,0x29,0x4A,0x29,0x4A,0x29,0x4A,0x29,0x4A,0x29,
	0x4A,0x29,0x4A,0x29,0x4A,0x29,0x4A,0x29,0x4A,0x29,0x4A,0x29,0x4A,0x29,0x4A,0x29,
	0x4A,0x29,0x4A,0x29,0x4A,0x29,0x4A,0x29,0x4A,0x29,0x4A,0x29,0x4A,0x29,0x4A,0x29,
	0x4A,0x29,0x4A,0x29,0x4A,0x29,0x4A,0x29,0x4A,0x29,0x4A,0x29,0x4A,0x29,0x4A,0x29,
	0x4A,0x29,0x4A,0x29,0x4A,0x29,0x4A,0x29,0x4A,0x29,0x4A,0x29,0x4A,0x29,0x4A,0x29,
	0x4A,0x29,0x4A,0x29,0x4A,0x29,0x4A,0x29,0x4A,0x29,0x4A,0x29,0x4A,0x29,0x4A,0x29,

	0x4A,0x29,0x4A,0x29,0x4A,0x29,0x4A,0x29,0x4A,0x29,0x4A,0x29,0x4A,0x29,0x4A,0x29,
	0x4A,0x29,0x4A,0x29,0x4A,0x29,0x4A,0x29,0x4A,0x29,0x4A,0x29,0x4A,0x29,0x4A,0x29,
	0x4A,0x29,0x4A,0x29,0x4A,0x29,0x4A,0x29,0x4A,0x29,0x4A,0x29,0x4A,0x29,0x4A,0x29,
	0x4A,0x29,0x4A,0x29,0x4A,0x29,0x4A,0x29,0x4A,0x29,0x4A,0x29,0x4A,0x29,0x4A,0x29,
	0x4A,0x29,0x4A,0x29,0x4A,0x29,0x4A,0x29,0x4A,0x29,0x4A,0x29,0x4A,0x29,0x4A,0x29,
	0x4A,0x29,0x4A,0x29,0x4A,0x29,0x4A,0x29,0x4A,0x29,0x4A,0x29,0x4A,0x29,0x4A,0x29,
	0x4A,0x29,0x4A,0x29,0x4A,0x29,0x4A,0x29,0x4A,0x29,0x4A,0x29,0x4A,0x29,0x4A,0x29,
	0x4A,0x29,0x4A,0x29,0x4A,0x29,0x4A,0x29,0x4A,0x29,0x4A,0x29,0x4A,0x29,0x4A,0x29,

	0x4A,0x29,0x4A,0x29,0x4A,0x29,0x4A,0x29,0x4A,0x29,0x4A,0x29,0x4A,0x29,0x4A,0x29,
	0x4A,0x29,0x4A,0x29,0x4A,0x29,0x4A,0x29,0x4A,0x29,0x4A,0x29,0x4A,0x29,0x4A,0x29,
	0x4A,0x29,0x4A,0x29,0x4A,0x29,0x4A,0x29,0x4A,0x29,0x4A,0x29,0x4A,0x29,0x4A,0x29,
	0x4A,0x29,0x4A,0x29,0x4A,0x29,0x4A,0x29,0x4A,0x29,0x4A,0x29,0x4A,0x29,0x4A,0x29,
	0x4A,0x29,0x4A,0x29,0x4A,0x29,0x4A,0x29,0x4A,0x29,0x4A,0x29,0x4A,0x29,0x4A,0x29,
	0x4A,0x29,0x4A,0x29,0x4A,0x29,0x4A,0x29,0x4A,0x29,0x4A,0x29,0x4A,0x29,0x4A,0x29,
	0x4A,0x29,0x4A,0x29,0x4A,0x29,0x4A,0x29,0x4A,0x29,0x4A,0x29,0x4A,0x29,0x4A,0x29,
	0x4A,0x29,0x4A,0x29,0x4A,0x29,0x4A,0x29,0x4A,0x29,0x4A,0x29,0x4A,0x29,0x4A,0x29,

	0x4A,0x29,0x4A,0x29,0x4A,0x29,0x4A,0x29,0x4A,0x29,0x4A,0x29,0x4A,0x29,0x4A,0x29,
	0x4A,0x29,0x4A,0x29,0x4A,0x29,0x4A,0x29,0x4A,0x29,0x4A,0x29,0x4A,0x29,0x4A,0x29,
	0x00,0x00,0x00,0x00,0x00,0x00,0x00,0x00,0x00,0x00,0x00,0x00,0x00,0x00,0x00,0x00,
	0x00,0x00,0x00,0x00,0x00,0x00,0x00,0x00,0x00,0x00,0x00,0x00,0x00,0x00,0x00,0x00,
	0x00,0x00,0x00,0x00,0x00,0x00,0x00,0x00,0x00,0x00,0x00,0x00,0x00,0x00,0x4A,0x29,
	0x4A,0x29,0x4A,0x29,0x00,0x00,0x00,0x00,0x00,0x00,0x00,0x00,0x00,0x00,0x00,0x00,
	0x00,0x00,0x00,0x00,0x00,0x00,0x00,0x00,0x00,0x00,0x00,0x00,0x00,0x00,0x00,0x00,
	0x00,0x00,0x00,0x00,0x00,0x00,0x00,0x00,0x00,0x00,0x00,0x00,0x00,0x00,0x00,0x00,

	0x00,0x00,0x00,0x00,0x00,0x00,0x00,0x00,0x00,0x00,0x00,0x00,0x00,0x00,0x00,0x00,
	0x00,0x00,0x00,0x00,0x00,0x00,0x00,0x00,0x00,0x00,0x00,0x00,0x00,0x00,0x00,0x00,
	0x00,0x00,0x00,0x00,0x00,0x00,0x00,0x00,0x00,0x00,0x00,0x00,0x00,0x00,0x4A,0x29,
	0x4A,0x29,0x4A,0x29,0x00,0x00,0x00,0x00,0x00,0x00,0x00,0x00,0x00,0x00,0x00,0x00,
	0x00,0x00,0x00,0x00,0x00,0x00,0x00,0x00,0x00,0x00,0x00,0x00,0x00,0x00,0x00,0x00,
	0x00,0x00,0x00,0x00,0x00,0x00,0x00,0x00,0x00,0x00,0x00,0x00,0x00,0x00,0x00,0x00,
	0x00,0x00,0x00,0x00,0x00,0x00,0x00,0x00,0x00,0x00,0x00,0x00,0x00,0x00,0x00,0x00,
	0x00,0x00,0x00,0x00,0x00,0x00,0x00,0x00,0x00,0x00,0x00,0x00,0x00,0x00,0x00,0x00,

	0x00,0x00,0x00,0x00,0x00,0x00,0x00,0x00,0x00,0x00,0x00,0x00,0x00,0x00,0x4A,0x29,
	0x4A,0x29,0x4A,0x29,0x00,0x00,0x00,0x00,0x00,0x00,0x00,0x00,0x00,0x00,0x00,0x00,
	0x00,0x00,0x00,0x00,0x00,0x00,0x00,0x00,0x00,0x00,0x00,0x00,0x00,0x00,0x00,0x00,
	0x00,0x00,0x00,0x00,0x00,0x00,0x00,0x00,0x00,0x00,0x00,0x00,0x00,0x00,0x00,0x00,
	0x00,0x00,0x00,0x00,0x00,0x00,0x00,0x00,0x00,0x00,0x00,0x00,0x00,0x00,0x00,0x00,
	0x00,0x00,0x00,0x00,0x00,0x00,0x00,0x00,0x00,0x00,0x00,0x00,0x00,0x00,0x00,0x00,
	0x00,0x00,0x00,0x00,0x00,0x00,0x00,0x00,0x00,0x00,0x00,0x00,0x00,0x00,0x4A,0x29,
	0x4A,0x29,0x4A,0x29,0x00,0x00,0x00,0x00,0x00,0x00,0x00,0x00,0x00,0x00,0x00,0x00,

	0x00,0x00,0x00,0x00,0x00,0x00,0x00,0x00,0x00,0x00,0x00,0x00,0x00,0x00,0x00,0x00,
	0x00,0x00,0x00,0x00,0x00,0x00,0x00,0x00,0x00,0x00,0x00,0x00,0x00,0x00,0x00,0x00,
	0x00,0x00,0x00,0x00,0x00,0x00,0x00,0x00,0x00,0x00,0x00,0x00,0x00,0x00,0x00,0x00,
	0x00,0x00,0x00,0x00,0x00,0x00,0x00,0x00,0x00,0x00,0x00,0x00,0x00,0x00,0x00,0x00,
	0x00,0x00,0x00,0x00,0x00,0x00,0x00,0x00,0x00,0x00,0x00,0x00,0x00,0x00,0x4A,0x29,
	0x4A,0x29,0x4A,0x29,0x00,0x00,0x00,0x00,0x00,0x00,0x00,0x00,0x00,0x00,0x00,0x00,
	0x00,0x00,0x00,0x00,0x00,0x00,0x00,0x00,0x00,0x00,0x00,0x00,0x00,0x00,0x00,0x00,
	0x00,0x00,0x00,0x00,0x00,0x00,0x00,0x00,0x00,0x00,0x00,0x00,0x00,0x00,0x00,0x00,

	0x63,0x0C,0x63,0x0C,0x63,0x0C,0x63,0x0C,0x63,0x0C,0x63,0x0C,0x63,0x0C,0x63,0x0C,
	0x63,0x0C,0x63,0x0C,0x63,0x0C,0x63,0x0C,0x63,0x0C,0x63,0x0C,0x63,0x0C,0x63,0x0C,
	0x63,0x0C,0x63,0x0C,0x63,0x0C,0x63,0x0C,0x63,0x0C,0x63,0x0C,0x63,0x0C,0x63,0x0C,
	0x4A,0x29,0x63,0x0C,0xEF,0x3D,0xEF,0x3D,0xEF,0x3D,0xEF,0x3D,0xEF,0x3D,0xEF,0x3D,
	0xEF,0x3D,0xEF,0x3D,0xEF,0x3D,0xEF,0x3D,0xEF,0x3D,0xEF,0x3D,0xEF,0x3D,0xEF,0x3D,
	0xEF,0x3D,0xEF,0x3D,0xEF,0x3D,0xEF,0x3D,0xEF,0x3D,0xEF,0x3D,0xEF,0x3D,0xEF,0x3D,
	0xEF,0x3D,0xEF,0x3D,0xEF,0x3D,0xEF,0x3D,0xEF,0x3D,0xEF,0x3D,0xEF,0x3D,0xEF,0x3D,
	0xEF,0x3D,0xEF,0x3D,0xEF,0x3D,0xEF,0x3D,0xEF,0x3D,0xEF,0x3D,0xEF,0x3D,0xEF,0x3D,

	0xEF,0x3D,0xEF,0x3D,0xEF,0x3D,0xEF,0x3D,0xEF,0x3D,0xEF,0x3D,0xEF,0x3D,0xEF,0x3D,
	0xEF,0x3D,0xEF,0x3D,0xEF,0x3D,0xEF,0x3D,0xEF,0x3D,0xEF,0x3D,0xEF,0x3D,0xEF,0x3D,
	0xEF,0x3D,0xEF,0x3D,0xEF,0x3D,0xEF,0x3D,0xEF,0x3D,0xEF,0x3D,0xEF,0x3D,0xEF,0x3D,
	0xEF,0x3D,0xEF,0x3D,0xEF,0x3D,0xEF,0x3D,0xEF,0x3D,0xEF,0x3D,0xEF,0x3D,0xEF,0x3D,
	0xEF,0x3D,0xEF,0x3D,0xEF,0x3D,0xEF,0x3D,0xEF,0x3D,0xEF,0x3D,0xEF,0x3D,0xEF,0x3D,
	0xEF,0x3D,0xEF,0x3D,0xEF,0x3D,0xEF,0x3D,0xEF,0x3D,0xEF,0x3D,0xEF,0x3D,0xEF,0x3D,
	0xEF,0x3D,0xEF,0x3D,0xEF,0x3D,0xEF,0x3D,0xEF,0x3D,0xEF,0x3D,0xEF,0x3D,0xEF,0x3D,
	0xEF,0x3D,0xEF,0x3D,0xEF,0x3D,0xEF,0x3D,0xEF,0x3D,0xEF,0x3D,0xEF,0x3D,0xEF,0x3D,

	0xEF,0x3D,0xEF,0x3D,0xEF,0x3D,0xEF,0x3D,0xEF,0x3D,0xEF,0x3D,0xEF,0x3D,0xEF,0x3D,
	0xEF,0x3D,0xEF,0x3D,0xEF,0x3D,0xEF,0x3D,0xEF,0x3D,0xEF,0x3D,0xEF,0x3D,0xEF,0x3D,
	0xEF,0x3D,0xEF,0x3D,0xEF,0x3D,0xEF,0x3D,0xEF,0x3D,0xEF,0x3D,0xEF,0x3D,0xEF,0x3D,
	0xEF,0x3D,0xEF,0x3D,0xEF,0x3D,0xEF,0x3D,0xEF,0x3D,0xEF,0x3D,0xEF,0x3D,0xEF,0x3D,
	0xEF,0x3D,0xEF,0x3D,0xEF,0x3D,0xEF,0x3D,0xEF,0x3D,0xEF,0x3D,0xEF,0x3D,0xEF,0x3D,
	0xEF,0x3D,0xEF,0x3D,0xEF,0x3D,0xEF,0x3D,0xEF,0x3D,0xEF,0x3D,0xEF,0x3D,0xEF,0x3D,
	0xEF,0x3D,0xEF,0x3D,0xEF,0x3D,0xEF,0x3D,0xEF,0x3D,0xEF,0x3D,0xEF,0x3D,0xEF,0x3D,
	0xEF,0x3D,0xEF,0x3D,0xEF,0x3D,0xEF,0x3D,0xEF,0x3D,0xEF,0x3D,0xEF,0x3D,0xEF,0x3D,

	0xEF,0x3D,0xEF,0x3D,0xEF,0x3D,0xEF,0x3D,0xEF,0x3D,0xEF,0x3D,0xEF,0x3D,0xEF,0x3D,
	0xEF,0x3D,0xEF,0x3D,0xEF,0x3D,0xEF,0x3D,0xEF,0x3D,0xEF,0x3D,0xEF,0x3D,0xEF,0x3D,
	0xEF,0x3D,0xEF,0x3D,0xEF,0x3D,0xEF,0x3D,0xEF,0x3D,0xEF,0x3D,0xEF,0x3D,0x63,0x0C,
	0x4A,0x29,0x63,0x0C,0x63,0x0C,0x63,0x0C,0x63,0x0C,0x63,0x0C,0x63,0x0C,0x63,0x0C,
	0x63,0x0C,0x63,0x0C,0x63,0x0C,0x63,0x0C,0x63,0x0C,0x63,0x0C,0x63,0x0C,0x63,0x0C,
	0x63,0x0C,0x63,0x0C,0x63,0x0C,0x63,0x0C,0x63,0x0C,0x63,0x0C,0x63,0x0C,0x63,0x0C,
	0x00,0x00,0x00,0x00,0x00,0x00,0x00,0x00,0x00,0x00,0x00,0x00,0x00,0x00,0x00,0x00,
	0x00,0x00,0x00,0x00,0x00,0x00,0x00,0x00,0x00,0x00,0x00,0x00,0x00,0x00,0x00,0x00,

	0x00,0x00,0x00,0x00,0x00,0x00,0x00,0x00,0x00,0x00,0x00,0x00,0x00,0x00,0x00,0x00,
	0x4A,0x29,0x00,0x00,0xEF,0x3D,0x00,0x00,0x00,0x00,0x00,0x00,0x00,0x00,0x00,0x00,
	0x00,0x00,0x00,0x00,0x00,0x00,0x00,0x00,0x00,0x00,0x00,0x00,0x00,0x00,0x00,0x00,
	0x00,0x00,0x00,0x00,0x00,0x00,0x00,0x00,0x00,0x00,0x00,0x00,0x00,0x00,0x00,0x00,
	0x00,0x00,0x00,0x00,0x00,0x00,0x00,0x00,0x00,0x00,0x00,0x00,0x00,0x00,0x00,0x00,
	0x00,0x00,0x00,0x00,0x00,0x00,0x00,0x00,0x00,0x00,0x00,0x00,0x00,0x00,0x00,0x00,
	0x00,0x00,0x00,0x00,0x00,0x00,0x00,0x00,0x00,0x00,0x00,0x00,0x00,0x00,0x00,0x00,
	0x00,0x00,0x00,0x00,0x00,0x00,0x00,0x00,0x00,0x00,0x00,0x00,0x00,0x00,0x00,0x00,

	0x00,0x00,0x00,0x00,0x00,0x00,0x00,0x00,0x00,0x00,0x00,0x00,0x00,0x00,0x00,0x00,
	0x00,0x00,0x00,0x00,0x00,0x00,0x00,0x00,0x00,0x00,0x00,0x00,0x00,0x00,0x00,0x00,
	0x00,0x00,0x00,0x00,0x00,0x00,0x00,0x00,0x00,0x00,0x00,0x00,0x00,0x00,0x00,0x00,
	0x00,0x00,0x00,0x00,0x00,0x00,0x00,0x00,0x00,0x00,0x00,0x00,0x00,0x00,0x00,0x00,
	0x00,0x00,0x00,0x00,0x00,0x00,0x00,0x00,0x00,0x00,0x00,0x00,0x00,0x00,0x00,0x00,
	0x00,0x00,0x00,0x00,0x00,0x00,0x00,0x00,0x00,0x00,0x00,0x00,0x00,0x00,0x00,0x00,
	0x00,0x00,0x00,0x00,0x00,0x00,0x00,0x00,0x00,0x00,0x00,0x00,0x00,0x00,0x00,0x00,
	0x00,0x00,0x00,0x00,0x00,0x00,0x00,0x00,0x00,0x00,0x00,0x00,0x00,0x00,0x00,0x00,

	0x00,0x00,0x00,0x00,0x00,0x00,0x00,0x00,0x00,0x00,0x00,0x00,0x00,0x00,0x00,0x00,
	0x00,0x00,0x00,0x00,0x00,0x00,0x00,0x00,0x00,0x00,0x00,0x00,0x00,0x00,0x00,0x00,
	0x00,0x00,0x00,0x00,0x00,0x00,0x00,0x00,0x00,0x00,0x00,0x00,0x00,0x00,0x00,0x00,
	0x00,0x00,0x00,0x00,0x00,0x00,0x00,0x00,0x00,0x00,0x00,0x00,0x00,0x00,0x00,0x00,
	0x00,0x00,0x00,0x00,0x00,0x00,0x00,0x00,0x00,0x00,0x00,0x00,0x00,0x00,0x00,0x00,
	0x00,0x00,0x00,0x00,0x00,0x00,0x00,0x00,0x00,0x00,0x00,0x00,0x00,0x00,0x00,0x00,
	0x00,0x00,0x00,0x00,0x00,0x00,0x00,0x00,0x00,0x00,0x00,0x00,0x00,0x00,0x00,0x00,
	0x00,0x00,0x00,0x00,0x00,0x00,0x00,0x00,0x00,0x00,0x00,0x00,0x00,0x00,0x00,0x00,

	0x00,0x00,0x00,0x00,0x00,0x00,0x00,0x00,0x00,0x00,0x00,0x00,0xEF,0x3D,0x00,0x00,
	0x4A,0x29,0x00,0x00,0x00,0x00,0x00,0x00,0x00,0x00,0x00,0x00,0x00,0x00,0x00,0x00,
	0x00,0x00,0x00,0x00,0x00,0x00,0x00,0x00,0x00,0x00,0x00,0x00,0x00,0x00,0x00,0x00,
	0x00,0x00,0x00,0x00,0x00,0x00,0x00,0x00,0x00,0x00,0x00,0x00,0x00,0x00,0x00,0x00,
	0x63,0x0C,0x63,0x0C,0x63,0x0C,0x63,0x0C,0x63,0x0C,0x63,0x0C,0x63,0x0C,0x63,0x0C,
	0x63,0x0C,0x63,0x0C,0x63,0x0C,0x63,0x0C,0x63,0x0C,0x63,0x0C,0x63,0x0C,0x63,0x0C,
	0x63,0x0C,0x63,0x0C,0x63,0x0C,0x63,0x0C,0x63,0x0C,0x63,0x0C,0x63,0x0C,0x63,0x0C,
	0x4A,0x29,0x63,0x0C,0xEF,0x3D,0x00,0x00,0x08,0x21,0x08,0x21,0x08,0x21,0x08,0x21,

	0x08,0x21,0x08,0x21,0x08,0x21,0x08,0x21,0x08,0x21,0x08,0x21,0x08,0x21,0x08,0x21,
	0x08,0x21,0x08,0x21,0x08,0x21,0x08,0x21,0x08,0x21,0x08,0x21,0x08,0x21,0x08,0x21,
	0x08,0x21,0x08,0x21,0x08,0x21,0x08,0x21,0x08,0x21,0x08,0x21,0x08,0x21,0x08,0x21,
	0x08,0x21,0x08,0x21,0x08,0x21,0x08,0x21,0x08,0x21,0x08,0x21,0x08,0x21,0x08,0x21,
	0x08,0x21,0x08,0x21,0x08,0x21,0x08,0x21,0x08,0x21,0x08,0x21,0x08,0x21,0x08,0x21,
	0x08,0x21,0x08,0x21,0x08,0x21,0x08,0x21,0x08,0x21,0x08,0x21,0x08,0x21,0x08,0x21,
	0x08,0x21,0x08,0x21,0x08,0x21,0x08,0x21,0x08,0x21,0x08,0x21,0x08,0x21,0x08,0x21,
	0x08,0x21,0x10,0x42,0x6B,0x2D,0x6B,0x2D,0x6B,0x2D,0x6B,0x2D,0x6B,0x2D,0x6B,0x2D,

	0x6B,0x2D,0x6B,0x2D,0x6B,0x2D,0x6B,0x2D,0x6B,0x2D,0x6B,0x2D,0x6B,0x2D,0x6B,0x2D,
	0x6B,0x2D,0x6B,0x2D,0x6B,0x2D,0x6B,0x2D,0x6B,0x2D,0x6B,0x2D,0x6B,0x2D,0x6B,0x2D,
	0x6B,0x2D,0x6B,0x2D,0x6B,0x2D,0x6B,0x2D,0x6B,0x2D,0x6B,0x2D,0x6B,0x2D,0x6B,0x2D,
	0x6B,0x2D,0x6B,0x2D,0x6B,0x2D,0x6B,0x2D,0x6B,0x2D,0x6B,0x2D,0x6B,0x2D,0x6B,0x2D,
	0x6B,0x2D,0x6B,0x2D,0x6B,0x2D,0x6B,0x2D,0x6B,0x2D,0x6B,0x2D,0x6B,0x2D,0x6B,0x2D,
	0x6B,0x2D,0x6B,0x2D,0x6B,0x2D,0x6B,0x2D,0x6B,0x2D,0x6B,0x2D,0x6B,0x2D,0x6B,0x2D,
	0x6B,0x2D,0x6B,0x2D,0x6B,0x2D,0x6B,0x2D,0x6B,0x2D,0x6B,0x2D,0x6B,0x2D,0x6B,0x2D,
	0x6B,0x2D,0x6B,0x2D,0x6B,0x2D,0x6B,0x2D,0x6B,0x2D,0x6B,0x2D,0x6B,0x2D,0x6B,0x2D,

	0x6B,0x2D,0x6B,0x2D,0x6B,0x2D,0x6B,0x2D,0x6B,0x2D,0x6B,0x2D,0x6B,0x2D,0x6B,0x2D,
	0x6B,0x2D,0x6B,0x2D,0x6B,0x2D,0x6B,0x2D,0x6B,0x2D,0x6B,0x2D,0x6B,0x2D,0x6B,0x2D,
	0x6B,0x2D,0x6B,0x2D,0x6B,0x2D,0x6B,0x2D,0x6B,0x2D,0x6B,0x2D,0x6B,0x2D,0x6B,0x2D,
	0x6B,0x2D,0x6B,0x2D,0x6B,0x2D,0x6B,0x2D,0x6B,0x2D,0x6B,0x2D,0x6B,0x2D,0x6B,0x2D,
	0x6B,0x2D,0x6B,0x2D,0x6B,0x2D,0x6B,0x2D,0x6B,0x2D,0x6B,0x2D,0x6B,0x2D,0x6B,0x2D,
	0x6B,0x2D,0x6B,0x2D,0x6B,0x2D,0x6B,0x2D,0x6B,0x2D,0x6B,0x2D,0x6B,0x2D,0x6B,0x2D,
	0x6B,0x2D,0x6B,0x2D,0x6B,0x2D,0x6B,0x2D,0x6B,0x2D,0x00,0x00,0xEF,0x3D,0x63,0x0C,
	0x4A,0x29,0x63,0x0C,0x63,0x0C,0x63,0x0C,0x63,0x0C,0x63,0x0C,0x63,0x0C,0x63,0x0C,

	0x63,0x0C,0x63,0x0C,0x63,0x0C,0x63,0x0C,0x63,0x0C,0x63,0x0C,0x63,0x0C,0x63,0x0C,
	0x63,0x0C,0x63,0x0C,0x63,0x0C,0x63,0x0C,0x63,0x0C,0x63,0x0C,0x63,0x0C,0x63,0x0C,
	0x00,0x00,0x00,0x00,0x00,0x00,0x00,0x00,0x00,0x00,0x00,0x00,0x00,0x00,0x00,0x00,
	0x00,0x00,0x00,0x00,0x00,0x00,0x00,0x00,0x00,0x00,0x00,0x00,0x00,0x00,0x00,0x00,
	0x00,0x00,0x00,0x00,0x00,0x00,0x00,0x00,0x00,0x00,0x00,0x00,0x00,0x00,0x00,0x00,
	0x4A,0x29,0x00,0x00,0xEF,0x3D,0x00,0x00,0x08,0x21,0x08,0x21,0x08,0x21,0x08,0x21,
	0x08,0x21,0x08,0x21,0x08,0x21,0x08,0x21,0x08,0x21,0x08,0x21,0x08,0x21,0x08,0x21,
	0x08,0x21,0x08,0x21,0x08,0x21,0x08,0x21,0x08,0x21,0x08,0x21,0x08,0x21,0x08,0x21,

	0x08,0x21,0x08,0x21,0x08,0x21,0x08,0x21,0x08,0x21,0x08,0x21,0x08,0x21,0x08,0x21,
	0x08,0x21,0x08,0x21,0x08,0x21,0x08,0x21,0x08,0x21,0x08,0x21,0x08,0x21,0x08,0x21,
	0x08,0x21,0x08,0x21,0x08,0x21,0x08,0x21,0x08,0x21,0x08,0x21,0x08,0x21,0x08,0x21,
	0x08,0x21,0x08,0x21,0x08,0x21,0x08,0x21,0x08,0x21,0x08,0x21,0x08,0x21,0x08,0x21,
	0x08,0x21,0x08,0x21,0x08,0x21,0x08,0x21,0x08,0x21,0x08,0x21,0x08,0x21,0x08,0x21,
	0x08,0x21,0x10,0x42,0x63,0x0C,0x63,0x0C,0x63,0x0C,0x63,0x0C,0x63,0x0C,0x63,0x0C,
	0x63,0x0C,0x63,0x0C,0x63,0x0C,0x63,0x0C,0x63,0x0C,0x63,0x0C,0x63,0x0C,0x63,0x0C,
	0x63,0x0C,0x63,0x0C,0x63,0x0C,0x63,0x0C,0x63,0x0C,0x63,0x0C,0x63,0x0C,0x63,0x0C,

	0x63,0x0C,0x63,0x0C,0x63,0x0C,0x63,0x0C,0x63,0x0C,0x63,0x0C,0x63,0x0C,0x63,0x0C,
	0x63,0x0C,0x63,0x0C,0x63,0x0C,0x63,0x0C,0x63,0x0C,0x63,0x0C,0x63,0x0C,0x63,0x0C,
	0x63,0x0C,0x63,0x0C,0x63,0x0C,0x63,0x0C,0x63,0x0C,0x63,0x0C,0x63,0x0C,0x63,0x0C,
	0x63,0x0C,0x63,0x0C,0x63,0x0C,0x63,0x0C,0x63,0x0C,0x63,0x0C,0x63,0x0C,0x63,0x0C,
	0x63,0x0C,0x63,0x0C,0x63,0x0C,0x63,0x0C,0x63,0x0C,0x63,0x0C,0x63,0x0C,0x63,0x0C,
	0x63,0x0C,0x63,0x0C,0x63,0x0C,0x63,0x0C,0x63,0x0C,0x63,0x0C,0x63,0x0C,0x63,0x0C,
	0x63,0x0C,0x63,0x0C,0x63,0x0C,0x63,0x0C,0x63,0x0C,0x63,0x0C,0x63,0x0C,0x63,0x0C,
	0x63,0x0C,0x63,0x0C,0x63,0x0C,0x63,0x0C,0x63,0x0C,0x63,0x0C,0x63,0x0C,0x63,0x0C,

	0x63,0x0C,0x63,0x0C,0x63,0x0C,0x63,0x0C,0x63,0x0C,0x63,0x0C,0x63,0x0C,0x63,0x0C,
	0x63,0x0C,0x63,0x0C,0x63,0x0C,0x63,0x0C,0x63,0x0C,0x63,0x0C,0x63,0x0C,0x63,0x0C,
	0x63,0x0C,0x63,0x0C,0x63,0x0C,0x63,0x0C,0x63,0x0C,0x63,0x0C,0x63,0x0C,0x63,0x0C,
	0x63,0x0C,0x63,0x0C,0x63,0x0C,0x63,0x0C,0x63,0x0C,0x63,0x0C,0x63,0x0C,0x63,0x0C,
	0x63,0x0C,0x63,0x0C,0x63,0x0C,0x63,0x0C,0x6B,0x2D,0x00,0x00,0xEF,0x3D,0x00,0x00,
	0x4A,0x29,0x00,0x00,0x00,0x00,0x00,0x00,0x00,0x00,0x00,0x00,0x00,0x00,0x00,0x00,
	0x00,0x00,0x00,0x00,0x00,0x00,0x00,0x00,0x00,0x00,0x00,0x00,0x00,0x00,0x00,0x00,
	0x00,0x00,0x00,0x00,0x00,0x00,0x00,0x00,0x00,0x00,0x00,0x00,0x00,0x00,0x00,0x00,

	0x63,0x0C,0x63,0x0C,0x63,0x0C,0x63,0x0C,0x63,0x0C,0x63,0x0C,0x63,0x0C,0x63,0x0C,
	0x63,0x0C,0x63,0x0C,0x63,0x0C,0x63,0x0C,0x63,0x0C,0x63,0x0C,0x63,0x0C,0x63,0x0C,
	0x63,0x0C,0x63,0x0C,0x63,0x0C,0x63,0x0C,0x63,0x0C,0x63,0x0C,0x63,0x0C,0x63,0x0C,
	0x4A,0x29,0x63,0x0C,0xEF,0x3D,0x00,0x00,0x08,0x21,0x08,0x21,0x08,0x21,0x08,0x21,
	0x08,0x21,0x08,0x21,0x08,0x21,0x08,0x21,0x08,0x21,0x08,0x21,0x08,0x21,0x08,0x21,
	0x08,0x21,0x08,0x21,0x08,0x21,0x08,0x21,0x08,0x21,0x08,0x21,0x08,0x21,0x08,0x21,
	0x08,0x21,0x08,0x21,0x08,0x21,0x08,0x21,0x08,0x21,0x08,0x21,0x08,0x21,0x08,0x21,
	0x08,0x21,0x08,0x21,0x08,0x21,0x08,0x21,0x08,0x21,0x08,0x21,0x08,0x21,0x08,0x21,

	0x08,0x21,0x08,0x21,0x08,0x21,0x08,0x21,0x08,0x21,0x08,0x21,0x08,0x21,0x08,0x21,
	0x08,0x21,0x08,0x21,0x08,0x21,0x08,0x21,0x08,0x21,0x08,0x21,0x08,0x21,0x08,0x21,
	0x08,0x21,0x08,0x21,0x08,0x21,0x08,0x21,0x08,0x21,0x08,0x21,0x08,0x21,0x08,0x21,
	0x08,0x21,0x10,0x42,0x00,0x00,0x00,0x00,0x00,0x00,0x00,0x00,0x00,0x00,0x00,0x00,
	0x00,0x00,0x00,0x00,0x00,0x00,0x00,0x00,0x00,0x00,0x00,0x00,0x00,0x00,0x00,0x00,
	0x00,0x00,0x00,0x00,0x00,0x00,0x00,0x00,0x00,0x00,0x00,0x00,0x00,0x00,0x00,0x00,
	0x00,0x00,0x00,0x00,0x00,0x00,0x00,0x00,0x00,0x00,0x00,0x00,0x00,0x00,0x00,0x00,
	0x00,0x00,0x00,0x00,0x00,0x00,0x00,0x00,0x00,0x00,0x00,0x00,0x00,0x00,0x00,0x00,

	0x00,0x00,0x00,0x00,0x00,0x00,0x00,0x00,0x00,0x00,0x00,0x00,0x00,0x00,0x00,0x00,
	0x00,0x00,0x00,0x00,0x00,0x00,0x00,0x00,0x00,0x00,0x00,0x00,0x00,0x00,0x00,0x00,
	0x00,0x00,0x00,0x00,0x00,0x00,0x00,0x00,0x00,0x00,0x00,0x00,0x00,0x00,0x00,0x00,
	0x00,0x00,0x00,0x00,0x00,0x00,0x00,0x00,0x00,0x00,0x00,0x00,0x00,0x00,0x00,0x00,
	0x00,0x00,0x00,0x00,0x00,0x00,0x00,0x00,0x00,0x00,0x00,0x00,0x00,0x00,0x00,0x00,
	0x00,0x00,0x00,0x00,0x00,0x00,0x00,0x00,0x00,0x00,0x00,0x00,0x00,0x00,0x00,0x00,
	0x00,0x00,0x00,0x00,0x00,0x00,0x00,0x00,0x00,0x00,0x00,0x00,0x00,0x00,0x00,0x00,
	0x00,0x00,0x00,0x00,0x00,0x00,0x00,0x00,0x00,0x00,0x00,0x00,0x00,0x00,0x00,0x00,

	0x00,0x00,0x00,0x00,0x00,0x00,0x00,0x00,0x00,0x00,0x00,0x00,0x00,0x00,0x00,0x00,
	0x00,0x00,0x00,0x00,0x00,0x00,0x00,0x00,0x00,0x00,0x00,0x00,0x00,0x00,0x00,0x00,
	0x00,0x00,0x00,0x00,0x00,0x00,0x00,0x00,0x6B,0x2D,0x00,0x00,0xEF,0x3D,0x63,0x0C,
	0x4A,0x29,0x63,0x0C,0x63,0x0C,0x63,0x0C,0x63,0x0C,0x63,0x0C,0x63,0x0C,0x63,0x0C,
	0x63,0x0C,0x63,0x0C,0x63,0x0C,0x63,0x0C,0x63,0x0C,0x63,0x0C,0x63,0x0C,0x63,0x0C,
	0x63,0x0C,0x63,0x0C,0x63,0x0C,0x63,0x0C,0x63,0x0C,0x63,0x0C,0x63,0x0C,0x63,0x0C,
	0x00,0x00,0x00,0x00,0x00,0x00,0x00,0x00,0x00,0x00,0x00,0x00,0x00,0x00,0x00,0x00,
	0x00,0x00,0x00,0x00,0x00,0x00,0x00,0x00,0x00,0x00,0x00,0x00,0x00,0x00,0x00,0x00,

	0x00,0x00,0x00,0x00,0x00,0x00,0x00,0x00,0x00,0x00,0x00,0x00,0x00,0x00,0x00,0x00,
	0x4A,0x29,0x00,0x00,0xEF,0x3D,0x00,0x00,0x08,0x21,0x08,0x21,0x08,0x21,0x08,0x21,
	0x08,0x21,0x08,0x21,0x08,0x21,0x08,0x21,0x08,0x21,0x08,0x21,0x08,0x21,0x08,0x21,
	0x08,0x21,0x08,0x21,0x08,0x21,0x08,0x21,0x08,0x21,0x08,0x21,0x08,0x21,0x08,0x21,
	0x08,0x21,0x08,0x21,0x08,0x21,0x08,0x21,0x08,0x21,0x08,0x21,0x08,0x21,0x08,0x21,
	0x08,0x21,0x08,0x21,0x08,0x21,0x08,0x21,0x08,0x21,0x08,0x21,0x08,0x21,0x08,0x21,
	0x08,0x21,0x08,0x21,0x08,0x21,0x08,0x21,0x08,0x21,0x08,0x21,0x08,0x21,0x08,0x21,
	0x08,0x21,0x08,0x21,0x08,0x21,0x08,0x21,0x08,0x21,0x08,0x21,0x08,0x21,0x08,0x21,

	0x08,0x21,0x08,0x21,0x08,0x21,0x08,0x21,0x08,0x21,0x08,0x21,0x08,0x21,0x08,0x21,
	0x08,0x21,0x10,0x42,0x63,0x0C,0x63,0x0C,0x63,0x0C,0x63,0x0C,0x63,0x0C,0x63,0x0C,
	0x63,0x0C,0x63,0x0C,0x63,0x0C,0x63,0x0C,0x63,0x0C,0x63,0x0C,0x63,0x0C,0x63,0x0C,
	0x63,0x0C,0x63,0x0C,0x63,0x0C,0x63,0x0C,0x63,0x0C,0x63,0x0C,0x63,0x0C,0x63,0x0C,
	0x63,0x0C,0x63,0x0C,0x63,0x0C,0x63,0x0C,0x63,0x0C,0x63,0x0C,0x63,0x0C,0x63,0x0C,
	0x63,0x0C,0x63,0x0C,0x63,0x0C,0x63,0x0C,0x63,0x0C,0x63,0x0C,0x63,0x0C,0x63,0x0C,
	0x63,0x0C,0x63,0x0C,0x63,0x0C,0x63,0x0C,0x63,0x0C,0x63,0x0C,0x63,0x0C,0x63,0x0C,
	0x63,0x0C,0x63,0x0C,0x63,0x0C,0x63,0x0C,0x63,0x0C,0x63,0x0C,0x63,0x0C,0x63,0x0C,

	0x63,0x0C,0x63,0x0C,0x63,0x0C,0x63,0x0C,0x63,0x0C,0x63,0x0C,0x63,0x0C,0x63,0x0C,
	0x63,0x0C,0x63,0x0C,0x63,0x0C,0x63,0x0C,0x63,0x0C,0x63,0x0C,0x63,0x0C,0x63,0x0C,
	0x63,0x0C,0x63,0x0C,0x63,0x0C,0x63,0x0C,0x63,0x0C,0x63,0x0C,0x63,0x0C,0x63,0x0C,
	0x63,0x0C,0x63,0x0C,0x63,0x0C,0x63,0x0C,0x63,0x0C,0x63,0x0C,0x63,0x0C,0x63,0x0C,
	0x63,0x0C,0x63,0x0C,0x63,0x0C,0x63,0x0C,0x63,0x0C,0x63,0x0C,0x63,0x0C,0x63,0x0C,
	0x63,0x0C,0x63,0x0C,0x63,0x0C,0x63,0x0C,0x63,0x0C,0x63,0x0C,0x63,0x0C,0x63,0x0C,
	0x63,0x0C,0x63,0x0C,0x63,0x0C,0x63,0x0C,0x63,0x0C,0x63,0x0C,0x63,0x0C,0x63,0x0C,
	0x63,0x0C,0x63,0x0C,0x63,0x0C,0x63,0x0C,0x63,0x0C,0x63,0x0C,0x63,0x0C,0x63,0x0C,

	0x63,0x0C,0x63,0x0C,0x63,0x0C,0x63,0x0C,0x6B,0x2D,0x00,0x00,0xEF,0x3D,0x00,0x00,
	0x4A,0x29,0x00,0x00,0x00,0x00,0x00,0x00,0x00,0x00,0x00,0x00,0x00,0x00,0x00,0x00,
	0x00,0x00,0x00,0x00,0x00,0x00,0x00,0x00,0x00,0x00,0x00,0x00,0x00,0x00,0x00,0x00,
	0x00,0x00,0x00,0x00,0x00,0x00,0x00,0x00,0x00,0x00,0x00,0x00,0x00,0x00,0x00,0x00,
	0x63,0x0C,0x63,0x0C,0x63,0x0C,0x63,0x0C,0x63,0x0C,0x63,0x0C,0x63,0x0C,0x63,0x0C,
	0x63,0x0C,0x63,0x0C,0x63,0x0C,0x63,0x0C,0x63,0x0C,0x63,0x0C,0x63,0x0C,0x63,0x0C,
	0x63,0x0C,0x63,0x0C,0x63,0x0C,0x63,0x0C,0x63,0x0C,0x63,0x0C,0x63,0x0C,0x63,0x0C,
	0x4A,0x29,0x63,0x0C,0xEF,0x3D,0x00,0x00,0xE7,0x1C,0x08,0x21,0xE7,0x1C,0x08,0x21,

	0xE7,0x1C,0x08,0x21,0xE7,0x1C,0x08,0x21,0xE7,0x1C,0x08,0x21,0xE7,0x1C,0x08,0x21,
	0xE7,0x1C,0x08,0x21,0xE7,0x1C,0x08,0x21,0xE7,0x1C,0x08,0x21,0xE7,0x1C,0x08,0x21,
	0xE7,0x1C,0x08,0x21,0xE7,0x1C,0x08,0x21,0xE7,0x1C,0x08,0x21,0xE7,0x1C,0x08,0x21,
	0xE7,0x1C,0x08,0x21,0xE7,0x1C,0x08,0x21,0xE7,0x1C,0x08,0x21,0xE7,0x1C,0x08,0x21,
	0xE7,0x1C,0x08,0x21,0xE7,0x1C,0x08,0x21,0xE7,0x1C,0x08,0x21,0xE7,0x1C,0x08,0x21,
	0xE7,0x1C,0x08,0x21,0xE7,0x1C,0x08,0x21,0xE7,0x1C,0x08,0x21,0xE7,0x1C,0x08,0x21,
	0xE7,0x1C,0x08,0x21,0xE7,0x1C,0x08,0x21,0xE7,0x1C,0x08,0x21,0xE7,0x1C,0x08,0x21,
	0xE7,0x1C,0x10,0x42,0x00,0x00,0x00,0x00,0x00,0x00,0x00,0x00,0x00,0x00,0x00,0x00,

	0x00,0x00,0x00,0x00,0x00,0x00,0x00,0x00,0x00,0x00,0x00,0x00,0x00,0x00,0x00,0x00,
	0x00,0x00,0x00,0x00,0x00,0x00,0x00,0x00,0x00,0x00,0x00,0x00,0x00,0x00,0x00,0x00,
	0x00,0x00,0x00,0x00,0x00,0x00,0x00,0x00,0x00,0x00,0x00,0x00,0x00,0x00,0x00,0x00,
	0x00,0x00,0x00,0x00,0x00,0x00,0x00,0x00,0x00,0x00,0x00,0x00,0x00,0x00,0x00,0x00,
	0x00,0x00,0x00,0x00,0x00,0x00,0x00,0x00,0x00,0x00,0x00,0x00,0x00,0x00,0x00,0x00,
	0x00,0x00,0x00,0x00,0x00,0x00,0x00,0x00,0x00,0x00,0x00,0x00,0x00,0x00,0x00,0x00,
	0x00,0x00,0x00,0x00,0x00,0x00,0x00,0x00,0x00,0x00,0x00,0x00,0x00,0x00,0x00,0x00,
	0x00,0x00,0x00,0x00,0x00,0x00,0x00,0x00,0x00,0x00,0x00,0x00,0x00,0x00,0x00,0x00,

	0x00,0x00,0x00,0x00,0x00,0x00,0x00,0x00,0x00,0x00,0x00,0x00,0x00,0x00,0x00,0x00,
	0x00,0x00,0x00,0x00,0x00,0x00,0x00,0x00,0x00,0x00,0x00,0x00,0x00,0x00,0x00,0x00,
	0x00,0x00,0x00,0x00,0x00,0x00,0x00,0x00,0x00,0x00,0x00,0x00,0x00,0x00,0x00,0x00,
	0x00,0x00,0x00,0x00,0x00,0x00,0x00,0x00,0x00,0x00,0x00,0x00,0x00,0x00,0x00,0x00,
	0x00,0x00,0x00,0x00,0x00,0x00,0x00,0x00,0x00,0x00,0x00,0x00,0x00,0x00,0x00,0x00,
	0x00,0x00,0x00,0x00,0x00,0x00,0x00,0x00,0x00,0x00,0x00,0x00,0x00,0x00,0x00,0x00,
	0x00,0x00,0x00,0x00,0x00,0x00,0x00,0x00,0x6B,0x2D,0x00,0x00,0xEF,0x3D,0x63,0x0C,
	0x4A,0x29,0x63,0x0C,0x63,0x0C,0x63,0x0C,0x63,0x0C,0x63,0x0C,0x63,0x0C,0x63,0x0C,

	0x63,0x0C,0x63,0x0C,0x63,0x0C,0x63,0x0C,0x63,0x0C,0x63,0x0C,0x63,0x0C,0x63,0x0C,
	0x63,0x0C,0x63,0x0C,0x63,0x0C,0x63,0x0C,0x63,0x0C,0x63,0x0C,0x63,0x0C,0x63,0x0C,
	0x00,0x00,0x00,0x00,0x00,0x00,0x00,0x00,0x00,0x00,0x00,0x00,0x00,0x00,0x00,0x00,
	0x00,0x00,0x00,0x00,0x00,0x00,0x00,0x00,0x00,0x00,0x00,0x00,0x00,0x00,0x00,0x00,
	0x00,0x00,0x00,0x00,0x00,0x00,0x00,0x00,0x00,0x00,0x00,0x00,0x00,0x00,0x00,0x00,
	0x4A,0x29,0x00,0x00,0xEF,0x3D,0x00,0x00,0x08,0x21,0xE7,0x1C,0x08,0x21,0xE7,0x1C,
	0x08,0x21,0xE7,0x1C,0x08,0x21,0xE7,0x1C,0x08,0x21,0xE7,0x1C,0x08,0x21,0xE7,0x1C,
	0x08,0x21,0xE7,0x1C,0x08,0x21,0xE7,0x1C,0x08,0x21,0xE7,0x1C,0x08,0x21,0xE7,0x1C,

	0x08,0x21,0xE7,0x1C,0x08,0x21,0xE7,0x1C,0x08,0x21,0xE7,0x1C,0x08,0x21,0xE7,0x1C,
	0x08,0x21,0xE7,0x1C,0x08,0x21,0xE7,0x1C,0x08,0x21,0xE7,0x1C,0x08,0x21,0xE7,0x1C,
	0x08,0x21,0xE7,0x1C,0x08,0x21,0xE7,0x1C,0x08,0x21,0xE7,0x1C,0x08,0x21,0xE7,0x1C,
	0x08,0x21,0xE7,0x1C,0x08,0x21,0xE7,0x1C,0x08,0x21,0xE7,0x1C,0x08,0x21,0xE7,0x1C,
	0x08,0x21,0xE7,0x1C,0x08,0x21,0xE7,0x1C,0x08,0x21,0xE7,0x1C,0x08,0x21,0xE7,0x1C,
	0x08,0x21,0x10,0x42,0x63,0x0C,0x63,0x0C,0x63,0x0C,0x63,0x0C,0x63,0x0C,0x63,0x0C,
	0x63,0x0C,0x63,0x0C,0x63,0x0C,0x63,0x0C,0x63,0x0C,0x63,0x0C,0x63,0x0C,0x63,0x0C,
	0x63,0x0C,0x63,0x0C,0x63,0x0C,0x63,0x0C,0x63,0x0C,0x63,0x0C,0x63,0x0C,0x63,0x0C,

	0x63,0x0C,0x63,0x0C,0x63,0x0C,0x63,0x0C,0x63,0x0C,0x63,0x0C,0x63,0x0C,0x63,0x0C,
	0x63,0x0C,0x63,0x0C,0x63,0x0C,0x63,0x0C,0x63,0x0C,0x63,0x0C,0x63,0x0C,0x63,0x0C,
	0x63,0x0C,0x63,0x0C,0x63,0x0C,0x63,0x0C,0x63,0x0C,0x63,0x0C,0x63,0x0C,0x63,0x0C,
	0x63,0x0C,0x63,0x0C,0x63,0x0C,0x63,0x0C,0x63,0x0C,0x63,0x0C,0x63,0x0C,0x63,0x0C,
	0x63,0x0C,0x63,0x0C,0x63,0x0C,0x63,0x0C,0x63,0x0C,0x63,0x0C,0x63,0x0C,0x63,0x0C,
	0x63,0x0C,0x63,0x0C,0x63,0x0C,0x63,0x0C,0x63,0x0C,0x63,0x0C,0x63,0x0C,0x63,0x0C,
	0x63,0x0C,0x63,0x0C,0x63,0x0C,0x63,0x0C,0x63,0x0C,0x63,0x0C,0x63,0x0C,0x63,0x0C,
	0x63,0x0C,0x63,0x0C,0x63,0x0C,0x63,0x0C,0x63,0x0C,0x63,0x0C,0x63,0x0C,0x63,0x0C,

	0x63,0x0C,0x63,0x0C,0x63,0x0C,0x63,0x0C,0x63,0x0C,0x63,0x0C,0x63,0x0C,0x63,0x0C,
	0x63,0x0C,0x63,0x0C,0x63,0x0C,0x63,0x0C,0x63,0x0C,0x63,0x0C,0x63,0x0C,0x63,0x0C,
	0x63,0x0C,0x63,0x0C,0x63,0x0C,0x63,0x0C,0x63,0x0C,0x63,0x0C,0x63,0x0C,0x63,0x0C,
	0x63,0x0C,0x63,0x0C,0x63,0x0C,0x63,0x0C,0x63,0x0C,0x63,0x0C,0x63,0x0C,0x63,0x0C,
	0x63,0x0C,0x63,0x0C,0x63,0x0C,0x63,0x0C,0x6B,0x2D,0x00,0x00,0xEF,0x3D,0x00,0x00,
	0x4A,0x29,0x00,0x00,0x00,0x00,0x00,0x00,0x00,0x00,0x00,0x00,0x00,0x00,0x00,0x00,
	0x00,0x00,0x00,0x00,0x00,0x00,0x00,0x00,0x00,0x00,0x00,0x00,0x00,0x00,0x00,0x00,
	0x00,0x00,0x00,0x00,0x00,0x00,0x00,0x00,0x00,0x00,0x00,0x00,0x00,0x00,0x00,0x00,

	0x63,0x0C,0x63,0x0C,0x63,0x0C,0x63,0x0C,0x63,0x0C,0x63,0x0C,0x63,0x0C,0x63,0x0C,
	0x63,0x0C,0x63,0x0C,0x63,0x0C,0x63,0x0C,0x63,0x0C,0x63,0x0C,0x63,0x0C,0x63,0x0C,
	0x63,0x0C,0x63,0x0C,0x63,0x0C,0x63,0x0C,0x63,0x0C,0x63,0x0C,0x63,0x0C,0x63,0x0C,
	0x4A,0x29,0x63,0x0C,0xEF,0x3D,0x00,0x00,0xE7,0x1C,0x08,0x21,0xE7,0x1C,0x08,0x21,
	0xE7,0x1C,0x08,0x21,0xE7,0x1C,0x08,0x21,0xE7,0x1C,0x08,0x21,0xE7,0x1C,0x08,0x21,
	0xE7,0x1C,0x08,0x21,0xE7,0x1C,0x08,0x21,0xE7,0x1C,0x08,0x21,0xE7,0x1C,0x08,0x21,
	0xE7,0x1C,0x08,0x21,0xE7,0x1C,0x08,0x21,0xE7,0x1C,0x08,0x21,0xE7,0x1C,0x08,0x21,
	0xE7,0x1C,0x08,0x21,0xE7,0x1C,0x08,0x21,0xE7,0x1C,0x08,0x21,0xE7,0x1C,0x08,0x21,

	0xE7,0x1C,0x08,0x21,0xE7,0x1C,0x08,0x21,0xE7,0x1C,0x08,0x21,0xE7,0x1C,0x08,0x21,
	0xE7,0x1C,0x08,0x21,0xE7,0x1C,0x08,0x21,0xE7,0x1C,0x08,0x21,0xE7,0x1C,0x08,0x21,
	0xE7,0x1C,0x08,0x21,0xE7,0x1C,0x08,0x21,0xE7,0x1C,0x08,0x21,0xE7,0x1C,0x08,0x21,
	0xE7,0x1C,0x10,0x42,0x00,0x00,0x00,0x00,0x00,0x00,0x00,0x00,0x00,0x00,0x00,0x00,
	0x00,0x00,0x00,0x00,0x00,0x00,0x00,0x00,0x00,0x00,0x00,0x00,0x00,0x00,0x00,0x00,
	0x00,0x00,0x00,0x00,0x00,0x00,0x00,0x00,0x00,0x00,0x00,0x00,0x00,0x00,0x00,0x00,
	0x00,0x00,0x00,0x00,0x00,0x00,0x00,0x00,0x00,0x00,0x00,0x00,0x00,0x00,0x00,0x00,
	0x00,0x00,0x00,0x00,0x00,0x00,0x00,0x00,0x00,0x00,0x00,0x00,0x00,0x00,0x00,0x00,

	0x00,0x00,0x00,0x00,0x00,0x00,0x00,0x00,0x00,0x00,0x00,0x00,0x00,0x00,0x00,0x00,
	0x00,0x00,0x00,0x00,0x00,0x00,0x00,0x00,0x00,0x00,0x00,0x00,0x00,0x00,0x00,0x00,
	0x00,0x00,0x00,0x00,0x00,0x00,0x00,0x00,0x00,0x00,0x00,0x00,0x00,0x00,0x00,0x00,
	0x00,0x00,0x00,0x00,0x00,0x00,0x00,0x00,0x00,0x00,0x00,0x00,0x00,0x00,0x00,0x00,
	0x00,0x00,0x00,0x00,0x00,0x00,0x00,0x00,0x00,0x00,0x00,0x00,0x00,0x00,0x00,0x00,
	0x00,0x00,0x00,0x00,0x00,0x00,0x00,0x00,0x00,0x00,0x00,0x00,0x00,0x00,0x00,0x00,
	0x00,0x00,0x00,0x00,0x00,0x00,0x00,0x00,0x00,0x00,0x00,0x00,0x00,0x00,0x00,0x00,
	0x00,0x00,0x00,0x00,0x00,0x00,0x00,0x00,0x00,0x00,0x00,0x00,0x00,0x00,0x00,0x00,

	0x00,0x00,0x00,0x00,0x00,0x00,0x00,0x00,0x00,0x00,0x00,0x00,0x00,0x00,0x00,0x00,
	0x00,0x00,0x00,0x00,0x00,0x00,0x00,0x00,0x00,0x00,0x00,0x00,0x00,0x00,0x00,0x00,
	0x00,0x00,0x00,0x00,0x00,0x00,0x00,0x00,0x6B,0x2D,0x00,0x00,0xEF,0x3D,0x63,0x0C,
	0x4A,0x29,0x63,0x0C,0x63,0x0C,0x63,0x0C,0x63,0x0C,0x63,0x0C,0x63,0x0C,0x63,0x0C,
	0x63,0x0C,0x63,0x0C,0x63,0x0C,0x63,0x0C,0x63,0x0C,0x63,0x0C,0x63,0x0C,0x63,0x0C,
	0x63,0x0C,0x63,0x0C,0x63,0x0C,0x63,0x0C,0x63,0x0C,0x63,0x0C,0x63,0x0C,0x63,0x0C,
	0x00,0x00,0x00,0x00,0x00,0x00,0x00,0x00,0x00,0x00,0x00,0x00,0x00,0x00,0x00,0x00,
	0x00,0x00,0x00,0x00,0x00,0x00,0x00,0x00,0x00,0x00,0x00,0x00,0x00,0x00,0x00,0x00,

	0x00,0x00,0x00,0x00,0x00,0x00,0x00,0x00,0x00,0x00,0x00,0x00,0x00,0x00,0x00,0x00,
	0x4A,0x29,0x00,0x00,0xEF,0x3D,0x00,0x00,0xE7,0x1C,0xE7,0x1C,0xE7,0x1C,0xE7,0x1C,
	0xE7,0x1C,0xE7,0x1C,0xE7,0x1C,0xE7,0x1C,0xE7,0x1C,0xE7,0x1C,0xE7,0x1C,0xE7,0x1C,
	0xE7,0x1C,0xE7,0x1C,0xE7,0x1C,0xE7,0x1C,0xE7,0x1C,0xE7,0x1C,0xE7,0x1C,0xE7,0x1C,
	0xE7,0x1C,0xE7,0x1C,0xE7,0x1C,0xE7,0x1C,0xE7,0x1C,0xE7,0x1C,0xE7,0x1C,0xE7,0x1C,
	0xE7,0x1C,0xE7,0x1C,0xE7,0x1C,0xE7,0x1C,0xE7,0x1C,0xE7,0x1C,0xE7,0x1C,0xE7,0x1C,
	0xE7,0x1C,0xE7,0x1C,0xE7,0x1C,0xE7,0x1C,0xE7,0x1C,0xE7,0x1C,0xE7,0x1C,0xE7,0x1C,
	0xE7,0x1C,0xE7,0x1C,0xE7,0x1C,0xE7,0x1C,0xE7,0x1C,0xE7,0x1C,0xE7,0x1C,0xE7,0x1C,

	0xE7,0x1C,0xE7,0x1C,0xE7,0x1C,0xE7,0x1C,0xE7,0x1C,0xE7,0x1C,0xE7,0x1C,0xE7,0x1C,
	0xE7,0x1C,0x10,0x42,0x63,0x0C,0x63,0x0C,0x63,0x0C,0x63,0x0C,0x63,0x0C,0x63,0x0C,
	0x63,0x0C,0x63,0x0C,0x63,0x0C,0x63,0x0C,0x63,0x0C,0x63,0x0C,0x63,0x0C,0x63,0x0C,
	0x63,0x0C,0x63,0x0C,0x63,0x0C,0x63,0x0C,0x63,0x0C,0x63,0x0C,0x63,0x0C,0x63,0x0C,
	0x63,0x0C,0x63,0x0C,0x63,0x0C,0x63,0x0C,0x63,0x0C,0x63,0x0C,0x63,0x0C,0x63,0x0C,
	0x63,0x0C,0x63,0x0C,0x63,0x0C,0x63,0x0C,0x63,0x0C,0x63,0x0C,0x63,0x0C,0x63,0x0C,
	0x63,0x0C,0x63,0x0C,0x63,0x0C,0x63,0x0C,0x63,0x0C,0x63,0x0C,0x63,0x0C,0x63,0x0C,
	0x63,0x0C,0x63,0x0C,0x63,0x0C,0x63,0x0C,0x63,0x0C,0x63,0x0C,0x63,0x0C,0x63,0x0C,

	0x63,0x0C,0x63,0x0C,0x63,0x0C,0x63,0x0C,0x63,0x0C,0x63,0x0C,0x63,0x0C,0x63,0x0C,
	0x63,0x0C,0x63,0x0C,0x63,0x0C,0x63,0x0C,0x63,0x0C,0x63,0x0C,0x63,0x0C,0x63,0x0C,
	0x63,0x0C,0x63,0x0C,0x63,0x0C,0x63,0x0C,0x63,0x0C,0x63,0x0C,0x63,0x0C,0x63,0x0C,
	0x63,0x0C,0x63,0x0C,0x63,0x0C,0x63,0x0C,0x63,0x0C,0x63,0x0C,0x63,0x0C,0x63,0x0C,
	0x63,0x0C,0x63,0x0C,0x63,0x0C,0x63,0x0C,0x63,0x0C,0x63,0x0C,0x63,0x0C,0x63,0x0C,
	0x63,0x0C,0x63,0x0C,0x63,0x0C,0x63,0x0C,0x63,0x0C,0x63,0x0C,0x63,0x0C,0x63,0x0C,
	0x63,0x0C,0x63,0x0C,0x63,0x0C,0x63,0x0C,0x63,0x0C,0x63,0x0C,0x63,0x0C,0x63,0x0C,
	0x63,0x0C,0x63,0x0C,0x63,0x0C,0x63,0x0C,0x63,0x0C,0x63,0x0C,0x63,0x0C,0x63,0x0C,

	0x63,0x0C,0x63,0x0C,0x63,0x0C,0x63,0x0C,0x6B,0x2D,0x00,0x00,0xEF,0x3D,0x00,0x00,
	0x4A,0x29,0x00,0x00,0x00,0x00,0x00,0x00,0x00,0x00,0x00,0x00,0x00,0x00,0x00,0x00,
	0x00,0x00,0x00,0x00,0x00,0x00,0x00,0x00,0x00,0x00,0x00,0x00,0x00,0x00,0x00,0x00,
	0x00,0x00,0x00,0x00,0x00,0x00,0x00,0x00,0x00,0x00,0x00,0x00,0x00,0x00,0x00,0x00,
	0x63,0x0C,0x63,0x0C,0x63,0x0C,0x63,0x0C,0x63,0x0C,0x63,0x0C,0x63,0x0C,0x63,0x0C,
	0x63,0x0C,0x63,0x0C,0x63,0x0C,0x63,0x0C,0x63,0x0C,0x63,0x0C,0x63,0x0C,0x63,0x0C,
	0x63,0x0C,0x63,0x0C,0x63,0x0C,0x63,0x0C,0x63,0x0C,0x63,0x0C,0x63,0x0C,0x63,0x0C,
	0x4A,0x29,0x63,0x0C,0xEF,0x3D,0x00,0x00,0xE7,0x1C,0xE7,0x1C,0xE7,0x1C,0xE7,0x1C,

	0xE7,0x1C,0xE7,0x1C,0xE7,0x1C,0xE7,0x1C,0xE7,0x1C,0xE7,0x1C,0xE7,0x1C,0xE7,0x1C,
	0xE7,0x1C,0xE7,0x1C,0xE7,0x1C,0xE7,0x1C,0xE7,0x1C,0xE7,0x1C,0xE7,0x1C,0xE7,0x1C,
	0xE7,0x1C,0xE7,0x1C,0xE7,0x1C,0xE7,0x1C,0xE7,0x1C,0xE7,0x1C,0xE7,0x1C,0xE7,0x1C,
	0xE7,0x1C,0xE7,0x1C,0xE7,0x1C,0xE7,0x1C,0xE7,0x1C,0xE7,0x1C,0xE7,0x1C,0xE7,0x1C,
	0xE7,0x1C,0xE7,0x1C,0xE7,0x1C,0xE7,0x1C,0xE7,0x1C,0xE7,0x1C,0xE7,0x1C,0xE7,0x1C,
	0xE7,0x1C,0xE7,0x1C,0xE7,0x1C,0xE7,0x1C,0xE7,0x1C,0xE7,0x1C,0xE7,0x1C,0xE7,0x1C,
	0xE7,0x1C,0xE7,0x1C,0xE7,0x1C,0xE7,0x1C,0xE7,0x1C,0xE7,0x1C,0xE7,0x1C,0xE7,0x1C,
	0xE7,0x1C,0x10,0x42,0x00,0x00,0x00,0x00,0x00,0x00,0x00,0x00,0x00,0x00,0x00,0x00,

	0x00,0x00,0x00,0x00,0x00,0x00,0x00,0x00,0x00,0x00,0x00,0x00,0x00,0x00,0x00,0x00,
	0x00,0x00,0x00,0x00,0x00,0x00,0x00,0x00,0x00,0x00,0x00,0x00,0x00,0x00,0x00,0x00,
	0x00,0x00,0x00,0x00,0x00,0x00,0x00,0x00,0x00,0x00,0x00,0x00,0x00,0x00,0x00,0x00,
	0x00,0x00,0x00,0x00,0x00,0x00,0x00,0x00,0x00,0x00,0x00,0x00,0x00,0x00,0x00,0x00,
	0x00,0x00,0x00,0x00,0x00,0x00,0x00,0x00,0x00,0x00,0x00,0x00,0x00,0x00,0x00,0x00,
	0x00,0x00,0x00,0x00,0x00,0x00,0x00,0x00,0x00,0x00,0x00,0x00,0x00,0x00,0x00,0x00,
	0x00,0x00,0x00,0x00,0x00,0x00,0x00,0x00,0x00,0x00,0x00,0x00,0x00,0x00,0x00,0x00,
	0x00,0x00,0x00,0x00,0x00,0x00,0x00,0x00,0x00,0x00,0x00,0x00,0x00,0x00,0x00,0x00,

	0x00,0x00,0x00,0x00,0x00,0x00,0x00,0x00,0x00,0x00,0x00,0x00,0x00,0x00,0x00,0x00,
	0x00,0x00,0x00,0x00,0x00,0x00,0x00,0x00,0x00,0x00,0x00,0x00,0x00,0x00,0x00,0x00,
	0x00,0x00,0x00,0x00,0x00,0x00,0x00,0x00,0x00,0x00,0x00,0x00,0x00,0x00,0x00,0x00,
	0x00,0x00,0x00,0x00,0x00,0x00,0x00,0x00,0x00,0x00,0x00,0x00,0x00,0x00,0x00,0x00,
	0x00,0x00,0x00,0x00,0x00,0x00,0x00,0x00,0x00,0x00,0x00,0x00,0x00,0x00,0x00,0x00,
	0x00,0x00,0x00,0x00,0x00,0x00,0x00,0x00,0x00,0x00,0x00,0x00,0x00,0x00,0x00,0x00,
	0x00,0x00,0x00,0x00,0x00,0x00,0x00,0x00,0x6B,0x2D,0x00,0x00,0xEF,0x3D,0x63,0x0C,
	0x4A,0x29,0x63,0x0C,0x63,0x0C,0x63,0x0C,0x63,0x0C,0x63,0x0C,0x63,0x0C,0x63,0x0C,

	0x63,0x0C,0x63,0x0C,0x63,0x0C,0x63,0x0C,0x63,0x0C,0x63,0x0C,0x63,0x0C,0x63,0x0C,
	0x63,0x0C,0x63,0x0C,0x63,0x0C,0x63,0x0C,0x63,0x0C,0x63,0x0C,0x63,0x0C,0x63,0x0C,
	0x00,0x00,0x00,0x00,0x00,0x00,0x00,0x00,0x00,0x00,0x00,0x00,0x00,0x00,0x00,0x00,
	0x00,0x00,0x00,0x00,0x00,0x00,0x00,0x00,0x00,0x00,0x00,0x00,0x00,0x00,0x00,0x00,
	0x00,0x00,0x00,0x00,0x00,0x00,0x00,0x00,0x00,0x00,0x00,0x00,0x00,0x00,0x00,0x00,
	0x4A,0x29,0x00,0x00,0xEF,0x3D,0x00,0x00,0xE7,0x1C,0xE7,0x1C,0xE7,0x1C,0xE7,0x1C,
	0xE7,0x1C,0xE7,0x1C,0xE7,0x1C,0xE7,0x1C,0xE7,0x1C,0xE7,0x1C,0xE7,0x1C,0xE7,0x1C,
	0xE7,0x1C,0xE7,0x1C,0xE7,0x1C,0xE7,0x1C,0xE7,0x1C,0xE7,0x1C,0xE7,0x1C,0xE7,0x1C,

	0xE7,0x1C,0xE7,0x1C,0xE7,0x1C,0xE7,0x1C,0xE7,0x1C,0xE7,0x1C,0xE7,0x1C,0xE7,0x1C,
	0xE7,0x1C,0xE7,0x1C,0xE7,0x1C,0xE7,0x1C,0xE7,0x1C,0xE7,0x1C,0xE7,0x1C,0xE7,0x1C,
	0xE7,0x1C,0xE7,0x1C,0xE7,0x1C,0xE7,0x1C,0xE7,0x1C,0xE7,0x1C,0xE7,0x1C,0xE7,0x1C,
	0xE7,0x1C,0xE7,0x1C,0xE7,0x1C,0xE7,0x1C,0xE7,0x1C,0xE7,0x1C,0xE7,0x1C,0xE7,0x1C,
	0xE7,0x1C,0xE7,0x1C,0xE7,0x1C,0xE7,0x1C,0xE7,0x1C,0xE7,0x1C,0xE7,0x1C,0xE7,0x1C,
	0xE7,0x1C,0x10,0x42,0x63,0x0C,0x63,0x0C,0x63,0x0C,0x63,0x0C,0x63,0x0C,0x63,0x0C,
	0x63,0x0C,0x63,0x0C,0x63,0x0C,0x63,0x0C,0x63,0x0C,0x63,0x0C,0x63,0x0C,0x63,0x0C,
	0x63,0x0C,0x63,0x0C,0x63,0x0C,0x63,0x0C,0x63,0x0C,0x63,0x0C,0x63,0x0C,0x63,0x0C,

	0x63,0x0C,0x63,0x0C,0x63,0x0C,0x63,0x0C,0x63,0x0C,0x63,0x0C,0x63,0x0C,0x63,0x0C,
	0x63,0x0C,0x63,0x0C,0x63,0x0C,0x63,0x0C,0x63,0x0C,0x63,0x0C,0x63,0x0C,0x63,0x0C,
	0x63,0x0C,0x63,0x0C,0x63,0x0C,0x63,0x0C,0x63,0x0C,0x63,0x0C,0x63,0x0C,0x63,0x0C,
	0x63,0x0C,0x63,0x0C,0x63,0x0C,0x63,0x0C,0x63,0x0C,0x63,0x0C,0x63,0x0C,0x63,0x0C,
	0x63,0x0C,0x63,0x0C,0x63,0x0C,0x63,0x0C,0x63,0x0C,0x63,0x0C,0x63,0x0C,0x63,0x0C,
	0x63,0x0C,0x63,0x0C,0x63,0x0C,0x63,0x0C,0x63,0x0C,0x63,0x0C,0x63,0x0C,0x63,0x0C,
	0x63,0x0C,0x63,0x0C,0x63,0x0C,0x63,0x0C,0x63,0x0C,0x63,0x0C,0x63,0x0C,0x63,0x0C,
	0x63,0x0C,0x63,0x0C,0x63,0x0C,0x63,0x0C,0x63,0x0C,0x63,0x0C,0x63,0x0C,0x63,0x0C,

	0x63,0x0C,0x63,0x0C,0x63,0x0C,0x63,0x0C,0x63,0x0C,0x63,0x0C,0x63,0x0C,0x63,0x0C,
	0x63,0x0C,0x63,0x0C,0x63,0x0C,0x63,0x0C,0x63,0x0C,0x63,0x0C,0x63,0x0C,0x63,0x0C,
	0x63,0x0C,0x63,0x0C,0x63,0x0C,0x63,0x0C,0x63,0x0C,0x63,0x0C,0x63,0x0C,0x63,0x0C,
	0x63,0x0C,0x63,0x0C,0x63,0x0C,0x63,0x0C,0x63,0x0C,0x63,0x0C,0x63,0x0C,0x63,0x0C,
	0x63,0x0C,0x63,0x0C,0x63,0x0C,0x63,0x0C,0x6B,0x2D,0x00,0x00,0xEF,0x3D,0x00,0x00,
	0x4A,0x29,0x00,0x00,0x00,0x00,0x00,0x00,0x00,0x00,0x00,0x00,0x00,0x00,0x00,0x00,
	0x00,0x00,0x00,0x00,0x00,0x00,0x00,0x00,0x00,0x00,0x00,0x00,0x00,0x00,0x00,0x00,
	0x00,0x00,0x00,0x00,0x00,0x00,0x00,0x00,0x00,0x00,0x00,0x00,0x00,0x00,0x00,0x00,

	0x63,0x0C,0x63,0x0C,0x63,0x0C,0x63,0x0C,0x63,0x0C,0x63,0x0C,0x63,0x0C,0x63,0x0C,
	0x63,0x0C,0x63,0x0C,0x63,0x0C,0x63,0x0C,0x63,0x0C,0x63,0x0C,0x63,0x0C,0x63,0x0C,
	0x63,0x0C,0x63,0x0C,0x63,0x0C,0x63,0x0C,0x63,0x0C,0x63,0x0C,0x63,0x0C,0x63,0x0C,
	0x4A,0x29,0x63,0x0C,0xEF,0x3D,0x00,0x00,0xC6,0x18,0xE7,0x1C,0xC6,0x18,0xE7,0x1C,
	0xC6,0x18,0xE7,0x1C,0xC6,0x18,0xE7,0x1C,0xC6,0x18,0xE7,0x1C,0xC6,0x18,0xE7,0x1C,
	0xC6,0x18,0xE7,0x1C,0xC6,0x18,0xE7,0x1C,0xC6,0x18,0xE7,0x1C,0xC6,0x18,0xE7,0x1C,
	0xC6,0x18,0xE7,0x1C,0xC6,0x18,0xE7,0x1C,0xC6,0x18,0xE7,0x1C,0xC6,0x18,0xE7,0x1C,
	0xC6,0x18,0xE7,0x1C,0xC6,0x18,0xE7,0x1C,0xC6,0x18,0xE7,0x1C,0xC6,0x18,0xE7,0x1C,

	0xC6,0x18,0xE7,0x1C,0xC6,0x18,0xE7,0x1C,0xC6,0x18,0xE7,0x1C,0xC6,0x18,0xE7,0x1C,
	0xC6,0x18,0xE7,0x1C,0xC6,0x18,0xE7,0x1C,0xC6,0x18,0xE7,0x1C,0xC6,0x18,0xE7,0x1C,
	0xC6,0x18,0xE7,0x1C,0xC6,0x18,0xE7,0x1C,0xC6,0x18,0xE7,0x1C,0xC6,0x18,0xE7,0x1C,
	0xC6,0x18,0x10,0x42,0x00,0x00,0x00,0x00,0x00,0x00,0x00,0x00,0x00,0x00,0x00,0x00,
	0x00,0x00,0x00,0x00,0x00,0x00,0x00,0x00,0x00,0x00,0x00,0x00,0x00,0x00,0x00,0x00,
	0x00,0x00,0x00,0x00,0x00,0x00,0x00,0x00,0x00,0x00,0x00,0x00,0x00,0x00,0x00,0x00,
	0x00,0x00,0x00,0x00,0x00,0x00,0x00,0x00,0x00,0x00,0x00,0x00,0x00,0x00,0x00,0x00,
	0x00,0x00,0x00,0x00,0x00,0x00,0x00,0x00,0x00,0x00,0x00,0x00,0x00,0x00,0x00,0x00,

	0x00,0x00,0x00,0x00,0x00,0x00,0x00,0x00,0x00,0x00,0x00,0x00,0x00,0x00,0x00,0x00,
	0x00,0x00,0x00,0x00,0x00,0x00,0x00,0x00,0x00,0x00,0x00,0x00,0x00,0x00,0x00,0x00,
	0x00,0x00,0x00,0x00,0x00,0x00,0x00,0x00,0x00,0x00,0x00,0x00,0x00,0x00,0x00,0x00,
	0x00,0x00,0x00,0x00,0x00,0x00,0x00,0x00,0x00,0x00,0x00,0x00,0x00,0x00,0x00,0x00,
	0x00,0x00,0x00,0x00,0x00,0x00,0x00,0x00,0x00,0x00,0x00,0x00,0x00,0x00,0x00,0x00,
	0x00,0x00,0x00,0x00,0x00,0x00,0x00,0x00,0x00,0x00,0x00,0x00,0x00,0x00,0x00,0x00,
	0x00,0x00,0x00,0x00,0x00,0x00,0x00,0x00,0x00,0x00,0x00,0x00,0x00,0x00,0x00,0x00,
	0x00,0x00,0x00,0x00,0x00,0x00,0x00,0x00,0x00,0x00,0x00,0x00,0x00,0x00,0x00,0x00,

	0x00,0x00,0x00,0x00,0x00,0x00,0x00,0x00,0x00,0x00,0x00,0x00,0x00,0x00,0x00,0x00,
	0x00,0x00,0x00,0x00,0x00,0x00,0x00,0x00,0x00,0x00,0x00,0x00,0x00,0x00,0x00,0x00,
	0x00,0x00,0x00,0x00,0x00,0x00,0x00,0x00,0x6B,0x2D,0x00,0x00,0xEF,0x3D,0x63,0x0C,
	0x4A,0x29,0x63,0x0C,0x63,0x0C,0x63,0x0C,0x63,0x0C,0x63,0x0C,0x63,0x0C,0x63,0x0C,
	0x63,0x0C,0x63,0x0C,0x63,0x0C,0x63,0x0C,0x63,0x0C,0x63,0x0C,0x63,0x0C,0x63,0x0C,
	0x63,0x0C,0x63,0x0C,0x63,0x0C,0x63,0x0C,0x63,0x0C,0x63,0x0C,0x63,0x0C,0x63,0x0C,
	0x00,0x00,0x00,0x00,0x00,0x00,0x00,0x00,0x00,0x00,0x00,0x00,0x00,0x00,0x00,0x00,
	0x00,0x00,0x00,0x00,0x00,0x00,0x00,0x00,0x00,0x00,0x00,0x00,0x00,0x00,0x00,0x00,

	0x00,0x00,0x00,0x00,0x00,0x00,0x00,0x00,0x00,0x00,0x00,0x00,0x00,0x00,0x00,0x00,
	0x4A,0x29,0x00,0x00,0xEF,0x3D,0x00,0x00,0xE7,0x1C,0xC6,0x18,0xE7,0x1C,0xC6,0x18,
	0xE7,0x1C,0xC6,0x18,0xE7,0x1C,0xC6,0x18,0xE7,0x1C,0xC6,0x18,0xE7,0x1C,0xC6,0x18,
	0xE7,0x1C,0xC6,0x18,0xE7,0x1C,0xC6,0x18,0xE7,0x1C,0xC6,0x18,0xE7,0x1C,0xC6,0x18,
	0xE7,0x1C,0xC6,0x18,0xE7,0x1C,0xC6,0x18,0xE7,0x1C,0xC6,0x18,0xE7,0x1C,0xC6,0x18,
	0xE7,0x1C,0xC6,0x18,0xE7,0x1C,0xC6,0x18,0xE7,0x1C,0xC6,0x18,0xE7,0x1C,0xC6,0x18,
	0xE7,0x1C,0xC6,0x18,0xE7,0x1C,0xC6,0x18,0xE7,0x1C,0xC6,0x18,0xE7,0x1C,0xC6,0x18,
	0xE7,0x1C,0xC6,0x18,0xE7,0x1C,0xC6,0x18,0xE7,0x1C,0xC6,0x18,0xE7,0x1C,0xC6,0x18,

	0xE7,0x1C,0xC6,0x18,0xE7,0x1C,0xC6,0x18,0xE7,0x1C,0xC6,0x18,0xE7,0x1C,0xC6,0x18,
	0xE7,0x1C,0x10,0x42,0x63,0x0C,0x63,0x0C,0x63,0x0C,0x63,0x0C,0x63,0x0C,0x63,0x0C,
	0x63,0x0C,0x63,0x0C,0x63,0x0C,0x63,0x0C,0x63,0x0C,0x63,0x0C,0x63,0x0C,0x63,0x0C,
	0x63,0x0C,0x63,0x0C,0x63,0x0C,0x63,0x0C,0x63,0x0C,0x63,0x0C,0x63,0x0C,0x63,0x0C,
	0x63,0x0C,0x63,0x0C,0x63,0x0C,0x63,0x0C,0x63,0x0C,0x63,0x0C,0x63,0x0C,0x63,0x0C,
	0x63,0x0C,0x63,0x0C,0x63,0x0C,0x63,0x0C,0x63,0x0C,0x63,0x0C,0x63,0x0C,0x63,0x0C,
	0x63,0x0C,0x63,0x0C,0x63,0x0C,0x63,0x0C,0x63,0x0C,0x63,0x0C,0x63,0x0C,0x63,0x0C,
	0x63,0x0C,0x63,0x0C,0x63,0x0C,0x63,0x0C,0x63,0x0C,0x63,0x0C,0x63,0x0C,0x63,0x0C,

	0x63,0x0C,0x63,0x0C,0x63,0x0C,0x63,0x0C,0x63,0x0C,0x63,0x0C,0x63,0x0C,0x63,0x0C,
	0x63,0x0C,0x63,0x0C,0x63,0x0C,0x63,0x0C,0x63,0x0C,0x63,0x0C,0x63,0x0C,0x63,0x0C,
	0x63,0x0C,0x63,0x0C,0x63,0x0C,0x63,0x0C,0x63,0x0C,0x63,0x0C,0x63,0x0C,0x63,0x0C,
	0x63,0x0C,0x63,0x0C,0x63,0x0C,0x63,0x0C,0x63,0x0C,0x63,0x0C,0x63,0x0C,0x63,0x0C,
	0x63,0x0C,0x63,0x0C,0x63,0x0C,0x63,0x0C,0x63,0x0C,0x63,0x0C,0x63,0x0C,0x63,0x0C,
	0x63,0x0C,0x63,0x0C,0x63,0x0C,0x63,0x0C,0x63,0x0C,0x63,0x0C,0x63,0x0C,0x63,0x0C,
	0x63,0x0C,0x63,0x0C,0x63,0x0C,0x63,0x0C,0x63,0x0C,0x63,0x0C,0x63,0x0C,0x63,0x0C,
	0x63,0x0C,0x63,0x0C,0x63,0x0C,0x63,0x0C,0x63,0x0C,0x63,0x0C,0x63,0x0C,0x63,0x0C,

	0x63,0x0C,0x63,0x0C,0x63,0x0C,0x63,0x0C,0x6B,0x2D,0x00,0x00,0xEF,0x3D,0x00,0x00,
	0x4A,0x29,0x00,0x00,0x00,0x00,0x00,0x00,0x00,0x00,0x00,0x00,0x00,0x00,0x00,0x00,
	0x00,0x00,0x00,0x00,0x00,0x00,0x00,0x00,0x00,0x00,0x00,0x00,0x00,0x00,0x00,0x00,
	0x00,0x00,0x00,0x00,0x00,0x00,0x00,0x00,0x00,0x00,0x00,0x00,0x00,0x00,0x00,0x00,
	0x63,0x0C,0x63,0x0C,0x63,0x0C,0x63,0x0C,0x63,0x0C,0x63,0x0C,0x63,0x0C,0x63,0x0C,
	0x63,0x0C,0x63,0x0C,0x63,0x0C,0x63,0x0C,0x63,0x0C,0x63,0x0C,0x63,0x0C,0x63,0x0C,
	0x63,0x0C,0x63,0x0C,0x63,0x0C,0x63,0x0C,0x63,0x0C,0x63,0x0C,0x63,0x0C,0x63,0x0C,
	0x4A,0x29,0x63,0x0C,0xEF,0x3D,0x00,0x00,0xC6,0x18,0xE7,0x1C,0xC6,0x18,0xE7,0x1C,

	0xC6,0x18,0xE7,0x1C,0xC6,0x18,0xE7,0x1C,0xC6,0x18,0xE7,0x1C,0xC6,0x18,0xE7,0x1C,
	0xC6,0x18,0xE7,0x1C,0xC6,0x18,0xE7,0x1C,0xC6,0x18,0xE7,0x1C,0xC6,0x18,0xE7,0x1C,
	0xC6,0x18,0xE7,0x1C,0xC6,0x18,0xE7,0x1C,0xC6,0x18,0xE7,0x1C,0xC6,0x18,0xE7,0x1C,
	0xC6,0x18,0xE7,0x1C,0xC6,0x18,0xE7,0x1C,0xC6,0x18,0xE7,0x1C,0xC6,0x18,0xE7,0x1C,
	0xC6,0x18,0xE7,0x1C,0xC6,0x18,0xE7,0x1C,0xC6,0x18,0xE7,0x1C,0xC6,0x18,0xE7,0x1C,
	0xC6,0x18,0xE7,0x1C,0xC6,0x18,0xE7,0x1C,0xC6,0x18,0xE7,0x1C,0xC6,0x18,0xE7,0x1C,
	0xC6,0x18,0xE7,0x1C,0xC6,0x18,0xE7,0x1C,0xC6,0x18,0xE7,0x1C,0xC6,0x18,0xE7,0x1C,
	0xC6,0x18,0x10,0x42,0x00,0x00,0x00,0x00,0x00,0x00,0x00,0x00,0x00,0x00,0x00,0x00,

	0x00,0x00,0x00,0x00,0x00,0x00,0x00,0x00,0x00,0x00,0x00,0x00,0x00,0x00,0x00,0x00,
	0x00,0x00,0x00,0x00,0x00,0x00,0x00,0x00,0x00,0x00,0x00,0x00,0x00,0x00,0x00,0x00,
	0x00,0x00,0x00,0x00,0x00,0x00,0x00,0x00,0x00,0x00,0x00,0x00,0x00,0x00,0x00,0x00,
	0x00,0x00,0x00,0x00,0x00,0x00,0x00,0x00,0x00,0x00,0x00,0x00,0x00,0x00,0x00,0x00,
	0x00,0x00,0x00,0x00,0x00,0x00,0x00,0x00,0x00,0x00,0x00,0x00,0x00,0x00,0x00,0x00,
	0x00,0x00,0x00,0x00,0x00,0x00,0x00,0x00,0x00,0x00,0x00,0x00,0x00,0x00,0x00,0x00,
	0x00,0x00,0x00,0x00,0x00,0x00,0x00,0x00,0x00,0x00,0x00,0x00,0x00,0x00,0x00,0x00,
	0x00,0x00,0x00,0x00,0x00,0x00,0x00,0x00,0x00,0x00,0x00,0x00,0x00,0x00,0x00,0x00,

	0x00,0x00,0x00,0x00,0x00,0x00,0x00,0x00,0x00,0x00,0x00,0x00,0x00,0x00,0x00,0x00,
	0x00,0x00,0x00,0x00,0x00,0x00,0x00,0x00,0x00,0x00,0x00,0x00,0x00,0x00,0x00,0x00,
	0x00,0x00,0x00,0x00,0x00,0x00,0x00,0x00,0x00,0x00,0x00,0x00,0x00,0x00,0x00,0x00,
	0x00,0x00,0x00,0x00,0x00,0x00,0x00,0x00,0x00,0x00,0x00,0x00,0x00,0x00,0x00,0x00,
	0x00,0x00,0x00,0x00,0x00,0x00,0x00,0x00,0x00,0x00,0x00,0x00,0x00,0x00,0x00,0x00,
	0x00,0x00,0x00,0x00,0x00,0x00,0x00,0x00,0x00,0x00,0x00,0x00,0x00,0x00,0x00,0x00,
	0x00,0x00,0x00,0x00,0x00,0x00,0x00,0x00,0x6B,0x2D,0x00,0x00,0xEF,0x3D,0x63,0x0C,
	0x4A,0x29,0x63,0x0C,0x63,0x0C,0x63,0x0C,0x63,0x0C,0x63,0x0C,0x63,0x0C,0x63,0x0C,

	0x63,0x0C,0x63,0x0C,0x63,0x0C,0x63,0x0C,0x63,0x0C,0x63,0x0C,0x63,0x0C,0x63,0x0C,
	0x63,0x0C,0x63,0x0C,0x63,0x0C,0x63,0x0C,0x63,0x0C,0x63,0x0C,0x63,0x0C,0x63,0x0C,
	0x00,0x00,0x00,0x00,0x00,0x00,0x00,0x00,0x00,0x00,0x00,0x00,0x00,0x00,0x00,0x00,
	0x00,0x00,0x00,0x00,0x00,0x00,0x00,0x00,0x00,0x00,0x00,0x00,0x00,0x00,0x00,0x00,
	0x00,0x00,0x00,0x00,0x00,0x00,0x00,0x00,0x00,0x00,0x00,0x00,0x00,0x00,0x00,0x00,
	0x4A,0x29,0x00,0x00,0xEF,0x3D,0x00,0x00,0xC6,0x18,0xC6,0x18,0xC6,0x18,0xC6,0x18,
	0xC6,0x18,0xC6,0x18,0xC6,0x18,0xC6,0x18,0xC6,0x18,0xC6,0x18,0xC6,0x18,0xC6,0x18,
	0xC6,0x18,0xC6,0x18,0xC6,0x18,0xC6,0x18,0xC6,0x18,0xC6,0x18,0xC6,0x18,0xC6,0x18,

	0xC6,0x18,0xC6,0x18,0xC6,0x18,0xC6,0x18,0xC6,0x18,0xC6,0x18,0xC6,0x18,0xC6,0x18,
	0xC6,0x18,0xC6,0x18,0xC6,0x18,0xC6,0x18,0xC6,0x18,0xC6,0x18,0xC6,0x18,0xC6,0x18,
	0xC6,0x18,0xC6,0x18,0xC6,0x18,0xC6,0x18,0xC6,0x18,0xC6,0x18,0xC6,0x18,0xC6,0x18,
	0xC6,0x18,0xC6,0x18,0xC6,0x18,0xC6,0x18,0xC6,0x18,0xC6,0x18,0xC6,0x18,0xC6,0x18,
	0xC6,0x18,0xC6,0x18,0xC6,0x18,0xC6,0x18,0xC6,0x18,0xC6,0x18,0xC6,0x18,0xC6,0x18,
	0xC6,0x18,0x10,0x42,0x63,0x0C,0x63,0x0C,0x63,0x0C,0x63,0x0C,0x63,0x0C,0x63,0x0C,
	0x63,0x0C,0x63,0x0C,0x63,0x0C,0x63,0x0C,0x63,0x0C,0x63,0x0C,0x63,0x0C,0x63,0x0C,
	0x63,0x0C,0x63,0x0C,0x63,0x0C,0x63,0x0C,0x63,0x0C,0x63,0x0C,0x63,0x0C,0x63,0x0C,

	0x63,0x0C,0x63,0x0C,0x63,0x0C,0x63,0x0C,0x63,0x0C,0x63,0x0C,0x63,0x0C,0x63,0x0C,
	0x63,0x0C,0x63,0x0C,0x63,0x0C,0x63,0x0C,0x63,0x0C,0x63,0x0C,0x63,0x0C,0x63,0x0C,
	0x63,0x0C,0x63,0x0C,0x63,0x0C,0x63,0x0C,0x63,0x0C,0x63,0x0C,0x63,0x0C,0x63,0x0C,
	0x63,0x0C,0x63,0x0C,0x63,0x0C,0x63,0x0C,0x63,0x0C,0x63,0x0C,0x63,0x0C,0x63,0x0C,
	0x63,0x0C,0x63,0x0C,0x63,0x0C,0x63,0x0C,0x63,0x0C,0x63,0x0C,0x63,0x0C,0x63,0x0C,
	0x63,0x0C,0x63,0x0C,0x63,0x0C,0x63,0x0C,0x63,0x0C,0x63,0x0C,0x63,0x0C,0x63,0x0C,
	0x63,0x0C,0x63,0x0C,0x63,0x0C,0x63,0x0C,0x63,0x0C,0x63,0x0C,0x63,0x0C,0x63,0x0C,
	0x63,0x0C,0x63,0x0C,0x63,0x0C,0x63,0x0C,0x63,0x0C,0x63,0x0C,0x63,0x0C,0x63,0x0C,

	0x63,0x0C,0x63,0x0C,0x63,0x0C,0x63,0x0C,0x63,0x0C,0x63,0x0C,0x63,0x0C,0x63,0x0C,
	0x63,0x0C,0x63,0x0C,0x63,0x0C,0x63,0x0C,0x63,0x0C,0x63,0x0C,0x63,0x0C,0x63,0x0C,
	0x63,0x0C,0x63,0x0C,0x63,0x0C,0x63,0x0C,0x63,0x0C,0x63,0x0C,0x63,0x0C,0x63,0x0C,
	0x63,0x0C,0x63,0x0C,0x63,0x0C,0x63,0x0C,0x63,0x0C,0x63,0x0C,0x63,0x0C,0x63,0x0C,
	0x63,0x0C,0x63,0x0C,0x63,0x0C,0x63,0x0C,0x6B,0x2D,0x00,0x00,0xEF,0x3D,0x00,0x00,
	0x4A,0x29,0x00,0x00,0x00,0x00,0x00,0x00,0x00,0x00,0x00,0x00,0x00,0x00,0x00,0x00,
	0x00,0x00,0x00,0x00,0x00,0x00,0x00,0x00,0x00,0x00,0x00,0x00,0x00,0x00,0x00,0x00,
	0x00,0x00,0x00,0x00,0x00,0x00,0x00,0x00,0x00,0x00,0x00,0x00,0x00,0x00,0x00,0x00,

	0x63,0x0C,0x63,0x0C,0x63,0x0C,0x63,0x0C,0x63,0x0C,0x63,0x0C,0x63,0x0C,0x63,0x0C,
	0x63,0x0C,0x63,0x0C,0x63,0x0C,0x63,0x0C,0x63,0x0C,0x63,0x0C,0x63,0x0C,0x63,0x0C,
	0x63,0x0C,0x63,0x0C,0x63,0x0C,0x63,0x0C,0x63,0x0C,0x63,0x0C,0x63,0x0C,0x63,0x0C,
	0x4A,0x29,0x63,0x0C,0xEF,0x3D,0x00,0x00,0xC6,0x18,0xC6,0x18,0xC6,0x18,0xC6,0x18,
	0xC6,0x18,0xC6,0x18,0xC6,0x18,0xC6,0x18,0xC6,0x18,0xC6,0x18,0xC6,0x18,0xC6,0x18,
	0xC6,0x18,0xC6,0x18,0xC6,0x18,0xC6,0x18,0xC6,0x18,0xC6,0x18,0xC6,0x18,0xC6,0x18,
	0xC6,0x18,0xC6,0x18,0xC6,0x18,0xC6,0x18,0xC6,0x18,0xC6,0x18,0xC6,0x18,0xC6,0x18,
	0xC6,0x18,0xC6,0x18,0xC6,0x18,0xC6,0x18,0xC6,0x18,0xC6,0x18,0xC6,0x18,0xC6,0x18,

	0xC6,0x18,0xC6,0x18,0xC6,0x18,0xC6,0x18,0xC6,0x18,0xC6,0x18,0xC6,0x18,0xC6,0x18,
	0xC6,0x18,0xC6,0x18,0xC6,0x18,0xC6,0x18,0xC6,0x18,0xC6,0x18,0xC6,0x18,0xC6,0x18,
	0xC6,0x18,0xC6,0x18,0xC6,0x18,0xC6,0x18,0xC6,0x18,0xC6,0x18,0xC6,0x18,0xC6,0x18,
	0xC6,0x18,0x10,0x42,0x00,0x00,0x00,0x00,0x00,0x00,0x00,0x00,0x00,0x00,0x00,0x00,
	0x00,0x00,0x00,0x00,0x00,0x00,0x00,0x00,0x00,0x00,0x00,0x00,0x00,0x00,0x00,0x00,
	0x00,0x00,0x00,0x00,0x00,0x00,0x00,0x00,0x00,0x00,0x00,0x00,0x00,0x00,0x00,0x00,
	0x00,0x00,0x00,0x00,0x00,0x00,0x00,0x00,0x00,0x00,0x00,0x00,0x00,0x00,0x00,0x00,
	0x00,0x00,0x00,0x00,0x00,0x00,0x00,0x00,0x00,0x00,0x00,0x00,0x00,0x00,0x00,0x00,

	0x00,0x00,0x00,0x00,0x00,0x00,0x00,0x00,0x00,0x00,0x00,0x00,0x00,0x00,0x00,0x00,
	0x00,0x00,0x00,0x00,0x00,0x00,0x00,0x00,0x00,0x00,0x00,0x00,0x00,0x00,0x00,0x00,
	0x00,0x00,0x00,0x00,0x00,0x00,0x00,0x00,0x00,0x00,0x00,0x00,0x00,0x00,0x00,0x00,
	0x00,0x00,0x00,0x00,0x00,0x00,0x00,0x00,0x00,0x00,0x00,0x00,0x00,0x00,0x00,0x00,
	0x00,0x00,0x00,0x00,0x00,0x00,0x00,0x00,0x00,0x00,0x00,0x00,0x00,0x00,0x00,0x00,
	0x00,0x00,0x00,0x00,0x00,0x00,0x00,0x00,0x00,0x00,0x00,0x00,0x00,0x00,0x00,0x00,
	0x00,0x00,0x00,0x00,0x00,0x00,0x00,0x00,0x00,0x00,0x00,0x00,0x00,0x00,0x00,0x00,
	0x00,0x00,0x00,0x00,0x00,0x00,0x00,0x00,0x00,0x00,0x00,0x00,0x00,0x00,0x00,0x00,

	0x00,0x00,0x00,0x00,0x00,0x00,0x00,0x00,0x00,0x00,0x00,0x00,0x00,0x00,0x00,0x00,
	0x00,0x00,0x00,0x00,0x00,0x00,0x00,0x00,0x00,0x00,0x00,0x00,0x00,0x00,0x00,0x00,
	0x00,0x00,0x00,0x00,0x00,0x00,0x00,0x00,0x6B,0x2D,0x00,0x00,0xEF,0x3D,0x63,0x0C,
	0x4A,0x29,0x63,0x0C,0x63,0x0C,0x63,0x0C,0x63,0x0C,0x63,0x0C,0x63,0x0C,0x63,0x0C,
	0x63,0x0C,0x63,0x0C,0x63,0x0C,0x63,0x0C,0x63,0x0C,0x63,0x0C,0x63,0x0C,0x63,0x0C,
	0x63,0x0C,0x63,0x0C,0x63,0x0C,0x63,0x0C,0x63,0x0C,0x63,0x0C,0x63,0x0C,0x63,0x0C,
	0x00,0x00,0x00,0x00,0x00,0x00,0x00,0x00,0x00,0x00,0x00,0x00,0x00,0x00,0x00,0x00,
	0x00,0x00,0x00,0x00,0x00,0x00,0x00,0x00,0x00,0x00,0x00,0x00,0x00,0x00,0x00,0x00,

	0x00,0x00,0x00,0x00,0x00,0x00,0x00,0x00,0x00,0x00,0x00,0x00,0x00,0x00,0x00,0x00,
	0x4A,0x29,0x00,0x00,0xEF,0x3D,0x00,0x00,0xC6,0x18,0xC6,0x18,0xC6,0x18,0xC6,0x18,
	0xC6,0x18,0xC6,0x18,0xC6,0x18,0xC6,0x18,0xC6,0x18,0xC6,0x18,0xC6,0x18,0xC6,0x18,
	0xC6,0x18,0xC6,0x18,0xC6,0x18,0xC6,0x18,0xC6,0x18,0xC6,0x18,0xC6,0x18,0xC6,0x18,
	0xC6,0x18,0xC6,0x18,0xC6,0x18,0xC6,0x18,0xC6,0x18,0xC6,0x18,0xC6,0x18,0xC6,0x18,
	0xC6,0x18,0xC6,0x18,0xC6,0x18,0xC6,0x18,0xC6,0x18,0xC6,0x18,0xC6,0x18,0xC6,0x18,
	0xC6,0x18,0xC6,0x18,0xC6,0x18,0xC6,0x18,0xC6,0x18,0xC6,0x18,0xC6,0x18,0xC6,0x18,
	0xC6,0x18,0xC6,0x18,0xC6,0x18,0xC6,0x18,0xC6,0x18,0xC6,0x18,0xC6,0x18,0xC6,0x18,

	0xC6,0x18,0xC6,0x18,0xC6,0x18,0xC6,0x18,0xC6,0x18,0xC6,0x18,0xC6,0x18,0xC6,0x18,
	0xC6,0x18,0x10,0x42,0x63,0x0C,0x63,0x0C,0x63,0x0C,0x63,0x0C,0x63,0x0C,0x63,0x0C,
	0x63,0x0C,0x63,0x0C,0x63,0x0C,0x63,0x0C,0x63,0x0C,0x63,0x0C,0x63,0x0C,0x63,0x0C,
	0x63,0x0C,0x63,0x0C,0x63,0x0C,0x63,0x0C,0x63,0x0C,0x63,0x0C,0x63,0x0C,0x63,0x0C,
	0x63,0x0C,0x63,0x0C,0x63,0x0C,0x63,0x0C,0x63,0x0C,0x63,0x0C,0x63,0x0C,0x63,0x0C,
	0x63,0x0C,0x63,0x0C,0x63,0x0C,0x63,0x0C,0x63,0x0C,0x63,0x0C,0x63,0x0C,0x63,0x0C,
	0x63,0x0C,0x63,0x0C,0x63,0x0C,0x63,0x0C,0x63,0x0C,0x63,0x0C,0x63,0x0C,0x63,0x0C,
	0x63,0x0C,0x63,0x0C,0x63,0x0C,0x63,0x0C,0x63,0x0C,0x63,0x0C,0x63,0x0C,0x63,0x0C,

	0x63,0x0C,0x63,0x0C,0x63,0x0C,0x63,0x0C,0x63,0x0C,0x63,0x0C,0x63,0x0C,0x63,0x0C,
	0x63,0x0C,0x63,0x0C,0x63,0x0C,0x63,0x0C,0x63,0x0C,0x63,0x0C,0x63,0x0C,0x63,0x0C,
	0x63,0x0C,0x63,0x0C,0x63,0x0C,0x63,0x0C,0x63,0x0C,0x63,0x0C,0x63,0x0C,0x63,0x0C,
	0x63,0x0C,0x63,0x0C,0x63,0x0C,0x63,0x0C,0x63,0x0C,0x63,0x0C,0x63,0x0C,0x63,0x0C,
	0x63,0x0C,0x63,0x0C,0x63,0x0C,0x63,0x0C,0x63,0x0C,0x63,0x0C,0x63,0x0C,0x63,0x0C,
	0x63,0x0C,0x63,0x0C,0x63,0x0C,0x63,0x0C,0x63,0x0C,0x63,0x0C,0x63,0x0C,0x63,0x0C,
	0x63,0x0C,0x63,0x0C,0x63,0x0C,0x63,0x0C,0x63,0x0C,0x63,0x0C,0x63,0x0C,0x63,0x0C,
	0x63,0x0C,0x63,0x0C,0x63,0x0C,0x63,0x0C,0x63,0x0C,0x63,0x0C,0x63,0x0C,0x63,0x0C,

	0x63,0x0C,0x63,0x0C,0x63,0x0C,0x63,0x0C,0x6B,0x2D,0x00,0x00,0xEF,0x3D,0x00,0x00,
	0x4A,0x29,0x00,0x00,0x00,0x00,0x00,0x00,0x00,0x00,0x00,0x00,0x00,0x00,0x00,0x00,
	0x00,0x00,0x00,0x00,0x00,0x00,0x00,0x00,0x00,0x00,0x00,0x00,0x00,0x00,0x00,0x00,
	0x00,0x00,0x00,0x00,0x00,0x00,0x00,0x00,0x00,0x00,0x00,0x00,0x00,0x00,0x00,0x00,
	0x63,0x0C,0x63,0x0C,0x63,0x0C,0x63,0x0C,0x63,0x0C,0x63,0x0C,0x63,0x0C,0x63,0x0C,
	0x63,0x0C,0x63,0x0C,0x63,0x0C,0x63,0x0C,0x63,0x0C,0x63,0x0C,0x63,0x0C,0x63,0x0C,
	0x63,0x0C,0x63,0x0C,0x63,0x0C,0x63,0x0C,0x63,0x0C,0x63,0x0C,0x63,0x0C,0x63,0x0C,
	0x4A,0x29,0x63,0x0C,0xEF,0x3D,0x00,0x00,0xC6,0x18,0xC6,0x18,0xC6,0x18,0xC6,0x18,

	0xC6,0x18,0xC6,0x18,0xC6,0x18,0xC6,0x18,0xC6,0x18,0xC6,0x18,0xC6,0x18,0xC6,0x18,
	0xC6,0x18,0xC6,0x18,0xC6,0x18,0xC6,0x18,0xC6,0x18,0xC6,0x18,0xC6,0x18,0xC6,0x18,
	0xC6,0x18,0xC6,0x18,0xC6,0x18,0xC6,0x18,0xC6,0x18,0xC6,0x18,0xC6,0x18,0xC6,0x18,
	0xC6,0x18,0xC6,0x18,0xC6,0x18,0xC6,0x18,0xC6,0x18,0xC6,0x18,0xC6,0x18,0xC6,0x18,
	0xC6,0x18,0xC6,0x18,0xC6,0x18,0xC6,0x18,0xC6,0x18,0xC6,0x18,0xC6,0x18,0xC6,0x18,
	0xC6,0x18,0xC6,0x18,0xC6,0x18,0xC6,0x18,0xC6,0x18,0xC6,0x18,0xC6,0x18,0xC6,0x18,
	0xC6,0x18,0xC6,0x18,0xC6,0x18,0xC6,0x18,0xC6,0x18,0xC6,0x18,0xC6,0x18,0xC6,0x18,
	0xC6,0x18,0x10,0x42,0x00,0x00,0x00,0x00,0x00,0x00,0x00,0x00,0x00,0x00,0x00,0x00,

	0x00,0x00,0x00,0x00,0x00,0x00,0x00,0x00,0x00,0x00,0x00,0x00,0x00,0x00,0x00,0x00,
	0x00,0x00,0x00,0x00,0x00,0x00,0x00,0x00,0x00,0x00,0x00,0x00,0x00,0x00,0x00,0x00,
	0x00,0x00,0x00,0x00,0x00,0x00,0x00,0x00,0x00,0x00,0x00,0x00,0x00,0x00,0x00,0x00,
	0x00,0x00,0x00,0x00,0x00,0x00,0x00,0x00,0x00,0x00,0x00,0x00,0x00,0x00,0x00,0x00,
	0x00,0x00,0x00,0x00,0x00,0x00,0x00,0x00,0x00,0x00,0x00,0x00,0x00,0x00,0x00,0x00,
	0x00,0x00,0x00,0x00,0x00,0x00,0x00,0x00,0x00,0x00,0x00,0x00,0x00,0x00,0x00,0x00,
	0x00,0x00,0x00,0x00,0x00,0x00,0x00,0x00,0x00,0x00,0x00,0x00,0x00,0x00,0x00,0x00,
	0x00,0x00,0x00,0x00,0x00,0x00,0x00,0x00,0x00,0x00,0x00,0x00,0x00,0x00,0x00,0x00,

	0x00,0x00,0x00,0x00,0x00,0x00,0x00,0x00,0x00,0x00,0x00,0x00,0x00,0x00,0x00,0x00,
	0x00,0x00,0x00,0x00,0x00,0x00,0x00,0x00,0x00,0x00,0x00,0x00,0x00,0x00,0x00,0x00,
	0x00,0x00,0x00,0x00,0x00,0x00,0x00,0x00,0x00,0x00,0x00,0x00,0x00,0x00,0x00,0x00,
	0x00,0x00,0x00,0x00,0x00,0x00,0x00,0x00,0x00,0x00,0x00,0x00,0x00,0x00,0x00,0x00,
	0x00,0x00,0x00,0x00,0x00,0x00,0x00,0x00,0x00,0x00,0x00,0x00,0x00,0x00,0x00,0x00,
	0x00,0x00,0x00,0x00,0x00,0x00,0x00,0x00,0x00,0x00,0x00,0x00,0x00,0x00,0x00,0x00,
	0x00,0x00,0x00,0x00,0x00,0x00,0x00,0x00,0x6B,0x2D,0x00,0x00,0xEF,0x3D,0x63,0x0C,
	0x4A,0x29,0x63,0x0C,0x63,0x0C,0x63,0x0C,0x63,0x0C,0x63,0x0C,0x63,0x0C,0x63,0x0C,

	0x63,0x0C,0x63,0x0C,0x63,0x0C,0x63,0x0C,0x63,0x0C,0x63,0x0C,0x63,0x0C,0x63,0x0C,
	0x63,0x0C,0x63,0x0C,0x63,0x0C,0x63,0x0C,0x63,0x0C,0x63,0x0C,0x63,0x0C,0x63,0x0C,
	0x00,0x00,0x00,0x00,0x00,0x00,0x00,0x00,0x00,0x00,0x00,0x00,0x00,0x00,0x00,0x00,
	0x00,0x00,0x00,0x00,0x00,0x00,0x00,0x00,0x00,0x00,0x00,0x00,0x00,0x00,0x00,0x00,
	0x00,0x00,0x00,0x00,0x00,0x00,0x00,0x00,0x00,0x00,0x00,0x00,0x00,0x00,0x00,0x00,
	0x4A,0x29,0x00,0x00,0xEF,0x3D,0x00,0x00,0xC6,0x18,0x84,0x10,0xC6,0x18,0x84,0x10,
	0xC6,0x18,0x84,0x10,0xC6,0x18,0x84,0x10,0xC6,0x18,0x84,0x10,0xC6,0x18,0x84,0x10,
	0xC6,0x18,0x84,0x10,0xC6,0x18,0x84,0x10,0xC6,0x18,0x84,0x10,0xC6,0x18,0x84,0x10,

	0xC6,0x18,0x84,0x10,0xC6,0x18,0x84,0x10,0xC6,0x18,0x84,0x10,0xC6,0x18,0x84,0x10,
	0xC6,0x18,0x84,0x10,0xC6,0x18,0x84,0x10,0xC6,0x18,0x84,0x10,0xC6,0x18,0x84,0x10,
	0xC6,0x18,0x84,0x10,0xC6,0x18,0x84,0x10,0xC6,0x18,0x84,0x10,0xC6,0x18,0x84,0x10,
	0xC6,0x18,0x84,0x10,0xC6,0x18,0x84,0x10,0xC6,0x18,0x84,0x10,0xC6,0x18,0x84,0x10,
	0xC6,0x18,0x84,0x10,0xC6,0x18,0x84,0x10,0xC6,0x18,0x84,0x10,0xC6,0x18,0x84,0x10,
	0xC6,0x18,0x10,0x42,0x63,0x0C,0x63,0x0C,0x63,0x0C,0x63,0x0C,0x63,0x0C,0x63,0x0C,
	0x63,0x0C,0x63,0x0C,0x63,0x0C,0x63,0x0C,0x63,0x0C,0x63,0x0C,0x63,0x0C,0x63,0x0C,
	0x63,0x0C,0x63,0x0C,0x63,0x0C,0x63,0x0C,0x63,0x0C,0x63,0x0C,0x63,0x0C,0x63,0x0C,

	0x63,0x0C,0x63,0x0C,0x63,0x0C,0x63,0x0C,0x63,0x0C,0x63,0x0C,0x63,0x0C,0x63,0x0C,
	0x63,0x0C,0x63,0x0C,0x63,0x0C,0x63,0x0C,0x63,0x0C,0x63,0x0C,0x63,0x0C,0x63,0x0C,
	0x63,0x0C,0x63,0x0C,0x63,0x0C,0x63,0x0C,0x63,0x0C,0x63,0x0C,0x63,0x0C,0x63,0x0C,
	0x63,0x0C,0x63,0x0C,0x63,0x0C,0x63,0x0C,0x63,0x0C,0x63,0x0C,0x63,0x0C,0x63,0x0C,
	0x63,0x0C,0x63,0x0C,0x63,0x0C,0x63,0x0C,0x63,0x0C,0x63,0x0C,0x63,0x0C,0x63,0x0C,
	0x63,0x0C,0x63,0x0C,0x63,0x0C,0x63,0x0C,0x63,0x0C,0x63,0x0C,0x63,0x0C,0x63,0x0C,
	0x63,0x0C,0x63,0x0C,0x63,0x0C,0x63,0x0C,0x63,0x0C,0x63,0x0C,0x63,0x0C,0x63,0x0C,
	0x63,0x0C,0x63,0x0C,0x63,0x0C,0x63,0x0C,0x63,0x0C,0x63,0x0C,0x63,0x0C,0x63,0x0C,

	0x63,0x0C,0x63,0x0C,0x63,0x0C,0x63,0x0C,0x63,0x0C,0x63,0x0C,0x63,0x0C,0x63,0x0C,
	0x63,0x0C,0x63,0x0C,0x63,0x0C,0x63,0x0C,0x63,0x0C,0x63,0x0C,0x63,0x0C,0x63,0x0C,
	0x63,0x0C,0x63,0x0C,0x63,0x0C,0x63,0x0C,0x63,0x0C,0x63,0x0C,0x63,0x0C,0x63,0x0C,
	0x63,0x0C,0x63,0x0C,0x63,0x0C,0x63,0x0C,0x63,0x0C,0x63,0x0C,0x63,0x0C,0x63,0x0C,
	0x63,0x0C,0x63,0x0C,0x63,0x0C,0x63,0x0C,0x6B,0x2D,0x00,0x00,0xEF,0x3D,0x00,0x00,
	0x4A,0x29,0x00,0x00,0x00,0x00,0x00,0x00,0x00,0x00,0x00,0x00,0x00,0x00,0x00,0x00,
	0x00,0x00,0x00,0x00,0x00,0x00,0x00,0x00,0x00,0x00,0x00,0x00,0x00,0x00,0x00,0x00,
	0x00,0x00,0x00,0x00,0x00,0x00,0x00,0x00,0x00,0x00,0x00,0x00,0x00,0x00,0x00,0x00,

	0x63,0x0C,0x63,0x0C,0x63,0x0C,0x63,0x0C,0x63,0x0C,0x63,0x0C,0x63,0x0C,0x63,0x0C,
	0x63,0x0C,0x63,0x0C,0x63,0x0C,0x63,0x0C,0x63,0x0C,0x63,0x0C,0x63,0x0C,0x63,0x0C,
	0x63,0x0C,0x63,0x0C,0x63,0x0C,0x63,0x0C,0x63,0x0C,0x63,0x0C,0x63,0x0C,0x63,0x0C,
	0x4A,0x29,0x63,0x0C,0xEF,0x3D,0x00,0x00,0x84,0x10,0xC6,0x18,0x84,0x10,0xC6,0x18,
	0x84,0x10,0xC6,0x18,0x84,0x10,0xC6,0x18,0x84,0x10,0xC6,0x18,0x84,0x10,0xC6,0x18,
	0x84,0x10,0xC6,0x18,0x84,0x10,0xC6,0x18,0x84,0x10,0xC6,0x18,0x84,0x10,0xC6,0x18,
	0x84,0x10,0xC6,0x18,0x84,0x10,0xC6,0x18,0x84,0x10,0xC6,0x18,0x84,0x10,0xC6,0x18,
	0x84,0x10,0xC6,0x18,0x84,0x10,0xC6,0x18,0x84,0x10,0xC6,0x18,0x84,0x10,0xC6,0x18,

	0x84,0x10,0xC6,0x18,0x84,0x10,0xC6,0x18,0x84,0x10,0xC6,0x18,0x84,0x10,0xC6,0x18,
	0x84,0x10,0xC6,0x18,0x84,0x10,0xC6,0x18,0x84,0x10,0xC6,0x18,0x84,0x10,0xC6,0x18,
	0x84,0x10,0xC6,0x18,0x84,0x10,0xC6,0x18,0x84,0x10,0xC6,0x18,0x84,0x10,0xC6,0x18,
	0x84,0x10,0x10,0x42,0x00,0x00,0x00,0x00,0x00,0x00,0x00,0x00,0x00,0x00,0x00,0x00,
	0x00,0x00,0x00,0x00,0x00,0x00,0x00,0x00,0x00,0x00,0x00,0x00,0x00,0x00,0x00,0x00,
	0x00,0x00,0x00,0x00,0x00,0x00,0x00,0x00,0x00,0x00,0x00,0x00,0x00,0x00,0x00,0x00,
	0x00,0x00,0x00,0x00,0x00,0x00,0x00,0x00,0x00,0x00,0x00,0x00,0x00,0x00,0x00,0x00,
	0x00,0x00,0x00,0x00,0x00,0x00,0x00,0x00,0x00,0x00,0x00,0x00,0x00,0x00,0x00,0x00,

	0x00,0x00,0x00,0x00,0x00,0x00,0x00,0x00,0x00,0x00,0x00,0x00,0x00,0x00,0x00,0x00,
	0x00,0x00,0x00,0x00,0x00,0x00,0x00,0x00,0x00,0x00,0x00,0x00,0x00,0x00,0x00,0x00,
	0x00,0x00,0x00,0x00,0x00,0x00,0x00,0x00,0x00,0x00,0x00,0x00,0x00,0x00,0x00,0x00,
	0x00,0x00,0x00,0x00,0x00,0x00,0x00,0x00,0x00,0x00,0x00,0x00,0x00,0x00,0x00,0x00,
	0x00,0x00,0x00,0x00,0x00,0x00,0x00,0x00,0x00,0x00,0x00,0x00,0x00,0x00,0x00,0x00,
	0x00,0x00,0x00,0x00,0x00,0x00,0x00,0x00,0x00,0x00,0x00,0x00,0x00,0x00,0x00,0x00,
	0x00,0x00,0x00,0x00,0x00,0x00,0x00,0x00,0x00,0x00,0x00,0x00,0x00,0x00,0x00,0x00,
	0x00,0x00,0x00,0x00,0x00,0x00,0x00,0x00,0x00,0x00,0x00,0x00,0x00,0x00,0x00,0x00,

	0x00,0x00,0x00,0x00,0x00,0x00,0x00,0x00,0x00,0x00,0x00,0x00,0x00,0x00,0x00,0x00,
	0x00,0x00,0x00,0x00,0x00,0x00,0x00,0x00,0x00,0x00,0x00,0x00,0x00,0x00,0x00,0x00,
	0x00,0x00,0x00,0x00,0x00,0x00,0x00,0x00,0x6B,0x2D,0x00,0x00,0xEF,0x3D,0x63,0x0C,
	0x4A,0x29,0x63,0x0C,0x63,0x0C,0x63,0x0C,0x63,0x0C,0x63,0x0C,0x63,0x0C,0x63,0x0C,
	0x63,0x0C,0x63,0x0C,0x63,0x0C,0x63,0x0C,0x63,0x0C,0x63,0x0C,0x63,0x0C,0x63,0x0C,
	0x63,0x0C,0x63,0x0C,0x63,0x0C,0x63,0x0C,0x63,0x0C,0x63,0x0C,0x63,0x0C,0x63,0x0C,
	0x00,0x00,0x00,0x00,0x00,0x00,0x00,0x00,0x00,0x00,0x00,0x00,0x00,0x00,0x00,0x00,
	0x00,0x00,0x00,0x00,0x00,0x00,0x00,0x00,0x00,0x00,0x00,0x00,0x00,0x00,0x00,0x00,

	0x00,0x00,0x00,0x00,0x00,0x00,0x00,0x00,0x00,0x00,0x00,0x00,0x00,0x00,0x00,0x00,
	0x4A,0x29,0x00,0x00,0xEF,0x3D,0x00,0x00,0xC6,0x18,0x84,0x10,0xC6,0x18,0x84,0x10,
	0xC6,0x18,0x84,0x10,0xC6,0x18,0x84,0x10,0xC6,0x18,0x84,0x10,0xC6,0x18,0x84,0x10,
	0xC6,0x18,0x84,0x10,0xC6,0x18,0x84,0x10,0xC6,0x18,0x84,0x10,0xC6,0x18,0x84,0x10,
	0xC6,0x18,0x84,0x10,0xC6,0x18,0x84,0x10,0xC6,0x18,0x84,0x10,0xC6,0x18,0x84,0x10,
	0xC6,0x18,0x84,0x10,0xC6,0x18,0x84,0x10,0xC6,0x18,0x84,0x10,0xC6,0x18,0x84,0x10,
	0xC6,0x18,0x84,0x10,0xC6,0x18,0x84,0x10,0xC6,0x18,0x84,0x10,0xC6,0x18,0x84,0x10,
	0xC6,0x18,0x84,0x10,0xC6,0x18,0x84,0x10,0xC6,0x18,0x84,0x10,0xC6,0x18,0x84,0x10,

	0xC6,0x18,0x84,0x10,0xC6,0x18,0x84,0x10,0xC6,0x18,0x84,0x10,0xC6,0x18,0x84,0x10,
	0xC6,0x18,0x10,0x42,0x63,0x0C,0x63,0x0C,0x63,0x0C,0x63,0x0C,0x63,0x0C,0x63,0x0C,
	0x63,0x0C,0x63,0x0C,0x63,0x0C,0x63,0x0C,0x63,0x0C,0x63,0x0C,0x63,0x0C,0x63,0x0C,
	0x63,0x0C,0x63,0x0C,0x63,0x0C,0x63,0x0C,0x63,0x0C,0x63,0x0C,0x63,0x0C,0x63,0x0C,
	0x63,0x0C,0x63,0x0C,0x63,0x0C,0x63,0x0C,0x63,0x0C,0x63,0x0C,0x63,0x0C,0x63,0x0C,
	0x63,0x0C,0x63,0x0C,0x63,0x0C,0x63,0x0C,0x63,0x0C,0x63,0x0C,0x63,0x0C,0x63,0x0C,
	0x63,0x0C,0x63,0x0C,0x63,0x0C,0x63,0x0C,0x63,0x0C,0x63,0x0C,0x63,0x0C,0x63,0x0C,
	0x63,0x0C,0x63,0x0C,0x63,0x0C,0x63,0x0C,0x63,0x0C,0x63,0x0C,0x63,0x0C,0x63,0x0C,

	0x63,0x0C,0x63,0x0C,0x63,0x0C,0x63,0x0C,0x63,0x0C,0x63,0x0C,0x63,0x0C,0x63,0x0C,
	0x63,0x0C,0x63,0x0C,0x63,0x0C,0x63,0x0C,0x63,0x0C,0x63,0x0C,0x63,0x0C,0x63,0x0C,
	0x63,0x0C,0x63,0x0C,0x63,0x0C,0x63,0x0C,0x63,0x0C,0x63,0x0C,0x63,0x0C,0x63,0x0C,
	0x63,0x0C,0x63,0x0C,0x63,0x0C,0x63,0x0C,0x63,0x0C,0x63,0x0C,0x63,0x0C,0x63,0x0C,
	0x63,0x0C,0x63,0x0C,0x63,0x0C,0x63,0x0C,0x63,0x0C,0x63,0x0C,0x63,0x0C,0x63,0x0C,
	0x63,0x0C,0x63,0x0C,0x63,0x0C,0x63,0x0C,0x63,0x0C,0x63,0x0C,0x63,0x0C,0x63,0x0C,
	0x63,0x0C,0x63,0x0C,0x63,0x0C,0x63,0x0C,0x63,0x0C,0x63,0x0C,0x63,0x0C,0x63,0x0C,
	0x63,0x0C,0x63,0x0C,0x63,0x0C,0x63,0x0C,0x63,0x0C,0x63,0x0C,0x63,0x0C,0x63,0x0C,

	0x63,0x0C,0x63,0x0C,0x63,0x0C,0x63,0x0C,0x6B,0x2D,0x00,0x00,0xEF,0x3D,0x00,0x00,
	0x4A,0x29,0x00,0x00,0x00,0x00,0x00,0x00,0x00,0x00,0x00,0x00,0x00,0x00,0x00,0x00,
	0x00,0x00,0x00,0x00,0x00,0x00,0x00,0x00,0x00,0x00,0x00,0x00,0x00,0x00,0x00,0x00,
	0x00,0x00,0x00,0x00,0x00,0x00,0x00,0x00,0x00,0x00,0x00,0x00,0x00,0x00,0x00,0x00,
	0x63,0x0C,0x63,0x0C,0x63,0x0C,0x63,0x0C,0x63,0x0C,0x63,0x0C,0x63,0x0C,0x63,0x0C,
	0x63,0x0C,0x63,0x0C,0x63,0x0C,0x63,0x0C,0x63,0x0C,0x63,0x0C,0x63,0x0C,0x63,0x0C,
	0x63,0x0C,0x63,0x0C,0x63,0x0C,0x63,0x0C,0x63,0x0C,0x63,0x0C,0x63,0x0C,0x63,0x0C,
	0x4A,0x29,0x63,0x0C,0xEF,0x3D,0x00,0x00,0x84,0x10,0x84,0x10,0x84,0x10,0x84,0x10,

	0x84,0x10,0x84,0x10,0x84,0x10,0x84,0x10,0x84,0x10,0x84,0x10,0x84,0x10,0x84,0x10,
	0x84,0x10,0x84,0x10,0x84,0x10,0x84,0x10,0x84,0x10,0x84,0x10,0x84,0x10,0x84,0x10,
	0x84,0x10,0x84,0x10,0x84,0x10,0x84,0x10,0x84,0x10,0x84,0x10,0x84,0x10,0x84,0x10,
	0x84,0x10,0x84,0x10,0x84,0x10,0x84,0x10,0x84,0x10,0x84,0x10,0x84,0x10,0x84,0x10,
	0x84,0x10,0x84,0x10,0x84,0x10,0x84,0x10,0x84,0x10,0x84,0x10,0x84,0x10,0x84,0x10,
	0x84,0x10,0x84,0x10,0x84,0x10,0x84,0x10,0x84,0x10,0x84,0x10,0x84,0x10,0x84,0x10,
	0x84,0x10,0x84,0x10,0x84,0x10,0x84,0x10,0x84,0x10,0x84,0x10,0x84,0x10,0x84,0x10,
	0x84,0x10,0x10,0x42,0x00,0x00,0x00,0x00,0x00,0x00,0x00,0x00,0x00,0x00,0x00,0x00,

	0x00,0x00,0x00,0x00,0x00,0x00,0x00,0x00,0x00,0x00,0x00,0x00,0x00,0x00,0x00,0x00,
	0x00,0x00,0x00,0x00,0x00,0x00,0x00,0x00,0x00,0x00,0x00,0x00,0x00,0x00,0x00,0x00,
	0x00,0x00,0x00,0x00,0x00,0x00,0x00,0x00,0x00,0x00,0x00,0x00,0x00,0x00,0x00,0x00,
	0x00,0x00,0x00,0x00,0x00,0x00,0x00,0x00,0x00,0x00,0x00,0x00,0x00,0x00,0x00,0x00,
	0x00,0x00,0x00,0x00,0x00,0x00,0x00,0x00,0x00,0x00,0x00,0x00,0x00,0x00,0x00,0x00,
	0x00,0x00,0x00,0x00,0x00,0x00,0x00,0x00,0x00,0x00,0x00,0x00,0x00,0x00,0x00,0x00,
	0x00,0x00,0x00,0x00,0x00,0x00,0x00,0x00,0x00,0x00,0x00,0x00,0x00,0x00,0x00,0x00,
	0x00,0x00,0x00,0x00,0x00,0x00,0x00,0x00,0x00,0x00,0x00,0x00,0x00,0x00,0x00,0x00,

	0x00,0x00,0x00,0x00,0x00,0x00,0x00,0x00,0x00,0x00,0x00,0x00,0x00,0x00,0x00,0x00,
	0x00,0x00,0x00,0x00,0x00,0x00,0x00,0x00,0x00,0x00,0x00,0x00,0x00,0x00,0x00,0x00,
	0x00,0x00,0x00,0x00,0x00,0x00,0x00,0x00,0x00,0x00,0x00,0x00,0x00,0x00,0x00,0x00,
	0x00,0x00,0x00,0x00,0x00,0x00,0x00,0x00,0x00,0x00,0x00,0x00,0x00,0x00,0x00,0x00,
	0x00,0x00,0x00,0x00,0x00,0x00,0x00,0x00,0x00,0x00,0x00,0x00,0x00,0x00,0x00,0x00,
	0x00,0x00,0x00,0x00,0x00,0x00,0x00,0x00,0x00,0x00,0x00,0x00,0x00,0x00,0x00,0x00,
	0x00,0x00,0x00,0x00,0x00,0x00,0x00,0x00,0x6B,0x2D,0x00,0x00,0xEF,0x3D,0x63,0x0C,
	0x4A,0x29,0x63,0x0C,0x63,0x0C,0x63,0x0C,0x63,0x0C,0x63,0x0C,0x63,0x0C,0x63,0x0C,

	0x63,0x0C,0x63,0x0C,0x63,0x0C,0x63,0x0C,0x63,0x0C,0x63,0x0C,0x63,0x0C,0x63,0x0C,
	0x63,0x0C,0x63,0x0C,0x63,0x0C,0x63,0x0C,0x63,0x0C,0x63,0x0C,0x63,0x0C,0x63,0x0C,
	0x00,0x00,0x00,0x00,0x00,0x00,0x00,0x00,0x00,0x00,0x00,0x00,0x00,0x00,0x00,0x00,
	0x00,0x00,0x00,0x00,0x00,0x00,0x00,0x00,0x00,0x00,0x00,0x00,0x00,0x00,0x00,0x00,
	0x00,0x00,0x00,0x00,0x00,0x00,0x00,0x00,0x00,0x00,0x00,0x00,0x00,0x00,0x00,0x00,
	0x4A,0x29,0x00,0x00,0xEF,0x3D,0x00,0x00,0x84,0x10,0x84,0x10,0x84,0x10,0x84,0x10,
	0x84,0x10,0x84,0x10,0x84,0x10,0x84,0x10,0x84,0x10,0x84,0x10,0x84,0x10,0x84,0x10,
	0x84,0x10,0x84,0x10,0x84,0x10,0x84,0x10,0x84,0x10,0x84,0x10,0x84,0x10,0x84,0x10,

	0x84,0x10,0x84,0x10,0x84,0x10,0x84,0x10,0x84,0x10,0x84,0x10,0x84,0x10,0x84,0x10,
	0x84,0x10,0x84,0x10,0x84,0x10,0x84,0x10,0x84,0x10,0x84,0x10,0x84,0x10,0x84,0x10,
	0x84,0x10,0x84,0x10,0x84,0x10,0x84,0x10,0x84,0x10,0x84,0x10,0x84,0x10,0x84,0x10,
	0x84,0x10,0x84,0x10,0x84,0x10,0x84,0x10,0x84,0x10,0x84,0x10,0x84,0x10,0x84,0x10,
	0x84,0x10,0x84,0x10,0x84,0x10,0x84,0x10,0x84,0x10,0x84,0x10,0x84,0x10,0x84,0x10,
	0x84,0x10,0x10,0x42,0x63,0x0C,0x63,0x0C,0x63,0x0C,0x63,0x0C,0x63,0x0C,0x63,0x0C,
	0x63,0x0C,0x63,0x0C,0x63,0x0C,0x63,0x0C,0x63,0x0C,0x63,0x0C,0x63,0x0C,0x63,0x0C,
	0x63,0x0C,0x63,0x0C,0x63,0x0C,0x63,0x0C,0x63,0x0C,0x63,0x0C,0x63,0x0C,0x63,0x0C,

	0x63,0x0C,0x63,0x0C,0x63,0x0C,0x63,0x0C,0x63,0x0C,0x63,0x0C,0x63,0x0C,0x63,0x0C,
	0x63,0x0C,0x63,0x0C,0x63,0x0C,0x63,0x0C,0x63,0x0C,0x63,0x0C,0x63,0x0C,0x63,0x0C,
	0x63,0x0C,0x63,0x0C,0x63,0x0C,0x63,0x0C,0x63,0x0C,0x63,0x0C,0x63,0x0C,0x63,0x0C,
	0x63,0x0C,0x63,0x0C,0x63,0x0C,0x63,0x0C,0x63,0x0C,0x63,0x0C,0x63,0x0C,0x63,0x0C,
	0x63,0x0C,0x63,0x0C,0x63,0x0C,0x63,0x0C,0x63,0x0C,0x63,0x0C,0x63,0x0C,0x63,0x0C,
	0x63,0x0C,0x63,0x0C,0x63,0x0C,0x63,0x0C,0x63,0x0C,0x63,0x0C,0x63,0x0C,0x63,0x0C,
	0x63,0x0C,0x63,0x0C,0x63,0x0C,0x63,0x0C,0x63,0x0C,0x63,0x0C,0x63,0x0C,0x63,0x0C,
	0x63,0x0C,0x63,0x0C,0x63,0x0C,0x63,0x0C,0x63,0x0C,0x63,0x0C,0x63,0x0C,0x63,0x0C,

	0x63,0x0C,0x63,0x0C,0x63,0x0C,0x63,0x0C,0x63,0x0C,0x63,0x0C,0x63,0x0C,0x63,0x0C,
	0x63,0x0C,0x63,0x0C,0x63,0x0C,0x63,0x0C,0x63,0x0C,0x63,0x0C,0x63,0x0C,0x63,0x0C,
	0x63,0x0C,0x63,0x0C,0x63,0x0C,0x63,0x0C,0x63,0x0C,0x63,0x0C,0x63,0x0C,0x63,0x0C,
	0x63,0x0C,0x63,0x0C,0x63,0x0C,0x63,0x0C,0x63,0x0C,0x63,0x0C,0x63,0x0C,0x63,0x0C,
	0x63,0x0C,0x63,0x0C,0x63,0x0C,0x63,0x0C,0x6B,0x2D,0x00,0x00,0xEF,0x3D,0x00,0x00,
	0x4A,0x29,0x00,0x00,0x00,0x00,0x00,0x00,0x00,0x00,0x00,0x00,0x00,0x00,0x00,0x00,
	0x00,0x00,0x00,0x00,0x00,0x00,0x00,0x00,0x00,0x00,0x00,0x00,0x00,0x00,0x00,0x00,
	0x00,0x00,0x00,0x00,0x00,0x00,0x00,0x00,0x00,0x00,0x00,0x00,0x00,0x00,0x00,0x00,

	0x63,0x0C,0x63,0x0C,0x63,0x0C,0x63,0x0C,0x63,0x0C,0x63,0x0C,0x63,0x0C,0x63,0x0C,
	0x63,0x0C,0x63,0x0C,0x63,0x0C,0x63,0x0C,0x63,0x0C,0x63,0x0C,0x63,0x0C,0x63,0x0C,
	0x63,0x0C,0x63,0x0C,0x63,0x0C,0x63,0x0C,0x63,0x0C,0x63,0x0C,0x63,0x0C,0x63,0x0C,
	0x4A,0x29,0x63,0x0C,0xEF,0x3D,0x00,0x00,0x84,0x10,0x84,0x10,0x84,0x10,0x84,0x10,
	0x84,0x10,0x84,0x10,0x84,0x10,0x84,0x10,0x84,0x10,0x84,0x10,0x84,0x10,0x84,0x10,
	0x84,0x10,0x84,0x10,0x84,0x10,0x84,0x10,0x84,0x10,0x84,0x10,0x84,0x10,0x84,0x10,
	0x84,0x10,0x84,0x10,0x84,0x10,0x84,0x10,0x84,0x10,0x84,0x10,0x84,0x10,0x84,0x10,
	0x84,0x10,0x84,0x10,0x84,0x10,0x84,0x10,0x84,0x10,0x84,0x10,0x84,0x10,0x84,0x10,

	0x84,0x10,0x84,0x10,0x84,0x10,0x84,0x10,0x84,0x10,0x84,0x10,0x84,0x10,0x84,0x10,
	0x84,0x10,0x84,0x10,0x84,0x10,0x84,0x10,0x84,0x10,0x84,0x10,0x84,0x10,0x84,0x10,
	0x84,0x10,0x84,0x10,0x84,0x10,0x84,0x10,0x84,0x10,0x84,0x10,0x84,0x10,0x84,0x10,
	0x84,0x10,0x10,0x42,0x00,0x00,0x00,0x00,0x00,0x00,0x00,0x00,0x00,0x00,0x00,0x00,
	0x00,0x00,0x00,0x00,0x00,0x00,0x00,0x00,0x00,0x00,0x00,0x00,0x00,0x00,0x00,0x00,
	0x00,0x00,0x00,0x00,0x00,0x00,0x00,0x00,0x00,0x00,0x00,0x00,0x00,0x00,0x00,0x00,
	0x00,0x00,0x00,0x00,0x00,0x00,0x00,0x00,0x00,0x00,0x00,0x00,0x00,0x00,0x00,0x00,
	0x00,0x00,0x00,0x00,0x00,0x00,0x00,0x00,0x00,0x00,0x00,0x00,0x00,0x00,0x00,0x00,

	0x00,0x00,0x00,0x00,0x00,0x00,0x00,0x00,0x00,0x00,0x00,0x00,0x00,0x00,0x00,0x00,
	0x00,0x00,0x00,0x00,0x00,0x00,0x00,0x00,0x00,0x00,0x00,0x00,0x00,0x00,0x00,0x00,
	0x00,0x00,0x00,0x00,0x00,0x00,0x00,0x00,0x00,0x00,0x00,0x00,0x00,0x00,0x00,0x00,
	0x00,0x00,0x00,0x00,0x00,0x00,0x00,0x00,0x00,0x00,0x00,0x00,0x00,0x00,0x00,0x00,
	0x00,0x00,0x00,0x00,0x00,0x00,0x00,0x00,0x00,0x00,0x00,0x00,0x00,0x00,0x00,0x00,
	0x00,0x00,0x00,0x00,0x00,0x00,0x00,0x00,0x00,0x00,0x00,0x00,0x00,0x00,0x00,0x00,
	0x00,0x00,0x00,0x00,0x00,0x00,0x00,0x00,0x00,0x00,0x00,0x00,0x00,0x00,0x00,0x00,
	0x00,0x00,0x00,0x00,0x00,0x00,0x00,0x00,0x00,0x00,0x00,0x00,0x00,0x00,0x00,0x00,

	0x00,0x00,0x00,0x00,0x00,0x00,0x00,0x00,0x00,0x00,0x00,0x00,0x00,0x00,0x00,0x00,
	0x00,0x00,0x00,0x00,0x00,0x00,0x00,0x00,0x00,0x00,0x00,0x00,0x00,0x00,0x00,0x00,
	0x00,0x00,0x00,0x00,0x00,0x00,0x00,0x00,0x6B,0x2D,0x00,0x00,0xEF,0x3D,0x63,0x0C,
	0x4A,0x29,0x63,0x0C,0x63,0x0C,0x63,0x0C,0x63,0x0C,0x63,0x0C,0x63,0x0C,0x63,0x0C,
	0x63,0x0C,0x63,0x0C,0x63,0x0C,0x63,0x0C,0x63,0x0C,0x63,0x0C,0x63,0x0C,0x63,0x0C,
	0x63,0x0C,0x63,0x0C,0x63,0x0C,0x63,0x0C,0x63,0x0C,0x63,0x0C,0x63,0x0C,0x63,0x0C,
	0x00,0x00,0x00,0x00,0x00,0x00,0x00,0x00,0x00,0x00,0x00,0x00,0x00,0x00,0x00,0x00,
	0x00,0x00,0x00,0x00,0x00,0x00,0x00,0x00,0x00,0x00,0x00,0x00,0x00,0x00,0x00,0x00,

	0x00,0x00,0x00,0x00,0x00,0x00,0x00,0x00,0x00,0x00,0x00,0x00,0x00,0x00,0x00,0x00,
	0x4A,0x29,0x00,0x00,0xEF,0x3D,0x00,0x00,0x84,0x10,0x84,0x10,0x84,0x10,0x84,0x10,
	0x84,0x10,0x84,0x10,0x84,0x10,0x84,0x10,0x84,0x10,0x84,0x10,0x84,0x10,0x84,0x10,
	0x84,0x10,0x84,0x10,0x84,0x10,0x84,0x10,0x84,0x10,0x84,0x10,0x84,0x10,0x84,0x10,
	0x84,0x10,0x84,0x10,0x84,0x10,0x84,0x10,0x84,0x10,0x84,0x10,0x84,0x10,0x84,0x10,
	0x84,0x10,0x84,0x10,0x84,0x10,0x84,0x10,0x84,0x10,0x84,0x10,0x84,0x10,0x84,0x10,
	0x84,0x10,0x84,0x10,0x84,0x10,0x84,0x10,0x84,0x10,0x84,0x10,0x84,0x10,0x84,0x10,
	0x84,0x10,0x84,0x10,0x84,0x10,0x84,0x10,0x84,0x10,0x84,0x10,0x84,0x10,0x84,0x10,

	0x84,0x10,0x84,0x10,0x84,0x10,0x84,0x10,0x84,0x10,0x84,0x10,0x84,0x10,0x84,0x10,
	0x84,0x10,0x10,0x42,0x63,0x0C,0x63,0x0C,0x63,0x0C,0x63,0x0C,0x63,0x0C,0x63,0x0C,
	0x63,0x0C,0x63,0x0C,0x63,0x0C,0x63,0x0C,0x63,0x0C,0x63,0x0C,0x63,0x0C,0x63,0x0C,
	0x63,0x0C,0x63,0x0C,0x63,0x0C,0x63,0x0C,0x63,0x0C,0x63,0x0C,0x63,0x0C,0x63,0x0C,
	0x63,0x0C,0x63,0x0C,0x63,0x0C,0x63,0x0C,0x63,0x0C,0x63,0x0C,0x63,0x0C,0x63,0x0C,
	0x63,0x0C,0x63,0x0C,0x63,0x0C,0x63,0x0C,0x63,0x0C,0x63,0x0C,0x63,0x0C,0x63,0x0C,
	0x63,0x0C,0x63,0x0C,0x63,0x0C,0x63,0x0C,0x63,0x0C,0x63,0x0C,0x63,0x0C,0x63,0x0C,
	0x63,0x0C,0x63,0x0C,0x63,0x0C,0x63,0x0C,0x63,0x0C,0x63,0x0C,0x63,0x0C,0x63,0x0C,

	0x63,0x0C,0x63,0x0C,0x63,0x0C,0x63,0x0C,0x63,0x0C,0x63,0x0C,0x63,0x0C,0x63,0x0C,
	0x63,0x0C,0x63,0x0C,0x63,0x0C,0x63,0x0C,0x63,0x0C,0x63,0x0C,0x63,0x0C,0x63,0x0C,
	0x63,0x0C,0x63,0x0C,0x63,0x0C,0x63,0x0C,0x63,0x0C,0x63,0x0C,0x63,0x0C,0x63,0x0C,
	0x63,0x0C,0x63,0x0C,0x63,0x0C,0x63,0x0C,0x63,0x0C,0x63,0x0C,0x63,0x0C,0x63,0x0C,
	0x63,0x0C,0x63,0x0C,0x63,0x0C,0x63,0x0C,0x63,0x0C,0x63,0x0C,0x63,0x0C,0x63,0x0C,
	0x63,0x0C,0x63,0x0C,0x63,0x0C,0x63,0x0C,0x63,0x0C,0x63,0x0C,0x63,0x0C,0x63,0x0C,
	0x63,0x0C,0x63,0x0C,0x63,0x0C,0x63,0x0C,0x63,0x0C,0x63,0x0C,0x63,0x0C,0x63,0x0C,
	0x63,0x0C,0x63,0x0C,0x63,0x0C,0x63,0x0C,0x63,0x0C,0x63,0x0C,0x63,0x0C,0x63,0x0C,

	0x63,0x0C,0x63,0x0C,0x63,0x0C,0x63,0x0C,0x6B,0x2D,0x00,0x00,0xEF,0x3D,0x00,0x00,
	0x4A,0x29,0x00,0x00,0x00,0x00,0x00,0x00,0x00,0x00,0x00,0x00,0x00,0x00,0x00,0x00,
	0x00,0x00,0x00,0x00,0x00,0x00,0x00,0x00,0x00,0x00,0x00,0x00,0x00,0x00,0x00,0x00,
	0x00,0x00,0x00,0x00,0x00,0x00,0x00,0x00,0x00,0x00,0x00,0x00,0x00,0x00,0x00,0x00,
	0x63,0x0C,0x63,0x0C,0x63,0x0C,0x63,0x0C,0x63,0x0C,0x63,0x0C,0x63,0x0C,0x63,0x0C,
	0x63,0x0C,0x63,0x0C,0x63,0x0C,0x63,0x0C,0x63,0x0C,0x63,0x0C,0x63,0x0C,0x63,0x0C,
	0x63,0x0C,0x63,0x0C,0x63,0x0C,0x63,0x0C,0x63,0x0C,0x63,0x0C,0x63,0x0C,0x63,0x0C,
	0x4A,0x29,0x63,0x0C,0xEF,0x3D,0x00,0x00,0x84,0x10,0x84,0x10,0x84,0x10,0x84,0x10,

	0x84,0x10,0x84,0x10,0x84,0x10,0x84,0x10,0x84,0x10,0x84,0x10,0x84,0x10,0x84,0x10,
	0x84,0x10,0x84,0x10,0x84,0x10,0x84,0x10,0x84,0x10,0x84,0x10,0x84,0x10,0x84,0x10,
	0x84,0x10,0x84,0x10,0x84,0x10,0x84,0x10,0x84,0x10,0x84,0x10,0x84,0x10,0x84,0x10,
	0x84,0x10,0x84,0x10,0x84,0x10,0x84,0x10,0x84,0x10,0x84,0x10,0x84,0x10,0x84,0x10,
	0x84,0x10,0x84,0x10,0x84,0x10,0x84,0x10,0x84,0x10,0x84,0x10,0x84,0x10,0x84,0x10,
	0x84,0x10,0x84,0x10,0x84,0x10,0x84,0x10,0x84,0x10,0x84,0x10,0x84,0x10,0x84,0x10,
	0x84,0x10,0x84,0x10,0x84,0x10,0x84,0x10,0x84,0x10,0x84,0x10,0x84,0x10,0x84,0x10,
	0x84,0x10,0x10,0x42,0x00,0x00,0x00,0x00,0x00,0x00,0x00,0x00,0x00,0x00,0x00,0x00,

	0x00,0x00,0x00,0x00,0x00,0x00,0x00,0x00,0x00,0x00,0x00,0x00,0x00,0x00,0x00,0x00,
	0x00,0x00,0x00,0x00,0x00,0x00,0x00,0x00,0x00,0x00,0x00,0x00,0x00,0x00,0x00,0x00,
	0x00,0x00,0x00,0x00,0x00,0x00,0x00,0x00,0x00,0x00,0x00,0x00,0x00,0x00,0x00,0x00,
	0x00,0x00,0x00,0x00,0x00,0x00,0x00,0x00,0x00,0x00,0x00,0x00,0x00,0x00,0x00,0x00,
	0x00,0x00,0x00,0x00,0x00,0x00,0x00,0x00,0x00,0x00,0x00,0x00,0x00,0x00,0x00,0x00,
	0x00,0x00,0x00,0x00,0x00,0x00,0x00,0x00,0x00,0x00,0x00,0x00,0x00,0x00,0x00,0x00,
	0x00,0x00,0x00,0x00,0x00,0x00,0x00,0x00,0x00,0x00,0x00,0x00,0x00,0x00,0x00,0x00,
	0x00,0x00,0x00,0x00,0x00,0x00,0x00,0x00,0x00,0x00,0x00,0x00,0x00,0x00,0x00,0x00,

	0x00,0x00,0x00,0x00,0x00,0x00,0x00,0x00,0x00,0x00,0x00,0x00,0x00,0x00,0x00,0x00,
	0x00,0x00,0x00,0x00,0x00,0x00,0x00,0x00,0x00,0x00,0x00,0x00,0x00,0x00,0x00,0x00,
	0x00,0x00,0x00,0x00,0x00,0x00,0x00,0x00,0x00,0x00,0x00,0x00,0x00,0x00,0x00,0x00,
	0x00,0x00,0x00,0x00,0x00,0x00,0x00,0x00,0x00,0x00,0x00,0x00,0x00,0x00,0x00,0x00,
	0x00,0x00,0x00,0x00,0x00,0x00,0x00,0x00,0x00,0x00,0x00,0x00,0x00,0x00,0x00,0x00,
	0x00,0x00,0x00,0x00,0x00,0x00,0x00,0x00,0x00,0x00,0x00,0x00,0x00,0x00,0x00,0x00,
	0x00,0x00,0x00,0x00,0x00,0x00,0x00,0x00,0x6B,0x2D,0x00,0x00,0xEF,0x3D,0x63,0x0C,
	0x4A,0x29,0x63,0x0C,0x63,0x0C,0x63,0x0C,0x63,0x0C,0x63,0x0C,0x63,0x0C,0x63,0x0C,

	0x63,0x0C,0x63,0x0C,0x63,0x0C,0x63,0x0C,0x63,0x0C,0x63,0x0C,0x63,0x0C,0x63,0x0C,
	0x63,0x0C,0x63,0x0C,0x63,0x0C,0x63,0x0C,0x63,0x0C,0x63,0x0C,0x63,0x0C,0x63,0x0C,
	0x00,0x00,0x00,0x00,0x00,0x00,0x00,0x00,0x00,0x00,0x00,0x00,0x00,0x00,0x00,0x00,
	0x00,0x00,0x00,0x00,0x00,0x00,0x00,0x00,0x00,0x00,0x00,0x00,0x00,0x00,0x00,0x00,
	0x00,0x00,0x00,0x00,0x00,0x00,0x00,0x00,0x00,0x00,0x00,0x00,0x00,0x00,0x00,0x00,
	0x4A,0x29,0x00,0x00,0xEF,0x3D,0x00,0x00,0x84,0x10,0x84,0x10,0x84,0x10,0x84,0x10,
	0x84,0x10,0x84,0x10,0x84,0x10,0x84,0x10,0x84,0x10,0x84,0x10,0x84,0x10,0x84,0x10,
	0x84,0x10,0x84,0x10,0x84,0x10,0x84,0x10,0x84,0x10,0x84,0x10,0x84,0x10,0x84,0x10,

	0x84,0x10,0x84,0x10,0x84,0x10,0x84,0x10,0x84,0x10,0x84,0x10,0x84,0x10,0x84,0x10,
	0x84,0x10,0x84,0x10,0x84,0x10,0x84,0x10,0x84,0x10,0x84,0x10,0x84,0x10,0x84,0x10,
	0x84,0x10,0x84,0x10,0x84,0x10,0x84,0x10,0x84,0x10,0x84,0x10,0x84,0x10,0x84,0x10,
	0x84,0x10,0x84,0x10,0x84,0x10,0x84,0x10,0x84,0x10,0x84,0x10,0x84,0x10,0x84,0x10,
	0x84,0x10,0x84,0x10,0x84,0x10,0x84,0x10,0x84,0x10,0x84,0x10,0x84,0x10,0x84,0x10,
	0x84,0x10,0x10,0x42,0x63,0x0C,0x63,0x0C,0x63,0x0C,0x63,0x0C,0x63,0x0C,0x63,0x0C,
	0x63,0x0C,0x63,0x0C,0x63,0x0C,0x63,0x0C,0x63,0x0C,0x63,0x0C,0x63,0x0C,0x63,0x0C,
	0x63,0x0C,0x63,0x0C,0x63,0x0C,0x63,0x0C,0x63,0x0C,0x63,0x0C,0x63,0x0C,0x63,0x0C,

	0x63,0x0C,0x63,0x0C,0x63,0x0C,0x63,0x0C,0x63,0x0C,0x63,0x0C,0x63,0x0C,0x63,0x0C,
	0x63,0x0C,0x63,0x0C,0x63,0x0C,0x63,0x0C,0x63,0x0C,0x63,0x0C,0x63,0x0C,0x63,0x0C,
	0x63,0x0C,0x63,0x0C,0x63,0x0C,0x63,0x0C,0x63,0x0C,0x63,0x0C,0x63,0x0C,0x63,0x0C,
	0x63,0x0C,0x63,0x0C,0x63,0x0C,0x63,0x0C,0x63,0x0C,0x63,0x0C,0x63,0x0C,0x63,0x0C,
	0x63,0x0C,0x63,0x0C,0x63,0x0C,0x63,0x0C,0x63,0x0C,0x63,0x0C,0x63,0x0C,0x63,0x0C,
	0x63,0x0C,0x63,0x0C,0x63,0x0C,0x63,0x0C,0x63,0x0C,0x63,0x0C,0x63,0x0C,0x63,0x0C,
	0x63,0x0C,0x63,0x0C,0x63,0x0C,0x63,0x0C,0x63,0x0C,0x63,0x0C,0x63,0x0C,0x63,0x0C,
	0x63,0x0C,0x63,0x0C,0x63,0x0C,0x63,0x0C,0x63,0x0C,0x63,0x0C,0x63,0x0C,0x63,0x0C,

	0x63,0x0C,0x63,0x0C,0x63,0x0C,0x63,0x0C,0x63,0x0C,0x63,0x0C,0x63,0x0C,0x63,0x0C,
	0x63,0x0C,0x63,0x0C,0x63,0x0C,0x63,0x0C,0x63,0x0C,0x63,0x0C,0x63,0x0C,0x63,0x0C,
	0x63,0x0C,0x63,0x0C,0x63,0x0C,0x63,0x0C,0x63,0x0C,0x63,0x0C,0x63,0x0C,0x63,0x0C,
	0x63,0x0C,0x63,0x0C,0x63,0x0C,0x63,0x0C,0x63,0x0C,0x63,0x0C,0x63,0x0C,0x63,0x0C,
	0x63,0x0C,0x63,0x0C,0x63,0x0C,0x63,0x0C,0x6B,0x2D,0x00,0x00,0xEF,0x3D,0x00,0x00,
	0x4A,0x29,0x00,0x00,0x00,0x00,0x00,0x00,0x00,0x00,0x00,0x00,0x00,0x00,0x00,0x00,
	0x00,0x00,0x00,0x00,0x00,0x00,0x00,0x00,0x00,0x00,0x00,0x00,0x00,0x00,0x00,0x00,
	0x00,0x00,0x00,0x00,0x00,0x00,0x00,0x00,0x00,0x00,0x00,0x00,0x00,0x00,0x00,0x00,

	0x63,0x0C,0x63,0x0C,0x63,0x0C,0x63,0x0C,0x63,0x0C,0x63,0x0C,0x63,0x0C,0x63,0x0C,
	0x63,0x0C,0x63,0x0C,0x63,0x0C,0x63,0x0C,0x63,0x0C,0x63,0x0C,0x63,0x0C,0x63,0x0C,
	0x63,0x0C,0x63,0x0C,0x63,0x0C,0x63,0x0C,0x63,0x0C,0x63,0x0C,0x63,0x0C,0x63,0x0C,
	0x4A,0x29,0x63,0x0C,0xEF,0x3D,0x00,0x00,0x84,0x10,0x84,0x10,0x84,0x10,0x84,0x10,
	0x84,0x10,0x84,0x10,0x84,0x10,0x84,0x10,0x84,0x10,0x84,0x10,0x84,0x10,0x84,0x10,
	0x84,0x10,0x84,0x10,0x84,0x10,0x84,0x10,0x84,0x10,0x84,0x10,0x84,0x10,0x84,0x10,
	0x84,0x10,0x84,0x10,0x84,0x10,0x84,0x10,0x84,0x10,0x84,0x10,0x84,0x10,0x84,0x10,
	0x84,0x10,0x84,0x10,0x84,0x10,0x84,0x10,0x84,0x10,0x84,0x10,0x84,0x10,0x84,0x10,

	0x84,0x10,0x84,0x10,0x84,0x10,0x84,0x10,0x84,0x10,0x84,0x10,0x84,0x10,0x84,0x10,
	0x84,0x10,0x84,0x10,0x84,0x10,0x84,0x10,0x84,0x10,0x84,0x10,0x84,0x10,0x84,0x10,
	0x84,0x10,0x84,0x10,0x84,0x10,0x84,0x10,0x84,0x10,0x84,0x10,0x84,0x10,0x84,0x10,
	0x84,0x10,0x10,0x42,0x00,0x00,0x00,0x00,0x00,0x00,0x00,0x00,0x00,0x00,0x00,0x00,
	0x00,0x00,0x00,0x00,0x00,0x00,0x00,0x00,0x00,0x00,0x00,0x00,0x00,0x00,0x00,0x00,
	0x00,0x00,0x00,0x00,0x00,0x00,0x00,0x00,0x00,0x00,0x00,0x00,0x00,0x00,0x00,0x00,
	0x00,0x00,0x00,0x00,0x00,0x00,0x00,0x00,0x00,0x00,0x00,0x00,0x00,0x00,0x00,0x00,
	0x00,0x00,0x00,0x00,0x00,0x00,0x00,0x00,0x00,0x00,0x00,0x00,0x00,0x00,0x00,0x00,

	0x00,0x00,0x00,0x00,0x00,0x00,0x00,0x00,0x00,0x00,0x00,0x00,0x00,0x00,0x00,0x00,
	0x00,0x00,0x00,0x00,0x00,0x00,0x00,0x00,0x00,0x00,0x00,0x00,0x00,0x00,0x00,0x00,
	0x00,0x00,0x00,0x00,0x00,0x00,0x00,0x00,0x00,0x00,0x00,0x00,0x00,0x00,0x00,0x00,
	0x00,0x00,0x00,0x00,0x00,0x00,0x00,0x00,0x00,0x00,0x00,0x00,0x00,0x00,0x00,0x00,
	0x00,0x00,0x00,0x00,0x00,0x00,0x00,0x00,0x00,0x00,0x00,0x00,0x00,0x00,0x00,0x00,
	0x00,0x00,0x00,0x00,0x00,0x00,0x00,0x00,0x00,0x00,0x00,0x00,0x00,0x00,0x00,0x00,
	0x00,0x00,0x00,0x00,0x00,0x00,0x00,0x00,0x00,0x00,0x00,0x00,0x00,0x00,0x00,0x00,
	0x00,0x00,0x00,0x00,0x00,0x00,0x00,0x00,0x00,0x00,0x00,0x00,0x00,0x00,0x00,0x00,

	0x00,0x00,0x00,0x00,0x00,0x00,0x00,0x00,0x00,0x00,0x00,0x00,0x00,0x00,0x00,0x00,
	0x00,0x00,0x00,0x00,0x00,0x00,0x00,0x00,0x00,0x00,0x00,0x00,0x00,0x00,0x00,0x00,
	0x00,0x00,0x00,0x00,0x00,0x00,0x00,0x00,0x6B,0x2D,0x00,0x00,0xEF,0x3D,0x63,0x0C,
	0x4A,0x29,0x63,0x0C,0x63,0x0C,0x63,0x0C,0x63,0x0C,0x63,0x0C,0x63,0x0C,0x63,0x0C,
	0x63,0x0C,0x63,0x0C,0x63,0x0C,0x63,0x0C,0x63,0x0C,0x63,0x0C,0x63,0x0C,0x63,0x0C,
	0x63,0x0C,0x63,0x0C,0x63,0x0C,0x63,0x0C,0x63,0x0C,0x63,0x0C,0x63,0x0C,0x63,0x0C,
	0x00,0x00,0x00,0x00,0x00,0x00,0x00,0x00,0x00,0x00,0x00,0x00,0x00,0x00,0x00,0x00,
	0x00,0x00,0x00,0x00,0x00,0x00,0x00,0x00,0x00,0x00,0x00,0x00,0x00,0x00,0x00,0x00,

	0x00,0x00,0x00,0x00,0x00,0x00,0x00,0x00,0x00,0x00,0x00,0x00,0x00,0x00,0x00,0x00,
	0x4A,0x29,0x00,0x00,0xEF,0x3D,0x00,0x00,0x63,0x0C,0x84,0x10,0x63,0x0C,0x84,0x10,
	0x63,0x0C,0x84,0x10,0x63,0x0C,0x84,0x10,0x63,0x0C,0x84,0x10,0x63,0x0C,0x84,0x10,
	0x63,0x0C,0x84,0x10,0x63,0x0C,0x84,0x10,0x63,0x0C,0x84,0x10,0x63,0x0C,0x84,0x10,
	0x63,0x0C,0x84,0x10,0x63,0x0C,0x84,0x10,0x63,0x0C,0x84,0x10,0x63,0x0C,0x84,0x10,
	0x63,0x0C,0x84,0x10,0x63,0x0C,0x84,0x10,0x63,0x0C,0x84,0x10,0x63,0x0C,0x84,0x10,
	0x63,0x0C,0x84,0x10,0x63,0x0C,0x84,0x10,0x63,0x0C,0x84,0x10,0x63,0x0C,0x84,0x10,
	0x63,0x0C,0x84,0x10,0x63,0x0C,0x84,0x10,0x63,0x0C,0x84,0x10,0x63,0x0C,0x84,0x10,

	0x63,0x0C,0x84,0x10,0x63,0x0C,0x84,0x10,0x63,0x0C,0x84,0x10,0x63,0x0C,0x84,0x10,
	0x63,0x0C,0x10,0x42,0x63,0x0C,0x63,0x0C,0x63,0x0C,0x63,0x0C,0x63,0x0C,0x63,0x0C,
	0x63,0x0C,0x63,0x0C,0x63,0x0C,0x63,0x0C,0x63,0x0C,0x63,0x0C,0x63,0x0C,0x63,0x0C,
	0x63,0x0C,0x63,0x0C,0x63,0x0C,0x63,0x0C,0x63,0x0C,0x63,0x0C,0x63,0x0C,0x63,0x0C,
	0x63,0x0C,0x63,0x0C,0x63,0x0C,0x63,0x0C,0x63,0x0C,0x63,0x0C,0x63,0x0C,0x63,0x0C,
	0x63,0x0C,0x63,0x0C,0x63,0x0C,0x63,0x0C,0x63,0x0C,0x63,0x0C,0x63,0x0C,0x63,0x0C,
	0x63,0x0C,0x63,0x0C,0x63,0x0C,0x63,0x0C,0x63,0x0C,0x63,0x0C,0x63,0x0C,0x63,0x0C,
	0x63,0x0C,0x63,0x0C,0x63,0x0C,0x63,0x0C,0x63,0x0C,0x63,0x0C,0x63,0x0C,0x63,0x0C,

	0x63,0x0C,0x63,0x0C,0x63,0x0C,0x63,0x0C,0x63,0x0C,0x63,0x0C,0x63,0x0C,0x63,0x0C,
	0x63,0x0C,0x63,0x0C,0x63,0x0C,0x63,0x0C,0x63,0x0C,0x63,0x0C,0x63,0x0C,0x63,0x0C,
	0x63,0x0C,0x63,0x0C,0x63,0x0C,0x63,0x0C,0x63,0x0C,0x63,0x0C,0x63,0x0C,0x63,0x0C,
	0x63,0x0C,0x63,0x0C,0x63,0x0C,0x63,0x0C,0x63,0x0C,0x63,0x0C,0x63,0x0C,0x63,0x0C,
	0x63,0x0C,0x63,0x0C,0x63,0x0C,0x63,0x0C,0x63,0x0C,0x63,0x0C,0x63,0x0C,0x63,0x0C,
	0x63,0x0C,0x63,0x0C,0x63,0x0C,0x63,0x0C,0x63,0x0C,0x63,0x0C,0x63,0x0C,0x63,0x0C,
	0x63,0x0C,0x63,0x0C,0x63,0x0C,0x63,0x0C,0x63,0x0C,0x63,0x0C,0x63,0x0C,0x63,0x0C,
	0x63,0x0C,0x63,0x0C,0x63,0x0C,0x63,0x0C,0x63,0x0C,0x63,0x0C,0x63,0x0C,0x63,0x0C,

	0x63,0x0C,0x63,0x0C,0x63,0x0C,0x63,0x0C,0x6B,0x2D,0x00,0x00,0xEF,0x3D,0x00,0x00,
	0x4A,0x29,0x00,0x00,0x00,0x00,0x00,0x00,0x00,0x00,0x00,0x00,0x00,0x00,0x00,0x00,
	0x00,0x00,0x00,0x00,0x00,0x00,0x00,0x00,0x00,0x00,0x00,0x00,0x00,0x00,0x00,0x00,
	0x00,0x00,0x00,0x00,0x00,0x00,0x00,0x00,0x00,0x00,0x00,0x00,0x00,0x00,0x00,0x00,
	0x63,0x0C,0x63,0x0C,0x63,0x0C,0x63,0x0C,0x63,0x0C,0x63,0x0C,0x63,0x0C,0x63,0x0C,
	0x63,0x0C,0x63,0x0C,0x63,0x0C,0x63,0x0C,0x63,0x0C,0x63,0x0C,0x63,0x0C,0x63,0x0C,
	0x63,0x0C,0x63,0x0C,0x63,0x0C,0x63,0x0C,0x63,0x0C,0x63,0x0C,0x63,0x0C,0x63,0x0C,
	0x4A,0x29,0x63,0x0C,0xEF,0x3D,0x00,0x00,0x84,0x10,0x63,0x0C,0x84,0x10,0x63,0x0C,

	0x84,0x10,0x63,0x0C,0x84,0x10,0x63,0x0C,0x84,0x10,0x63,0x0C,0x84,0x10,0x63,0x0C,
	0x84,0x10,0x63,0x0C,0x84,0x10,0x63,0x0C,0x84,0x10,0x63,0x0C,0x84,0x10,0x63,0x0C,
	0x84,0x10,0x63,0x0C,0x84,0x10,0x63,0x0C,0x84,0x10,0x63,0x0C,0x84,0x10,0x63,0x0C,
	0x84,0x10,0x63,0x0C,0x84,0x10,0x63,0x0C,0x84,0x10,0x63,0x0C,0x84,0x10,0x63,0x0C,
	0x84,0x10,0x63,0x0C,0x84,0x10,0x63,0x0C,0x84,0x10,0x63,0x0C,0x84,0x10,0x63,0x0C,
	0x84,0x10,0x63,0x0C,0x84,0x10,0x63,0x0C,0x84,0x10,0x63,0x0C,0x84,0x10,0x63,0x0C,
	0x84,0x10,0x63,0x0C,0x84,0x10,0x63,0x0C,0x84,0x10,0x63,0x0C,0x84,0x10,0x63,0x0C,
	0x84,0x10,0x10,0x42,0x00,0x00,0x00,0x00,0x00,0x00,0x00,0x00,0x00,0x00,0x00,0x00,

	0x00,0x00,0x00,0x00,0x00,0x00,0x00,0x00,0x00,0x00,0x00,0x00,0x00,0x00,0x00,0x00,
	0x00,0x00,0x00,0x00,0x00,0x00,0x00,0x00,0x00,0x00,0x00,0x00,0x00,0x00,0x00,0x00,
	0x00,0x00,0x00,0x00,0x00,0x00,0x00,0x00,0x00,0x00,0x00,0x00,0x00,0x00,0x00,0x00,
	0x00,0x00,0x00,0x00,0x00,0x00,0x00,0x00,0x00,0x00,0x00,0x00,0x00,0x00,0x00,0x00,
	0x00,0x00,0x00,0x00,0x00,0x00,0x00,0x00,0x00,0x00,0x00,0x00,0x00,0x00,0x00,0x00,
	0x00,0x00,0x00,0x00,0x00,0x00,0x00,0x00,0x00,0x00,0x00,0x00,0x00,0x00,0x00,0x00,
	0x00,0x00,0x00,0x00,0x00,0x00,0x00,0x00,0x00,0x00,0x00,0x00,0x00,0x00,0x00,0x00,
	0x00,0x00,0x00,0x00,0x00,0x00,0x00,0x00,0x00,0x00,0x00,0x00,0x00,0x00,0x00,0x00,

	0x00,0x00,0x00,0x00,0x00,0x00,0x00,0x00,0x00,0x00,0x00,0x00,0x00,0x00,0x00,0x00,
	0x00,0x00,0x00,0x00,0x00,0x00,0x00,0x00,0x00,0x00,0x00,0x00,0x00,0x00,0x00,0x00,
	0x00,0x00,0x00,0x00,0x00,0x00,0x00,0x00,0x00,0x00,0x00,0x00,0x00,0x00,0x00,0x00,
	0x00,0x00,0x00,0x00,0x00,0x00,0x00,0x00,0x00,0x00,0x00,0x00,0x00,0x00,0x00,0x00,
	0x00,0x00,0x00,0x00,0x00,0x00,0x00,0x00,0x00,0x00,0x00,0x00,0x00,0x00,0x00,0x00,
	0x00,0x00,0x00,0x00,0x00,0x00,0x00,0x00,0x00,0x00,0x00,0x00,0x00,0x00,0x00,0x00,
	0x00,0x00,0x00,0x00,0x00,0x00,0x00,0x00,0x6B,0x2D,0x00,0x00,0xEF,0x3D,0x63,0x0C,
	0x4A,0x29,0x63,0x0C,0x63,0x0C,0x63,0x0C,0x63,0x0C,0x63,0x0C,0x63,0x0C,0x63,0x0C,

	0x63,0x0C,0x63,0x0C,0x63,0x0C,0x63,0x0C,0x63,0x0C,0x63,0x0C,0x63,0x0C,0x63,0x0C,
	0x63,0x0C,0x63,0x0C,0x63,0x0C,0x63,0x0C,0x63,0x0C,0x63,0x0C,0x63,0x0C,0x63,0x0C,
	0x00,0x00,0x00,0x00,0x00,0x00,0x00,0x00,0x00,0x00,0x00,0x00,0x00,0x00,0x00,0x00,
	0x00,0x00,0x00,0x00,0x00,0x00,0x00,0x00,0x00,0x00,0x00,0x00,0x00,0x00,0x00,0x00,
	0x00,0x00,0x00,0x00,0x00,0x00,0x00,0x00,0x00,0x00,0x00,0x00,0x00,0x00,0x00,0x00,
	0x4A,0x29,0x00,0x00,0xEF,0x3D,0x00,0x00,0x63,0x0C,0x84,0x10,0x63,0x0C,0x84,0x10,
	0x63,0x0C,0x84,0x10,0x63,0x0C,0x84,0x10,0x63,0x0C,0x84,0x10,0x63,0x0C,0x84,0x10,
	0x63,0x0C,0x84,0x10,0x63,0x0C,0x84,0x10,0x63,0x0C,0x84,0x10,0x63,0x0C,0x84,0x10,

	0x63,0x0C,0x84,0x10,0x63,0x0C,0x84,0x10,0x63,0x0C,0x84,0x10,0x63,0x0C,0x84,0x10,
	0x63,0x0C,0x84,0x10,0x63,0x0C,0x84,0x10,0x63,0x0C,0x84,0x10,0x63,0x0C,0x84,0x10,
	0x63,0x0C,0x84,0x10,0x63,0x0C,0x84,0x10,0x63,0x0C,0x84,0x10,0x63,0x0C,0x84,0x10,
	0x63,0x0C,0x84,0x10,0x63,0x0C,0x84,0x10,0x63,0x0C,0x84,0x10,0x63,0x0C,0x84,0x10,
	0x63,0x0C,0x84,0x10,0x63,0x0C,0x84,0x10,0x63,0x0C,0x84,0x10,0x63,0x0C,0x84,0x10,
	0x63,0x0C,0x10,0x42,0x63,0x0C,0x63,0x0C,0x63,0x0C,0x63,0x0C,0x63,0x0C,0x63,0x0C,
	0x63,0x0C,0x63,0x0C,0x63,0x0C,0x63,0x0C,0x63,0x0C,0x63,0x0C,0x63,0x0C,0x63,0x0C,
	0x63,0x0C,0x63,0x0C,0x63,0x0C,0x63,0x0C,0x63,0x0C,0x63,0x0C,0x63,0x0C,0x63,0x0C,

	0x63,0x0C,0x63,0x0C,0x63,0x0C,0x63,0x0C,0x63,0x0C,0x63,0x0C,0x63,0x0C,0x63,0x0C,
	0x63,0x0C,0x63,0x0C,0x63,0x0C,0x63,0x0C,0x63,0x0C,0x63,0x0C,0x63,0x0C,0x63,0x0C,
	0x63,0x0C,0x63,0x0C,0x63,0x0C,0x63,0x0C,0x63,0x0C,0x63,0x0C,0x63,0x0C,0x63,0x0C,
	0x63,0x0C,0x63,0x0C,0x63,0x0C,0x63,0x0C,0x63,0x0C,0x63,0x0C,0x63,0x0C,0x63,0x0C,
	0x63,0x0C,0x63,0x0C,0x63,0x0C,0x63,0x0C,0x63,0x0C,0x63,0x0C,0x63,0x0C,0x63,0x0C,
	0x63,0x0C,0x63,0x0C,0x63,0x0C,0x63,0x0C,0x63,0x0C,0x63,0x0C,0x63,0x0C,0x63,0x0C,
	0x63,0x0C,0x63,0x0C,0x63,0x0C,0x63,0x0C,0x63,0x0C,0x63,0x0C,0x63,0x0C,0x63,0x0C,
	0x63,0x0C,0x63,0x0C,0x63,0x0C,0x63,0x0C,0x63,0x0C,0x63,0x0C,0x63,0x0C,0x63,0x0C,

	0x63,0x0C,0x63,0x0C,0x63,0x0C,0x63,0x0C,0x63,0x0C,0x63,0x0C,0x63,0x0C,0x63,0x0C,
	0x63,0x0C,0x63,0x0C,0x63,0x0C,0x63,0x0C,0x63,0x0C,0x63,0x0C,0x63,0x0C,0x63,0x0C,
	0x63,0x0C,0x63,0x0C,0x63,0x0C,0x63,0x0C,0x63,0x0C,0x63,0x0C,0x63,0x0C,0x63,0x0C,
	0x63,0x0C,0x63,0x0C,0x63,0x0C,0x63,0x0C,0x63,0x0C,0x63,0x0C,0x63,0x0C,0x63,0x0C,
	0x63,0x0C,0x63,0x0C,0x63,0x0C,0x63,0x0C,0x6B,0x2D,0x00,0x00,0xEF,0x3D,0x00,0x00,
	0x4A,0x29,0x00,0x00,0x00,0x00,0x00,0x00,0x00,0x00,0x00,0x00,0x00,0x00,0x00,0x00,
	0x00,0x00,0x00,0x00,0x00,0x00,0x00,0x00,0x00,0x00,0x00,0x00,0x00,0x00,0x00,0x00,
	0x00,0x00,0x00,0x00,0x00,0x00,0x00,0x00,0x00,0x00,0x00,0x00,0x00,0x00,0x00,0x00,

	0x63,0x0C,0x63,0x0C,0x63,0x0C,0x63,0x0C,0x63,0x0C,0x63,0x0C,0x63,0x0C,0x63,0x0C,
	0x63,0x0C,0x63,0x0C,0x63,0x0C,0x63,0x0C,0x63,0x0C,0x63,0x0C,0x63,0x0C,0x63,0x0C,
	0x63,0x0C,0x63,0x0C,0x63,0x0C,0x63,0x0C,0x63,0x0C,0x63,0x0C,0x63,0x0C,0x63,0x0C,
	0x4A,0x29,0x63,0x0C,0xEF,0x3D,0x00,0x00,0x84,0x10,0x63,0x0C,0x84,0x10,0x63,0x0C,
	0x84,0x10,0x63,0x0C,0x84,0x10,0x63,0x0C,0x84,0x10,0x63,0x0C,0x84,0x10,0x63,0x0C,
	0x84,0x10,0x63,0x0C,0x84,0x10,0x63,0x0C,0x84,0x10,0x63,0x0C,0x84,0x10,0x63,0x0C,
	0x84,0x10,0x63,0x0C,0x84,0x10,0x63,0x0C,0x84,0x10,0x63,0x0C,0x84,0x10,0x63,0x0C,
	0x84,0x10,0x63,0x0C,0x84,0x10,0x63,0x0C,0x84,0x10,0x63,0x0C,0x84,0x10,0x63,0x0C,

	0x84,0x10,0x63,0x0C,0x84,0x10,0x63,0x0C,0x84,0x10,0x63,0x0C,0x84,0x10,0x63,0x0C,
	0x84,0x10,0x63,0x0C,0x84,0x10,0x63,0x0C,0x84,0x10,0x63,0x0C,0x84,0x10,0x63,0x0C,
	0x84,0x10,0x63,0x0C,0x84,0x10,0x63,0x0C,0x84,0x10,0x63,0x0C,0x84,0x10,0x63,0x0C,
	0x84,0x10,0x10,0x42,0x00,0x00,0x00,0x00,0x00,0x00,0x00,0x00,0x00,0x00,0x00,0x00,
	0x00,0x00,0x00,0x00,0x00,0x00,0x00,0x00,0x00,0x00,0x00,0x00,0x00,0x00,0x00,0x00,
	0x00,0x00,0x00,0x00,0x00,0x00,0x00,0x00,0x00,0x00,0x00,0x00,0x00,0x00,0x00,0x00,
	0x00,0x00,0x00,0x00,0x00,0x00,0x00,0x00,0x00,0x00,0x00,0x00,0x00,0x00,0x00,0x00,
	0x00,0x00,0x00,0x00,0x00,0x00,0x00,0x00,0x00,0x00,0x00,0x00,0x00,0x00,0x00,0x00,

	0x00,0x00,0x00,0x00,0x00,0x00,0x00,0x00,0x00,0x00,0x00,0x00,0x00,0x00,0x00,0x00,
	0x00,0x00,0x00,0x00,0x00,0x00,0x00,0x00,0x00,0x00,0x00,0x00,0x00,0x00,0x00,0x00,
	0x00,0x00,0x00,0x00,0x00,0x00,0x00,0x00,0x00,0x00,0x00,0x00,0x00,0x00,0x00,0x00,
	0x00,0x00,0x00,0x00,0x00,0x00,0x00,0x00,0x00,0x00,0x00,0x00,0x00,0x00,0x00,0x00,
	0x00,0x00,0x00,0x00,0x00,0x00,0x00,0x00,0x00,0x00,0x00,0x00,0x00,0x00,0x00,0x00,
	0x00,0x00,0x00,0x00,0x00,0x00,0x00,0x00,0x00,0x00,0x00,0x00,0x00,0x00,0x00,0x00,
	0x00,0x00,0x00,0x00,0x00,0x00,0x00,0x00,0x00,0x00,0x00,0x00,0x00,0x00,0x00,0x00,
	0x00,0x00,0x00,0x00,0x00,0x00,0x00,0x00,0x00,0x00,0x00,0x00,0x00,0x00,0x00,0x00,

	0x00,0x00,0x00,0x00,0x00,0x00,0x00,0x00,0x00,0x00,0x00,0x00,0x00,0x00,0x00,0x00,
	0x00,0x00,0x00,0x00,0x00,0x00,0x00,0x00,0x00,0x00,0x00,0x00,0x00,0x00,0x00,0x00,
	0x00,0x00,0x00,0x00,0x00,0x00,0x00,0x00,0x6B,0x2D,0x00,0x00,0xEF,0x3D,0x63,0x0C,
	0x4A,0x29,0x63,0x0C,0x63,0x0C,0x63,0x0C,0x63,0x0C,0x63,0x0C,0x63,0x0C,0x63,0x0C,
	0x63,0x0C,0x63,0x0C,0x63,0x0C,0x63,0x0C,0x63,0x0C,0x63,0x0C,0x63,0x0C,0x63,0x0C,
	0x63,0x0C,0x63,0x0C,0x63,0x0C,0x63,0x0C,0x63,0x0C,0x63,0x0C,0x63,0x0C,0x63,0x0C,
	0x00,0x00,0x00,0x00,0x00,0x00,0x00,0x00,0x00,0x00,0x00,0x00,0x00,0x00,0x00,0x00,
	0x00,0x00,0x00,0x00,0x00,0x00,0x00,0x00,0x00,0x00,0x00,0x00,0x00,0x00,0x00,0x00,

	0x00,0x00,0x00,0x00,0x00,0x00,0x00,0x00,0x00,0x00,0x00,0x00,0x00,0x00,0x00,0x00,
	0x4A,0x29,0x00,0x00,0xEF,0x3D,0x00,0x00,0x63,0x0C,0x84,0x10,0x63,0x0C,0x84,0x10,
	0x63,0x0C,0x84,0x10,0x63,0x0C,0x84,0x10,0x63,0x0C,0x84,0x10,0x63,0x0C,0x84,0x10,
	0x63,0x0C,0x84,0x10,0x63,0x0C,0x84,0x10,0x63,0x0C,0x84,0x10,0x63,0x0C,0x84,0x10,
	0x63,0x0C,0x84,0x10,0x63,0x0C,0x84,0x10,0x63,0x0C,0x84,0x10,0x63,0x0C,0x84,0x10,
	0x63,0x0C,0x84,0x10,0x63,0x0C,0x84,0x10,0x63,0x0C,0x84,0x10,0x63,0x0C,0x84,0x10,
	0x63,0x0C,0x84,0x10,0x63,0x0C,0x84,0x10,0x63,0x0C,0x84,0x10,0x63,0x0C,0x84,0x10,
	0x63,0x0C,0x84,0x10,0x63,0x0C,0x84,0x10,0x63,0x0C,0x84,0x10,0x63,0x0C,0x84,0x10,

	0x63,0x0C,0x84,0x10,0x63,0x0C,0x84,0x10,0x63,0x0C,0x84,0x10,0x63,0x0C,0x84,0x10,
	0x63,0x0C,0x10,0x42,0x63,0x0C,0x63,0x0C,0x63,0x0C,0x63,0x0C,0x63,0x0C,0x63,0x0C,
	0x63,0x0C,0x63,0x0C,0x63,0x0C,0x63,0x0C,0x63,0x0C,0x63,0x0C,0x63,0x0C,0x63,0x0C,
	0x63,0x0C,0x63,0x0C,0x63,0x0C,0x63,0x0C,0x63,0x0C,0x63,0x0C,0x63,0x0C,0x63,0x0C,
	0x63,0x0C,0x63,0x0C,0x63,0x0C,0x63,0x0C,0x63,0x0C,0x63,0x0C,0x63,0x0C,0x63,0x0C,
	0x63,0x0C,0x63,0x0C,0x63,0x0C,0x63,0x0C,0x63,0x0C,0x63,0x0C,0x63,0x0C,0x63,0x0C,
	0x63,0x0C,0x63,0x0C,0x63,0x0C,0x63,0x0C,0x63,0x0C,0x63,0x0C,0x63,0x0C,0x63,0x0C,
	0x63,0x0C,0x63,0x0C,0x63,0x0C,0x63,0x0C,0x63,0x0C,0x63,0x0C,0x63,0x0C,0x63,0x0C,

	0x63,0x0C,0x63,0x0C,0x63,0x0C,0x63,0x0C,0x63,0x0C,0x63,0x0C,0x63,0x0C,0x63,0x0C,
	0x63,0x0C,0x63,0x0C,0x63,0x0C,0x63,0x0C,0x63,0x0C,0x63,0x0C,0x63,0x0C,0x63,0x0C,
	0x63,0x0C,0x63,0x0C,0x63,0x0C,0x63,0x0C,0x63,0x0C,0x63,0x0C,0x63,0x0C,0x63,0x0C,
	0x63,0x0C,0x63,0x0C,0x63,0x0C,0x63,0x0C,0x63,0x0C,0x63,0x0C,0x63,0x0C,0x63,0x0C,
	0x63,0x0C,0x63,0x0C,0x63,0x0C,0x63,0x0C,0x63,0x0C,0x63,0x0C,0x63,0x0C,0x63,0x0C,
	0x63,0x0C,0x63,0x0C,0x63,0x0C,0x63,0x0C,0x63,0x0C,0x63,0x0C,0x63,0x0C,0x63,0x0C,
	0x63,0x0C,0x63,0x0C,0x63,0x0C,0x63,0x0C,0x63,0x0C,0x63,0x0C,0x63,0x0C,0x63,0x0C,
	0x63,0x0C,0x63,0x0C,0x63,0x0C,0x63,0x0C,0x63,0x0C,0x63,0x0C,0x63,0x0C,0x63,0x0C,

	0x63,0x0C,0x63,0x0C,0x63,0x0C,0x63,0x0C,0x6B,0x2D,0x00,0x00,0xEF,0x3D,0x00,0x00,
	0x4A,0x29,0x00,0x00,0x00,0x00,0x00,0x00,0x00,0x00,0x00,0x00,0x00,0x00,0x00,0x00,
	0x00,0x00,0x00,0x00,0x00,0x00,0x00,0x00,0x00,0x00,0x00,0x00,0x00,0x00,0x00,0x00,
	0x00,0x00,0x00,0x00,0x00,0x00,0x00,0x00,0x00,0x00,0x00,0x00,0x00,0x00,0x00,0x00,
	0x63,0x0C,0x63,0x0C,0x63,0x0C,0x63,0x0C,0x63,0x0C,0x63,0x0C,0x63,0x0C,0x63,0x0C,
	0x63,0x0C,0x63,0x0C,0x63,0x0C,0x63,0x0C,0x63,0x0C,0x63,0x0C,0x63,0x0C,0x63,0x0C,
	0x63,0x0C,0x63,0x0C,0x63,0x0C,0x63,0x0C,0x63,0x0C,0x63,0x0C,0x63,0x0C,0x63,0x0C,
	0x4A,0x29,0x63,0x0C,0xEF,0x3D,0x00,0x00,0x84,0x10,0x63,0x0C,0x84,0x10,0x63,0x0C,

	0x84,0x10,0x63,0x0C,0x84,0x10,0x63,0x0C,0x84,0x10,0x63,0x0C,0x84,0x10,0x63,0x0C,
	0x84,0x10,0x63,0x0C,0x84,0x10,0x63,0x0C,0x84,0x10,0x63,0x0C,0x84,0x10,0x63,0x0C,
	0x84,0x10,0x63,0x0C,0x84,0x10,0x63,0x0C,0x84,0x10,0x63,0x0C,0x84,0x10,0x63,0x0C,
	0x84,0x10,0x63,0x0C,0x84,0x10,0x63,0x0C,0x84,0x10,0x63,0x0C,0x84,0x10,0x63,0x0C,
	0x84,0x10,0x63,0x0C,0x84,0x10,0x63,0x0C,0x84,0x10,0x63,0x0C,0x84,0x10,0x63,0x0C,
	0x84,0x10,0x63,0x0C,0x84,0x10,0x63,0x0C,0x84,0x10,0x63,0x0C,0x84,0x10,0x63,0x0C,
	0x84,0x10,0x63,0x0C,0x84,0x10,0x63,0x0C,0x84,0x10,0x63,0x0C,0x84,0x10,0x63,0x0C,
	0x84,0x10,0x10,0x42,0x00,0x00,0x00,0x00,0x00,0x00,0x00,0x00,0x00,0x00,0x00,0x00,

	0x00,0x00,0x00,0x00,0x00,0x00,0x00,0x00,0x00,0x00,0x00,0x00,0x00,0x00,0x00,0x00,
	0x00,0x00,0x00,0x00,0x00,0x00,0x00,0x00,0x00,0x00,0x00,0x00,0x00,0x00,0x00,0x00,
	0x00,0x00,0x00,0x00,0x00,0x00,0x00,0x00,0x00,0x00,0x00,0x00,0x00,0x00,0x00,0x00,
	0x00,0x00,0x00,0x00,0x00,0x00,0x00,0x00,0x00,0x00,0x00,0x00,0x00,0x00,0x00,0x00,
	0x00,0x00,0x00,0x00,0x00,0x00,0x00,0x00,0x00,0x00,0x00,0x00,0x00,0x00,0x00,0x00,
	0x00,0x00,0x00,0x00,0x00,0x00,0x00,0x00,0x00,0x00,0x00,0x00,0x00,0x00,0x00,0x00,
	0x00,0x00,0x00,0x00,0x00,0x00,0x00,0x00,0x00,0x00,0x00,0x00,0x00,0x00,0x00,0x00,
	0x00,0x00,0x00,0x00,0x00,0x00,0x00,0x00,0x00,0x00,0x00,0x00,0x00,0x00,0x00,0x00,

	0x00,0x00,0x00,0x00,0x00,0x00,0x00,0x00,0x00,0x00,0x00,0x00,0x00,0x00,0x00,0x00,
	0x00,0x00,0x00,0x00,0x00,0x00,0x00,0x00,0x00,0x00,0x00,0x00,0x00,0x00,0x00,0x00,
	0x00,0x00,0x00,0x00,0x00,0x00,0x00,0x00,0x00,0x00,0x00,0x00,0x00,0x00,0x00,0x00,
	0x00,0x00,0x00,0x00,0x00,0x00,0x00,0x00,0x00,0x00,0x00,0x00,0x00,0x00,0x00,0x00,
	0x00,0x00,0x00,0x00,0x00,0x00,0x00,0x00,0x00,0x00,0x00,0x00,0x00,0x00,0x00,0x00,
	0x00,0x00,0x00,0x00,0x00,0x00,0x00,0x00,0x00,0x00,0x00,0x00,0x00,0x00,0x00,0x00,
	0x00,0x00,0x00,0x00,0x00,0x00,0x00,0x00,0x6B,0x2D,0x00,0x00,0xEF,0x3D,0x63,0x0C,
	0x4A,0x29,0x63,0x0C,0x63,0x0C,0x63,0x0C,0x63,0x0C,0x63,0x0C,0x63,0x0C,0x63,0x0C,

	0x63,0x0C,0x63,0x0C,0x63,0x0C,0x63,0x0C,0x63,0x0C,0x63,0x0C,0x63,0x0C,0x63,0x0C,
	0x63,0x0C,0x63,0x0C,0x63,0x0C,0x63,0x0C,0x63,0x0C,0x63,0x0C,0x63,0x0C,0x63,0x0C,
	0x00,0x00,0x00,0x00,0x00,0x00,0x00,0x00,0x00,0x00,0x00,0x00,0x00,0x00,0x00,0x00,
	0x00,0x00,0x00,0x00,0x00,0x00,0x00,0x00,0x00,0x00,0x00,0x00,0x00,0x00,0x00,0x00,
	0x00,0x00,0x00,0x00,0x00,0x00,0x00,0x00,0x00,0x00,0x00,0x00,0x00,0x00,0x00,0x00,
	0x4A,0x29,0x00,0x00,0xEF,0x3D,0x00,0x00,0x63,0x0C,0x84,0x10,0x63,0x0C,0x84,0x10,
	0x63,0x0C,0x84,0x10,0x63,0x0C,0x84,0x10,0x63,0x0C,0x84,0x10,0x63,0x0C,0x84,0x10,
	0x63,0x0C,0x84,0x10,0x63,0x0C,0x84,0x10,0x63,0x0C,0x84,0x10,0x63,0x0C,0x84,0x10,

	0x63,0x0C,0x84,0x10,0x63,0x0C,0x84,0x10,0x63,0x0C,0x84,0x10,0x63,0x0C,0x84,0x10,
	0x63,0x0C,0x84,0x10,0x63,0x0C,0x84,0x10,0x63,0x0C,0x84,0x10,0x63,0x0C,0x84,0x10,
	0x63,0x0C,0x84,0x10,0x63,0x0C,0x84,0x10,0x63,0x0C,0x84,0x10,0x63,0x0C,0x84,0x10,
	0x63,0x0C,0x84,0x10,0x63,0x0C,0x84,0x10,0x63,0x0C,0x84,0x10,0x63,0x0C,0x84,0x10,
	0x63,0x0C,0x84,0x10,0x63,0x0C,0x84,0x10,0x63,0x0C,0x84,0x10,0x63,0x0C,0x84,0x10,
	0x63,0x0C,0x10,0x42,0x63,0x0C,0x63,0x0C,0x63,0x0C,0x63,0x0C,0x63,0x0C,0x63,0x0C,
	0x63,0x0C,0x63,0x0C,0x63,0x0C,0x63,0x0C,0x63,0x0C,0x63,0x0C,0x63,0x0C,0x63,0x0C,
	0x63,0x0C,0x63,0x0C,0x63,0x0C,0x63,0x0C,0x63,0x0C,0x63,0x0C,0x63,0x0C,0x63,0x0C,

	0x63,0x0C,0x63,0x0C,0x63,0x0C,0x63,0x0C,0x63,0x0C,0x63,0x0C,0x63,0x0C,0x63,0x0C,
	0x63,0x0C,0x63,0x0C,0x63,0x0C,0x63,0x0C,0x63,0x0C,0x63,0x0C,0x63,0x0C,0x63,0x0C,
	0x63,0x0C,0x63,0x0C,0x63,0x0C,0x63,0x0C,0x63,0x0C,0x63,0x0C,0x63,0x0C,0x63,0x0C,
	0x63,0x0C,0x63,0x0C,0x63,0x0C,0x63,0x0C,0x63,0x0C,0x63,0x0C,0x63,0x0C,0x63,0x0C,
	0x63,0x0C,0x63,0x0C,0x63,0x0C,0x63,0x0C,0x63,0x0C,0x63,0x0C,0x63,0x0C,0x63,0x0C,
	0x63,0x0C,0x63,0x0C,0x63,0x0C,0x63,0x0C,0x63,0x0C,0x63,0x0C,0x63,0x0C,0x63,0x0C,
	0x63,0x0C,0x63,0x0C,0x63,0x0C,0x63,0x0C,0x63,0x0C,0x63,0x0C,0x63,0x0C,0x63,0x0C,
	0x63,0x0C,0x63,0x0C,0x63,0x0C,0x63,0x0C,0x63,0x0C,0x63,0x0C,0x63,0x0C,0x63,0x0C,

	0x63,0x0C,0x63,0x0C,0x63,0x0C,0x63,0x0C,0x63,0x0C,0x63,0x0C,0x63,0x0C,0x63,0x0C,
	0x63,0x0C,0x63,0x0C,0x63,0x0C,0x63,0x0C,0x63,0x0C,0x63,0x0C,0x63,0x0C,0x63,0x0C,
	0x63,0x0C,0x63,0x0C,0x63,0x0C,0x63,0x0C,0x63,0x0C,0x63,0x0C,0x63,0x0C,0x63,0x0C,
	0x63,0x0C,0x63,0x0C,0x63,0x0C,0x63,0x0C,0x63,0x0C,0x63,0x0C,0x63,0x0C,0x63,0x0C,
	0x63,0x0C,0x63,0x0C,0x63,0x0C,0x63,0x0C,0x6B,0x2D,0x00,0x00,0xEF,0x3D,0x00,0x00,
	0x4A,0x29,0x00,0x00,0x00,0x00,0x00,0x00,0x00,0x00,0x00,0x00,0x00,0x00,0x00,0x00,
	0x00,0x00,0x00,0x00,0x00,0x00,0x00,0x00,0x00,0x00,0x00,0x00,0x00,0x00,0x00,0x00,
	0x00,0x00,0x00,0x00,0x00,0x00,0x00,0x00,0x00,0x00,0x00,0x00,0x00,0x00,0x00,0x00,

	0x63,0x0C,0x63,0x0C,0x63,0x0C,0x63,0x0C,0x63,0x0C,0x63,0x0C,0x63,0x0C,0x63,0x0C,
	0x63,0x0C,0x63,0x0C,0x63,0x0C,0x63,0x0C,0x63,0x0C,0x63,0x0C,0x63,0x0C,0x63,0x0C,
	0x63,0x0C,0x63,0x0C,0x63,0x0C,0x63,0x0C,0x63,0x0C,0x63,0x0C,0x63,0x0C,0x63,0x0C,
	0x4A,0x29,0x63,0x0C,0xEF,0x3D,0x00,0x00,0x63,0x0C,0x63,0x0C,0x63,0x0C,0x63,0x0C,
	0x63,0x0C,0x63,0x0C,0x63,0x0C,0x63,0x0C,0x63,0x0C,0x63,0x0C,0x63,0x0C,0x63,0x0C,
	0x63,0x0C,0x63,0x0C,0x63,0x0C,0x63,0x0C,0x63,0x0C,0x63,0x0C,0x63,0x0C,0x63,0x0C,
	0x63,0x0C,0x63,0x0C,0x63,0x0C,0x63,0x0C,0x63,0x0C,0x63,0x0C,0x63,0x0C,0x63,0x0C,
	0x63,0x0C,0x63,0x0C,0x63,0x0C,0x63,0x0C,0x63,0x0C,0x63,0x0C,0x63,0x0C,0x63,0x0C,

	0x63,0x0C,0x63,0x0C,0x63,0x0C,0x63,0x0C,0x63,0x0C,0x63,0x0C,0x63,0x0C,0x63,0x0C,
	0x63,0x0C,0x63,0x0C,0x63,0x0C,0x63,0x0C,0x63,0x0C,0x63,0x0C,0x63,0x0C,0x63,0x0C,
	0x63,0x0C,0x63,0x0C,0x63,0x0C,0x63,0x0C,0x63,0x0C,0x63,0x0C,0x63,0x0C,0x63,0x0C,
	0x63,0x0C,0x10,0x42,0x00,0x00,0x00,0x00,0x00,0x00,0x00,0x00,0x00,0x00,0x00,0x00,
	0x00,0x00,0x00,0x00,0x00,0x00,0x00,0x00,0x00,0x00,0x00,0x00,0x00,0x00,0x00,0x00,
	0x00,0x00,0x00,0x00,0x00,0x00,0x00,0x00,0x00,0x00,0x00,0x00,0x00,0x00,0x00,0x00,
	0x00,0x00,0x00,0x00,0x00,0x00,0x00,0x00,0x00,0x00,0x00,0x00,0x00,0x00,0x00,0x00,
	0x00,0x00,0x00,0x00,0x00,0x00,0x00,0x00,0x00,0x00,0x00,0x00,0x00,0x00,0x00,0x00,

	0x00,0x00,0x00,0x00,0x00,0x00,0x00,0x00,0x00,0x00,0x00,0x00,0x00,0x00,0x00,0x00,
	0x00,0x00,0x00,0x00,0x00,0x00,0x00,0x00,0x00,0x00,0x00,0x00,0x00,0x00,0x00,0x00,
	0x00,0x00,0x00,0x00,0x00,0x00,0x00,0x00,0x00,0x00,0x00,0x00,0x00,0x00,0x00,0x00,
	0x00,0x00,0x00,0x00,0x00,0x00,0x00,0x00,0x00,0x00,0x00,0x00,0x00,0x00,0x00,0x00,
	0x00,0x00,0x00,0x00,0x00,0x00,0x00,0x00,0x00,0x00,0x00,0x00,0x00,0x00,0x00,0x00,
	0x00,0x00,0x00,0x00,0x00,0x00,0x00,0x00,0x00,0x00,0x00,0x00,0x00,0x00,0x00,0x00,
	0x00,0x00,0x00,0x00,0x00,0x00,0x00,0x00,0x00,0x00,0x00,0x00,0x00,0x00,0x00,0x00,
	0x00,0x00,0x00,0x00,0x00,0x00,0x00,0x00,0x00,0x00,0x00,0x00,0x00,0x00,0x00,0x00,

	0x00,0x00,0x00,0x00,0x00,0x00,0x00,0x00,0x00,0x00,0x00,0x00,0x00,0x00,0x00,0x00,
	0x00,0x00,0x00,0x00,0x00,0x00,0x00,0x00,0x00,0x00,0x00,0x00,0x00,0x00,0x00,0x00,
	0x00,0x00,0x00,0x00,0x00,0x00,0x00,0x00,0x6B,0x2D,0x00,0x00,0xEF,0x3D,0x63,0x0C,
	0x4A,0x29,0x63,0x0C,0x63,0x0C,0x63,0x0C,0x63,0x0C,0x63,0x0C,0x63,0x0C,0x63,0x0C,
	0x63,0x0C,0x63,0x0C,0x63,0x0C,0x63,0x0C,0x63,0x0C,0x63,0x0C,0x63,0x0C,0x63,0x0C,
	0x63,0x0C,0x63,0x0C,0x63,0x0C,0x63,0x0C,0x63,0x0C,0x63,0x0C,0x63,0x0C,0x63,0x0C,
	0x00,0x00,0x00,0x00,0x00,0x00,0x00,0x00,0x00,0x00,0x00,0x00,0x00,0x00,0x00,0x00,
	0x00,0x00,0x00,0x00,0x00,0x00,0x00,0x00,0x00,0x00,0x00,0x00,0x00,0x00,0x00,0x00,

	0x00,0x00,0x00,0x00,0x00,0x00,0x00,0x00,0x00,0x00,0x00,0x00,0x00,0x00,0x00,0x00,
	0x4A,0x29,0x00,0x00,0xEF,0x3D,0x00,0x00,0x63,0x0C,0x63,0x0C,0x63,0x0C,0x63,0x0C,
	0x63,0x0C,0x63,0x0C,0x63,0x0C,0x63,0x0C,0x63,0x0C,0x63,0x0C,0x63,0x0C,0x63,0x0C,
	0x63,0x0C,0x63,0x0C,0x63,0x0C,0x63,0x0C,0x63,0x0C,0x63,0x0C,0x63,0x0C,0x63,0x0C,
	0x63,0x0C,0x63,0x0C,0x63,0x0C,0x63,0x0C,0x63,0x0C,0x63,0x0C,0x63,0x0C,0x63,0x0C,
	0x63,0x0C,0x63,0x0C,0x63,0x0C,0x63,0x0C,0x63,0x0C,0x63,0x0C,0x63,0x0C,0x63,0x0C,
	0x63,0x0C,0x63,0x0C,0x63,0x0C,0x63,0x0C,0x63,0x0C,0x63,0x0C,0x63,0x0C,0x63,0x0C,
	0x63,0x0C,0x63,0x0C,0x63,0x0C,0x63,0x0C,0x63,0x0C,0x63,0x0C,0x63,0x0C,0x63,0x0C,

	0x63,0x0C,0x63,0x0C,0x63,0x0C,0x63,0x0C,0x63,0x0C,0x63,0x0C,0x63,0x0C,0x63,0x0C,
	0x63,0x0C,0x10,0x42,0x63,0x0C,0x63,0x0C,0x63,0x0C,0x63,0x0C,0x63,0x0C,0x63,0x0C,
	0x63,0x0C,0x63,0x0C,0x63,0x0C,0x63,0x0C,0x63,0x0C,0x63,0x0C,0x63,0x0C,0x63,0x0C,
	0x63,0x0C,0x63,0x0C,0x63,0x0C,0x63,0x0C,0x63,0x0C,0x63,0x0C,0x63,0x0C,0x63,0x0C,
	0x63,0x0C,0x63,0x0C,0x63,0x0C,0x63,0x0C,0x63,0x0C,0x63,0x0C,0x63,0x0C,0x63,0x0C,
	0x63,0x0C,0x63,0x0C,0x63,0x0C,0x63,0x0C,0x63,0x0C,0x63,0x0C,0x63,0x0C,0x63,0x0C,
	0x63,0x0C,0x63,0x0C,0x63,0x0C,0x63,0x0C,0x63,0x0C,0x63,0x0C,0x63,0x0C,0x63,0x0C,
	0x63,0x0C,0x63,0x0C,0x63,0x0C,0x63,0x0C,0x63,0x0C,0x63,0x0C,0x63,0x0C,0x63,0x0C,

	0x63,0x0C,0x63,0x0C,0x63,0x0C,0x63,0x0C,0x63,0x0C,0x63,0x0C,0x63,0x0C,0x63,0x0C,
	0x63,0x0C,0x63,0x0C,0x63,0x0C,0x63,0x0C,0x63,0x0C,0x63,0x0C,0x63,0x0C,0x63,0x0C,
	0x63,0x0C,0x63,0x0C,0x63,0x0C,0x63,0x0C,0x63,0x0C,0x63,0x0C,0x63,0x0C,0x63,0x0C,
	0x63,0x0C,0x63,0x0C,0x63,0x0C,0x63,0x0C,0x63,0x0C,0x63,0x0C,0x63,0x0C,0x63,0x0C,
	0x63,0x0C,0x63,0x0C,0x63,0x0C,0x63,0x0C,0x63,0x0C,0x63,0x0C,0x63,0x0C,0x63,0x0C,
	0x63,0x0C,0x63,0x0C,0x63,0x0C,0x63,0x0C,0x63,0x0C,0x63,0x0C,0x63,0x0C,0x63,0x0C,
	0x63,0x0C,0x63,0x0C,0x63,0x0C,0x63,0x0C,0x63,0x0C,0x63,0x0C,0x63,0x0C,0x63,0x0C,
	0x63,0x0C,0x63,0x0C,0x63,0x0C,0x63,0x0C,0x63,0x0C,0x63,0x0C,0x63,0x0C,0x63,0x0C,

	0x63,0x0C,0x63,0x0C,0x63,0x0C,0x63,0x0C,0x6B,0x2D,0x00,0x00,0xEF,0x3D,0x00,0x00,
	0x4A,0x29,0x00,0x00,0x00,0x00,0x00,0x00,0x00,0x00,0x00,0x00,0x00,0x00,0x00,0x00,
	0x00,0x00,0x00,0x00,0x00,0x00,0x00,0x00,0x00,0x00,0x00,0x00,0x00,0x00,0x00,0x00,
	0x00,0x00,0x00,0x00,0x00,0x00,0x00,0x00,0x00,0x00,0x00,0x00,0x00,0x00,0x00,0x00,
	0x63,0x0C,0x63,0x0C,0x63,0x0C,0x63,0x0C,0x63,0x0C,0x63,0x0C,0x63,0x0C,0x63,0x0C,
	0x63,0x0C,0x63,0x0C,0x63,0x0C,0x63,0x0C,0x63,0x0C,0x63,0x0C,0x63,0x0C,0x63,0x0C,
	0x63,0x0C,0x63,0x0C,0x63,0x0C,0x63,0x0C,0x63,0x0C,0x63,0x0C,0x63,0x0C,0x63,0x0C,
	0x4A,0x29,0x63,0x0C,0xEF,0x3D,0x00,0x00,0x63,0x0C,0x63,0x0C,0x63,0x0C,0x63,0x0C,

	0x63,0x0C,0x63,0x0C,0x63,0x0C,0x63,0x0C,0x63,0x0C,0x63,0x0C,0x63,0x0C,0x63,0x0C,
	0x63,0x0C,0x63,0x0C,0x63,0x0C,0x63,0x0C,0x63,0x0C,0x63,0x0C,0x63,0x0C,0x63,0x0C,
	0x63,0x0C,0x63,0x0C,0x63,0x0C,0x63,0x0C,0x63,0x0C,0x63,0x0C,0x63,0x0C,0x63,0x0C,
	0x63,0x0C,0x63,0x0C,0x63,0x0C,0x63,0x0C,0x63,0x0C,0x63,0x0C,0x63,0x0C,0x63,0x0C,
	0x63,0x0C,0x63,0x0C,0x63,0x0C,0x63,0x0C,0x63,0x0C,0x63,0x0C,0x63,0x0C,0x63,0x0C,
	0x63,0x0C,0x63,0x0C,0x63,0x0C,0x63,0x0C,0x63,0x0C,0x63,0x0C,0x63,0x0C,0x63,0x0C,
	0x63,0x0C,0x63,0x0C,0x63,0x0C,0x63,0x0C,0x63,0x0C,0x63,0x0C,0x63,0x0C,0x63,0x0C,
	0x63,0x0C,0x10,0x42,0x00,0x00,0x00,0x00,0x00,0x00,0x00,0x00,0x00,0x00,0x00,0x00,

	0x00,0x00,0x00,0x00,0x00,0x00,0x00,0x00,0x00,0x00,0x00,0x00,0x00,0x00,0x00,0x00,
	0x00,0x00,0x00,0x00,0x00,0x00,0x00,0x00,0x00,0x00,0x00,0x00,0x00,0x00,0x00,0x00,
	0x00,0x00,0x00,0x00,0x00,0x00,0x00,0x00,0x00,0x00,0x00,0x00,0x00,0x00,0x00,0x00,
	0x00,0x00,0x00,0x00,0x00,0x00,0x00,0x00,0x00,0x00,0x00,0x00,0x00,0x00,0x00,0x00,
	0x00,0x00,0x00,0x00,0x00,0x00,0x00,0x00,0x00,0x00,0x00,0x00,0x00,0x00,0x00,0x00,
	0x00,0x00,0x00,0x00,0x00,0x00,0x00,0x00,0x00,0x00,0x00,0x00,0x00,0x00,0x00,0x00,
	0x00,0x00,0x00,0x00,0x00,0x00,0x00,0x00,0x00,0x00,0x00,0x00,0x00,0x00,0x00,0x00,
	0x00,0x00,0x00,0x00,0x00,0x00,0x00,0x00,0x00,0x00,0x00,0x00,0x00,0x00,0x00,0x00,

	0x00,0x00,0x00,0x00,0x00,0x00,0x00,0x00,0x00,0x00,0x00,0x00,0x00,0x00,0x00,0x00,
	0x00,0x00,0x00,0x00,0x00,0x00,0x00,0x00,0x00,0x00,0x00,0x00,0x00,0x00,0x00,0x00,
	0x00,0x00,0x00,0x00,0x00,0x00,0x00,0x00,0x00,0x00,0x00,0x00,0x00,0x00,0x00,0x00,
	0x00,0x00,0x00,0x00,0x00,0x00,0x00,0x00,0x00,0x00,0x00,0x00,0x00,0x00,0x00,0x00,
	0x00,0x00,0x00,0x00,0x00,0x00,0x00,0x00,0x00,0x00,0x00,0x00,0x00,0x00,0x00,0x00,
	0x00,0x00,0x00,0x00,0x00,0x00,0x00,0x00,0x00,0x00,0x00,0x00,0x00,0x00,0x00,0x00,
	0x00,0x00,0x00,0x00,0x00,0x00,0x00,0x00,0x6B,0x2D,0x00,0x00,0xEF,0x3D,0x63,0x0C,
	0x4A,0x29,0x63,0x0C,0x63,0x0C,0x63,0x0C,0x63,0x0C,0x63,0x0C,0x63,0x0C,0x63,0x0C,

	0x63,0x0C,0x63,0x0C,0x63,0x0C,0x63,0x0C,0x63,0x0C,0x63,0x0C,0x63,0x0C,0x63,0x0C,
	0x63,0x0C,0x63,0x0C,0x63,0x0C,0x63,0x0C,0x63,0x0C,0x63,0x0C,0x63,0x0C,0x63,0x0C,
	0x00,0x00,0x00,0x00,0x00,0x00,0x00,0x00,0x00,0x00,0x00,0x00,0x00,0x00,0x00,0x00,
	0x00,0x00,0x00,0x00,0x00,0x00,0x00,0x00,0x00,0x00,0x00,0x00,0x00,0x00,0x00,0x00,
	0x00,0x00,0x00,0x00,0x00,0x00,0x00,0x00,0x00,0x00,0x00,0x00,0x00,0x00,0x00,0x00,
	0x4A,0x29,0x00,0x00,0xEF,0x3D,0x00,0x00,0x63,0x0C,0x63,0x0C,0x63,0x0C,0x63,0x0C,
	0x63,0x0C,0x63,0x0C,0x63,0x0C,0x63,0x0C,0x63,0x0C,0x63,0x0C,0x63,0x0C,0x63,0x0C,
	0x63,0x0C,0x63,0x0C,0x63,0x0C,0x63,0x0C,0x63,0x0C,0x63,0x0C,0x63,0x0C,0x63,0x0C,

	0x63,0x0C,0x63,0x0C,0x63,0x0C,0x63,0x0C,0x63,0x0C,0x63,0x0C,0x63,0x0C,0x63,0x0C,
	0x63,0x0C,0x63,0x0C,0x63,0x0C,0x63,0x0C,0x63,0x0C,0x63,0x0C,0x63,0x0C,0x63,0x0C,
	0x63,0x0C,0x63,0x0C,0x63,0x0C,0x63,0x0C,0x63,0x0C,0x63,0x0C,0x63,0x0C,0x63,0x0C,
	0x63,0x0C,0x63,0x0C,0x63,0x0C,0x63,0x0C,0x63,0x0C,0x63,0x0C,0x63,0x0C,0x63,0x0C,
	0x63,0x0C,0x63,0x0C,0x63,0x0C,0x63,0x0C,0x63,0x0C,0x63,0x0C,0x63,0x0C,0x63,0x0C,
	0x63,0x0C,0x10,0x42,0x63,0x0C,0x63,0x0C,0x63,0x0C,0x63,0x0C,0x63,0x0C,0x63,0x0C,
	0x63,0x0C,0x63,0x0C,0x63,0x0C,0x63,0x0C,0x63,0x0C,0x63,0x0C,0x63,0x0C,0x63,0x0C,
	0x63,0x0C,0x63,0x0C,0x63,0x0C,0x63,0x0C,0x63,0x0C,0x63,0x0C,0x63,0x0C,0x63,0x0C,

	0x63,0x0C,0x63,0x0C,0x63,0x0C,0x63,0x0C,0x63,0x0C,0x63,0x0C,0x63,0x0C,0x63,0x0C,
	0x63,0x0C,0x63,0x0C,0x63,0x0C,0x63,0x0C,0x63,0x0C,0x63,0x0C,0x63,0x0C,0x63,0x0C,
	0x63,0x0C,0x63,0x0C,0x63,0x0C,0x63,0x0C,0x63,0x0C,0x63,0x0C,0x63,0x0C,0x63,0x0C,
	0x63,0x0C,0x63,0x0C,0x63,0x0C,0x63,0x0C,0x63,0x0C,0x63,0x0C,0x63,0x0C,0x63,0x0C,
	0x63,0x0C,0x63,0x0C,0x63,0x0C,0x63,0x0C,0x63,0x0C,0x63,0x0C,0x63,0x0C,0x63,0x0C,
	0x63,0x0C,0x63,0x0C,0x63,0x0C,0x63,0x0C,0x63,0x0C,0x63,0x0C,0x63,0x0C,0x63,0x0C,
	0x63,0x0C,0x63,0x0C,0x63,0x0C,0x63,0x0C,0x63,0x0C,0x63,0x0C,0x63,0x0C,0x63,0x0C,
	0x63,0x0C,0x63,0x0C,0x63,0x0C,0x63,0x0C,0x63,0x0C,0x63,0x0C,0x63,0x0C,0x63,0x0C,

	0x63,0x0C,0x63,0x0C,0x63,0x0C,0x63,0x0C,0x63,0x0C,0x63,0x0C,0x63,0x0C,0x63,0x0C,
	0x63,0x0C,0x63,0x0C,0x63,0x0C,0x63,0x0C,0x63,0x0C,0x63,0x0C,0x63,0x0C,0x63,0x0C,
	0x63,0x0C,0x63,0x0C,0x63,0x0C,0x63,0x0C,0x63,0x0C,0x63,0x0C,0x63,0x0C,0x63,0x0C,
	0x63,0x0C,0x63,0x0C,0x63,0x0C,0x63,0x0C,0x63,0x0C,0x63,0x0C,0x63,0x0C,0x63,0x0C,
	0x63,0x0C,0x63,0x0C,0x63,0x0C,0x63,0x0C,0x6B,0x2D,0x00,0x00,0xEF,0x3D,0x00,0x00,
	0x4A,0x29,0x00,0x00,0x00,0x00,0x00,0x00,0x00,0x00,0x00,0x00,0x00,0x00,0x00,0x00,
	0x00,0x00,0x00,0x00,0x00,0x00,0x00,0x00,0x00,0x00,0x00,0x00,0x00,0x00,0x00,0x00,
	0x00,0x00,0x00,0x00,0x00,0x00,0x00,0x00,0x00,0x00,0x00,0x00,0x00,0x00,0x00,0x00,

	0x63,0x0C,0x63,0x0C,0x63,0x0C,0x63,0x0C,0x63,0x0C,0x63,0x0C,0x63,0x0C,0x63,0x0C,
	0x63,0x0C,0x63,0x0C,0x63,0x0C,0x63,0x0C,0x63,0x0C,0x63,0x0C,0x63,0x0C,0x63,0x0C,
	0x63,0x0C,0x63,0x0C,0x63,0x0C,0x63,0x0C,0x63,0x0C,0x63,0x0C,0x63,0x0C,0x63,0x0C,
	0x4A,0x29,0x63,0x0C,0xEF,0x3D,0x00,0x00,0x63,0x0C,0x63,0x0C,0x63,0x0C,0x63,0x0C,
	0x63,0x0C,0x63,0x0C,0x63,0x0C,0x63,0x0C,0x63,0x0C,0x63,0x0C,0x63,0x0C,0x63,0x0C,
	0x63,0x0C,0x63,0x0C,0x63,0x0C,0x63,0x0C,0x63,0x0C,0x63,0x0C,0x63,0x0C,0x63,0x0C,
	0x63,0x0C,0x63,0x0C,0x63,0x0C,0x63,0x0C,0x63,0x0C,0x63,0x0C,0x63,0x0C,0x63,0x0C,
	0x63,0x0C,0x63,0x0C,0x63,0x0C,0x63,0x0C,0x63,0x0C,0x63,0x0C,0x63,0x0C,0x63,0x0C,

	0x63,0x0C,0x63,0x0C,0x63,0x0C,0x63,0x0C,0x63,0x0C,0x63,0x0C,0x63,0x0C,0x63,0x0C,
	0x63,0x0C,0x63,0x0C,0x63,0x0C,0x63,0x0C,0x63,0x0C,0x63,0x0C,0x63,0x0C,0x63,0x0C,
	0x63,0x0C,0x63,0x0C,0x63,0x0C,0x63,0x0C,0x63,0x0C,0x63,0x0C,0x63,0x0C,0x63,0x0C,
	0x63,0x0C,0x10,0x42,0x00,0x00,0x00,0x00,0x00,0x00,0x00,0x00,0x00,0x00,0x00,0x00,
	0x00,0x00,0x00,0x00,0x00,0x00,0x00,0x00,0x00,0x00,0x00,0x00,0x00,0x00,0x00,0x00,
	0x00,0x00,0x00,0x00,0x00,0x00,0x00,0x00,0x00,0x00,0x00,0x00,0x00,0x00,0x00,0x00,
	0x00,0x00,0x00,0x00,0x00,0x00,0x00,0x00,0x00,0x00,0x00,0x00,0x00,0x00,0x00,0x00,
	0x00,0x00,0x00,0x00,0x00,0x00,0x00,0x00,0x00,0x00,0x00,0x00,0x00,0x00,0x00,0x00,

	0x00,0x00,0x00,0x00,0x00,0x00,0x00,0x00,0x00,0x00,0x00,0x00,0x00,0x00,0x00,0x00,
	0x00,0x00,0x00,0x00,0x00,0x00,0x00,0x00,0x00,0x00,0x00,0x00,0x00,0x00,0x00,0x00,
	0x00,0x00,0x00,0x00,0x00,0x00,0x00,0x00,0x00,0x00,0x00,0x00,0x00,0x00,0x00,0x00,
	0x00,0x00,0x00,0x00,0x00,0x00,0x00,0x00,0x00,0x00,0x00,0x00,0x00,0x00,0x00,0x00,
	0x00,0x00,0x00,0x00,0x00,0x00,0x00,0x00,0x00,0x00,0x00,0x00,0x00,0x00,0x00,0x00,
	0x00,0x00,0x00,0x00,0x00,0x00,0x00,0x00,0x00,0x00,0x00,0x00,0x00,0x00,0x00,0x00,
	0x00,0x00,0x00,0x00,0x00,0x00,0x00,0x00,0x00,0x00,0x00,0x00,0x00,0x00,0x00,0x00,
	0x00,0x00,0x00,0x00,0x00,0x00,0x00,0x00,0x00,0x00,0x00,0x00,0x00,0x00,0x00,0x00,

	0x00,0x00,0x00,0x00,0x00,0x00,0x00,0x00,0x00,0x00,0x00,0x00,0x00,0x00,0x00,0x00,
	0x00,0x00,0x00,0x00,0x00,0x00,0x00,0x00,0x00,0x00,0x00,0x00,0x00,0x00,0x00,0x00,
	0x00,0x00,0x00,0x00,0x00,0x00,0x00,0x00,0x6B,0x2D,0x00,0x00,0xEF,0x3D,0x63,0x0C,
	0x4A,0x29,0x63,0x0C,0x63,0x0C,0x63,0x0C,0x63,0x0C,0x63,0x0C,0x63,0x0C,0x63,0x0C,
	0x63,0x0C,0x63,0x0C,0x63,0x0C,0x63,0x0C,0x63,0x0C,0x63,0x0C,0x63,0x0C,0x63,0x0C,
	0x63,0x0C,0x63,0x0C,0x63,0x0C,0x63,0x0C,0x63,0x0C,0x63,0x0C,0x63,0x0C,0x63,0x0C,
	0x00,0x00,0x00,0x00,0x00,0x00,0x00,0x00,0x00,0x00,0x00,0x00,0x00,0x00,0x00,0x00,
	0x00,0x00,0x00,0x00,0x00,0x00,0x00,0x00,0x00,0x00,0x00,0x00,0x00,0x00,0x00,0x00,

	0x00,0x00,0x00,0x00,0x00,0x00,0x00,0x00,0x00,0x00,0x00,0x00,0x00,0x00,0x00,0x00,
	0x4A,0x29,0x00,0x00,0xEF,0x3D,0x00,0x00,0x63,0x0C,0x63,0x0C,0x63,0x0C,0x63,0x0C,
	0x63,0x0C,0x63,0x0C,0x63,0x0C,0x63,0x0C,0x63,0x0C,0x63,0x0C,0x63,0x0C,0x63,0x0C,
	0x63,0x0C,0x63,0x0C,0x63,0x0C,0x63,0x0C,0x63,0x0C,0x63,0x0C,0x63,0x0C,0x63,0x0C,
	0x63,0x0C,0x63,0x0C,0x63,0x0C,0x63,0x0C,0x63,0x0C,0x63,0x0C,0x63,0x0C,0x63,0x0C,
	0x63,0x0C,0x63,0x0C,0x63,0x0C,0x63,0x0C,0x63,0x0C,0x63,0x0C,0x63,0x0C,0x63,0x0C,
	0x63,0x0C,0x63,0x0C,0x63,0x0C,0x63,0x0C,0x63,0x0C,0x63,0x0C,0x63,0x0C,0x63,0x0C,
	0x63,0x0C,0x63,0x0C,0x63,0x0C,0x63,0x0C,0x63,0x0C,0x63,0x0C,0x63,0x0C,0x63,0x0C,

	0x63,0x0C,0x63,0x0C,0x63,0x0C,0x63,0x0C,0x63,0x0C,0x63,0x0C,0x63,0x0C,0x63,0x0C,
	0x63,0x0C,0x10,0x42,0x63,0x0C,0x63,0x0C,0x63,0x0C,0x63,0x0C,0x63,0x0C,0x63,0x0C,
	0x63,0x0C,0x63,0x0C,0x63,0x0C,0x63,0x0C,0x63,0x0C,0x63,0x0C,0x63,0x0C,0x63,0x0C,
	0x63,0x0C,0x63,0x0C,0x63,0x0C,0x63,0x0C,0x63,0x0C,0x63,0x0C,0x63,0x0C,0x63,0x0C,
	0x63,0x0C,0x63,0x0C,0x63,0x0C,0x63,0x0C,0x63,0x0C,0x63,0x0C,0x63,0x0C,0x63,0x0C,
	0x63,0x0C,0x63,0x0C,0x63,0x0C,0x63,0x0C,0x63,0x0C,0x63,0x0C,0x63,0x0C,0x63,0x0C,
	0x63,0x0C,0x63,0x0C,0x63,0x0C,0x63,0x0C,0x63,0x0C,0x63,0x0C,0x63,0x0C,0x63,0x0C,
	0x63,0x0C,0x63,0x0C,0x63,0x0C,0x63,0x0C,0x63,0x0C,0x63,0x0C,0x63,0x0C,0x63,0x0C,

	0x63,0x0C,0x63,0x0C,0x63,0x0C,0x63,0x0C,0x63,0x0C,0x63,0x0C,0x63,0x0C,0x63,0x0C,
	0x63,0x0C,0x63,0x0C,0x63,0x0C,0x63,0x0C,0x63,0x0C,0x63,0x0C,0x63,0x0C,0x63,0x0C,
	0x63,0x0C,0x63,0x0C,0x63,0x0C,0x63,0x0C,0x63,0x0C,0x63,0x0C,0x63,0x0C,0x63,0x0C,
	0x63,0x0C,0x63,0x0C,0x63,0x0C,0x63,0x0C,0x63,0x0C,0x63,0x0C,0x63,0x0C,0x63,0x0C,
	0x63,0x0C,0x63,0x0C,0x63,0x0C,0x63,0x0C,0x63,0x0C,0x63,0x0C,0x63,0x0C,0x63,0x0C,
	0x63,0x0C,0x63,0x0C,0x63,0x0C,0x63,0x0C,0x63,0x0C,0x63,0x0C,0x63,0x0C,0x63,0x0C,
	0x63,0x0C,0x63,0x0C,0x63,0x0C,0x63,0x0C,0x63,0x0C,0x63,0x0C,0x63,0x0C,0x63,0x0C,
	0x63,0x0C,0x63,0x0C,0x63,0x0C,0x63,0x0C,0x63,0x0C,0x63,0x0C,0x63,0x0C,0x63,0x0C,

	0x63,0x0C,0x63,0x0C,0x63,0x0C,0x63,0x0C,0x6B,0x2D,0x00,0x00,0xEF,0x3D,0x00,0x00,
	0x4A,0x29,0x00,0x00,0x00,0x00,0x00,0x00,0x00,0x00,0x00,0x00,0x00,0x00,0x00,0x00,
	0x00,0x00,0x00,0x00,0x00,0x00,0x00,0x00,0x00,0x00,0x00,0x00,0x00,0x00,0x00,0x00,
	0x00,0x00,0x00,0x00,0x00,0x00,0x00,0x00,0x00,0x00,0x00,0x00,0x00,0x00,0x00,0x00,
	0x63,0x0C,0x63,0x0C,0x63,0x0C,0x63,0x0C,0x63,0x0C,0x63,0x0C,0x63,0x0C,0x63,0x0C,
	0x63,0x0C,0x63,0x0C,0x63,0x0C,0x63,0x0C,0x63,0x0C,0x63,0x0C,0x63,0x0C,0x63,0x0C,
	0x63,0x0C,0x63,0x0C,0x63,0x0C,0x63,0x0C,0x63,0x0C,0x63,0x0C,0x63,0x0C,0x63,0x0C,
	0x4A,0x29,0x63,0x0C,0xEF,0x3D,0x00,0x00,0x63,0x0C,0x63,0x0C,0x63,0x0C,0x63,0x0C,

	0x63,0x0C,0x63,0x0C,0x63,0x0C,0x63,0x0C,0x63,0x0C,0x63,0x0C,0x63,0x0C,0x63,0x0C,
	0x63,0x0C,0x63,0x0C,0x63,0x0C,0x63,0x0C,0x63,0x0C,0x63,0x0C,0x63,0x0C,0x63,0x0C,
	0x63,0x0C,0x63,0x0C,0x63,0x0C,0x63,0x0C,0x63,0x0C,0x63,0x0C,0x63,0x0C,0x63,0x0C,
	0x63,0x0C,0x63,0x0C,0x63,0x0C,0x63,0x0C,0x63,0x0C,0x63,0x0C,0x63,0x0C,0x63,0x0C,
	0x63,0x0C,0x63,0x0C,0x63,0x0C,0x63,0x0C,0x63,0x0C,0x63,0x0C,0x63,0x0C,0x63,0x0C,
	0x63,0x0C,0x63,0x0C,0x63,0x0C,0x63,0x0C,0x63,0x0C,0x63,0x0C,0x63,0x0C,0x63,0x0C,
	0x63,0x0C,0x63,0x0C,0x63,0x0C,0x63,0x0C,0x63,0x0C,0x63,0x0C,0x63,0x0C,0x63,0x0C,
	0x63,0x0C,0x10,0x42,0x6B,0x2D,0x6B,0x2D,0x6B,0x2D,0x6B,0x2D,0x6B,0x2D,0x6B,0x2D,

	0x6B,0x2D,0x6B,0x2D,0x6B,0x2D,0x6B,0x2D,0x6B,0x2D,0x6B,0x2D,0x6B,0x2D,0x6B,0x2D,
	0x6B,0x2D,0x6B,0x2D,0x6B,0x2D,0x6B,0x2D,0x6B,0x2D,0x6B,0x2D,0x6B,0x2D,0x6B,0x2D,
	0x6B,0x2D,0x6B,0x2D,0x6B,0x2D,0x6B,0x2D,0x6B,0x2D,0x6B,0x2D,0x6B,0x2D,0x6B,0x2D,
	0x6B,0x2D,0x6B,0x2D,0x6B,0x2D,0x6B,0x2D,0x6B,0x2D,0x6B,0x2D,0x6B,0x2D,0x6B,0x2D,
	0x6B,0x2D,0x6B,0x2D,0x6B,0x2D,0x6B,0x2D,0x6B,0x2D,0x6B,0x2D,0x6B,0x2D,0x6B,0x2D,
	0x6B,0x2D,0x6B,0x2D,0x6B,0x2D,0x6B,0x2D,0x6B,0x2D,0x6B,0x2D,0x6B,0x2D,0x6B,0x2D,
	0x6B,0x2D,0x6B,0x2D,0x6B,0x2D,0x6B,0x2D,0x6B,0x2D,0x6B,0x2D,0x6B,0x2D,0x6B,0x2D,
	0x6B,0x2D,0x6B,0x2D,0x6B,0x2D,0x6B,0x2D,0x6B,0x2D,0x6B,0x2D,0x6B,0x2D,0x6B,0x2D,

	0x6B,0x2D,0x6B,0x2D,0x6B,0x2D,0x6B,0x2D,0x6B,0x2D,0x6B,0x2D,0x6B,0x2D,0x6B,0x2D,
	0x6B,0x2D,0x6B,0x2D,0x6B,0x2D,0x6B,0x2D,0x6B,0x2D,0x6B,0x2D,0x6B,0x2D,0x6B,0x2D,
	0x6B,0x2D,0x6B,0x2D,0x6B,0x2D,0x6B,0x2D,0x6B,0x2D,0x6B,0x2D,0x6B,0x2D,0x6B,0x2D,
	0x6B,0x2D,0x6B,0x2D,0x6B,0x2D,0x6B,0x2D,0x6B,0x2D,0x6B,0x2D,0x6B,0x2D,0x6B,0x2D,
	0x6B,0x2D,0x6B,0x2D,0x6B,0x2D,0x6B,0x2D,0x6B,0x2D,0x6B,0x2D,0x6B,0x2D,0x6B,0x2D,
	0x6B,0x2D,0x6B,0x2D,0x6B,0x2D,0x6B,0x2D,0x6B,0x2D,0x6B,0x2D,0x6B,0x2D,0x6B,0x2D,
	0x6B,0x2D,0x6B,0x2D,0x6B,0x2D,0x6B,0x2D,0x6B,0x2D,0x00,0x00,0xEF,0x3D,0x63,0x0C,
	0x4A,0x29,0x63,0x0C,0x63,0x0C,0x63,0x0C,0x63,0x0C,0x63,0x0C,0x63,0x0C,0x63,0x0C,

	0x63,0x0C,0x63,0x0C,0x63,0x0C,0x63,0x0C,0x63,0x0C,0x63,0x0C,0x63,0x0C,0x63,0x0C,
	0x63,0x0C,0x63,0x0C,0x63,0x0C,0x63,0x0C,0x63,0x0C,0x63,0x0C,0x63,0x0C,0x63,0x0C,
	0x00,0x00,0x00,0x00,0x00,0x00,0x00,0x00,0x00,0x00,0x00,0x00,0x00,0x00,0x00,0x00,
	0x00,0x00,0x00,0x00,0x00,0x00,0x00,0x00,0x00,0x00,0x00,0x00,0x00,0x00,0x00,0x00,
	0x00,0x00,0x00,0x00,0x00,0x00,0x00,0x00,0x00,0x00,0x00,0x00,0x00,0x00,0x00,0x00,
	0x4A,0x29,0x00,0x00,0xEF,0x3D,0x00,0x00,0x00,0x00,0x00,0x00,0x00,0x00,0x00,0x00,
	0x00,0x00,0x00,0x00,0x00,0x00,0x00,0x00,0x00,0x00,0x00,0x00,0x00,0x00,0x00,0x00,
	0x00,0x00,0x00,0x00,0x00,0x00,0x00,0x00,0x00,0x00,0x00,0x00,0x00,0x00,0x00,0x00,

	0x00,0x00,0x00,0x00,0x00,0x00,0x00,0x00,0x00,0x00,0x00,0x00,0x00,0x00,0x00,0x00,
	0x00,0x00,0x00,0x00,0x00,0x00,0x00,0x00,0x00,0x00,0x00,0x00,0x00,0x00,0x00,0x00,
	0x00,0x00,0x00,0x00,0x00,0x00,0x00,0x00,0x00,0x00,0x00,0x00,0x00,0x00,0x00,0x00,
	0x00,0x00,0x00,0x00,0x00,0x00,0x00,0x00,0x00,0x00,0x00,0x00,0x00,0x00,0x00,0x00,
	0x00,0x00,0x00,0x00,0x00,0x00,0x00,0x00,0x00,0x00,0x00,0x00,0x00,0x00,0x00,0x00,
	0x00,0x00,0x00,0x00,0x00,0x00,0x00,0x00,0x00,0x00,0x00,0x00,0x00,0x00,0x00,0x00,
	0x00,0x00,0x00,0x00,0x00,0x00,0x00,0x00,0x00,0x00,0x00,0x00,0x00,0x00,0x00,0x00,
	0x00,0x00,0x00,0x00,0x00,0x00,0x00,0x00,0x00,0x00,0x00,0x00,0x00,0x00,0x00,0x00,

	0x00,0x00,0x00,0x00,0x00,0x00,0x00,0x00,0x00,0x00,0x00,0x00,0x00,0x00,0x00,0x00,
	0x00,0x00,0x00,0x00,0x00,0x00,0x00,0x00,0x00,0x00,0x00,0x00,0x00,0x00,0x00,0x00,
	0x00,0x00,0x00,0x00,0x00,0x00,0x00,0x00,0x00,0x00,0x00,0x00,0x00,0x00,0x00,0x00,
	0x00,0x00,0x00,0x00,0x00,0x00,0x00,0x00,0x00,0x00,0x00,0x00,0x00,0x00,0x00,0x00,
	0x00,0x00,0x00,0x00,0x00,0x00,0x00,0x00,0x00,0x00,0x00,0x00,0x00,0x00,0x00,0x00,
	0x00,0x00,0x00,0x00,0x00,0x00,0x00,0x00,0x00,0x00,0x00,0x00,0x00,0x00,0x00,0x00,
	0x00,0x00,0x00,0x00,0x00,0x00,0x00,0x00,0x00,0x00,0x00,0x00,0x00,0x00,0x00,0x00,
	0x00,0x00,0x00,0x00,0x00,0x00,0x00,0x00,0x00,0x00,0x00,0x00,0x00,0x00,0x00,0x00,

	0x00,0x00,0x00,0x00,0x00,0x00,0x00,0x00,0x00,0x00,0x00,0x00,0x00,0x00,0x00,0x00,
	0x00,0x00,0x00,0x00,0x00,0x00,0x00,0x00,0x00,0x00,0x00,0x00,0x00,0x00,0x00,0x00,
	0x00,0x00,0x00,0x00,0x00,0x00,0x00,0x00,0x00,0x00,0x00,0x00,0x00,0x00,0x00,0x00,
	0x00,0x00,0x00,0x00,0x00,0x00,0x00,0x00,0x00,0x00,0x00,0x00,0x00,0x00,0x00,0x00,
	0x00,0x00,0x00,0x00,0x00,0x00,0x00,0x00,0x00,0x00,0x00,0x00,0xEF,0x3D,0x00,0x00,
	0x4A,0x29,0x00,0x00,0x00,0x00,0x00,0x00,0x00,0x00,0x00,0x00,0x00,0x00,0x00,0x00,
	0x00,0x00,0x00,0x00,0x00,0x00,0x00,0x00,0x00,0x00,0x00,0x00,0x00,0x00,0x00,0x00,
	0x00,0x00,0x00,0x00,0x00,0x00,0x00,0x00,0x00,0x00,0x00,0x00,0x00,0x00,0x00,0x00,

	0x63,0x0C,0x63,0x0C,0x63,0x0C,0x63,0x0C,0x63,0x0C,0x63,0x0C,0x63,0x0C,0x63,0x0C,
	0x63,0x0C,0x63,0x0C,0x63,0x0C,0x63,0x0C,0x63,0x0C,0x63,0x0C,0x63,0x0C,0x63,0x0C,
	0x63,0x0C,0x63,0x0C,0x63,0x0C,0x63,0x0C,0x63,0x0C,0x63,0x0C,0x63,0x0C,0x63,0x0C,
	0x4A,0x29,0x63,0x0C,0xEF,0x3D,0xEF,0x3D,0xEF,0x3D,0xEF,0x3D,0xEF,0x3D,0xEF,0x3D,
	0xEF,0x3D,0xEF,0x3D,0xEF,0x3D,0xEF,0x3D,0xEF,0x3D,0xEF,0x3D,0xEF,0x3D,0xEF,0x3D,
	0xEF,0x3D,0xEF,0x3D,0xEF,0x3D,0xEF,0x3D,0xEF,0x3D,0xEF,0x3D,0xEF,0x3D,0xEF,0x3D,
	0xEF,0x3D,0xEF,0x3D,0xEF,0x3D,0xEF,0x3D,0xEF,0x3D,0xEF,0x3D,0xEF,0x3D,0xEF,0x3D,
	0xEF,0x3D,0xEF,0x3D,0xEF,0x3D,0xEF,0x3D,0xEF,0x3D,0xEF,0x3D,0xEF,0x3D,0xEF,0x3D,

	0xEF,0x3D,0xEF,0x3D,0xEF,0x3D,0xEF,0x3D,0xEF,0x3D,0xEF,0x3D,0xEF,0x3D,0xEF,0x3D,
	0xEF,0x3D,0xEF,0x3D,0xEF,0x3D,0xEF,0x3D,0xEF,0x3D,0xEF,0x3D,0xEF,0x3D,0xEF,0x3D,
	0xEF,0x3D,0xEF,0x3D,0xEF,0x3D,0xEF,0x3D,0xEF,0x3D,0xEF,0x3D,0xEF,0x3D,0xEF,0x3D,
	0xEF,0x3D,0xEF,0x3D,0xEF,0x3D,0xEF,0x3D,0xEF,0x3D,0xEF,0x3D,0xEF,0x3D,0xEF,0x3D,
	0xEF,0x3D,0xEF,0x3D,0xEF,0x3D,0xEF,0x3D,0xEF,0x3D,0xEF,0x3D,0xEF,0x3D,0xEF,0x3D,
	0xEF,0x3D,0xEF,0x3D,0xEF,0x3D,0xEF,0x3D,0xEF,0x3D,0xEF,0x3D,0xEF,0x3D,0xEF,0x3D,
	0xEF,0x3D,0xEF,0x3D,0xEF,0x3D,0xEF,0x3D,0xEF,0x3D,0xEF,0x3D,0xEF,0x3D,0xEF,0x3D,
	0xEF,0x3D,0xEF,0x3D,0xEF,0x3D,0xEF,0x3D,0xEF,0x3D,0xEF,0x3D,0xEF,0x3D,0xEF,0x3D,

	0xEF,0x3D,0xEF,0x3D,0xEF,0x3D,0xEF,0x3D,0xEF,0x3D,0xEF,0x3D,0xEF,0x3D,0xEF,0x3D,
	0xEF,0x3D,0xEF,0x3D,0xEF,0x3D,0xEF,0x3D,0xEF,0x3D,0xEF,0x3D,0xEF,0x3D,0xEF,0x3D,
	0xEF,0x3D,0xEF,0x3D,0xEF,0x3D,0xEF,0x3D,0xEF,0x3D,0xEF,0x3D,0xEF,0x3D,0xEF,0x3D,
	0xEF,0x3D,0xEF,0x3D,0xEF,0x3D,0xEF,0x3D,0xEF,0x3D,0xEF,0x3D,0xEF,0x3D,0xEF,0x3D,
	0xEF,0x3D,0xEF,0x3D,0xEF,0x3D,0xEF,0x3D,0xEF,0x3D,0xEF,0x3D,0xEF,0x3D,0xEF,0x3D,
	0xEF,0x3D,0xEF,0x3D,0xEF,0x3D,0xEF,0x3D,0xEF,0x3D,0xEF,0x3D,0xEF,0x3D,0xEF,0x3D,
	0xEF,0x3D,0xEF,0x3D,0xEF,0x3D,0xEF,0x3D,0xEF,0x3D,0xEF,0x3D,0xEF,0x3D,0xEF,0x3D,
	0xEF,0x3D,0xEF,0x3D,0xEF,0x3D,0xEF,0x3D,0xEF,0x3D,0xEF,0x3D,0xEF,0x3D,0xEF,0x3D,

	0xEF,0x3D,0xEF,0x3D,0xEF,0x3D,0xEF,0x3D,0xEF,0x3D,0xEF,0x3D,0xEF,0x3D,0xEF,0x3D,
	0xEF,0x3D,0xEF,0x3D,0xEF,0x3D,0xEF,0x3D,0xEF,0x3D,0xEF,0x3D,0xEF,0x3D,0xEF,0x3D,
	0xEF,0x3D,0xEF,0x3D,0xEF,0x3D,0xEF,0x3D,0xEF,0x3D,0xEF,0x3D,0xEF,0x3D,0x63,0x0C,
	0x4A,0x29,0x63,0x0C,0x63,0x0C,0x63,0x0C,0x63,0x0C,0x63,0x0C,0x63,0x0C,0x63,0x0C,
	0x63,0x0C,0x63,0x0C,0x63,0x0C,0x63,0x0C,0x63,0x0C,0x63,0x0C,0x63,0x0C,0x63,0x0C,
	0x63,0x0C,0x63,0x0C,0x63,0x0C,0x63,0x0C,0x63,0x0C,0x63,0x0C,0x63,0x0C,0x63,0x0C,
	0x00,0x00,0x00,0x00,0x00,0x00,0x00,0x00,0x00,0x00,0x00,0x00,0x00,0x00,0x00,0x00,
	0x00,0x00,0x00,0x00,0x00,0x00,0x00,0x00,0x00,0x00,0x00,0x00,0x00,0x00,0x00,0x00,

	0x00,0x00,0x00,0x00,0x00,0x00,0x00,0x00,0x00,0x00,0x00,0x00,0x00,0x00,0x4A,0x29,
	0x4A,0x29,0x4A,0x29,0x00,0x00,0x00,0x00,0x00,0x00,0x00,0x00,0x00,0x00,0x00,0x00,
	0x00,0x00,0x00,0x00,0x00,0x00,0x00,0x00,0x00,0x00,0x00,0x00,0x00,0x00,0x00,0x00,
	0x00,0x00,0x00,0x00,0x00,0x00,0x00,0x00,0x00,0x00,0x00,0x00,0x00,0x00,0x00,0x00,
	0x00,0x00,0x00,0x00,0x00,0x00,0x00,0x00,0x00,0x00,0x00,0x00,0x00,0x00,0x00,0x00,
	0x00,0x00,0x00,0x00,0x00,0x00,0x00,0x00,0x00,0x00,0x00,0x00,0x00,0x00,0x00,0x00,
	0x00,0x00,0x00,0x00,0x00,0x00,0x00,0x00,0x00,0x00,0x00,0x00,0x00,0x00,0x4A,0x29,
	0x4A,0x29,0x4A,0x29,0x00,0x00,0x00,0x00,0x00,0x00,0x00,0x00,0x00,0x00,0x00,0x00,

	0x00,0x00,0x00,0x00,0x00,0x00,0x00,0x00,0x00,0x00,0x00,0x00,0x00,0x00,0x00,0x00,
	0x00,0x00,0x00,0x00,0x00,0x00,0x00,0x00,0x00,0x00,0x00,0x00,0x00,0x00,0x00,0x00,
	0x00,0x00,0x00,0x00,0x00,0x00,0x00,0x00,0x00,0x00,0x00,0x00,0x00,0x00,0x00,0x00,
	0x00,0x00,0x00,0x00,0x00,0x00,0x00,0x00,0x00,0x00,0x00,0x00,0x00,0x00,0x00,0x00,
	0x00,0x00,0x00,0x00,0x00,0x00,0x00,0x00,0x00,0x00,0x00,0x00,0x00,0x00,0x4A,0x29,
	0x4A,0x29,0x4A,0x29,0x00,0x00,0x00,0x00,0x00,0x00,0x00,0x00,0x00,0x00,0x00,0x00,
	0x00,0x00,0x00,0x00,0x00,0x00,0x00,0x00,0x00,0x00,0x00,0x00,0x00,0x00,0x00,0x00,
	0x00,0x00,0x00,0x00,0x00,0x00,0x00,0x00,0x00,0x00,0x00,0x00,0x00,0x00,0x00,0x00,

	0x00,0x00,0x00,0x00,0x00,0x00,0x00,0x00,0x00,0x00,0x00,0x00,0x00,0x00,0x00,0x00,
	0x00,0x00,0x00,0x00,0x00,0x00,0x00,0x00,0x00,0x00,0x00,0x00,0x00,0x00,0x00,0x00,
	0x00,0x00,0x00,0x00,0x00,0x00,0x00,0x00,0x00,0x00,0x00,0x00,0x00,0x00,0x4A,0x29,
	0x4A,0x29,0x4A,0x29,0x00,0x00,0x00,0x00,0x00,0x00,0x00,0x00,0x00,0x00,0x00,0x00,
	0x00,0x00,0x00,0x00,0x00,0x00,0x00,0x00,0x00,0x00,0x00,0x00,0x00,0x00,0x00,0x00,
	0x00,0x00,0x00,0x00,0x00,0x00,0x00,0x00,0x00,0x00,0x00,0x00,0x00,0x00,0x00,0x00,
	0x00,0x00,0x00,0x00,0x00,0x00,0x00,0x00,0x00,0x00,0x00,0x00,0x00,0x00,0x00,0x00,
	0x00,0x00,0x00,0x00,0x00,0x00,0x00,0x00,0x00,0x00,0x00,0x00,0x00,0x00,0x00,0x00,

	0x00,0x00,0x00,0x00,0x00,0x00,0x00,0x00,0x00,0x00,0x00,0x00,0x00,0x00,0x4A,0x29,
	0x4A,0x29,0x4A,0x29,0x00,0x00,0x00,0x00,0x00,0x00,0x00,0x00,0x00,0x00,0x00,0x00,
	0x00,0x00,0x00,0x00,0x00,0x00,0x00,0x00,0x00,0x00,0x00,0x00,0x00,0x00,0x00,0x00,
	0x00,0x00,0x00,0x00,0x00,0x00,0x00,0x00,0x00,0x00,0x00,0x00,0x00,0x00,0x00,0x00,
	0x4A,0x29,0x4A,0x29,0x4A,0x29,0x4A,0x29,0x4A,0x29,0x4A,0x29,0x4A,0x29,0x4A,0x29,
	0x4A,0x29,0x4A,0x29,0x4A,0x29,0x4A,0x29,0x4A,0x29,0x4A,0x29,0x4A,0x29,0x4A,0x29,
	0x4A,0x29,0x4A,0x29,0x4A,0x29,0x4A,0x29,0x4A,0x29,0x4A,0x29,0x4A,0x29,0x4A,0x29,
	0x4A,0x29,0x4A,0x29,0x4A,0x29,0x4A,0x29,0x4A,0x29,0x4A,0x29,0x4A,0x29,0x4A,0x29,

	0x4A,0x29,0x4A,0x29,0x4A,0x29,0x4A,0x29,0x4A,0x29,0x4A,0x29,0x4A,0x29,0x4A,0x29,
	0x4A,0x29,0x4A,0x29,0x4A,0x29,0x4A,0x29,0x4A,0x29,0x4A,0x29,0x4A,0x29,0x4A,0x29,
	0x4A,0x29,0x4A,0x29,0x4A,0x29,0x4A,0x29,0x4A,0x29,0x4A,0x29,0x4A,0x29,0x4A,0x29,
	0x4A,0x29,0x4A,0x29,0x4A,0x29,0x4A,0x29,0x4A,0x29,0x4A,0x29,0x4A,0x29,0x4A,0x29,
	0x4A,0x29,0x4A,0x29,0x4A,0x29,0x4A,0x29,0x4A,0x29,0x4A,0x29,0x4A,0x29,0x4A,0x29,
	0x4A,0x29,0x4A,0x29,0x4A,0x29,0x4A,0x29,0x4A,0x29,0x4A,0x29,0x4A,0x29,0x4A,0x29,
	0x4A,0x29,0x4A,0x29,0x4A,0x29,0x4A,0x29,0x4A,0x29,0x4A,0x29,0x4A,0x29,0x4A,0x29,
	0x4A,0x29,0x4A,0x29,0x4A,0x29,0x4A,0x29,0x4A,0x29,0x4A,0x29,0x4A,0x29,0x4A,0x29,

	0x4A,0x29,0x4A,0x29,0x4A,0x29,0x4A,0x29,0x4A,0x29,0x4A,0x29,0x4A,0x29,0x4A,0x29,
	0x4A,0x29,0x4A,0x29,0x4A,0x29,0x4A,0x29,0x4A,0x29,0x4A,0x29,0x4A,0x29,0x4A,0x29,
	0x4A,0x29,0x4A,0x29,0x4A,0x29,0x4A,0x29,0x4A,0x29,0x4A,0x29,0x4A,0x29,0x4A,0x29,
	0x4A,0x29,0x4A,0x29,0x4A,0x29,0x4A,0x29,0x4A,0x29,0x4A,0x29,0x4A,0x29,0x4A,0x29,
	0x4A,0x29,0x4A,0x29,0x4A,0x29,0x4A,0x29,0x4A,0x29,0x4A,0x29,0x4A,0x29,0x4A,0x29,
	0x4A,0x29,0x4A,0x29,0x4A,0x29,0x4A,0x29,0x4A,0x29,0x4A,0x29,0x4A,0x29,0x4A,0x29,
	0x4A,0x29,0x4A,0x29,0x4A,0x29,0x4A,0x29,0x4A,0x29,0x4A,0x29,0x4A,0x29,0x4A,0x29,
	0x4A,0x29,0x4A,0x29,0x4A,0x29,0x4A,0x29,0x4A,0x29,0x4A,0x29,0x4A,0x29,0x4A,0x29,

	0x4A,0x29,0x4A,0x29,0x4A,0x29,0x4A,0x29,0x4A,0x29,0x4A,0x29,0x4A,0x29,0x4A,0x29,
	0x4A,0x29,0x4A,0x29,0x4A,0x29,0x4A,0x29,0x4A,0x29,0x4A,0x29,0x4A,0x29,0x4A,0x29,
	0x4A,0x29,0x4A,0x29,0x4A,0x29,0x4A,0x29,0x4A,0x29,0x4A,0x29,0x4A,0x29,0x4A,0x29,
	0x4A,0x29,0x4A,0x29,0x4A,0x29,0x4A,0x29,0x4A,0x29,0x4A,0x29,0x4A,0x29,0x4A,0x29,
	0x4A,0x29,0x4A,0x29,0x4A,0x29,0x4A,0x29,0x4A,0x29,0x4A,0x29,0x4A,0x29,0x4A,0x29,
	0x4A,0x29,0x4A,0x29,0x4A,0x29,0x4A,0x29,0x4A,0x29,0x4A,0x29,0x4A,0x29,0x4A,0x29,
	0x4A,0x29,0x4A,0x29,0x4A,0x29,0x4A,0x29,0x4A,0x29,0x4A,0x29,0x4A,0x29,0x4A,0x29,
	0x4A,0x29,0x4A,0x29,0x4A,0x29,0x4A,0x29,0x4A,0x29,0x4A,0x29,0x4A,0x29,0x4A,0x29,

	0x4A,0x29,0x4A,0x29,0x4A,0x29,0x4A,0x29,0x4A,0x29,0x4A,0x29,0x4A,0x29,0x4A,0x29,
	0x4A,0x29,0x4A,0x29,0x4A,0x29,0x4A,0x29,0x4A,0x29,0x4A,0x29,0x4A,0x29,0x4A,0x29,
	0x00,0x00,0x00,0x00,0x00,0x00,0x00,0x00,0x00,0x00,0x00,0x00,0x00,0x00,0x00,0x00,
	0x00,0x00,0x00,0x00,0x00,0x00,0x00,0x00,0x00,0x00,0x00,0x00,0x00,0x00,0x00,0x00,
	0x00,0x00,0x00,0x00,0x00,0x00,0x00,0x00,0x00,0x00,0x00,0x00,0x00,0x00,0x4A,0x29,
	0x4A,0x29,0x4A,0x29,0x00,0x00,0x00,0x00,0x00,0x00,0x00,0x00,0x00,0x00,0x00,0x00,
	0x00,0x00,0x00,0x00,0x00,0x00,0x00,0x00,0x00,0x00,0x00,0x00,0x00,0x00,0x00,0x00,
	0x00,0x00,0x00,0x00,0x00,0x00,0x00,0x00,0x00,0x00,0x00,0x00,0x00,0x00,0x00,0x00,

	0x00,0x00,0x00,0x00,0x00,0x00,0x00,0x00,0x00,0x00,0x00,0x00,0x00,0x00,0x00,0x00,
	0x00,0x00,0x00,0x00,0x00,0x00,0x00,0x00,0x00,0x00,0x00,0x00,0x00,0x00,0x00,0x00,
	0x00,0x00,0x00,0x00,0x00,0x00,0x00,0x00,0x00,0x00,0x00,0x00,0x00,0x00,0x4A,0x29,
	0x4A,0x29,0x4A,0x29,0x00,0x00,0x00,0x00,0x00,0x00,0x00,0x00,0x00,0x00,0x00,0x00,
	0x00,0x00,0x00,0x00,0x00,0x00,0x00,0x00,0x00,0x00,0x00,0x00,0x00,0x00,0x00,0x00,
	0x00,0x00,0x00,0x00,0x00,0x00,0x00,0x00,0x00,0x00,0x00,0x00,0x00,0x00,0x00,0x00,
	0x00,0x00,0x00,0x00,0x00,0x00,0x00,0x00,0x00,0x00,0x00,0x00,0x00,0x00,0x00,0x00,
	0x00,0x00,0x00,0x00,0x00,0x00,0x00,0x00,0x00,0x00,0x00,0x00,0x00,0x00,0x00,0x00,

	0x00,0x00,0x00,0x00,0x00,0x00,0x00,0x00,0x00,0x00,0x00,0x00,0x00,0x00,0x4A,0x29,
	0x4A,0x29,0x4A,0x29,0x00,0x00,0x00,0x00,0x00,0x00,0x00,0x00,0x00,0x00,0x00,0x00,
	0x00,0x00,0x00,0x00,0x00,0x00,0x00,0x00,0x00,0x00,0x00,0x00,0x00,0x00,0x00,0x00,
	0x00,0x00,0x00,0x00,0x00,0x00,0x00,0x00,0x00,0x00,0x00,0x00,0x00,0x00,0x00,0x00,
	0x00,0x00,0x00,0x00,0x00,0x00,0x00,0x00,0x00,0x00,0x00,0x00,0x00,0x00,0x00,0x00,
	0x00,0x00,0x00,0x00,0x00,0x00,0x00,0x00,0x00,0x00,0x00,0x00,0x00,0x00,0x00,0x00,
	0x00,0x00,0x00,0x00,0x00,0x00,0x00,0x00,0x00,0x00,0x00,0x00,0x00,0x00,0x4A,0x29,
	0x4A,0x29,0x4A,0x29,0x00,0x00,0x00,0x00,0x00,0x00,0x00,0x00,0x00,0x00,0x00,0x00,

	0x00,0x00,0x00,0x00,0x00,0x00,0x00,0x00,0x00,0x00,0x00,0x00,0x00,0x00,0x00,0x00,
	0x00,0x00,0x00,0x00,0x00,0x00,0x00,0x00,0x00,0x00,0x00,0x00,0x00,0x00,0x00,0x00,
	0x00,0x00,0x00,0x00,0x00,0x00,0x00,0x00,0x00,0x00,0x00,0x00,0x00,0x00,0x00,0x00,
	0x00,0x00,0x00,0x00,0x00,0x00,0x00,0x00,0x00,0x00,0x00,0x00,0x00,0x00,0x00,0x00,
	0x00,0x00,0x00,0x00,0x00,0x00,0x00,0x00,0x00,0x00,0x00,0x00,0x00,0x00,0x4A,0x29,
	0x4A,0x29,0x4A,0x29,0x00,0x00,0x00,0x00,0x00,0x00,0x00,0x00,0x00,0x00,0x00,0x00,
	0x00,0x00,0x00,0x00,0x00,0x00,0x00,0x00,0x00,0x00,0x00,0x00,0x00,0x00,0x00,0x00,
	0x00,0x00,0x00,0x00,0x00,0x00,0x00,0x00,0x00,0x00,0x00,0x00,0x00,0x00,0x00,0x00,

	0x63,0x0C,0x63,0x0C,0x63,0x0C,0x63,0x0C,0x63,0x0C,0x63,0x0C,0x63,0x0C,0x63,0x0C,
	0x63,0x0C,0x63,0x0C,0x63,0x0C,0x63,0x0C,0x63,0x0C,0x63,0x0C,0x63,0x0C,0x63,0x0C,
	0x63,0x0C,0x63,0x0C,0x63,0x0C,0x63,0x0C,0x63,0x0C,0x63,0x0C,0x63,0x0C,0x63,0x0C,
	0x4A,0x29,0x63,0x0C,0xEF,0x3D,0xEF,0x3D,0xEF,0x3D,0xEF,0x3D,0xEF,0x3D,0xEF,0x3D,
	0xEF,0x3D,0xEF,0x3D,0xEF,0x3D,0xEF,0x3D,0xEF,0x3D,0xEF,0x3D,0xEF,0x3D,0xEF,0x3D,
	0xEF,0x3D,0xEF,0x3D,0xEF,0x3D,0xEF,0x3D,0xEF,0x3D,0xEF,0x3D,0xEF,0x3D,0xEF,0x3D,
	0xEF,0x3D,0xEF,0x3D,0xEF,0x3D,0xEF,0x3D,0xEF,0x3D,0xEF,0x3D,0xEF,0x3D,0xEF,0x3D,
	0xEF,0x3D,0xEF,0x3D,0xEF,0x3D,0xEF,0x3D,0xEF,0x3D,0xEF,0x3D,0xEF,0x3D,0xEF,0x3D,

	0xEF,0x3D,0xEF,0x3D,0xEF,0x3D,0xEF,0x3D,0xEF,0x3D,0xEF,0x3D,0xEF,0x3D,0xEF,0x3D,
	0xEF,0x3D,0xEF,0x3D,0xEF,0x3D,0xEF,0x3D,0xEF,0x3D,0xEF,0x3D,0xEF,0x3D,0xEF,0x3D,
	0xEF,0x3D,0xEF,0x3D,0xEF,0x3D,0xEF,0x3D,0xEF,0x3D,0xEF,0x3D,0xEF,0x3D,0xEF,0x3D,
	0xEF,0x3D,0xEF,0x3D,0xEF,0x3D,0xEF,0x3D,0xEF,0x3D,0xEF,0x3D,0xEF,0x3D,0xEF,0x3D,
	0xEF,0x3D,0xEF,0x3D,0xEF,0x3D,0xEF,0x3D,0xEF,0x3D,0xEF,0x3D,0xEF,0x3D,0xEF,0x3D,
	0xEF,0x3D,0xEF,0x3D,0xEF,0x3D,0xEF,0x3D,0xEF,0x3D,0xEF,0x3D,0xEF,0x3D,0xEF,0x3D,
	0xEF,0x3D,0xEF,0x3D,0xEF,0x3D,0xEF,0x3D,0xEF,0x3D,0xEF,0x3D,0xEF,0x3D,0x63,0x0C,
	0x4A,0x29,0x63,0x0C,0xEF,0x3D,0xEF,0x3D,0xEF,0x3D,0xEF,0x3D,0xEF,0x3D,0xEF,0x3D,

	0xEF,0x3D,0xEF,0x3D,0xEF,0x3D,0xEF,0x3D,0xEF,0x3D,0xEF,0x3D,0xEF,0x3D,0xEF,0x3D,
	0xEF,0x3D,0xEF,0x3D,0xEF,0x3D,0xEF,0x3D,0xEF,0x3D,0xEF,0x3D,0xEF,0x3D,0xEF,0x3D,
	0xEF,0x3D,0xEF,0x3D,0xEF,0x3D,0xEF,0x3D,0xEF,0x3D,0xEF,0x3D,0xEF,0x3D,0xEF,0x3D,
	0xEF,0x3D,0xEF,0x3D,0xEF,0x3D,0xEF,0x3D,0xEF,0x3D,0xEF,0x3D,0xEF,0x3D,0xEF,0x3D,
	0xEF,0x3D,0xEF,0x3D,0xEF,0x3D,0xEF,0x3D,0xEF,0x3D,0xEF,0x3D,0xEF,0x3D,0xEF,0x3D,
	0xEF,0x3D,0xEF,0x3D,0xEF,0x3D,0xEF,0x3D,0xEF,0x3D,0xEF,0x3D,0xEF,0x3D,0xEF,0x3D,
	0xEF,0x3D,0xEF,0x3D,0xEF,0x3D,0xEF,0x3D,0xEF,0x3D,0xEF,0x3D,0xEF,0x3D,0xEF,0x3D,
	0xEF,0x3D,0xEF,0x3D,0xEF,0x3D,0xEF,0x3D,0xEF,0x3D,0xEF,0x3D,0xEF,0x3D,0xEF,0x3D,

	0xEF,0x3D,0xEF,0x3D,0xEF,0x3D,0xEF,0x3D,0xEF,0x3D,0xEF,0x3D,0xEF,0x3D,0xEF,0x3D,
	0xEF,0x3D,0xEF,0x3D,0xEF,0x3D,0xEF,0x3D,0xEF,0x3D,0xEF,0x3D,0xEF,0x3D,0xEF,0x3D,
	0xEF,0x3D,0xEF,0x3D,0xEF,0x3D,0xEF,0x3D,0xEF,0x3D,0xEF,0x3D,0xEF,0x3D,0x63,0x0C,
	0x4A,0x29,0x63,0x0C,0x63,0x0C,0x63,0x0C,0x63,0x0C,0x63,0x0C,0x63,0x0C,0x63,0x0C,
	0x63,0x0C,0x63,0x0C,0x63,0x0C,0x63,0x0C,0x63,0x0C,0x63,0x0C,0x63,0x0C,0x63,0x0C,
	0x63,0x0C,0x63,0x0C,0x63,0x0C,0x63,0x0C,0x63,0x0C,0x63,0x0C,0x63,0x0C,0x63,0x0C,
	0x00,0x00,0x00,0x00,0x00,0x00,0x00,0x00,0x00,0x00,0x00,0x00,0x00,0x00,0x00,0x00,
	0x00,0x00,0x00,0x00,0x00,0x00,0x00,0x00,0x00,0x00,0x00,0x00,0x00,0x00,0x00,0x00,

	0x00,0x00,0x00,0x00,0x00,0x00,0x00,0x00,0x00,0x00,0x00,0x00,0x00,0x00,0x00,0x00,
	0x4A,0x29,0x00,0x00,0xEF,0x3D,0x00,0x00,0x00,0x00,0x00,0x00,0x00,0x00,0x00,0x00,
	0x00,0x00,0x00,0x00,0x00,0x00,0x00,0x00,0x00,0x00,0x00,0x00,0x00,0x00,0x00,0x00,
	0x00,0x00,0x00,0x00,0x00,0x00,0x00,0x00,0x00,0x00,0x00,0x00,0x00,0x00,0x00,0x00,
	0x00,0x00,0x00,0x00,0x00,0x00,0x00,0x00,0x00,0x00,0x00,0x00,0x00,0x00,0x00,0x00,
	0x00,0x00,0x00,0x00,0x00,0x00,0x00,0x00,0x00,0x00,0x00,0x00,0x00,0x00,0x00,0x00,
	0x00,0x00,0x00,0x00,0x00,0x00,0x00,0x00,0x00,0x00,0x00,0x00,0x00,0x00,0x00,0x00,
	0x00,0x00,0x00,0x00,0x00,0x00,0x00,0x00,0x00,0x00,0x00,0x00,0x00,0x00,0x00,0x00,

	0x00,0x00,0x00,0x00,0x00,0x00,0x00,0x00,0x00,0x00,0x00,0x00,0x00,0x00,0x00,0x00,
	0x00,0x00,0x00,0x00,0x00,0x00,0x00,0x00,0x00,0x00,0x00,0x00,0x00,0x00,0x00,0x00,
	0x00,0x00,0x00,0x00,0x00,0x00,0x00,0x00,0x00,0x00,0x00,0x00,0x00,0x00,0x00,0x00,
	0x00,0x00,0x00,0x00,0x00,0x00,0x00,0x00,0x00,0x00,0x00,0x00,0x00,0x00,0x00,0x00,
	0x00,0x00,0x00,0x00,0x00,0x00,0x00,0x00,0x00,0x00,0x00,0x00,0xEF,0x3D,0x00,0x00,
	0x4A,0x29,0x00,0x00,0xEF,0x3D,0x00,0x00,0x00,0x00,0x00,0x00,0x00,0x00,0x00,0x00,
	0x00,0x00,0x00,0x00,0x00,0x00,0x00,0x00,0x00,0x00,0x00,0x00,0x00,0x00,0x00,0x00,
	0x00,0x00,0x00,0x00,0x00,0x00,0x00,0x00,0x00,0x00,0x00,0x00,0x00,0x00,0x00,0x00,

	0x00,0x00,0x00,0x00,0x00,0x00,0x00,0x00,0x00,0x00,0x00,0x00,0x00,0x00,0x00,0x00,
	0x00,0x00,0x00,0x00,0x00,0x00,0x00,0x00,0x00,0x00,0x00,0x00,0x00,0x00,0x00,0x00,
	0x00,0x00,0x00,0x00,0x00,0x00,0x00,0x00,0x00,0x00,0x00,0x00,0x00,0x00,0x00,0x00,
	0x00,0x00,0x00,0x00,0x00,0x00,0x00,0x00,0x00,0x00,0x00,0x00,0x00,0x00,0x00,0x00,
	0x00,0x00,0x00,0x00,0x00,0x00,0x00,0x00,0x00,0x00,0x00,0x00,0x00,0x00,0x00,0x00,
	0x00,0x00,0x00,0x00,0x00,0x00,0x00,0x00,0x00,0x00,0x00,0x00,0x00,0x00,0x00,0x00,
	0x00,0x00,0x00,0x00,0x00,0x00,0x00,0x00,0x00,0x00,0x00,0x00,0x00,0x00,0x00,0x00,
	0x00,0x00,0x00,0x00,0x00,0x00,0x00,0x00,0x00,0x00,0x00,0x00,0x00,0x00,0x00,0x00,

	0x00,0x00,0x00,0x00,0x00,0x00,0x00,0x00,0x00,0x00,0x00,0x00,0xEF,0x3D,0x00,0x00,
	0x4A,0x29,0x00,0x00,0x00,0x00,0x00,0x00,0x00,0x00,0x00,0x00,0x00,0x00,0x00,0x00,
	0x00,0x00,0x00,0x00,0x00,0x00,0x00,0x00,0x00,0x00,0x00,0x00,0x00,0x00,0x00,0x00,
	0x00,0x00,0x00,0x00,0x00,0x00,0x00,0x00,0x00,0x00,0x00,0x00,0x00,0x00,0x00,0x00,
	0x63,0x0C,0x63,0x0C,0x63,0x0C,0x63,0x0C,0x63,0x0C,0x63,0x0C,0x63,0x0C,0x63,0x0C,
	0x63,0x0C,0x63,0x0C,0x63,0x0C,0x63,0x0C,0x63,0x0C,0x63,0x0C,0x63,0x0C,0x63,0x0C,
	0x63,0x0C,0x63,0x0C,0x63,0x0C,0x63,0x0C,0x63,0x0C,0x63,0x0C,0x63,0x0C,0x63,0x0C,
	0x4A,0x29,0x63,0x0C,0xEF,0x3D,0x00,0x00,0x08,0x21,0x08,0x21,0x08,0x21,0x08,0x21,

	0x08,0x21,0x08,0x21,0x08,0x21,0x08,0x21,0x08,0x21,0x08,0x21,0x08,0x21,0x08,0x21,
	0x08,0x21,0x08,0x21,0x08,0x21,0x08,0x21,0x08,0x21,0x08,0x21,0x08,0x21,0x08,0x21,
	0x08,0x21,0x08,0x21,0x08,0x21,0x08,0x21,0x08,0x21,0x08,0x21,0x08,0x21,0x08,0x21,
	0x08,0x21,0x08,0x21,0x08,0x21,0x08,0x21,0x08,0x21,0x08,0x21,0x08,0x21,0x08,0x21,
	0x08,0x21,0x08,0x21,0x08,0x21,0x08,0x21,0x08,0x21,0x08,0x21,0x08,0x21,0x08,0x21,
	0x08,0x21,0x08,0x21,0x08,0x21,0x08,0x21,0x08,0x21,0x08,0x21,0x08,0x21,0x08,0x21,
	0x08,0x21,0x08,0x21,0x08,0x21,0x08,0x21,0x08,0x21,0x08,0x21,0x08,0x21,0x08,0x21,
	0x08,0x21,0x08,0x21,0x08,0x21,0x08,0x21,0x08,0x21,0x08,0x21,0x08,0x21,0x08,0x21,

	0x08,0x21,0x08,0x21,0x08,0x21,0x08,0x21,0x08,0x21,0x08,0x21,0x08,0x21,0x08,0x21,
	0x08,0x21,0x08,0x21,0x08,0x21,0x08,0x21,0x08,0x21,0x08,0x21,0x08,0x21,0x08,0x21,
	0x08,0x21,0x08,0x21,0x08,0x21,0x08,0x21,0x08,0x21,0x00,0x00,0xEF,0x3D,0x63,0x0C,
	0x4A,0x29,0x63,0x0C,0xEF,0x3D,0x00,0x00,0x08,0x21,0x08,0x21,0x08,0x21,0x08,0x21,
	0x08,0x21,0x08,0x21,0x08,0x21,0x08,0x21,0x08,0x21,0x08,0x21,0x08,0x21,0x08,0x21,
	0x08,0x21,0x08,0x21,0x08,0x21,0x08,0x21,0x08,0x21,0x08,0x21,0x08,0x21,0x08,0x21,
	0x08,0x21,0x08,0x21,0x08,0x21,0x08,0x21,0x08,0x21,0x08,0x21,0x08,0x21,0x08,0x21,
	0x08,0x21,0x08,0x21,0x08,0x21,0x08,0x21,0x08,0x21,0x08,0x21,0x08,0x21,0x08,0x21,

	0x08,0x21,0x08,0x21,0x08,0x21,0x08,0x21,0x08,0x21,0x08,0x21,0x08,0x21,0x08,0x21,
	0x08,0x21,0x08,0x21,0x08,0x21,0x08,0x21,0x08,0x21,0x08,0x21,0x08,0x21,0x08,0x21,
	0x08,0x21,0x08,0x21,0x08,0x21,0x08,0x21,0x08,0x21,0x08,0x21,0x08,0x21,0x08,0x21,
	0x08,0x21,0x08,0x21,0x08,0x21,0x08,0x21,0x08,0x21,0x08,0x21,0x08,0x21,0x08,0x21,
	0x08,0x21,0x08,0x21,0x08,0x21,0x08,0x21,0x08,0x21,0x08,0x21,0x08,0x21,0x08,0x21,
	0x08,0x21,0x08,0x21,0x08,0x21,0x08,0x21,0x08,0x21,0x08,0x21,0x08,0x21,0x08,0x21,
	0x08,0x21,0x08,0x21,0x08,0x21,0x08,0x21,0x08,0x21,0x00,0x00,0xEF,0x3D,0x63,0x0C,
	0x4A,0x29,0x63,0x0C,0x63,0x0C,0x63,0x0C,0x63,0x0C,0x63,0x0C,0x63,0x0C,0x63,0x0C,

	0x63,0x0C,0x63,0x0C,0x63,0x0C,0x63,0x0C,0x63,0x0C,0x63,0x0C,0x63,0x0C,0x63,0x0C,
	0x63,0x0C,0x63,0x0C,0x63,0x0C,0x63,0x0C,0x63,0x0C,0x63,0x0C,0x63,0x0C,0x63,0x0C,
	0x00,0x00,0x00,0x00,0x00,0x00,0x00,0x00,0x00,0x00,0x00,0x00,0x00,0x00,0x00,0x00,
	0x00,0x00,0x00,0x00,0x00,0x00,0x00,0x00,0x00,0x00,0x00,0x00,0x00,0x00,0x00,0x00,
	0x00,0x00,0x00,0x00,0x00,0x00,0x00,0x00,0x00,0x00,0x00,0x00,0x00,0x00,0x00,0x00,
	0x4A,0x29,0x00,0x00,0xEF,0x3D,0x00,0x00,0x08,0x21,0x08,0x21,0x08,0x21,0x08,0x21,
	0x08,0x21,0x08,0x21,0x08,0x21,0x08,0x21,0x08,0x21,0x08,0x21,0x08,0x21,0x08,0x21,
	0x08,0x21,0x08,0x21,0x08,0x21,0x08,0x21,0x08,0x21,0x08,0x21,0x08,0x21,0x08,0x21,

	0x08,0x21,0x08,0x21,0x08,0x21,0x08,0x21,0x08,0x21,0x08,0x21,0x08,0x21,0x08,0x21,
	0x08,0x21,0x08,0x21,0x08,0x21,0x08,0x21,0x08,0x21,0x08,0x21,0x08,0x21,0x08,0x21,
	0x08,0x21,0x08,0x21,0x08,0x21,0x08,0x21,0x08,0x21,0x08,0x21,0x08,0x21,0x08,0x21,
	0x08,0x21,0x08,0x21,0x08,0x21,0x08,0x21,0x08,0x21,0x08,0x21,0x08,0x21,0x08,0x21,
	0x08,0x21,0x08,0x21,0x08,0x21,0x08,0x21,0x08,0x21,0x08,0x21,0x08,0x21,0x08,0x21,
	0x08,0x21,0x08,0x21,0x08,0x21,0x08,0x21,0x08,0x21,0x08,0x21,0x08,0x21,0x08,0x21,
	0x08,0x21,0x08,0x21,0x08,0x21,0x08,0x21,0x08,0x21,0x08,0x21,0x08,0x21,0x08,0x21,
	0x08,0x21,0x08,0x21,0x08,0x21,0x08,0x21,0x08,0x21,0x08,0x21,0x08,0x21,0x08,0x21,

	0x08,0x21,0x08,0x21,0x08,0x21,0x08,0x21,0x08,0x21,0x00,0x00,0xEF,0x3D,0x00,0x00,
	0x4A,0x29,0x00,0x00,0xEF,0x3D,0x00,0x00,0x08,0x21,0x08,0x21,0x08,0x21,0x08,0x21,
	0x08,0x21,0x08,0x21,0x08,0x21,0x08,0x21,0x08,0x21,0x08,0x21,0x08,0x21,0x08,0x21,
	0x08,0x21,0x08,0x21,0x08,0x21,0x08,0x21,0x08,0x21,0x08,0x21,0x08,0x21,0x08,0x21,
	0x08,0x21,0x08,0x21,0x08,0x21,0x08,0x21,0x08,0x21,0x08,0x21,0x08,0x21,0x08,0x21,
	0x08,0x21,0x08,0x21,0x08,0x21,0x08,0x21,0x08,0x21,0x08,0x21,0x08,0x21,0x08,0x21,
	0x08,0x21,0x08,0x21,0x08,0x21,0x08,0x21,0x08,0x21,0x08,0x21,0x08,0x21,0x08,0x21,
	0x08,0x21,0x08,0x21,0x08,0x21,0x08,0x21,0x08,0x21,0x08,0x21,0x08,0x21,0x08,0x21,

	0x08,0x21,0x08,0x21,0x08,0x21,0x08,0x21,0x08,0x21,0x08,0x21,0x08,0x21,0x08,0x21,
	0x08,0x21,0x08,0x21,0x08,0x21,0x08,0x21,0x08,0x21,0x08,0x21,0x08,0x21,0x08,0x21,
	0x08,0x21,0x08,0x21,0x08,0x21,0x08,0x21,0x08,0x21,0x08,0x21,0x08,0x21,0x08,0x21,
	0x08,0x21,0x08,0x21,0x08,0x21,0x08,0x21,0x08,0x21,0x08,0x21,0x08,0x21,0x08,0x21,
	0x08,0x21,0x08,0x21,0x08,0x21,0x08,0x21,0x08,0x21,0x00,0x00,0xEF,0x3D,0x00,0x00,
	0x4A,0x29,0x00,0x00,0x00,0x00,0x00,0x00,0x00,0x00,0x00,0x00,0x00,0x00,0x00,0x00,
	0x00,0x00,0x00,0x00,0x00,0x00,0x00,0x00,0x00,0x00,0x00,0x00,0x00,0x00,0x00,0x00,
	0x00,0x00,0x00,0x00,0x00,0x00,0x00,0x00,0x00,0x00,0x00,0x00,0x00,0x00,0x00,0x00,

	0x63,0x0C,0x63,0x0C,0x63,0x0C,0x63,0x0C,0x63,0x0C,0x63,0x0C,0x63,0x0C,0x63,0x0C,
	0x63,0x0C,0x63,0x0C,0x63,0x0C,0x63,0x0C,0x63,0x0C,0x63,0x0C,0x63,0x0C,0x63,0x0C,
	0x63,0x0C,0x63,0x0C,0x63,0x0C,0x63,0x0C,0x63,0x0C,0x63,0x0C,0x63,0x0C,0x63,0x0C,
	0x4A,0x29,0x63,0x0C,0xEF,0x3D,0x00,0x00,0x08,0x21,0x08,0x21,0x08,0x21,0x08,0x21,
	0x08,0x21,0x08,0x21,0x08,0x21,0x08,0x21,0x08,0x21,0x08,0x21,0x08,0x21,0x08,0x21,
	0x08,0x21,0x08,0x21,0x08,0x21,0x08,0x21,0x08,0x21,0x08,0x21,0x08,0x21,0x08,0x21,
	0x08,0x21,0x08,0x21,0x08,0x21,0x08,0x21,0x08,0x21,0x08,0x21,0x08,0x21,0x08,0x21,
	0x08,0x21,0x08,0x21,0x08,0x21,0x08,0x21,0x08,0x21,0x08,0x21,0x08,0x21,0x08,0x21,

	0x08,0x21,0x08,0x21,0x08,0x21,0x08,0x21,0x08,0x21,0x08,0x21,0x08,0x21,0x08,0x21,
	0x08,0x21,0x08,0x21,0x08,0x21,0x08,0x21,0x08,0x21,0x08,0x21,0x08,0x21,0x08,0x21,
	0x08,0x21,0x08,0x21,0x08,0x21,0x08,0x21,0x08,0x21,0x08,0x21,0x08,0x21,0x08,0x21,
	0x08,0x21,0x08,0x21,0x08,0x21,0x08,0x21,0x08,0x21,0x08,0x21,0x08,0x21,0x08,0x21,
	0x08,0x21,0x08,0x21,0x08,0x21,0x08,0x21,0x08,0x21,0x08,0x21,0x08,0x21,0x08,0x21,
	0x08,0x21,0x08,0x21,0x08,0x21,0x08,0x21,0x08,0x21,0x08,0x21,0x08,0x21,0x08,0x21,
	0x08,0x21,0x08,0x21,0x08,0x21,0x08,0x21,0x08,0x21,0x00,0x00,0xEF,0x3D,0x63,0x0C,
	0x4A,0x29,0x63,0x0C,0xEF,0x3D,0x00,0x00,0x08,0x21,0x08,0x21,0x08,0x21,0x08,0x21,

	0x08,0x21,0x08,0x21,0x08,0x21,0x08,0x21,0x08,0x21,0x08,0x21,0x08,0x21,0x08,0x21,
	0x08,0x21,0x08,0x21,0x08,0x21,0x08,0x21,0x08,0x21,0x08,0x21,0x08,0x21,0x08,0x21,
	0x08,0x21,0x08,0x21,0x08,0x21,0x08,0x21,0x08,0x21,0x08,0x21,0x08,0x21,0x08,0x21,
	0x08,0x21,0x08,0x21,0x08,0x21,0x08,0x21,0x08,0x21,0x08,0x21,0x08,0x21,0x08,0x21,
	0x08,0x21,0x08,0x21,0x08,0x21,0x08,0x21,0x08,0x21,0x08,0x21,0x08,0x21,0x08,0x21,
	0x08,0x21,0x08,0x21,0x08,0x21,0x08,0x21,0x08,0x21,0x08,0x21,0x08,0x21,0x08,0x21,
	0x08,0x21,0x08,0x21,0x08,0x21,0x08,0x21,0x08,0x21,0x08,0x21,0x08,0x21,0x08,0x21,
	0x08,0x21,0x08,0x21,0x08,0x21,0x08,0x21,0x08,0x21,0x08,0x21,0x08,0x21,0x08,0x21,

	0x08,0x21,0x08,0x21,0x08,0x21,0x08,0x21,0x08,0x21,0x08,0x21,0x08,0x21,0x08,0x21,
	0x08,0x21,0x08,0x21,0x08,0x21,0x08,0x21,0x08,0x21,0x08,0x21,0x08,0x21,0x08,0x21,
	0x08,0x21,0x08,0x21,0x08,0x21,0x08,0x21,0x08,0x21,0x00,0x00,0xEF,0x3D,0x63,0x0C,
	0x4A,0x29,0x63,0x0C,0x63,0x0C,0x63,0x0C,0x63,0x0C,0x63,0x0C,0x63,0x0C,0x63,0x0C,
	0x63,0x0C,0x63,0x0C,0x63,0x0C,0x63,0x0C,0x63,0x0C,0x63,0x0C,0x63,0x0C,0x63,0x0C,
	0x63,0x0C,0x63,0x0C,0x63,0x0C,0x63,0x0C,0x63,0x0C,0x63,0x0C,0x63,0x0C,0x63,0x0C,
	0x00,0x00,0x00,0x00,0x00,0x00,0x00,0x00,0x00,0x00,0x00,0x00,0x00,0x00,0x00,0x00,
	0x00,0x00,0x00,0x00,0x00,0x00,0x00,0x00,0x00,0x00,0x00,0x00,0x00,0x00,0x00,0x00,

	0x00,0x00,0x00,0x00,0x00,0x00,0x00,0x00,0x00,0x00,0x00,0x00,0x00,0x00,0x00,0x00,
	0x4A,0x29,0x00,0x00,0xEF,0x3D,0x00,0x00,0x08,0x21,0x08,0x21,0x08,0x21,0x08,0x21,
	0x08,0x21,0x08,0x21,0x08,0x21,0x08,0x21,0x08,0x21,0x08,0x21,0x08,0x21,0x08,0x21,
	0x08,0x21,0x08,0x21,0x08,0x21,0x08,0x21,0x08,0x21,0x08,0x21,0x08,0x21,0x08,0x21,
	0x08,0x21,0x08,0x21,0x08,0x21,0x08,0x21,0x08,0x21,0x08,0x21,0x08,0x21,0x08,0x21,
	0x08,0x21,0x08,0x21,0x08,0x21,0x08,0x21,0x08,0x21,0x08,0x21,0x08,0x21,0x08,0x21,
	0x08,0x21,0x08,0x21,0x08,0x21,0x08,0x21,0x08,0x21,0x08,0x21,0x08,0x21,0x08,0x21,
	0x08,0x21,0x08,0x21,0x08,0x21,0x08,0x21,0x08,0x21,0x08,0x21,0x08,0x21,0x08,0x21,

	0x08,0x21,0x08,0x21,0x08,0x21,0x08,0x21,0x08,0x21,0x08,0x21,0x08,0x21,0x08,0x21,
	0x08,0x21,0x08,0x21,0x08,0x21,0x08,0x21,0x08,0x21,0x08,0x21,0x08,0x21,0x08,0x21,
	0x08,0x21,0x08,0x21,0x08,0x21,0x08,0x21,0x08,0x21,0x08,0x21,0x08,0x21,0x08,0x21,
	0x08,0x21,0x08,0x21,0x08,0x21,0x08,0x21,0x08,0x21,0x08,0x21,0x08,0x21,0x08,0x21,
	0x08,0x21,0x08,0x21,0x08,0x21,0x08,0x21,0x08,0x21,0x00,0x00,0xEF,0x3D,0x00,0x00,
	0x4A,0x29,0x00,0x00,0xEF,0x3D,0x00,0x00,0x08,0x21,0x08,0x21,0x08,0x21,0x08,0x21,
	0x08,0x21,0x08,0x21,0x08,0x21,0x08,0x21,0x08,0x21,0x08,0x21,0x08,0x21,0x08,0x21,
	0x08,0x21,0x08,0x21,0x08,0x21,0x08,0x21,0x08,0x21,0x08,0x21,0x08,0x21,0x08,0x21,

	0x08,0x21,0x08,0x21,0x08,0x21,0x08,0x21,0x08,0x21,0x08,0x21,0x08,0x21,0x08,0x21,
	0x08,0x21,0x08,0x21,0x08,0x21,0x08,0x21,0x08,0x21,0x08,0x21,0x08,0x21,0x08,0x21,
	0x08,0x21,0x08,0x21,0x08,0x21,0x08,0x21,0x08,0x21,0x08,0x21,0x08,0x21,0x08,0x21,
	0x08,0x21,0x08,0x21,0x08,0x21,0x08,0x21,0x08,0x21,0x08,0x21,0x08,0x21,0x08,0x21,
	0x08,0x21,0x08,0x21,0x08,0x21,0x08,0x21,0x08,0x21,0x08,0x21,0x08,0x21,0x08,0x21,
	0x08,0x21,0x08,0x21,0x08,0x21,0x08,0x21,0x08,0x21,0x08,0x21,0x08,0x21,0x08,0x21,
	0x08,0x21,0x08,0x21,0x08,0x21,0x08,0x21,0x08,0x21,0x08,0x21,0x08,0x21,0x08,0x21,
	0x08,0x21,0x08,0x21,0x08,0x21,0x08,0x21,0x08,0x21,0x08,0x21,0x08,0x21,0x08,0x21,

	0x08,0x21,0x08,0x21,0x08,0x21,0x08,0x21,0x08,0x21,0x00,0x00,0xEF,0x3D,0x00,0x00,
	0x4A,0x29,0x00,0x00,0x00,0x00,0x00,0x00,0x00,0x00,0x00,0x00,0x00,0x00,0x00,0x00,
	0x00,0x00,0x00,0x00,0x00,0x00,0x00,0x00,0x00,0x00,0x00,0x00,0x00,0x00,0x00,0x00,
	0x00,0x00,0x00,0x00,0x00,0x00,0x00,0x00,0x00,0x00,0x00,0x00,0x00,0x00,0x00,0x00,
	0x63,0x0C,0x63,0x0C,0x63,0x0C,0x63,0x0C,0x63,0x0C,0x63,0x0C,0x63,0x0C,0x63,0x0C,
	0x63,0x0C,0x63,0x0C,0x63,0x0C,0x63,0x0C,0x63,0x0C,0x63,0x0C,0x63,0x0C,0x63,0x0C,
	0x63,0x0C,0x63,0x0C,0x63,0x0C,0x63,0x0C,0x63,0x0C,0x63,0x0C,0x63,0x0C,0x63,0x0C,
	0x4A,0x29,0x63,0x0C,0xEF,0x3D,0x00,0x00,0xE7,0x1C,0x08,0x21,0xE7,0x1C,0x08,0x21,

	0xE7,0x1C,0x08,0x21,0xE7,0x1C,0x08,0x21,0xE7,0x1C,0x08,0x21,0xE7,0x1C,0x08,0x21,
	0xE7,0x1C,0x08,0x21,0xE7,0x1C,0x08,0x21,0xE7,0x1C,0x08,0x21,0xE7,0x1C,0x08,0x21,
	0xE7,0x1C,0x08,0x21,0xE7,0x1C,0x08,0x21,0xE7,0x1C,0x08,0x21,0xE7,0x1C,0x08,0x21,
	0xE7,0x1C,0x08,0x21,0xE7,0x1C,0x08,0x21,0xE7,0x1C,0x08,0x21,0xE7,0x1C,0x08,0x21,
	0xE7,0x1C,0x08,0x21,0xE7,0x1C,0x08,0x21,0xE7,0x1C,0x08,0x21,0xE7,0x1C,0x08,0x21,
	0xE7,0x1C,0x08,0x21,0xE7,0x1C,0x08,0x21,0xE7,0x1C,0x08,0x21,0xE7,0x1C,0x08,0x21,
	0xE7,0x1C,0x08,0x21,0xE7,0x1C,0x08,0x21,0xE7,0x1C,0x08,0x21,0xE7,0x1C,0x08,0x21,
	0xE7,0x1C,0x08,0x21,0xE7,0x1C,0x08,0x21,0xE7,0x1C,0x08,0x21,0xE7,0x1C,0x08,0x21,

	0xE7,0x1C,0x08,0x21,0xE7,0x1C,0x08,0x21,0xE7,0x1C,0x08,0x21,0xE7,0x1C,0x08,0x21,
	0xE7,0x1C,0x08,0x21,0xE7,0x1C,0x08,0x21,0xE7,0x1C,0x08,0x21,0xE7,0x1C,0x08,0x21,
	0xE7,0x1C,0x08,0x21,0xE7,0x1C,0x08,0x21,0xE7,0x1C,0x00,0x00,0xEF,0x3D,0x63,0x0C,
	0x4A,0x29,0x63,0x0C,0xEF,0x3D,0x00,0x00,0xE7,0x1C,0x08,0x21,0xE7,0x1C,0x08,0x21,
	0xE7,0x1C,0x08,0x21,0xE7,0x1C,0x08,0x21,0xE7,0x1C,0x08,0x21,0xE7,0x1C,0x08,0x21,
	0xE7,0x1C,0x08,0x21,0xE7,0x1C,0x08,0x21,0xE7,0x1C,0x08,0x21,0xE7,0x1C,0x08,0x21,
	0xE7,0x1C,0x08,0x21,0xE7,0x1C,0x08,0x21,0xE7,0x1C,0x08,0x21,0xE7,0x1C,0x08,0x21,
	0xE7,0x1C,0x08,0x21,0xE7,0x1C,0x08,0x21,0xE7,0x1C,0x08,0x21,0xE7,0x1C,0x08,0x21,

	0xE7,0x1C,0x08,0x21,0xE7,0x1C,0x08,0x21,0xE7,0x1C,0x08,0x21,0xE7,0x1C,0x08,0x21,
	0xE7,0x1C,0x08,0x21,0xE7,0x1C,0x08,0x21,0xE7,0x1C,0x08,0x21,0xE7,0x1C,0x08,0x21,
	0xE7,0x1C,0x08,0x21,0xE7,0x1C,0x08,0x21,0xE7,0x1C,0x08,0x21,0xE7,0x1C,0x08,0x21,
	0xE7,0x1C,0x08,0x21,0xE7,0x1C,0x08,0x21,0xE7,0x1C,0x08,0x21,0xE7,0x1C,0x08,0x21,
	0xE7,0x1C,0x08,0x21,0xE7,0x1C,0x08,0x21,0xE7,0x1C,0x08,0x21,0xE7,0x1C,0x08,0x21,
	0xE7,0x1C,0x08,0x21,0xE7,0x1C,0x08,0x21,0xE7,0x1C,0x08,0x21,0xE7,0x1C,0x08,0x21,
	0xE7,0x1C,0x08,0x21,0xE7,0x1C,0x08,0x21,0xE7,0x1C,0x00,0x00,0xEF,0x3D,0x63,0x0C,
	0x4A,0x29,0x63,0x0C,0x63,0x0C,0x63,0x0C,0x63,0x0C,0x63,0x0C,0x63,0x0C,0x63,0x0C,

	0x63,0x0C,0x63,0x0C,0x63,0x0C,0x63,0x0C,0x63,0x0C,0x63,0x0C,0x63,0x0C,0x63,0x0C,
	0x63,0x0C,0x63,0x0C,0x63,0x0C,0x63,0x0C,0x63,0x0C,0x63,0x0C,0x63,0x0C,0x63,0x0C,
	0x00,0x00,0x00,0x00,0x00,0x00,0x00,0x00,0x00,0x00,0x00,0x00,0x00,0x00,0x00,0x00,
	0x00,0x00,0x00,0x00,0x00,0x00,0x00,0x00,0x00,0x00,0x00,0x00,0x00,0x00,0x00,0x00,
	0x00,0x00,0x00,0x00,0x00,0x00,0x00,0x00,0x00,0x00,0x00,0x00,0x00,0x00,0x00,0x00,
	0x4A,0x29,0x00,0x00,0xEF,0x3D,0x00,0x00,0x08,0x21,0xE7,0x1C,0x08,0x21,0xE7,0x1C,
	0x08,0x21,0xE7,0x1C,0x08,0x21,0xE7,0x1C,0x08,0x21,0xE7,0x1C,0x08,0x21,0xE7,0x1C,
	0x08,0x21,0xE7,0x1C,0x08,0x21,0xE7,0x1C,0x08,0x21,0xE7,0x1C,0x08,0x21,0xE7,0x1C,

	0x08,0x21,0xE7,0x1C,0x08,0x21,0xE7,0x1C,0x08,0x21,0xE7,0x1C,0x08,0x21,0xE7,0x1C,
	0x08,0x21,0xE7,0x1C,0x08,0x21,0xE7,0x1C,0x08,0x21,0xE7,0x1C,0x08,0x21,0xE7,0x1C,
	0x08,0x21,0xE7,0x1C,0x08,0x21,0xE7,0x1C,0x08,0x21,0xE7,0x1C,0x08,0x21,0xE7,0x1C,
	0x08,0x21,0xE7,0x1C,0x08,0x21,0xE7,0x1C,0x08,0x21,0xE7,0x1C,0x08,0x21,0xE7,0x1C,
	0x08,0x21,0xE7,0x1C,0x08,0x21,0xE7,0x1C,0x08,0x21,0xE7,0x1C,0x08,0x21,0xE7,0x1C,
	0x08,0x21,0xE7,0x1C,0x08,0x21,0xE7,0x1C,0x08,0x21,0xE7,0x1C,0x08,0x21,0xE7,0x1C,
	0x08,0x21,0xE7,0x1C,0x08,0x21,0xE7,0x1C,0x08,0x21,0xE7,0x1C,0x08,0x21,0xE7,0x1C,
	0x08,0x21,0xE7,0x1C,0x08,0x21,0xE7,0x1C,0x08,0x21,0xE7,0x1C,0x08,0x21,0xE7,0x1C,

	0x08,0x21,0xE7,0x1C,0x08,0x21,0xE7,0x1C,0x08,0x21,0x00,0x00,0xEF,0x3D,0x00,0x00,
	0x4A,0x29,0x00,0x00,0xEF,0x3D,0x00,0x00,0x08,0x21,0xE7,0x1C,0x08,0x21,0xE7,0x1C,
	0x08,0x21,0xE7,0x1C,0x08,0x21,0xE7,0x1C,0x08,0x21,0xE7,0x1C,0x08,0x21,0xE7,0x1C,
	0x08,0x21,0xE7,0x1C,0x08,0x21,0xE7,0x1C,0x08,0x21,0xE7,0x1C,0x08,0x21,0xE7,0x1C,
	0x08,0x21,0xE7,0x1C,0x08,0x21,0xE7,0x1C,0x08,0x21,0xE7,0x1C,0x08,0x21,0xE7,0x1C,
	0x08,0x21,0xE7,0x1C,0x08,0x21,0xE7,0x1C,0x08,0x21,0xE7,0x1C,0x08,0x21,0xE7,0x1C,
	0x08,0x21,0xE7,0x1C,0x08,0x21,0xE7,0x1C,0x08,0x21,0xE7,0x1C,0x08,0x21,0xE7,0x1C,
	0x08,0x21,0xE7,0x1C,0x08,0x21,0xE7,0x1C,0x08,0x21,0xE7,0x1C,0x08,0x21,0xE7,0x1C,

	0x08,0x21,0xE7,0x1C,0x08,0x21,0xE7,0x1C,0x08,0x21,0xE7,0x1C,0x08,0x21,0xE7,0x1C,
	0x08,0x21,0xE7,0x1C,0x08,0x21,0xE7,0x1C,0x08,0x21,0xE7,0x1C,0x08,0x21,0xE7,0x1C,
	0x08,0x21,0xE7,0x1C,0x08,0x21,0xE7,0x1C,0x08,0x21,0xE7,0x1C,0x08,0x21,0xE7,0x1C,
	0x08,0x21,0xE7,0x1C,0x08,0x21,0xE7,0x1C,0x08,0x21,0xE7,0x1C,0x08,0x21,0xE7,0x1C,
	0x08,0x21,0xE7,0x1C,0x08,0x21,0xE7,0x1C,0x08,0x21,0x00,0x00,0xEF,0x3D,0x00,0x00,
	0x4A,0x29,0x00,0x00,0x00,0x00,0x00,0x00,0x00,0x00,0x00,0x00,0x00,0x00,0x00,0x00,
	0x00,0x00,0x00,0x00,0x00,0x00,0x00,0x00,0x00,0x00,0x00,0x00,0x00,0x00,0x00,0x00,
	0x00,0x00,0x00,0x00,0x00,0x00,0x00,0x00,0x00,0x00,0x00,0x00,0x00,0x00,0x00,0x00,

	0x63,0x0C,0x63,0x0C,0x63,0x0C,0x63,0x0C,0x63,0x0C,0x63,0x0C,0x63,0x0C,0x63,0x0C,
	0x63,0x0C,0x63,0x0C,0x63,0x0C,0x63,0x0C,0x63,0x0C,0x63,0x0C,0x63,0x0C,0x63,0x0C,
	0x63,0x0C,0x63,0x0C,0x63,0x0C,0x63,0x0C,0x63,0x0C,0x63,0x0C,0x63,0x0C,0x63,0x0C,
	0x4A,0x29,0x63,0x0C,0xEF,0x3D,0x00,0x00,0xE7,0x1C,0x08,0x21,0xE7,0x1C,0x08,0x21,
	0xE7,0x1C,0x08,0x21,0xE7,0x1C,0x08,0x21,0xE7,0x1C,0x08,0x21,0xE7,0x1C,0x08,0x21,
	0xE7,0x1C,0x08,0x21,0xE7,0x1C,0x08,0x21,0xE7,0x1C,0x08,0x21,0xE7,0x1C,0x08,0x21,
	0xE7,0x1C,0x08,0x21,0xE7,0x1C,0x08,0x21,0xE7,0x1C,0x08,0x21,0xE7,0x1C,0x08,0x21,
	0xE7,0x1C,0x08,0x21,0xE7,0x1C,0x08,0x21,0xE7,0x1C,0x08,0x21,0xE7,0x1C,0x08,0x21,

	0xE7,0x1C,0x08,0x21,0xE7,0x1C,0x08,0x21,0xE7,0x1C,0x08,0x21,0xE7,0x1C,0x08,0x21,
	0xE7,0x1C,0x08,0x21,0xE7,0x1C,0x08,0x21,0xE7,0x1C,0x08,0x21,0xE7,0x1C,0x08,0x21,
	0xE7,0x1C,0x08,0x21,0xE7,0x1C,0x08,0x21,0xE7,0x1C,0x08,0x21,0xE7,0x1C,0x08,0x21,
	0xE7,0x1C,0x08,0x21,0xE7,0x1C,0x08,0x21,0xE7,0x1C,0x08,0x21,0xE7,0x1C,0x08,0x21,
	0xE7,0x1C,0x08,0x21,0xE7,0x1C,0x08,0x21,0xE7,0x1C,0x08,0x21,0xE7,0x1C,0x08,0x21,
	0xE7,0x1C,0x08,0x21,0xE7,0x1C,0x08,0x21,0xE7,0x1C,0x08,0x21,0xE7,0x1C,0x08,0x21,
	0xE7,0x1C,0x08,0x21,0xE7,0x1C,0x08,0x21,0xE7,0x1C,0x00,0x00,0xEF,0x3D,0x63,0x0C,
	0x4A,0x29,0x63,0x0C,0xEF,0x3D,0x00,0x00,0xE7,0x1C,0x08,0x21,0xE7,0x1C,0x08,0x21,

	0xE7,0x1C,0x08,0x21,0xE7,0x1C,0x08,0x21,0xE7,0x1C,0x08,0x21,0xE7,0x1C,0x08,0x21,
	0xE7,0x1C,0x08,0x21,0xE7,0x1C,0x08,0x21,0xE7,0x1C,0x08,0x21,0xE7,0x1C,0x08,0x21,
	0xE7,0x1C,0x08,0x21,0xE7,0x1C,0x08,0x21,0xE7,0x1C,0x08,0x21,0xE7,0x1C,0x08,0x21,
	0xE7,0x1C,0x08,0x21,0xE7,0x1C,0x08,0x21,0xE7,0x1C,0x08,0x21,0xE7,0x1C,0x08,0x21,
	0xE7,0x1C,0x08,0x21,0xE7,0x1C,0x08,0x21,0xE7,0x1C,0x08,0x21,0xE7,0x1C,0x08,0x21,
	0xE7,0x1C,0x08,0x21,0xE7,0x1C,0x08,0x21,0xE7,0x1C,0x08,0x21,0xE7,0x1C,0x08,0x21,
	0xE7,0x1C,0x08,0x21,0xE7,0x1C,0x08,0x21,0xE7,0x1C,0x08,0x21,0xE7,0x1C,0x08,0x21,
	0xE7,0x1C,0x08,0x21,0xE7,0x1C,0x08,0x21,0xE7,0x1C,0x08,0x21,0xE7,0x1C,0x08,0x21,

	0xE7,0x1C,0x08,0x21,0xE7,0x1C,0x08,0x21,0xE7,0x1C,0x08,0x21,0xE7,0x1C,0x08,0x21,
	0xE7,0x1C,0x08,0x21,0xE7,0x1C,0x08,0x21,0xE7,0x1C,0x08,0x21,0xE7,0x1C,0x08,0x21,
	0xE7,0x1C,0x08,0x21,0xE7,0x1C,0x08,0x21,0xE7,0x1C,0x00,0x00,0xEF,0x3D,0x63,0x0C,
	0x4A,0x29,0x63,0x0C,0x63,0x0C,0x63,0x0C,0x63,0x0C,0x63,0x0C,0x63,0x0C,0x63,0x0C,
	0x63,0x0C,0x63,0x0C,0x63,0x0C,0x63,0x0C,0x63,0x0C,0x63,0x0C,0x63,0x0C,0x63,0x0C,
	0x63,0x0C,0x63,0x0C,0x63,0x0C,0x63,0x0C,0x63,0x0C,0x63,0x0C,0x63,0x0C,0x63,0x0C,
	0x00,0x00,0x00,0x00,0x00,0x00,0x00,0x00,0x00,0x00,0x00,0x00,0x00,0x00,0x00,0x00,
	0x00,0x00,0x00,0x00,0x00,0x00,0x00,0x00,0x00,0x00,0x00,0x00,0x00,0x00,0x00,0x00,

	0x00,0x00,0x00,0x00,0x00,0x00,0x00,0x00,0x00,0x00,0x00,0x00,0x00,0x00,0x00,0x00,
	0x4A,0x29,0x00,0x00,0xEF,0x3D,0x00,0x00,0xE7,0x1C,0xE7,0x1C,0xE7,0x1C,0xE7,0x1C,
	0xE7,0x1C,0xE7,0x1C,0xE7,0x1C,0xE7,0x1C,0xE7,0x1C,0xE7,0x1C,0xE7,0x1C,0xE7,0x1C,
	0xE7,0x1C,0xE7,0x1C,0xE7,0x1C,0xE7,0x1C,0xE7,0x1C,0xE7,0x1C,0xE7,0x1C,0xE7,0x1C,
	0xE7,0x1C,0xE7,0x1C,0xE7,0x1C,0xE7,0x1C,0xE7,0x1C,0xE7,0x1C,0xE7,0x1C,0xE7,0x1C,
	0xE7,0x1C,0xE7,0x1C,0xE7,0x1C,0xE7,0x1C,0xE7,0x1C,0xE7,0x1C,0xE7,0x1C,0xE7,0x1C,
	0xE7,0x1C,0xE7,0x1C,0xE7,0x1C,0xE7,0x1C,0xE7,0x1C,0xE7,0x1C,0xE7,0x1C,0xE7,0x1C,
	0xE7,0x1C,0xE7,0x1C,0xE7,0x1C,0xE7,0x1C,0xE7,0x1C,0xE7,0x1C,0xE7,0x1C,0xE7,0x1C,

	0xE7,0x1C,0xE7,0x1C,0xE7,0x1C,0xE7,0x1C,0xE7,0x1C,0xE7,0x1C,0xE7,0x1C,0xE7,0x1C,
	0xE7,0x1C,0xE7,0x1C,0xE7,0x1C,0xE7,0x1C,0xE7,0x1C,0xE7,0x1C,0xE7,0x1C,0xE7,0x1C,
	0xE7,0x1C,0xE7,0x1C,0xE7,0x1C,0xE7,0x1C,0xE7,0x1C,0xE7,0x1C,0xE7,0x1C,0xE7,0x1C,
	0xE7,0x1C,0xE7,0x1C,0xE7,0x1C,0xE7,0x1C,0xE7,0x1C,0xE7,0x1C,0xE7,0x1C,0xE7,0x1C,
	0xE7,0x1C,0xE7,0x1C,0xE7,0x1C,0xE7,0x1C,0xE7,0x1C,0x00,0x00,0xEF,0x3D,0x00,0x00,
	0x4A,0x29,0x00,0x00,0xEF,0x3D,0x00,0x00,0xE7,0x1C,0xE7,0x1C,0xE7,0x1C,0xE7,0x1C,
	0xE7,0x1C,0xE7,0x1C,0xE7,0x1C,0xE7,0x1C,0xE7,0x1C,0xE7,0x1C,0xE7,0x1C,0xE7,0x1C,
	0xE7,0x1C,0xE7,0x1C,0xE7,0x1C,0xE7,0x1C,0xE7,0x1C,0xE7,0x1C,0xE7,0x1C,0xE7,0x1C,

	0xE7,0x1C,0xE7,0x1C,0xE7,0x1C,0xE7,0x1C,0xE7,0x1C,0xE7,0x1C,0xE7,0x1C,0xE7,0x1C,
	0xE7,0x1C,0xE7,0x1C,0xE7,0x1C,0xE7,0x1C,0xE7,0x1C,0xE7,0x1C,0xE7,0x1C,0xE7,0x1C,
	0xE7,0x1C,0xE7,0x1C,0xE7,0x1C,0xE7,0x1C,0xE7,0x1C,0xE7,0x1C,0xE7,0x1C,0xE7,0x1C,
	0xE7,0x1C,0xE7,0x1C,0xE7,0x1C,0xE7,0x1C,0xE7,0x1C,0xE7,0x1C,0xE7,0x1C,0xE7,0x1C,
	0xE7,0x1C,0xE7,0x1C,0xE7,0x1C,0xE7,0x1C,0xE7,0x1C,0xE7,0x1C,0xE7,0x1C,0xE7,0x1C,
	0xE7,0x1C,0xE7,0x1C,0xE7,0x1C,0xE7,0x1C,0xE7,0x1C,0xE7,0x1C,0xE7,0x1C,0xE7,0x1C,
	0xE7,0x1C,0xE7,0x1C,0xE7,0x1C,0xE7,0x1C,0xE7,0x1C,0xE7,0x1C,0xE7,0x1C,0xE7,0x1C,
	0xE7,0x1C,0xE7,0x1C,0xE7,0x1C,0xE7,0x1C,0xE7,0x1C,0xE7,0x1C,0xE7,0x1C,0xE7,0x1C,

	0xE7,0x1C,0xE7,0x1C,0xE7,0x1C,0xE7,0x1C,0xE7,0x1C,0x00,0x00,0xEF,0x3D,0x00,0x00,
	0x4A,0x29,0x00,0x00,0x00,0x00,0x00,0x00,0x00,0x00,0x00,0x00,0x00,0x00,0x00,0x00,
	0x00,0x00,0x00,0x00,0x00,0x00,0x00,0x00,0x00,0x00,0x00,0x00,0x00,0x00,0x00,0x00,
	0x00,0x00,0x00,0x00,0x00,0x00,0x00,0x00,0x00,0x00,0x00,0x00,0x00,0x00,0x00,0x00,
	0x63,0x0C,0x63,0x0C,0x63,0x0C,0x63,0x0C,0x63,0x0C,0x63,0x0C,0x63,0x0C,0x63,0x0C,
	0x63,0x0C,0x63,0x0C,0x63,0x0C,0x63,0x0C,0x63,0x0C,0x63,0x0C,0x63,0x0C,0x63,0x0C,
	0x63,0x0C,0x63,0x0C,0x63,0x0C,0x63,0x0C,0x63,0x0C,0x63,0x0C,0x63,0x0C,0x63,0x0C,
	0x4A,0x29,0x63,0x0C,0xEF,0x3D,0x00,0x00,0xE7,0x1C,0xE7,0x1C,0xE7,0x1C,0xE7,0x1C,

	0xE7,0x1C,0xE7,0x1C,0xE7,0x1C,0xE7,0x1C,0xE7,0x1C,0xE7,0x1C,0xE7,0x1C,0xE7,0x1C,
	0xE7,0x1C,0xE7,0x1C,0xE7,0x1C,0xE7,0x1C,0xE7,0x1C,0xE7,0x1C,0xE7,0x1C,0xE7,0x1C,
	0xE7,0x1C,0xE7,0x1C,0xE7,0x1C,0xE7,0x1C,0xE7,0x1C,0xE7,0x1C,0xE7,0x1C,0xE7,0x1C,
	0xE7,0x1C,0xE7,0x1C,0xE7,0x1C,0xE7,0x1C,0xE7,0x1C,0xE7,0x1C,0xE7,0x1C,0xE7,0x1C,
	0xE7,0x1C,0xE7,0x1C,0xE7,0x1C,0xE7,0x1C,0xE7,0x1C,0xE7,0x1C,0xE7,0x1C,0xE7,0x1C,
	0xE7,0x1C,0xE7,0x1C,0xE7,0x1C,0xE7,0x1C,0xE7,0x1C,0xE7,0x1C,0xE7,0x1C,0xE7,0x1C,
	0xE7,0x1C,0xE7,0x1C,0xE7,0x1C,0xE7,0x1C,0xE7,0x1C,0xE7,0x1C,0xE7,0x1C,0xE7,0x1C,
	0xE7,0x1C,0xE7,0x1C,0xE7,0x1C,0xE7,0x1C,0xE7,0x1C,0xE7,0x1C,0xE7,0x1C,0xE7,0x1C,

	0xE7,0x1C,0xE7,0x1C,0xE7,0x1C,0xE7,0x1C,0xE7,0x1C,0xE7,0x1C,0xE7,0x1C,0xE7,0x1C,
	0xE7,0x1C,0xE7,0x1C,0xE7,0x1C,0xE7,0x1C,0xE7,0x1C,0xE7,0x1C,0xE7,0x1C,0xE7,0x1C,
	0xE7,0x1C,0xE7,0x1C,0xE7,0x1C,0xE7,0x1C,0xE7,0x1C,0x00,0x00,0xEF,0x3D,0x63,0x0C,
	0x4A,0x29,0x63,0x0C,0xEF,0x3D,0x00,0x00,0xE7,0x1C,0xE7,0x1C,0xE7,0x1C,0xE7,0x1C,
	0xE7,0x1C,0xE7,0x1C,0xE7,0x1C,0xE7,0x1C,0xE7,0x1C,0xE7,0x1C,0xE7,0x1C,0xE7,0x1C,
	0xE7,0x1C,0xE7,0x1C,0xE7,0x1C,0xE7,0x1C,0xE7,0x1C,0xE7,0x1C,0xE7,0x1C,0xE7,0x1C,
	0xE7,0x1C,0xE7,0x1C,0xE7,0x1C,0xE7,0x1C,0xE7,0x1C,0xE7,0x1C,0xE7,0x1C,0xE7,0x1C,
	0xE7,0x1C,0xE7,0x1C,0xE7,0x1C,0xE7,0x1C,0xE7,0x1C,0xE7,0x1C,0xE7,0x1C,0xE7,0x1C,

	0xE7,0x1C,0xE7,0x1C,0xE7,0x1C,0xE7,0x1C,0xE7,0x1C,0xE7,0x1C,0xE7,0x1C,0xE7,0x1C,
	0xE7,0x1C,0xE7,0x1C,0xE7,0x1C,0xE7,0x1C,0xE7,0x1C,0xE7,0x1C,0xE7,0x1C,0xE7,0x1C,
	0xE7,0x1C,0xE7,0x1C,0xE7,0x1C,0xE7,0x1C,0xE7,0x1C,0xE7,0x1C,0xE7,0x1C,0xE7,0x1C,
	0xE7,0x1C,0xE7,0x1C,0xE7,0x1C,0xE7,0x1C,0xE7,0x1C,0xE7,0x1C,0xE7,0x1C,0xE7,0x1C,
	0xE7,0x1C,0xE7,0x1C,0xE7,0x1C,0xE7,0x1C,0xE7,0x1C,0xE7,0x1C,0xE7,0x1C,0xE7,0x1C,
	0xE7,0x1C,0xE7,0x1C,0xE7,0x1C,0xE7,0x1C,0xE7,0x1C,0xE7,0x1C,0xE7,0x1C,0xE7,0x1C,
	0xE7,0x1C,0xE7,0x1C,0xE7,0x1C,0xE7,0x1C,0xE7,0x1C,0x00,0x00,0xEF,0x3D,0x63,0x0C,
	0x4A,0x29,0x63,0x0C,0x63,0x0C,0x63,0x0C,0x63,0x0C,0x63,0x0C,0x63,0x0C,0x63,0x0C,

	0x63,0x0C,0x63,0x0C,0x63,0x0C,0x63,0x0C,0x63,0x0C,0x63,0x0C,0x63,0x0C,0x63,0x0C,
	0x63,0x0C,0x63,0x0C,0x63,0x0C,0x63,0x0C,0x63,0x0C,0x63,0x0C,0x63,0x0C,0x63,0x0C,
	0x00,0x00,0x00,0x00,0x00,0x00,0x00,0x00,0x00,0x00,0x00,0x00,0x00,0x00,0x00,0x00,
	0x00,0x00,0x00,0x00,0x00,0x00,0x00,0x00,0x00,0x00,0x00,0x00,0x00,0x00,0x00,0x00,
	0x00,0x00,0x00,0x00,0x00,0x00,0x00,0x00,0x00,0x00,0x00,0x00,0x00,0x00,0x00,0x00,
	0x4A,0x29,0x00,0x00,0xEF,0x3D,0x00,0x00,0xE7,0x1C,0xE7,0x1C,0xE7,0x1C,0xE7,0x1C,
	0xE7,0x1C,0xE7,0x1C,0xE7,0x1C,0xE7,0x1C,0xE7,0x1C,0xE7,0x1C,0xE7,0x1C,0xE7,0x1C,
	0xE7,0x1C,0xE7,0x1C,0xE7,0x1C,0xE7,0x1C,0xE7,0x1C,0xE7,0x1C,0xE7,0x1C,0xE7,0x1C,

	0xE7,0x1C,0xE7,0x1C,0xE7,0x1C,0xE7,0x1C,0xE7,0x1C,0xE7,0x1C,0xE7,0x1C,0xE7,0x1C,
	0xE7,0x1C,0xE7,0x1C,0xE7,0x1C,0xE7,0x1C,0xE7,0x1C,0xE7,0x1C,0xE7,0x1C,0xE7,0x1C,
	0xE7,0x1C,0xE7,0x1C,0xE7,0x1C,0xE7,0x1C,0xE7,0x1C,0xE7,0x1C,0xE7,0x1C,0xE7,0x1C,
	0xE7,0x1C,0xE7,0x1C,0xE7,0x1C,0xE7,0x1C,0xE7,0x1C,0xE7,0x1C,0xE7,0x1C,0xE7,0x1C,
	0xE7,0x1C,0xE7,0x1C,0xE7,0x1C,0xE7,0x1C,0xE7,0x1C,0xE7,0x1C,0xE7,0x1C,0xE7,0x1C,
	0xE7,0x1C,0xE7,0x1C,0xE7,0x1C,0xE7,0x1C,0xE7,0x1C,0xE7,0x1C,0xE7,0x1C,0xE7,0x1C,
	0xE7,0x1C,0xE7,0x1C,0xE7,0x1C,0xE7,0x1C,0xE7,0x1C,0xE7,0x1C,0xE7,0x1C,0xE7,0x1C,
	0xE7,0x1C,0xE7,0x1C,0xE7,0x1C,0xE7,0x1C,0xE7,0x1C,0xE7,0x1C,0xE7,0x1C,0xE7,0x1C,

	0xE7,0x1C,0xE7,0x1C,0xE7,0x1C,0xE7,0x1C,0xE7,0x1C,0x00,0x00,0xEF,0x3D,0x00,0x00,
	0x4A,0x29,0x00,0x00,0xEF,0x3D,0x00,0x00,0xE7,0x1C,0xE7,0x1C,0xE7,0x1C,0xE7,0x1C,
	0xE7,0x1C,0xE7,0x1C,0xE7,0x1C,0xE7,0x1C,0xE7,0x1C,0xE7,0x1C,0xE7,0x1C,0xE7,0x1C,
	0xE7,0x1C,0xE7,0x1C,0xE7,0x1C,0xE7,0x1C,0xE7,0x1C,0xE7,0x1C,0xE7,0x1C,0xE7,0x1C,
	0xE7,0x1C,0xE7,0x1C,0xE7,0x1C,0xE7,0x1C,0xE7,0x1C,0xE7,0x1C,0xE7,0x1C,0xE7,0x1C,
	0xE7,0x1C,0xE7,0x1C,0xE7,0x1C,0xE7,0x1C,0xE7,0x1C,0xE7,0x1C,0xE7,0x1C,0xE7,0x1C,
	0xE7,0x1C,0xE7,0x1C,0xE7,0x1C,0xE7,0x1C,0xE7,0x1C,0xE7,0x1C,0xE7,0x1C,0xE7,0x1C,
	0xE7,0x1C,0xE7,0x1C,0xE7,0x1C,0xE7,0x1C,0xE7,0x1C,0xE7,0x1C,0xE7,0x1C,0xE7,0x1C,

	0xE7,0x1C,0xE7,0x1C,0xE7,0x1C,0xE7,0x1C,0xE7,0x1C,0xE7,0x1C,0xE7,0x1C,0xE7,0x1C,
	0xE7,0x1C,0xE7,0x1C,0xE7,0x1C,0xE7,0x1C,0xE7,0x1C,0xE7,0x1C,0xE7,0x1C,0xE7,0x1C,
	0xE7,0x1C,0xE7,0x1C,0xE7,0x1C,0xE7,0x1C,0xE7,0x1C,0xE7,0x1C,0xE7,0x1C,0xE7,0x1C,
	0xE7,0x1C,0xE7,0x1C,0xE7,0x1C,0xE7,0x1C,0xE7,0x1C,0xE7,0x1C,0xE7,0x1C,0xE7,0x1C,
	0xE7,0x1C,0xE7,0x1C,0xE7,0x1C,0xE7,0x1C,0xE7,0x1C,0x00,0x00,0xEF,0x3D,0x00,0x00,
	0x4A,0x29,0x00,0x00,0x00,0x00,0x00,0x00,0x00,0x00,0x00,0x00,0x00,0x00,0x00,0x00,
	0x00,0x00,0x00,0x00,0x00,0x00,0x00,0x00,0x00,0x00,0x00,0x00,0x00,0x00,0x00,0x00,
	0x00,0x00,0x00,0x00,0x00,0x00,0x00,0x00,0x00,0x00,0x00,0x00,0x00,0x00,0x00,0x00,

	0x63,0x0C,0x63,0x0C,0x63,0x0C,0x63,0x0C,0x63,0x0C,0x63,0x0C,0x63,0x0C,0x63,0x0C,
	0x63,0x0C,0x63,0x0C,0x63,0x0C,0x63,0x0C,0x63,0x0C,0x63,0x0C,0x63,0x0C,0x63,0x0C,
	0x63,0x0C,0x63,0x0C,0x63,0x0C,0x63,0x0C,0x63,0x0C,0x63,0x0C,0x63,0x0C,0x63,0x0C,
	0x4A,0x29,0x63,0x0C,0xEF,0x3D,0x00,0x00,0xC6,0x18,0xE7,0x1C,0xC6,0x18,0xE7,0x1C,
	0xC6,0x18,0xE7,0x1C,0xC6,0x18,0xE7,0x1C,0xC6,0x18,0xE7,0x1C,0xC6,0x18,0xE7,0x1C,
	0xC6,0x18,0xE7,0x1C,0xC6,0x18,0xE7,0x1C,0xC6,0x18,0xE7,0x1C,0xC6,0x18,0xE7,0x1C,
	0xC6,0x18,0xE7,0x1C,0xC6,0x18,0xE7,0x1C,0xC6,0x18,0xE7,0x1C,0xC6,0x18,0xE7,0x1C,
	0xC6,0x18,0xE7,0x1C,0xC6,0x18,0xE7,0x1C,0xC6,0x18,0xE7,0x1C,0xC6,0x18,0xE7,0x1C,

	0xC6,0x18,0xE7,0x1C,0xC6,0x18,0xE7,0x1C,0xC6,0x18,0xE7,0x1C,0xC6,0x18,0xE7,0x1C,
	0xC6,0x18,0xE7,0x1C,0xC6,0x18,0xE7,0x1C,0xC6,0x18,0xE7,0x1C,0xC6,0x18,0xE7,0x1C,
	0xC6,0x18,0xE7,0x1C,0xC6,0x18,0xE7,0x1C,0xC6,0x18,0xE7,0x1C,0xC6,0x18,0xE7,0x1C,
	0xC6,0x18,0xE7,0x1C,0xC6,0x18,0xE7,0x1C,0xC6,0x18,0xE7,0x1C,0xC6,0x18,0xE7,0x1C,
	0xC6,0x18,0xE7,0x1C,0xC6,0x18,0xE7,0x1C,0xC6,0x18,0xE7,0x1C,0xC6,0x18,0xE7,0x1C,
	0xC6,0x18,0xE7,0x1C,0xC6,0x18,0xE7,0x1C,0xC6,0x18,0xE7,0x1C,0xC6,0x18,0xE7,0x1C,
	0xC6,0x18,0xE7,0x1C,0xC6,0x18,0xE7,0x1C,0xC6,0x18,0x00,0x00,0xEF,0x3D,0x63,0x0C,
	0x4A,0x29,0x63,0x0C,0xEF,0x3D,0x00,0x00,0xC6,0x18,0xE7,0x1C,0xC6,0x18,0xE7,0x1C,

	0xC6,0x18,0xE7,0x1C,0xC6,0x18,0xE7,0x1C,0xC6,0x18,0xE7,0x1C,0xC6,0x18,0xE7,0x1C,
	0xC6,0x18,0xE7,0x1C,0xC6,0x18,0xE7,0x1C,0xC6,0x18,0xE7,0x1C,0xC6,0x18,0xE7,0x1C,
	0xC6,0x18,0xE7,0x1C,0xC6,0x18,0xE7,0x1C,0xC6,0x18,0xE7,0x1C,0xC6,0x18,0xE7,0x1C,
	0xC6,0x18,0xE7,0x1C,0xC6,0x18,0xE7,0x1C,0xC6,0x18,0xE7,0x1C,0xC6,0x18,0xE7,0x1C,
	0xC6,0x18,0xE7,0x1C,0xC6,0x18,0xE7,0x1C,0xC6,0x18,0xE7,0x1C,0xC6,0x18,0xE7,0x1C,
	0xC6,0x18,0xE7,0x1C,0xC6,0x18,0xE7,0x1C,0xC6,0x18,0xE7,0x1C,0xC6,0x18,0xE7,0x1C,
	0xC6,0x18,0xE7,0x1C,0xC6,0x18,0xE7,0x1C,0xC6,0x18,0xE7,0x1C,0xC6,0x18,0xE7,0x1C,
	0xC6,0x18,0xE7,0x1C,0xC6,0x18,0xE7,0x1C,0xC6,0x18,0xE7,0x1C,0xC6,0x18,0xE7,0x1C,

	0xC6,0x18,0xE7,0x1C,0xC6,0x18,0xE7,0x1C,0xC6,0x18,0xE7,0x1C,0xC6,0x18,0xE7,0x1C,
	0xC6,0x18,0xE7,0x1C,0xC6,0x18,0xE7,0x1C,0xC6,0x18,0xE7,0x1C,0xC6,0x18,0xE7,0x1C,
	0xC6,0x18,0xE7,0x1C,0xC6,0x18,0xE7,0x1C,0xC6,0x18,0x00,0x00,0xEF,0x3D,0x63,0x0C,
	0x4A,0x29,0x63,0x0C,0x63,0x0C,0x63,0x0C,0x63,0x0C,0x63,0x0C,0x63,0x0C,0x63,0x0C,
	0x63,0x0C,0x63,0x0C,0x63,0x0C,0x63,0x0C,0x63,0x0C,0x63,0x0C,0x63,0x0C,0x63,0x0C,
	0x63,0x0C,0x63,0x0C,0x63,0x0C,0x63,0x0C,0x63,0x0C,0x63,0x0C,0x63,0x0C,0x63,0x0C,
	0x00,0x00,0x00,0x00,0x00,0x00,0x00,0x00,0x00,0x00,0x00,0x00,0x00,0x00,0x00,0x00,
	0x00,0x00,0x00,0x00,0x00,0x00,0x00,0x00,0x00,0x00,0x00,0x00,0x00,0x00,0x00,0x00,

	0x00,0x00,0x00,0x00,0x00,0x00,0x00,0x00,0x00,0x00,0x00,0x00,0x00,0x00,0x00,0x00,
	0x4A,0x29,0x00,0x00,0xEF,0x3D,0x00,0x00,0xE7,0x1C,0xC6,0x18,0xE7,0x1C,0xC6,0x18,
	0xE7,0x1C,0xC6,0x18,0xE7,0x1C,0xC6,0x18,0xE7,0x1C,0xC6,0x18,0xE7,0x1C,0xC6,0x18,
	0xE7,0x1C,0xC6,0x18,0xE7,0x1C,0xC6,0x18,0xE7,0x1C,0xC6,0x18,0xE7,0x1C,0xC6,0x18,
	0xE7,0x1C,0xC6,0x18,0xE7,0x1C,0xC6,0x18,0xE7,0x1C,0xC6,0x18,0xE7,0x1C,0xC6,0x18,
	0xE7,0x1C,0xC6,0x18,0xE7,0x1C,0xC6,0x18,0xE7,0x1C,0xC6,0x18,0xE7,0x1C,0xC6,0x18,
	0xE7,0x1C,0xC6,0x18,0xE7,0x1C,0xC6,0x18,0xE7,0x1C,0xC6,0x18,0xE7,0x1C,0xC6,0x18,
	0xE7,0x1C,0xC6,0x18,0xE7,0x1C,0xC6,0x18,0xE7,0x1C,0xC6,0x18,0xE7,0x1C,0xC6,0x18,

	0xE7,0x1C,0xC6,0x18,0xE7,0x1C,0xC6,0x18,0xE7,0x1C,0xC6,0x18,0xE7,0x1C,0xC6,0x18,
	0xE7,0x1C,0xC6,0x18,0xE7,0x1C,0xC6,0x18,0xE7,0x1C,0xC6,0x18,0xE7,0x1C,0xC6,0x18,
	0xE7,0x1C,0xC6,0x18,0xE7,0x1C,0xC6,0x18,0xE7,0x1C,0xC6,0x18,0xE7,0x1C,0xC6,0x18,
	0xE7,0x1C,0xC6,0x18,0xE7,0x1C,0xC6,0x18,0xE7,0x1C,0xC6,0x18,0xE7,0x1C,0xC6,0x18,
	0xE7,0x1C,0xC6,0x18,0xE7,0x1C,0xC6,0x18,0xE7,0x1C,0x00,0x00,0xEF,0x3D,0x00,0x00,
	0x4A,0x29,0x00,0x00,0xEF,0x3D,0x00,0x00,0xE7,0x1C,0xC6,0x18,0xE7,0x1C,0xC6,0x18,
	0xE7,0x1C,0xC6,0x18,0xE7,0x1C,0xC6,0x18,0xE7,0x1C,0xC6,0x18,0xE7,0x1C,0xC6,0x18,
	0xE7,0x1C,0xC6,0x18,0xE7,0x1C,0xC6,0x18,0xE7,0x1C,0xC6,0x18,0xE7,0x1C,0xC6,0x18,

	0xE7,0x1C,0xC6,0x18,0xE7,0x1C,0xC6,0x18,0xE7,0x1C,0xC6,0x18,0xE7,0x1C,0xC6,0x18,
	0xE7,0x1C,0xC6,0x18,0xE7,0x1C,0xC6,0x18,0xE7,0x1C,0xC6,0x18,0xE7,0x1C,0xC6,0x18,
	0xE7,0x1C,0xC6,0x18,0xE7,0x1C,0xC6,0x18,0xE7,0x1C,0xC6,0x18,0xE7,0x1C,0xC6,0x18,
	0xE7,0x1C,0xC6,0x18,0xE7,0x1C,0xC6,0x18,0xE7,0x1C,0xC6,0x18,0xE7,0x1C,0xC6,0x18,
	0xE7,0x1C,0xC6,0x18,0xE7,0x1C,0xC6,0x18,0xE7,0x1C,0xC6,0x18,0xE7,0x1C,0xC6,0x18,
	0xE7,0x1C,0xC6,0x18,0xE7,0x1C,0xC6,0x18,0xE7,0x1C,0xC6,0x18,0xE7,0x1C,0xC6,0x18,
	0xE7,0x1C,0xC6,0x18,0xE7,0x1C,0xC6,0x18,0xE7,0x1C,0xC6,0x18,0xE7,0x1C,0xC6,0x18,
	0xE7,0x1C,0xC6,0x18,0xE7,0x1C,0xC6,0x18,0xE7,0x1C,0xC6,0x18,0xE7,0x1C,0xC6,0x18,

	0xE7,0x1C,0xC6,0x18,0xE7,0x1C,0xC6,0x18,0xE7,0x1C,0x00,0x00,0xEF,0x3D,0x00,0x00,
	0x4A,0x29,0x00,0x00,0x00,0x00,0x00,0x00,0x00,0x00,0x00,0x00,0x00,0x00,0x00,0x00,
	0x00,0x00,0x00,0x00,0x00,0x00,0x00,0x00,0x00,0x00,0x00,0x00,0x00,0x00,0x00,0x00,
	0x00,0x00,0x00,0x00,0x00,0x00,0x00,0x00,0x00,0x00,0x00,0x00,0x00,0x00,0x00,0x00,
	0x63,0x0C,0x63,0x0C,0x63,0x0C,0x63,0x0C,0x63,0x0C,0x63,0x0C,0x63,0x0C,0x63,0x0C,
	0x63,0x0C,0x63,0x0C,0x63,0x0C,0x63,0x0C,0x63,0x0C,0x63,0x0C,0x63,0x0C,0x63,0x0C,
	0x63,0x0C,0x63,0x0C,0x63,0x0C,0x63,0x0C,0x63,0x0C,0x63,0x0C,0x63,0x0C,0x63,0x0C,
	0x4A,0x29,0x63,0x0C,0xEF,0x3D,0x00,0x00,0xC6,0x18,0xE7,0x1C,0xC6,0x18,0xE7,0x1C,

	0xC6,0x18,0xE7,0x1C,0xC6,0x18,0xE7,0x1C,0xC6,0x18,0xE7,0x1C,0xC6,0x18,0xE7,0x1C,
	0xC6,0x18,0xE7,0x1C,0xC6,0x18,0xE7,0x1C,0xC6,0x18,0xE7,0x1C,0xC6,0x18,0xE7,0x1C,
	0xC6,0x18,0xE7,0x1C,0xC6,0x18,0xE7,0x1C,0xC6,0x18,0xE7,0x1C,0xC6,0x18,0xE7,0x1C,
	0xC6,0x18,0xE7,0x1C,0xC6,0x18,0xE7,0x1C,0xC6,0x18,0xE7,0x1C,0xC6,0x18,0xE7,0x1C,
	0xC6,0x18,0xE7,0x1C,0xC6,0x18,0xE7,0x1C,0xC6,0x18,0xE7,0x1C,0xC6,0x18,0xE7,0x1C,
	0xC6,0x18,0xE7,0x1C,0xC6,0x18,0xE7,0x1C,0xC6,0x18,0xE7,0x1C,0xC6,0x18,0xE7,0x1C,
	0xC6,0x18,0xE7,0x1C,0xC6,0x18,0xE7,0x1C,0xC6,0x18,0xE7,0x1C,0xC6,0x18,0xE7,0x1C,
	0xC6,0x18,0xE7,0x1C,0xC6,0x18,0xE7,0x1C,0xC6,0x18,0xE7,0x1C,0xC6,0x18,0xE7,0x1C,

	0xC6,0x18,0xE7,0x1C,0xC6,0x18,0xE7,0x1C,0xC6,0x18,0xE7,0x1C,0xC6,0x18,0xE7,0x1C,
	0xC6,0x18,0xE7,0x1C,0xC6,0x18,0xE7,0x1C,0xC6,0x18,0xE7,0x1C,0xC6,0x18,0xE7,0x1C,
	0xC6,0x18,0xE7,0x1C,0xC6,0x18,0xE7,0x1C,0xC6,0x18,0x00,0x00,0xEF,0x3D,0x63,0x0C,
	0x4A,0x29,0x63,0x0C,0xEF,0x3D,0x00,0x00,0xC6,0x18,0xE7,0x1C,0xC6,0x18,0xE7,0x1C,
	0xC6,0x18,0xE7,0x1C,0xC6,0x18,0xE7,0x1C,0xC6,0x18,0xE7,0x1C,0xC6,0x18,0xE7,0x1C,
	0xC6,0x18,0xE7,0x1C,0xC6,0x18,0xE7,0x1C,0xC6,0x18,0xE7,0x1C,0xC6,0x18,0xE7,0x1C,
	0xC6,0x18,0xE7,0x1C,0xC6,0x18,0xE7,0x1C,0xC6,0x18,0xE7,0x1C,0xC6,0x18,0xE7,0x1C,
	0xC6,0x18,0xE7,0x1C,0xC6,0x18,0xE7,0x1C,0xC6,0x18,0xE7,0x1C,0xC6,0x18,0xE7,0x1C,

	0xC6,0x18,0xE7,0x1C,0xC6,0x18,0xE7,0x1C,0xC6,0x18,0xE7,0x1C,0xC6,0x18,0xE7,0x1C,
	0xC6,0x18,0xE7,0x1C,0xC6,0x18,0xE7,0x1C,0xC6,0x18,0xE7,0x1C,0xC6,0x18,0xE7,0x1C,
	0xC6,0x18,0xE7,0x1C,0xC6,0x18,0xE7,0x1C,0xC6,0x18,0xE7,0x1C,0xC6,0x18,0xE7,0x1C,
	0xC6,0x18,0xE7,0x1C,0xC6,0x18,0xE7,0x1C,0xC6,0x18,0xE7,0x1C,0xC6,0x18,0xE7,0x1C,
	0xC6,0x18,0xE7,0x1C,0xC6,0x18,0xE7,0x1C,0xC6,0x18,0xE7,0x1C,0xC6,0x18,0xE7,0x1C,
	0xC6,0x18,0xE7,0x1C,0xC6,0x18,0xE7,0x1C,0xC6,0x18,0xE7,0x1C,0xC6,0x18,0xE7,0x1C,
	0xC6,0x18,0xE7,0x1C,0xC6,0x18,0xE7,0x1C,0xC6,0x18,0x00,0x00,0xEF,0x3D,0x63,0x0C,
	0x4A,0x29,0x63,0x0C,0x63,0x0C,0x63,0x0C,0x63,0x0C,0x63,0x0C,0x63,0x0C,0x63,0x0C,

	0x63,0x0C,0x63,0x0C,0x63,0x0C,0x63,0x0C,0x63,0x0C,0x63,0x0C,0x63,0x0C,0x63,0x0C,
	0x63,0x0C,0x63,0x0C,0x63,0x0C,0x63,0x0C,0x63,0x0C,0x63,0x0C,0x63,0x0C,0x63,0x0C,
	0x00,0x00,0x00,0x00,0x00,0x00,0x00,0x00,0x00,0x00,0x00,0x00,0x00,0x00,0x00,0x00,
	0x00,0x00,0x00,0x00,0x00,0x00,0x00,0x00,0x00,0x00,0x00,0x00,0x00,0x00,0x00,0x00,
	0x00,0x00,0x00,0x00,0x00,0x00,0x00,0x00,0x00,0x00,0x00,0x00,0x00,0x00,0x00,0x00,
	0x4A,0x29,0x00,0x00,0xEF,0x3D,0x00,0x00,0xC6,0x18,0xC6,0x18,0xC6,0x18,0xC6,0x18,
	0xC6,0x18,0xC6,0x18,0xC6,0x18,0xC6,0x18,0xC6,0x18,0xC6,0x18,0xC6,0x18,0xC6,0x18,
	0xC6,0x18,0xC6,0x18,0xC6,0x18,0xC6,0x18,0xC6,0x18,0xC6,0x18,0xC6,0x18,0xC6,0x18,

	0xC6,0x18,0xC6,0x18,0xC6,0x18,0xC6,0x18,0xC6,0x18,0xC6,0x18,0xC6,0x18,0xC6,0x18,
	0xC6,0x18,0xC6,0x18,0xC6,0x18,0xC6,0x18,0xC6,0x18,0xC6,0x18,0xC6,0x18,0xC6,0x18,
	0xC6,0x18,0xC6,0x18,0xC6,0x18,0xC6,0x18,0xC6,0x18,0xC6,0x18,0xC6,0x18,0xC6,0x18,
	0xC6,0x18,0xC6,0x18,0xC6,0x18,0xC6,0x18,0xC6,0x18,0xC6,0x18,0xC6,0x18,0xC6,0x18,
	0xC6,0x18,0xC6,0x18,0xC6,0x18,0xC6,0x18,0xC6,0x18,0xC6,0x18,0xC6,0x18,0xC6,0x18,
	0xC6,0x18,0xC6,0x18,0xC6,0x18,0xC6,0x18,0xC6,0x18,0xC6,0x18,0xC6,0x18,0xC6,0x18,
	0xC6,0x18,0xC6,0x18,0xC6,0x18,0xC6,0x18,0xC6,0x18,0xC6,0x18,0xC6,0x18,0xC6,0x18,
	0xC6,0x18,0xC6,0x18,0xC6,0x18,0xC6,0x18,0xC6,0x18,0xC6,0x18,0xC6,0x18,0xC6,0x18,

	0xC6,0x18,0xC6,0x18,0xC6,0x18,0xC6,0x18,0xC6,0x18,0x00,0x00,0xEF,0x3D,0x00,0x00,
	0x4A,0x29,0x00,0x00,0xEF,0x3D,0x00,0x00,0xC6,0x18,0xC6,0x18,0xC6,0x18,0xC6,0x18,
	0xC6,0x18,0xC6,0x18,0xC6,0x18,0xC6,0x18,0xC6,0x18,0xC6,0x18,0xC6,0x18,0xC6,0x18,
	0xC6,0x18,0xC6,0x18,0xC6,0x18,0xC6,0x18,0xC6,0x18,0xC6,0x18,0xC6,0x18,0xC6,0x18,
	0xC6,0x18,0xC6,0x18,0xC6,0x18,0xC6,0x18,0xC6,0x18,0xC6,0x18,0xC6,0x18,0xC6,0x18,
	0xC6,0x18,0xC6,0x18,0xC6,0x18,0xC6,0x18,0xC6,0x18,0xC6,0x18,0xC6,0x18,0xC6,0x18,
	0xC6,0x18,0xC6,0x18,0xC6,0x18,0xC6,0x18,0xC6,0x18,0xC6,0x18,0xC6,0x18,0xC6,0x18,
	0xC6,0x18,0xC6,0x18,0xC6,0x18,0xC6,0x18,0xC6,0x18,0xC6,0x18,0xC6,0x18,0xC6,0x18,

	0xC6,0x18,0xC6,0x18,0xC6,0x18,0xC6,0x18,0xC6,0x18,0xC6,0x18,0xC6,0x18,0xC6,0x18,
	0xC6,0x18,0xC6,0x18,0xC6,0x18,0xC6,0x18,0xC6,0x18,0xC6,0x18,0xC6,0x18,0xC6,0x18,
	0xC6,0x18,0xC6,0x18,0xC6,0x18,0xC6,0x18,0xC6,0x18,0xC6,0x18,0xC6,0x18,0xC6,0x18,
	0xC6,0x18,0xC6,0x18,0xC6,0x18,0xC6,0x18,0xC6,0x18,0xC6,0x18,0xC6,0x18,0xC6,0x18,
	0xC6,0x18,0xC6,0x18,0xC6,0x18,0xC6,0x18,0xC6,0x18,0x00,0x00,0xEF,0x3D,0x00,0x00,
	0x4A,0x29,0x00,0x00,0x00,0x00,0x00,0x00,0x00,0x00,0x00,0x00,0x00,0x00,0x00,0x00,
	0x00,0x00,0x00,0x00,0x00,0x00,0x00,0x00,0x00,0x00,0x00,0x00,0x00,0x00,0x00,0x00,
	0x00,0x00,0x00,0x00,0x00,0x00,0x00,0x00,0x00,0x00,0x00,0x00,0x00,0x00,0x00,0x00,

	0x63,0x0C,0x63,0x0C,0x63,0x0C,0x63,0x0C,0x63,0x0C,0x63,0x0C,0x63,0x0C,0x63,0x0C,
	0x63,0x0C,0x63,0x0C,0x63,0x0C,0x63,0x0C,0x63,0x0C,0x63,0x0C,0x63,0x0C,0x63,0x0C,
	0x63,0x0C,0x63,0x0C,0x63,0x0C,0x63,0x0C,0x63,0x0C,0x63,0x0C,0x63,0x0C,0x63,0x0C,
	0x4A,0x29,0x63,0x0C,0xEF,0x3D,0x00,0x00,0xC6,0x18,0xC6,0x18,0xC6,0x18,0xC6,0x18,
	0xC6,0x18,0xC6,0x18,0xC6,0x18,0xC6,0x18,0xC6,0x18,0xC6,0x18,0xC6,0x18,0xC6,0x18,
	0xC6,0x18,0xC6,0x18,0xC6,0x18,0xC6,0x18,0xC6,0x18,0xC6,0x18,0xC6,0x18,0xC6,0x18,
	0xC6,0x18,0xC6,0x18,0xC6,0x18,0xC6,0x18,0xC6,0x18,0xC6,0x18,0xC6,0x18,0xC6,0x18,
	0xC6,0x18,0xC6,0x18,0xC6,0x18,0xC6,0x18,0xC6,0x18,0xC6,0x18,0xC6,0x18,0xC6,0x18,

	0xC6,0x18,0xC6,0x18,0xC6,0x18,0xC6,0x18,0xC6,0x18,0xC6,0x18,0xC6,0x18,0xC6,0x18,
	0xC6,0x18,0xC6,0x18,0xC6,0x18,0xC6,0x18,0xC6,0x18,0xC6,0x18,0xC6,0x18,0xC6,0x18,
	0xC6,0x18,0xC6,0x18,0xC6,0x18,0xC6,0x18,0xC6,0x18,0xC6,0x18,0xC6,0x18,0xC6,0x18,
	0xC6,0x18,0xC6,0x18,0xC6,0x18,0xC6,0x18,0xC6,0x18,0xC6,0x18,0xC6,0x18,0xC6,0x18,
	0xC6,0x18,0xC6,0x18,0xC6,0x18,0xC6,0x18,0xC6,0x18,0xC6,0x18,0xC6,0x18,0xC6,0x18,
	0xC6,0x18,0xC6,0x18,0xC6,0x18,0xC6,0x18,0xC6,0x18,0xC6,0x18,0xC6,0x18,0xC6,0x18,
	0xC6,0x18,0xC6,0x18,0xC6,0x18,0xC6,0x18,0xC6,0x18,0x00,0x00,0xEF,0x3D,0x63,0x0C,
	0x4A,0x29,0x63,0x0C,0xEF,0x3D,0x00,0x00,0xC6,0x18,0xC6,0x18,0xC6,0x18,0xC6,0x18,

	0xC6,0x18,0xC6,0x18,0xC6,0x18,0xC6,0x18,0xC6,0x18,0xC6,0x18,0xC6,0x18,0xC6,0x18,
	0xC6,0x18,0xC6,0x18,0xC6,0x18,0xC6,0x18,0xC6,0x18,0xC6,0x18,0xC6,0x18,0xC6,0x18,
	0xC6,0x18,0xC6,0x18,0xC6,0x18,0xC6,0x18,0xC6,0x18,0xC6,0x18,0xC6,0x18,0xC6,0x18,
	0xC6,0x18,0xC6,0x18,0xC6,0x18,0xC6,0x18,0xC6,0x18,0xC6,0x18,0xC6,0x18,0xC6,0x18,
	0xC6,0x18,0xC6,0x18,0xC6,0x18,0xC6,0x18,0xC6,0x18,0xC6,0x18,0xC6,0x18,0xC6,0x18,
	0xC6,0x18,0xC6,0x18,0xC6,0x18,0xC6,0x18,0xC6,0x18,0xC6,0x18,0xC6,0x18,0xC6,0x18,
	0xC6,0x18,0xC6,0x18,0xC6,0x18,0xC6,0x18,0xC6,0x18,0xC6,0x18,0xC6,0x18,0xC6,0x18,
	0xC6,0x18,0xC6,0x18,0xC6,0x18,0xC6,0x18,0xC6,0x18,0xC6,0x18,0xC6,0x18,0xC6,0x18,

	0xC6,0x18,0xC6,0x18,0xC6,0x18,0xC6,0x18,0xC6,0x18,0xC6,0x18,0xC6,0x18,0xC6,0x18,
	0xC6,0x18,0xC6,0x18,0xC6,0x18,0xC6,0x18,0xC6,0x18,0xC6,0x18,0xC6,0x18,0xC6,0x18,
	0xC6,0x18,0xC6,0x18,0xC6,0x18,0xC6,0x18,0xC6,0x18,0x00,0x00,0xEF,0x3D,0x63,0x0C,
	0x4A,0x29,0x63,0x0C,0x63,0x0C,0x63,0x0C,0x63,0x0C,0x63,0x0C,0x63,0x0C,0x63,0x0C,
	0x63,0x0C,0x63,0x0C,0x63,0x0C,0x63,0x0C,0x63,0x0C,0x63,0x0C,0x63,0x0C,0x63,0x0C,
	0x63,0x0C,0x63,0x0C,0x63,0x0C,0x63,0x0C,0x63,0x0C,0x63,0x0C,0x63,0x0C,0x63,0x0C,
	0x00,0x00,0x00,0x00,0x00,0x00,0x00,0x00,0x00,0x00,0x00,0x00,0x00,0x00,0x00,0x00,
	0x00,0x00,0x00,0x00,0x00,0x00,0x00,0x00,0x00,0x00,0x00,0x00,0x00,0x00,0x00,0x00,

	0x00,0x00,0x00,0x00,0x00,0x00,0x00,0x00,0x00,0x00,0x00,0x00,0x00,0x00,0x00,0x00,
	0x4A,0x29,0x00,0x00,0xEF,0x3D,0x00,0x00,0xC6,0x18,0xC6,0x18,0xC6,0x18,0xC6,0x18,
	0xC6,0x18,0xC6,0x18,0xC6,0x18,0xC6,0x18,0xC6,0x18,0xC6,0x18,0xC6,0x18,0xC6,0x18,
	0xC6,0x18,0xC6,0x18,0xC6,0x18,0xC6,0x18,0xC6,0x18,0xC6,0x18,0xC6,0x18,0xC6,0x18,
	0xC6,0x18,0xC6,0x18,0xC6,0x18,0xC6,0x18,0xC6,0x18,0xC6,0x18,0xC6,0x18,0xC6,0x18,
	0xC6,0x18,0xC6,0x18,0xC6,0x18,0xC6,0x18,0xC6,0x18,0xC6,0x18,0xC6,0x18,0xC6,0x18,
	0xC6,0x18,0xC6,0x18,0xC6,0x18,0xC6,0x18,0xC6,0x18,0xC6,0x18,0xC6,0x18,0xC6,0x18,
	0xC6,0x18,0xC6,0x18,0xC6,0x18,0xC6,0x18,0xC6,0x18,0xC6,0x18,0xC6,0x18,0xC6,0x18,

	0xC6,0x18,0xC6,0x18,0xC6,0x18,0xC6,0x18,0xC6,0x18,0xC6,0x18,0xC6,0x18,0xC6,0x18,
	0xC6,0x18,0xC6,0x18,0xC6,0x18,0xC6,0x18,0xC6,0x18,0xC6,0x18,0xC6,0x18,0xC6,0x18,
	0xC6,0x18,0xC6,0x18,0xC6,0x18,0xC6,0x18,0xC6,0x18,0xC6,0x18,0xC6,0x18,0xC6,0x18,
	0xC6,0x18,0xC6,0x18,0xC6,0x18,0xC6,0x18,0xC6,0x18,0xC6,0x18,0xC6,0x18,0xC6,0x18,
	0xC6,0x18,0xC6,0x18,0xC6,0x18,0xC6,0x18,0xC6,0x18,0x00,0x00,0xEF,0x3D,0x00,0x00,
	0x4A,0x29,0x00,0x00,0xEF,0x3D,0x00,0x00,0xC6,0x18,0xC6,0x18,0xC6,0x18,0xC6,0x18,
	0xC6,0x18,0xC6,0x18,0xC6,0x18,0xC6,0x18,0xC6,0x18,0xC6,0x18,0xC6,0x18,0xC6,0x18,
	0xC6,0x18,0xC6,0x18,0xC6,0x18,0xC6,0x18,0xC6,0x18,0xC6,0x18,0xC6,0x18,0xC6,0x18,

	0xC6,0x18,0xC6,0x18,0xC6,0x18,0xC6,0x18,0xC6,0x18,0xC6,0x18,0xC6,0x18,0xC6,0x18,
	0xC6,0x18,0xC6,0x18,0xC6,0x18,0xC6,0x18,0xC6,0x18,0xC6,0x18,0xC6,0x18,0xC6,0x18,
	0xC6,0x18,0xC6,0x18,0xC6,0x18,0xC6,0x18,0xC6,0x18,0xC6,0x18,0xC6,0x18,0xC6,0x18,
	0xC6,0x18,0xC6,0x18,0xC6,0x18,0xC6,0x18,0xC6,0x18,0xC6,0x18,0xC6,0x18,0xC6,0x18,
	0xC6,0x18,0xC6,0x18,0xC6,0x18,0xC6,0x18,0xC6,0x18,0xC6,0x18,0xC6,0x18,0xC6,0x18,
	0xC6,0x18,0xC6,0x18,0xC6,0x18,0xC6,0x18,0xC6,0x18,0xC6,0x18,0xC6,0x18,0xC6,0x18,
	0xC6,0x18,0xC6,0x18,0xC6,0x18,0xC6,0x18,0xC6,0x18,0xC6,0x18,0xC6,0x18,0xC6,0x18,
	0xC6,0x18,0xC6,0x18,0xC6,0x18,0xC6,0x18,0xC6,0x18,0xC6,0x18,0xC6,0x18,0xC6,0x18,

	0xC6,0x18,0xC6,0x18,0xC6,0x18,0xC6,0x18,0xC6,0x18,0x00,0x00,0xEF,0x3D,0x00,0x00,
	0x4A,0x29,0x00,0x00,0x00,0x00,0x00,0x00,0x00,0x00,0x00,0x00,0x00,0x00,0x00,0x00,
	0x00,0x00,0x00,0x00,0x00,0x00,0x00,0x00,0x00,0x00,0x00,0x00,0x00,0x00,0x00,0x00,
	0x00,0x00,0x00,0x00,0x00,0x00,0x00,0x00,0x00,0x00,0x00,0x00,0x00,0x00,0x00,0x00,
	0x63,0x0C,0x63,0x0C,0x63,0x0C,0x63,0x0C,0x63,0x0C,0x63,0x0C,0x63,0x0C,0x63,0x0C,
	0x63,0x0C,0x63,0x0C,0x63,0x0C,0x63,0x0C,0x63,0x0C,0x63,0x0C,0x63,0x0C,0x63,0x0C,
	0x63,0x0C,0x63,0x0C,0x63,0x0C,0x63,0x0C,0x63,0x0C,0x63,0x0C,0x63,0x0C,0x63,0x0C,
	0x4A,0x29,0x63,0x0C,0xEF,0x3D,0x00,0x00,0xC6,0x18,0xC6,0x18,0xC6,0x18,0xC6,0x18,

	0xC6,0x18,0xC6,0x18,0xC6,0x18,0xC6,0x18,0xC6,0x18,0xC6,0x18,0xC6,0x18,0xC6,0x18,
	0xC6,0x18,0xC6,0x18,0xC6,0x18,0xC6,0x18,0xC6,0x18,0xC6,0x18,0xC6,0x18,0xC6,0x18,
	0xC6,0x18,0xC6,0x18,0xC6,0x18,0xC6,0x18,0xC6,0x18,0xC6,0x18,0xC6,0x18,0xC6,0x18,
	0xC6,0x18,0xC6,0x18,0xC6,0x18,0xC6,0x18,0xC6,0x18,0xC6,0x18,0xC6,0x18,0xC6,0x18,
	0xC6,0x18,0xC6,0x18,0xC6,0x18,0xC6,0x18,0xC6,0x18,0xC6,0x18,0xC6,0x18,0xC6,0x18,
	0xC6,0x18,0xC6,0x18,0xC6,0x18,0xC6,0x18,0xC6,0x18,0xC6,0x18,0xC6,0x18,0xC6,0x18,
	0xC6,0x18,0xC6,0x18,0xC6,0x18,0xC6,0x18,0xC6,0x18,0xC6,0x18,0xC6,0x18,0xC6,0x18,
	0xC6,0x18,0xC6,0x18,0xC6,0x18,0xC6,0x18,0xC6,0x18,0xC6,0x18,0xC6,0x18,0xC6,0x18,

	0xC6,0x18,0xC6,0x18,0xC6,0x18,0xC6,0x18,0xC6,0x18,0xC6,0x18,0xC6,0x18,0xC6,0x18,
	0xC6,0x18,0xC6,0x18,0xC6,0x18,0xC6,0x18,0xC6,0x18,0xC6,0x18,0xC6,0x18,0xC6,0x18,
	0xC6,0x18,0xC6,0x18,0xC6,0x18,0xC6,0x18,0xC6,0x18,0x00,0x00,0xEF,0x3D,0x63,0x0C,
	0x4A,0x29,0x63,0x0C,0xEF,0x3D,0x00,0x00,0xC6,0x18,0xC6,0x18,0xC6,0x18,0xC6,0x18,
	0xC6,0x18,0xC6,0x18,0xC6,0x18,0xC6,0x18,0xC6,0x18,0xC6,0x18,0xC6,0x18,0xC6,0x18,
	0xC6,0x18,0xC6,0x18,0xC6,0x18,0xC6,0x18,0xC6,0x18,0xC6,0x18,0xC6,0x18,0xC6,0x18,
	0xC6,0x18,0xC6,0x18,0xC6,0x18,0xC6,0x18,0xC6,0x18,0xC6,0x18,0xC6,0x18,0xC6,0x18,
	0xC6,0x18,0xC6,0x18,0xC6,0x18,0xC6,0x18,0xC6,0x18,0xC6,0x18,0xC6,0x18,0xC6,0x18,

	0xC6,0x18,0xC6,0x18,0xC6,0x18,0xC6,0x18,0xC6,0x18,0xC6,0x18,0xC6,0x18,0xC6,0x18,
	0xC6,0x18,0xC6,0x18,0xC6,0x18,0xC6,0x18,0xC6,0x18,0xC6,0x18,0xC6,0x18,0xC6,0x18,
	0xC6,0x18,0xC6,0x18,0xC6,0x18,0xC6,0x18,0xC6,0x18,0xC6,0x18,0xC6,0x18,0xC6,0x18,
	0xC6,0x18,0xC6,0x18,0xC6,0x18,0xC6,0x18,0xC6,0x18,0xC6,0x18,0xC6,0x18,0xC6,0x18,
	0xC6,0x18,0xC6,0x18,0xC6,0x18,0xC6,0x18,0xC6,0x18,0xC6,0x18,0xC6,0x18,0xC6,0x18,
	0xC6,0x18,0xC6,0x18,0xC6,0x18,0xC6,0x18,0xC6,0x18,0xC6,0x18,0xC6,0x18,0xC6,0x18,
	0xC6,0x18,0xC6,0x18,0xC6,0x18,0xC6,0x18,0xC6,0x18,0x00,0x00,0xEF,0x3D,0x63,0x0C,
	0x4A,0x29,0x63,0x0C,0x63,0x0C,0x63,0x0C,0x63,0x0C,0x63,0x0C,0x63,0x0C,0x63,0x0C,

	0x63,0x0C,0x63,0x0C,0x63,0x0C,0x63,0x0C,0x63,0x0C,0x63,0x0C,0x63,0x0C,0x63,0x0C,
	0x63,0x0C,0x63,0x0C,0x63,0x0C,0x63,0x0C,0x63,0x0C,0x63,0x0C,0x63,0x0C,0x63,0x0C,
	0x00,0x00,0x00,0x00,0x00,0x00,0x00,0x00,0x00,0x00,0x00,0x00,0x00,0x00,0x00,0x00,
	0x00,0x00,0x00,0x00,0x00,0x00,0x00,0x00,0x00,0x00,0x00,0x00,0x00,0x00,0x00,0x00,
	0x00,0x00,0x00,0x00,0x00,0x00,0x00,0x00,0x00,0x00,0x00,0x00,0x00,0x00,0x00,0x00,
	0x4A,0x29,0x00,0x00,0xEF,0x3D,0x00,0x00,0xC6,0x18,0x84,0x10,0xC6,0x18,0x84,0x10,
	0xC6,0x18,0x84,0x10,0xC6,0x18,0x84,0x10,0xC6,0x18,0x84,0x10,0xC6,0x18,0x84,0x10,
	0xC6,0x18,0x84,0x10,0xC6,0x18,0x84,0x10,0xC6,0x18,0x84,0x10,0xC6,0x18,0x84,0x10,

	0xC6,0x18,0x84,0x10,0xC6,0x18,0x84,0x10,0xC6,0x18,0x84,0x10,0xC6,0x18,0x84,0x10,
	0xC6,0x18,0x84,0x10,0xC6,0x18,0x84,0x10,0xC6,0x18,0x84,0x10,0xC6,0x18,0x84,0x10,
	0xC6,0x18,0x84,0x10,0xC6,0x18,0x84,0x10,0xC6,0x18,0x84,0x10,0xC6,0x18,0x84,0x10,
	0xC6,0x18,0x84,0x10,0xC6,0x18,0x84,0x10,0xC6,0x18,0x84,0x10,0xC6,0x18,0x84,0x10,
	0xC6,0x18,0x84,0x10,0xC6,0x18,0x84,0x10,0xC6,0x18,0x84,0x10,0xC6,0x18,0x84,0x10,
	0xC6,0x18,0x84,0x10,0xC6,0x18,0x84,0x10,0xC6,0x18,0x84,0x10,0xC6,0x18,0x84,0x10,
	0xC6,0x18,0x84,0x10,0xC6,0x18,0x84,0x10,0xC6,0x18,0x84,0x10,0xC6,0x18,0x84,0x10,
	0xC6,0x18,0x84,0x10,0xC6,0x18,0x84,0x10,0xC6,0x18,0x84,0x10,0xC6,0x18,0x84,0x10,

	0xC6,0x18,0x84,0x10,0xC6,0x18,0x84,0x10,0xC6,0x18,0x00,0x00,0xEF,0x3D,0x00,0x00,
	0x4A,0x29,0x00,0x00,0xEF,0x3D,0x00,0x00,0xC6,0x18,0x84,0x10,0xC6,0x18,0x84,0x10,
	0xC6,0x18,0x84,0x10,0xC6,0x18,0x84,0x10,0xC6,0x18,0x84,0x10,0xC6,0x18,0x84,0x10,
	0xC6,0x18,0x84,0x10,0xC6,0x18,0x84,0x10,0xC6,0x18,0x84,0x10,0xC6,0x18,0x84,0x10,
	0xC6,0x18,0x84,0x10,0xC6,0x18,0x84,0x10,0xC6,0x18,0x84,0x10,0xC6,0x18,0x84,0x10,
	0xC6,0x18,0x84,0x10,0xC6,0x18,0x84,0x10,0xC6,0x18,0x84,0x10,0xC6,0x18,0x84,0x10,
	0xC6,0x18,0x84,0x10,0xC6,0x18,0x84,0x10,0xC6,0x18,0x84,0x10,0xC6,0x18,0x84,0x10,
	0xC6,0x18,0x84,0x10,0xC6,0x18,0x84,0x10,0xC6,0x18,0x84,0x10,0xC6,0x18,0x84,0x10,

	0xC6,0x18,0x84,0x10,0xC6,0x18,0x84,0x10,0xC6,0x18,0x84,0x10,0xC6,0x18,0x84,0x10,
	0xC6,0x18,0x84,0x10,0xC6,0x18,0x84,0x10,0xC6,0x18,0x84,0x10,0xC6,0x18,0x84,0x10,
	0xC6,0x18,0x84,0x10,0xC6,0x18,0x84,0x10,0xC6,0x18,0x84,0x10,0xC6,0x18,0x84,0x10,
	0xC6,0x18,0x84,0x10,0xC6,0x18,0x84,0x10,0xC6,0x18,0x84,0x10,0xC6,0x18,0x84,0x10,
	0xC6,0x18,0x84,0x10,0xC6,0x18,0x84,0x10,0xC6,0x18,0x00,0x00,0xEF,0x3D,0x00,0x00,
	0x4A,0x29,0x00,0x00,0x00,0x00,0x00,0x00,0x00,0x00,0x00,0x00,0x00,0x00,0x00,0x00,
	0x00,0x00,0x00,0x00,0x00,0x00,0x00,0x00,0x00,0x00,0x00,0x00,0x00,0x00,0x00,0x00,
	0x00,0x00,0x00,0x00,0x00,0x00,0x00,0x00,0x00,0x00,0x00,0x00,0x00,0x00,0x00,0x00,

	0x63,0x0C,0x63,0x0C,0x63,0x0C,0x63,0x0C,0x63,0x0C,0x63,0x0C,0x63,0x0C,0x63,0x0C,
	0x63,0x0C,0x63,0x0C,0x63,0x0C,0x63,0x0C,0x63,0x0C,0x63,0x0C,0x63,0x0C,0x63,0x0C,
	0x63,0x0C,0x63,0x0C,0x63,0x0C,0x63,0x0C,0x63,0x0C,0x63,0x0C,0x63,0x0C,0x63,0x0C,
	0x4A,0x29,0x63,0x0C,0xEF,0x3D,0x00,0x00,0x84,0x10,0xC6,0x18,0x84,0x10,0xC6,0x18,
	0x84,0x10,0xC6,0x18,0x84,0x10,0xC6,0x18,0x84,0x10,0xC6,0x18,0x84,0x10,0xC6,0x18,
	0x84,0x10,0xC6,0x18,0x84,0x10,0xC6,0x18,0x84,0x10,0xC6,0x18,0x84,0x10,0xC6,0x18,
	0x84,0x10,0xC6,0x18,0x84,0x10,0xC6,0x18,0x84,0x10,0xC6,0x18,0x84,0x10,0xC6,0x18,
	0x84,0x10,0xC6,0x18,0x84,0x10,0xC6,0x18,0x84,0x10,0xC6,0x18,0x84,0x10,0xC6,0x18,

	0x84,0x10,0xC6,0x18,0x84,0x10,0xC6,0x18,0x84,0x10,0xC6,0x18,0x84,0x10,0xC6,0x18,
	0x84,0x10,0xC6,0x18,0x84,0x10,0xC6,0x18,0x84,0x10,0xC6,0x18,0x84,0x10,0xC6,0x18,
	0x84,0x10,0xC6,0x18,0x84,0x10,0xC6,0x18,0x84,0x10,0xC6,0x18,0x84,0x10,0xC6,0x18,
	0x84,0x10,0xC6,0x18,0x84,0x10,0xC6,0x18,0x84,0x10,0xC6,0x18,0x84,0x10,0xC6,0x18,
	0x84,0x10,0xC6,0x18,0x84,0x10,0xC6,0x18,0x84,0x10,0xC6,0x18,0x84,0x10,0xC6,0x18,
	0x84,0x10,0xC6,0x18,0x84,0x10,0xC6,0x18,0x84,0x10,0xC6,0x18,0x84,0x10,0xC6,0x18,
	0x84,0x10,0xC6,0x18,0x84,0x10,0xC6,0x18,0x84,0x10,0x00,0x00,0xEF,0x3D,0x63,0x0C,
	0x4A,0x29,0x63,0x0C,0xEF,0x3D,0x00,0x00,0x84,0x10,0xC6,0x18,0x84,0x10,0xC6,0x18,

	0x84,0x10,0xC6,0x18,0x84,0x10,0xC6,0x18,0x84,0x10,0xC6,0x18,0x84,0x10,0xC6,0x18,
	0x84,0x10,0xC6,0x18,0x84,0x10,0xC6,0x18,0x84,0x10,0xC6,0x18,0x84,0x10,0xC6,0x18,
	0x84,0x10,0xC6,0x18,0x84,0x10,0xC6,0x18,0x84,0x10,0xC6,0x18,0x84,0x10,0xC6,0x18,
	0x84,0x10,0xC6,0x18,0x84,0x10,0xC6,0x18,0x84,0x10,0xC6,0x18,0x84,0x10,0xC6,0x18,
	0x84,0x10,0xC6,0x18,0x84,0x10,0xC6,0x18,0x84,0x10,0xC6,0x18,0x84,0x10,0xC6,0x18,
	0x84,0x10,0xC6,0x18,0x84,0x10,0xC6,0x18,0x84,0x10,0xC6,0x18,0x84,0x10,0xC6,0x18,
	0x84,0x10,0xC6,0x18,0x84,0x10,0xC6,0x18,0x84,0x10,0xC6,0x18,0x84,0x10,0xC6,0x18,
	0x84,0x10,0xC6,0x18,0x84,0x10,0xC6,0x18,0x84,0x10,0xC6,0x18,0x84,0x10,0xC6,0x18,

	0x84,0x10,0xC6,0x18,0x84,0x10,0xC6,0x18,0x84,0x10,0xC6,0x18,0x84,0x10,0xC6,0x18,
	0x84,0x10,0xC6,0x18,0x84,0x10,0xC6,0x18,0x84,0x10,0xC6,0x18,0x84,0x10,0xC6,0x18,
	0x84,0x10,0xC6,0x18,0x84,0x10,0xC6,0x18,0x84,0x10,0x00,0x00,0xEF,0x3D,0x63,0x0C,
	0x4A,0x29,0x63,0x0C,0x63,0x0C,0x63,0x0C,0x63,0x0C,0x63,0x0C,0x63,0x0C,0x63,0x0C,
	0x63,0x0C,0x63,0x0C,0x63,0x0C,0x63,0x0C,0x63,0x0C,0x63,0x0C,0x63,0x0C,0x63,0x0C,
	0x63,0x0C,0x63,0x0C,0x63,0x0C,0x63,0x0C,0x63,0x0C,0x63,0x0C,0x63,0x0C,0x63,0x0C,
	0x00,0x00,0x00,0x00,0x00,0x00,0x00,0x00,0x00,0x00,0x00,0x00,0x00,0x00,0x00,0x00,
	0x00,0x00,0x00,0x00,0x00,0x00,0x00,0x00,0x00,0x00,0x00,0x00,0x00,0x00,0x00,0x00,

	0x00,0x00,0x00,0x00,0x00,0x00,0x00,0x00,0x00,0x00,0x00,0x00,0x00,0x00,0x00,0x00,
	0x4A,0x29,0x00,0x00,0xEF,0x3D,0x00,0x00,0xC6,0x18,0x84,0x10,0xC6,0x18,0x84,0x10,
	0xC6,0x18,0x84,0x10,0xC6,0x18,0x84,0x10,0xC6,0x18,0x84,0x10,0xC6,0x18,0x84,0x10,
	0xC6,0x18,0x84,0x10,0xC6,0x18,0x84,0x10,0xC6,0x18,0x84,0x10,0xC6,0x18,0x84,0x10,
	0xC6,0x18,0x84,0x10,0xC6,0x18,0x84,0x10,0xC6,0x18,0x84,0x10,0xC6,0x18,0x84,0x10,
	0xC6,0x18,0x84,0x10,0xC6,0x18,0x84,0x10,0xC6,0x18,0x84,0x10,0xC6,0x18,0x84,0x10,
	0xC6,0x18,0x84,0x10,0xC6,0x18,0x84,0x10,0xC6,0x18,0x84,0x10,0xC6,0x18,0x84,0x10,
	0xC6,0x18,0x84,0x10,0xC6,0x18,0x84,0x10,0xC6,0x18,0x84,0x10,0xC6,0x18,0x84,0x10,

	0xC6,0x18,0x84,0x10,0xC6,0x18,0x84,0x10,0xC6,0x18,0x84,0x10,0xC6,0x18,0x84,0x10,
	0xC6,0x18,0x84,0x10,0xC6,0x18,0x84,0x10,0xC6,0x18,0x84,0x10,0xC6,0x18,0x84,0x10,
	0xC6,0x18,0x84,0x10,0xC6,0x18,0x84,0x10,0xC6,0x18,0x84,0x10,0xC6,0x18,0x84,0x10,
	0xC6,0x18,0x84,0x10,0xC6,0x18,0x84,0x10,0xC6,0x18,0x84,0x10,0xC6,0x18,0x84,0x10,
	0xC6,0x18,0x84,0x10,0xC6,0x18,0x84,0x10,0xC6,0x18,0x00,0x00,0xEF,0x3D,0x00,0x00,
	0x4A,0x29,0x00,0x00,0xEF,0x3D,0x00,0x00,0xC6,0x18,0x84,0x10,0xC6,0x18,0x84,0x10,
	0xC6,0x18,0x84,0x10,0xC6,0x18,0x84,0x10,0xC6,0x18,0x84,0x10,0xC6,0x18,0x84,0x10,
	0xC6,0x18,0x84,0x10,0xC6,0x18,0x84,0x10,0xC6,0x18,0x84,0x10,0xC6,0x18,0x84,0x10,

	0xC6,0x18,0x84,0x10,0xC6,0x18,0x84,0x10,0xC6,0x18,0x84,0x10,0xC6,0x18,0x84,0x10,
	0xC6,0x18,0x84,0x10,0xC6,0x18,0x84,0x10,0xC6,0x18,0x84,0x10,0xC6,0x18,0x84,0x10,
	0xC6,0x18,0x84,0x10,0xC6,0x18,0x84,0x10,0xC6,0x18,0x84,0x10,0xC6,0x18,0x84,0x10,
	0xC6,0x18,0x84,0x10,0xC6,0x18,0x84,0x10,0xC6,0x18,0x84,0x10,0xC6,0x18,0x84,0x10,
	0xC6,0x18,0x84,0x10,0xC6,0x18,0x84,0x10,0xC6,0x18,0x84,0x10,0xC6,0x18,0x84,0x10,
	0xC6,0x18,0x84,0x10,0xC6,0x18,0x84,0x10,0xC6,0x18,0x84,0x10,0xC6,0x18,0x84,0x10,
	0xC6,0x18,0x84,0x10,0xC6,0x18,0x84,0x10,0xC6,0x18,0x84,0x10,0xC6,0x18,0x84,0x10,
	0xC6,0x18,0x84,0x10,0xC6,0x18,0x84,0x10,0xC6,0x18,0x84,0x10,0xC6,0x18,0x84,0x10,

	0xC6,0x18,0x84,0x10,0xC6,0x18,0x84,0x10,0xC6,0x18,0x00,0x00,0xEF,0x3D,0x00,0x00,
	0x4A,0x29,0x00,0x00,0x00,0x00,0x00,0x00,0x00,0x00,0x00,0x00,0x00,0x00,0x00,0x00,
	0x00,0x00,0x00,0x00,0x00,0x00,0x00,0x00,0x00,0x00,0x00,0x00,0x00,0x00,0x00,0x00,
	0x00,0x00,0x00,0x00,0x00,0x00,0x00,0x00,0x00,0x00,0x00,0x00,0x00,0x00,0x00,0x00,
	0x63,0x0C,0x63,0x0C,0x63,0x0C,0x63,0x0C,0x63,0x0C,0x63,0x0C,0x63,0x0C,0x63,0x0C,
	0x63,0x0C,0x63,0x0C,0x63,0x0C,0x63,0x0C,0x63,0x0C,0x63,0x0C,0x63,0x0C,0x63,0x0C,
	0x63,0x0C,0x63,0x0C,0x63,0x0C,0x63,0x0C,0x63,0x0C,0x63,0x0C,0x63,0x0C,0x63,0x0C,
	0x4A,0x29,0x63,0x0C,0xEF,0x3D,0x00,0x00,0x84,0x10,0x84,0x10,0x84,0x10,0x84,0x10,

	0x84,0x10,0x84,0x10,0x84,0x10,0x84,0x10,0x84,0x10,0x84,0x10,0x84,0x10,0x84,0x10,
	0x84,0x10,0x84,0x10,0x84,0x10,0x84,0x10,0x84,0x10,0x84,0x10,0x84,0x10,0x84,0x10,
	0x84,0x10,0x84,0x10,0x84,0x10,0x84,0x10,0x84,0x10,0x84,0x10,0x84,0x10,0x84,0x10,
	0x84,0x10,0x84,0x10,0x84,0x10,0x84,0x10,0x84,0x10,0x84,0x10,0x84,0x10,0x84,0x10,
	0x84,0x10,0x84,0x10,0x84,0x10,0x84,0x10,0x84,0x10,0x84,0x10,0x84,0x10,0x84,0x10,
	0x84,0x10,0x84,0x10,0x84,0x10,0x84,0x10,0x84,0x10,0x84,0x10,0x84,0x10,0x84,0x10,
	0x84,0x10,0x84,0x10,0x84,0x10,0x84,0x10,0x84,0x10,0x84,0x10,0x84,0x10,0x84,0x10,
	0x84,0x10,0x84,0x10,0x84,0x10,0x84,0x10,0x84,0x10,0x84,0x10,0x84,0x10,0x84,0x10,

	0x84,0x10,0x84,0x10,0x84,0x10,0x84,0x10,0x84,0x10,0x84,0x10,0x84,0x10,0x84,0x10,
	0x84,0x10,0x84,0x10,0x84,0x10,0x84,0x10,0x84,0x10,0x84,0x10,0x84,0x10,0x84,0x10,
	0x84,0x10,0x84,0x10,0x84,0x10,0x84,0x10,0x84,0x10,0x00,0x00,0xEF,0x3D,0x63,0x0C,
	0x4A,0x29,0x63,0x0C,0xEF,0x3D,0x00,0x00,0x84,0x10,0x84,0x10,0x84,0x10,0x84,0x10,
	0x84,0x10,0x84,0x10,0x84,0x10,0x84,0x10,0x84,0x10,0x84,0x10,0x84,0x10,0x84,0x10,
	0x84,0x10,0x84,0x10,0x84,0x10,0x84,0x10,0x84,0x10,0x84,0x10,0x84,0x10,0x84,0x10,
	0x84,0x10,0x84,0x10,0x84,0x10,0x84,0x10,0x84,0x10,0x84,0x10,0x84,0x10,0x84,0x10,
	0x84,0x10,0x84,0x10,0x84,0x10,0x84,0x10,0x84,0x10,0x84,0x10,0x84,0x10,0x84,0x10,

	0x84,0x10,0x84,0x10,0x84,0x10,0x84,0x10,0x84,0x10,0x84,0x10,0x84,0x10,0x84,0x10,
	0x84,0x10,0x84,0x10,0x84,0x10,0x84,0x10,0x84,0x10,0x84,0x10,0x84,0x10,0x84,0x10,
	0x84,0x10,0x84,0x10,0x84,0x10,0x84,0x10,0x84,0x10,0x84,0x10,0x84,0x10,0x84,0x10,
	0x84,0x10,0x84,0x10,0x84,0x10,0x84,0x10,0x84,0x10,0x84,0x10,0x84,0x10,0x84,0x10,
	0x84,0x10,0x84,0x10,0x84,0x10,0x84,0x10,0x84,0x10,0x84,0x10,0x84,0x10,0x84,0x10,
	0x84,0x10,0x84,0x10,0x84,0x10,0x84,0x10,0x84,0x10,0x84,0x10,0x84,0x10,0x84,0x10,
	0x84,0x10,0x84,0x10,0x84,0x10,0x84,0x10,0x84,0x10,0x00,0x00,0xEF,0x3D,0x63,0x0C,
	0x4A,0x29,0x63,0x0C,0x63,0x0C,0x63,0x0C,0x63,0x0C,0x63,0x0C,0x63,0x0C,0x63,0x0C,

	0x63,0x0C,0x63,0x0C,0x63,0x0C,0x63,0x0C,0x63,0x0C,0x63,0x0C,0x63,0x0C,0x63,0x0C,
	0x63,0x0C,0x63,0x0C,0x63,0x0C,0x63,0x0C,0x63,0x0C,0x63,0x0C,0x63,0x0C,0x63,0x0C,
	0x00,0x00,0x00,0x00,0x00,0x00,0x00,0x00,0x00,0x00,0x00,0x00,0x00,0x00,0x00,0x00,
	0x00,0x00,0x00,0x00,0x00,0x00,0x00,0x00,0x00,0x00,0x00,0x00,0x00,0x00,0x00,0x00,
	0x00,0x00,0x00,0x00,0x00,0x00,0x00,0x00,0x00,0x00,0x00,0x00,0x00,0x00,0x00,0x00,
	0x4A,0x29,0x00,0x00,0xEF,0x3D,0x00,0x00,0x84,0x10,0x84,0x10,0x84,0x10,0x84,0x10,
	0x84,0x10,0x84,0x10,0x84,0x10,0x84,0x10,0x84,0x10,0x84,0x10,0x84,0x10,0x84,0x10,
	0x84,0x10,0x84,0x10,0x84,0x10,0x84,0x10,0x84,0x10,0x84,0x10,0x84,0x10,0x84,0x10,

	0x84,0x10,0x84,0x10,0x84,0x10,0x84,0x10,0x84,0x10,0x84,0x10,0x84,0x10,0x84,0x10,
	0x84,0x10,0x84,0x10,0x84,0x10,0x84,0x10,0x84,0x10,0x84,0x10,0x84,0x10,0x84,0x10,
	0x84,0x10,0x84,0x10,0x84,0x10,0x84,0x10,0x84,0x10,0x84,0x10,0x84,0x10,0x84,0x10,
	0x84,0x10,0x84,0x10,0x84,0x10,0x84,0x10,0x84,0x10,0x84,0x10,0x84,0x10,0x84,0x10,
	0x84,0x10,0x84,0x10,0x84,0x10,0x84,0x10,0x84,0x10,0x84,0x10,0x84,0x10,0x84,0x10,
	0x84,0x10,0x84,0x10,0x84,0x10,0x84,0x10,0x84,0x10,0x84,0x10,0x84,0x10,0x84,0x10,
	0x84,0x10,0x84,0x10,0x84,0x10,0x84,0x10,0x84,0x10,0x84,0x10,0x84,0x10,0x84,0x10,
	0x84,0x10,0x84,0x10,0x84,0x10,0x84,0x10,0x84,0x10,0x84,0x10,0x84,0x10,0x84,0x10,

	0x84,0x10,0x84,0x10,0x84,0x10,0x84,0x10,0x84,0x10,0x00,0x00,0xEF,0x3D,0x00,0x00,
	0x4A,0x29,0x00,0x00,0xEF,0x3D,0x00,0x00,0x84,0x10,0x84,0x10,0x84,0x10,0x84,0x10,
	0x84,0x10,0x84,0x10,0x84,0x10,0x84,0x10,0x84,0x10,0x84,0x10,0x84,0x10,0x84,0x10,
	0x84,0x10,0x84,0x10,0x84,0x10,0x84,0x10,0x84,0x10,0x84,0x10,0x84,0x10,0x84,0x10,
	0x84,0x10,0x84,0x10,0x84,0x10,0x84,0x10,0x84,0x10,0x84,0x10,0x84,0x10,0x84,0x10,
	0x84,0x10,0x84,0x10,0x84,0x10,0x84,0x10,0x84,0x10,0x84,0x10,0x84,0x10,0x84,0x10,
	0x84,0x10,0x84,0x10,0x84,0x10,0x84,0x10,0x84,0x10,0x84,0x10,0x84,0x10,0x84,0x10,
	0x84,0x10,0x84,0x10,0x84,0x10,0x84,0x10,0x84,0x10,0x84,0x10,0x84,0x10,0x84,0x10,

	0x84,0x10,0x84,0x10,0x84,0x10,0x84,0x10,0x84,0x10,0x84,0x10,0x84,0x10,0x84,0x10,
	0x84,0x10,0x84,0x10,0x84,0x10,0x84,0x10,0x84,0x10,0x84,0x10,0x84,0x10,0x84,0x10,
	0x84,0x10,0x84,0x10,0x84,0x10,0x84,0x10,0x84,0x10,0x84,0x10,0x84,0x10,0x84,0x10,
	0x84,0x10,0x84,0x10,0x84,0x10,0x84,0x10,0x84,0x10,0x84,0x10,0x84,0x10,0x84,0x10,
	0x84,0x10,0x84,0x10,0x84,0x10,0x84,0x10,0x84,0x10,0x00,0x00,0xEF,0x3D,0x00,0x00,
	0x4A,0x29,0x00,0x00,0x00,0x00,0x00,0x00,0x00,0x00,0x00,0x00,0x00,0x00,0x00,0x00,
	0x00,0x00,0x00,0x00,0x00,0x00,0x00,0x00,0x00,0x00,0x00,0x00,0x00,0x00,0x00,0x00,
	0x00,0x00,0x00,0x00,0x00,0x00,0x00,0x00,0x00,0x00,0x00,0x00,0x00,0x00,0x00,0x00,

	0x63,0x0C,0x63,0x0C,0x63,0x0C,0x63,0x0C,0x63,0x0C,0x63,0x0C,0x63,0x0C,0x63,0x0C,
	0x63,0x0C,0x63,0x0C,0x63,0x0C,0x63,0x0C,0x63,0x0C,0x63,0x0C,0x63,0x0C,0x63,0x0C,
	0x63,0x0C,0x63,0x0C,0x63,0x0C,0x63,0x0C,0x63,0x0C,0x63,0x0C,0x63,0x0C,0x63,0x0C,
	0x4A,0x29,0x63,0x0C,0xEF,0x3D,0x00,0x00,0x84,0x10,0x84,0x10,0x84,0x10,0x84,0x10,
	0x84,0x10,0x84,0x10,0x84,0x10,0x84,0x10,0x84,0x10,0x84,0x10,0x84,0x10,0x84,0x10,
	0x84,0x10,0x84,0x10,0x84,0x10,0x84,0x10,0x84,0x10,0x84,0x10,0x84,0x10,0x84,0x10,
	0x84,0x10,0x84,0x10,0x84,0x10,0x84,0x10,0x84,0x10,0x84,0x10,0x84,0x10,0x84,0x10,
	0x84,0x10,0x84,0x10,0x84,0x10,0x84,0x10,0x84,0x10,0x84,0x10,0x84,0x10,0x84,0x10,

	0x84,0x10,0x84,0x10,0x84,0x10,0x84,0x10,0x84,0x10,0x84,0x10,0x84,0x10,0x84,0x10,
	0x84,0x10,0x84,0x10,0x84,0x10,0x84,0x10,0x84,0x10,0x84,0x10,0x84,0x10,0x84,0x10,
	0x84,0x10,0x84,0x10,0x84,0x10,0x84,0x10,0x84,0x10,0x84,0x10,0x84,0x10,0x84,0x10,
	0x84,0x10,0x84,0x10,0x84,0x10,0x84,0x10,0x84,0x10,0x84,0x10,0x84,0x10,0x84,0x10,
	0x84,0x10,0x84,0x10,0x84,0x10,0x84,0x10,0x84,0x10,0x84,0x10,0x84,0x10,0x84,0x10,
	0x84,0x10,0x84,0x10,0x84,0x10,0x84,0x10,0x84,0x10,0x84,0x10,0x84,0x10,0x84,0x10,
	0x84,0x10,0x84,0x10,0x84,0x10,0x84,0x10,0x84,0x10,0x00,0x00,0xEF,0x3D,0x63,0x0C,
	0x4A,0x29,0x63,0x0C,0xEF,0x3D,0x00,0x00,0x84,0x10,0x84,0x10,0x84,0x10,0x84,0x10,

	0x84,0x10,0x84,0x10,0x84,0x10,0x84,0x10,0x84,0x10,0x84,0x10,0x84,0x10,0x84,0x10,
	0x84,0x10,0x84,0x10,0x84,0x10,0x84,0x10,0x84,0x10,0x84,0x10,0x84,0x10,0x84,0x10,
	0x84,0x10,0x84,0x10,0x84,0x10,0x84,0x10,0x84,0x10,0x84,0x10,0x84,0x10,0x84,0x10,
	0x84,0x10,0x84,0x10,0x84,0x10,0x84,0x10,0x84,0x10,0x84,0x10,0x84,0x10,0x84,0x10,
	0x84,0x10,0x84,0x10,0x84,0x10,0x84,0x10,0x84,0x10,0x84,0x10,0x84,0x10,0x84,0x10,
	0x84,0x10,0x84,0x10,0x84,0x10,0x84,0x10,0x84,0x10,0x84,0x10,0x84,0x10,0x84,0x10,
	0x84,0x10,0x84,0x10,0x84,0x10,0x84,0x10,0x84,0x10,0x84,0x10,0x84,0x10,0x84,0x10,
	0x84,0x10,0x84,0x10,0x84,0x10,0x84,0x10,0x84,0x10,0x84,0x10,0x84,0x10,0x84,0x10,

	0x84,0x10,0x84,0x10,0x84,0x10,0x84,0x10,0x84,0x10,0x84,0x10,0x84,0x10,0x84,0x10,
	0x84,0x10,0x84,0x10,0x84,0x10,0x84,0x10,0x84,0x10,0x84,0x10,0x84,0x10,0x84,0x10,
	0x84,0x10,0x84,0x10,0x84,0x10,0x84,0x10,0x84,0x10,0x00,0x00,0xEF,0x3D,0x63,0x0C,
	0x4A,0x29,0x63,0x0C,0x63,0x0C,0x63,0x0C,0x63,0x0C,0x63,0x0C,0x63,0x0C,0x63,0x0C,
	0x63,0x0C,0x63,0x0C,0x63,0x0C,0x63,0x0C,0x63,0x0C,0x63,0x0C,0x63,0x0C,0x63,0x0C,
	0x63,0x0C,0x63,0x0C,0x63,0x0C,0x63,0x0C,0x63,0x0C,0x63,0x0C,0x63,0x0C,0x63,0x0C,
	0x00,0x00,0x00,0x00,0x00,0x00,0x00,0x00,0x00,0x00,0x00,0x00,0x00,0x00,0x00,0x00,
	0x00,0x00,0x00,0x00,0x00,0x00,0x00,0x00,0x00,0x00,0x00,0x00,0x00,0x00,0x00,0x00,

	0x00,0x00,0x00,0x00,0x00,0x00,0x00,0x00,0x00,0x00,0x00,0x00,0x00,0x00,0x00,0x00,
	0x4A,0x29,0x00,0x00,0xEF,0x3D,0x00,0x00,0x84,0x10,0x84,0x10,0x84,0x10,0x84,0x10,
	0x84,0x10,0x84,0x10,0x84,0x10,0x84,0x10,0x84,0x10,0x84,0x10,0x84,0x10,0x84,0x10,
	0x84,0x10,0x84,0x10,0x84,0x10,0x84,0x10,0x84,0x10,0x84,0x10,0x84,0x10,0x84,0x10,
	0x84,0x10,0x84,0x10,0x84,0x10,0x84,0x10,0x84,0x10,0x84,0x10,0x84,0x10,0x84,0x10,
	0x84,0x10,0x84,0x10,0x84,0x10,0x84,0x10,0x84,0x10,0x84,0x10,0x84,0x10,0x84,0x10,
	0x84,0x10,0x84,0x10,0x84,0x10,0x84,0x10,0x84,0x10,0x84,0x10,0x84,0x10,0x84,0x10,
	0x84,0x10,0x84,0x10,0x84,0x10,0x84,0x10,0x84,0x10,0x84,0x10,0x84,0x10,0x84,0x10,

	0x84,0x10,0x84,0x10,0x84,0x10,0x84,0x10,0x84,0x10,0x84,0x10,0x84,0x10,0x84,0x10,
	0x84,0x10,0x84,0x10,0x84,0x10,0x84,0x10,0x84,0x10,0x84,0x10,0x84,0x10,0x84,0x10,
	0x84,0x10,0x84,0x10,0x84,0x10,0x84,0x10,0x84,0x10,0x84,0x10,0x84,0x10,0x84,0x10,
	0x84,0x10,0x84,0x10,0x84,0x10,0x84,0x10,0x84,0x10,0x84,0x10,0x84,0x10,0x84,0x10,
	0x84,0x10,0x84,0x10,0x84,0x10,0x84,0x10,0x84,0x10,0x00,0x00,0xEF,0x3D,0x00,0x00,
	0x4A,0x29,0x00,0x00,0xEF,0x3D,0x00,0x00,0x84,0x10,0x84,0x10,0x84,0x10,0x84,0x10,
	0x84,0x10,0x84,0x10,0x84,0x10,0x84,0x10,0x84,0x10,0x84,0x10,0x84,0x10,0x84,0x10,
	0x84,0x10,0x84,0x10,0x84,0x10,0x84,0x10,0x84,0x10,0x84,0x10,0x84,0x10,0x84,0x10,

	0x84,0x10,0x84,0x10,0x84,0x10,0x84,0x10,0x84,0x10,0x84,0x10,0x84,0x10,0x84,0x10,
	0x84,0x10,0x84,0x10,0x84,0x10,0x84,0x10,0x84,0x10,0x84,0x10,0x84,0x10,0x84,0x10,
	0x84,0x10,0x84,0x10,0x84,0x10,0x84,0x10,0x84,0x10,0x84,0x10,0x84,0x10,0x84,0x10,
	0x84,0x10,0x84,0x10,0x84,0x10,0x84,0x10,0x84,0x10,0x84,0x10,0x84,0x10,0x84,0x10,
	0x84,0x10,0x84,0x10,0x84,0x10,0x84,0x10,0x84,0x10,0x84,0x10,0x84,0x10,0x84,0x10,
	0x84,0x10,0x84,0x10,0x84,0x10,0x84,0x10,0x84,0x10,0x84,0x10,0x84,0x10,0x84,0x10,
	0x84,0x10,0x84,0x10,0x84,0x10,0x84,0x10,0x84,0x10,0x84,0x10,0x84,0x10,0x84,0x10,
	0x84,0x10,0x84,0x10,0x84,0x10,0x84,0x10,0x84,0x10,0x84,0x10,0x84,0x10,0x84,0x10,

	0x84,0x10,0x84,0x10,0x84,0x10,0x84,0x10,0x84,0x10,0x00,0x00,0xEF,0x3D,0x00,0x00,
	0x4A,0x29,0x00,0x00,0x00,0x00,0x00,0x00,0x00,0x00,0x00,0x00,0x00,0x00,0x00,0x00,
	0x00,0x00,0x00,0x00,0x00,0x00,0x00,0x00,0x00,0x00,0x00,0x00,0x00,0x00,0x00,0x00,
	0x00,0x00,0x00,0x00,0x00,0x00,0x00,0x00,0x00,0x00,0x00,0x00,0x00,0x00,0x00,0x00,
	0x63,0x0C,0x63,0x0C,0x63,0x0C,0x63,0x0C,0x63,0x0C,0x63,0x0C,0x63,0x0C,0x63,0x0C,
	0x63,0x0C,0x63,0x0C,0x63,0x0C,0x63,0x0C,0x63,0x0C,0x63,0x0C,0x63,0x0C,0x63,0x0C,
	0x63,0x0C,0x63,0x0C,0x63,0x0C,0x63,0x0C,0x63,0x0C,0x63,0x0C,0x63,0x0C,0x63,0x0C,
	0x4A,0x29,0x63,0x0C,0xEF,0x3D,0x00,0x00,0x84,0x10,0x84,0x10,0x84,0x10,0x84,0x10,

	0x84,0x10,0x84,0x10,0x84,0x10,0x84,0x10,0x84,0x10,0x84,0x10,0x84,0x10,0x84,0x10,
	0x84,0x10,0x84,0x10,0x84,0x10,0x84,0x10,0x84,0x10,0x84,0x10,0x84,0x10,0x84,0x10,
	0x84,0x10,0x84,0x10,0x84,0x10,0x84,0x10,0x84,0x10,0x84,0x10,0x84,0x10,0x84,0x10,
	0x84,0x10,0x84,0x10,0x84,0x10,0x84,0x10,0x84,0x10,0x84,0x10,0x84,0x10,0x84,0x10,
	0x84,0x10,0x84,0x10,0x84,0x10,0x84,0x10,0x84,0x10,0x84,0x10,0x84,0x10,0x84,0x10,
	0x84,0x10,0x84,0x10,0x84,0x10,0x84,0x10,0x84,0x10,0x84,0x10,0x84,0x10,0x84,0x10,
	0x84,0x10,0x84,0x10,0x84,0x10,0x84,0x10,0x84,0x10,0x84,0x10,0x84,0x10,0x84,0x10,
	0x84,0x10,0x84,0x10,0x84,0x10,0x84,0x10,0x84,0x10,0x84,0x10,0x84,0x10,0x84,0x10,

	0x84,0x10,0x84,0x10,0x84,0x10,0x84,0x10,0x84,0x10,0x84,0x10,0x84,0x10,0x84,0x10,
	0x84,0x10,0x84,0x10,0x84,0x10,0x84,0x10,0x84,0x10,0x84,0x10,0x84,0x10,0x84,0x10,
	0x84,0x10,0x84,0x10,0x84,0x10,0x84,0x10,0x84,0x10,0x00,0x00,0xEF,0x3D,0x63,0x0C,
	0x4A,0x29,0x63,0x0C,0xEF,0x3D,0x00,0x00,0x84,0x10,0x84,0x10,0x84,0x10,0x84,0x10,
	0x84,0x10,0x84,0x10,0x84,0x10,0x84,0x10,0x84,0x10,0x84,0x10,0x84,0x10,0x84,0x10,
	0x84,0x10,0x84,0x10,0x84,0x10,0x84,0x10,0x84,0x10,0x84,0x10,0x84,0x10,0x84,0x10,
	0x84,0x10,0x84,0x10,0x84,0x10,0x84,0x10,0x84,0x10,0x84,0x10,0x84,0x10,0x84,0x10,
	0x84,0x10,0x84,0x10,0x84,0x10,0x84,0x10,0x84,0x10,0x84,0x10,0x84,0x10,0x84,0x10,

	0x84,0x10,0x84,0x10,0x84,0x10,0x84,0x10,0x84,0x10,0x84,0x10,0x84,0x10,0x84,0x10,
	0x84,0x10,0x84,0x10,0x84,0x10,0x84,0x10,0x84,0x10,0x84,0x10,0x84,0x10,0x84,0x10,
	0x84,0x10,0x84,0x10,0x84,0x10,0x84,0x10,0x84,0x10,0x84,0x10,0x84,0x10,0x84,0x10,
	0x84,0x10,0x84,0x10,0x84,0x10,0x84,0x10,0x84,0x10,0x84,0x10,0x84,0x10,0x84,0x10,
	0x84,0x10,0x84,0x10,0x84,0x10,0x84,0x10,0x84,0x10,0x84,0x10,0x84,0x10,0x84,0x10,
	0x84,0x10,0x84,0x10,0x84,0x10,0x84,0x10,0x84,0x10,0x84,0x10,0x84,0x10,0x84,0x10,
	0x84,0x10,0x84,0x10,0x84,0x10,0x84,0x10,0x84,0x10,0x00,0x00,0xEF,0x3D,0x63,0x0C,
	0x4A,0x29,0x63,0x0C,0x63,0x0C,0x63,0x0C,0x63,0x0C,0x63,0x0C,0x63,0x0C,0x63,0x0C,

	0x63,0x0C,0x63,0x0C,0x63,0x0C,0x63,0x0C,0x63,0x0C,0x63,0x0C,0x63,0x0C,0x63,0x0C,
	0x63,0x0C,0x63,0x0C,0x63,0x0C,0x63,0x0C,0x63,0x0C,0x63,0x0C,0x63,0x0C,0x63,0x0C,
	0x00,0x00,0x00,0x00,0x00,0x00,0x00,0x00,0x00,0x00,0x00,0x00,0x00,0x00,0x00,0x00,
	0x00,0x00,0x00,0x00,0x00,0x00,0x00,0x00,0x00,0x00,0x00,0x00,0x00,0x00,0x00,0x00,
	0x00,0x00,0x00,0x00,0x00,0x00,0x00,0x00,0x00,0x00,0x00,0x00,0x00,0x00,0x00,0x00,
	0x4A,0x29,0x00,0x00,0xEF,0x3D,0x00,0x00,0x84,0x10,0x84,0x10,0x84,0x10,0x84,0x10,
	0x84,0x10,0x84,0x10,0x84,0x10,0x84,0x10,0x84,0x10,0x84,0x10,0x84,0x10,0x84,0x10,
	0x84,0x10,0x84,0x10,0x84,0x10,0x84,0x10,0x84,0x10,0x84,0x10,0x84,0x10,0x84,0x10,

	0x84,0x10,0x84,0x10,0x84,0x10,0x84,0x10,0x84,0x10,0x84,0x10,0x84,0x10,0x84,0x10,
	0x84,0x10,0x84,0x10,0x84,0x10,0x84,0x10,0x84,0x10,0x84,0x10,0x84,0x10,0x84,0x10,
	0x84,0x10,0x84,0x10,0x84,0x10,0x84,0x10,0x84,0x10,0x84,0x10,0x84,0x10,0x84,0x10,
	0x84,0x10,0x84,0x10,0x84,0x10,0x84,0x10,0x84,0x10,0x84,0x10,0x84,0x10,0x84,0x10,
	0x84,0x10,0x84,0x10,0x84,0x10,0x84,0x10,0x84,0x10,0x84,0x10,0x84,0x10,0x84,0x10,
	0x84,0x10,0x84,0x10,0x84,0x10,0x84,0x10,0x84,0x10,0x84,0x10,0x84,0x10,0x84,0x10,
	0x84,0x10,0x84,0x10,0x84,0x10,0x84,0x10,0x84,0x10,0x84,0x10,0x84,0x10,0x84,0x10,
	0x84,0x10,0x84,0x10,0x84,0x10,0x84,0x10,0x84,0x10,0x84,0x10,0x84,0x10,0x84,0x10,

	0x84,0x10,0x84,0x10,0x84,0x10,0x84,0x10,0x84,0x10,0x00,0x00,0xEF,0x3D,0x00,0x00,
	0x4A,0x29,0x00,0x00,0xEF,0x3D,0x00,0x00,0x84,0x10,0x84,0x10,0x84,0x10,0x84,0x10,
	0x84,0x10,0x84,0x10,0x84,0x10,0x84,0x10,0x84,0x10,0x84,0x10,0x84,0x10,0x84,0x10,
	0x84,0x10,0x84,0x10,0x84,0x10,0x84,0x10,0x84,0x10,0x84,0x10,0x84,0x10,0x84,0x10,
	0x84,0x10,0x84,0x10,0x84,0x10,0x84,0x10,0x84,0x10,0x84,0x10,0x84,0x10,0x84,0x10,
	0x84,0x10,0x84,0x10,0x84,0x10,0x84,0x10,0x84,0x10,0x84,0x10,0x84,0x10,0x84,0x10,
	0x84,0x10,0x84,0x10,0x84,0x10,0x84,0x10,0x84,0x10,0x84,0x10,0x84,0x10,0x84,0x10,
	0x84,0x10,0x84,0x10,0x84,0x10,0x84,0x10,0x84,0x10,0x84,0x10,0x84,0x10,0x84,0x10,

	0x84,0x10,0x84,0x10,0x84,0x10,0x84,0x10,0x84,0x10,0x84,0x10,0x84,0x10,0x84,0x10,
	0x84,0x10,0x84,0x10,0x84,0x10,0x84,0x10,0x84,0x10,0x84,0x10,0x84,0x10,0x84,0x10,
	0x84,0x10,0x84,0x10,0x84,0x10,0x84,0x10,0x84,0x10,0x84,0x10,0x84,0x10,0x84,0x10,
	0x84,0x10,0x84,0x10,0x84,0x10,0x84,0x10,0x84,0x10,0x84,0x10,0x84,0x10,0x84,0x10,
	0x84,0x10,0x84,0x10,0x84,0x10,0x84,0x10,0x84,0x10,0x00,0x00,0xEF,0x3D,0x00,0x00,
	0x4A,0x29,0x00,0x00,0x00,0x00,0x00,0x00,0x00,0x00,0x00,0x00,0x00,0x00,0x00,0x00,
	0x00,0x00,0x00,0x00,0x00,0x00,0x00,0x00,0x00,0x00,0x00,0x00,0x00,0x00,0x00,0x00,
	0x00,0x00,0x00,0x00,0x00,0x00,0x00,0x00,0x00,0x00,0x00,0x00,0x00,0x00,0x00,0x00,

	0x63,0x0C,0x63,0x0C,0x63,0x0C,0x63,0x0C,0x63,0x0C,0x63,0x0C,0x63,0x0C,0x63,0x0C,
	0x63,0x0C,0x63,0x0C,0x63,0x0C,0x63,0x0C,0x63,0x0C,0x63,0x0C,0x63,0x0C,0x63,0x0C,
	0x63,0x0C,0x63,0x0C,0x63,0x0C,0x63,0x0C,0x63,0x0C,0x63,0x0C,0x63,0x0C,0x63,0x0C,
	0x4A,0x29,0x63,0x0C,0xEF,0x3D,0x00,0x00,0x84,0x10,0x84,0x10,0x84,0x10,0x84,0x10,
	0x84,0x10,0x84,0x10,0x84,0x10,0x84,0x10,0x84,0x10,0x84,0x10,0x84,0x10,0x84,0x10,
	0x84,0x10,0x84,0x10,0x84,0x10,0x84,0x10,0x84,0x10,0x84,0x10,0x84,0x10,0x84,0x10,
	0x84,0x10,0x84,0x10,0x84,0x10,0x84,0x10,0x84,0x10,0x84,0x10,0x84,0x10,0x84,0x10,
	0x84,0x10,0x84,0x10,0x84,0x10,0x84,0x10,0x84,0x10,0x84,0x10,0x84,0x10,0x84,0x10,

	0x84,0x10,0x84,0x10,0x84,0x10,0x84,0x10,0x84,0x10,0x84,0x10,0x84,0x10,0x84,0x10,
	0x84,0x10,0x84,0x10,0x84,0x10,0x84,0x10,0x84,0x10,0x84,0x10,0x84,0x10,0x84,0x10,
	0x84,0x10,0x84,0x10,0x84,0x10,0x84,0x10,0x84,0x10,0x84,0x10,0x84,0x10,0x84,0x10,
	0x84,0x10,0x84,0x10,0x84,0x10,0x84,0x10,0x84,0x10,0x84,0x10,0x84,0x10,0x84,0x10,
	0x84,0x10,0x84,0x10,0x84,0x10,0x84,0x10,0x84,0x10,0x84,0x10,0x84,0x10,0x84,0x10,
	0x84,0x10,0x84,0x10,0x84,0x10,0x84,0x10,0x84,0x10,0x84,0x10,0x84,0x10,0x84,0x10,
	0x84,0x10,0x84,0x10,0x84,0x10,0x84,0x10,0x84,0x10,0x00,0x00,0xEF,0x3D,0x63,0x0C,
	0x4A,0x29,0x63,0x0C,0xEF,0x3D,0x00,0x00,0x84,0x10,0x84,0x10,0x84,0x10,0x84,0x10,

	0x84,0x10,0x84,0x10,0x84,0x10,0x84,0x10,0x84,0x10,0x84,0x10,0x84,0x10,0x84,0x10,
	0x84,0x10,0x84,0x10,0x84,0x10,0x84,0x10,0x84,0x10,0x84,0x10,0x84,0x10,0x84,0x10,
	0x84,0x10,0x84,0x10,0x84,0x10,0x84,0x10,0x84,0x10,0x84,0x10,0x84,0x10,0x84,0x10,
	0x84,0x10,0x84,0x10,0x84,0x10,0x84,0x10,0x84,0x10,0x84,0x10,0x84,0x10,0x84,0x10,
	0x84,0x10,0x84,0x10,0x84,0x10,0x84,0x10,0x84,0x10,0x84,0x10,0x84,0x10,0x84,0x10,
	0x84,0x10,0x84,0x10,0x84,0x10,0x84,0x10,0x84,0x10,0x84,0x10,0x84,0x10,0x84,0x10,
	0x84,0x10,0x84,0x10,0x84,0x10,0x84,0x10,0x84,0x10,0x84,0x10,0x84,0x10,0x84,0x10,
	0x84,0x10,0x84,0x10,0x84,0x10,0x84,0x10,0x84,0x10,0x84,0x10,0x84,0x10,0x84,0x10,

	0x84,0x10,0x84,0x10,0x84,0x10,0x84,0x10,0x84,0x10,0x84,0x10,0x84,0x10,0x84,0x10,
	0x84,0x10,0x84,0x10,0x84,0x10,0x84,0x10,0x84,0x10,0x84,0x10,0x84,0x10,0x84,0x10,
	0x84,0x10,0x84,0x10,0x84,0x10,0x84,0x10,0x84,0x10,0x00,0x00,0xEF,0x3D,0x63,0x0C,
	0x4A,0x29,0x63,0x0C,0x63,0x0C,0x63,0x0C,0x63,0x0C,0x63,0x0C,0x63,0x0C,0x63,0x0C,
	0x63,0x0C,0x63,0x0C,0x63,0x0C,0x63,0x0C,0x63,0x0C,0x63,0x0C,0x63,0x0C,0x63,0x0C,
	0x63,0x0C,0x63,0x0C,0x63,0x0C,0x63,0x0C,0x63,0x0C,0x63,0x0C,0x63,0x0C,0x63,0x0C,
	0x00,0x00,0x00,0x00,0x00,0x00,0x00,0x00,0x00,0x00,0x00,0x00,0x00,0x00,0x00,0x00,
	0x00,0x00,0x00,0x00,0x00,0x00,0x00,0x00,0x00,0x00,0x00,0x00,0x00,0x00,0x00,0x00,

	0x00,0x00,0x00,0x00,0x00,0x00,0x00,0x00,0x00,0x00,0x00,0x00,0x00,0x00,0x00,0x00,
	0x4A,0x29,0x00,0x00,0xEF,0x3D,0x00,0x00,0x63,0x0C,0x84,0x10,0x63,0x0C,0x84,0x10,
	0x63,0x0C,0x84,0x10,0x63,0x0C,0x84,0x10,0x63,0x0C,0x84,0x10,0x63,0x0C,0x84,0x10,
	0x63,0x0C,0x84,0x10,0x63,0x0C,0x84,0x10,0x63,0x0C,0x84,0x10,0x63,0x0C,0x84,0x10,
	0x63,0x0C,0x84,0x10,0x63,0x0C,0x84,0x10,0x63,0x0C,0x84,0x10,0x63,0x0C,0x84,0x10,
	0x63,0x0C,0x84,0x10,0x63,0x0C,0x84,0x10,0x63,0x0C,0x84,0x10,0x63,0x0C,0x84,0x10,
	0x63,0x0C,0x84,0x10,0x63,0x0C,0x84,0x10,0x63,0x0C,0x84,0x10,0x63,0x0C,0x84,0x10,
	0x63,0x0C,0x84,0x10,0x63,0x0C,0x84,0x10,0x63,0x0C,0x84,0x10,0x63,0x0C,0x84,0x10,

	0x63,0x0C,0x84,0x10,0x63,0x0C,0x84,0x10,0x63,0x0C,0x84,0x10,0x63,0x0C,0x84,0x10,
	0x63,0x0C,0x84,0x10,0x63,0x0C,0x84,0x10,0x63,0x0C,0x84,0x10,0x63,0x0C,0x84,0x10,
	0x63,0x0C,0x84,0x10,0x63,0x0C,0x84,0x10,0x63,0x0C,0x84,0x10,0x63,0x0C,0x84,0x10,
	0x63,0x0C,0x84,0x10,0x63,0x0C,0x84,0x10,0x63,0x0C,0x84,0x10,0x63,0x0C,0x84,0x10,
	0x63,0x0C,0x84,0x10,0x63,0x0C,0x84,0x10,0x63,0x0C,0x00,0x00,0xEF,0x3D,0x00,0x00,
	0x4A,0x29,0x00,0x00,0xEF,0x3D,0x00,0x00,0x63,0x0C,0x84,0x10,0x63,0x0C,0x84,0x10,
	0x63,0x0C,0x84,0x10,0x63,0x0C,0x84,0x10,0x63,0x0C,0x84,0x10,0x63,0x0C,0x84,0x10,
	0x63,0x0C,0x84,0x10,0x63,0x0C,0x84,0x10,0x63,0x0C,0x84,0x10,0x63,0x0C,0x84,0x10,

	0x63,0x0C,0x84,0x10,0x63,0x0C,0x84,0x10,0x63,0x0C,0x84,0x10,0x63,0x0C,0x84,0x10,
	0x63,0x0C,0x84,0x10,0x63,0x0C,0x84,0x10,0x63,0x0C,0x84,0x10,0x63,0x0C,0x84,0x10,
	0x63,0x0C,0x84,0x10,0x63,0x0C,0x84,0x10,0x63,0x0C,0x84,0x10,0x63,0x0C,0x84,0x10,
	0x63,0x0C,0x84,0x10,0x63,0x0C,0x84,0x10,0x63,0x0C,0x84,0x10,0x63,0x0C,0x84,0x10,
	0x63,0x0C,0x84,0x10,0x63,0x0C,0x84,0x10,0x63,0x0C,0x84,0x10,0x63,0x0C,0x84,0x10,
	0x63,0x0C,0x84,0x10,0x63,0x0C,0x84,0x10,0x63,0x0C,0x84,0x10,0x63,0x0C,0x84,0x10,
	0x63,0x0C,0x84,0x10,0x63,0x0C,0x84,0x10,0x63,0x0C,0x84,0x10,0x63,0x0C,0x84,0x10,
	0x63,0x0C,0x84,0x10,0x63,0x0C,0x84,0x10,0x63,0x0C,0x84,0x10,0x63,0x0C,0x84,0x10,

	0x63,0x0C,0x84,0x10,0x63,0x0C,0x84,0x10,0x63,0x0C,0x00,0x00,0xEF,0x3D,0x00,0x00,
	0x4A,0x29,0x00,0x00,0x00,0x00,0x00,0x00,0x00,0x00,0x00,0x00,0x00,0x00,0x00,0x00,
	0x00,0x00,0x00,0x00,0x00,0x00,0x00,0x00,0x00,0x00,0x00,0x00,0x00,0x00,0x00,0x00,
	0x00,0x00,0x00,0x00,0x00,0x00,0x00,0x00,0x00,0x00,0x00,0x00,0x00,0x00,0x00,0x00,
	0x63,0x0C,0x63,0x0C,0x63,0x0C,0x63,0x0C,0x63,0x0C,0x63,0x0C,0x63,0x0C,0x63,0x0C,
	0x63,0x0C,0x63,0x0C,0x63,0x0C,0x63,0x0C,0x63,0x0C,0x63,0x0C,0x63,0x0C,0x63,0x0C,
	0x63,0x0C,0x63,0x0C,0x63,0x0C,0x63,0x0C,0x63,0x0C,0x63,0x0C,0x63,0x0C,0x63,0x0C,
	0x4A,0x29,0x63,0x0C,0xEF,0x3D,0x00,0x00,0x84,0x10,0x63,0x0C,0x84,0x10,0x63,0x0C,

	0x84,0x10,0x63,0x0C,0x84,0x10,0x63,0x0C,0x84,0x10,0x63,0x0C,0x84,0x10,0x63,0x0C,
	0x84,0x10,0x63,0x0C,0x84,0x10,0x63,0x0C,0x84,0x10,0x63,0x0C,0x84,0x10,0x63,0x0C,
	0x84,0x10,0x63,0x0C,0x84,0x10,0x63,0x0C,0x84,0x10,0x63,0x0C,0x84,0x10,0x63,0x0C,
	0x84,0x10,0x63,0x0C,0x84,0x10,0x63,0x0C,0x84,0x10,0x63,0x0C,0x84,0x10,0x63,0x0C,
	0x84,0x10,0x63,0x0C,0x84,0x10,0x63,0x0C,0x84,0x10,0x63,0x0C,0x84,0x10,0x63,0x0C,
	0x84,0x10,0x63,0x0C,0x84,0x10,0x63,0x0C,0x84,0x10,0x63,0x0C,0x84,0x10,0x63,0x0C,
	0x84,0x10,0x63,0x0C,0x84,0x10,0x63,0x0C,0x84,0x10,0x63,0x0C,0x84,0x10,0x63,0x0C,
	0x84,0x10,0x63,0x0C,0x84,0x10,0x63,0x0C,0x84,0x10,0x63,0x0C,0x84,0x10,0x63,0x0C,

	0x84,0x10,0x63,0x0C,0x84,0x10,0x63,0x0C,0x84,0x10,0x63,0x0C,0x84,0x10,0x63,0x0C,
	0x84,0x10,0x63,0x0C,0x84,0x10,0x63,0x0C,0x84,0x10,0x63,0x0C,0x84,0x10,0x63,0x0C,
	0x84,0x10,0x63,0x0C,0x84,0x10,0x63,0x0C,0x84,0x10,0x00,0x00,0xEF,0x3D,0x63,0x0C,
	0x4A,0x29,0x63,0x0C,0xEF,0x3D,0x00,0x00,0x84,0x10,0x63,0x0C,0x84,0x10,0x63,0x0C,
	0x84,0x10,0x63,0x0C,0x84,0x10,0x63,0x0C,0x84,0x10,0x63,0x0C,0x84,0x10,0x63,0x0C,
	0x84,0x10,0x63,0x0C,0x84,0x10,0x63,0x0C,0x84,0x10,0x63,0x0C,0x84,0x10,0x63,0x0C,
	0x84,0x10,0x63,0x0C,0x84,0x10,0x63,0x0C,0x84,0x10,0x63,0x0C,0x84,0x10,0x63,0x0C,
	0x84,0x10,0x63,0x0C,0x84,0x10,0x63,0x0C,0x84,0x10,0x63,0x0C,0x84,0x10,0x63,0x0C,

	0x84,0x10,0x63,0x0C,0x84,0x10,0x63,0x0C,0x84,0x10,0x63,0x0C,0x84,0x10,0x63,0x0C,
	0x84,0x10,0x63,0x0C,0x84,0x10,0x63,0x0C,0x84,0x10,0x63,0x0C,0x84,0x10,0x63,0x0C,
	0x84,0x10,0x63,0x0C,0x84,0x10,0x63,0x0C,0x84,0x10,0x63,0x0C,0x84,0x10,0x63,0x0C,
	0x84,0x10,0x63,0x0C,0x84,0x10,0x63,0x0C,0x84,0x10,0x63,0x0C,0x84,0x10,0x63,0x0C,
	0x84,0x10,0x63,0x0C,0x84,0x10,0x63,0x0C,0x84,0x10,0x63,0x0C,0x84,0x10,0x63,0x0C,
	0x84,0x10,0x63,0x0C,0x84,0x10,0x63,0x0C,0x84,0x10,0x63,0x0C,0x84,0x10,0x63,0x0C,
	0x84,0x10,0x63,0x0C,0x84,0x10,0x63,0x0C,0x84,0x10,0x00,0x00,0xEF,0x3D,0x63,0x0C,
	0x4A,0x29,0x63,0x0C,0x63,0x0C,0x63,0x0C,0x63,0x0C,0x63,0x0C,0x63,0x0C,0x63,0x0C,

	0x63,0x0C,0x63,0x0C,0x63,0x0C,0x63,0x0C,0x63,0x0C,0x63,0x0C,0x63,0x0C,0x63,0x0C,
	0x63,0x0C,0x63,0x0C,0x63,0x0C,0x63,0x0C,0x63,0x0C,0x63,0x0C,0x63,0x0C,0x63,0x0C,
	0x00,0x00,0x00,0x00,0x00,0x00,0x00,0x00,0x00,0x00,0x00,0x00,0x00,0x00,0x00,0x00,
	0x00,0x00,0x00,0x00,0x00,0x00,0x00,0x00,0x00,0x00,0x00,0x00,0x00,0x00,0x00,0x00,
	0x00,0x00,0x00,0x00,0x00,0x00,0x00,0x00,0x00,0x00,0x00,0x00,0x00,0x00,0x00,0x00,
	0x4A,0x29,0x00,0x00,0xEF,0x3D,0x00,0x00,0x63,0x0C,0x84,0x10,0x63,0x0C,0x84,0x10,
	0x63,0x0C,0x84,0x10,0x63,0x0C,0x84,0x10,0x63,0x0C,0x84,0x10,0x63,0x0C,0x84,0x10,
	0x63,0x0C,0x84,0x10,0x63,0x0C,0x84,0x10,0x63,0x0C,0x84,0x10,0x63,0x0C,0x84,0x10,

	0x63,0x0C,0x84,0x10,0x63,0x0C,0x84,0x10,0x63,0x0C,0x84,0x10,0x63,0x0C,0x84,0x10,
	0x63,0x0C,0x84,0x10,0x63,0x0C,0x84,0x10,0x63,0x0C,0x84,0x10,0x63,0x0C,0x84,0x10,
	0x63,0x0C,0x84,0x10,0x63,0x0C,0x84,0x10,0x63,0x0C,0x84,0x10,0x63,0x0C,0x84,0x10,
	0x63,0x0C,0x84,0x10,0x63,0x0C,0x84,0x10,0x63,0x0C,0x84,0x10,0x63,0x0C,0x84,0x10,
	0x63,0x0C,0x84,0x10,0x63,0x0C,0x84,0x10,0x63,0x0C,0x84,0x10,0x63,0x0C,0x84,0x10,
	0x63,0x0C,0x84,0x10,0x63,0x0C,0x84,0x10,0x63,0x0C,0x84,0x10,0x63,0x0C,0x84,0x10,
	0x63,0x0C,0x84,0x10,0x63,0x0C,0x84,0x10,0x63,0x0C,0x84,0x10,0x63,0x0C,0x84,0x10,
	0x63,0x0C,0x84,0x10,0x63,0x0C,0x84,0x10,0x63,0x0C,0x84,0x10,0x63,0x0C,0x84,0x10,

	0x63,0x0C,0x84,0x10,0x63,0x0C,0x84,0x10,0x63,0x0C,0x00,0x00,0xEF,0x3D,0x00,0x00,
	0x4A,0x29,0x00,0x00,0xEF,0x3D,0x00,0x00,0x63,0x0C,0x84,0x10,0x63,0x0C,0x84,0x10,
	0x63,0x0C,0x84,0x10,0x63,0x0C,0x84,0x10,0x63,0x0C,0x84,0x10,0x63,0x0C,0x84,0x10,
	0x63,0x0C,0x84,0x10,0x63,0x0C,0x84,0x10,0x63,0x0C,0x84,0x10,0x63,0x0C,0x84,0x10,
	0x63,0x0C,0x84,0x10,0x63,0x0C,0x84,0x10,0x63,0x0C,0x84,0x10,0x63,0x0C,0x84,0x10,
	0x63,0x0C,0x84,0x10,0x63,0x0C,0x84,0x10,0x63,0x0C,0x84,0x10,0x63,0x0C,0x84,0x10,
	0x63,0x0C,0x84,0x10,0x63,0x0C,0x84,0x10,0x63,0x0C,0x84,0x10,0x63,0x0C,0x84,0x10,
	0x63,0x0C,0x84,0x10,0x63,0x0C,0x84,0x10,0x63,0x0C,0x84,0x10,0x63,0x0C,0x84,0x10,

	0x63,0x0C,0x84,0x10,0x63,0x0C,0x84,0x10,0x63,0x0C,0x84,0x10,0x63,0x0C,0x84,0x10,
	0x63,0x0C,0x84,0x10,0x63,0x0C,0x84,0x10,0x63,0x0C,0x84,0x10,0x63,0x0C,0x84,0x10,
	0x63,0x0C,0x84,0x10,0x63,0x0C,0x84,0x10,0x63,0x0C,0x84,0x10,0x63,0x0C,0x84,0x10,
	0x63,0x0C,0x84,0x10,0x63,0x0C,0x84,0x10,0x63,0x0C,0x84,0x10,0x63,0x0C,0x84,0x10,
	0x63,0x0C,0x84,0x10,0x63,0x0C,0x84,0x10,0x63,0x0C,0x00,0x00,0xEF,0x3D,0x00,0x00,
	0x4A,0x29,0x00,0x00,0x00,0x00,0x00,0x00,0x00,0x00,0x00,0x00,0x00,0x00,0x00,0x00,
	0x00,0x00,0x00,0x00,0x00,0x00,0x00,0x00,0x00,0x00,0x00,0x00,0x00,0x00,0x00,0x00,
	0x00,0x00,0x00,0x00,0x00,0x00,0x00,0x00,0x00,0x00,0x00,0x00,0x00,0x00,0x00,0x00,

	0x63,0x0C,0x63,0x0C,0x63,0x0C,0x63,0x0C,0x63,0x0C,0x63,0x0C,0x63,0x0C,0x63,0x0C,
	0x63,0x0C,0x63,0x0C,0x63,0x0C,0x63,0x0C,0x63,0x0C,0x63,0x0C,0x63,0x0C,0x63,0x0C,
	0x63,0x0C,0x63,0x0C,0x63,0x0C,0x63,0x0C,0x63,0x0C,0x63,0x0C,0x63,0x0C,0x63,0x0C,
	0x4A,0x29,0x63,0x0C,0xEF,0x3D,0x00,0x00,0x84,0x10,0x63,0x0C,0x84,0x10,0x63,0x0C,
	0x84,0x10,0x63,0x0C,0x84,0x10,0x63,0x0C,0x84,0x10,0x63,0x0C,0x84,0x10,0x63,0x0C,
	0x84,0x10,0x63,0x0C,0x84,0x10,0x63,0x0C,0x84,0x10,0x63,0x0C,0x84,0x10,0x63,0x0C,
	0x84,0x10,0x63,0x0C,0x84,0x10,0x63,0x0C,0x84,0x10,0x63,0x0C,0x84,0x10,0x63,0x0C,
	0x84,0x10,0x63,0x0C,0x84,0x10,0x63,0x0C,0x84,0x10,0x63,0x0C,0x84,0x10,0x63,0x0C,

	0x84,0x10,0x63,0x0C,0x84,0x10,0x63,0x0C,0x84,0x10,0x63,0x0C,0x84,0x10,0x63,0x0C,
	0x84,0x10,0x63,0x0C,0x84,0x10,0x63,0x0C,0x84,0x10,0x63,0x0C,0x84,0x10,0x63,0x0C,
	0x84,0x10,0x63,0x0C,0x84,0x10,0x63,0x0C,0x84,0x10,0x63,0x0C,0x84,0x10,0x63,0x0C,
	0x84,0x10,0x63,0x0C,0x84,0x10,0x63,0x0C,0x84,0x10,0x63,0x0C,0x84,0x10,0x63,0x0C,
	0x84,0x10,0x63,0x0C,0x84,0x10,0x63,0x0C,0x84,0x10,0x63,0x0C,0x84,0x10,0x63,0x0C,
	0x84,0x10,0x63,0x0C,0x84,0x10,0x63,0x0C,0x84,0x10,0x63,0x0C,0x84,0x10,0x63,0x0C,
	0x84,0x10,0x63,0x0C,0x84,0x10,0x63,0x0C,0x84,0x10,0x00,0x00,0xEF,0x3D,0x63,0x0C,
	0x4A,0x29,0x63,0x0C,0xEF,0x3D,0x00,0x00,0x84,0x10,0x63,0x0C,0x84,0x10,0x63,0x0C,

	0x84,0x10,0x63,0x0C,0x84,0x10,0x63,0x0C,0x84,0x10,0x63,0x0C,0x84,0x10,0x63,0x0C,
	0x84,0x10,0x63,0x0C,0x84,0x10,0x63,0x0C,0x84,0x10,0x63,0x0C,0x84,0x10,0x63,0x0C,
	0x84,0x10,0x63,0x0C,0x84,0x10,0x63,0x0C,0x84,0x10,0x63,0x0C,0x84,0x10,0x63,0x0C,
	0x84,0x10,0x63,0x0C,0x84,0x10,0x63,0x0C,0x84,0x10,0x63,0x0C,0x84,0x10,0x63,0x0C,
	0x84,0x10,0x63,0x0C,0x84,0x10,0x63,0x0C,0x84,0x10,0x63,0x0C,0x84,0x10,0x63,0x0C,
	0x84,0x10,0x63,0x0C,0x84,0x10,0x63,0x0C,0x84,0x10,0x63,0x0C,0x84,0x10,0x63,0x0C,
	0x84,0x10,0x63,0x0C,0x84,0x10,0x63,0x0C,0x84,0x10,0x63,0x0C,0x84,0x10,0x63,0x0C,
	0x84,0x10,0x63,0x0C,0x84,0x10,0x63,0x0C,0x84,0x10,0x63,0x0C,0x84,0x10,0x63,0x0C,

	0x84,0x10,0x63,0x0C,0x84,0x10,0x63,0x0C,0x84,0x10,0x63,0x0C,0x84,0x10,0x63,0x0C,
	0x84,0x10,0x63,0x0C,0x84,0x10,0x63,0x0C,0x84,0x10,0x63,0x0C,0x84,0x10,0x63,0x0C,
	0x84,0x10,0x63,0x0C,0x84,0x10,0x63,0x0C,0x84,0x10,0x00,0x00,0xEF,0x3D,0x63,0x0C,
	0x4A,0x29,0x63,0x0C,0x63,0x0C,0x63,0x0C,0x63,0x0C,0x63,0x0C,0x63,0x0C,0x63,0x0C,
	0x63,0x0C,0x63,0x0C,0x63,0x0C,0x63,0x0C,0x63,0x0C,0x63,0x0C,0x63,0x0C,0x63,0x0C,
	0x63,0x0C,0x63,0x0C,0x63,0x0C,0x63,0x0C,0x63,0x0C,0x63,0x0C,0x63,0x0C,0x63,0x0C,
	0x00,0x00,0x00,0x00,0x00,0x00,0x00,0x00,0x00,0x00,0x00,0x00,0x00,0x00,0x00,0x00,
	0x00,0x00,0x00,0x00,0x00,0x00,0x00,0x00,0x00,0x00,0x00,0x00,0x00,0x00,0x00,0x00,

	0x00,0x00,0x00,0x00,0x00,0x00,0x00,0x00,0x00,0x00,0x00,0x00,0x00,0x00,0x00,0x00,
	0x4A,0x29,0x00,0x00,0xEF,0x3D,0x00,0x00,0x63,0x0C,0x84,0x10,0x63,0x0C,0x84,0x10,
	0x63,0x0C,0x84,0x10,0x63,0x0C,0x84,0x10,0x63,0x0C,0x84,0x10,0x63,0x0C,0x84,0x10,
	0x63,0x0C,0x84,0x10,0x63,0x0C,0x84,0x10,0x63,0x0C,0x84,0x10,0x63,0x0C,0x84,0x10,
	0x63,0x0C,0x84,0x10,0x63,0x0C,0x84,0x10,0x63,0x0C,0x84,0x10,0x63,0x0C,0x84,0x10,
	0x63,0x0C,0x84,0x10,0x63,0x0C,0x84,0x10,0x63,0x0C,0x84,0x10,0x63,0x0C,0x84,0x10,
	0x63,0x0C,0x84,0x10,0x63,0x0C,0x84,0x10,0x63,0x0C,0x84,0x10,0x63,0x0C,0x84,0x10,
	0x63,0x0C,0x84,0x10,0x63,0x0C,0x84,0x10,0x63,0x0C,0x84,0x10,0x63,0x0C,0x84,0x10,

	0x63,0x0C,0x84,0x10,0x63,0x0C,0x84,0x10,0x63,0x0C,0x84,0x10,0x63,0x0C,0x84,0x10,
	0x63,0x0C,0x84,0x10,0x63,0x0C,0x84,0x10,0x63,0x0C,0x84,0x10,0x63,0x0C,0x84,0x10,
	0x63,0x0C,0x84,0x10,0x63,0x0C,0x84,0x10,0x63,0x0C,0x84,0x10,0x63,0x0C,0x84,0x10,
	0x63,0x0C,0x84,0x10,0x63,0x0C,0x84,0x10,0x63,0x0C,0x84,0x10,0x63,0x0C,0x84,0x10,
	0x63,0x0C,0x84,0x10,0x63,0x0C,0x84,0x10,0x63,0x0C,0x00,0x00,0xEF,0x3D,0x00,0x00,
	0x4A,0x29,0x00,0x00,0xEF,0x3D,0x00,0x00,0x63,0x0C,0x84,0x10,0x63,0x0C,0x84,0x10,
	0x63,0x0C,0x84,0x10,0x63,0x0C,0x84,0x10,0x63,0x0C,0x84,0x10,0x63,0x0C,0x84,0x10,
	0x63,0x0C,0x84,0x10,0x63,0x0C,0x84,0x10,0x63,0x0C,0x84,0x10,0x63,0x0C,0x84,0x10,

	0x63,0x0C,0x84,0x10,0x63,0x0C,0x84,0x10,0x63,0x0C,0x84,0x10,0x63,0x0C,0x84,0x10,
	0x63,0x0C,0x84,0x10,0x63,0x0C,0x84,0x10,0x63,0x0C,0x84,0x10,0x63,0x0C,0x84,0x10,
	0x63,0x0C,0x84,0x10,0x63,0x0C,0x84,0x10,0x63,0x0C,0x84,0x10,0x63,0x0C,0x84,0x10,
	0x63,0x0C,0x84,0x10,0x63,0x0C,0x84,0x10,0x63,0x0C,0x84,0x10,0x63,0x0C,0x84,0x10,
	0x63,0x0C,0x84,0x10,0x63,0x0C,0x84,0x10,0x63,0x0C,0x84,0x10,0x63,0x0C,0x84,0x10,
	0x63,0x0C,0x84,0x10,0x63,0x0C,0x84,0x10,0x63,0x0C,0x84,0x10,0x63,0x0C,0x84,0x10,
	0x63,0x0C,0x84,0x10,0x63,0x0C,0x84,0x10,0x63,0x0C,0x84,0x10,0x63,0x0C,0x84,0x10,
	0x63,0x0C,0x84,0x10,0x63,0x0C,0x84,0x10,0x63,0x0C,0x84,0x10,0x63,0x0C,0x84,0x10,

	0x63,0x0C,0x84,0x10,0x63,0x0C,0x84,0x10,0x63,0x0C,0x00,0x00,0xEF,0x3D,0x00,0x00,
	0x4A,0x29,0x00,0x00,0x00,0x00,0x00,0x00,0x00,0x00,0x00,0x00,0x00,0x00,0x00,0x00,
	0x00,0x00,0x00,0x00,0x00,0x00,0x00,0x00,0x00,0x00,0x00,0x00,0x00,0x00,0x00,0x00,
	0x00,0x00,0x00,0x00,0x00,0x00,0x00,0x00,0x00,0x00,0x00,0x00,0x00,0x00,0x00,0x00,
	0x63,0x0C,0x63,0x0C,0x63,0x0C,0x63,0x0C,0x63,0x0C,0x63,0x0C,0x63,0x0C,0x63,0x0C,
	0x63,0x0C,0x63,0x0C,0x63,0x0C,0x63,0x0C,0x63,0x0C,0x63,0x0C,0x63,0x0C,0x63,0x0C,
	0x63,0x0C,0x63,0x0C,0x63,0x0C,0x63,0x0C,0x63,0x0C,0x63,0x0C,0x63,0x0C,0x63,0x0C,
	0x4A,0x29,0x63,0x0C,0xEF,0x3D,0x00,0x00,0x84,0x10,0x63,0x0C,0x84,0x10,0x63,0x0C,

	0x84,0x10,0x63,0x0C,0x84,0x10,0x63,0x0C,0x84,0x10,0x63,0x0C,0x84,0x10,0x63,0x0C,
	0x84,0x10,0x63,0x0C,0x84,0x10,0x63,0x0C,0x84,0x10,0x63,0x0C,0x84,0x10,0x63,0x0C,
	0x84,0x10,0x63,0x0C,0x84,0x10,0x63,0x0C,0x84,0x10,0x63,0x0C,0x84,0x10,0x63,0x0C,
	0x84,0x10,0x63,0x0C,0x84,0x10,0x63,0x0C,0x84,0x10,0x63,0x0C,0x84,0x10,0x63,0x0C,
	0x84,0x10,0x63,0x0C,0x84,0x10,0x63,0x0C,0x84,0x10,0x63,0x0C,0x84,0x10,0x63,0x0C,
	0x84,0x10,0x63,0x0C,0x84,0x10,0x63,0x0C,0x84,0x10,0x63,0x0C,0x84,0x10,0x63,0x0C,
	0x84,0x10,0x63,0x0C,0x84,0x10,0x63,0x0C,0x84,0x10,0x63,0x0C,0x84,0x10,0x63,0x0C,
	0x84,0x10,0x63,0x0C,0x84,0x10,0x63,0x0C,0x84,0x10,0x63,0x0C,0x84,0x10,0x63,0x0C,

	0x84,0x10,0x63,0x0C,0x84,0x10,0x63,0x0C,0x84,0x10,0x63,0x0C,0x84,0x10,0x63,0x0C,
	0x84,0x10,0x63,0x0C,0x84,0x10,0x63,0x0C,0x84,0x10,0x63,0x0C,0x84,0x10,0x63,0x0C,
	0x84,0x10,0x63,0x0C,0x84,0x10,0x63,0x0C,0x84,0x10,0x00,0x00,0xEF,0x3D,0x63,0x0C,
	0x4A,0x29,0x63,0x0C,0xEF,0x3D,0x00,0x00,0x84,0x10,0x63,0x0C,0x84,0x10,0x63,0x0C,
	0x84,0x10,0x63,0x0C,0x84,0x10,0x63,0x0C,0x84,0x10,0x63,0x0C,0x84,0x10,0x63,0x0C,
	0x84,0x10,0x63,0x0C,0x84,0x10,0x63,0x0C,0x84,0x10,0x63,0x0C,0x84,0x10,0x63,0x0C,
	0x84,0x10,0x63,0x0C,0x84,0x10,0x63,0x0C,0x84,0x10,0x63,0x0C,0x84,0x10,0x63,0x0C,
	0x84,0x10,0x63,0x0C,0x84,0x10,0x63,0x0C,0x84,0x10,0x63,0x0C,0x84,0x10,0x63,0x0C,

	0x84,0x10,0x63,0x0C,0x84,0x10,0x63,0x0C,0x84,0x10,0x63,0x0C,0x84,0x10,0x63,0x0C,
	0x84,0x10,0x63,0x0C,0x84,0x10,0x63,0x0C,0x84,0x10,0x63,0x0C,0x84,0x10,0x63,0x0C,
	0x84,0x10,0x63,0x0C,0x84,0x10,0x63,0x0C,0x84,0x10,0x63,0x0C,0x84,0x10,0x63,0x0C,
	0x84,0x10,0x63,0x0C,0x84,0x10,0x63,0x0C,0x84,0x10,0x63,0x0C,0x84,0x10,0x63,0x0C,
	0x84,0x10,0x63,0x0C,0x84,0x10,0x63,0x0C,0x84,0x10,0x63,0x0C,0x84,0x10,0x63,0x0C,
	0x84,0x10,0x63,0x0C,0x84,0x10,0x63,0x0C,0x84,0x10,0x63,0x0C,0x84,0x10,0x63,0x0C,
	0x84,0x10,0x63,0x0C,0x84,0x10,0x63,0x0C,0x84,0x10,0x00,0x00,0xEF,0x3D,0x63,0x0C,
	0x4A,0x29,0x63,0x0C,0x63,0x0C,0x63,0x0C,0x63,0x0C,0x63,0x0C,0x63,0x0C,0x63,0x0C,

	0x63,0x0C,0x63,0x0C,0x63,0x0C,0x63,0x0C,0x63,0x0C,0x63,0x0C,0x63,0x0C,0x63,0x0C,
	0x63,0x0C,0x63,0x0C,0x63,0x0C,0x63,0x0C,0x63,0x0C,0x63,0x0C,0x63,0x0C,0x63,0x0C,
	0x00,0x00,0x00,0x00,0x00,0x00,0x00,0x00,0x00,0x00,0x00,0x00,0x00,0x00,0x00,0x00,
	0x00,0x00,0x00,0x00,0x00,0x00,0x00,0x00,0x00,0x00,0x00,0x00,0x00,0x00,0x00,0x00,
	0x00,0x00,0x00,0x00,0x00,0x00,0x00,0x00,0x00,0x00,0x00,0x00,0x00,0x00,0x00,0x00,
	0x4A,0x29,0x00,0x00,0xEF,0x3D,0x00,0x00,0x63,0x0C,0x84,0x10,0x63,0x0C,0x84,0x10,
	0x63,0x0C,0x84,0x10,0x63,0x0C,0x84,0x10,0x63,0x0C,0x84,0x10,0x63,0x0C,0x84,0x10,
	0x63,0x0C,0x84,0x10,0x63,0x0C,0x84,0x10,0x63,0x0C,0x84,0x10,0x63,0x0C,0x84,0x10,

	0x63,0x0C,0x84,0x10,0x63,0x0C,0x84,0x10,0x63,0x0C,0x84,0x10,0x63,0x0C,0x84,0x10,
	0x63,0x0C,0x84,0x10,0x63,0x0C,0x84,0x10,0x63,0x0C,0x84,0x10,0x63,0x0C,0x84,0x10,
	0x63,0x0C,0x84,0x10,0x63,0x0C,0x84,0x10,0x63,0x0C,0x84,0x10,0x63,0x0C,0x84,0x10,
	0x63,0x0C,0x84,0x10,0x63,0x0C,0x84,0x10,0x63,0x0C,0x84,0x10,0x63,0x0C,0x84,0x10,
	0x63,0x0C,0x84,0x10,0x63,0x0C,0x84,0x10,0x63,0x0C,0x84,0x10,0x63,0x0C,0x84,0x10,
	0x63,0x0C,0x84,0x10,0x63,0x0C,0x84,0x10,0x63,0x0C,0x84,0x10,0x63,0x0C,0x84,0x10,
	0x63,0x0C,0x84,0x10,0x63,0x0C,0x84,0x10,0x63,0x0C,0x84,0x10,0x63,0x0C,0x84,0x10,
	0x63,0x0C,0x84,0x10,0x63,0x0C,0x84,0x10,0x63,0x0C,0x84,0x10,0x63,0x0C,0x84,0x10,

	0x63,0x0C,0x84,0x10,0x63,0x0C,0x84,0x10,0x63,0x0C,0x00,0x00,0xEF,0x3D,0x00,0x00,
	0x4A,0x29,0x00,0x00,0xEF,0x3D,0x00,0x00,0x63,0x0C,0x84,0x10,0x63,0x0C,0x84,0x10,
	0x63,0x0C,0x84,0x10,0x63,0x0C,0x84,0x10,0x63,0x0C,0x84,0x10,0x63,0x0C,0x84,0x10,
	0x63,0x0C,0x84,0x10,0x63,0x0C,0x84,0x10,0x63,0x0C,0x84,0x10,0x63,0x0C,0x84,0x10,
	0x63,0x0C,0x84,0x10,0x63,0x0C,0x84,0x10,0x63,0x0C,0x84,0x10,0x63,0x0C,0x84,0x10,
	0x63,0x0C,0x84,0x10,0x63,0x0C,0x84,0x10,0x63,0x0C,0x84,0x10,0x63,0x0C,0x84,0x10,
	0x63,0x0C,0x84,0x10,0x63,0x0C,0x84,0x10,0x63,0x0C,0x84,0x10,0x63,0x0C,0x84,0x10,
	0x63,0x0C,0x84,0x10,0x63,0x0C,0x84,0x10,0x63,0x0C,0x84,0x10,0x63,0x0C,0x84,0x10,

	0x63,0x0C,0x84,0x10,0x63,0x0C,0x84,0x10,0x63,0x0C,0x84,0x10,0x63,0x0C,0x84,0x10,
	0x63,0x0C,0x84,0x10,0x63,0x0C,0x84,0x10,0x63,0x0C,0x84,0x10,0x63,0x0C,0x84,0x10,
	0x63,0x0C,0x84,0x10,0x63,0x0C,0x84,0x10,0x63,0x0C,0x84,0x10,0x63,0x0C,0x84,0x10,
	0x63,0x0C,0x84,0x10,0x63,0x0C,0x84,0x10,0x63,0x0C,0x84,0x10,0x63,0x0C,0x84,0x10,
	0x63,0x0C,0x84,0x10,0x63,0x0C,0x84,0x10,0x63,0x0C,0x00,0x00,0xEF,0x3D,0x00,0x00,
	0x4A,0x29,0x00,0x00,0x00,0x00,0x00,0x00,0x00,0x00,0x00,0x00,0x00,0x00,0x00,0x00,
	0x00,0x00,0x00,0x00,0x00,0x00,0x00,0x00,0x00,0x00,0x00,0x00,0x00,0x00,0x00,0x00,
	0x00,0x00,0x00,0x00,0x00,0x00,0x00,0x00,0x00,0x00,0x00,0x00,0x00,0x00,0x00,0x00,

	0x63,0x0C,0x63,0x0C,0x63,0x0C,0x63,0x0C,0x63,0x0C,0x63,0x0C,0x63,0x0C,0x63,0x0C,
	0x63,0x0C,0x63,0x0C,0x63,0x0C,0x63,0x0C,0x63,0x0C,0x63,0x0C,0x63,0x0C,0x63,0x0C,
	0x63,0x0C,0x63,0x0C,0x63,0x0C,0x63,0x0C,0x63,0x0C,0x63,0x0C,0x63,0x0C,0x63,0x0C,
	0x4A,0x29,0x63,0x0C,0xEF,0x3D,0x00,0x00,0x63,0x0C,0x63,0x0C,0x63,0x0C,0x63,0x0C,
	0x63,0x0C,0x63,0x0C,0x63,0x0C,0x63,0x0C,0x63,0x0C,0x63,0x0C,0x63,0x0C,0x63,0x0C,
	0x63,0x0C,0x63,0x0C,0x63,0x0C,0x63,0x0C,0x63,0x0C,0x63,0x0C,0x63,0x0C,0x63,0x0C,
	0x63,0x0C,0x63,0x0C,0x63,0x0C,0x63,0x0C,0x63,0x0C,0x63,0x0C,0x63,0x0C,0x63,0x0C,
	0x63,0x0C,0x63,0x0C,0x63,0x0C,0x63,0x0C,0x63,0x0C,0x63,0x0C,0x63,0x0C,0x63,0x0C,

	0x63,0x0C,0x63,0x0C,0x63,0x0C,0x63,0x0C,0x63,0x0C,0x63,0x0C,0x63,0x0C,0x63,0x0C,
	0x63,0x0C,0x63,0x0C,0x63,0x0C,0x63,0x0C,0x63,0x0C,0x63,0x0C,0x63,0x0C,0x63,0x0C,
	0x63,0x0C,0x63,0x0C,0x63,0x0C,0x63,0x0C,0x63,0x0C,0x63,0x0C,0x63,0x0C,0x63,0x0C,
	0x63,0x0C,0x63,0x0C,0x63,0x0C,0x63,0x0C,0x63,0x0C,0x63,0x0C,0x63,0x0C,0x63,0x0C,
	0x63,0x0C,0x63,0x0C,0x63,0x0C,0x63,0x0C,0x63,0x0C,0x63,0x0C,0x63,0x0C,0x63,0x0C,
	0x63,0x0C,0x63,0x0C,0x63,0x0C,0x63,0x0C,0x63,0x0C,0x63,0x0C,0x63,0x0C,0x63,0x0C,
	0x63,0x0C,0x63,0x0C,0x63,0x0C,0x63,0x0C,0x63,0x0C,0x00,0x00,0xEF,0x3D,0x63,0x0C,
	0x4A,0x29,0x63,0x0C,0xEF,0x3D,0x00,0x00,0x63,0x0C,0x63,0x0C,0x63,0x0C,0x63,0x0C,

	0x63,0x0C,0x63,0x0C,0x63,0x0C,0x63,0x0C,0x63,0x0C,0x63,0x0C,0x63,0x0C,0x63,0x0C,
	0x63,0x0C,0x63,0x0C,0x63,0x0C,0x63,0x0C,0x63,0x0C,0x63,0x0C,0x63,0x0C,0x63,0x0C,
	0x63,0x0C,0x63,0x0C,0x63,0x0C,0x63,0x0C,0x63,0x0C,0x63,0x0C,0x63,0x0C,0x63,0x0C,
	0x63,0x0C,0x63,0x0C,0x63,0x0C,0x63,0x0C,0x63,0x0C,0x63,0x0C,0x63,0x0C,0x63,0x0C,
	0x63,0x0C,0x63,0x0C,0x63,0x0C,0x63,0x0C,0x63,0x0C,0x63,0x0C,0x63,0x0C,0x63,0x0C,
	0x63,0x0C,0x63,0x0C,0x63,0x0C,0x63,0x0C,0x63,0x0C,0x63,0x0C,0x63,0x0C,0x63,0x0C,
	0x63,0x0C,0x63,0x0C,0x63,0x0C,0x63,0x0C,0x63,0x0C,0x63,0x0C,0x63,0x0C,0x63,0x0C,
	0x63,0x0C,0x63,0x0C,0x63,0x0C,0x63,0x0C,0x63,0x0C,0x63,0x0C,0x63,0x0C,0x63,0x0C,

	0x63,0x0C,0x63,0x0C,0x63,0x0C,0x63,0x0C,0x63,0x0C,0x63,0x0C,0x63,0x0C,0x63,0x0C,
	0x63,0x0C,0x63,0x0C,0x63,0x0C,0x63,0x0C,0x63,0x0C,0x63,0x0C,0x63,0x0C,0x63,0x0C,
	0x63,0x0C,0x63,0x0C,0x63,0x0C,0x63,0x0C,0x63,0x0C,0x00,0x00,0xEF,0x3D,0x63,0x0C,
	0x4A,0x29,0x63,0x0C,0x63,0x0C,0x63,0x0C,0x63,0x0C,0x63,0x0C,0x63,0x0C,0x63,0x0C,
	0x63,0x0C,0x63,0x0C,0x63,0x0C,0x63,0x0C,0x63,0x0C,0x63,0x0C,0x63,0x0C,0x63,0x0C,
	0x63,0x0C,0x63,0x0C,0x63,0x0C,0x63,0x0C,0x63,0x0C,0x63,0x0C,0x63,0x0C,0x63,0x0C,
	0x00,0x00,0x00,0x00,0x00,0x00,0x00,0x00,0x00,0x00,0x00,0x00,0x00,0x00,0x00,0x00,
	0x00,0x00,0x00,0x00,0x00,0x00,0x00,0x00,0x00,0x00,0x00,0x00,0x00,0x00,0x00,0x00,

	0x00,0x00,0x00,0x00,0x00,0x00,0x00,0x00,0x00,0x00,0x00,0x00,0x00,0x00,0x00,0x00,
	0x4A,0x29,0x00,0x00,0xEF,0x3D,0x00,0x00,0x63,0x0C,0x63,0x0C,0x63,0x0C,0x63,0x0C,
	0x63,0x0C,0x63,0x0C,0x63,0x0C,0x63,0x0C,0x63,0x0C,0x63,0x0C,0x63,0x0C,0x63,0x0C,
	0x63,0x0C,0x63,0x0C,0x63,0x0C,0x63,0x0C,0x63,0x0C,0x63,0x0C,0x63,0x0C,0x63,0x0C,
	0x63,0x0C,0x63,0x0C,0x63,0x0C,0x63,0x0C,0x63,0x0C,0x63,0x0C,0x63,0x0C,0x63,0x0C,
	0x63,0x0C,0x63,0x0C,0x63,0x0C,0x63,0x0C,0x63,0x0C,0x63,0x0C,0x63,0x0C,0x63,0x0C,
	0x63,0x0C,0x63,0x0C,0x63,0x0C,0x63,0x0C,0x63,0x0C,0x63,0x0C,0x63,0x0C,0x63,0x0C,
	0x63,0x0C,0x63,0x0C,0x63,0x0C,0x63,0x0C,0x63,0x0C,0x63,0x0C,0x63,0x0C,0x63,0x0C,

	0x63,0x0C,0x63,0x0C,0x63,0x0C,0x63,0x0C,0x63,0x0C,0x63,0x0C,0x63,0x0C,0x63,0x0C,
	0x63,0x0C,0x63,0x0C,0x63,0x0C,0x63,0x0C,0x63,0x0C,0x63,0x0C,0x63,0x0C,0x63,0x0C,
	0x63,0x0C,0x63,0x0C,0x63,0x0C,0x63,0x0C,0x63,0x0C,0x63,0x0C,0x63,0x0C,0x63,0x0C,
	0x63,0x0C,0x63,0x0C,0x63,0x0C,0x63,0x0C,0x63,0x0C,0x63,0x0C,0x63,0x0C,0x63,0x0C,
	0x63,0x0C,0x63,0x0C,0x63,0x0C,0x63,0x0C,0x63,0x0C,0x00,0x00,0xEF,0x3D,0x00,0x00,
	0x4A,0x29,0x00,0x00,0xEF,0x3D,0x00,0x00,0x63,0x0C,0x63,0x0C,0x63,0x0C,0x63,0x0C,
	0x63,0x0C,0x63,0x0C,0x63,0x0C,0x63,0x0C,0x63,0x0C,0x63,0x0C,0x63,0x0C,0x63,0x0C,
	0x63,0x0C,0x63,0x0C,0x63,0x0C,0x63,0x0C,0x63,0x0C,0x63,0x0C,0x63,0x0C,0x63,0x0C,

	0x63,0x0C,0x63,0x0C,0x63,0x0C,0x63,0x0C,0x63,0x0C,0x63,0x0C,0x63,0x0C,0x63,0x0C,
	0x63,0x0C,0x63,0x0C,0x63,0x0C,0x63,0x0C,0x63,0x0C,0x63,0x0C,0x63,0x0C,0x63,0x0C,
	0x63,0x0C,0x63,0x0C,0x63,0x0C,0x63,0x0C,0x63,0x0C,0x63,0x0C,0x63,0x0C,0x63,0x0C,
	0x63,0x0C,0x63,0x0C,0x63,0x0C,0x63,0x0C,0x63,0x0C,0x63,0x0C,0x63,0x0C,0x63,0x0C,
	0x63,0x0C,0x63,0x0C,0x63,0x0C,0x63,0x0C,0x63,0x0C,0x63,0x0C,0x63,0x0C,0x63,0x0C,
	0x63,0x0C,0x63,0x0C,0x63,0x0C,0x63,0x0C,0x63,0x0C,0x63,0x0C,0x63,0x0C,0x63,0x0C,
	0x63,0x0C,0x63,0x0C,0x63,0x0C,0x63,0x0C,0x63,0x0C,0x63,0x0C,0x63,0x0C,0x63,0x0C,
	0x63,0x0C,0x63,0x0C,0x63,0x0C,0x63,0x0C,0x63,0x0C,0x63,0x0C,0x63,0x0C,0x63,0x0C,

	0x63,0x0C,0x63,0x0C,0x63,0x0C,0x63,0x0C,0x63,0x0C,0x00,0x00,0xEF,0x3D,0x00,0x00,
	0x4A,0x29,0x00,0x00,0x00,0x00,0x00,0x00,0x00,0x00,0x00,0x00,0x00,0x00,0x00,0x00,
	0x00,0x00,0x00,0x00,0x00,0x00,0x00,0x00,0x00,0x00,0x00,0x00,0x00,0x00,0x00,0x00,
	0x00,0x00,0x00,0x00,0x00,0x00,0x00,0x00,0x00,0x00,0x00,0x00,0x00,0x00,0x00,0x00,
	0x63,0x0C,0x63,0x0C,0x63,0x0C,0x63,0x0C,0x63,0x0C,0x63,0x0C,0x63,0x0C,0x63,0x0C,
	0x63,0x0C,0x63,0x0C,0x63,0x0C,0x63,0x0C,0x63,0x0C,0x63,0x0C,0x63,0x0C,0x63,0x0C,
	0x63,0x0C,0x63,0x0C,0x63,0x0C,0x63,0x0C,0x63,0x0C,0x63,0x0C,0x63,0x0C,0x63,0x0C,
	0x4A,0x29,0x63,0x0C,0xEF,0x3D,0x00,0x00,0x63,0x0C,0x63,0x0C,0x63,0x0C,0x63,0x0C,

	0x63,0x0C,0x63,0x0C,0x63,0x0C,0x63,0x0C,0x63,0x0C,0x63,0x0C,0x63,0x0C,0x63,0x0C,
	0x63,0x0C,0x63,0x0C,0x63,0x0C,0x63,0x0C,0x63,0x0C,0x63,0x0C,0x63,0x0C,0x63,0x0C,
	0x63,0x0C,0x63,0x0C,0x63,0x0C,0x63,0x0C,0x63,0x0C,0x63,0x0C,0x63,0x0C,0x63,0x0C,
	0x63,0x0C,0x63,0x0C,0x63,0x0C,0x63,0x0C,0x63,0x0C,0x63,0x0C,0x63,0x0C,0x63,0x0C,
	0x63,0x0C,0x63,0x0C,0x63,0x0C,0x63,0x0C,0x63,0x0C,0x63,0x0C,0x63,0x0C,0x63,0x0C,
	0x63,0x0C,0x63,0x0C,0x63,0x0C,0x63,0x0C,0x63,0x0C,0x63,0x0C,0x63,0x0C,0x63,0x0C,
	0x63,0x0C,0x63,0x0C,0x63,0x0C,0x63,0x0C,0x63,0x0C,0x63,0x0C,0x63,0x0C,0x63,0x0C,
	0x63,0x0C,0x63,0x0C,0x63,0x0C,0x63,0x0C,0x63,0x0C,0x63,0x0C,0x63,0x0C,0x63,0x0C,

	0x63,0x0C,0x63,0x0C,0x63,0x0C,0x63,0x0C,0x63,0x0C,0x63,0x0C,0x63,0x0C,0x63,0x0C,
	0x63,0x0C,0x63,0x0C,0x63,0x0C,0x63,0x0C,0x63,0x0C,0x63,0x0C,0x63,0x0C,0x63,0x0C,
	0x63,0x0C,0x63,0x0C,0x63,0x0C,0x63,0x0C,0x63,0x0C,0x00,0x00,0xEF,0x3D,0x63,0x0C,
	0x4A,0x29,0x63,0x0C,0xEF,0x3D,0x00,0x00,0x63,0x0C,0x63,0x0C,0x63,0x0C,0x63,0x0C,
	0x63,0x0C,0x63,0x0C,0x63,0x0C,0x63,0x0C,0x63,0x0C,0x63,0x0C,0x63,0x0C,0x63,0x0C,
	0x63,0x0C,0x63,0x0C,0x63,0x0C,0x63,0x0C,0x63,0x0C,0x63,0x0C,0x63,0x0C,0x63,0x0C,
	0x63,0x0C,0x63,0x0C,0x63,0x0C,0x63,0x0C,0x63,0x0C,0x63,0x0C,0x63,0x0C,0x63,0x0C,
	0x63,0x0C,0x63,0x0C,0x63,0x0C,0x63,0x0C,0x63,0x0C,0x63,0x0C,0x63,0x0C,0x63,0x0C,

	0x63,0x0C,0x63,0x0C,0x63,0x0C,0x63,0x0C,0x63,0x0C,0x63,0x0C,0x63,0x0C,0x63,0x0C,
	0x63,0x0C,0x63,0x0C,0x63,0x0C,0x63,0x0C,0x63,0x0C,0x63,0x0C,0x63,0x0C,0x63,0x0C,
	0x63,0x0C,0x63,0x0C,0x63,0x0C,0x63,0x0C,0x63,0x0C,0x63,0x0C,0x63,0x0C,0x63,0x0C,
	0x63,0x0C,0x63,0x0C,0x63,0x0C,0x63,0x0C,0x63,0x0C,0x63,0x0C,0x63,0x0C,0x63,0x0C,
	0x63,0x0C,0x63,0x0C,0x63,0x0C,0x63,0x0C,0x63,0x0C,0x63,0x0C,0x63,0x0C,0x63,0x0C,
	0x63,0x0C,0x63,0x0C,0x63,0x0C,0x63,0x0C,0x63,0x0C,0x63,0x0C,0x63,0x0C,0x63,0x0C,
	0x63,0x0C,0x63,0x0C,0x63,0x0C,0x63,0x0C,0x63,0x0C,0x00,0x00,0xEF,0x3D,0x63,0x0C,
	0x4A,0x29,0x63,0x0C,0x63,0x0C,0x63,0x0C,0x63,0x0C,0x63,0x0C,0x63,0x0C,0x63,0x0C,

	0x63,0x0C,0x63,0x0C,0x63,0x0C,0x63,0x0C,0x63,0x0C,0x63,0x0C,0x63,0x0C,0x63,0x0C,
	0x63,0x0C,0x63,0x0C,0x63,0x0C,0x63,0x0C,0x63,0x0C,0x63,0x0C,0x63,0x0C,0x63,0x0C,
	0x00,0x00,0x00,0x00,0x00,0x00,0x00,0x00,0x00,0x00,0x00,0x00,0x00,0x00,0x00,0x00,
	0x00,0x00,0x00,0x00,0x00,0x00,0x00,0x00,0x00,0x00,0x00,0x00,0x00,0x00,0x00,0x00,
	0x00,0x00,0x00,0x00,0x00,0x00,0x00,0x00,0x00,0x00,0x00,0x00,0x00,0x00,0x00,0x00,
	0x4A,0x29,0x00,0x00,0xEF,0x3D,0x00,0x00,0x63,0x0C,0x63,0x0C,0x63,0x0C,0x63,0x0C,
	0x63,0x0C,0x63,0x0C,0x63,0x0C,0x63,0x0C,0x63,0x0C,0x63,0x0C,0x63,0x0C,0x63,0x0C,
	0x63,0x0C,0x63,0x0C,0x63,0x0C,0x63,0x0C,0x63,0x0C,0x63,0x0C,0x63,0x0C,0x63,0x0C,

	0x63,0x0C,0x63,0x0C,0x63,0x0C,0x63,0x0C,0x63,0x0C,0x63,0x0C,0x63,0x0C,0x63,0x0C,
	0x63,0x0C,0x63,0x0C,0x63,0x0C,0x63,0x0C,0x63,0x0C,0x63,0x0C,0x63,0x0C,0x63,0x0C,
	0x63,0x0C,0x63,0x0C,0x63,0x0C,0x63,0x0C,0x63,0x0C,0x63,0x0C,0x63,0x0C,0x63,0x0C,
	0x63,0x0C,0x63,0x0C,0x63,0x0C,0x63,0x0C,0x63,0x0C,0x63,0x0C,0x63,0x0C,0x63,0x0C,
	0x63,0x0C,0x63,0x0C,0x63,0x0C,0x63,0x0C,0x63,0x0C,0x63,0x0C,0x63,0x0C,0x63,0x0C,
	0x63,0x0C,0x63,0x0C,0x63,0x0C,0x63,0x0C,0x63,0x0C,0x63,0x0C,0x63,0x0C,0x63,0x0C,
	0x63,0x0C,0x63,0x0C,0x63,0x0C,0x63,0x0C,0x63,0x0C,0x63,0x0C,0x63,0x0C,0x63,0x0C,
	0x63,0x0C,0x63,0x0C,0x63,0x0C,0x63,0x0C,0x63,0x0C,0x63,0x0C,0x63,0x0C,0x63,0x0C,

	0x63,0x0C,0x63,0x0C,0x63,0x0C,0x63,0x0C,0x63,0x0C,0x00,0x00,0xEF,0x3D,0x00,0x00,
	0x4A,0x29,0x00,0x00,0xEF,0x3D,0x00,0x00,0x63,0x0C,0x63,0x0C,0x63,0x0C,0x63,0x0C,
	0x63,0x0C,0x63,0x0C,0x63,0x0C,0x63,0x0C,0x63,0x0C,0x63,0x0C,0x63,0x0C,0x63,0x0C,
	0x63,0x0C,0x63,0x0C,0x63,0x0C,0x63,0x0C,0x63,0x0C,0x63,0x0C,0x63,0x0C,0x63,0x0C,
	0x63,0x0C,0x63,0x0C,0x63,0x0C,0x63,0x0C,0x63,0x0C,0x63,0x0C,0x63,0x0C,0x63,0x0C,
	0x63,0x0C,0x63,0x0C,0x63,0x0C,0x63,0x0C,0x63,0x0C,0x63,0x0C,0x63,0x0C,0x63,0x0C,
	0x63,0x0C,0x63,0x0C,0x63,0x0C,0x63,0x0C,0x63,0x0C,0x63,0x0C,0x63,0x0C,0x63,0x0C,
	0x63,0x0C,0x63,0x0C,0x63,0x0C,0x63,0x0C,0x63,0x0C,0x63,0x0C,0x63,0x0C,0x63,0x0C,

	0x63,0x0C,0x63,0x0C,0x63,0x0C,0x63,0x0C,0x63,0x0C,0x63,0x0C,0x63,0x0C,0x63,0x0C,
	0x63,0x0C,0x63,0x0C,0x63,0x0C,0x63,0x0C,0x63,0x0C,0x63,0x0C,0x63,0x0C,0x63,0x0C,
	0x63,0x0C,0x63,0x0C,0x63,0x0C,0x63,0x0C,0x63,0x0C,0x63,0x0C,0x63,0x0C,0x63,0x0C,
	0x63,0x0C,0x63,0x0C,0x63,0x0C,0x63,0x0C,0x63,0x0C,0x63,0x0C,0x63,0x0C,0x63,0x0C,
	0x63,0x0C,0x63,0x0C,0x63,0x0C,0x63,0x0C,0x63,0x0C,0x00,0x00,0xEF,0x3D,0x00,0x00,
	0x4A,0x29,0x00,0x00,0x00,0x00,0x00,0x00,0x00,0x00,0x00,0x00,0x00,0x00,0x00,0x00,
	0x00,0x00,0x00,0x00,0x00,0x00,0x00,0x00,0x00,0x00,0x00,0x00,0x00,0x00,0x00,0x00,
	0x00,0x00,0x00,0x00,0x00,0x00,0x00,0x00,0x00,0x00,0x00,0x00,0x00,0x00,0x00,0x00,

	0x63,0x0C,0x63,0x0C,0x63,0x0C,0x63,0x0C,0x63,0x0C,0x63,0x0C,0x63,0x0C,0x63,0x0C,
	0x63,0x0C,0x63,0x0C,0x63,0x0C,0x63,0x0C,0x63,0x0C,0x63,0x0C,0x63,0x0C,0x63,0x0C,
	0x63,0x0C,0x63,0x0C,0x63,0x0C,0x63,0x0C,0x63,0x0C,0x63,0x0C,0x63,0x0C,0x63,0x0C,
	0x4A,0x29,0x63,0x0C,0xEF,0x3D,0x00,0x00,0x63,0x0C,0x63,0x0C,0x63,0x0C,0x63,0x0C,
	0x63,0x0C,0x63,0x0C,0x63,0x0C,0x63,0x0C,0x63,0x0C,0x63,0x0C,0x63,0x0C,0x63,0x0C,
	0x63,0x0C,0x63,0x0C,0x63,0x0C,0x63,0x0C,0x63,0x0C,0x63,0x0C,0x63,0x0C,0x63,0x0C,
	0x63,0x0C,0x63,0x0C,0x63,0x0C,0x63,0x0C,0x63,0x0C,0x63,0x0C,0x63,0x0C,0x63,0x0C,
	0x63,0x0C,0x63,0x0C,0x63,0x0C,0x63,0x0C,0x63,0x0C,0x63,0x0C,0x63,0x0C,0x63,0x0C,

	0x63,0x0C,0x63,0x0C,0x63,0x0C,0x63,0x0C,0x63,0x0C,0x63,0x0C,0x63,0x0C,0x63,0x0C,
	0x63,0x0C,0x63,0x0C,0x63,0x0C,0x63,0x0C,0x63,0x0C,0x63,0x0C,0x63,0x0C,0x63,0x0C,
	0x63,0x0C,0x63,0x0C,0x63,0x0C,0x63,0x0C,0x63,0x0C,0x63,0x0C,0x63,0x0C,0x63,0x0C,
	0x63,0x0C,0x63,0x0C,0x63,0x0C,0x63,0x0C,0x63,0x0C,0x63,0x0C,0x63,0x0C,0x63,0x0C,
	0x63,0x0C,0x63,0x0C,0x63,0x0C,0x63,0x0C,0x63,0x0C,0x63,0x0C,0x63,0x0C,0x63,0x0C,
	0x63,0x0C,0x63,0x0C,0x63,0x0C,0x63,0x0C,0x63,0x0C,0x63,0x0C,0x63,0x0C,0x63,0x0C,
	0x63,0x0C,0x63,0x0C,0x63,0x0C,0x63,0x0C,0x63,0x0C,0x00,0x00,0xEF,0x3D,0x63,0x0C,
	0x4A,0x29,0x63,0x0C,0xEF,0x3D,0x00,0x00,0x63,0x0C,0x63,0x0C,0x63,0x0C,0x63,0x0C,

	0x63,0x0C,0x63,0x0C,0x63,0x0C,0x63,0x0C,0x63,0x0C,0x63,0x0C,0x63,0x0C,0x63,0x0C,
	0x63,0x0C,0x63,0x0C,0x63,0x0C,0x63,0x0C,0x63,0x0C,0x63,0x0C,0x63,0x0C,0x63,0x0C,
	0x63,0x0C,0x63,0x0C,0x63,0x0C,0x63,0x0C,0x63,0x0C,0x63,0x0C,0x63,0x0C,0x63,0x0C,
	0x63,0x0C,0x63,0x0C,0x63,0x0C,0x63,0x0C,0x63,0x0C,0x63,0x0C,0x63,0x0C,0x63,0x0C,
	0x63,0x0C,0x63,0x0C,0x63,0x0C,0x63,0x0C,0x63,0x0C,0x63,0x0C,0x63,0x0C,0x63,0x0C,
	0x63,0x0C,0x63,0x0C,0x63,0x0C,0x63,0x0C,0x63,0x0C,0x63,0x0C,0x63,0x0C,0x63,0x0C,
	0x63,0x0C,0x63,0x0C,0x63,0x0C,0x63,0x0C,0x63,0x0C,0x63,0x0C,0x63,0x0C,0x63,0x0C,
	0x63,0x0C,0x63,0x0C,0x63,0x0C,0x63,0x0C,0x63,0x0C,0x63,0x0C,0x63,0x0C,0x63,0x0C,

	0x63,0x0C,0x63,0x0C,0x63,0x0C,0x63,0x0C,0x63,0x0C,0x63,0x0C,0x63,0x0C,0x63,0x0C,
	0x63,0x0C,0x63,0x0C,0x63,0x0C,0x63,0x0C,0x63,0x0C,0x63,0x0C,0x63,0x0C,0x63,0x0C,
	0x63,0x0C,0x63,0x0C,0x63,0x0C,0x63,0x0C,0x63,0x0C,0x00,0x00,0xEF,0x3D,0x63,0x0C,
	0x4A,0x29,0x63,0x0C,0x63,0x0C,0x63,0x0C,0x63,0x0C,0x63,0x0C,0x63,0x0C,0x63,0x0C,
	0x63,0x0C,0x63,0x0C,0x63,0x0C,0x63,0x0C,0x63,0x0C,0x63,0x0C,0x63,0x0C,0x63,0x0C,
	0x63,0x0C,0x63,0x0C,0x63,0x0C,0x63,0x0C,0x63,0x0C,0x63,0x0C,0x63,0x0C,0x63,0x0C,
	0x00,0x00,0x00,0x00,0x00,0x00,0x00,0x00,0x00,0x00,0x00,0x00,0x00,0x00,0x00,0x00,
	0x00,0x00,0x00,0x00,0x00,0x00,0x00,0x00,0x00,0x00,0x00,0x00,0x00,0x00,0x00,0x00,

	0x00,0x00,0x00,0x00,0x00,0x00,0x00,0x00,0x00,0x00,0x00,0x00,0x00,0x00,0x00,0x00,
	0x4A,0x29,0x00,0x00,0xEF,0x3D,0x00,0x00,0x63,0x0C,0x63,0x0C,0x63,0x0C,0x63,0x0C,
	0x63,0x0C,0x63,0x0C,0x63,0x0C,0x63,0x0C,0x63,0x0C,0x63,0x0C,0x63,0x0C,0x63,0x0C,
	0x63,0x0C,0x63,0x0C,0x63,0x0C,0x63,0x0C,0x63,0x0C,0x63,0x0C,0x63,0x0C,0x63,0x0C,
	0x63,0x0C,0x63,0x0C,0x63,0x0C,0x63,0x0C,0x63,0x0C,0x63,0x0C,0x63,0x0C,0x63,0x0C,
	0x63,0x0C,0x63,0x0C,0x63,0x0C,0x63,0x0C,0x63,0x0C,0x63,0x0C,0x63,0x0C,0x63,0x0C,
	0x63,0x0C,0x63,0x0C,0x63,0x0C,0x63,0x0C,0x63,0x0C,0x63,0x0C,0x63,0x0C,0x63,0x0C,
	0x63,0x0C,0x63,0x0C,0x63,0x0C,0x63,0x0C,0x63,0x0C,0x63,0x0C,0x63,0x0C,0x63,0x0C,

	0x63,0x0C,0x63,0x0C,0x63,0x0C,0x63,0x0C,0x63,0x0C,0x63,0x0C,0x63,0x0C,0x63,0x0C,
	0x63,0x0C,0x63,0x0C,0x63,0x0C,0x63,0x0C,0x63,0x0C,0x63,0x0C,0x63,0x0C,0x63,0x0C,
	0x63,0x0C,0x63,0x0C,0x63,0x0C,0x63,0x0C,0x63,0x0C,0x63,0x0C,0x63,0x0C,0x63,0x0C,
	0x63,0x0C,0x63,0x0C,0x63,0x0C,0x63,0x0C,0x63,0x0C,0x63,0x0C,0x63,0x0C,0x63,0x0C,
	0x63,0x0C,0x63,0x0C,0x63,0x0C,0x63,0x0C,0x63,0x0C,0x00,0x00,0xEF,0x3D,0x00,0x00,
	0x4A,0x29,0x00,0x00,0xEF,0x3D,0x00,0x00,0x63,0x0C,0x63,0x0C,0x63,0x0C,0x63,0x0C,
	0x63,0x0C,0x63,0x0C,0x63,0x0C,0x63,0x0C,0x63,0x0C,0x63,0x0C,0x63,0x0C,0x63,0x0C,
	0x63,0x0C,0x63,0x0C,0x63,0x0C,0x63,0x0C,0x63,0x0C,0x63,0x0C,0x63,0x0C,0x63,0x0C,

	0x63,0x0C,0x63,0x0C,0x63,0x0C,0x63,0x0C,0x63,0x0C,0x63,0x0C,0x63,0x0C,0x63,0x0C,
	0x63,0x0C,0x63,0x0C,0x63,0x0C,0x63,0x0C,0x63,0x0C,0x63,0x0C,0x63,0x0C,0x63,0x0C,
	0x63,0x0C,0x63,0x0C,0x63,0x0C,0x63,0x0C,0x63,0x0C,0x63,0x0C,0x63,0x0C,0x63,0x0C,
	0x63,0x0C,0x63,0x0C,0x63,0x0C,0x63,0x0C,0x63,0x0C,0x63,0x0C,0x63,0x0C,0x63,0x0C,
	0x63,0x0C,0x63,0x0C,0x63,0x0C,0x63,0x0C,0x63,0x0C,0x63,0x0C,0x63,0x0C,0x63,0x0C,
	0x63,0x0C,0x63,0x0C,0x63,0x0C,0x63,0x0C,0x63,0x0C,0x63,0x0C,0x63,0x0C,0x63,0x0C,
	0x63,0x0C,0x63,0x0C,0x63,0x0C,0x63,0x0C,0x63,0x0C,0x63,0x0C,0x63,0x0C,0x63,0x0C,
	0x63,0x0C,0x63,0x0C,0x63,0x0C,0x63,0x0C,0x63,0x0C,0x63,0x0C,0x63,0x0C,0x63,0x0C,

	0x63,0x0C,0x63,0x0C,0x63,0x0C,0x63,0x0C,0x63,0x0C,0x00,0x00,0xEF,0x3D,0x00,0x00,
	0x4A,0x29,0x00,0x00,0x00,0x00,0x00,0x00,0x00,0x00,0x00,0x00,0x00,0x00,0x00,0x00,
	0x00,0x00,0x00,0x00,0x00,0x00,0x00,0x00,0x00,0x00,0x00,0x00,0x00,0x00,0x00,0x00,
	0x00,0x00,0x00,0x00,0x00,0x00,0x00,0x00,0x00,0x00,0x00,0x00,0x00,0x00,0x00,0x00,
	0x63,0x0C,0x63,0x0C,0x63,0x0C,0x63,0x0C,0x63,0x0C,0x63,0x0C,0x63,0x0C,0x63,0x0C,
	0x63,0x0C,0x63,0x0C,0x63,0x0C,0x63,0x0C,0x63,0x0C,0x63,0x0C,0x63,0x0C,0x63,0x0C,
	0x63,0x0C,0x63,0x0C,0x63,0x0C,0x63,0x0C,0x63,0x0C,0x63,0x0C,0x63,0x0C,0x63,0x0C,
	0x4A,0x29,0x63,0x0C,0xEF,0x3D,0x00,0x00,0x63,0x0C,0x63,0x0C,0x63,0x0C,0x63,0x0C,

	0x63,0x0C,0x63,0x0C,0x63,0x0C,0x63,0x0C,0x63,0x0C,0x63,0x0C,0x63,0x0C,0x63,0x0C,
	0x63,0x0C,0x63,0x0C,0x63,0x0C,0x63,0x0C,0x63,0x0C,0x63,0x0C,0x63,0x0C,0x63,0x0C,
	0x63,0x0C,0x63,0x0C,0x63,0x0C,0x63,0x0C,0x63,0x0C,0x63,0x0C,0x63,0x0C,0x63,0x0C,
	0x63,0x0C,0x63,0x0C,0x63,0x0C,0x63,0x0C,0x63,0x0C,0x63,0x0C,0x63,0x0C,0x63,0x0C,
	0x63,0x0C,0x63,0x0C,0x63,0x0C,0x63,0x0C,0x63,0x0C,0x63,0x0C,0x63,0x0C,0x63,0x0C,
	0x63,0x0C,0x63,0x0C,0x63,0x0C,0x63,0x0C,0x63,0x0C,0x63,0x0C,0x63,0x0C,0x63,0x0C,
	0x63,0x0C,0x63,0x0C,0x63,0x0C,0x63,0x0C,0x63,0x0C,0x63,0x0C,0x63,0x0C,0x63,0x0C,
	0x63,0x0C,0x63,0x0C,0x63,0x0C,0x63,0x0C,0x63,0x0C,0x63,0x0C,0x63,0x0C,0x63,0x0C,

	0x63,0x0C,0x63,0x0C,0x63,0x0C,0x63,0x0C,0x63,0x0C,0x63,0x0C,0x63,0x0C,0x63,0x0C,
	0x63,0x0C,0x63,0x0C,0x63,0x0C,0x63,0x0C,0x63,0x0C,0x63,0x0C,0x63,0x0C,0x63,0x0C,
	0x63,0x0C,0x63,0x0C,0x63,0x0C,0x63,0x0C,0x63,0x0C,0x00,0x00,0xEF,0x3D,0x63,0x0C,
	0x4A,0x29,0x63,0x0C,0xEF,0x3D,0x00,0x00,0x63,0x0C,0x63,0x0C,0x63,0x0C,0x63,0x0C,
	0x63,0x0C,0x63,0x0C,0x63,0x0C,0x63,0x0C,0x63,0x0C,0x63,0x0C,0x63,0x0C,0x63,0x0C,
	0x63,0x0C,0x63,0x0C,0x63,0x0C,0x63,0x0C,0x63,0x0C,0x63,0x0C,0x63,0x0C,0x63,0x0C,
	0x63,0x0C,0x63,0x0C,0x63,0x0C,0x63,0x0C,0x63,0x0C,0x63,0x0C,0x63,0x0C,0x63,0x0C,
	0x63,0x0C,0x63,0x0C,0x63,0x0C,0x63,0x0C,0x63,0x0C,0x63,0x0C,0x63,0x0C,0x63,0x0C,

	0x63,0x0C,0x63,0x0C,0x63,0x0C,0x63,0x0C,0x63,0x0C,0x63,0x0C,0x63,0x0C,0x63,0x0C,
	0x63,0x0C,0x63,0x0C,0x63,0x0C,0x63,0x0C,0x63,0x0C,0x63,0x0C,0x63,0x0C,0x63,0x0C,
	0x63,0x0C,0x63,0x0C,0x63,0x0C,0x63,0x0C,0x63,0x0C,0x63,0x0C,0x63,0x0C,0x63,0x0C,
	0x63,0x0C,0x63,0x0C,0x63,0x0C,0x63,0x0C,0x63,0x0C,0x63,0x0C,0x63,0x0C,0x63,0x0C,
	0x63,0x0C,0x63,0x0C,0x63,0x0C,0x63,0x0C,0x63,0x0C,0x63,0x0C,0x63,0x0C,0x63,0x0C,
	0x63,0x0C,0x63,0x0C,0x63,0x0C,0x63,0x0C,0x63,0x0C,0x63,0x0C,0x63,0x0C,0x63,0x0C,
	0x63,0x0C,0x63,0x0C,0x63,0x0C,0x63,0x0C,0x63,0x0C,0x00,0x00,0xEF,0x3D,0x63,0x0C,
	0x4A,0x29,0x63,0x0C,0x63,0x0C,0x63,0x0C,0x63,0x0C,0x63,0x0C,0x63,0x0C,0x63,0x0C,

	0x63,0x0C,0x63,0x0C,0x63,0x0C,0x63,0x0C,0x63,0x0C,0x63,0x0C,0x63,0x0C,0x63,0x0C,
	0x63,0x0C,0x63,0x0C,0x63,0x0C,0x63,0x0C,0x63,0x0C,0x63,0x0C,0x63,0x0C,0x63,0x0C,
	0x00,0x00,0x00,0x00,0x00,0x00,0x00,0x00,0x00,0x00,0x00,0x00,0x00,0x00,0x00,0x00,
	0x00,0x00,0x00,0x00,0x00,0x00,0x00,0x00,0x00,0x00,0x00,0x00,0x00,0x00,0x00,0x00,
	0x00,0x00,0x00,0x00,0x00,0x00,0x00,0x00,0x00,0x00,0x00,0x00,0x00,0x00,0x00,0x00,
	0x4A,0x29,0x00,0x00,0xEF,0x3D,0x00,0x00,0x00,0x00,0x00,0x00,0x00,0x00,0x00,0x00,
	0x00,0x00,0x00,0x00,0x00,0x00,0x00,0x00,0x00,0x00,0x00,0x00,0x00,0x00,0x00,0x00,
	0x00,0x00,0x00,0x00,0x00,0x00,0x00,0x00,0x00,0x00,0x00,0x00,0x00,0x00,0x00,0x00,

	0x00,0x00,0x00,0x00,0x00,0x00,0x00,0x00,0x00,0x00,0x00,0x00,0x00,0x00,0x00,0x00,
	0x00,0x00,0x00,0x00,0x00,0x00,0x00,0x00,0x00,0x00,0x00,0x00,0x00,0x00,0x00,0x00,
	0x00,0x00,0x00,0x00,0x00,0x00,0x00,0x00,0x00,0x00,0x00,0x00,0x00,0x00,0x00,0x00,
	0x00,0x00,0x00,0x00,0x00,0x00,0x00,0x00,0x00,0x00,0x00,0x00,0x00,0x00,0x00,0x00,
	0x00,0x00,0x00,0x00,0x00,0x00,0x00,0x00,0x00,0x00,0x00,0x00,0x00,0x00,0x00,0x00,
	0x00,0x00,0x00,0x00,0x00,0x00,0x00,0x00,0x00,0x00,0x00,0x00,0x00,0x00,0x00,0x00,
	0x00,0x00,0x00,0x00,0x00,0x00,0x00,0x00,0x00,0x00,0x00,0x00,0x00,0x00,0x00,0x00,
	0x00,0x00,0x00,0x00,0x00,0x00,0x00,0x00,0x00,0x00,0x00,0x00,0x00,0x00,0x00,0x00,

	0x00,0x00,0x00,0x00,0x00,0x00,0x00,0x00,0x00,0x00,0x00,0x00,0xEF,0x3D,0x00,0x00,
	0x4A,0x29,0x00,0x00,0xEF,0x3D,0x00,0x00,0x00,0x00,0x00,0x00,0x00,0x00,0x00,0x00,
	0x00,0x00,0x00,0x00,0x00,0x00,0x00,0x00,0x00,0x00,0x00,0x00,0x00,0x00,0x00,0x00,
	0x00,0x00,0x00,0x00,0x00,0x00,0x00,0x00,0x00,0x00,0x00,0x00,0x00,0x00,0x00,0x00,
	0x00,0x00,0x00,0x00,0x00,0x00,0x00,0x00,0x00,0x00,0x00,0x00,0x00,0x00,0x00,0x00,
	0x00,0x00,0x00,0x00,0x00,0x00,0x00,0x00,0x00,0x00,0x00,0x00,0x00,0x00,0x00,0x00,
	0x00,0x00,0x00,0x00,0x00,0x00,0x00,0x00,0x00,0x00,0x00,0x00,0x00,0x00,0x00,0x00,
	0x00,0x00,0x00,0x00,0x00,0x00,0x00,0x00,0x00,0x00,0x00,0x00,0x00,0x00,0x00,0x00,

	0x00,0x00,0x00,0x00,0x00,0x00,0x00,0x00,0x00,0x00,0x00,0x00,0x00,0x00,0x00,0x00,
	0x00,0x00,0x00,0x00,0x00,0x00,0x00,0x00,0x00,0x00,0x00,0x00,0x00,0x00,0x00,0x00,
	0x00,0x00,0x00,0x00,0x00,0x00,0x00,0x00,0x00,0x00,0x00,0x00,0x00,0x00,0x00,0x00,
	0x00,0x00,0x00,0x00,0x00,0x00,0x00,0x00,0x00,0x00,0x00,0x00,0x00,0x00,0x00,0x00,
	0x00,0x00,0x00,0x00,0x00,0x00,0x00,0x00,0x00,0x00,0x00,0x00,0xEF,0x3D,0x00,0x00,
	0x4A,0x29,0x00,0x00,0x00,0x00,0x00,0x00,0x00,0x00,0x00,0x00,0x00,0x00,0x00,0x00,
	0x00,0x00,0x00,0x00,0x00,0x00,0x00,0x00,0x00,0x00,0x00,0x00,0x00,0x00,0x00,0x00,
	0x00,0x00,0x00,0x00,0x00,0x00,0x00,0x00,0x00,0x00,0x00,0x00,0x00,0x00,0x00,0x00,

	0x63,0x0C,0x63,0x0C,0x63,0x0C,0x63,0x0C,0x63,0x0C,0x63,0x0C,0x63,0x0C,0x63,0x0C,
	0x63,0x0C,0x63,0x0C,0x63,0x0C,0x63,0x0C,0x63,0x0C,0x63,0x0C,0x63,0x0C,0x63,0x0C,
	0x63,0x0C,0x63,0x0C,0x63,0x0C,0x63,0x0C,0x63,0x0C,0x63,0x0C,0x63,0x0C,0x63,0x0C,
	0x4A,0x29,0x63,0x0C,0xEF,0x3D,0xEF,0x3D,0xEF,0x3D,0xEF,0x3D,0xEF,0x3D,0xEF,0x3D,
	0xEF,0x3D,0xEF,0x3D,0xEF,0x3D,0xEF,0x3D,0xEF,0x3D,0xEF,0x3D,0xEF,0x3D,0xEF,0x3D,
	0xEF,0x3D,0xEF,0x3D,0xEF,0x3D,0xEF,0x3D,0xEF,0x3D,0xEF,0x3D,0xEF,0x3D,0xEF,0x3D,
	0xEF,0x3D,0xEF,0x3D,0xEF,0x3D,0xEF,0x3D,0xEF,0x3D,0xEF,0x3D,0xEF,0x3D,0xEF,0x3D,
	0xEF,0x3D,0xEF,0x3D,0xEF,0x3D,0xEF,0x3D,0xEF,0x3D,0xEF,0x3D,0xEF,0x3D,0xEF,0x3D,

	0xEF,0x3D,0xEF,0x3D,0xEF,0x3D,0xEF,0x3D,0xEF,0x3D,0xEF,0x3D,0xEF,0x3D,0xEF,0x3D,
	0xEF,0x3D,0xEF,0x3D,0xEF,0x3D,0xEF,0x3D,0xEF,0x3D,0xEF,0x3D,0xEF,0x3D,0xEF,0x3D,
	0xEF,0x3D,0xEF,0x3D,0xEF,0x3D,0xEF,0x3D,0xEF,0x3D,0xEF,0x3D,0xEF,0x3D,0xEF,0x3D,
	0xEF,0x3D,0xEF,0x3D,0xEF,0x3D,0xEF,0x3D,0xEF,0x3D,0xEF,0x3D,0xEF,0x3D,0xEF,0x3D,
	0xEF,0x3D,0xEF,0x3D,0xEF,0x3D,0xEF,0x3D,0xEF,0x3D,0xEF,0x3D,0xEF,0x3D,0xEF,0x3D,
	0xEF,0x3D,0xEF,0x3D,0xEF,0x3D,0xEF,0x3D,0xEF,0x3D,0xEF,0x3D,0xEF,0x3D,0xEF,0x3D,
	0xEF,0x3D,0xEF,0x3D,0xEF,0x3D,0xEF,0x3D,0xEF,0x3D,0xEF,0x3D,0xEF,0x3D,0x63,0x0C,
	0x4A,0x29,0x63,0x0C,0xEF,0x3D,0xEF,0x3D,0xEF,0x3D,0xEF,0x3D,0xEF,0x3D,0xEF,0x3D,

	0xEF,0x3D,0xEF,0x3D,0xEF,0x3D,0xEF,0x3D,0xEF,0x3D,0xEF,0x3D,0xEF,0x3D,0xEF,0x3D,
	0xEF,0x3D,0xEF,0x3D,0xEF,0x3D,0xEF,0x3D,0xEF,0x3D,0xEF,0x3D,0xEF,0x3D,0xEF,0x3D,
	0xEF,0x3D,0xEF,0x3D,0xEF,0x3D,0xEF,0x3D,0xEF,0x3D,0xEF,0x3D,0xEF,0x3D,0xEF,0x3D,
	0xEF,0x3D,0xEF,0x3D,0xEF,0x3D,0xEF,0x3D,0xEF,0x3D,0xEF,0x3D,0xEF,0x3D,0xEF,0x3D,
	0xEF,0x3D,0xEF,0x3D,0xEF,0x3D,0xEF,0x3D,0xEF,0x3D,0xEF,0x3D,0xEF,0x3D,0xEF,0x3D,
	0xEF,0x3D,0xEF,0x3D,0xEF,0x3D,0xEF,0x3D,0xEF,0x3D,0xEF,0x3D,0xEF,0x3D,0xEF,0x3D,
	0xEF,0x3D,0xEF,0x3D,0xEF,0x3D,0xEF,0x3D,0xEF,0x3D,0xEF,0x3D,0xEF,0x3D,0xEF,0x3D,
	0xEF,0x3D,0xEF,0x3D,0xEF,0x3D,0xEF,0x3D,0xEF,0x3D,0xEF,0x3D,0xEF,0x3D,0xEF,0x3D,

	0xEF,0x3D,0xEF,0x3D,0xEF,0x3D,0xEF,0x3D,0xEF,0x3D,0xEF,0x3D,0xEF,0x3D,0xEF,0x3D,
	0xEF,0x3D,0xEF,0x3D,0xEF,0x3D,0xEF,0x3D,0xEF,0x3D,0xEF,0x3D,0xEF,0x3D,0xEF,0x3D,
	0xEF,0x3D,0xEF,0x3D,0xEF,0x3D,0xEF,0x3D,0xEF,0x3D,0xEF,0x3D,0xEF,0x3D,0x63,0x0C,
	0x4A,0x29,0x63,0x0C,0x63,0x0C,0x63,0x0C,0x63,0x0C,0x63,0x0C,0x63,0x0C,0x63,0x0C,
	0x63,0x0C,0x63,0x0C,0x63,0x0C,0x63,0x0C,0x63,0x0C,0x63,0x0C,0x63,0x0C,0x63,0x0C,
	0x63,0x0C,0x63,0x0C,0x63,0x0C,0x63,0x0C,0x63,0x0C,0x63,0x0C,0x63,0x0C,0x63,0x0C,
	0x00,0x00,0x00,0x00,0x00,0x00,0x00,0x00,0x00,0x00,0x00,0x00,0x00,0x00,0x00,0x00,
	0x00,0x00,0x00,0x00,0x00,0x00,0x00,0x00,0x00,0x00,0x00,0x00,0x00,0x00,0x00,0x00,

	0x00,0x00,0x00,0x00,0x00,0x00,0x00,0x00,0x00,0x00,0x00,0x00,0x00,0x00,0x4A,0x29,
	0x4A,0x29,0x4A,0x29,0x00,0x00,0x00,0x00,0x00,0x00,0x00,0x00,0x00,0x00,0x00,0x00,
	0x00,0x00,0x00,0x00,0x00,0x00,0x00,0x00,0x00,0x00,0x00,0x00,0x00,0x00,0x00,0x00,
	0x00,0x00,0x00,0x00,0x00,0x00,0x00,0x00,0x00,0x00,0x00,0x00,0x00,0x00,0x00,0x00,
	0x00,0x00,0x00,0x00,0x00,0x00,0x00,0x00,0x00,0x00,0x00,0x00,0x00,0x00,0x00,0x00,
	0x00,0x00,0x00,0x00,0x00,0x00,0x00,0x00,0x00,0x00,0x00,0x00,0x00,0x00,0x00,0x00,
	0x00,0x00,0x00,0x00,0x00,0x00,0x00,0x00,0x00,0x00,0x00,0x00,0x00,0x00,0x4A,0x29,
	0x4A,0x29,0x4A,0x29,0x00,0x00,0x00,0x00,0x00,0x00,0x00,0x00,0x00,0x00,0x00,0x00,

	0x00,0x00,0x00,0x00,0x00,0x00,0x00,0x00,0x00,0x00,0x00,0x00,0x00,0x00,0x00,0x00,
	0x00,0x00,0x00,0x00,0x00,0x00,0x00,0x00,0x00,0x00,0x00,0x00,0x00,0x00,0x00,0x00,
	0x00,0x00,0x00,0x00,0x00,0x00,0x00,0x00,0x00,0x00,0x00,0x00,0x00,0x00,0x00,0x00,
	0x00,0x00,0x00,0x00,0x00,0x00,0x00,0x00,0x00,0x00,0x00,0x00,0x00,0x00,0x00,0x00,
	0x00,0x00,0x00,0x00,0x00,0x00,0x00,0x00,0x00,0x00,0x00,0x00,0x00,0x00,0x4A,0x29,
	0x4A,0x29,0x4A,0x29,0x00,0x00,0x00,0x00,0x00,0x00,0x00,0x00,0x00,0x00,0x00,0x00,
	0x00,0x00,0x00,0x00,0x00,0x00,0x00,0x00,0x00,0x00,0x00,0x00,0x00,0x00,0x00,0x00,
	0x00,0x00,0x00,0x00,0x00,0x00,0x00,0x00,0x00,0x00,0x00,0x00,0x00,0x00,0x00,0x00,

	0x00,0x00,0x00,0x00,0x00,0x00,0x00,0x00,0x00,0x00,0x00,0x00,0x00,0x00,0x00,0x00,
	0x00,0x00,0x00,0x00,0x00,0x00,0x00,0x00,0x00,0x00,0x00,0x00,0x00,0x00,0x00,0x00,
	0x00,0x00,0x00,0x00,0x00,0x00,0x00,0x00,0x00,0x00,0x00,0x00,0x00,0x00,0x4A,0x29,
	0x4A,0x29,0x4A,0x29,0x00,0x00,0x00,0x00,0x00,0x00,0x00,0x00,0x00,0x00,0x00,0x00,
	0x00,0x00,0x00,0x00,0x00,0x00,0x00,0x00,0x00,0x00,0x00,0x00,0x00,0x00,0x00,0x00,
	0x00,0x00,0x00,0x00,0x00,0x00,0x00,0x00,0x00,0x00,0x00,0x00,0x00,0x00,0x00,0x00,
	0x00,0x00,0x00,0x00,0x00,0x00,0x00,0x00,0x00,0x00,0x00,0x00,0x00,0x00,0x00,0x00,
	0x00,0x00,0x00,0x00,0x00,0x00,0x00,0x00,0x00,0x00,0x00,0x00,0x00,0x00,0x00,0x00,

	0x00,0x00,0x00,0x00,0x00,0x00,0x00,0x00,0x00,0x00,0x00,0x00,0x00,0x00,0x4A,0x29,
	0x4A,0x29,0x4A,0x29,0x00,0x00,0x00,0x00,0x00,0x00,0x00,0x00,0x00,0x00,0x00,0x00,
	0x00,0x00,0x00,0x00,0x00,0x00,0x00,0x00,0x00,0x00,0x00,0x00,0x00,0x00,0x00,0x00,
	0x00,0x00,0x00,0x00,0x00,0x00,0x00,0x00,0x00,0x00,0x00,0x00,0x00,0x00,0x00,0x00,
	0x4A,0x29,0x4A,0x29,0x4A,0x29,0x4A,0x29,0x4A,0x29,0x4A,0x29,0x4A,0x29,0x4A,0x29,
	0x4A,0x29,0x4A,0x29,0x4A,0x29,0x4A,0x29,0x4A,0x29,0x4A,0x29,0x4A,0x29,0x4A,0x29,
	0x4A,0x29,0x4A,0x29,0x4A,0x29,0x4A,0x29,0x4A,0x29,0x4A,0x29,0x4A,0x29,0x4A,0x29,
	0x4A,0x29,0x4A,0x29,0x4A,0x29,0x4A,0x29,0x4A,0x29,0x4A,0x29,0x4A,0x29,0x4A,0x29,

	0x4A,0x29,0x4A,0x29,0x4A,0x29,0x4A,0x29,0x4A,0x29,0x4A,0x29,0x4A,0x29,0x4A,0x29,
	0x4A,0x29,0x4A,0x29,0x4A,0x29,0x4A,0x29,0x4A,0x29,0x4A,0x29,0x4A,0x29,0x4A,0x29,
	0x4A,0x29,0x4A,0x29,0x4A,0x29,0x4A,0x29,0x4A,0x29,0x4A,0x29,0x4A,0x29,0x4A,0x29,
	0x4A,0x29,0x4A,0x29,0x4A,0x29,0x4A,0x29,0x4A,0x29,0x4A,0x29,0x4A,0x29,0x4A,0x29,
	0x4A,0x29,0x4A,0x29,0x4A,0x29,0x4A,0x29,0x4A,0x29,0x4A,0x29,0x4A,0x29,0x4A,0x29,
	0x4A,0x29,0x4A,0x29,0x4A,0x29,0x4A,0x29,0x4A,0x29,0x4A,0x29,0x4A,0x29,0x4A,0x29,
	0x4A,0x29,0x4A,0x29,0x4A,0x29,0x4A,0x29,0x4A,0x29,0x4A,0x29,0x4A,0x29,0x4A,0x29,
	0x4A,0x29,0x4A,0x29,0x4A,0x29,0x4A,0x29,0x4A,0x29,0x4A,0x29,0x4A,0x29,0x4A,0x29,

	0x4A,0x29,0x4A,0x29,0x4A,0x29,0x4A,0x29,0x4A,0x29,0x4A,0x29,0x4A,0x29,0x4A,0x29,
	0x4A,0x29,0x4A,0x29,0x4A,0x29,0x4A,0x29,0x4A,0x29,0x4A,0x29,0x4A,0x29,0x4A,0x29,
	0x4A,0x29,0x4A,0x29,0x4A,0x29,0x4A,0x29,0x4A,0x29,0x4A,0x29,0x4A,0x29,0x4A,0x29,
	0x4A,0x29,0x4A,0x29,0x4A,0x29,0x4A,0x29,0x4A,0x29,0x4A,0x29,0x4A,0x29,0x4A,0x29,
	0x4A,0x29,0x4A,0x29,0x4A,0x29,0x4A,0x29,0x4A,0x29,0x4A,0x29,0x4A,0x29,0x4A,0x29,
	0x4A,0x29,0x4A,0x29,0x4A,0x29,0x4A,0x29,0x4A,0x29,0x4A,0x29,0x4A,0x29,0x4A,0x29,
	0x4A,0x29,0x4A,0x29,0x4A,0x29,0x4A,0x29,0x4A,0x29,0x4A,0x29,0x4A,0x29,0x4A,0x29,
	0x4A,0x29,0x4A,0x29,0x4A,0x29,0x4A,0x29,0x4A,0x29,0x4A,0x29,0x4A,0x29,0x4A,0x29,

	0x4A,0x29,0x4A,0x29,0x4A,0x29,0x4A,0x29,0x4A,0x29,0x4A,0x29,0x4A,0x29,0x4A,0x29,
	0x4A,0x29,0x4A,0x29,0x4A,0x29,0x4A,0x29,0x4A,0x29,0x4A,0x29,0x4A,0x29,0x4A,0x29,
	0x4A,0x29,0x4A,0x29,0x4A,0x29,0x4A,0x29,0x4A,0x29,0x4A,0x29,0x4A,0x29,0x4A,0x29,
	0x4A,0x29,0x4A,0x29,0x4A,0x29,0x4A,0x29,0x4A,0x29,0x4A,0x29,0x4A,0x29,0x4A,0x29,
	0x4A,0x29,0x4A,0x29,0x4A,0x29,0x4A,0x29,0x4A,0x29,0x4A,0x29,0x4A,0x29,0x4A,0x29,
	0x4A,0x29,0x4A,0x29,0x4A,0x29,0x4A,0x29,0x4A,0x29,0x4A,0x29,0x4A,0x29,0x4A,0x29,
	0x4A,0x29,0x4A,0x29,0x4A,0x29,0x4A,0x29,0x4A,0x29,0x4A,0x29,0x4A,0x29,0x4A,0x29,
	0x4A,0x29,0x4A,0x29,0x4A,0x29,0x4A,0x29,0x4A,0x29,0x4A,0x29,0x4A,0x29,0x4A,0x29,

	0x4A,0x29,0x4A,0x29,0x4A,0x29,0x4A,0x29,0x4A,0x29,0x4A,0x29,0x4A,0x29,0x4A,0x29,
	0x4A,0x29,0x4A,0x29,0x4A,0x29,0x4A,0x29,0x4A,0x29,0x4A,0x29,0x4A,0x29,0x4A,0x29,
	0x00,0x00,0x00,0x00,0x00,0x00,0x00,0x00,0x00,0x00,0x00,0x00,0x00,0x00,0x00,0x00,
	0x00,0x00,0x00,0x00,0x00,0x00,0x00,0x00,0x00,0x00,0x00,0x00,0x00,0x00,0x00,0x00,
	0x00,0x00,0x00,0x00,0x00,0x00,0x00,0x00,0x00,0x00,0x00,0x00,0x00,0x00,0x4A,0x29,
	0x4A,0x29,0x4A,0x29,0x00,0x00,0x00,0x00,0x00,0x00,0x00,0x00,0x00,0x00,0x00,0x00,
	0x00,0x00,0x00,0x00,0x00,0x00,0x00,0x00,0x00,0x00,0x00,0x00,0x00,0x00,0x00,0x00,
	0x00,0x00,0x00,0x00,0x00,0x00,0x00,0x00,0x00,0x00,0x00,0x00,0x00,0x00,0x00,0x00,

	0x00,0x00,0x00,0x00,0x00,0x00,0x00,0x00,0x00,0x00,0x00,0x00,0x00,0x00,0x00,0x00,
	0x00,0x00,0x00,0x00,0x00,0x00,0x00,0x00,0x00,0x00,0x00,0x00,0x00,0x00,0x00,0x00,
	0x00,0x00,0x00,0x00,0x00,0x00,0x00,0x00,0x00,0x00,0x00,0x00,0x00,0x00,0x4A,0x29,
	0x4A,0x29,0x4A,0x29,0x00,0x00,0x00,0x00,0x00,0x00,0x00,0x00,0x00,0x00,0x00,0x00,
	0x00,0x00,0x00,0x00,0x00,0x00,0x00,0x00,0x00,0x00,0x00,0x00,0x00,0x00,0x00,0x00,
	0x00,0x00,0x00,0x00,0x00,0x00,0x00,0x00,0x00,0x00,0x00,0x00,0x00,0x00,0x00,0x00,
	0x00,0x00,0x00,0x00,0x00,0x00,0x00,0x00,0x00,0x00,0x00,0x00,0x00,0x00,0x00,0x00,
	0x00,0x00,0x00,0x00,0x00,0x00,0x00,0x00,0x00,0x00,0x00,0x00,0x00,0x00,0x00,0x00,

	0x00,0x00,0x00,0x00,0x00,0x00,0x00,0x00,0x00,0x00,0x00,0x00,0x00,0x00,0x4A,0x29,
	0x4A,0x29,0x4A,0x29,0x00,0x00,0x00,0x00,0x00,0x00,0x00,0x00,0x00,0x00,0x00,0x00,
	0x00,0x00,0x00,0x00,0x00,0x00,0x00,0x00,0x00,0x00,0x00,0x00,0x00,0x00,0x00,0x00,
	0x00,0x00,0x00,0x00,0x00,0x00,0x00,0x00,0x00,0x00,0x00,0x00,0x00,0x00,0x00,0x00,
	0x00,0x00,0x00,0x00,0x00,0x00,0x00,0x00,0x00,0x00,0x00,0x00,0x00,0x00,0x00,0x00,
	0x00,0x00,0x00,0x00,0x00,0x00,0x00,0x00,0x00,0x00,0x00,0x00,0x00,0x00,0x00,0x00,
	0x00,0x00,0x00,0x00,0x00,0x00,0x00,0x00,0x00,0x00,0x00,0x00,0x00,0x00,0x4A,0x29,
	0x4A,0x29,0x4A,0x29,0x00,0x00,0x00,0x00,0x00,0x00,0x00,0x00,0x00,0x00,0x00,0x00,

	0x00,0x00,0x00,0x00,0x00,0x00,0x00,0x00,0x00,0x00,0x00,0x00,0x00,0x00,0x00,0x00,
	0x00,0x00,0x00,0x00,0x00,0x00,0x00,0x00,0x00,0x00,0x00,0x00,0x00,0x00,0x00,0x00,
	0x00,0x00,0x00,0x00,0x00,0x00,0x00,0x00,0x00,0x00,0x00,0x00,0x00,0x00,0x00,0x00,
	0x00,0x00,0x00,0x00,0x00,0x00,0x00,0x00,0x00,0x00,0x00,0x00,0x00,0x00,0x00,0x00,
	0x00,0x00,0x00,0x00,0x00,0x00,0x00,0x00,0x00,0x00,0x00,0x00,0x00,0x00,0x4A,0x29,
	0x4A,0x29,0x4A,0x29,0x00,0x00,0x00,0x00,0x00,0x00,0x00,0x00,0x00,0x00,0x00,0x00,
	0x00,0x00,0x00,0x00,0x00,0x00,0x00,0x00,0x00,0x00,0x00,0x00,0x00,0x00,0x00,0x00,
	0x00,0x00,0x00,0x00,0x00,0x00,0x00,0x00,0x00,0x00,0x00,0x00,0x00,0x00,0x00,0x00,

	0x63,0x0C,0x63,0x0C,0x63,0x0C,0x63,0x0C,0x63,0x0C,0x63,0x0C,0x63,0x0C,0x63,0x0C,
	0x63,0x0C,0x63,0x0C,0x63,0x0C,0x63,0x0C,0x63,0x0C,0x63,0x0C,0x63,0x0C,0x63,0x0C,
	0x63,0x0C,0x63,0x0C,0x63,0x0C,0x63,0x0C,0x63,0x0C,0x63,0x0C,0x63,0x0C,0x63,0x0C,
	0x4A,0x29,0x63,0x0C,0x63,0x0C,0x63,0x0C,0x63,0x0C,0x63,0x0C,0x63,0x0C,0x63,0x0C,
	0x63,0x0C,0x63,0x0C,0x63,0x0C,0x63,0x0C,0x63,0x0C,0x63,0x0C,0x63,0x0C,0x63,0x0C,
	0x63,0x0C,0x63,0x0C,0x63,0x0C,0x63,0x0C,0x63,0x0C,0x63,0x0C,0x63,0x0C,0x63,0x0C,
	0x63,0x0C,0x63,0x0C,0x63,0x0C,0x63,0x0C,0x63,0x0C,0x63,0x0C,0x63,0x0C,0x63,0x0C,
	0x63,0x0C,0x63,0x0C,0x63,0x0C,0x63,0x0C,0x63,0x0C,0x63,0x0C,0x63,0x0C,0x63,0x0C,

	0x63,0x0C,0x63,0x0C,0x63,0x0C,0x63,0x0C,0x63,0x0C,0x63,0x0C,0x63,0x0C,0x63,0x0C,
	0x4A,0x29,0x63,0x0C,0x63,0x0C,0x63,0x0C,0x63,0x0C,0x63,0x0C,0x63,0x0C,0x63,0x0C,
	0x63,0x0C,0x63,0x0C,0x63,0x0C,0x63,0x0C,0x63,0x0C,0x63,0x0C,0x63,0x0C,0x63,0x0C,
	0x63,0x0C,0x63,0x0C,0x63,0x0C,0x63,0x0C,0x63,0x0C,0x63,0x0C,0x63,0x0C,0x63,0x0C,
	0x63,0x0C,0x63,0x0C,0x63,0x0C,0x63,0x0C,0x63,0x0C,0x63,0x0C,0x63,0x0C,0x63,0x0C,
	0x63,0x0C,0x63,0x0C,0x63,0x0C,0x63,0x0C,0x63,0x0C,0x63,0x0C,0x63,0x0C,0x63,0x0C,
	0x63,0x0C,0x63,0x0C,0x63,0x0C,0x63,0x0C,0x63,0x0C,0x63,0x0C,0x63,0x0C,0x63,0x0C,
	0x4A,0x29,0x63,0x0C,0x63,0x0C,0x63,0x0C,0x63,0x0C,0x63,0x0C,0x63,0x0C,0x63,0x0C,

	0x63,0x0C,0x63,0x0C,0x63,0x0C,0x63,0x0C,0x63,0x0C,0x63,0x0C,0x63,0x0C,0x63,0x0C,
	0x63,0x0C,0x63,0x0C,0x63,0x0C,0x63,0x0C,0x63,0x0C,0x63,0x0C,0x63,0x0C,0x63,0x0C,
	0x63,0x0C,0x63,0x0C,0x63,0x0C,0x63,0x0C,0x63,0x0C,0x63,0x0C,0x63,0x0C,0x63,0x0C,
	0x63,0x0C,0x63,0x0C,0x63,0x0C,0x63,0x0C,0x63,0x0C,0x63,0x0C,0x63,0x0C,0x63,0x0C,
	0x63,0x0C,0x63,0x0C,0x63,0x0C,0x63,0x0C,0x63,0x0C,0x63,0x0C,0x63,0x0C,0x63,0x0C,
	0x4A,0x29,0x63,0x0C,0x63,0x0C,0x63,0x0C,0x63,0x0C,0x63,0x0C,0x63,0x0C,0x63,0x0C,
	0x63,0x0C,0x63,0x0C,0x63,0x0C,0x63,0x0C,0x63,0x0C,0x63,0x0C,0x63,0x0C,0x63,0x0C,
	0x63,0x0C,0x63,0x0C,0x63,0x0C,0x63,0x0C,0x63,0x0C,0x63,0x0C,0x63,0x0C,0x63,0x0C,

	0x63,0x0C,0x63,0x0C,0x63,0x0C,0x63,0x0C,0x63,0x0C,0x63,0x0C,0x63,0x0C,0x63,0x0C,
	0x63,0x0C,0x63,0x0C,0x63,0x0C,0x63,0x0C,0x63,0x0C,0x63,0x0C,0x63,0x0C,0x63,0x0C,
	0x63,0x0C,0x63,0x0C,0x63,0x0C,0x63,0x0C,0x63,0x0C,0x63,0x0C,0x63,0x0C,0x63,0x0C,
	0x4A,0x29,0x63,0x0C,0x63,0x0C,0x63,0x0C,0x63,0x0C,0x63,0x0C,0x63,0x0C,0x63,0x0C,
	0x63,0x0C,0x63,0x0C,0x63,0x0C,0x63,0x0C,0x63,0x0C,0x63,0x0C,0x63,0x0C,0x63,0x0C,
	0x63,0x0C,0x63,0x0C,0x63,0x0C,0x63,0x0C,0x63,0x0C,0x63,0x0C,0x63,0x0C,0x63,0x0C,
	0x00,0x00,0x00,0x00,0x00,0x00,0x00,0x00,0x00,0x00,0x00,0x00,0x00,0x00,0x00,0x00,
	0x00,0x00,0x00,0x00,0x00,0x00,0x00,0x00,0x00,0x00,0x00,0x00,0x00,0x00,0x00,0x00,

	0x00,0x00,0x00,0x00,0x00,0x00,0x00,0x00,0x00,0x00,0x00,0x00,0x00,0x00,0x00,0x00,
	0x4A,0x29,0x00,0x00,0x00,0x00,0x00,0x00,0x00,0x00,0x00,0x00,0x00,0x00,0x00,0x00,
	0x00,0x00,0x00,0x00,0x00,0x00,0x00,0x00,0x00,0x00,0x00,0x00,0x00,0x00,0x00,0x00,
	0x00,0x00,0x00,0x00,0x00,0x00,0x00,0x00,0x00,0x00,0x00,0x00,0x00,0x00,0x00,0x00,
	0x00,0x00,0x00,0x00,0x00,0x00,0x00,0x00,0x00,0x00,0x00,0x00,0x00,0x00,0x00,0x00,
	0x00,0x00,0x00,0x00,0x00,0x00,0x00,0x00,0x00,0x00,0x00,0x00,0x00,0x00,0x00,0x00,
	0x00,0x00,0x00,0x00,0x00,0x00,0x00,0x00,0x00,0x00,0x00,0x00,0x00,0x00,0x00,0x00,
	0x4A,0x29,0x00,0x00,0x00,0x00,0x00,0x00,0x00,0x00,0x00,0x00,0x00,0x00,0x00,0x00,

	0x00,0x00,0x00,0x00,0x00,0x00,0x00,0x00,0x00,0x00,0x00,0x00,0x00,0x00,0x00,0x00,
	0x00,0x00,0x00,0x00,0x00,0x00,0x00,0x00,0x00,0x00,0x00,0x00,0x00,0x00,0x00,0x00,
	0x00,0x00,0x00,0x00,0x00,0x00,0x00,0x00,0x00,0x00,0x00,0x00,0x00,0x00,0x00,0x00,
	0x00,0x00,0x00,0x00,0x00,0x00,0x00,0x00,0x00,0x00,0x00,0x00,0x00,0x00,0x00,0x00,
	0x00,0x00,0x00,0x00,0x00,0x00,0x00,0x00,0x00,0x00,0x00,0x00,0x00,0x00,0x00,0x00,
	0x4A,0x29,0x00,0x00,0x00,0x00,0x00,0x00,0x00,0x00,0x00,0x00,0x00,0x00,0x00,0x00,
	0x00,0x00,0x00,0x00,0x00,0x00,0x00,0x00,0x00,0x00,0x00,0x00,0x00,0x00,0x00,0x00,
	0x00,0x00,0x00,0x00,0x00,0x00,0x00,0x00,0x00,0x00,0x00,0x00,0x00,0x00,0x00,0x00,

	0x00,0x00,0x00,0x00,0x00,0x00,0x00,0x00,0x00,0x00,0x00,0x00,0x00,0x00,0x00,0x00,
	0x00,0x00,0x00,0x00,0x00,0x00,0x00,0x00,0x00,0x00,0x00,0x00,0x00,0x00,0x00,0x00,
	0x00,0x00,0x00,0x00,0x00,0x00,0x00,0x00,0x00,0x00,0x00,0x00,0x00,0x00,0x00,0x00,
	0x4A,0x29,0x00,0x00,0x00,0x00,0x00,0x00,0x00,0x00,0x00,0x00,0x00,0x00,0x00,0x00,
	0x00,0x00,0x00,0x00,0x00,0x00,0x00,0x00,0x00,0x00,0x00,0x00,0x00,0x00,0x00,0x00,
	0x00,0x00,0x00,0x00,0x00,0x00,0x00,0x00,0x00,0x00,0x00,0x00,0x00,0x00,0x00,0x00,
	0x00,0x00,0x00,0x00,0x00,0x00,0x00,0x00,0x00,0x00,0x00,0x00,0x00,0x00,0x00,0x00,
	0x00,0x00,0x00,0x00,0x00,0x00,0x00,0x00,0x00,0x00,0x00,0x00,0x00,0x00,0x00,0x00,

	0x00,0x00,0x00,0x00,0x00,0x00,0x00,0x00,0x00,0x00,0x00,0x00,0x00,0x00,0x00,0x00,
	0x4A,0x29,0x00,0x00,0x00,0x00,0x00,0x00,0x00,0x00,0x00,0x00,0x00,0x00,0x00,0x00,
	0x00,0x00,0x00,0x00,0x00,0x00,0x00,0x00,0x00,0x00,0x00,0x00,0x00,0x00,0x00,0x00,
	0x00,0x00,0x00,0x00,0x00,0x00,0x00,0x00,0x00,0x00,0x00,0x00,0x00,0x00,0x00,0x00,
	0x63,0x0C,0x63,0x0C,0x63,0x0C,0x63,0x0C,0x63,0x0C,0x63,0x0C,0x63,0x0C,0x63,0x0C,
	0x63,0x0C,0x63,0x0C,0x63,0x0C,0x63,0x0C,0x63,0x0C,0x63,0x0C,0x63,0x0C,0x63,0x0C,
	0x63,0x0C,0x63,0x0C,0x63,0x0C,0x63,0x0C,0x63,0x0C,0x63,0x0C,0x63,0x0C,0x63,0x0C,
	0x4A,0x29,0x63,0x0C,0x63,0x0C,0x63,0x0C,0x63,0x0C,0x63,0x0C,0x63,0x0C,0x63,0x0C,

	0x63,0x0C,0x63,0x0C,0x63,0x0C,0x63,0x0C,0x63,0x0C,0x63,0x0C,0x63,0x0C,0x63,0x0C,
	0x63,0x0C,0x63,0x0C,0x63,0x0C,0x63,0x0C,0x63,0x0C,0x63,0x0C,0x63,0x0C,0x63,0x0C,
	0x63,0x0C,0x63,0x0C,0x63,0x0C,0x63,0x0C,0x63,0x0C,0x63,0x0C,0x63,0x0C,0x63,0x0C,
	0x63,0x0C,0x63,0x0C,0x63,0x0C,0x63,0x0C,0x63,0x0C,0x63,0x0C,0x63,0x0C,0x63,0x0C,
	0x63,0x0C,0x63,0x0C,0x63,0x0C,0x63,0x0C,0x63,0x0C,0x63,0x0C,0x63,0x0C,0x63,0x0C,
	0x4A,0x29,0x63,0x0C,0x63,0x0C,0x63,0x0C,0x63,0x0C,0x63,0x0C,0x63,0x0C,0x63,0x0C,
	0x63,0x0C,0x63,0x0C,0x63,0x0C,0x63,0x0C,0x63,0x0C,0x63,0x0C,0x63,0x0C,0x63,0x0C,
	0x63,0x0C,0x63,0x0C,0x63,0x0C,0x63,0x0C,0x63,0x0C,0x63,0x0C,0x63,0x0C,0x63,0x0C,

	0x63,0x0C,0x63,0x0C,0x63,0x0C,0x63,0x0C,0x63,0x0C,0x63,0x0C,0x63,0x0C,0x63,0x0C,
	0x63,0x0C,0x63,0x0C,0x63,0x0C,0x63,0x0C,0x63,0x0C,0x63,0x0C,0x63,0x0C,0x63,0x0C,
	0x63,0x0C,0x63,0x0C,0x63,0x0C,0x63,0x0C,0x63,0x0C,0x63,0x0C,0x63,0x0C,0x63,0x0C,
	0x4A,0x29,0x63,0x0C,0x63,0x0C,0x63,0x0C,0x63,0x0C,0x63,0x0C,0x63,0x0C,0x63,0x0C,
	0x63,0x0C,0x63,0x0C,0x63,0x0C,0x63,0x0C,0x63,0x0C,0x63,0x0C,0x63,0x0C,0x63,0x0C,
	0x63,0x0C,0x63,0x0C,0x63,0x0C,0x63,0x0C,0x63,0x0C,0x63,0x0C,0x63,0x0C,0x63,0x0C,
	0x63,0x0C,0x63,0x0C,0x63,0x0C,0x63,0x0C,0x63,0x0C,0x63,0x0C,0x63,0x0C,0x63,0x0C,
	0x63,0x0C,0x63,0x0C,0x63,0x0C,0x63,0x0C,0x63,0x0C,0x63,0x0C,0x63,0x0C,0x63,0x0C,

	0x63,0x0C,0x63,0x0C,0x63,0x0C,0x63,0x0C,0x63,0x0C,0x63,0x0C,0x63,0x0C,0x63,0x0C,
	0x4A,0x29,0x63,0x0C,0x63,0x0C,0x63,0x0C,0x63,0x0C,0x63,0x0C,0x63,0x0C,0x63,0x0C,
	0x63,0x0C,0x63,0x0C,0x63,0x0C,0x63,0x0C,0x63,0x0C,0x63,0x0C,0x63,0x0C,0x63,0x0C,
	0x63,0x0C,0x63,0x0C,0x63,0x0C,0x63,0x0C,0x63,0x0C,0x63,0x0C,0x63,0x0C,0x63,0x0C,
	0x63,0x0C,0x63,0x0C,0x63,0x0C,0x63,0x0C,0x63,0x0C,0x63,0x0C,0x63,0x0C,0x63,0x0C,
	0x63,0x0C,0x63,0x0C,0x63,0x0C,0x63,0x0C,0x63,0x0C,0x63,0x0C,0x63,0x0C,0x63,0x0C,
	0x63,0x0C,0x63,0x0C,0x63,0x0C,0x63,0x0C,0x63,0x0C,0x63,0x0C,0x63,0x0C,0x63,0x0C,
	0x4A,0x29,0x63,0x0C,0x63,0x0C,0x63,0x0C,0x63,0x0C,0x63,0x0C,0x63,0x0C,0x63,0x0C,

	0x63,0x0C,0x63,0x0C,0x63,0x0C,0x63,0x0C,0x63,0x0C,0x63,0x0C,0x63,0x0C,0x63,0x0C,
	0x63,0x0C,0x63,0x0C,0x63,0x0C,0x63,0x0C,0x63,0x0C,0x63,0x0C,0x63,0x0C,0x63,0x0C,
	0x00,0x00,0x00,0x00,0x00,0x00,0x00,0x00,0x00,0x00,0x00,0x00,0x00,0x00,0x00,0x00,
	0x00,0x00,0x00,0x00,0x00,0x00,0x00,0x00,0x00,0x00,0x00,0x00,0x00,0x00,0x00,0x00,
	0x00,0x00,0x00,0x00,0x00,0x00,0x00,0x00,0x00,0x00,0x00,0x00,0x00,0x00,0x00,0x00,
	0x4A,0x29,0x00,0x00,0x00,0x00,0x00,0x00,0x00,0x00,0x00,0x00,0x00,0x00,0x00,0x00,
	0x00,0x00,0x00,0x00,0x00,0x00,0x00,0x00,0x00,0x00,0x00,0x00,0x00,0x00,0x00,0x00,
	0x00,0x00,0x00,0x00,0x00,0x00,0x00,0x00,0x00,0x00,0x00,0x00,0x00,0x00,0x00,0x00,

	0x00,0x00,0x00,0x00,0x00,0x00,0x00,0x00,0x00,0x00,0x00,0x00,0x00,0x00,0x00,0x00,
	0x00,0x00,0x00,0x00,0x00,0x00,0x00,0x00,0x00,0x00,0x00,0x00,0x00,0x00,0x00,0x00,
	0x00,0x00,0x00,0x00,0x00,0x00,0x00,0x00,0x00,0x00,0x00,0x00,0x00,0x00,0x00,0x00,
	0x4A,0x29,0x00,0x00,0x00,0x00,0x00,0x00,0x00,0x00,0x00,0x00,0x00,0x00,0x00,0x00,
	0x00,0x00,0x00,0x00,0x00,0x00,0x00,0x00,0x00,0x00,0x00,0x00,0x00,0x00,0x00,0x00,
	0x00,0x00,0x00,0x00,0x00,0x00,0x00,0x00,0x00,0x00,0x00,0x00,0x00,0x00,0x00,0x00,
	0x00,0x00,0x00,0x00,0x00,0x00,0x00,0x00,0x00,0x00,0x00,0x00,0x00,0x00,0x00,0x00,
	0x00,0x00,0x00,0x00,0x00,0x00,0x00,0x00,0x00,0x00,0x00,0x00,0x29,0x25,0x29,0x25,

	0x29,0x25,0x29,0x25,0x29,0x25,0x29,0x25,0x29,0x25,0x29,0x25,0x29,0x25,0x29,0x25,
	0x29,0x25,0x29,0x25,0x29,0x25,0x29,0x25,0x29,0x25,0x29,0x25,0x29,0x25,0x29,0x25,
	0x29,0x25,0x29,0x25,0x8C,0x31,0x00,0x00,0x00,0x00,0x00,0x00,0x00,0x00,0x00,0x00,
	0x00,0x00,0x00,0x00,0x00,0x00,0x00,0x00,0x00,0x00,0x00,0x00,0x00,0x00,0x00,0x00,
	0x00,0x00,0x00,0x00,0x00,0x00,0x00,0x00,0x00,0x00,0x00,0x00,0x00,0x00,0x00,0x00,
	0x00,0x00,0x00,0x00,0x00,0x00,0x00,0x00,0x00,0x00,0x00,0x00,0x00,0x00,0x00,0x00,
	0x00,0x00,0x00,0x00,0x00,0x00,0x00,0x00,0x00,0x00,0x00,0x00,0x00,0x00,0x00,0x00,
	0x4A,0x29,0x00,0x00,0x00,0x00,0x00,0x00,0x00,0x00,0x00,0x00,0x00,0x00,0x00,0x00,

	0x00,0x00,0x00,0x00,0x00,0x00,0x00,0x00,0x00,0x00,0x00,0x00,0x00,0x00,0x00,0x00,
	0x00,0x00,0x00,0x00,0x00,0x00,0x00,0x00,0x00,0x00,0x00,0x00,0x00,0x00,0x00,0x00,
	0x00,0x00,0x00,0x00,0x00,0x00,0x00,0x00,0x00,0x00,0x00,0x00,0x00,0x00,0x00,0x00,
	0x00,0x00,0x00,0x00,0x00,0x00,0x00,0x00,0x00,0x00,0x00,0x00,0x00,0x00,0x00,0x00,
	0x00,0x00,0x00,0x00,0x00,0x00,0x00,0x00,0x00,0x00,0x00,0x00,0x00,0x00,0x00,0x00,
	0x4A,0x29,0x00,0x00,0x00,0x00,0x00,0x00,0x00,0x00,0x00,0x00,0x00,0x00,0x00,0x00,
	0x00,0x00,0x00,0x00,0x00,0x00,0x00,0x00,0x00,0x00,0x00,0x00,0x00,0x00,0x00,0x00,
	0x00,0x00,0x00,0x00,0x00,0x00,0x00,0x00,0x00,0x00,0x00,0x00,0x00,0x00,0x00,0x00,

	0x63,0x0C,0x63,0x0C,0x63,0x0C,0x63,0x0C,0x63,0x0C,0x63,0x0C,0x63,0x0C,0x63,0x0C,
	0x63,0x0C,0x63,0x0C,0x63,0x0C,0x63,0x0C,0x63,0x0C,0x63,0x0C,0x63,0x0C,0x63,0x0C,
	0x63,0x0C,0x63,0x0C,0x63,0x0C,0x63,0x0C,0x63,0x0C,0x63,0x0C,0x63,0x0C,0x63,0x0C,
	0x4A,0x29,0x63,0x0C,0x63,0x0C,0x63,0x0C,0x63,0x0C,0x63,0x0C,0x63,0x0C,0x63,0x0C,
	0x63,0x0C,0x63,0x0C,0x63,0x0C,0x63,0x0C,0x63,0x0C,0x63,0x0C,0x63,0x0C,0x63,0x0C,
	0x63,0x0C,0x63,0x0C,0x63,0x0C,0x63,0x0C,0x63,0x0C,0x63,0x0C,0x63,0x0C,0x63,0x0C,
	0x63,0x0C,0x63,0x0C,0x63,0x0C,0x63,0x0C,0x63,0x0C,0x63,0x0C,0x63,0x0C,0x63,0x0C,
	0x63,0x0C,0x63,0x0C,0x63,0x0C,0x63,0x0C,0x63,0x0C,0x63,0x0C,0x63,0x0C,0x63,0x0C,

	0x63,0x0C,0x63,0x0C,0x63,0x0C,0x63,0x0C,0x63,0x0C,0x63,0x0C,0x63,0x0C,0x63,0x0C,
	0x4A,0x29,0x63,0x0C,0x63,0x0C,0x63,0x0C,0x63,0x0C,0x63,0x0C,0x63,0x0C,0x63,0x0C,
	0x63,0x0C,0x63,0x0C,0x63,0x0C,0x63,0x0C,0x63,0x0C,0x63,0x0C,0x63,0x0C,0x63,0x0C,
	0x63,0x0C,0x63,0x0C,0x63,0x0C,0x63,0x0C,0x63,0x0C,0x63,0x0C,0x63,0x0C,0x63,0x0C,
	0x63,0x0C,0x63,0x0C,0x63,0x0C,0x63,0x0C,0x63,0x0C,0x63,0x0C,0x63,0x0C,0x63,0x0C,
	0x63,0x0C,0x63,0x0C,0x63,0x0C,0x63,0x0C,0x63,0x0C,0x63,0x0C,0x29,0x25,0xA5,0x14,
	0x00,0x00,0x00,0x00,0x00,0x00,0x00,0x00,0x00,0x00,0x00,0x00,0x00,0x00,0x00,0x00,
	0x00,0x00,0x00,0x00,0x00,0x00,0x00,0x00,0x00,0x00,0x00,0x00,0x00,0x00,0x00,0x00,

	0xA5,0x14,0x6B,0x2D,0xEF,0x3D,0x63,0x0C,0x63,0x0C,0x63,0x0C,0x63,0x0C,0x63,0x0C,
	0x63,0x0C,0x63,0x0C,0x63,0x0C,0x63,0x0C,0x63,0x0C,0x63,0x0C,0x63,0x0C,0x63,0x0C,
	0x63,0x0C,0x63,0x0C,0x63,0x0C,0x63,0x0C,0x63,0x0C,0x63,0x0C,0x63,0x0C,0x63,0x0C,
	0x63,0x0C,0x63,0x0C,0x63,0x0C,0x63,0x0C,0x63,0x0C,0x63,0x0C,0x63,0x0C,0x63,0x0C,
	0x63,0x0C,0x63,0x0C,0x63,0x0C,0x63,0x0C,0x63,0x0C,0x63,0x0C,0x63,0x0C,0x63,0x0C,
	0x4A,0x29,0x63,0x0C,0x63,0x0C,0x63,0x0C,0x63,0x0C,0x63,0x0C,0x63,0x0C,0x63,0x0C,
	0x63,0x0C,0x63,0x0C,0x63,0x0C,0x63,0x0C,0x63,0x0C,0x63,0x0C,0x63,0x0C,0x63,0x0C,
	0x63,0x0C,0x63,0x0C,0x63,0x0C,0x63,0x0C,0x63,0x0C,0x63,0x0C,0x63,0x0C,0x63,0x0C,

	0x63,0x0C,0x63,0x0C,0x63,0x0C,0x63,0x0C,0x63,0x0C,0x63,0x0C,0x63,0x0C,0x63,0x0C,
	0x63,0x0C,0x63,0x0C,0x63,0x0C,0x63,0x0C,0x63,0x0C,0x63,0x0C,0x63,0x0C,0x63,0x0C,
	0x63,0x0C,0x63,0x0C,0x63,0x0C,0x63,0x0C,0x63,0x0C,0x63,0x0C,0x63,0x0C,0x63,0x0C,
	0x4A,0x29,0x63,0x0C,0x63,0x0C,0x63,0x0C,0x63,0x0C,0x63,0x0C,0x63,0x0C,0x63,0x0C,
	0x63,0x0C,0x63,0x0C,0x63,0x0C,0x63,0x0C,0x63,0x0C,0x63,0x0C,0x63,0x0C,0x63,0x0C,
	0x63,0x0C,0x63,0x0C,0x63,0x0C,0x63,0x0C,0x63,0x0C,0x63,0x0C,0x63,0x0C,0x63,0x0C,
	0x00,0x00,0x00,0x00,0x00,0x00,0x00,0x00,0x00,0x00,0x00,0x00,0x00,0x00,0x00,0x00,
	0x00,0x00,0x00,0x00,0x00,0x00,0x00,0x00,0x00,0x00,0x00,0x00,0x00,0x00,0x00,0x00,

	0x00,0x00,0x00,0x00,0x00,0x00,0x00,0x00,0x00,0x00,0x00,0x00,0x00,0x00,0x00,0x00,
	0x4A,0x29,0x00,0x00,0x00,0x00,0x00,0x00,0x00,0x00,0x00,0x00,0x00,0x00,0x00,0x00,
	0x00,0x00,0x00,0x00,0x00,0x00,0x00,0x00,0x00,0x00,0x00,0x00,0x00,0x00,0x00,0x00,
	0x00,0x00,0x00,0x00,0x00,0x00,0x00,0x00,0x00,0x00,0x00,0x00,0x00,0x00,0x00,0x00,
	0x00,0x00,0x00,0x00,0x00,0x00,0x00,0x00,0x00,0x00,0x00,0x00,0x00,0x00,0x00,0x00,
	0x00,0x00,0x00,0x00,0x00,0x00,0x00,0x00,0x00,0x00,0x00,0x00,0x00,0x00,0x00,0x00,
	0x00,0x00,0x00,0x00,0x00,0x00,0x00,0x00,0x00,0x00,0x00,0x00,0x00,0x00,0x00,0x00,
	0x4A,0x29,0x00,0x00,0x00,0x00,0x00,0x00,0x00,0x00,0x00,0x00,0x00,0x00,0x00,0x00,

	0x00,0x00,0x00,0x00,0x00,0x00,0x00,0x00,0x00,0x00,0x00,0x00,0x00,0x00,0x00,0x00,
	0x00,0x00,0x00,0x00,0x00,0x00,0x00,0x00,0x00,0x00,0x00,0x00,0x00,0x00,0x00,0x00,
	0x00,0x00,0x00,0x00,0x00,0x00,0x00,0x00,0x00,0x00,0x00,0x00,0x00,0x00,0x00,0x00,
	0x00,0x00,0x00,0x00,0x00,0x00,0x00,0x00,0x00,0x00,0x00,0x00,0x29,0x25,0xA5,0x14,
	0x00,0x00,0x8C,0x31,0x8C,0x31,0x8C,0x31,0x8C,0x31,0x8C,0x31,0x8C,0x31,0x8C,0x31,
	0x8C,0x31,0x8C,0x31,0x8C,0x31,0x8C,0x31,0x8C,0x31,0x8C,0x31,0x8C,0x31,0xEF,0x3D,
	0xA5,0x14,0x6B,0x2D,0xEF,0x3D,0x00,0x00,0x00,0x00,0x00,0x00,0x00,0x00,0x00,0x00,
	0x00,0x00,0x00,0x00,0x00,0x00,0x00,0x00,0x00,0x00,0x00,0x00,0x00,0x00,0x00,0x00,

	0x00,0x00,0x00,0x00,0x00,0x00,0x00,0x00,0x00,0x00,0x00,0x00,0x00,0x00,0x00,0x00,
	0x00,0x00,0x00,0x00,0x00,0x00,0x00,0x00,0x00,0x00,0x00,0x00,0x00,0x00,0x00,0x00,
	0x00,0x00,0x00,0x00,0x00,0x00,0x00,0x00,0x00,0x00,0x00,0x00,0x00,0x00,0x00,0x00,
	0x4A,0x29,0x00,0x00,0x00,0x00,0x00,0x00,0x00,0x00,0x00,0x00,0x00,0x00,0x00,0x00,
	0x00,0x00,0x00,0x00,0x00,0x00,0x00,0x00,0x00,0x00,0x00,0x00,0x00,0x00,0x00,0x00,
	0x00,0x00,0x00,0x00,0x00,0x00,0x00,0x00,0x00,0x00,0x00,0x00,0x00,0x00,0x00,0x00,
	0x00,0x00,0x00,0x00,0x00,0x00,0x00,0x00,0x00,0x00,0x00,0x00,0x00,0x00,0x00,0x00,
	0x00,0x00,0x00,0x00,0x00,0x00,0x00,0x00,0x00,0x00,0x00,0x00,0x00,0x00,0x00,0x00,

	0x00,0x00,0x00,0x00,0x00,0x00,0x00,0x00,0x00,0x00,0x00,0x00,0x00,0x00,0x00,0x00,
	0x4A,0x29,0x00,0x00,0x00,0x00,0x00,0x00,0x00,0x00,0x00,0x00,0x00,0x00,0x00,0x00,
	0x00,0x00,0x00,0x00,0x00,0x00,0x00,0x00,0x00,0x00,0x00,0x00,0x00,0x00,0x00,0x00,
	0x00,0x00,0x00,0x00,0x00,0x00,0x00,0x00,0x00,0x00,0x00,0x00,0x00,0x00,0x00,0x00,
	0x63,0x0C,0x63,0x0C,0x63,0x0C,0x63,0x0C,0x63,0x0C,0x63,0x0C,0x63,0x0C,0x63,0x0C,
	0x63,0x0C,0x63,0x0C,0x63,0x0C,0x63,0x0C,0x63,0x0C,0x63,0x0C,0x63,0x0C,0x63,0x0C,
	0x63,0x0C,0x63,0x0C,0x63,0x0C,0x63,0x0C,0x63,0x0C,0x63,0x0C,0x63,0x0C,0x63,0x0C,
	0x4A,0x29,0x63,0x0C,0x63,0x0C,0x63,0x0C,0x63,0x0C,0x63,0x0C,0x63,0x0C,0x63,0x0C,

	0x63,0x0C,0x63,0x0C,0x63,0x0C,0x63,0x0C,0x63,0x0C,0x63,0x0C,0x63,0x0C,0x63,0x0C,
	0x63,0x0C,0x63,0x0C,0x63,0x0C,0x63,0x0C,0x63,0x0C,0x63,0x0C,0x63,0x0C,0x63,0x0C,
	0x63,0x0C,0x63,0x0C,0x63,0x0C,0x63,0x0C,0x63,0x0C,0x63,0x0C,0x63,0x0C,0x63,0x0C,
	0x63,0x0C,0x63,0x0C,0x63,0x0C,0x63,0x0C,0x63,0x0C,0x63,0x0C,0x63,0x0C,0x63,0x0C,
	0x63,0x0C,0x63,0x0C,0x63,0x0C,0x63,0x0C,0x63,0x0C,0x63,0x0C,0x63,0x0C,0x63,0x0C,
	0x4A,0x29,0x63,0x0C,0x63,0x0C,0x63,0x0C,0x63,0x0C,0x63,0x0C,0x63,0x0C,0x63,0x0C,
	0x63,0x0C,0x63,0x0C,0x63,0x0C,0x63,0x0C,0x63,0x0C,0x63,0x0C,0x63,0x0C,0x63,0x0C,
	0x63,0x0C,0x63,0x0C,0x63,0x0C,0x63,0x0C,0x63,0x0C,0x63,0x0C,0x63,0x0C,0x63,0x0C,

	0x63,0x0C,0x63,0x0C,0x63,0x0C,0x63,0x0C,0x63,0x0C,0x63,0x0C,0x63,0x0C,0x63,0x0C,
	0x63,0x0C,0x63,0x0C,0x63,0x0C,0x63,0x0C,0x63,0x0C,0x63,0x0C,0x29,0x25,0xA5,0x14,
	0x00,0x00,0x8C,0x31,0x00,0x00,0x00,0x00,0x00,0x00,0x00,0x00,0x00,0x00,0x00,0x00,
	0x00,0x00,0x00,0x00,0x00,0x00,0x00,0x00,0x00,0x00,0x00,0x00,0x63,0x0C,0xEF,0x3D,
	0xA5,0x14,0x6B,0x2D,0xEF,0x3D,0x63,0x0C,0x63,0x0C,0x63,0x0C,0x63,0x0C,0x63,0x0C,
	0x63,0x0C,0x63,0x0C,0x63,0x0C,0x63,0x0C,0x63,0x0C,0x63,0x0C,0x63,0x0C,0x63,0x0C,
	0x63,0x0C,0x63,0x0C,0x63,0x0C,0x63,0x0C,0x63,0x0C,0x63,0x0C,0x63,0x0C,0x63,0x0C,
	0x63,0x0C,0x63,0x0C,0x63,0x0C,0x63,0x0C,0x63,0x0C,0x63,0x0C,0x63,0x0C,0x63,0x0C,

	0x63,0x0C,0x63,0x0C,0x63,0x0C,0x63,0x0C,0x63,0x0C,0x63,0x0C,0x63,0x0C,0x63,0x0C,
	0x4A,0x29,0x63,0x0C,0x63,0x0C,0x63,0x0C,0x63,0x0C,0x63,0x0C,0x63,0x0C,0x63,0x0C,
	0x63,0x0C,0x63,0x0C,0x63,0x0C,0x63,0x0C,0x63,0x0C,0x63,0x0C,0x63,0x0C,0x63,0x0C,
	0x63,0x0C,0x63,0x0C,0x63,0x0C,0x63,0x0C,0x63,0x0C,0x63,0x0C,0x63,0x0C,0x63,0x0C,
	0x63,0x0C,0x63,0x0C,0x63,0x0C,0x63,0x0C,0x63,0x0C,0x63,0x0C,0x63,0x0C,0x63,0x0C,
	0x63,0x0C,0x63,0x0C,0x63,0x0C,0x63,0x0C,0x63,0x0C,0x63,0x0C,0x63,0x0C,0x63,0x0C,
	0x63,0x0C,0x63,0x0C,0x63,0x0C,0x63,0x0C,0x63,0x0C,0x63,0x0C,0x63,0x0C,0x63,0x0C,
	0x4A,0x29,0x63,0x0C,0x63,0x0C,0x63,0x0C,0x63,0x0C,0x63,0x0C,0x63,0x0C,0x63,0x0C,

	0x63,0x0C,0x63,0x0C,0x63,0x0C,0x63,0x0C,0x63,0x0C,0x63,0x0C,0x63,0x0C,0x63,0x0C,
	0x63,0x0C,0x63,0x0C,0x63,0x0C,0x63,0x0C,0x63,0x0C,0x63,0x0C,0x63,0x0C,0x63,0x0C,
	0x00,0x00,0x00,0x00,0x00,0x00,0x00,0x00,0x00,0x00,0x00,0x00,0x00,0x00,0x00,0x00,
	0x00,0x00,0x00,0x00,0x00,0x00,0x00,0x00,0x00,0x00,0x00,0x00,0x00,0x00,0x00,0x00,
	0x00,0x00,0x00,0x00,0x00,0x00,0x00,0x00,0x00,0x00,0x00,0x00,0x00,0x00,0x00,0x00,
	0x4A,0x29,0x00,0x00,0x00,0x00,0x00,0x00,0x00,0x00,0x00,0x00,0x00,0x00,0x00,0x00,
	0x00,0x00,0x00,0x00,0x00,0x00,0x00,0x00,0x00,0x00,0x00,0x00,0x00,0x00,0x00,0x00,
	0x00,0x00,0x00,0x00,0x00,0x00,0x00,0x00,0x00,0x00,0x00,0x00,0x00,0x00,0x00,0x00,

	0x00,0x00,0x00,0x00,0x00,0x00,0x00,0x00,0x00,0x00,0x00,0x00,0x00,0x00,0x00,0x00,
	0x00,0x00,0x00,0x00,0x00,0x00,0x00,0x00,0x00,0x00,0x00,0x00,0x00,0x00,0x00,0x00,
	0x00,0x00,0x00,0x00,0x00,0x00,0x00,0x00,0x00,0x00,0x00,0x00,0x00,0x00,0x00,0x00,
	0x4A,0x29,0x00,0x00,0x00,0x00,0x00,0x00,0x00,0x00,0x00,0x00,0x00,0x00,0x00,0x00,
	0x00,0x00,0x00,0x00,0x00,0x00,0x00,0x00,0x00,0x00,0x00,0x00,0x00,0x00,0x00,0x00,
	0x00,0x00,0x00,0x00,0x00,0x00,0x00,0x00,0x00,0x00,0x00,0x00,0x00,0x00,0x00,0x00,
	0x00,0x00,0x00,0x00,0x00,0x00,0x00,0x00,0x00,0x00,0x00,0x00,0x00,0x00,0x00,0x00,
	0x00,0x00,0x00,0x00,0x00,0x00,0x00,0x00,0x00,0x00,0x00,0x00,0x29,0x25,0xA5,0x14,

	0x00,0x00,0x8C,0x31,0x00,0x00,0x63,0x0C,0x63,0x0C,0x00,0x00,0x94,0x52,0x94,0x52,
	0x94,0x52,0x94,0x52,0x94,0x52,0x00,0x00,0x63,0x0C,0x63,0x0C,0x63,0x0C,0xEF,0x3D,
	0xA5,0x14,0x6B,0x2D,0xEF,0x3D,0x00,0x00,0x00,0x00,0x00,0x00,0x00,0x00,0x00,0x00,
	0x00,0x00,0x00,0x00,0x00,0x00,0x00,0x00,0x00,0x00,0x00,0x00,0x00,0x00,0x00,0x00,
	0x00,0x00,0x00,0x00,0x00,0x00,0x00,0x00,0x00,0x00,0x00,0x00,0x00,0x00,0x00,0x00,
	0x00,0x00,0x00,0x00,0x00,0x00,0x00,0x00,0x00,0x00,0x00,0x00,0x00,0x00,0x00,0x00,
	0x00,0x00,0x00,0x00,0x00,0x00,0x00,0x00,0x00,0x00,0x00,0x00,0x00,0x00,0x00,0x00,
	0x4A,0x29,0x00,0x00,0x00,0x00,0x00,0x00,0x00,0x00,0x00,0x00,0x00,0x00,0x00,0x00,

	0x00,0x00,0x00,0x00,0x00,0x00,0x00,0x00,0x00,0x00,0x00,0x00,0x00,0x00,0x00,0x00,
	0x00,0x00,0x00,0x00,0x00,0x00,0x00,0x00,0x00,0x00,0x00,0x00,0x00,0x00,0x00,0x00,
	0x00,0x00,0x00,0x00,0x00,0x00,0x00,0x00,0x00,0x00,0x00,0x00,0x00,0x00,0x00,0x00,
	0x00,0x00,0x00,0x00,0x00,0x00,0x00,0x00,0x00,0x00,0x00,0x00,0x00,0x00,0x00,0x00,
	0x00,0x00,0x00,0x00,0x00,0x00,0x00,0x00,0x00,0x00,0x00,0x00,0x00,0x00,0x00,0x00,
	0x4A,0x29,0x00,0x00,0x00,0x00,0x00,0x00,0x00,0x00,0x00,0x00,0x00,0x00,0x00,0x00,
	0x00,0x00,0x00,0x00,0x00,0x00,0x00,0x00,0x00,0x00,0x00,0x00,0x00,0x00,0x00,0x00,
	0x00,0x00,0x00,0x00,0x00,0x00,0x00,0x00,0x00,0x00,0x00,0x00,0x00,0x00,0x00,0x00,

	0x63,0x0C,0x63,0x0C,0x63,0x0C,0x63,0x0C,0x63,0x0C,0x63,0x0C,0x63,0x0C,0x63,0x0C,
	0x63,0x0C,0x63,0x0C,0x63,0x0C,0x63,0x0C,0x63,0x0C,0x63,0x0C,0x63,0x0C,0x63,0x0C,
	0x63,0x0C,0x63,0x0C,0x63,0x0C,0x63,0x0C,0x63,0x0C,0x63,0x0C,0x63,0x0C,0x63,0x0C,
	0x4A,0x29,0x63,0x0C,0x63,0x0C,0x63,0x0C,0x63,0x0C,0x63,0x0C,0x63,0x0C,0x63,0x0C,
	0x63,0x0C,0x63,0x0C,0x63,0x0C,0x63,0x0C,0x63,0x0C,0x63,0x0C,0x63,0x0C,0x63,0x0C,
	0x63,0x0C,0x63,0x0C,0x63,0x0C,0x63,0x0C,0x63,0x0C,0x63,0x0C,0x63,0x0C,0x63,0x0C,
	0x63,0x0C,0x63,0x0C,0x63,0x0C,0x63,0x0C,0x63,0x0C,0x63,0x0C,0x63,0x0C,0x63,0x0C,
	0x63,0x0C,0x63,0x0C,0x63,0x0C,0x63,0x0C,0x63,0x0C,0x63,0x0C,0x63,0x0C,0x63,0x0C,

	0x63,0x0C,0x63,0x0C,0x63,0x0C,0x63,0x0C,0x63,0x0C,0x63,0x0C,0x63,0x0C,0x63,0x0C,
	0x4A,0x29,0x63,0x0C,0x63,0x0C,0x63,0x0C,0x63,0x0C,0x63,0x0C,0x63,0x0C,0x63,0x0C,
	0x63,0x0C,0x63,0x0C,0x63,0x0C,0x63,0x0C,0x63,0x0C,0x63,0x0C,0x63,0x0C,0x63,0x0C,
	0x63,0x0C,0x63,0x0C,0x63,0x0C,0x63,0x0C,0x63,0x0C,0x63,0x0C,0x63,0x0C,0x63,0x0C,
	0x63,0x0C,0x63,0x0C,0x63,0x0C,0x63,0x0C,0x63,0x0C,0x63,0x0C,0x63,0x0C,0x63,0x0C,
	0x63,0x0C,0x63,0x0C,0x63,0x0C,0x63,0x0C,0x63,0x0C,0x63,0x0C,0x29,0x25,0xA5,0x14,
	0x00,0x00,0x8C,0x31,0x00,0x00,0x10,0x42,0x63,0x0C,0x00,0x00,0x94,0x52,0x10,0x42,
	0x10,0x42,0x10,0x42,0x10,0x42,0x00,0x00,0x63,0x0C,0x63,0x0C,0x10,0x42,0xEF,0x3D,

	0xA5,0x14,0x6B,0x2D,0xEF,0x3D,0x63,0x0C,0x63,0x0C,0x63,0x0C,0x63,0x0C,0x63,0x0C,
	0x63,0x0C,0x63,0x0C,0x63,0x0C,0x63,0x0C,0x63,0x0C,0x63,0x0C,0x63,0x0C,0x63,0x0C,
	0x63,0x0C,0x63,0x0C,0x63,0x0C,0x63,0x0C,0x63,0x0C,0x63,0x0C,0x63,0x0C,0x63,0x0C,
	0x63,0x0C,0x63,0x0C,0x63,0x0C,0x63,0x0C,0x63,0x0C,0x63,0x0C,0x63,0x0C,0x63,0x0C,
	0x63,0x0C,0x63,0x0C,0x63,0x0C,0x63,0x0C,0x63,0x0C,0x63,0x0C,0x63,0x0C,0x63,0x0C,
	0x4A,0x29,0x63,0x0C,0x63,0x0C,0x63,0x0C,0x63,0x0C,0x63,0x0C,0x63,0x0C,0x63,0x0C,
	0x63,0x0C,0x63,0x0C,0x63,0x0C,0x63,0x0C,0x63,0x0C,0x63,0x0C,0x63,0x0C,0x63,0x0C,
	0x63,0x0C,0x63,0x0C,0x63,0x0C,0x63,0x0C,0x63,0x0C,0x63,0x0C,0x63,0x0C,0x63,0x0C,

	0x63,0x0C,0x63,0x0C,0x63,0x0C,0x63,0x0C,0x63,0x0C,0x63,0x0C,0x63,0x0C,0x63,0x0C,
	0x63,0x0C,0x63,0x0C,0x63,0x0C,0x63,0x0C,0x63,0x0C,0x63,0x0C,0x63,0x0C,0x63,0x0C,
	0x63,0x0C,0x63,0x0C,0x63,0x0C,0x63,0x0C,0x63,0x0C,0x63,0x0C,0x63,0x0C,0x63,0x0C,
	0x4A,0x29,0x63,0x0C,0x63,0x0C,0x63,0x0C,0x63,0x0C,0x63,0x0C,0x63,0x0C,0x63,0x0C,
	0x63,0x0C,0x63,0x0C,0x63,0x0C,0x63,0x0C,0x63,0x0C,0x63,0x0C,0x63,0x0C,0x63,0x0C,
	0x63,0x0C,0x63,0x0C,0x63,0x0C,0x63,0x0C,0x63,0x0C,0x63,0x0C,0x63,0x0C,0x63,0x0C,
	0x00,0x00,0x00,0x00,0x00,0x00,0x00,0x00,0x00,0x00,0x00,0x00,0x00,0x00,0x00,0x00,
	0x00,0x00,0x00,0x00,0x00,0x00,0x00,0x00,0x00,0x00,0x00,0x00,0x00,0x00,0x00,0x00,

	0x00,0x00,0x00,0x00,0x00,0x00,0x00,0x00,0x00,0x00,0x00,0x00,0x00,0x00,0x00,0x00,
	0x4A,0x29,0x00,0x00,0x00,0x00,0x00,0x00,0x00,0x00,0x00,0x00,0x00,0x00,0x00,0x00,
	0x00,0x00,0x00,0x00,0x00,0x00,0x00,0x00,0x00,0x00,0x00,0x00,0x00,0x00,0x00,0x00,
	0x00,0x00,0x00,0x00,0x00,0x00,0x00,0x00,0x00,0x00,0x00,0x00,0x00,0x00,0x00,0x00,
	0x00,0x00,0x00,0x00,0x00,0x00,0x00,0x00,0x00,0x00,0x00,0x00,0x00,0x00,0x00,0x00,
	0x00,0x00,0x00,0x00,0x00,0x00,0x00,0x00,0x00,0x00,0x00,0x00,0x00,0x00,0x00,0x00,
	0x00,0x00,0x00,0x00,0x00,0x00,0x00,0x00,0x00,0x00,0x00,0x00,0x00,0x00,0x00,0x00,
	0x4A,0x29,0x00,0x00,0x00,0x00,0x00,0x00,0x00,0x00,0x00,0x00,0x00,0x00,0x00,0x00,

	0x00,0x00,0x00,0x00,0x00,0x00,0x00,0x00,0x00,0x00,0x00,0x00,0x00,0x00,0x00,0x00,
	0x00,0x00,0x00,0x00,0x00,0x00,0x00,0x00,0x00,0x00,0x00,0x00,0x00,0x00,0x00,0x00,
	0x00,0x00,0x00,0x00,0x00,0x00,0x00,0x00,0x00,0x00,0x00,0x00,0x00,0x00,0x00,0x00,
	0x00,0x00,0x00,0x00,0x00,0x00,0x00,0x00,0x00,0x00,0x00,0x00,0x29,0x25,0xA5,0x14,
	0x00,0x00,0x8C,0x31,0x10,0x42,0x10,0x42,0x10,0x42,0x00,0x00,0x94,0x52,0x10,0x42,
	0x10,0x42,0x10,0x42,0x10,0x42,0x00,0x00,0x10,0x42,0x63,0x0C,0x63,0x0C,0xEF,0x3D,
	0xA5,0x14,0x6B,0x2D,0xEF,0x3D,0x00,0x00,0x00,0x00,0x00,0x00,0x00,0x00,0x00,0x00,
	0x00,0x00,0x00,0x00,0x00,0x00,0x00,0x00,0x00,0x00,0x00,0x00,0x00,0x00,0x00,0x00,

	0x00,0x00,0x00,0x00,0x00,0x00,0x00,0x00,0x00,0x00,0x00,0x00,0x00,0x00,0x00,0x00,
	0x00,0x00,0x00,0x00,0x00,0x00,0x00,0x00,0x00,0x00,0x00,0x00,0x00,0x00,0x00,0x00,
	0x00,0x00,0x00,0x00,0x00,0x00,0x00,0x00,0x00,0x00,0x00,0x00,0x00,0x00,0x00,0x00,
	0x4A,0x29,0x00,0x00,0x00,0x00,0x00,0x00,0x00,0x00,0x00,0x00,0x00,0x00,0x00,0x00,
	0x00,0x00,0x00,0x00,0x00,0x00,0x00,0x00,0x00,0x00,0x00,0x00,0x00,0x00,0x00,0x00,
	0x00,0x00,0x00,0x00,0x00,0x00,0x00,0x00,0x00,0x00,0x00,0x00,0x00,0x00,0x00,0x00,
	0x00,0x00,0x00,0x00,0x00,0x00,0x00,0x00,0x00,0x00,0x00,0x00,0x00,0x00,0x00,0x00,
	0x00,0x00,0x00,0x00,0x00,0x00,0x00,0x00,0x00,0x00,0x00,0x00,0x00,0x00,0x00,0x00,

	0x00,0x00,0x00,0x00,0x00,0x00,0x00,0x00,0x00,0x00,0x00,0x00,0x00,0x00,0x00,0x00,
	0x4A,0x29,0x00,0x00,0x00,0x00,0x00,0x00,0x00,0x00,0x00,0x00,0x00,0x00,0x00,0x00,
	0x00,0x00,0x00,0x00,0x00,0x00,0x00,0x00,0x00,0x00,0x00,0x00,0x00,0x00,0x00,0x00,
	0x00,0x00,0x00,0x00,0x00,0x00,0x00,0x00,0x00,0x00,0x00,0x00,0x00,0x00,0x00,0x00,
	0x63,0x0C,0x63,0x0C,0x63,0x0C,0x63,0x0C,0x63,0x0C,0x63,0x0C,0x63,0x0C,0x63,0x0C,
	0x63,0x0C,0x63,0x0C,0x63,0x0C,0x63,0x0C,0x63,0x0C,0x63,0x0C,0x63,0x0C,0x63,0x0C,
	0x63,0x0C,0x63,0x0C,0x63,0x0C,0x63,0x0C,0x63,0x0C,0x63,0x0C,0x63,0x0C,0x63,0x0C,
	0x4A,0x29,0x63,0x0C,0x63,0x0C,0x63,0x0C,0x63,0x0C,0x63,0x0C,0x63,0x0C,0x63,0x0C,

	0x63,0x0C,0x63,0x0C,0x63,0x0C,0x63,0x0C,0x63,0x0C,0x63,0x0C,0x63,0x0C,0x63,0x0C,
	0x63,0x0C,0x63,0x0C,0x63,0x0C,0x63,0x0C,0x63,0x0C,0x63,0x0C,0x63,0x0C,0x63,0x0C,
	0x63,0x0C,0x63,0x0C,0x63,0x0C,0x63,0x0C,0x63,0x0C,0x63,0x0C,0x63,0x0C,0x63,0x0C,
	0x63,0x0C,0x63,0x0C,0x63,0x0C,0x63,0x0C,0x63,0x0C,0x63,0x0C,0x63,0x0C,0x63,0x0C,
	0x63,0x0C,0x63,0x0C,0x63,0x0C,0x63,0x0C,0x63,0x0C,0x63,0x0C,0x63,0x0C,0x63,0x0C,
	0x4A,0x29,0x63,0x0C,0x63,0x0C,0x63,0x0C,0x63,0x0C,0x63,0x0C,0x63,0x0C,0x63,0x0C,
	0x63,0x0C,0x63,0x0C,0x63,0x0C,0x63,0x0C,0x63,0x0C,0x63,0x0C,0x63,0x0C,0x63,0x0C,
	0x63,0x0C,0x63,0x0C,0x63,0x0C,0x63,0x0C,0x63,0x0C,0x63,0x0C,0x63,0x0C,0x63,0x0C,

	0x63,0x0C,0x63,0x0C,0x63,0x0C,0x63,0x0C,0x63,0x0C,0x63,0x0C,0x63,0x0C,0x63,0x0C,
	0x63,0x0C,0x63,0x0C,0x63,0x0C,0x63,0x0C,0x63,0x0C,0x63,0x0C,0x29,0x25,0xA5,0x14,
	0x00,0x00,0x8C,0x31,0x00,0x00,0x10,0x42,0x63,0x0C,0x00,0x00,0x94,0x52,0x10,0x42,
	0x10,0x42,0x10,0x42,0x10,0x42,0x00,0x00,0x63,0x0C,0x63,0x0C,0x63,0x0C,0xEF,0x3D,
	0xA5,0x14,0x6B,0x2D,0xEF,0x3D,0x63,0x0C,0x63,0x0C,0x63,0x0C,0x63,0x0C,0x63,0x0C,
	0x63,0x0C,0x63,0x0C,0x63,0x0C,0x63,0x0C,0x63,0x0C,0x63,0x0C,0x63,0x0C,0x63,0x0C,
	0x63,0x0C,0x63,0x0C,0x63,0x0C,0x63,0x0C,0x63,0x0C,0x63,0x0C,0x63,0x0C,0x63,0x0C,
	0x63,0x0C,0x63,0x0C,0x63,0x0C,0x63,0x0C,0x63,0x0C,0x63,0x0C,0x63,0x0C,0x63,0x0C,

	0x63,0x0C,0x63,0x0C,0x63,0x0C,0x63,0x0C,0x63,0x0C,0x63,0x0C,0x63,0x0C,0x63,0x0C,
	0x4A,0x29,0x63,0x0C,0x63,0x0C,0x63,0x0C,0x63,0x0C,0x63,0x0C,0x63,0x0C,0x63,0x0C,
	0x63,0x0C,0x63,0x0C,0x63,0x0C,0x63,0x0C,0x63,0x0C,0x63,0x0C,0x63,0x0C,0x63,0x0C,
	0x63,0x0C,0x63,0x0C,0x63,0x0C,0x63,0x0C,0x63,0x0C,0x63,0x0C,0x63,0x0C,0x63,0x0C,
	0x63,0x0C,0x63,0x0C,0x63,0x0C,0x63,0x0C,0x63,0x0C,0x63,0x0C,0x63,0x0C,0x63,0x0C,
	0x63,0x0C,0x63,0x0C,0x63,0x0C,0x63,0x0C,0x63,0x0C,0x63,0x0C,0x63,0x0C,0x63,0x0C,
	0x63,0x0C,0x63,0x0C,0x63,0x0C,0x63,0x0C,0x63,0x0C,0x63,0x0C,0x63,0x0C,0x63,0x0C,
	0x4A,0x29,0x63,0x0C,0x63,0x0C,0x63,0x0C,0x63,0x0C,0x63,0x0C,0x63,0x0C,0x63,0x0C,

	0x63,0x0C,0x63,0x0C,0x63,0x0C,0x63,0x0C,0x63,0x0C,0x63,0x0C,0x63,0x0C,0x63,0x0C,
	0x63,0x0C,0x63,0x0C,0x63,0x0C,0x63,0x0C,0x63,0x0C,0x63,0x0C,0x63,0x0C,0x63,0x0C,
	0x00,0x00,0x00,0x00,0x00,0x00,0x00,0x00,0x00,0x00,0x00,0x00,0x00,0x00,0x00,0x00,
	0x00,0x00,0x00,0x00,0x00,0x00,0x00,0x00,0x00,0x00,0x00,0x00,0x00,0x00,0x00,0x00,
	0x00,0x00,0x00,0x00,0x00,0x00,0x00,0x00,0x00,0x00,0x00,0x00,0x00,0x00,0x00,0x00,
	0x4A,0x29,0x00,0x00,0x00,0x00,0x00,0x00,0x00,0x00,0x00,0x00,0x00,0x00,0x00,0x00,
	0x00,0x00,0x00,0x00,0x00,0x00,0x00,0x00,0x00,0x00,0x00,0x00,0x00,0x00,0x00,0x00,
	0x00,0x00,0x00,0x00,0x00,0x00,0x00,0x00,0x00,0x00,0x00,0x00,0x00,0x00,0x00,0x00,

	0x00,0x00,0x00,0x00,0x00,0x00,0x00,0x00,0x00,0x00,0x00,0x00,0x00,0x00,0x00,0x00,
	0x00,0x00,0x00,0x00,0x00,0x00,0x00,0x00,0x00,0x00,0x00,0x00,0x00,0x00,0x00,0x00,
	0x00,0x00,0x00,0x00,0x00,0x00,0x00,0x00,0x00,0x00,0x00,0x00,0x00,0x00,0x00,0x00,
	0x4A,0x29,0x00,0x00,0x00,0x00,0x00,0x00,0x00,0x00,0x00,0x00,0x00,0x00,0x00,0x00,
	0x00,0x00,0x00,0x00,0x00,0x00,0x00,0x00,0x00,0x00,0x00,0x00,0x00,0x00,0x00,0x00,
	0x00,0x00,0x00,0x00,0x00,0x00,0x00,0x00,0x00,0x00,0x00,0x00,0x00,0x00,0x00,0x00,
	0x00,0x00,0x00,0x00,0x00,0x00,0x00,0x00,0x00,0x00,0x00,0x00,0x00,0x00,0x00,0x00,
	0x00,0x00,0x00,0x00,0x00,0x00,0x00,0x00,0x00,0x00,0x00,0x00,0x29,0x25,0xA5,0x14,

	0x00,0x00,0x8C,0x31,0x00,0x00,0x63,0x0C,0x63,0x0C,0x00,0x00,0x00,0x00,0x00,0x00,
	0x00,0x00,0x00,0x00,0x00,0x00,0x00,0x00,0x63,0x0C,0x63,0x0C,0x63,0x0C,0xEF,0x3D,
	0xA5,0x14,0x6B,0x2D,0xEF,0x3D,0x00,0x00,0x00,0x00,0x00,0x00,0x00,0x00,0x00,0x00,
	0x00,0x00,0x00,0x00,0x00,0x00,0x00,0x00,0x00,0x00,0x00,0x00,0x00,0x00,0x00,0x00,
	0x00,0x00,0x00,0x00,0x00,0x00,0x00,0x00,0x00,0x00,0x00,0x00,0x00,0x00,0x00,0x00,
	0x00,0x00,0x00,0x00,0x00,0x00,0x00,0x00,0x00,0x00,0x00,0x00,0x00,0x00,0x00,0x00,
	0x00,0x00,0x00,0x00,0x00,0x00,0x00,0x00,0x00,0x00,0x00,0x00,0x00,0x00,0x00,0x00,
	0x4A,0x29,0x00,0x00,0x00,0x00,0x00,0x00,0x00,0x00,0x00,0x00,0x00,0x00,0x00,0x00,

	0x00,0x00,0x00,0x00,0x00,0x00,0x00,0x00,0x00,0x00,0x00,0x00,0x00,0x00,0x00,0x00,
	0x00,0x00,0x00,0x00,0x00,0x00,0x00,0x00,0x00,0x00,0x00,0x00,0x00,0x00,0x00,0x00,
	0x00,0x00,0x00,0x00,0x00,0x00,0x00,0x00,0x00,0x00,0x00,0x00,0x00,0x00,0x00,0x00,
	0x00,0x00,0x00,0x00,0x00,0x00,0x00,0x00,0x00,0x00,0x00,0x00,0x00,0x00,0x00,0x00,
	0x00,0x00,0x00,0x00,0x00,0x00,0x00,0x00,0x00,0x00,0x00,0x00,0x00,0x00,0x00,0x00,
	0x4A,0x29,0x00,0x00,0x00,0x00,0x00,0x00,0x00,0x00,0x00,0x00,0x00,0x00,0x00,0x00,
	0x00,0x00,0x00,0x00,0x00,0x00,0x00,0x00,0x00,0x00,0x00,0x00,0x00,0x00,0x00,0x00,
	0x00,0x00,0x00,0x00,0x00,0x00,0x00,0x00,0x00,0x00,0x00,0x00,0x00,0x00,0x00,0x00,

	0x63,0x0C,0x63,0x0C,0x63,0x0C,0x63,0x0C,0x63,0x0C,0x63,0x0C,0x63,0x0C,0x63,0x0C,
	0x63,0x0C,0x63,0x0C,0x63,0x0C,0x63,0x0C,0x63,0x0C,0x63,0x0C,0x63,0x0C,0x63,0x0C,
	0x63,0x0C,0x63,0x0C,0x63,0x0C,0x63,0x0C,0x63,0x0C,0x63,0x0C,0x63,0x0C,0x63,0x0C,
	0x4A,0x29,0x63,0x0C,0x63,0x0C,0x63,0x0C,0x63,0x0C,0x63,0x0C,0x63,0x0C,0x63,0x0C,
	0x63,0x0C,0x63,0x0C,0x63,0x0C,0x63,0x0C,0x63,0x0C,0x63,0x0C,0x63,0x0C,0x63,0x0C,
	0x63,0x0C,0x63,0x0C,0x63,0x0C,0x63,0x0C,0x63,0x0C,0x63,0x0C,0x63,0x0C,0x63,0x0C,
	0x63,0x0C,0x63,0x0C,0x63,0x0C,0x63,0x0C,0x63,0x0C,0x63,0x0C,0x63,0x0C,0x63,0x0C,
	0x63,0x0C,0x63,0x0C,0x63,0x0C,0x63,0x0C,0x63,0x0C,0x63,0x0C,0x63,0x0C,0x63,0x0C,

	0x63,0x0C,0x63,0x0C,0x63,0x0C,0x63,0x0C,0x63,0x0C,0x63,0x0C,0x63,0x0C,0x63,0x0C,
	0x4A,0x29,0x63,0x0C,0x63,0x0C,0x63,0x0C,0x63,0x0C,0x63,0x0C,0x63,0x0C,0x63,0x0C,
	0x63,0x0C,0x63,0x0C,0x63,0x0C,0x63,0x0C,0x63,0x0C,0x63,0x0C,0x63,0x0C,0x63,0x0C,
	0x63,0x0C,0x63,0x0C,0x63,0x0C,0x63,0x0C,0x63,0x0C,0x63,0x0C,0x63,0x0C,0x63,0x0C,
	0x63,0x0C,0x63,0x0C,0x63,0x0C,0x63,0x0C,0x63,0x0C,0x63,0x0C,0x63,0x0C,0x63,0x0C,
	0x63,0x0C,0x63,0x0C,0x63,0x0C,0x63,0x0C,0x63,0x0C,0x63,0x0C,0x29,0x25,0xA5,0x14,
	0x00,0x00,0x8C,0x31,0x63,0x0C,0xA5,0x14,0xA5,0x14,0xA5,0x14,0xA5,0x14,0xA5,0x14,
	0xA5,0x14,0xA5,0x14,0xA5,0x14,0xA5,0x14,0xA5,0x14,0xA5,0x14,0xA5,0x14,0xEF,0x3D,

	0xA5,0x14,0x6B,0x2D,0xEF,0x3D,0x63,0x0C,0x63,0x0C,0x63,0x0C,0x63,0x0C,0x63,0x0C,
	0x63,0x0C,0x63,0x0C,0x63,0x0C,0x63,0x0C,0x63,0x0C,0x63,0x0C,0x63,0x0C,0x63,0x0C,
	0x63,0x0C,0x63,0x0C,0x63,0x0C,0x63,0x0C,0x63,0x0C,0x63,0x0C,0x63,0x0C,0x63,0x0C,
	0x63,0x0C,0x63,0x0C,0x63,0x0C,0x63,0x0C,0x63,0x0C,0x63,0x0C,0x63,0x0C,0x63,0x0C,
	0x63,0x0C,0x63,0x0C,0x63,0x0C,0x63,0x0C,0x63,0x0C,0x63,0x0C,0x63,0x0C,0x63,0x0C,
	0x4A,0x29,0x63,0x0C,0x63,0x0C,0x63,0x0C,0x63,0x0C,0x63,0x0C,0x63,0x0C,0x63,0x0C,
	0x63,0x0C,0x63,0x0C,0x63,0x0C,0x63,0x0C,0x63,0x0C,0x63,0x0C,0x63,0x0C,0x63,0x0C,
	0x63,0x0C,0x63,0x0C,0x63,0x0C,0x63,0x0C,0x63,0x0C,0x63,0x0C,0x63,0x0C,0x63,0x0C,

	0x63,0x0C,0x63,0x0C,0x63,0x0C,0x63,0x0C,0x63,0x0C,0x63,0x0C,0x63,0x0C,0x63,0x0C,
	0x63,0x0C,0x63,0x0C,0x63,0x0C,0x63,0x0C,0x63,0x0C,0x63,0x0C,0x63,0x0C,0x63,0x0C,
	0x63,0x0C,0x63,0x0C,0x63,0x0C,0x63,0x0C,0x63,0x0C,0x63,0x0C,0x63,0x0C,0x63,0x0C,
	0x4A,0x29,0x63,0x0C,0x63,0x0C,0x63,0x0C,0x63,0x0C,0x63,0x0C,0x63,0x0C,0x63,0x0C,
	0x63,0x0C,0x63,0x0C,0x63,0x0C,0x63,0x0C,0x63,0x0C,0x63,0x0C,0x63,0x0C,0x63,0x0C,
	0x63,0x0C,0x63,0x0C,0x63,0x0C,0x63,0x0C,0x63,0x0C,0x63,0x0C,0x63,0x0C,0x63,0x0C,
	0x00,0x00,0x00,0x00,0x00,0x00,0x00,0x00,0x00,0x00,0x00,0x00,0x00,0x00,0x00,0x00,
	0x00,0x00,0x00,0x00,0x00,0x00,0x00,0x00,0x00,0x00,0x00,0x00,0x00,0x00,0x00,0x00,

	0x00,0x00,0x00,0x00,0x00,0x00,0x00,0x00,0x00,0x00,0x00,0x00,0x00,0x00,0x00,0x00,
	0x4A,0x29,0x00,0x00,0x00,0x00,0x00,0x00,0x00,0x00,0x00,0x00,0x00,0x00,0x00,0x00,
	0x00,0x00,0x00,0x00,0x00,0x00,0x00,0x00,0x00,0x00,0x00,0x00,0x00,0x00,0x00,0x00,
	0x00,0x00,0x00,0x00,0x00,0x00,0x00,0x00,0x00,0x00,0x00,0x00,0x00,0x00,0x00,0x00,
	0x00,0x00,0x00,0x00,0x00,0x00,0x00,0x00,0x00,0x00,0x00,0x00,0x00,0x00,0x00,0x00,
	0x00,0x00,0x00,0x00,0x00,0x00,0x00,0x00,0x00,0x00,0x00,0x00,0x00,0x00,0x00,0x00,
	0x00,0x00,0x00,0x00,0x00,0x00,0x00,0x00,0x00,0x00,0x00,0x00,0x00,0x00,0x00,0x00,
	0x4A,0x29,0x00,0x00,0x00,0x00,0x00,0x00,0x00,0x00,0x00,0x00,0x00,0x00,0x00,0x00,

	0x00,0x00,0x00,0x00,0x00,0x00,0x00,0x00,0x00,0x00,0x00,0x00,0x00,0x00,0x00,0x00,
	0x00,0x00,0x00,0x00,0x00,0x00,0x00,0x00,0x00,0x00,0x00,0x00,0x00,0x00,0x00,0x00,
	0x00,0x00,0x00,0x00,0x00,0x00,0x00,0x00,0x00,0x00,0x00,0x00,0x00,0x00,0x00,0x00,
	0x00,0x00,0x00,0x00,0x00,0x00,0x00,0x00,0x00,0x00,0x00,0x00,0x29,0x25,0xA5,0x14,
	0x00,0x00,0x8C,0x31,0xEF,0x3D,0xEF,0x3D,0xEF,0x3D,0xEF,0x3D,0xEF,0x3D,0xEF,0x3D,
	0xEF,0x3D,0xEF,0x3D,0xEF,0x3D,0xEF,0x3D,0xEF,0x3D,0xEF,0x3D,0xEF,0x3D,0xEF,0x3D,
	0xA5,0x14,0x6B,0x2D,0xEF,0x3D,0x00,0x00,0x00,0x00,0x00,0x00,0x00,0x00,0x00,0x00,
	0x00,0x00,0x00,0x00,0x00,0x00,0x00,0x00,0x00,0x00,0x00,0x00,0x00,0x00,0x00,0x00,

	0x00,0x00,0x00,0x00,0x00,0x00,0x00,0x00,0x00,0x00,0x00,0x00,0x00,0x00,0x00,0x00,
	0x00,0x00,0x00,0x00,0x00,0x00,0x00,0x00,0x00,0x00,0x00,0x00,0x00,0x00,0x00,0x00,
	0x00,0x00,0x00,0x00,0x00,0x00,0x00,0x00,0x00,0x00,0x00,0x00,0x00,0x00,0x00,0x00,
	0x4A,0x29,0x00,0x00,0x00,0x00,0x00,0x00,0x00,0x00,0x00,0x00,0x00,0x00,0x00,0x00,
	0x00,0x00,0x00,0x00,0x00,0x00,0x00,0x00,0x00,0x00,0x00,0x00,0x00,0x00,0x00,0x00,
	0x00,0x00,0x00,0x00,0x00,0x00,0x00,0x00,0x00,0x00,0x00,0x00,0x00,0x00,0x00,0x00,
	0x00,0x00,0x00,0x00,0x00,0x00,0x00,0x00,0x00,0x00,0x00,0x00,0x00,0x00,0x00,0x00,
	0x00,0x00,0x00,0x00,0x00,0x00,0x00,0x00,0x00,0x00,0x00,0x00,0x00,0x00,0x00,0x00,

	0x00,0x00,0x00,0x00,0x00,0x00,0x00,0x00,0x00,0x00,0x00,0x00,0x00,0x00,0x00,0x00,
	0x4A,0x29,0x00,0x00,0x00,0x00,0x00,0x00,0x00,0x00,0x00,0x00,0x00,0x00,0x00,0x00,
	0x00,0x00,0x00,0x00,0x00,0x00,0x00,0x00,0x00,0x00,0x00,0x00,0x00,0x00,0x00,0x00,
	0x00,0x00,0x00,0x00,0x00,0x00,0x00,0x00,0x00,0x00,0x00,0x00,0x00,0x00,0x00,0x00,
	0x63,0x0C,0x63,0x0C,0x63,0x0C,0x63,0x0C,0x63,0x0C,0x63,0x0C,0x63,0x0C,0x63,0x0C,
	0x63,0x0C,0x63,0x0C,0x63,0x0C,0x63,0x0C,0x63,0x0C,0x63,0x0C,0x63,0x0C,0x63,0x0C,
	0x63,0x0C,0x63,0x0C,0x63,0x0C,0x63,0x0C,0x63,0x0C,0x63,0x0C,0x63,0x0C,0x63,0x0C,
	0x4A,0x29,0x63,0x0C,0x63,0x0C,0x63,0x0C,0x63,0x0C,0x63,0x0C,0x63,0x0C,0x63,0x0C,

	0x63,0x0C,0x63,0x0C,0x63,0x0C,0x63,0x0C,0x63,0x0C,0x63,0x0C,0x63,0x0C,0x63,0x0C,
	0x63,0x0C,0x63,0x0C,0x63,0x0C,0x63,0x0C,0x63,0x0C,0x63,0x0C,0x63,0x0C,0x63,0x0C,
	0x63,0x0C,0x63,0x0C,0x63,0x0C,0x63,0x0C,0x63,0x0C,0x63,0x0C,0x63,0x0C,0x63,0x0C,
	0x63,0x0C,0x63,0x0C,0x63,0x0C,0x63,0x0C,0x63,0x0C,0x63,0x0C,0x63,0x0C,0x63,0x0C,
	0x63,0x0C,0x63,0x0C,0x63,0x0C,0x63,0x0C,0x63,0x0C,0x63,0x0C,0x63,0x0C,0x63,0x0C,
	0x4A,0x29,0x63,0x0C,0x63,0x0C,0x63,0x0C,0x63,0x0C,0x63,0x0C,0x63,0x0C,0x63,0x0C,
	0x63,0x0C,0x63,0x0C,0x63,0x0C,0x63,0x0C,0x63,0x0C,0x63,0x0C,0x63,0x0C,0x63,0x0C,
	0x63,0x0C,0x63,0x0C,0x63,0x0C,0x63,0x0C,0x63,0x0C,0x63,0x0C,0x63,0x0C,0x63,0x0C,

	0x63,0x0C,0x63,0x0C,0x63,0x0C,0x63,0x0C,0x63,0x0C,0x63,0x0C,0x63,0x0C,0x63,0x0C,
	0x63,0x0C,0x63,0x0C,0x63,0x0C,0x63,0x0C,0x63,0x0C,0x63,0x0C,0x29,0x25,0xA5,0x14,
	0xE7,0x1C,0xE7,0x1C,0xE7,0x1C,0xE7,0x1C,0xE7,0x1C,0xE7,0x1C,0xE7,0x1C,0xE7,0x1C,
	0xE7,0x1C,0xE7,0x1C,0xE7,0x1C,0xE7,0x1C,0xE7,0x1C,0xE7,0x1C,0xE7,0x1C,0xE7,0x1C,
	0xE7,0x1C,0x6B,0x2D,0xEF,0x3D,0x63,0x0C,0x63,0x0C,0x63,0x0C,0x63,0x0C,0x63,0x0C,
	0x63,0x0C,0x63,0x0C,0x63,0x0C,0x63,0x0C,0x63,0x0C,0x63,0x0C,0x63,0x0C,0x63,0x0C,
	0x63,0x0C,0x63,0x0C,0x63,0x0C,0x63,0x0C,0x63,0x0C,0x63,0x0C,0x63,0x0C,0x63,0x0C,
	0x63,0x0C,0x63,0x0C,0x63,0x0C,0x63,0x0C,0x63,0x0C,0x63,0x0C,0x63,0x0C,0x63,0x0C,

	0x63,0x0C,0x63,0x0C,0x63,0x0C,0x63,0x0C,0x63,0x0C,0x63,0x0C,0x63,0x0C,0x63,0x0C,
	0x4A,0x29,0x63,0x0C,0x63,0x0C,0x63,0x0C,0x63,0x0C,0x63,0x0C,0x63,0x0C,0x63,0x0C,
	0x63,0x0C,0x63,0x0C,0x63,0x0C,0x63,0x0C,0x63,0x0C,0x63,0x0C,0x63,0x0C,0x63,0x0C,
	0x63,0x0C,0x63,0x0C,0x63,0x0C,0x63,0x0C,0x63,0x0C,0x63,0x0C,0x63,0x0C,0x63,0x0C,
	0x63,0x0C,0x63,0x0C,0x63,0x0C,0x63,0x0C,0x63,0x0C,0x63,0x0C,0x63,0x0C,0x63,0x0C,
	0x63,0x0C,0x63,0x0C,0x63,0x0C,0x63,0x0C,0x63,0x0C,0x63,0x0C,0x63,0x0C,0x63,0x0C,
	0x63,0x0C,0x63,0x0C,0x63,0x0C,0x63,0x0C,0x63,0x0C,0x63,0x0C,0x63,0x0C,0x63,0x0C,
	0x4A,0x29,0x63,0x0C,0x63,0x0C,0x63,0x0C,0x63,0x0C,0x63,0x0C,0x63,0x0C,0x63,0x0C,

	0x63,0x0C,0x63,0x0C,0x63,0x0C,0x63,0x0C,0x63,0x0C,0x63,0x0C,0x63,0x0C,0x63,0x0C,
	0x63,0x0C,0x63,0x0C,0x63,0x0C,0x63,0x0C,0x63,0x0C,0x63,0x0C,0x63,0x0C,0x63,0x0C,
	0x00,0x00,0x00,0x00,0x00,0x00,0x00,0x00,0x00,0x00,0x00,0x00,0x00,0x00,0x00,0x00,
	0x00,0x00,0x00,0x00,0x00,0x00,0x00,0x00,0x00,0x00,0x00,0x00,0x00,0x00,0x00,0x00,
	0x00,0x00,0x00,0x00,0x00,0x00,0x00,0x00,0x00,0x00,0x00,0x00,0x00,0x00,0x00,0x00,
	0x4A,0x29,0x00,0x00,0x00,0x00,0x00,0x00,0x00,0x00,0x00,0x00,0x00,0x00,0x00,0x00,
	0x00,0x00,0x00,0x00,0x00,0x00,0x00,0x00,0x00,0x00,0x00,0x00,0x00,0x00,0x00,0x00,
	0x00,0x00,0x00,0x00,0x00,0x00,0x00,0x00,0x00,0x00,0x00,0x00,0x00,0x00,0x00,0x00,

	0x00,0x00,0x00,0x00,0x00,0x00,0x00,0x00,0x00,0x00,0x00,0x00,0x00,0x00,0x00,0x00,
	0x00,0x00,0x00,0x00,0x00,0x00,0x00,0x00,0x00,0x00,0x00,0x00,0x00,0x00,0x00,0x00,
	0x00,0x00,0x00,0x00,0x00,0x00,0x00,0x00,0x00,0x00,0x00,0x00,0x00,0x00,0x00,0x00,
	0x4A,0x29,0x00,0x00,0x00,0x00,0x00,0x00,0x00,0x00,0x00,0x00,0x00,0x00,0x00,0x00,
	0x00,0x00,0x00,0x00,0x00,0x00,0x00,0x00,0x00,0x00,0x00,0x00,0x00,0x00,0x00,0x00,
	0x00,0x00,0x00,0x00,0x00,0x00,0x00,0x00,0x00,0x00,0x00,0x00,0x00,0x00,0x00,0x00,
	0x00,0x00,0x00,0x00,0x00,0x00,0x00,0x00,0x00,0x00,0x00,0x00,0x00,0x00,0x00,0x00,
	0x00,0x00,0x00,0x00,0x00,0x00,0x00,0x00,0x00,0x00,0x00,0x00,0x29,0x25,0xE7,0x1C,

	0x6B,0x2D,0x6B,0x2D,0x6B,0x2D,0x6B,0x2D,0x6B,0x2D,0x6B,0x2D,0x6B,0x2D,0x6B,0x2D,
	0x6B,0x2D,0x6B,0x2D,0x6B,0x2D,0x6B,0x2D,0x6B,0x2D,0x6B,0x2D,0x6B,0x2D,0x6B,0x2D,
	0x6B,0x2D,0x6B,0x2D,0xEF,0x3D,0x00,0x00,0x00,0x00,0x00,0x00,0x00,0x00,0x00,0x00,
	0x00,0x00,0x00,0x00,0x00,0x00,0x00,0x00,0x00,0x00,0x00,0x00,0x00,0x00,0x00,0x00,
	0x00,0x00,0x00,0x00,0x00,0x00,0x00,0x00,0x00,0x00,0x00,0x00,0x00,0x00,0x00,0x00,
	0x00,0x00,0x00,0x00,0x00,0x00,0x00,0x00,0x00,0x00,0x00,0x00,0x00,0x00,0x00,0x00,
	0x00,0x00,0x00,0x00,0x00,0x00,0x00,0x00,0x00,0x00,0x00,0x00,0x00,0x00,0x00,0x00,
	0x4A,0x29,0x00,0x00,0x00,0x00,0x00,0x00,0x00,0x00,0x00,0x00,0x00,0x00,0x00,0x00,

	0x00,0x00,0x00,0x00,0x00,0x00,0x00,0x00,0x00,0x00,0x00,0x00,0x00,0x00,0x00,0x00,
	0x00,0x00,0x00,0x00,0x00,0x00,0x00,0x00,0x00,0x00,0x00,0x00,0x00,0x00,0x00,0x00,
	0x00,0x00,0x00,0x00,0x00,0x00,0x00,0x00,0x00,0x00,0x00,0x00,0x00,0x00,0x00,0x00,
	0x00,0x00,0x00,0x00,0x00,0x00,0x00,0x00,0x00,0x00,0x00,0x00,0x00,0x00,0x00,0x00,
	0x00,0x00,0x00,0x00,0x00,0x00,0x00,0x00,0x00,0x00,0x00,0x00,0x00,0x00,0x00,0x00,
	0x4A,0x29,0x00,0x00,0x00,0x00,0x00,0x00,0x00,0x00,0x00,0x00,0x00,0x00,0x00,0x00,
	0x00,0x00,0x00,0x00,0x00,0x00,0x00,0x00,0x00,0x00,0x00,0x00,0x00,0x00,0x00,0x00,
	0x00,0x00,0x00,0x00,0x00,0x00,0x00,0x00,0x00,0x00,0x00,0x00,0x00,0x00,0x00,0x00,

	0x63,0x0C,0x63,0x0C,0x63,0x0C,0x63,0x0C,0x63,0x0C,0x63,0x0C,0x63,0x0C,0x63,0x0C,
	0x63,0x0C,0x63,0x0C,0x63,0x0C,0x63,0x0C,0x63,0x0C,0x63,0x0C,0x63,0x0C,0x63,0x0C,
	0x63,0x0C,0x63,0x0C,0x63,0x0C,0x63,0x0C,0x63,0x0C,0x63,0x0C,0x63,0x0C,0x63,0x0C,
	0x4A,0x29,0x63,0x0C,0x63,0x0C,0x63,0x0C,0x63,0x0C,0x63,0x0C,0x63,0x0C,0x63,0x0C,
	0x63,0x0C,0x63,0x0C,0x63,0x0C,0x63,0x0C,0x63,0x0C,0x63,0x0C,0x63,0x0C,0x63,0x0C,
	0x63,0x0C,0x63,0x0C,0x63,0x0C,0x63,0x0C,0x63,0x0C,0x63,0x0C,0x63,0x0C,0x63,0x0C,
	0x63,0x0C,0x63,0x0C,0x63,0x0C,0x63,0x0C,0x63,0x0C,0x63,0x0C,0x63,0x0C,0x63,0x0C,
	0x63,0x0C,0x63,0x0C,0x63,0x0C,0x63,0x0C,0x63,0x0C,0x63,0x0C,0x63,0x0C,0x63,0x0C,

	0x63,0x0C,0x63,0x0C,0x63,0x0C,0x63,0x0C,0x63,0x0C,0x63,0x0C,0x63,0x0C,0x63,0x0C,
	0x4A,0x29,0x63,0x0C,0x63,0x0C,0x63,0x0C,0x63,0x0C,0x63,0x0C,0x63,0x0C,0x63,0x0C,
	0x63,0x0C,0x63,0x0C,0x63,0x0C,0x63,0x0C,0x63,0x0C,0x63,0x0C,0x63,0x0C,0x63,0x0C,
	0x63,0x0C,0x63,0x0C,0x63,0x0C,0x63,0x0C,0x63,0x0C,0x63,0x0C,0x63,0x0C,0x63,0x0C,
	0x63,0x0C,0x63,0x0C,0x63,0x0C,0x63,0x0C,0x63,0x0C,0x63,0x0C,0x63,0x0C,0x63,0x0C,
	0x63,0x0C,0x63,0x0C,0x63,0x0C,0x63,0x0C,0x63,0x0C,0x63,0x0C,0x8C,0x31,0xEF,0x3D,
	0xEF,0x3D,0xEF,0x3D,0xEF,0x3D,0xEF,0x3D,0xEF,0x3D,0xEF,0x3D,0xEF,0x3D,0xEF,0x3D,
	0xEF,0x3D,0xEF,0x3D,0xEF,0x3D,0xEF,0x3D,0xEF,0x3D,0xEF,0x3D,0xEF,0x3D,0xEF,0x3D,

	0xEF,0x3D,0xEF,0x3D,0xEF,0x3D,0x63,0x0C,0x63,0x0C,0x63,0x0C,0x63,0x0C,0x63,0x0C,
	0x63,0x0C,0x63,0x0C,0x63,0x0C,0x63,0x0C,0x63,0x0C,0x63,0x0C,0x63,0x0C,0x63,0x0C,
	0x63,0x0C,0x63,0x0C,0x63,0x0C,0x63,0x0C,0x63,0x0C,0x63,0x0C,0x63,0x0C,0x63,0x0C,
	0x63,0x0C,0x63,0x0C,0x63,0x0C,0x63,0x0C,0x63,0x0C,0x63,0x0C,0x63,0x0C,0x63,0x0C,
	0x63,0x0C,0x63,0x0C,0x63,0x0C,0x63,0x0C,0x63,0x0C,0x63,0x0C,0x63,0x0C,0x63,0x0C,
	0x4A,0x29,0x63,0x0C,0x63,0x0C,0x63,0x0C,0x63,0x0C,0x63,0x0C,0x63,0x0C,0x63,0x0C,
	0x63,0x0C,0x63,0x0C,0x63,0x0C,0x63,0x0C,0x63,0x0C,0x63,0x0C,0x63,0x0C,0x63,0x0C,
	0x63,0x0C,0x63,0x0C,0x63,0x0C,0x63,0x0C,0x63,0x0C,0x63,0x0C,0x63,0x0C,0x63,0x0C,

	0x63,0x0C,0x63,0x0C,0x63,0x0C,0x63,0x0C,0x63,0x0C,0x63,0x0C,0x63,0x0C,0x63,0x0C,
	0x63,0x0C,0x63,0x0C,0x63,0x0C,0x63,0x0C,0x63,0x0C,0x63,0x0C,0x63,0x0C,0x63,0x0C,
	0x63,0x0C,0x63,0x0C,0x63,0x0C,0x63,0x0C,0x63,0x0C,0x63,0x0C,0x63,0x0C,0x63,0x0C,
	0x4A,0x29,0x63,0x0C,0x63,0x0C,0x63,0x0C,0x63,0x0C,0x63,0x0C,0x63,0x0C,0x63,0x0C,
	0x63,0x0C,0x63,0x0C,0x63,0x0C,0x63,0x0C,0x63,0x0C,0x63,0x0C,0x63,0x0C,0x63,0x0C,
	0x63,0x0C,0x63,0x0C,0x63,0x0C,0x63,0x0C,0x63,0x0C,0x63,0x0C,0x63,0x0C,0x63,0x0C,
	0x00,0x00,0x00,0x00,0x00,0x00,0x00,0x00,0x00,0x00,0x00,0x00,0x00,0x00,0x00,0x00,
	0x00,0x00,0x00,0x00,0x00,0x00,0x00,0x00,0x00,0x00,0x00,0x00,0x00,0x00,0x00,0x00,

	0x00,0x00,0x00,0x00,0x00,0x00,0x00,0x00,0x00,0x00,0x00,0x00,0x00,0x00,0x00,0x00,
	0x4A,0x29,0x00,0x00,0x00,0x00,0x00,0x00,0x00,0x00,0x00,0x00,0x00,0x00,0x00,0x00,
	0x00,0x00,0x00,0x00,0x00,0x00,0x00,0x00,0x00,0x00,0x00,0x00,0x00,0x00,0x00,0x00,
	0x00,0x00,0x00,0x00,0x00,0x00,0x00,0x00,0x00,0x00,0x00,0x00,0x00,0x00,0x00,0x00,
	0x00,0x00,0x00,0x00,0x00,0x00,0x00,0x00,0x00,0x00,0x00,0x00,0x00,0x00,0x00,0x00,
	0x00,0x00,0x00,0x00,0x00,0x00,0x00,0x00,0x00,0x00,0x00,0x00,0x00,0x00,0x00,0x00,
	0x00,0x00,0x00,0x00,0x00,0x00,0x00,0x00,0x00,0x00,0x00,0x00,0x00,0x00,0x00,0x00,
	0x4A,0x29,0x00,0x00,0x00,0x00,0x00,0x00,0x00,0x00,0x00,0x00,0x00,0x00,0x00,0x00,

	0x00,0x00,0x00,0x00,0x00,0x00,0x00,0x00,0x00,0x00,0x00,0x00,0x00,0x00,0x00,0x00,
	0x00,0x00,0x00,0x00,0x00,0x00,0x00,0x00,0x00,0x00,0x00,0x00,0x00,0x00,0x00,0x00,
	0x00,0x00,0x00,0x00,0x00,0x00,0x00,0x00,0x00,0x00,0x00,0x00,0x00,0x00,0x00,0x00,
	0x00,0x00,0x00,0x00,0x00,0x00,0x00,0x00,0x00,0x00,0x00,0x00,0x00,0x00,0x00,0x00,
	0x00,0x00,0x00,0x00,0x00,0x00,0x00,0x00,0x00,0x00,0x00,0x00,0x00,0x00,0x00,0x00,
	0x4A,0x29,0x00,0x00,0x00,0x00,0x00,0x00,0x00,0x00,0x00,0x00,0x00,0x00,0x00,0x00,
	0x00,0x00,0x00,0x00,0x00,0x00,0x00,0x00,0x00,0x00,0x00,0x00,0x00,0x00,0x00,0x00,
	0x00,0x00,0x00,0x00,0x00,0x00,0x00,0x00,0x00,0x00,0x00,0x00,0x00,0x00,0x00,0x00,

	0x00,0x00,0x00,0x00,0x00,0x00,0x00,0x00,0x00,0x00,0x00,0x00,0x00,0x00,0x00,0x00,
	0x00,0x00,0x00,0x00,0x00,0x00,0x00,0x00,0x00,0x00,0x00,0x00,0x00,0x00,0x00,0x00,
	0x00,0x00,0x00,0x00,0x00,0x00,0x00,0x00,0x00,0x00,0x00,0x00,0x00,0x00,0x00,0x00,
	0x4A,0x29,0x00,0x00,0x00,0x00,0x00,0x00,0x00,0x00,0x00,0x00,0x00,0x00,0x00,0x00,
	0x00,0x00,0x00,0x00,0x00,0x00,0x00,0x00,0x00,0x00,0x00,0x00,0x00,0x00,0x00,0x00,
	0x00,0x00,0x00,0x00,0x00,0x00,0x00,0x00,0x00,0x00,0x00,0x00,0x00,0x00,0x00,0x00,
	0x00,0x00,0x00,0x00,0x00,0x00,0x00,0x00,0x00,0x00,0x00,0x00,0x00,0x00,0x00,0x00,
	0x00,0x00,0x00,0x00,0x00,0x00,0x00,0x00,0x00,0x00,0x00,0x00,0x00,0x00,0x00,0x00,

	0x00,0x00,0x00,0x00,0x00,0x00,0x00,0x00,0x00,0x00,0x00,0x00,0x00,0x00,0x00,0x00,
	0x4A,0x29,0x00,0x00,0x00,0x00,0x00,0x00,0x00,0x00,0x00,0x00,0x00,0x00,0x00,0x00,
	0x00,0x00,0x00,0x00,0x00,0x00,0x00,0x00,0x00,0x00,0x00,0x00,0x00,0x00,0x00,0x00,
	0x00,0x00,0x00,0x00,0x00,0x00,0x00,0x00,0x00,0x00,0x00,0x00,0x00,0x00,0x00,0x00,
	0x63,0x0C,0x63,0x0C,0x63,0x0C,0x63,0x0C,0x63,0x0C,0x63,0x0C,0x63,0x0C,0x63,0x0C,
	0x63,0x0C,0x63,0x0C,0x63,0x0C,0x63,0x0C,0x63,0x0C,0x63,0x0C,0x63,0x0C,0x63,0x0C,
	0x63,0x0C,0x63,0x0C,0x63,0x0C,0x63,0x0C,0x63,0x0C,0x63,0x0C,0x63,0x0C,0x63,0x0C,
	0x4A,0x29,0x63,0x0C,0x63,0x0C,0x63,0x0C,0x63,0x0C,0x63,0x0C,0x63,0x0C,0x63,0x0C,

	0x63,0x0C,0x63,0x0C,0x63,0x0C,0x63,0x0C,0x63,0x0C,0x63,0x0C,0x63,0x0C,0x63,0x0C,
	0x63,0x0C,0x63,0x0C,0x63,0x0C,0x63,0x0C,0x63,0x0C,0x63,0x0C,0x63,0x0C,0x63,0x0C,
	0x63,0x0C,0x63,0x0C,0x63,0x0C,0x63,0x0C,0x63,0x0C,0x63,0x0C,0x63,0x0C,0x63,0x0C,
	0x63,0x0C,0x63,0x0C,0x63,0x0C,0x63,0x0C,0x63,0x0C,0x63,0x0C,0x63,0x0C,0x63,0x0C,
	0x63,0x0C,0x63,0x0C,0x63,0x0C,0x63,0x0C,0x63,0x0C,0x63,0x0C,0x63,0x0C,0x63,0x0C,
	0x4A,0x29,0x63,0x0C,0x63,0x0C,0x63,0x0C,0x63,0x0C,0x63,0x0C,0x63,0x0C,0x63,0x0C,
	0x63,0x0C,0x63,0x0C,0x63,0x0C,0x63,0x0C,0x63,0x0C,0x63,0x0C,0x63,0x0C,0x63,0x0C,
	0x63,0x0C,0x63,0x0C,0x63,0x0C,0x63,0x0C,0x63,0x0C,0x63,0x0C,0x63,0x0C,0x63,0x0C,

	0x63,0x0C,0x63,0x0C,0x63,0x0C,0x63,0x0C,0x63,0x0C,0x63,0x0C,0x63,0x0C,0x63,0x0C,
	0x63,0x0C,0x63,0x0C,0x63,0x0C,0x63,0x0C,0x63,0x0C,0x63,0x0C,0x63,0x0C,0x63,0x0C,
	0x63,0x0C,0x63,0x0C,0x63,0x0C,0x63,0x0C,0x63,0x0C,0x63,0x0C,0x63,0x0C,0x63,0x0C,
	0x4A,0x29,0x63,0x0C,0x63,0x0C,0x63,0x0C,0x63,0x0C,0x63,0x0C,0x63,0x0C,0x63,0x0C,
	0x63,0x0C,0x63,0x0C,0x63,0x0C,0x63,0x0C,0x63,0x0C,0x63,0x0C,0x63,0x0C,0x63,0x0C,
	0x63,0x0C,0x63,0x0C,0x63,0x0C,0x63,0x0C,0x63,0x0C,0x63,0x0C,0x63,0x0C,0x63,0x0C,
	0x63,0x0C,0x63,0x0C,0x63,0x0C,0x63,0x0C,0x63,0x0C,0x63,0x0C,0x63,0x0C,0x63,0x0C,
	0x63,0x0C,0x63,0x0C,0x63,0x0C,0x63,0x0C,0x63,0x0C,0x63,0x0C,0x63,0x0C,0x63,0x0C,

	0x63,0x0C,0x63,0x0C,0x63,0x0C,0x63,0x0C,0x63,0x0C,0x63,0x0C,0x63,0x0C,0x63,0x0C,
	0x4A,0x29,0x63,0x0C,0x63,0x0C,0x63,0x0C,0x63,0x0C,0x63,0x0C,0x63,0x0C,0x63,0x0C,
	0x63,0x0C,0x63,0x0C,0x63,0x0C,0x63,0x0C,0x63,0x0C,0x63,0x0C,0x63,0x0C,0x63,0x0C,
	0x63,0x0C,0x63,0x0C,0x63,0x0C,0x63,0x0C,0x63,0x0C,0x63,0x0C,0x63,0x0C,0x63,0x0C,
	0x63,0x0C,0x63,0x0C,0x63,0x0C,0x63,0x0C,0x63,0x0C,0x63,0x0C,0x63,0x0C,0x63,0x0C,
	0x63,0x0C,0x63,0x0C,0x63,0x0C,0x63,0x0C,0x63,0x0C,0x63,0x0C,0x63,0x0C,0x63,0x0C,
	0x63,0x0C,0x63,0x0C,0x63,0x0C,0x63,0x0C,0x63,0x0C,0x63,0x0C,0x63,0x0C,0x63,0x0C,
	0x4A,0x29,0x63,0x0C,0x63,0x0C,0x63,0x0C,0x63,0x0C,0x63,0x0C,0x63,0x0C,0x63,0x0C,

	0x63,0x0C,0x63,0x0C,0x63,0x0C,0x63,0x0C,0x63,0x0C,0x63,0x0C,0x63,0x0C,0x63,0x0C,
	0x63,0x0C,0x63,0x0C,0x63,0x0C,0x63,0x0C,0x63,0x0C,0x63,0x0C,0x63,0x0C,0x63,0x0C,
	0x00,0x00,0x00,0x00,0x00,0x00,0x00,0x00,0x00,0x00,0x00,0x00,0x00,0x00,0x00,0x00,
	0x00,0x00,0x00,0x00,0x00,0x00,0x00,0x00,0x00,0x00,0x00,0x00,0x00,0x00,0x00,0x00,
	0x00,0x00,0x00,0x00,0x00,0x00,0x00,0x00,0x00,0x00,0x00,0x00,0x00,0x00,0x00,0x00,
	0x4A,0x29,0x00,0x00,0x00,0x00,0x00,0x00,0x00,0x00,0x00,0x00,0x00,0x00,0x00,0x00,
	0x00,0x00,0x00,0x00,0x00,0x00,0x00,0x00,0x00,0x00,0x00,0x00,0x00,0x00,0x00,0x00,
	0x00,0x00,0x00,0x00,0x00,0x00,0x00,0x00,0x00,0x00,0x00,0x00,0x00,0x00,0x00,0x00,

	0x00,0x00,0x00,0x00,0x00,0x00,0x00,0x00,0x00,0x00,0x00,0x00,0x00,0x00,0x00,0x00,
	0x00,0x00,0x00,0x00,0x00,0x00,0x00,0x00,0x00,0x00,0x00,0x00,0x00,0x00,0x00,0x00,
	0x00,0x00,0x00,0x00,0x00,0x00,0x00,0x00,0x00,0x00,0x00,0x00,0x00,0x00,0x00,0x00,
	0x4A,0x29,0x00,0x00,0x00,0x00,0x00,0x00,0x00,0x00,0x00,0x00,0x00,0x00,0x00,0x00,
	0x00,0x00,0x00,0x00,0x00,0x00,0x00,0x00,0x00,0x00,0x00,0x00,0x00,0x00,0x00,0x00,
	0x00,0x00,0x00,0x00,0x00,0x00,0x00,0x00,0x00,0x00,0x00,0x00,0x00,0x00,0x00,0x00,
	0x00,0x00,0x00,0x00,0x00,0x00,0x00,0x00,0x00,0x00,0x00,0x00,0x00,0x00,0x00,0x00,
	0x00,0x00,0x00,0x00,0x00,0x00,0x00,0x00,0x00,0x00,0x00,0x00,0x00,0x00,0x00,0x00,

	0x00,0x00,0x00,0x00,0x00,0x00,0x00,0x00,0x00,0x00,0x00,0x00,0x00,0x00,0x00,0x00,
	0x4A,0x29,0x00,0x00,0x00,0x00,0x00,0x00,0x00,0x00,0x00,0x00,0x00,0x00,0x00,0x00,
	0x00,0x00,0x00,0x00,0x00,0x00,0x00,0x00,0x00,0x00,0x00,0x00,0x00,0x00,0x00,0x00,
	0x00,0x00,0x00,0x00,0x00,0x00,0x00,0x00,0x00,0x00,0x00,0x00,0x00,0x00,0x00,0x00,
	0x00,0x00,0x00,0x00,0x00,0x00,0x00,0x00,0x00,0x00,0x00,0x00,0x00,0x00,0x00,0x00,
	0x00,0x00,0x00,0x00,0x00,0x00,0x00,0x00,0x00,0x00,0x00,0x00,0x00,0x00,0x00,0x00,
	0x00,0x00,0x00,0x00,0x00,0x00,0x00,0x00,0x00,0x00,0x00,0x00,0x00,0x00,0x00,0x00,
	0x4A,0x29,0x00,0x00,0x00,0x00,0x00,0x00,0x00,0x00,0x00,0x00,0x00,0x00,0x00,0x00,

	0x00,0x00,0x00,0x00,0x00,0x00,0x00,0x00,0x00,0x00,0x00,0x00,0x00,0x00,0x00,0x00,
	0x00,0x00,0x00,0x00,0x00,0x00,0x00,0x00,0x00,0x00,0x00,0x00,0x00,0x00,0x00,0x00,
	0x00,0x00,0x00,0x00,0x00,0x00,0x00,0x00,0x00,0x00,0x00,0x00,0x00,0x00,0x00,0x00,
	0x00,0x00,0x00,0x00,0x00,0x00,0x00,0x00,0x00,0x00,0x00,0x00,0x00,0x00,0x00,0x00,
	0x00,0x00,0x00,0x00,0x00,0x00,0x00,0x00,0x00,0x00,0x00,0x00,0x00,0x00,0x00,0x00,
	0x4A,0x29,0x00,0x00,0x00,0x00,0x00,0x00,0x00,0x00,0x00,0x00,0x00,0x00,0x00,0x00,
	0x00,0x00,0x00,0x00,0x00,0x00,0x00,0x00,0x00,0x00,0x00,0x00,0x00,0x00,0x00,0x00,
	0x00,0x00,0x00,0x00,0x00,0x00,0x00,0x00,0x00,0x00,0x00,0x00,0x00,0x00,0x00,0x00,
};

//}}BLOCK(gImage_START_DARK)
