#ifndef RESET_TABLE_H
#define RESET_TABLE_H

/* Auto-generated by tools/generate_compatibility_tables.py. */
#define RESET_TABLE_GAME_COUNT 2768u
#define RESET_TABLE_OFFSET_COUNT 6554u
#define RESET_TABLE_PACKED_SIZE 33506u

static const u8 __attribute__((aligned(4))) reset_table_packed[] = {
	0x41, 0x46, 0x5A, 0x4A, 0x02, 0x8D, 0x00, 0x00, 0xB6, 0x23, 0x01, 0x41, 0x4D, 0x41, 0x4A, 0x07,
	0x9C, 0x00, 0x00, 0xF4, 0x05, 0x00, 0x0A, 0xF7, 0x00, 0x01, 0xBD, 0x0D, 0x5E, 0xBD, 0x0D, 0x49,
	0xF7, 0x0D, 0xB2, 0xF8, 0x0D, 0x41, 0x52, 0x45, 0x4A, 0x01, 0x79, 0x00, 0x00, 0x41, 0x4B, 0x52,
	0x4A, 0x02, 0x64, 0x00, 0x00, 0xF6, 0x00, 0x00, 0x41, 0x44, 0x32, 0x4A, 0x02, 0x65, 0x00, 0x00,
	0xCA, 0x02, 0x00, 0x41, 0x43, 0x52, 0x4A, 0x06, 0x68, 0x00, 0x00, 0xCF, 0x01, 0x00, 0x98, 0x28,
	0x0F, 0x0B, 0x29, 0x0F, 0x33, 0x40, 0x0F, 0x96, 0x41, 0x0F, 0x41, 0x41, 0x4D, 0x4A, 0x02, 0x87,
	0x00, 0x00, 0x0B, 0x01, 0x00, 0x41, 0x47, 0x37, 0x4A, 0x02, 0x69, 0x00, 0x00, 0x03, 0x02, 0x00,
	0x41, 0x4B, 0x57, 0x4A, 0x02, 0x87, 0x00, 0x00, 0xE9, 0x00, 0x00, 0x41, 0x44, 0x46, 0x4A, 0x02,
	0x67, 0x00, 0x00, 0xB3, 0x00, 0x00, 0x41, 0x50, 0x42, 0x4A, 0x03, 0x7C, 0x00, 0x00, 0xC7, 0x05,
	0x00, 0xAB, 0xE5, 0x00, 0x41, 0x50, 0x33, 0x4A, 0x02, 0x87, 0x00, 0x00, 0xCD, 0x00, 0x00, 0x41,
	0x4E, 0x50, 0x4A, 0x02, 0xA3, 0x00, 0x00, 0x90, 0x10, 0x00, 0x41, 0x47, 0x54, 0x4A, 0x02, 0x71,
	0x00, 0x00, 0xAC, 0x26, 0x01, 0x41, 0x46, 0x50, 0x4A, 0x04, 0x6C, 0x00, 0x00, 0x60, 0x01, 0x00,
	0xBC, 0xC5, 0x07, 0x7F, 0x03, 0x08, 0x41, 0x4D, 0x4A, 0x4A, 0x02, 0x79, 0x00, 0x00, 0x59, 0x97,
	0x00, 0x41, 0x47, 0x52, 0x4A, 0x04, 0x71, 0x00, 0x00, 0xEE, 0x05, 0x00, 0x2D, 0x80, 0x00, 0x8A,
	0x96, 0x00, 0x41, 0x57, 0x50, 0x4A, 0x02, 0x71, 0x00, 0x00, 0xF2, 0x04, 0x00, 0x41, 0x53, 0x48,
	0x4A, 0x02, 0x85, 0x00, 0x00, 0x01, 0x4A, 0x00, 0x41, 0x59, 0x44, 0x4A, 0x03, 0x88, 0x00, 0x00,
	0x45, 0x01, 0x00, 0x3B, 0x2A, 0x00, 0x41, 0x42, 0x43, 0x4A, 0x02, 0x4C, 0x00, 0x00, 0x78, 0x00,
	0x00, 0x41, 0x4A, 0x50, 0x4A, 0x02, 0x70, 0x00, 0x00, 0xC2, 0x00, 0x00, 0x41, 0x4D, 0x4D, 0x4A,
	0x02, 0x71, 0x00, 0x00, 0xA6, 0xE0, 0x00, 0x41, 0x4D, 0x4E, 0x4A, 0x02, 0x70, 0x00, 0x00, 0xC7,
	0x40, 0x00, 0x41, 0x4D, 0x5A, 0x45, 0x07, 0x9C, 0x00, 0x00, 0x09, 0x06, 0x00, 0xC1, 0xF7, 0x00,
	0x13, 0xAF, 0x0D, 0x70, 0xAF, 0x0D, 0xD4, 0xE9, 0x0D, 0x3D, 0xEB, 0x0D, 0x41, 0x46, 0x46, 0x4A,
	0x02, 0x41, 0x00, 0x00, 0x49, 0x14, 0x00, 0x41, 0x42, 0x53, 0x4A, 0x04, 0x86, 0x00, 0x00, 0x29,
	0x01, 0x00, 0x87, 0x0F, 0x0E, 0xC5, 0x0F, 0x0E, 0x41, 0x49, 0x33, 0x45, 0x02, 0x71, 0x00, 0x00,
	0xC7, 0x00, 0x00, 0x41, 0x50, 0x42, 0x45, 0x03, 0x7C, 0x00, 0x00, 0xC2, 0x05, 0x00, 0x54, 0xE6,
	0x00, 0x41, 0x52, 0x32, 0x45, 0x02, 0x8C, 0x00, 0x00, 0xFF, 0x04, 0x00, 0x41, 0x4B, 0x57, 0x45,
	0x02, 0x87, 0x00, 0x00, 0xE9, 0x00, 0x00, 0x41, 0x41, 0x4D, 0x50, 0x02, 0x87, 0x00, 0x00, 0x0C,
	0x01, 0x00, 0x41, 0x54, 0x48, 0x45, 0x01, 0xB5, 0x41, 0x00, 0x41, 0x43, 0x41, 0x45, 0x02, 0x69,
	0x00, 0x00, 0x03, 0x02, 0x00, 0x41, 0x4E, 0x4D, 0x45, 0x02, 0x86, 0x00, 0x00, 0x28, 0x60, 0x01,
	0x41, 0x43, 0x52, 0x45, 0x06, 0x68, 0x00, 0x00, 0xCF, 0x01, 0x00, 0x98, 0x20, 0x0F, 0x0B, 0x21,
	0x0F, 0x33, 0x30, 0x0F, 0x96, 0x31, 0x0F, 0x41, 0x45, 0x4A, 0x45, 0x02, 0x71, 0x00, 0x00, 0x3E,
	0x41, 0x1E, 0x41, 0x50, 0x46, 0x45, 0x02, 0x71, 0x00, 0x00, 0xBB, 0x02, 0x00, 0x41, 0x53, 0x41,
	0x45, 0x02, 0x71, 0x00, 0x00, 0x01, 0x01, 0x00, 0x41, 0x44, 0x46, 0x45, 0x02, 0x67, 0x00, 0x00,
	0xB3, 0x00, 0x00, 0x41, 0x46, 0x5A, 0x45, 0x02, 0x8D, 0x00, 0x00, 0x2B, 0x20, 0x01, 0x41, 0x46,
	0x50, 0x45, 0x04, 0x6C, 0x00, 0x00, 0x60, 0x01, 0x00, 0x21, 0xB8, 0x07, 0xE4, 0xF5, 0x07, 0x41,
	0x4B, 0x57, 0x50, 0x02, 0x87, 0x00, 0x00, 0xE9, 0x00, 0x00, 0x41, 0x52, 0x32, 0x50, 0x02, 0x8C,
	0x00, 0x00, 0x16, 0x05, 0x00, 0x41, 0x41, 0x4D, 0x45, 0x02, 0x87, 0x00, 0x00, 0x0C, 0x01, 0x00,
	0x41, 0x52, 0x59, 0x45, 0x03, 0x8B, 0x00, 0x00, 0xE4, 0x02, 0x00, 0x75, 0x05, 0x01, 0x41, 0x54,
	0x4F, 0x4A, 0x02, 0x8F, 0x00, 0x00, 0x3D, 0x01, 0x00, 0x41, 0x4B, 0x52, 0x50, 0x02, 0x64, 0x00,
	0x00, 0xF6, 0x00, 0x00, 0x41, 0x54, 0x43, 0x50, 0x02, 0x71, 0x00, 0x00, 0x88, 0xEF, 0x00, 0x41,
	0x4D, 0x41, 0x45, 0x07, 0x9C, 0x00, 0x00, 0x09, 0x06, 0x00, 0xCA, 0xF7, 0x00, 0xB8, 0xAF, 0x0D,
	0x15, 0xB0, 0x0D, 0x79, 0xEA, 0x0D, 0xE2, 0xEB, 0x0D, 0x41, 0x52, 0x59, 0x50, 0x03, 0x8B, 0x00,
	0x00, 0xE4, 0x02, 0x00, 0x75, 0x05, 0x01, 0x41, 0x54, 0x4D, 0x50, 0x02, 0x79, 0x00, 0x00, 0x26,
	0x97, 0x00, 0x41, 0x54, 0x48, 0x44, 0x01, 0xAF, 0x41, 0x00, 0x41, 0x59, 0x52, 0x4A, 0x02, 0x3F,
	0x00, 0x00, 0x09, 0x03, 0x00, 0x41, 0x51, 0x41, 0x4A, 0x02, 0x7A, 0x00, 0x00, 0xD6, 0x00, 0x00,
	0x41, 0x54, 0x52, 0x4A, 0x02, 0x3F, 0x00, 0x00, 0x89, 0x49, 0x00, 0x41, 0x48, 0x50, 0x45, 0x01,
	0xDA, 0x06, 0x00, 0x41, 0x42, 0x53, 0x45, 0x04, 0x86, 0x00, 0x00, 0x29, 0x01, 0x00, 0xAC, 0x16,
	0x0E, 0xEA, 0x16, 0x0E, 0x41, 0x54, 0x48, 0x46, 0x01, 0xAF, 0x41, 0x00, 0x41, 0x42, 0x46, 0x4A,
	0x02, 0x71, 0x00, 0x00, 0x16, 0x03, 0x00, 0x41, 0x59, 0x35, 0x4A, 0x02, 0x87, 0x00, 0x00, 0xB6,
	0xA9, 0x01, 0x41, 0x58, 0x52, 0x4A, 0x02, 0x3F, 0x00, 0x00, 0x82, 0x12, 0x00, 0x41, 0x4D, 0x50,
	0x4A, 0x05, 0x87, 0x00, 0x00, 0xD8, 0x39, 0x01, 0x46, 0xFC, 0x04, 0x83, 0xFC, 0x04, 0x2E, 0x44,
	0x05, 0x41, 0x50, 0x43, 0x45, 0x02, 0x87, 0x00, 0x00, 0x02, 0x07, 0x01, 0x41, 0x54, 0x4D, 0x46,
	0x02, 0x79, 0x00, 0x00, 0x73, 0x97, 0x00, 0x41, 0x4D, 0x4F, 0x4A, 0x04, 0x3F, 0x00, 0x00, 0x61,
	0x08, 0x00, 0x13, 0xE5, 0x0D, 0xE2, 0xEA, 0x0D, 0x41, 0x42, 0x37, 0x4A, 0x02, 0x6F, 0x00, 0x00,
	0x2D, 0x01, 0x00, 0x41, 0x47, 0x42, 0x4A, 0x02, 0x86, 0x00, 0x00, 0x6F, 0x09, 0x00, 0x41, 0x4A,
	0x53, 0x4A, 0x02, 0x7A, 0x00, 0x00, 0xBF, 0x01, 0x00, 0x41, 0x4B, 0x4C, 0x4A, 0x02, 0x71, 0x00,
	0x00, 0x95, 0x01, 0x00, 0x41, 0x4D, 0x4B, 0x4A, 0x06, 0x73, 0x00, 0x00, 0xD9, 0xF7, 0x01, 0xA8,
	0x20, 0x0C, 0x53, 0x9D, 0x0C, 0x9A, 0x00, 0x0D, 0xED, 0x00, 0x0D, 0x41, 0x44, 0x52, 0x4A, 0x02,
	0x70, 0x00, 0x00, 0xB7, 0x00, 0x00, 0x41, 0x44, 0x4E, 0x45, 0x02, 0x8B, 0x00, 0x00, 0x9C, 0x00,
	0x00, 0x41, 0x4B, 0x34, 0x4A, 0x02, 0x71, 0x00, 0x00, 0x59, 0x0A, 0x00, 0x41, 0x47, 0x4D, 0x4A,
	0x04, 0x71, 0x00, 0x00, 0x8B, 0x07, 0x00, 0xAF, 0x98, 0x00, 0x3F, 0x1B, 0x01, 0x41, 0x5A, 0x54,
	0x4A, 0x02, 0x3D, 0x00, 0x00, 0xFB, 0xA6, 0x00, 0x41, 0x53, 0x4B, 0x4A, 0x02, 0x70, 0x00, 0x00,
	0xEE, 0x00, 0x00, 0x41, 0x4D, 0x42, 0x4A, 0x02, 0x87, 0x00, 0x00, 0x14, 0x01, 0x00, 0x41, 0x47,
	0x53, 0x4A, 0x02, 0xFF, 0x00, 0x00, 0x18, 0x0C, 0x00, 0x41, 0x44, 0x51, 0x4A, 0x02, 0x3F, 0x00,
	0x00, 0xED, 0x00, 0x00, 0x41, 0x57, 0x37, 0x4A, 0x02, 0x6F, 0x00, 0x00, 0x2D, 0x01, 0x00, 0x41,
	0x4A, 0x33, 0x4A, 0x02, 0x3F, 0x00, 0x00, 0x4E, 0x01, 0x00, 0x41, 0x46, 0x46, 0x50, 0x02, 0x41,
	0x00, 0x00, 0xCF, 0x29, 0x00, 0x41, 0x41, 0x42, 0x4A, 0x03, 0x3F, 0x00, 0x00, 0xC9, 0x00, 0x00,
	0xBA, 0x7B, 0x0A, 0x41, 0x59, 0x4D, 0x4A, 0x02, 0xA0, 0x00, 0x00, 0xA0, 0x5B, 0x00, 0x41, 0x4D,
	0x4B, 0x45, 0x06, 0x73, 0x00, 0x00, 0x82, 0x89, 0x01, 0xA8, 0x20, 0x0C, 0x9D, 0x9D, 0x0C, 0x9A,
	0x00, 0x0D, 0xED, 0x00, 0x0D, 0x41, 0x4B, 0x4D, 0x4A, 0x02, 0x3F, 0x00, 0x00, 0xE2, 0x00, 0x00,
	0x41, 0x46, 0x4F, 0x45, 0x01, 0x71, 0x00, 0x00, 0x41, 0x44, 0x4E, 0x50, 0x02, 0x8B, 0x00, 0x00,
	0x9C, 0x00, 0x00, 0x41, 0x57, 0x41, 0x4A, 0x02, 0x70, 0x00, 0x00, 0x82, 0x02, 0x00, 0x41, 0x54,
	0x4D, 0x44, 0x02, 0x79, 0x00, 0x00, 0x3A, 0x97, 0x00, 0x41, 0x4A, 0x51, 0x4A, 0x02, 0x70, 0x00,
	0x00, 0xEA, 0x02, 0x00, 0x41, 0x47, 0x52, 0x45, 0x04, 0x71, 0x00, 0x00, 0x7D, 0x06, 0x00, 0x14,
	0x8B, 0x00, 0x18, 0xA2, 0x00, 0x41, 0x54, 0x41, 0x45, 0x02, 0x70, 0x00, 0x00, 0x9F, 0x4A, 0x00,
	0x41, 0x57, 0x52, 0x45, 0x03, 0x23, 0x3C, 0x00, 0x7B, 0xEB, 0x01, 0x25, 0x11, 0x0F, 0x41, 0x46,
	0x54, 0x45, 0x01, 0x71, 0x00, 0x00, 0x41, 0x4C, 0x48, 0x4A, 0x02, 0x70, 0x00, 0x00, 0xBC, 0x00,
	0x00, 0x41, 0x4D, 0x49, 0x50, 0x02, 0x71, 0x00, 0x00, 0xBB, 0x00, 0x00, 0x41, 0x47, 0x52, 0x50,
	0x04, 0x71, 0x00, 0x00, 0x7D, 0x06, 0x00, 0x14, 0x8B, 0x00, 0x18, 0xA2, 0x00, 0x41, 0x56, 0x49,
	0x4A, 0x03, 0x3F, 0x00, 0x00, 0xFA, 0x00, 0x00, 0x4B, 0xB5, 0x01, 0x41, 0x4E, 0x41, 0x4A, 0x03,
	0x3F, 0x00, 0x00, 0xFA, 0x00, 0x00, 0x4B, 0xB5, 0x01, 0x41, 0x54, 0x4C, 0x45, 0x02, 0x43, 0x00,
	0x00, 0xC6, 0x56, 0x06, 0x41, 0x4A, 0x33, 0x50, 0x02, 0x3F, 0x00, 0x00, 0x4E, 0x01, 0x00, 0x41,
	0x54, 0x57, 0x45, 0x01, 0x44, 0xC8, 0x0B, 0x41, 0x4D, 0x4B, 0x50, 0x06, 0x73, 0x00, 0x00, 0x82,
	0x89, 0x01, 0xA8, 0x20, 0x0C, 0x9D, 0x9D, 0x0C, 0x9A, 0x00, 0x0D, 0xED, 0x00, 0x0D, 0x41, 0x52,
	0x50, 0x4A, 0x04, 0x3F, 0x00, 0x00, 0xAA, 0x00, 0x00, 0x11, 0x98, 0x01, 0x7F, 0x98, 0x01, 0x41,
	0x43, 0x56, 0x4A, 0x04, 0x3F, 0x00, 0x00, 0xAA, 0x00, 0x00, 0x3D, 0x97, 0x01, 0xAB, 0x97, 0x01,
	0x41, 0x42, 0x5A, 0x45, 0x05, 0x71, 0x00, 0x00, 0xCC, 0x4E, 0x00, 0x4C, 0xD2, 0x00, 0x75, 0xD2,
	0x00, 0xA1, 0xD2, 0x00, 0x41, 0x47, 0x4B, 0x4A, 0x02, 0x3F, 0x00, 0x00, 0xBD, 0xCA, 0x01, 0x41,
	0x58, 0x53, 0x45, 0x02, 0x8B, 0x00, 0x00, 0x9C, 0x00, 0x00, 0x41, 0x53, 0x52, 0x4A, 0x02, 0x86,
	0x00, 0x00, 0x41, 0x01, 0x00, 0x41, 0x52, 0x4B, 0x45, 0x01, 0x4C, 0x00, 0x00, 0x41, 0x4B, 0x4C,
	0x45, 0x02, 0x71, 0x00, 0x00, 0x95, 0x01, 0x00, 0x41, 0x4A, 0x33, 0x45, 0x02, 0x3F, 0x00, 0x00,
	0x4E, 0x01, 0x00, 0x41, 0x53, 0x45, 0x45, 0x02, 0x74, 0x00, 0x00, 0xA8, 0x01, 0x00, 0x41, 0x43,
	0x50, 0x45, 0x03, 0x71, 0x00, 0x00, 0x50, 0x01, 0x00, 0x4E, 0x6A, 0x00, 0x41, 0x46, 0x39, 0x4A,
	0x02, 0x3F, 0x00, 0x00, 0x0D, 0x01, 0x00, 0x41, 0x42, 0x4B, 0x45, 0x01, 0x6D, 0x02, 0x00, 0x41,
	0x4D, 0x53, 0x4A, 0x02, 0x3F, 0x00, 0x00, 0x35, 0x05, 0x00, 0x41, 0x52, 0x47, 0x45, 0x02, 0x86,
	0x00, 0x00, 0x5E, 0x0B, 0x00, 0x41, 0x50, 0x52, 0x45, 0x02, 0x73, 0x00, 0x00, 0xAC, 0x01, 0x00,
	0x41, 0x5A, 0x45, 0x4A, 0x02, 0x70, 0x00, 0x00, 0x05, 0x01, 0x00, 0x41, 0x4C, 0x44, 0x50, 0x02,
	0x8C, 0x00, 0x00, 0xBB, 0xB7, 0x00, 0x41, 0x53, 0x53, 0x45, 0x01, 0x58, 0x00, 0x00, 0x41, 0x58,
	0x4D, 0x45, 0x02, 0x83, 0x00, 0x00, 0xBD, 0x1F, 0x00, 0x41, 0x44, 0x4C, 0x45, 0x02, 0x80, 0x00,
	0x00, 0x83, 0x01, 0x00, 0x41, 0x32, 0x58, 0x45, 0x02, 0x8C, 0x00, 0x00, 0x10, 0x04, 0x00, 0x41,
	0x46, 0x46, 0x45, 0x02, 0x41, 0x00, 0x00, 0xCF, 0x29, 0x00, 0x41, 0x4E, 0x42, 0x4A, 0x02, 0x80,
	0x00, 0x00, 0xEA, 0x01, 0x00, 0x41, 0x4C, 0x42, 0x45, 0x04, 0x3F, 0x00, 0x00, 0xF1, 0x00, 0x00,
	0x09, 0x05, 0x0F, 0xA9, 0x05, 0x0F, 0x41, 0x4C, 0x32, 0x45, 0x02, 0x4B, 0x00, 0x00, 0xE4, 0x0A,
	0x00, 0x41, 0x4B, 0x49, 0x4A, 0x02, 0x5E, 0x00, 0x00, 0xD6, 0x01, 0x00, 0x41, 0x53, 0x51, 0x45,
	0x03, 0x7A, 0x00, 0x00, 0x1D, 0x01, 0x00, 0x68, 0x0E, 0x00, 0x41, 0x4B, 0x42, 0x45, 0x02, 0x8D,
	0x00, 0x00, 0xD8, 0x00, 0x00, 0x41, 0x48, 0x53, 0x4A, 0x04, 0x8A, 0x00, 0x00, 0x23, 0x01, 0x00,
	0x3D, 0x97, 0x0D, 0xD5, 0x97, 0x0D, 0x41, 0x57, 0x54, 0x45, 0x01, 0x4C, 0x00, 0x00, 0x41, 0x53,
	0x44, 0x45, 0x02, 0x88, 0x00, 0x00, 0xAD, 0x0B, 0x00, 0x41, 0x4B, 0x46, 0x45, 0x02, 0x8D, 0x00,
	0x00, 0xF2, 0x00, 0x00, 0x41, 0x42, 0x4F, 0x45, 0x02, 0x70, 0x00, 0x00, 0x66, 0x4E, 0x00, 0x41,
	0x53, 0x42, 0x4A, 0x01, 0x78, 0x00, 0x00, 0x41, 0x4C, 0x32, 0x50, 0x02, 0x4B, 0x00, 0x00, 0xE4,
	0x0A, 0x00, 0x41, 0x4C, 0x44, 0x45, 0x02, 0x8C, 0x00, 0x00, 0xF9, 0xB7, 0x00, 0x41, 0x50, 0x59,
	0x4A, 0x0A, 0x3F, 0x00, 0x00, 0x22, 0x7F, 0x00, 0xBB, 0xA5, 0x15, 0x6C, 0xCD, 0x15, 0x44, 0x5E,
	0x16, 0xAC, 0x89, 0x16, 0x15, 0x3D, 0x17, 0xC6, 0x64, 0x17, 0x9E, 0xF3, 0x17, 0x06, 0x1F, 0x18,
	0x41, 0x54, 0x55, 0x50, 0x02, 0x3F, 0x00, 0x00, 0x1C, 0x03, 0x00, 0x41, 0x44, 0x42, 0x50, 0x02,
	0x8C, 0x00, 0x00, 0xA7, 0x04, 0x00, 0x41, 0x50, 0x48, 0x45, 0x02, 0x71, 0x00, 0x00, 0x39, 0x1B,
	0x00, 0x41, 0x4B, 0x54, 0x4A, 0x02, 0x71, 0x00, 0x00, 0xE9, 0x02, 0x01, 0x41, 0x45, 0x4C, 0x50,
	0x02, 0x71, 0x00, 0x00, 0xAE, 0x03, 0x00, 0x41, 0x50, 0x58, 0x4A, 0x02, 0x3F, 0x00, 0x00, 0x9C,
	0x03, 0x00, 0x41, 0x4B, 0x50, 0x4A, 0x02, 0x3F, 0x00, 0x00, 0x9D, 0x01, 0x00, 0x41, 0x48, 0x42,
	0x4A, 0x02, 0x70, 0x00, 0x00, 0xE7, 0x00, 0x00, 0x41, 0x58, 0x53, 0x4A, 0x02, 0x8B, 0x00, 0x00,
	0x9C, 0x00, 0x00, 0x41, 0x4C, 0x42, 0x50, 0x04, 0x3F, 0x00, 0x00, 0xF1, 0x00, 0x00, 0x32, 0x05,
	0x0F, 0xD2, 0x05, 0x0F, 0x41, 0x4D, 0x58, 0x45, 0x02, 0x70, 0x00, 0x00, 0x95, 0x01, 0x00, 0x41,
	0x44, 0x4D, 0x45, 0x03, 0x3F, 0x00, 0x00, 0x48, 0x01, 0x00, 0xFA, 0x01, 0x00, 0x41, 0x59, 0x41,
	0x4A, 0x06, 0x88, 0x00, 0x00, 0x8C, 0x05, 0x00, 0xA6, 0x51, 0x01, 0x28, 0x53, 0x01, 0x1D, 0x99,
	0x17, 0xDF, 0x9D, 0x17, 0x41, 0x54, 0x41, 0x50, 0x02, 0x70, 0x00, 0x00, 0x55, 0x4E, 0x00, 0x41,
	0x4C, 0x4C, 0x50, 0x02, 0x7D, 0x00, 0x00, 0xF9, 0x02, 0x00, 0x41, 0x53, 0x59, 0x50, 0x02, 0x71,
	0x00, 0x00, 0xF2, 0x08, 0x00, 0x41, 0x53, 0x59, 0x45, 0x02, 0x71, 0x00, 0x00, 0xF2, 0x08, 0x00,
	0x41, 0x42, 0x54, 0x45, 0x01, 0x3F, 0x00, 0x00, 0x41, 0x58, 0x52, 0x50, 0x02, 0x3F, 0x00, 0x00,
	0xE6, 0x12, 0x00, 0x41, 0x4B, 0x4B, 0x45, 0x02, 0x71, 0x00, 0x00, 0x50, 0x07, 0x00, 0x41, 0x57,
	0x46, 0x45, 0x02, 0x3F, 0x00, 0x00, 0x43, 0x01, 0x00, 0x41, 0x52, 0x45, 0x45, 0x01, 0x79, 0x00,
	0x00, 0x41, 0x51, 0x41, 0x45, 0x02, 0x7A, 0x00, 0x00, 0xD6, 0x00, 0x00, 0x41, 0x47, 0x41, 0x50,
	0x02, 0x44, 0x00, 0x00, 0x7C, 0x00, 0x00, 0x41, 0x4D, 0x4C, 0x45, 0x01, 0x3F, 0x00, 0x00, 0x41,
	0x57, 0x41, 0x45, 0x02, 0x70, 0x00, 0x00, 0x82, 0x02, 0x00, 0x41, 0x48, 0x4B, 0x4A, 0x02, 0x3F,
	0x00, 0x00, 0x93, 0x02, 0x00, 0x41, 0x47, 0x53, 0x45, 0x02, 0xFF, 0x00, 0x00, 0x18, 0x0C, 0x00,
	0x41, 0x44, 0x4B, 0x50, 0x02, 0x3F, 0x00, 0x00, 0x54, 0x00, 0x00, 0x41, 0x48, 0x52, 0x45, 0x02,
	0x8C, 0x00, 0x00, 0x65, 0x6A, 0x00, 0x41, 0x42, 0x54, 0x50, 0x01, 0x3F, 0x00, 0x00, 0x41, 0x4A,
	0x43, 0x45, 0x02, 0x71, 0x00, 0x00, 0x59, 0x0D, 0x00, 0x41, 0x45, 0x56, 0x45, 0x02, 0x71, 0x00,
	0x00, 0xF5, 0x3C, 0x0A, 0x41, 0x53, 0x50, 0x45, 0x02, 0x71, 0x00, 0x00, 0xA3, 0x00, 0x00, 0x41,
	0x4A, 0x4E, 0x45, 0x02, 0x89, 0x00, 0x00, 0x1F, 0x02, 0x00, 0x41, 0x49, 0x47, 0x50, 0x01, 0x53,
	0x00, 0x00, 0x41, 0x54, 0x4D, 0x45, 0x02, 0x79, 0x00, 0x00, 0x31, 0x97, 0x00, 0x41, 0x53, 0x57,
	0x45, 0x02, 0x71, 0x00, 0x00, 0x3C, 0x3F, 0x00, 0x41, 0x4D, 0x51, 0x45, 0x02, 0x71, 0x00, 0x00,
	0xB7, 0x14, 0x00, 0x41, 0x48, 0x4F, 0x45, 0x02, 0x73, 0x00, 0x00, 0x5E, 0x18, 0x00, 0x41, 0x52,
	0x46, 0x45, 0x02, 0x3F, 0x00, 0x00, 0x64, 0x06, 0x00, 0x41, 0x42, 0x4D, 0x50, 0x02, 0x3F, 0x00,
	0x00, 0xDD, 0x02, 0x00, 0x41, 0x44, 0x51, 0x45, 0x02, 0x3F, 0x00, 0x00, 0xED, 0x00, 0x00, 0x41,
	0x49, 0x53, 0x50, 0x03, 0x3F, 0x00, 0x00, 0x49, 0x02, 0x00, 0xE1, 0x02, 0x00, 0x41, 0x54, 0x4C,
	0x58, 0x02, 0x43, 0x00, 0x00, 0x4B, 0x90, 0x06, 0x41, 0x34, 0x56, 0x4A, 0x02, 0x8A, 0x00, 0x00,
	0x2E, 0x01, 0x00, 0x41, 0x4E, 0x44, 0x45, 0x02, 0x95, 0x00, 0x00, 0x60, 0x2D, 0x00, 0x41, 0x50,
	0x54, 0x45, 0x02, 0x8D, 0x00, 0x00, 0x98, 0x2D, 0x01, 0x41, 0x32, 0x4D, 0x45, 0x02, 0xAF, 0x00,
	0x00, 0x6D, 0x03, 0x00, 0x41, 0x46, 0x52, 0x45, 0x02, 0x8B, 0x00, 0x00, 0x1D, 0x02, 0x00, 0x41,
	0x47, 0x50, 0x45, 0x02, 0x8C, 0x00, 0x00, 0x69, 0x18, 0x00, 0x41, 0x44, 0x45, 0x4A, 0x01, 0x61,
	0x00, 0x00, 0x41, 0x42, 0x51, 0x50, 0x01, 0x80, 0x00, 0x00, 0x41, 0x54, 0x57, 0x58, 0x01, 0x50,
	0xDA, 0x0B, 0x41, 0x52, 0x58, 0x45, 0x06, 0xD9, 0x00, 0x00, 0x0E, 0xC7, 0x0D, 0xB5, 0xC7, 0x0D,
	0xA8, 0xCD, 0x0D, 0x00, 0xA8, 0x0E, 0x56, 0x3B, 0x0F, 0x41, 0x4D, 0x33, 0x45, 0x03, 0x71, 0x00,
	0x00, 0xD4, 0x04, 0x00, 0x0C, 0x93, 0x0F, 0x41, 0x4A, 0x51, 0x45, 0x02, 0x70, 0x00, 0x00, 0xEA,
	0x02, 0x00, 0x41, 0x44, 0x46, 0x50, 0x02, 0x67, 0x00, 0x00, 0xB3, 0x00, 0x00, 0x41, 0x4C, 0x52,
	0x45, 0x03, 0x3F, 0x00, 0x00, 0x05, 0x2D, 0x00, 0x1A, 0x32, 0x00, 0x41, 0x4D, 0x47, 0x45, 0x02,
	0x3F, 0x00, 0x00, 0x4D, 0x01, 0x00, 0x41, 0x45, 0x53, 0x45, 0x02, 0x3F, 0x00, 0x00, 0xCF, 0x06,
	0x00, 0x41, 0x48, 0x57, 0x45, 0x02, 0x69, 0x00, 0x00, 0x06, 0x02, 0x00, 0x41, 0x4B, 0x47, 0x50,
	0x02, 0x3F, 0x00, 0x00, 0x39, 0x37, 0x00, 0x41, 0x50, 0x58, 0x50, 0x02, 0x3F, 0x00, 0x00, 0x9D,
	0x03, 0x00, 0x41, 0x45, 0x54, 0x45, 0x02, 0x73, 0x00, 0x00, 0x44, 0x15, 0x00, 0x41, 0x58, 0x32,
	0x45, 0x02, 0x9B, 0x00, 0x00, 0xBA, 0x4C, 0x00, 0x41, 0x53, 0x43, 0x45, 0x02, 0x80, 0x00, 0x00,
	0xBF, 0x01, 0x00, 0x41, 0x50, 0x52, 0x44, 0x02, 0x73, 0x00, 0x00, 0xAC, 0x01, 0x00, 0x41, 0x53,
	0x58, 0x4A, 0x02, 0x71, 0x00, 0x00, 0xCF, 0x00, 0x00, 0x41, 0x59, 0x4E, 0x50, 0x02, 0x71, 0x00,
	0x00, 0x5F, 0x18, 0x00, 0x41, 0x52, 0x57, 0x50, 0x02, 0x3F, 0x00, 0x00, 0x1B, 0x01, 0x00, 0x41,
	0x43, 0x46, 0x45, 0x02, 0x85, 0x00, 0x00, 0x2C, 0x03, 0x00, 0x41, 0x54, 0x4A, 0x45, 0x01, 0x8C,
	0x00, 0x00, 0x41, 0x4D, 0x46, 0x45, 0x02, 0x3F, 0x00, 0x00, 0x27, 0x7C, 0x02, 0x41, 0x49, 0x4B,
	0x50, 0x00, 0x41, 0x44, 0x53, 0x4A, 0x02, 0x86, 0x00, 0x00, 0xF5, 0x00, 0x00, 0x41, 0x47, 0x41,
	0x45, 0x02, 0x44, 0x00, 0x00, 0x7C, 0x00, 0x00, 0x41, 0x32, 0x32, 0x4A, 0x02, 0x70, 0x00, 0x00,
	0xAF, 0x00, 0x00, 0x41, 0x32, 0x33, 0x4A, 0x02, 0x70, 0x00, 0x00, 0xAF, 0x00, 0x00, 0x41, 0x4D,
	0x45, 0x45, 0x02, 0x44, 0x00, 0x00, 0xB0, 0x09, 0x00, 0x41, 0x44, 0x56, 0x45, 0x06, 0x3F, 0x00,
	0x00, 0xF9, 0x00, 0x00, 0x5A, 0x10, 0x0C, 0x14, 0x11, 0x0C, 0x3F, 0xD7, 0x0C, 0xDC, 0xD7, 0x0C,
	0x41, 0x48, 0x4F, 0x58, 0x02, 0x73, 0x00, 0x00, 0xB7, 0x18, 0x00, 0x41, 0x42, 0x4D, 0x45, 0x02,
	0x3F, 0x00, 0x00, 0xDD, 0x02, 0x00, 0x41, 0x43, 0x47, 0x50, 0x02, 0xA2, 0x00, 0x00, 0xB4, 0x03,
	0x00, 0x41, 0x4A, 0x43, 0x46, 0x02, 0x71, 0x00, 0x00, 0x59, 0x0D, 0x00, 0x41, 0x4D, 0x56, 0x4A,
	0x04, 0x92, 0x00, 0x00, 0x21, 0x01, 0x00, 0xF3, 0xF7, 0x02, 0x07, 0xF8, 0x02, 0x41, 0x52, 0x37,
	0x4A, 0x02, 0x69, 0x00, 0x00, 0x36, 0x02, 0x00, 0x41, 0x59, 0x53, 0x4A, 0x02, 0x3F, 0x00, 0x00,
	0x0A, 0x02, 0x00, 0x41, 0x4D, 0x46, 0x4A, 0x02, 0x3F, 0x00, 0x00, 0xB8, 0x4B, 0x02, 0x41, 0x54,
	0x4E, 0x50, 0x01, 0x33, 0x18, 0x00, 0x41, 0x53, 0x43, 0x44, 0x02, 0x80, 0x00, 0x00, 0xBF, 0x01,
	0x00, 0x41, 0x41, 0x53, 0x4A, 0x02, 0x80, 0x00, 0x00, 0xCF, 0x02, 0x00, 0x41, 0x4E, 0x4D, 0x4A,
	0x02, 0x86, 0x00, 0x00, 0xA2, 0x67, 0x01, 0x41, 0x50, 0x4D, 0x45, 0x01, 0x8A, 0x00, 0x00, 0x41,
	0x41, 0x32, 0x4A, 0x07, 0x9C, 0x00, 0x00, 0xAD, 0x05, 0x00, 0xF5, 0x22, 0x02, 0xBE, 0x7E, 0x02,
	0x1B, 0x7F, 0x02, 0x7A, 0xC7, 0x02, 0x5F, 0xC8, 0x02, 0x41, 0x45, 0x32, 0x4A, 0x01, 0x7C, 0x00,
	0x00, 0x41, 0x42, 0x46, 0x45, 0x02, 0x71, 0x00, 0x00, 0x16, 0x03, 0x00, 0x41, 0x43, 0x47, 0x4A,
	0x02, 0xA2, 0x00, 0x00, 0xB4, 0x03, 0x00, 0x41, 0x4D, 0x35, 0x45, 0x02, 0x43, 0x00, 0x00, 0x8E,
	0x10, 0x00, 0x41, 0x4A, 0x57, 0x4A, 0x03, 0x3F, 0x00, 0x00, 0x49, 0x02, 0x00, 0xDF, 0x02, 0x00,
	0x41, 0x52, 0x45, 0x50, 0x01, 0x79, 0x00, 0x00, 0x41, 0x41, 0x42, 0x45, 0x03, 0x3F, 0x00, 0x00,
	0xBD, 0x00, 0x00, 0xD4, 0x84, 0x0A, 0x41, 0x53, 0x4F, 0x4A, 0x02, 0x70, 0x00, 0x00, 0x1E, 0x02,
	0x00, 0x41, 0x4B, 0x35, 0x4A, 0x05, 0x3F, 0x00, 0x00, 0xD2, 0x00, 0x00, 0xBB, 0x63, 0x00, 0xCD,
	0x63, 0x00, 0x2E, 0x7C, 0x00, 0x41, 0x48, 0x45, 0x4A, 0x05, 0x3F, 0x00, 0x00, 0x80, 0x01, 0x00,
	0xE7, 0x1D, 0x00, 0xF7, 0x1B, 0x05, 0x7C, 0x1F, 0x05, 0x41, 0x46, 0x53, 0x45, 0x02, 0x8C, 0x00,
	0x00, 0xC8, 0x00, 0x00, 0x41, 0x54, 0x4B, 0x4A, 0x02, 0x8A, 0x00, 0x00, 0xBE, 0x01, 0x00, 0x41,
	0x42, 0x32, 0x4A, 0x02, 0x71, 0x00, 0x00, 0x8C, 0x04, 0x00, 0x41, 0x54, 0x32, 0x4A, 0x02, 0x3F,
	0x00, 0x00, 0x37, 0x01, 0x00, 0x41, 0x54, 0x5A, 0x4A, 0x02, 0x8C, 0x00, 0x00, 0xC8, 0x03, 0x00,
	0x41, 0x52, 0x48, 0x4A, 0x01, 0x3F, 0x00, 0x00, 0x41, 0x57, 0x58, 0x4A, 0x02, 0x70, 0x00, 0x00,
	0x28, 0x01, 0x00, 0x41, 0x59, 0x36, 0x4A, 0x02, 0x87, 0x00, 0x00, 0x10, 0xE5, 0x01, 0x41, 0x57,
	0x52, 0x50, 0x06, 0x9C, 0x3C, 0x00, 0x43, 0xEE, 0x01, 0xB8, 0x83, 0x13, 0xD4, 0x6B, 0x14, 0x17,
	0x54, 0x15, 0x06, 0x3C, 0x16, 0x41, 0x4B, 0x4B, 0x50, 0x02, 0x71, 0x00, 0x00, 0x50, 0x07, 0x00,
	0x41, 0x4B, 0x4F, 0x4A, 0x02, 0x70, 0x00, 0x00, 0xB3, 0x00, 0x00, 0x41, 0x41, 0x4C, 0x4A, 0x02,
	0x3F, 0x00, 0x00, 0x4C, 0x01, 0x00, 0x41, 0x53, 0x4E, 0x4A, 0x02, 0x70, 0x00, 0x00, 0x2D, 0x01,
	0x00, 0x41, 0x32, 0x34, 0x4A, 0x02, 0x70, 0x00, 0x00, 0xAF, 0x00, 0x00, 0x41, 0x32, 0x35, 0x4A,
	0x02, 0x70, 0x00, 0x00, 0xAF, 0x00, 0x00, 0x41, 0x4B, 0x47, 0x45, 0x02, 0x3F, 0x00, 0x00, 0xB2,
	0x37, 0x00, 0x41, 0x44, 0x41, 0x45, 0x02, 0x3F, 0x00, 0x00, 0x6C, 0x02, 0x00, 0x41, 0x43, 0x54,
	0x58, 0x02, 0x6F, 0x00, 0x00, 0xD5, 0x00, 0x00, 0x41, 0x50, 0x43, 0x4A, 0x02, 0x87, 0x00, 0x00,
	0x83, 0x0D, 0x01, 0x41, 0x46, 0x53, 0x50, 0x02, 0x8C, 0x00, 0x00, 0xC8, 0x00, 0x00, 0x41, 0x45,
	0x41, 0x4A, 0x02, 0x80, 0x00, 0x00, 0xBF, 0x01, 0x00, 0x41, 0x4F, 0x42, 0x50, 0x02, 0xEC, 0x00,
	0x00, 0xE1, 0xFA, 0x00, 0x41, 0x57, 0x58, 0x45, 0x02, 0x70, 0x00, 0x00, 0x2A, 0x01, 0x00, 0x41,
	0x47, 0x58, 0x4A, 0x02, 0x70, 0x00, 0x00, 0xB3, 0x00, 0x00, 0x41, 0x47, 0x41, 0x4A, 0x02, 0x44,
	0x00, 0x00, 0x7C, 0x00, 0x00, 0x41, 0x47, 0x4C, 0x4A, 0x02, 0x74, 0x00, 0x00, 0x3C, 0x83, 0x00,
	0x41, 0x57, 0x49, 0x4A, 0x1D, 0x8C, 0x00, 0x00, 0x79, 0x12, 0x00, 0xA8, 0x13, 0x00, 0xD7, 0x14,
	0x00, 0x05, 0x16, 0x00, 0x33, 0x17, 0x00, 0x61, 0x18, 0x00, 0x90, 0x19, 0x00, 0xCA, 0x1A, 0x00,
	0xF8, 0x1B, 0x00, 0x9F, 0x22, 0x00, 0xA1, 0x0A, 0x02, 0x25, 0x0B, 0x02, 0x65, 0xCD, 0x02, 0xEB,
	0xCD, 0x02, 0x88, 0xB7, 0x03, 0x0C, 0xB8, 0x03, 0x39, 0x90, 0x04, 0xBD, 0x90, 0x04, 0xE9, 0x73,
	0x05, 0x72, 0x74, 0x05, 0x8B, 0x49, 0x06, 0x11, 0x4A, 0x06, 0xFD, 0x3C, 0x07, 0x81, 0x3D, 0x07,
	0xB3, 0x27, 0x08, 0x39, 0x28, 0x08, 0xCC, 0xF7, 0x08, 0x52, 0xF8, 0x08, 0x41, 0x54, 0x4B, 0x45,
	0x02, 0x8A, 0x00, 0x00, 0xBE, 0x01, 0x00, 0x41, 0x57, 0x49, 0x45, 0x1D, 0x8C, 0x00, 0x00, 0x79,
	0x12, 0x00, 0xA8, 0x13, 0x00, 0xD7, 0x14, 0x00, 0x05, 0x16, 0x00, 0x33, 0x17, 0x00, 0x61, 0x18,
	0x00, 0x90, 0x19, 0x00, 0xCA, 0x1A, 0x00, 0xF8, 0x1B, 0x00, 0x9F, 0x22, 0x00, 0xFC, 0x0B, 0x02,
	0x80, 0x0C, 0x02, 0x3D, 0xD4, 0x02, 0xC1, 0xD4, 0x02, 0xFE, 0xBF, 0x03, 0x82, 0xC0, 0x03, 0x97,
	0x9D, 0x04, 0x1B, 0x9E, 0x04, 0xFF, 0x82, 0x05, 0x85, 0x83, 0x05, 0x0E, 0x5A, 0x06, 0x92, 0x5A,
	0x06, 0xE7, 0x4E, 0x07, 0x6B, 0x4F, 0x07, 0xE1, 0x3B, 0x08, 0x65, 0x3C, 0x08, 0x98, 0x0D, 0x09,
	0x1C, 0x0E, 0x09, 0x41, 0x53, 0x35, 0x45, 0x04, 0x71, 0x00, 0x00, 0x32, 0x29, 0x00, 0x2E, 0x2D,
	0x00, 0x53, 0x2F, 0x00, 0x41, 0x50, 0x43, 0x50, 0x02, 0x87, 0x00, 0x00, 0x02, 0x07, 0x01, 0x41,
	0x57, 0x5A, 0x4A, 0x02, 0x3F, 0x00, 0x00, 0xB3, 0xE5, 0x00, 0x41, 0x53, 0x56, 0x4A, 0x04, 0x7A,
	0x00, 0x00, 0xC6, 0x00, 0x00, 0xDE, 0x00, 0x00, 0xB3, 0x14, 0x00, 0x41, 0x53, 0x4F, 0x45, 0x02,
	0x70, 0x00, 0x00, 0x1E, 0x02, 0x00, 0x41, 0x49, 0x42, 0x4A, 0x02, 0x84, 0x00, 0x00, 0x5C, 0x01,
	0x00, 0x41, 0x4A, 0x4D, 0x45, 0x02, 0x8C, 0x00, 0x00, 0xC7, 0x00, 0x00, 0x41, 0x50, 0x59, 0x45,
	0x0A, 0x3F, 0x00, 0x00, 0x6E, 0x7F, 0x00, 0x79, 0xAC, 0x15, 0x28, 0xD4, 0x15, 0x08, 0x65, 0x16,
	0x6E, 0x90, 0x16, 0xE1, 0x43, 0x17, 0x90, 0x6B, 0x17, 0x70, 0xFA, 0x17, 0xD6, 0x25, 0x18, 0x41,
	0x4F, 0x4B, 0x4A, 0x02, 0x69, 0x00, 0x00, 0xFB, 0x00, 0x00, 0x41, 0x50, 0x4E, 0x4A, 0x03, 0x3F,
	0x00, 0x00, 0xE2, 0xBD, 0x00, 0x95, 0xB8, 0x07, 0x41, 0x48, 0x52, 0x4A, 0x02, 0x8C, 0x00, 0x00,
	0x74, 0x6A, 0x00, 0x41, 0x41, 0x32, 0x45, 0x07, 0x9E, 0x00, 0x00, 0xBC, 0x05, 0x00, 0xB0, 0x24,
	0x02, 0x87, 0x80, 0x02, 0xE4, 0x80, 0x02, 0xAD, 0xC9, 0x02, 0x92, 0xCA, 0x02, 0x41, 0x4A, 0x51,
	0x50, 0x02, 0x70, 0x00, 0x00, 0xEA, 0x02, 0x00, 0x41, 0x43, 0x47, 0x45, 0x02, 0xA2, 0x00, 0x00,
	0xB4, 0x03, 0x00, 0x41, 0x43, 0x49, 0x4A, 0x03, 0x3F, 0x00, 0x00, 0x48, 0x02, 0x00, 0xDE, 0x13,
	0x00, 0x41, 0x58, 0x32, 0x50, 0x02, 0x9B, 0x00, 0x00, 0x58, 0x4F, 0x00, 0x41, 0x50, 0x50, 0x45,
	0x02, 0x8C, 0x00, 0x00, 0x5C, 0x03, 0x00, 0x41, 0x47, 0x53, 0x46, 0x02, 0xFF, 0x00, 0x00, 0x1C,
	0x0C, 0x00, 0x41, 0x4D, 0x47, 0x50, 0x02, 0x3F, 0x00, 0x00, 0x53, 0x01, 0x00, 0x41, 0x32, 0x36,
	0x4A, 0x02, 0x70, 0x00, 0x00, 0xAF, 0x00, 0x00, 0x41, 0x32, 0x37, 0x4A, 0x02, 0x70, 0x00, 0x00,
	0xAF, 0x00, 0x00, 0x41, 0x42, 0x4E, 0x45, 0x02, 0x75, 0x00, 0x00, 0xB1, 0x05, 0x00, 0x41, 0x4B,
	0x59, 0x4A, 0x02, 0x8E, 0x00, 0x00, 0x17, 0x10, 0x00, 0x41, 0x50, 0x39, 0x50, 0x07, 0x71, 0x00,
	0x00, 0x57, 0x02, 0x00, 0x1A, 0x03, 0x00, 0xAA, 0x44, 0x00, 0x86, 0x54, 0x00, 0xD6, 0x58, 0x00,
	0x14, 0x6A, 0x00, 0x41, 0x56, 0x4B, 0x50, 0x02, 0x74, 0x00, 0x00, 0x9E, 0x57, 0x00, 0x41, 0x48,
	0x57, 0x50, 0x02, 0x69, 0x00, 0x00, 0x06, 0x02, 0x00, 0x41, 0x54, 0x4A, 0x50, 0x01, 0x8C, 0x00,
	0x00, 0x41, 0x50, 0x4D, 0x50, 0x01, 0x8E, 0x00, 0x00, 0x41, 0x4A, 0x4E, 0x58, 0x02, 0x89, 0x00,
	0x00, 0x20, 0x02, 0x00, 0x41, 0x43, 0x52, 0x50, 0x06, 0x68, 0x00, 0x00, 0xCF, 0x01, 0x00, 0x98,
	0x20, 0x0F, 0x0B, 0x21, 0x0F, 0x33, 0x30, 0x0F, 0x96, 0x31, 0x0F, 0x41, 0x4D, 0x34, 0x50, 0x02,
	0xA5, 0x01, 0x00, 0xF8, 0x01, 0x00, 0x41, 0x4D, 0x48, 0x4A, 0x05, 0x3F, 0x00, 0x00, 0xF9, 0x00,
	0x00, 0x21, 0x02, 0x00, 0x3C, 0xC0, 0x1C, 0xF5, 0xC0, 0x1C, 0x41, 0x43, 0x51, 0x50, 0x01, 0x85,
	0x01, 0x00, 0x41, 0x47, 0x4E, 0x4A, 0x02, 0x70, 0x00, 0x00, 0xC1, 0x00, 0x00, 0x41, 0x4A, 0x32,
	0x4A, 0x02, 0x70, 0x00, 0x00, 0xD2, 0x00, 0x00, 0x41, 0x4C, 0x41, 0x50, 0x02, 0x8C, 0x00, 0x00,
	0x3F, 0x32, 0x00, 0x41, 0x4D, 0x39, 0x50, 0x02, 0x43, 0x00, 0x00, 0x26, 0x05, 0x00, 0x41, 0x49,
	0x47, 0x45, 0x01, 0x55, 0x00, 0x00, 0x41, 0x50, 0x58, 0x45, 0x02, 0x3F, 0x00, 0x00, 0x9D, 0x03,
	0x00, 0x41, 0x5A, 0x45, 0x45, 0x02, 0x70, 0x00, 0x00, 0x05, 0x01, 0x00, 0x41, 0x46, 0x47, 0x50,
	0x02, 0x71, 0x00, 0x00, 0x75, 0x5A, 0x00, 0x41, 0x57, 0x45, 0x4A, 0x02, 0x84, 0x00, 0x00, 0xEE,
	0x57, 0x00, 0x41, 0x58, 0x52, 0x45, 0x02, 0x3F, 0x00, 0x00, 0xAA, 0x12, 0x00, 0x41, 0x55, 0x59,
	0x4A, 0x02, 0x3F, 0x00, 0x00, 0xE7, 0x00, 0x00, 0x41, 0x44, 0x4F, 0x4A, 0x01, 0x62, 0x00, 0x00,
	0x41, 0x4D, 0x43, 0x4A, 0x02, 0x59, 0x00, 0x00, 0x4C, 0x80, 0x00, 0x41, 0x4D, 0x59, 0x4A, 0x05,
	0x3F, 0x00, 0x00, 0xF9, 0x00, 0x00, 0x21, 0x02, 0x00, 0x17, 0xD0, 0x1C, 0xD0, 0xD0, 0x1C, 0x41,
	0x59, 0x4E, 0x45, 0x02, 0x71, 0x00, 0x00, 0x5F, 0x18, 0x00, 0x41, 0x54, 0x33, 0x45, 0x01, 0x9F,
	0x49, 0x00, 0x41, 0x48, 0x48, 0x45, 0x01, 0x58, 0x00, 0x00, 0x41, 0x4E, 0x4C, 0x45, 0x02, 0xA3,
	0x00, 0x00, 0xC8, 0x02, 0x00, 0x41, 0x43, 0x53, 0x50, 0x01, 0x8E, 0x00, 0x00, 0x41, 0x53, 0x4F,
	0x50, 0x02, 0x70, 0x00, 0x00, 0x1E, 0x02, 0x00, 0x41, 0x4D, 0x49, 0x45, 0x02, 0x71, 0x00, 0x00,
	0xBB, 0x00, 0x00, 0x41, 0x53, 0x57, 0x58, 0x02, 0x71, 0x00, 0x00, 0x57, 0x3F, 0x00, 0x41, 0x54,
	0x43, 0x45, 0x02, 0x71, 0x00, 0x00, 0x71, 0xEF, 0x00, 0x41, 0x41, 0x44, 0x4A, 0x02, 0x3F, 0x00,
	0x00, 0x54, 0x00, 0x00, 0x41, 0x47, 0x44, 0x4A, 0x02, 0x3F, 0x00, 0x00, 0x29, 0x01, 0x00, 0x41,
	0x43, 0x51, 0x45, 0x01, 0x85, 0x01, 0x00, 0x41, 0x4D, 0x36, 0x45, 0x02, 0x43, 0x00, 0x00, 0x26,
	0x05, 0x00, 0x41, 0x4D, 0x34, 0x45, 0x02, 0xA5, 0x01, 0x00, 0xF8, 0x01, 0x00, 0x41, 0x52, 0x36,
	0x45, 0x02, 0x3F, 0x00, 0x00, 0x57, 0x00, 0x00, 0x41, 0x49, 0x44, 0x45, 0x01, 0x43, 0x00, 0x00,
	0x41, 0x44, 0x56, 0x50, 0x06, 0x3F, 0x00, 0x00, 0xF9, 0x00, 0x00, 0x5A, 0x10, 0x0C, 0x14, 0x11,
	0x0C, 0x3F, 0xD7, 0x0C, 0xDC, 0xD7, 0x0C, 0x41, 0x4B, 0x53, 0x45, 0x02, 0x90, 0x00, 0x00, 0x5D,
	0x03, 0x00, 0x41, 0x47, 0x43, 0x4A, 0x05, 0x3F, 0x00, 0x00, 0x85, 0x09, 0x00, 0xF0, 0x1F, 0x00,
	0x4E, 0xC5, 0x0E, 0xE6, 0xC9, 0x0E, 0x41, 0x44, 0x4B, 0x45, 0x02, 0x3F, 0x00, 0x00, 0x54, 0x00,
	0x00, 0x41, 0x41, 0x47, 0x4A, 0x02, 0x48, 0x00, 0x00, 0x91, 0x01, 0x00, 0x41, 0x50, 0x34, 0x4A,
	0x02, 0x87, 0x00, 0x00, 0xCE, 0x00, 0x00, 0x41, 0x42, 0x50, 0x45, 0x02, 0x3F, 0x00, 0x00, 0x00,
	0x1C, 0x01, 0x41, 0x52, 0x36, 0x50, 0x02, 0x3F, 0x00, 0x00, 0x57, 0x00, 0x00, 0x41, 0x4B, 0x43,
	0x45, 0x0A, 0x3F, 0x00, 0x00, 0x9A, 0x26, 0x00, 0xBF, 0x26, 0x0C, 0x15, 0x27, 0x0C, 0x0D, 0xEC,
	0x0C, 0x63, 0xEC, 0x0C, 0x17, 0xCE, 0x0D, 0x6D, 0xCE, 0x0D, 0x07, 0xC8, 0x0E, 0x5D, 0xC8, 0x0E,
	0x41, 0x4D, 0x52, 0x45, 0x08, 0x3F, 0x00, 0x00, 0xC3, 0x00, 0x00, 0xC9, 0xD4, 0x0B, 0x53, 0xDC,
	0x0B, 0x25, 0x87, 0x0C, 0xAF, 0x8E, 0x0C, 0xC3, 0x31, 0x0D, 0x4D, 0x39, 0x0D, 0x41, 0x42, 0x4A,
	0x50, 0x02, 0x8A, 0x00, 0x00, 0x7E, 0x12, 0x00, 0x41, 0x52, 0x56, 0x4A, 0x02, 0x3F, 0x00, 0x00,
	0x0E, 0x02, 0x00, 0x41, 0x49, 0x41, 0x45, 0x03, 0x70, 0x00, 0x00, 0xAB, 0x00, 0x00, 0xEE, 0x01,
	0x00, 0x41, 0x53, 0x34, 0x45, 0x02, 0x3F, 0x00, 0x00, 0xB0, 0x34, 0x00, 0x41, 0x43, 0x59, 0x50,
	0x02, 0x3F, 0x00, 0x00, 0x74, 0x00, 0x00, 0x41, 0x47, 0x53, 0x44, 0x02, 0xFF, 0x00, 0x00, 0x24,
	0x0C, 0x00, 0x41, 0x4B, 0x56, 0x4A, 0x02, 0x3F, 0x00, 0x00, 0xF9, 0x02, 0x00, 0x41, 0x42, 0x4D,
	0x4A, 0x02, 0x3F, 0x00, 0x00, 0xDD, 0x02, 0x00, 0x41, 0x53, 0x46, 0x4A, 0x05, 0x70, 0x00, 0x00,
	0x1F, 0x01, 0x00, 0x78, 0x01, 0x00, 0xD4, 0x75, 0x00, 0xC6, 0xB8, 0x00, 0x41, 0x53, 0x4D, 0x4A,
	0x05, 0xBB, 0x00, 0x00, 0x21, 0x01, 0x00, 0x7E, 0x01, 0x00, 0xE0, 0x05, 0x00, 0xEE, 0x05, 0x00,
	0x41, 0x4B, 0x47, 0x4A, 0x02, 0x3F, 0x00, 0x00, 0xB2, 0x37, 0x00, 0x41, 0x44, 0x44, 0x4A, 0x02,
	0x6A, 0x00, 0x00, 0x1B, 0x01, 0x00, 0x41, 0x4A, 0x55, 0x4A, 0x02, 0x8B, 0x00, 0x00, 0x50, 0x48,
	0x03, 0x41, 0x48, 0x4D, 0x4A, 0x02, 0xBE, 0x00, 0x00, 0x25, 0x02, 0x00, 0x41, 0x42, 0x4A, 0x45,
	0x02, 0x8A, 0x00, 0x00, 0x7E, 0x12, 0x00, 0x41, 0x42, 0x56, 0x50, 0x02, 0x71, 0x00, 0x00, 0xE3,
	0x0C, 0x00, 0x41, 0x46, 0x45, 0x4A, 0x02, 0x87, 0x00, 0x00, 0xE3, 0x02, 0x00, 0x41, 0x48, 0x55,
	0x4A, 0x02, 0x3F, 0x00, 0x00, 0xD7, 0x01, 0x00, 0x41, 0x41, 0x56, 0x45, 0x02, 0x78, 0x00, 0x00,
	0x3A, 0x01, 0x00, 0x41, 0x42, 0x59, 0x45, 0x02, 0x3F, 0x00, 0x00, 0x5D, 0x01, 0x00, 0x41, 0x51,
	0x42, 0x50, 0x02, 0x7A, 0x00, 0x00, 0xE1, 0x00, 0x00, 0x41, 0x47, 0x53, 0x53, 0x02, 0xFF, 0x00,
	0x00, 0x30, 0x0C, 0x00, 0x41, 0x4A, 0x41, 0x45, 0x02, 0x8E, 0x00, 0x00, 0x94, 0x34, 0x00, 0x41,
	0x46, 0x4C, 0x50, 0x02, 0x4E, 0x00, 0x00, 0xBC, 0x04, 0x00, 0x41, 0x4A, 0x4F, 0x4A, 0x02, 0x3F,
	0x00, 0x00, 0xA7, 0x00, 0x00, 0x41, 0x45, 0x47, 0x50, 0x01, 0x55, 0x00, 0x00, 0x41, 0x53, 0x5A,
	0x45, 0x02, 0x8C, 0x00, 0x00, 0xD1, 0x00, 0x00, 0x41, 0x49, 0x45, 0x4A, 0x02, 0x80, 0x00, 0x00,
	0x37, 0x01, 0x00, 0x41, 0x50, 0x50, 0x50, 0x02, 0x8C, 0x00, 0x00, 0x5C, 0x03, 0x00, 0x41, 0x41,
	0x42, 0x50, 0x03, 0x3F, 0x00, 0x00, 0xBD, 0x00, 0x00, 0xB8, 0x83, 0x0A, 0x41, 0x42, 0x46, 0x58,
	0x02, 0x70, 0x00, 0x00, 0x1D, 0x02, 0x00, 0x41, 0x57, 0x53, 0x50, 0x02, 0x40, 0x00, 0x00, 0xB7,
	0x09, 0x00, 0x41, 0x4B, 0x4C, 0x50, 0x02, 0x71, 0x00, 0x00, 0x95, 0x01, 0x00, 0x41, 0x33, 0x54,
	0x45, 0x02, 0x3F, 0x00, 0x00, 0xD7, 0x01, 0x00, 0x41, 0x58, 0x49, 0x50, 0x04, 0x71, 0x00, 0x00,
	0xC6, 0x00, 0x00, 0xD4, 0x00, 0x00, 0x7B, 0xE6, 0x0F, 0x41, 0x56, 0x4B, 0x45, 0x02, 0x74, 0x00,
	0x00, 0x9E, 0x57, 0x00, 0x41, 0x35, 0x34, 0x4A, 0x02, 0x72, 0x00, 0x00, 0xA9, 0x00, 0x00, 0x41,
	0x57, 0x4F, 0x45, 0x01, 0x6C, 0x00, 0x00, 0x50, 0x45, 0x41, 0x4A, 0x03, 0x71, 0x00, 0x00, 0x16,
	0x18, 0x00, 0x24, 0x18, 0x00, 0x41, 0x4C, 0x4E, 0x4A, 0x03, 0x94, 0x00, 0x00, 0xB4, 0x03, 0x00,
	0x75, 0x04, 0x00, 0x41, 0x41, 0x32, 0x50, 0x07, 0x9E, 0x00, 0x00, 0xBC, 0x05, 0x00, 0xBA, 0x27,
	0x02, 0x85, 0x83, 0x02, 0xE2, 0x83, 0x02, 0xAB, 0xCC, 0x02, 0x90, 0xCD, 0x02, 0x41, 0x42, 0x32,
	0x45, 0x02, 0x71, 0x00, 0x00, 0x8C, 0x04, 0x00, 0x41, 0x4B, 0x58, 0x45, 0x03, 0x8C, 0x00, 0x00,
	0x0C, 0x01, 0x00, 0x7B, 0x01, 0x00, 0x41, 0x53, 0x38, 0x45, 0x01, 0xB6, 0x00, 0x00, 0x41, 0x53,
	0x5A, 0x50, 0x02, 0x8C, 0x00, 0x00, 0xD1, 0x00, 0x00, 0x41, 0x54, 0x57, 0x4A, 0x01, 0x6A, 0x45,
	0x0D, 0x41, 0x53, 0x45, 0x4A, 0x02, 0x74, 0x00, 0x00, 0xA8, 0x01, 0x00, 0x41, 0x42, 0x52, 0x45,
	0x0F, 0x3F, 0x00, 0x00, 0x86, 0x01, 0x00, 0x52, 0x1F, 0x00, 0x0F, 0x1C, 0x02, 0x40, 0x1D, 0x02,
	0xC4, 0x38, 0x02, 0xF8, 0xBC, 0x02, 0x29, 0xBE, 0x02, 0xAD, 0xD9, 0x02, 0x85, 0x36, 0x03, 0xB6,
	0x37, 0x03, 0x3A, 0x53, 0x03, 0xB4, 0xAA, 0x03, 0xE5, 0xAB, 0x03, 0xC6, 0xC7, 0x03, 0x41, 0x52,
	0x5A, 0x4A, 0x02, 0x6D, 0x00, 0x00, 0x06, 0x02, 0x00, 0x41, 0x32, 0x47, 0x4A, 0x02, 0x3F, 0x00,
	0x00, 0xAA, 0x0A, 0x00, 0x41, 0x45, 0x57, 0x4A, 0x02, 0x3F, 0x00, 0x00, 0xF1, 0x01, 0x00, 0x41,
	0x54, 0x49, 0x4A, 0x02, 0x3F, 0x00, 0x00, 0xD8, 0x00, 0x00, 0x41, 0x49, 0x4E, 0x4A, 0x00, 0x41,
	0x51, 0x41, 0x50, 0x02, 0x7A, 0x00, 0x00, 0xD6, 0x00, 0x00, 0x41, 0x42, 0x47, 0x4A, 0x02, 0x70,
	0x00, 0x00, 0xEA, 0x00, 0x00, 0x41, 0x44, 0x33, 0x45, 0x02, 0x8C, 0x00, 0x00, 0xEB, 0x4C, 0x00,
	0x4B, 0x48, 0x50, 0x4A, 0x02, 0x6C, 0x00, 0x00, 0xC7, 0x50, 0x00, 0x41, 0x47, 0x4F, 0x4A, 0x02,
	0x6D, 0x00, 0x00, 0xCF, 0x01, 0x00, 0x41, 0x54, 0x50, 0x4A, 0x02, 0x3F, 0x00, 0x00, 0xBF, 0x9D,
	0x04, 0x41, 0x54, 0x53, 0x4A, 0x02, 0x3F, 0x00, 0x00, 0x3F, 0x9D, 0x04, 0x41, 0x4B, 0x44, 0x4A,
	0x02, 0x71, 0x00, 0x00, 0xE0, 0x00, 0x00, 0x41, 0x44, 0x49, 0x45, 0x02, 0xA3, 0x00, 0x00, 0x7C,
	0x01, 0x00, 0x41, 0x41, 0x33, 0x45, 0x02, 0x4E, 0x00, 0x00, 0xF0, 0xA0, 0x00, 0x41, 0x4E, 0x48,
	0x45, 0x06, 0x3F, 0x00, 0x00, 0xF9, 0x00, 0x00, 0xEF, 0xE5, 0x0C, 0xA9, 0xE6, 0x0C, 0x60, 0x90,
	0x0D, 0xFD, 0x90, 0x0D, 0x41, 0x46, 0x4D, 0x4A, 0x02, 0x83, 0x00, 0x00, 0x8F, 0xCC, 0x00, 0x41,
	0x44, 0x50, 0x4A, 0x02, 0x3F, 0x00, 0x00, 0x3C, 0xAF, 0x00, 0x41, 0x41, 0x4E, 0x4A, 0x02, 0x8C,
	0x00, 0x00, 0xD2, 0x00, 0x00, 0x41, 0x47, 0x32, 0x4A, 0x02, 0x3F, 0x00, 0x00, 0x78, 0x18, 0x00,
	0x41, 0x4E, 0x35, 0x4A, 0x01, 0x87, 0xFF, 0x00, 0x41, 0x43, 0x42, 0x4A, 0x02, 0x3F, 0x00, 0x00,
	0xFF, 0x05, 0x00, 0x41, 0x54, 0x4F, 0x45, 0x02, 0x8F, 0x00, 0x00, 0x3D, 0x01, 0x00, 0x41, 0x54,
	0x35, 0x45, 0x03, 0x6C, 0x00, 0x00, 0x2B, 0x1A, 0x00, 0xA3, 0x55, 0x00, 0x41, 0x4C, 0x47, 0x45,
	0x06, 0x42, 0x00, 0x00, 0x32, 0x15, 0x12, 0xDF, 0x37, 0x12, 0x7A, 0x51, 0x12, 0xB8, 0x51, 0x12,
	0x85, 0x5E, 0x12, 0x41, 0x48, 0x49, 0x4A, 0x02, 0x71, 0x00, 0x00, 0x2C, 0x5E, 0x00, 0x41, 0x5A,
	0x47, 0x4A, 0x02, 0x3F, 0x00, 0x00, 0x4E, 0x01, 0x00, 0x41, 0x48, 0x4E, 0x45, 0x01, 0x70, 0x00,
	0x00, 0x41, 0x44, 0x36, 0x50, 0x02, 0x43, 0x00, 0x00, 0xA5, 0xA3, 0x00, 0x41, 0x54, 0x46, 0x50,
	0x02, 0x3F, 0x00, 0x00, 0x32, 0x05, 0x00, 0x41, 0x44, 0x57, 0x45, 0x04, 0x22, 0x01, 0x00, 0xAD,
	0x19, 0x00, 0x33, 0x1C, 0x00, 0x45, 0x1C, 0x00, 0x41, 0x46, 0x55, 0x4A, 0x02, 0x3F, 0x00, 0x00,
	0x0F, 0x01, 0x00, 0x41, 0x43, 0x4B, 0x45, 0x01, 0x71, 0x00, 0x00, 0x41, 0x47, 0x53, 0x49, 0x02,
	0xFF, 0x00, 0x00, 0x28, 0x0C, 0x00, 0x41, 0x54, 0x43, 0x58, 0x02, 0x71, 0x00, 0x00, 0x88, 0xEF,
	0x00, 0x41, 0x45, 0x50, 0x50, 0x02, 0x71, 0x00, 0x00, 0x31, 0x5E, 0x00, 0x41, 0x54, 0x58, 0x50,
	0x02, 0x9D, 0x00, 0x00, 0xD5, 0x8C, 0x00, 0x41, 0x44, 0x5A, 0x45, 0x02, 0xAB, 0x00, 0x00, 0x53,
	0xD0, 0x00, 0x41, 0x48, 0x33, 0x4A, 0x03, 0x66, 0x00, 0x00, 0x9A, 0x00, 0x00, 0xDC, 0x00, 0x00,
	0x41, 0x53, 0x32, 0x45, 0x03, 0x3F, 0x00, 0x00, 0xF9, 0x00, 0x00, 0xC9, 0xA4, 0x05, 0x41, 0x43,
	0x36, 0x45, 0x02, 0x8C, 0x00, 0x00, 0x8D, 0x01, 0x00, 0x41, 0x4A, 0x34, 0x45, 0x02, 0x3F, 0x00,
	0x00, 0xAE, 0x7A, 0x01, 0x41, 0x4D, 0x48, 0x45, 0x05, 0x3F, 0x00, 0x00, 0xF9, 0x00, 0x00, 0x21,
	0x02, 0x00, 0xEA, 0xD3, 0x1C, 0xA3, 0xD4, 0x1C, 0x41, 0x4D, 0x59, 0x45, 0x05, 0x3F, 0x00, 0x00,
	0xF9, 0x00, 0x00, 0x21, 0x02, 0x00, 0x49, 0xE4, 0x1C, 0x02, 0xE5, 0x1C, 0x41, 0x46, 0x51, 0x45,
	0x01, 0x8D, 0x01, 0x00, 0x41, 0x4D, 0x57, 0x45, 0x01, 0x88, 0x00, 0x00, 0x41, 0x41, 0x45, 0x45,
	0x02, 0x60, 0x00, 0x00, 0xD9, 0x01, 0x00, 0x41, 0x4B, 0x58, 0x46, 0x03, 0x8C, 0x00, 0x00, 0x0C,
	0x01, 0x00, 0x7B, 0x01, 0x00, 0x41, 0x50, 0x47, 0x45, 0x02, 0x9B, 0x00, 0x00, 0x66, 0xDF, 0x04,
	0x41, 0x47, 0x47, 0x50, 0x01, 0x55, 0x00, 0x00, 0x41, 0x43, 0x48, 0x4A, 0x02, 0x85, 0x00, 0x00,
	0x28, 0x02, 0x00, 0x41, 0x4E, 0x43, 0x45, 0x02, 0x88, 0x00, 0x00, 0x50, 0x41, 0x00, 0x41, 0x4C,
	0x54, 0x45, 0x02, 0x70, 0x00, 0x00, 0x66, 0x07, 0x00, 0x41, 0x50, 0x38, 0x45, 0x01, 0x40, 0x00,
	0x00, 0x41, 0x5A, 0x45, 0x50, 0x02, 0x70, 0x00, 0x00, 0x05, 0x01, 0x00, 0x41, 0x53, 0x44, 0x58,
	0x02, 0x88, 0x00, 0x00, 0xA0, 0x0B, 0x00, 0x41, 0x52, 0x44, 0x45, 0x02, 0x4E, 0x00, 0x00, 0x83,
	0x03, 0x00, 0x41, 0x54, 0x33, 0x46, 0x01, 0x9F, 0x49, 0x00, 0x41, 0x45, 0x32, 0x45, 0x01, 0x7C,
	0x00, 0x00, 0x41, 0x4B, 0x43, 0x4A, 0x0A, 0x3F, 0x00, 0x00, 0x14, 0x26, 0x00, 0x8F, 0x16, 0x0C,
	0xE5, 0x16, 0x0C, 0x1F, 0xDB, 0x0C, 0x75, 0xDB, 0x0C, 0x5A, 0xBC, 0x0D, 0xB0, 0xBC, 0x0D, 0x7D,
	0xB5, 0x0E, 0xD3, 0xB5, 0x0E, 0x41, 0x4D, 0x52, 0x4A, 0x08, 0x3F, 0x00, 0x00, 0xC3, 0x00, 0x00,
	0x7E, 0x79, 0x0D, 0x52, 0x81, 0x0D, 0x97, 0x2A, 0x0E, 0x6B, 0x32, 0x0E, 0xDE, 0xD3, 0x0E, 0xB2,
	0xDB, 0x0E, 0x41, 0x49, 0x41, 0x50, 0x03, 0x70, 0x00, 0x00, 0xAB, 0x00, 0x00, 0xEE, 0x01, 0x00,
	0x41, 0x4E, 0x51, 0x45, 0x01, 0x5B, 0x00, 0x00, 0x41, 0x56, 0x52, 0x50, 0x01, 0xBA, 0xA7, 0x02,
	0x41, 0x42, 0x59, 0x58, 0x02, 0x3F, 0x00, 0x00, 0x5D, 0x01, 0x00, 0x41, 0x52, 0x50, 0x45, 0x04,
	0x3F, 0x00, 0x00, 0xAA, 0x00, 0x00, 0x34, 0x9C, 0x01, 0xA2, 0x9C, 0x01, 0x41, 0x43, 0x56, 0x45,
	0x04, 0x3F, 0x00, 0x00, 0xAA, 0x00, 0x00, 0x36, 0x9C, 0x01, 0xA4, 0x9C, 0x01, 0x41, 0x41, 0x54,
	0x4A, 0x03, 0x3F, 0x00, 0x00, 0xCF, 0x00, 0x00, 0x08, 0x01, 0x00, 0x41, 0x44, 0x37, 0x50, 0x02,
	0xEB, 0x53, 0x00, 0x90, 0x61, 0x0C, 0x41, 0x43, 0x37, 0x50, 0x01, 0x68, 0x00, 0x00, 0x41, 0x50,
	0x44, 0x45, 0x02, 0x7D, 0x00, 0x00, 0xB2, 0x00, 0x00, 0x41, 0x47, 0x57, 0x45, 0x03, 0x6C, 0x00,
	0x00, 0x3D, 0x02, 0x00, 0x24, 0x12, 0x00, 0x41, 0x53, 0x38, 0x50, 0x01, 0xB6, 0x00, 0x00, 0x41,
	0x4C, 0x53, 0x45, 0x02, 0x95, 0x00, 0x00, 0x42, 0x4F, 0x00, 0x41, 0x4D, 0x52, 0x50, 0x08, 0x3F,
	0x00, 0x00, 0xC3, 0x00, 0x00, 0x41, 0x30, 0x0D, 0x20, 0x38, 0x0D, 0x92, 0xE5, 0x0D, 0x71, 0xED,
	0x0D, 0x5B, 0x93, 0x0E, 0x3A, 0x9B, 0x0E, 0x41, 0x53, 0x32, 0x58, 0x03, 0x3F, 0x00, 0x00, 0xF9,
	0x00, 0x00, 0xCA, 0xA4, 0x05, 0x41, 0x44, 0x51, 0x50, 0x02, 0x3F, 0x00, 0x00, 0xED, 0x00, 0x00,
	0x41, 0x54, 0x45, 0x50, 0x03, 0x3F, 0x00, 0x00, 0x48, 0x02, 0x00, 0xE8, 0x13, 0x00, 0x41, 0x4C,
	0x54, 0x50, 0x02, 0x70, 0x00, 0x00, 0x78, 0x09, 0x00, 0x41, 0x47, 0x46, 0x4A, 0x02, 0x19, 0x01,
	0x00, 0x0A, 0x4D, 0x00, 0x41, 0x41, 0x4F, 0x45, 0x02, 0x71, 0x00, 0x00, 0xF9, 0xA4, 0x00, 0x41,
	0x4B, 0x39, 0x45, 0x02, 0x3F, 0x00, 0x00, 0x8A, 0x01, 0x00, 0x41, 0x4B, 0x38, 0x45, 0x02, 0x3F,
	0x00, 0x00, 0x8A, 0x01, 0x00, 0x41, 0x59, 0x37, 0x4A, 0x02, 0x86, 0x00, 0x00, 0x2E, 0x0E, 0x00,
	0x41, 0x5A, 0x4F, 0x4A, 0x02, 0x7D, 0x00, 0x00, 0xB2, 0x00, 0x00, 0x41, 0x42, 0x38, 0x4A, 0x03,
	0x3F, 0x00, 0x00, 0x7B, 0x01, 0x00, 0xFA, 0x20, 0x00, 0x41, 0x50, 0x4C, 0x50, 0x02, 0x9B, 0x00,
	0x00, 0x8B, 0x14, 0x00, 0x41, 0x43, 0x59, 0x46, 0x02, 0x3F, 0x00, 0x00, 0x74, 0x00, 0x00, 0x41,
	0x53, 0x4C, 0x45, 0x02, 0xA3, 0x00, 0x00, 0x5E, 0x83, 0x00, 0x41, 0x4E, 0x46, 0x4A, 0x04, 0x3F,
	0x00, 0x00, 0xD2, 0x03, 0x00, 0x13, 0xFB, 0x1E, 0x5E, 0x6C, 0x1F, 0x41, 0x4B, 0x51, 0x50, 0x01,
	0x95, 0x00, 0x00, 0x41, 0x54, 0x47, 0x45, 0x02, 0x66, 0x00, 0x00, 0xAF, 0x00, 0x00, 0x41, 0x36,
	0x44, 0x4A, 0x02, 0x3F, 0x00, 0x00, 0xC6, 0x00, 0x00, 0x41, 0x43, 0x4A, 0x4A, 0x02, 0x70, 0x00,
	0x00, 0x5E, 0x01, 0x00, 0x41, 0x46, 0x57, 0x4A, 0x03, 0x3F, 0x00, 0x00, 0x62, 0x01, 0x00, 0xA0,
	0x8E, 0x08, 0x41, 0x32, 0x42, 0x4A, 0x05, 0x87, 0x00, 0x00, 0x00, 0x01, 0x00, 0x04, 0x9C, 0x00,
	0xC5, 0x05, 0x0F, 0x32, 0x06, 0x0F, 0x41, 0x4B, 0x45, 0x4A, 0x02, 0x3F, 0x00, 0x00, 0xEC, 0x04,
	0x00, 0x41, 0x54, 0x54, 0x50, 0x02, 0x72, 0x00, 0x00, 0x94, 0x32, 0x00, 0x41, 0x55, 0x33, 0x50,
	0x01, 0xB7, 0x00, 0x00, 0x41, 0x52, 0x4A, 0x4A, 0x05, 0x85, 0x02, 0x00, 0x63, 0xC3, 0x0F, 0x9C,
	0xC3, 0x0F, 0x7A, 0xDD, 0x0F, 0x7B, 0xDD, 0x0F, 0x41, 0x42, 0x32, 0x50, 0x02, 0x71, 0x00, 0x00,
	0x8C, 0x04, 0x00, 0x41, 0x4B, 0x41, 0x4A, 0x02, 0x3F, 0x00, 0x00, 0xF6, 0x05, 0x00, 0x41, 0x47,
	0x56, 0x4A, 0x02, 0x71, 0x00, 0x00, 0xF4, 0x00, 0x00, 0x41, 0x4E, 0x5A, 0x50, 0x01, 0x55, 0x00,
	0x00, 0x41, 0x4A, 0x39, 0x4A, 0x03, 0x3F, 0x00, 0x00, 0x2C, 0x01, 0x00, 0x69, 0x20, 0x00, 0x41,
	0x45, 0x54, 0x50, 0x02, 0x73, 0x00, 0x00, 0x46, 0x15, 0x00, 0x41, 0x4B, 0x43, 0x50, 0x0A, 0x3F,
	0x00, 0x00, 0x2D, 0x27, 0x00, 0x4B, 0x38, 0x0C, 0xA1, 0x38, 0x0C, 0x1C, 0x01, 0x0D, 0x72, 0x01,
	0x0D, 0x97, 0xE6, 0x0D, 0xED, 0xE6, 0x0D, 0xFA, 0xE3, 0x0E, 0x50, 0xE4, 0x0E, 0x41, 0x58, 0x33,
	0x45, 0x02, 0x3F, 0x00, 0x00, 0x71, 0x70, 0x18, 0x41, 0x57, 0x54, 0x46, 0x01, 0x4C, 0x00, 0x00,
	0x41, 0x48, 0x50, 0x58, 0x01, 0xAD, 0x0A, 0x00, 0x41, 0x58, 0x53, 0x50, 0x02, 0x8B, 0x00, 0x00,
	0x9C, 0x00, 0x00, 0x41, 0x50, 0x36, 0x4A, 0x02, 0x85, 0x00, 0x00, 0xBB, 0x0C, 0x00, 0x41, 0x46,
	0x41, 0x4A, 0x02, 0x7A, 0x00, 0x00, 0x0D, 0x02, 0x00, 0x41, 0x48, 0x57, 0x4A, 0x02, 0x69, 0x00,
	0x00, 0x06, 0x02, 0x00, 0x41, 0x4B, 0x55, 0x4A, 0x06, 0x3F, 0x00, 0x00, 0x8B, 0x05, 0x00, 0x31,
	0x08, 0x00, 0x1B, 0x06, 0x0F, 0xAC, 0x06, 0x0F, 0x77, 0x0B, 0x0F, 0x41, 0x4E, 0x36, 0x4A, 0x02,
	0x71, 0x00, 0x00, 0x90, 0x01, 0x00, 0x41, 0x49, 0x44, 0x4A, 0x01, 0x43, 0x00, 0x00, 0x41, 0x4B,
	0x39, 0x50, 0x02, 0x3F, 0x00, 0x00, 0x8D, 0x01, 0x00, 0x41, 0x34, 0x4D, 0x50, 0x06, 0x71, 0x00,
	0x00, 0xFF, 0x01, 0x00, 0x70, 0x04, 0x00, 0xEC, 0x1D, 0x00, 0x70, 0x21, 0x00, 0x5E, 0x27, 0x00,
	0x41, 0x4B, 0x5A, 0x4A, 0x02, 0x3F, 0x00, 0x00, 0xE9, 0x00, 0x00, 0x41, 0x47, 0x39, 0x4A, 0x02,
	0x3F, 0x00, 0x00, 0x9A, 0x91, 0x01, 0x41, 0x56, 0x4D, 0x4A, 0x02, 0x3F, 0x00, 0x00, 0xC8, 0xAA,
	0x02, 0x41, 0x4B, 0x4F, 0x45, 0x02, 0x70, 0x00, 0x00, 0xB3, 0x00, 0x00, 0x41, 0x43, 0x58, 0x45,
	0x02, 0x89, 0x00, 0x00, 0x37, 0x02, 0x00, 0x41, 0x33, 0x4D, 0x4A, 0x0A, 0x41, 0x00, 0x00, 0xEB,
	0x00, 0x00, 0x77, 0x16, 0x02, 0x21, 0x17, 0x02, 0x2A, 0x02, 0x03, 0xD4, 0x02, 0x03, 0x24, 0xD0,
	0x03, 0xCE, 0xD0, 0x03, 0x05, 0xA0, 0x04, 0xAF, 0xA0, 0x04, 0x41, 0x46, 0x43, 0x4A, 0x02, 0x71,
	0x00, 0x00, 0x06, 0x67, 0x01, 0x41, 0x4E, 0x43, 0x50, 0x02, 0x88, 0x00, 0x00, 0x4B, 0x41, 0x00,
	0x41, 0x59, 0x49, 0x45, 0x01, 0x8C, 0x00, 0x00, 0x41, 0x4E, 0x4A, 0x45, 0x02, 0xB2, 0x00, 0x00,
	0x3F, 0x05, 0x00, 0x41, 0x33, 0x4D, 0x45, 0x0A, 0x41, 0x00, 0x00, 0xEB, 0x00, 0x00, 0xC8, 0x16,
	0x02, 0x72, 0x17, 0x02, 0x86, 0x01, 0x03, 0x30, 0x02, 0x03, 0x8F, 0xCE, 0x03, 0x39, 0xCF, 0x03,
	0x7F, 0x9D, 0x04, 0x29, 0x9E, 0x04, 0x41, 0x32, 0x4B, 0x45, 0x02, 0x52, 0x00, 0x00, 0xC8, 0x3E,
	0x05, 0x41, 0x4E, 0x4B, 0x45, 0x05, 0x72, 0x00, 0x00, 0xBB, 0x1A, 0x00, 0x56, 0xFA, 0x00, 0x81,
	0xFA, 0x00, 0xBD, 0xFA, 0x00, 0x41, 0x51, 0x43, 0x4A, 0x02, 0x3F, 0x00, 0x00, 0x99, 0x1B, 0x02,
	0x41, 0x43, 0x55, 0x4A, 0x01, 0x85, 0x01, 0x00, 0x41, 0x4E, 0x37, 0x4A, 0x04, 0x3F, 0x00, 0x00,
	0xE3, 0x06, 0x00, 0xC1, 0xF3, 0x0E, 0x46, 0xF5, 0x0E, 0x41, 0x44, 0x39, 0x45, 0x01, 0x20, 0x0A,
	0x00, 0x41, 0x48, 0x32, 0x45, 0x02, 0x73, 0x00, 0x00, 0xE0, 0x17, 0x00, 0x41, 0x56, 0x50, 0x50,
	0x01, 0x8E, 0x00, 0x00, 0x41, 0x4D, 0x38, 0x45, 0x02, 0x71, 0x00, 0x00, 0x9D, 0x02, 0x00, 0x41,
	0x48, 0x43, 0x4A, 0x02, 0x70, 0x00, 0x00, 0xB5, 0x00, 0x00, 0x41, 0x50, 0x57, 0x45, 0x02, 0x3F,
	0x00, 0x00, 0x7C, 0x01, 0x00, 0x41, 0x54, 0x59, 0x4A, 0x02, 0x3F, 0x00, 0x00, 0x08, 0x01, 0x00,
	0x41, 0x51, 0x52, 0x45, 0x02, 0xA7, 0xDD, 0x06, 0xCC, 0x33, 0x07, 0x41, 0x44, 0x35, 0x4A, 0x04,
	0x66, 0x00, 0x00, 0x1E, 0x03, 0x00, 0xF4, 0x2B, 0x1B, 0x6F, 0x2E, 0x1B, 0x41, 0x4C, 0x4D, 0x4A,
	0x02, 0x87, 0x00, 0x00, 0xD1, 0x00, 0x00, 0x41, 0x54, 0x34, 0x50, 0x02, 0x8C, 0x00, 0x00, 0x8A,
	0x27, 0x00, 0x41, 0x4D, 0x58, 0x4A, 0x02, 0x70, 0x00, 0x00, 0x95, 0x01, 0x00, 0x41, 0x4D, 0x55,
	0x4A, 0x02, 0x3F, 0x00, 0x00, 0x7D, 0x02, 0x00, 0x41, 0x56, 0x52, 0x4A, 0x01, 0x8B, 0xAC, 0x02,
	0x41, 0x47, 0x49, 0x4A, 0x02, 0x3F, 0x00, 0x00, 0x8B, 0x01, 0x00, 0x41, 0x52, 0x4B, 0x46, 0x01,
	0x4C, 0x00, 0x00, 0x41, 0x4D, 0x58, 0x59, 0x02, 0x70, 0x00, 0x00, 0x95, 0x01, 0x00, 0x41, 0x58,
	0x42, 0x4A, 0x02, 0x70, 0x00, 0x00, 0xCA, 0x00, 0x00, 0x41, 0x33, 0x42, 0x45, 0x03, 0x3F, 0x00,
	0x00, 0x37, 0x1C, 0x01, 0x02, 0x1D, 0x01, 0x41, 0x43, 0x4C, 0x4A, 0x03, 0x71, 0x00, 0x00, 0xB8,
	0x62, 0x00, 0x6A, 0xA9, 0x00, 0x41, 0x4D, 0x37, 0x4A, 0x02, 0x3F, 0x00, 0x00, 0x36, 0x01, 0x00,
	0x41, 0x52, 0x47, 0x46, 0x02, 0x86, 0x00, 0x00, 0x5F, 0x0B, 0x00, 0x41, 0x49, 0x4C, 0x45, 0x02,
	0x9B, 0x00, 0x00, 0xAC, 0x43, 0x01, 0x41, 0x50, 0x49, 0x50, 0x01, 0xA4, 0x00, 0x00, 0x41, 0x47,
	0x51, 0x50, 0x02, 0x3F, 0x00, 0x00, 0xF6, 0x00, 0x00, 0x41, 0x4E, 0x4F, 0x4A, 0x02, 0x70, 0x00,
	0x00, 0x2B, 0x6C, 0x01, 0x41, 0x41, 0x49, 0x4A, 0x03, 0x3F, 0x00, 0x00, 0x71, 0x01, 0x00, 0x8F,
	0x21, 0x00, 0x41, 0x44, 0x4E, 0x4A, 0x02, 0x8B, 0x00, 0x00, 0x9C, 0x00, 0x00, 0x41, 0x54, 0x48,
	0x4A, 0x01, 0xC2, 0x41, 0x00, 0x41, 0x43, 0x48, 0x50, 0x02, 0x85, 0x00, 0x00, 0x2A, 0x02, 0x00,
	0x41, 0x43, 0x32, 0x4A, 0x02, 0x3F, 0x00, 0x00, 0x99, 0x0E, 0x00, 0x41, 0x4E, 0x51, 0x50, 0x01,
	0x5B, 0x00, 0x00, 0x41, 0x53, 0x54, 0x4A, 0x01, 0x53, 0x03, 0x00, 0x41, 0x33, 0x44, 0x4A, 0x02,
	0x6F, 0x00, 0x00, 0xF8, 0x00, 0x00, 0x41, 0x34, 0x44, 0x4A, 0x02, 0x3F, 0x00, 0x00, 0xC5, 0x00,
	0x00, 0x41, 0x49, 0x4C, 0x50, 0x02, 0x9B, 0x00, 0x00, 0x72, 0x43, 0x01, 0x41, 0x54, 0x39, 0x45,
	0x02, 0x3F, 0x00, 0x00, 0x1C, 0x7B, 0x00, 0x41, 0x52, 0x51, 0x45, 0x02, 0xAB, 0x00, 0x00, 0xA4,
	0x63, 0x00, 0x41, 0x49, 0x50, 0x45, 0x07, 0x3F, 0x00, 0x00, 0x2E, 0x02, 0x00, 0xA4, 0x2A, 0x01,
	0xE5, 0x2B, 0x01, 0xED, 0x08, 0x1C, 0xC8, 0x09, 0x1C, 0x2B, 0x0C, 0x1C, 0x41, 0x54, 0x35, 0x58,
	0x03, 0x6C, 0x00, 0x00, 0x46, 0x1A, 0x00, 0xFE, 0x55, 0x00, 0x41, 0x53, 0x36, 0x50, 0x06, 0x3F,
	0x00, 0x00, 0x40, 0x04, 0x00, 0x35, 0x44, 0x0D, 0x5E, 0x47, 0x0D, 0xDD, 0x15, 0x0E, 0x95, 0x16,
	0x0E, 0x41, 0x5A, 0x43, 0x45, 0x02, 0x6D, 0x00, 0x00, 0x06, 0x02, 0x00, 0x41, 0x43, 0x5A, 0x50,
	0x02, 0x43, 0x00, 0x00, 0xE2, 0x01, 0x00, 0x41, 0x4E, 0x32, 0x4A, 0x01, 0xA9, 0x24, 0x01, 0x41,
	0x33, 0x42, 0x50, 0x03, 0x3F, 0x00, 0x00, 0x34, 0x1C, 0x01, 0xFF, 0x1C, 0x01, 0x41, 0x51, 0x33,
	0x45, 0x01, 0xCB, 0x01, 0x00, 0x41, 0x33, 0x41, 0x45, 0x07, 0x9E, 0x00, 0x00, 0x31, 0x09, 0x00,
	0xA4, 0x68, 0x04, 0x64, 0xC0, 0x04, 0xC1, 0xC0, 0x04, 0x8A, 0x09, 0x05, 0x6C, 0x0A, 0x05, 0x41,
	0x41, 0x36, 0x50, 0x02, 0x3F, 0x00, 0x00, 0x57, 0x00, 0x00, 0x41, 0x33, 0x41, 0x4A, 0x07, 0x9E,
	0x00, 0x00, 0x31, 0x09, 0x00, 0x6E, 0x68, 0x04, 0x18, 0xC0, 0x04, 0x75, 0xC0, 0x04, 0xD4, 0x08,
	0x05, 0xB6, 0x09, 0x05, 0x41, 0x41, 0x4B, 0x45, 0x02, 0x44, 0x00, 0x00, 0x8C, 0x00, 0x00, 0x41,
	0x42, 0x44, 0x45, 0x04, 0x3F, 0x00, 0x00, 0x0F, 0x01, 0x00, 0xAD, 0x9A, 0x01, 0x74, 0xA7, 0x01,
	0x41, 0x59, 0x46, 0x45, 0x02, 0x3F, 0x00, 0x00, 0x4D, 0x00, 0x00, 0x41, 0x56, 0x42, 0x45, 0x01,
	0xAE, 0x8E, 0x00, 0x41, 0x47, 0x57, 0x50, 0x03, 0x6C, 0x00, 0x00, 0x3D, 0x02, 0x00, 0x24, 0x12,
	0x00, 0x41, 0x44, 0x59, 0x4A, 0x02, 0x3F, 0x00, 0x00, 0xEB, 0x00, 0x00, 0x41, 0x45, 0x4D, 0x45,
	0x03, 0x75, 0x00, 0x00, 0x4F, 0x0C, 0x00, 0x2B, 0x5A, 0x03, 0x41, 0x47, 0x35, 0x45, 0x02, 0x70,
	0x00, 0x00, 0x5E, 0x01, 0x00, 0x41, 0x53, 0x33, 0x45, 0x01, 0x47, 0x00, 0x00, 0x41, 0x53, 0x47,
	0x45, 0x02, 0x71, 0x00, 0x00, 0xE4, 0x41, 0x00, 0x41, 0x44, 0x39, 0x50, 0x01, 0x20, 0x0A, 0x00,
	0x41, 0x43, 0x4D, 0x50, 0x05, 0x3F, 0x00, 0x00, 0x9D, 0x0C, 0x00, 0x91, 0xA0, 0x0E, 0x8B, 0xA7,
	0x0E, 0x1E, 0xA8, 0x0E, 0x41, 0x5A, 0x55, 0x4A, 0x02, 0x41, 0x00, 0x00, 0x26, 0xDA, 0x00, 0x41,
	0x45, 0x43, 0x4A, 0x02, 0x3F, 0x00, 0x00, 0xBE, 0x04, 0x00, 0x41, 0x33, 0x50, 0x45, 0x02, 0xBF,
	0x04, 0x00, 0xE6, 0x35, 0x00, 0x41, 0x44, 0x55, 0x50, 0x02, 0xBD, 0x00, 0x00, 0x06, 0x01, 0x00,
	0x41, 0x43, 0x48, 0x45, 0x02, 0x85, 0x00, 0x00, 0x2A, 0x02, 0x00, 0x41, 0x4C, 0x4F, 0x45, 0x02,
	0x44, 0x00, 0x00, 0x07, 0x0C, 0x00, 0x41, 0x54, 0x38, 0x50, 0x01, 0x86, 0x00, 0x00, 0x41, 0x32,
	0x53, 0x45, 0x02, 0x71, 0x00, 0x00, 0xD4, 0x02, 0x00, 0x41, 0x4A, 0x58, 0x45, 0x02, 0x89, 0x00,
	0x00, 0xA6, 0x01, 0x00, 0x41, 0x33, 0x4D, 0x50, 0x0A, 0x41, 0x00, 0x00, 0xEB, 0x00, 0x00, 0xBC,
	0xA0, 0x03, 0x66, 0xA1, 0x03, 0xAE, 0x6E, 0x04, 0x58, 0x6F, 0x04, 0x4A, 0x32, 0x05, 0xF4, 0x32,
	0x05, 0x70, 0xF7, 0x05, 0x1A, 0xF8, 0x05, 0x41, 0x46, 0x37, 0x4A, 0x03, 0xB2, 0x00, 0x00, 0xEA,
	0x19, 0x00, 0x30, 0x03, 0x01, 0x50, 0x53, 0x41, 0x45, 0x03, 0x3F, 0x00, 0x00, 0x80, 0x19, 0x00,
	0x98, 0x19, 0x00, 0x41, 0x52, 0x49, 0x4A, 0x02, 0x3F, 0x00, 0x00, 0x11, 0x03, 0x00, 0x41, 0x48,
	0x4A, 0x50, 0x02, 0x89, 0x00, 0x00, 0x2E, 0x04, 0x00, 0x41, 0x57, 0x59, 0x50, 0x01, 0x96, 0x00,
	0x00, 0x41, 0x4F, 0x43, 0x4A, 0x01, 0x1E, 0x09, 0x00, 0x41, 0x33, 0x41, 0x50, 0x07, 0x9E, 0x00,
	0x00, 0x5A, 0x09, 0x00, 0x8A, 0x73, 0x04, 0x46, 0xCB, 0x04, 0xA3, 0xCB, 0x04, 0x6C, 0x14, 0x05,
	0x4E, 0x15, 0x05, 0x41, 0x54, 0x44, 0x4A, 0x02, 0x3F, 0x00, 0x00, 0x60, 0x01, 0x00, 0x41, 0x50,
	0x38, 0x46, 0x01, 0x40, 0x00, 0x00, 0x41, 0x46, 0x51, 0x50, 0x01, 0x8D, 0x01, 0x00, 0x41, 0x42,
	0x49, 0x4A, 0x03, 0x3F, 0x00, 0x00, 0x71, 0x01, 0x00, 0x8F, 0x21, 0x00, 0x41, 0x52, 0x4E, 0x4A,
	0x02, 0x48, 0x00, 0x00, 0x0C, 0x01, 0x00, 0x41, 0x42, 0x57, 0x45, 0x01, 0x72, 0x00, 0x00, 0x41,
	0x48, 0x37, 0x4A, 0x04, 0x71, 0x00, 0x00, 0xB3, 0x00, 0x00, 0xCB, 0x18, 0x00, 0x7F, 0x70, 0x00,
	0x41, 0x49, 0x37, 0x4A, 0x02, 0x3F, 0x00, 0x00, 0x8A, 0x04, 0x00, 0x41, 0x4E, 0x33, 0x4A, 0x02,
	0x3F, 0x00, 0x00, 0xD8, 0x04, 0x00, 0x41, 0x47, 0x48, 0x4A, 0x02, 0x3F, 0x00, 0x00, 0x8B, 0x01,
	0x00, 0x41, 0x33, 0x48, 0x4A, 0x02, 0x3F, 0x00, 0x00, 0x69, 0x2D, 0x00, 0x41, 0x47, 0x58, 0x50,
	0x02, 0x70, 0x00, 0x00, 0xB3, 0x00, 0x00, 0x41, 0x4B, 0x36, 0x45, 0x02, 0xAD, 0x00, 0x00, 0x2B,
	0x7F, 0x00, 0x41, 0x45, 0x45, 0x45, 0x03, 0x3F, 0x00, 0x00, 0x40, 0x07, 0x00, 0x3F, 0xBA, 0x00,
	0x41, 0x4C, 0x47, 0x50, 0x06, 0x42, 0x00, 0x00, 0xD7, 0xC6, 0x12, 0x84, 0xE9, 0x12, 0x1F, 0x03,
	0x13, 0x5D, 0x03, 0x13, 0x2A, 0x10, 0x13, 0x41, 0x45, 0x53, 0x50, 0x02, 0x3F, 0x00, 0x00, 0xD3,
	0x06, 0x00, 0x41, 0x46, 0x59, 0x45, 0x03, 0x3F, 0x00, 0x00, 0x61, 0x01, 0x00, 0x78, 0xC8, 0x06,
	0x41, 0x49, 0x56, 0x50, 0x02, 0xB7, 0x00, 0x00, 0x63, 0xB3, 0x00, 0x41, 0x39, 0x4D, 0x50, 0x00,
	0x41, 0x59, 0x33, 0x45, 0x02, 0x4E, 0x00, 0x00, 0x6B, 0xB4, 0x01, 0x41, 0x41, 0x50, 0x4A, 0x02,
	0x70, 0x00, 0x00, 0xF2, 0x00, 0x00, 0x41, 0x41, 0x4B, 0x4A, 0x02, 0x44, 0x00, 0x00, 0x8C, 0x00,
	0x00, 0x41, 0x4B, 0x33, 0x45, 0x01, 0x70, 0x00, 0x00, 0x41, 0x4B, 0x4F, 0x50, 0x02, 0x70, 0x00,
	0x00, 0xB3, 0x00, 0x00, 0x41, 0x48, 0x51, 0x4A, 0x03, 0x12, 0x03, 0x00, 0x1C, 0xB6, 0x00, 0xFC,
	0x47, 0x03, 0x41, 0x4D, 0x38, 0x50, 0x02, 0x71, 0x00, 0x00, 0x9D, 0x02, 0x00, 0x41, 0x56, 0x42,
	0x50, 0x01, 0xC8, 0x8E, 0x00, 0x41, 0x37, 0x53, 0x50, 0x06, 0x6E, 0x7D, 0x00, 0xE0, 0xEB, 0x0B,
	0xC9, 0x9B, 0x0C, 0x90, 0x3B, 0x0D, 0x4E, 0xE4, 0x0D, 0x2D, 0x8B, 0x0E, 0x41, 0x44, 0x48, 0x45,
	0x02, 0x3F, 0x00, 0x00, 0xE3, 0x00, 0x00, 0x41, 0x42, 0x39, 0x45, 0x02, 0x3F, 0x00, 0x00, 0x91,
	0x38, 0x00, 0x41, 0x49, 0x41, 0x4A, 0x03, 0x70, 0x00, 0x00, 0xAA, 0x00, 0x00, 0xED, 0x01, 0x00,
	0x41, 0x32, 0x4A, 0x4A, 0x02, 0x3F, 0x00, 0x00, 0xFE, 0x01, 0x00, 0x41, 0x50, 0x5A, 0x50, 0x02,
	0x71, 0x00, 0x00, 0xD2, 0x00, 0x00, 0x41, 0x56, 0x54, 0x45, 0x02, 0x7A, 0x00, 0x00, 0x58, 0x02,
	0x00, 0x41, 0x51, 0x57, 0x50, 0x09, 0xB3, 0x5C, 0x00, 0xE6, 0x31, 0x07, 0x69, 0x35, 0x07, 0x17,
	0xA5, 0x07, 0x9A, 0xA8, 0x07, 0xC3, 0x23, 0x08, 0x46, 0x27, 0x08, 0x06, 0xA5, 0x08, 0x89, 0xA8,
	0x08, 0x41, 0x4F, 0x50, 0x4A, 0x02, 0x3F, 0x00, 0x00, 0x05, 0x01, 0x00, 0x41, 0x48, 0x34, 0x45,
	0x02, 0x25, 0x09, 0x00, 0x90, 0x56, 0x07, 0x41, 0x47, 0x5A, 0x4A, 0x02, 0x70, 0x00, 0x00, 0x11,
	0x01, 0x00, 0x41, 0x48, 0x58, 0x4A, 0x01, 0x58, 0x00, 0x00, 0x41, 0x4E, 0x43, 0x4A, 0x02, 0x88,
	0x00, 0x00, 0x27, 0x41, 0x00, 0x41, 0x48, 0x41, 0x4A, 0x02, 0x3F, 0x00, 0x00, 0xEE, 0x00, 0x00,
	0x41, 0x44, 0x42, 0x4A, 0x02, 0x8C, 0x00, 0x00, 0xBD, 0x04, 0x00, 0x41, 0x50, 0x55, 0x4A, 0x11,
	0x3F, 0x00, 0x00, 0x90, 0x01, 0x00, 0x15, 0x5A, 0x01, 0x67, 0x34, 0x02, 0xA8, 0x35, 0x02, 0xD2,
	0x49, 0x02, 0xEC, 0x4A, 0x02, 0xEA, 0xB6, 0x02, 0x08, 0xB8, 0x02, 0xAF, 0x2D, 0x03, 0xCB, 0x2E,
	0x03, 0x3A, 0xAB, 0x03, 0x56, 0xAC, 0x03, 0x96, 0x23, 0x04, 0xB4, 0x24, 0x04, 0xA2, 0xAB, 0x04,
	0xBC, 0xAC, 0x04, 0x41, 0x4E, 0x59, 0x4A, 0x02, 0x70, 0x00, 0x00, 0xFC, 0x00, 0x00, 0x41, 0x42,
	0x36, 0x50, 0x02, 0x72, 0x00, 0x00, 0x2D, 0x72, 0x00, 0x41, 0x59, 0x35, 0x45, 0x02, 0x87, 0x00,
	0x00, 0xCF, 0xD7, 0x01, 0x41, 0x52, 0x42, 0x45, 0x02, 0xAF, 0x00, 0x00, 0x07, 0xEB, 0x00, 0x41,
	0x58, 0x33, 0x46, 0x02, 0x3F, 0x00, 0x00, 0xC3, 0x7A, 0x18, 0x41, 0x35, 0x35, 0x50, 0x01, 0x76,
	0x00, 0x00, 0x41, 0x33, 0x47, 0x4A, 0x01, 0x78, 0x00, 0x00, 0x41, 0x49, 0x43, 0x4A, 0x02, 0x3F,
	0x00, 0x00, 0x82, 0x03, 0x00, 0x41, 0x43, 0x43, 0x50, 0x02, 0x3F, 0x00, 0x00, 0x83, 0x22, 0x00,
	0x41, 0x43, 0x36, 0x46, 0x02, 0x8C, 0x00, 0x00, 0x8D, 0x01, 0x00, 0x41, 0x48, 0x56, 0x4A, 0x02,
	0x87, 0x00, 0x00, 0x50, 0x01, 0x00, 0x41, 0x52, 0x53, 0x50, 0x01, 0xB2, 0x00, 0x00, 0x41, 0x4C,
	0x58, 0x50, 0x03, 0x68, 0x00, 0x00, 0x62, 0x01, 0x00, 0x3A, 0x06, 0x00, 0x41, 0x58, 0x59, 0x45,
	0x02, 0x64, 0x01, 0x00, 0x31, 0x1F, 0x00, 0x41, 0x37, 0x4B, 0x4A, 0x0A, 0x85, 0x00, 0x00, 0xC9,
	0x01, 0x00, 0x2E, 0xBE, 0x1D, 0x94, 0xBE, 0x1D, 0x3D, 0xCF, 0x1D, 0x79, 0xD0, 0x1D, 0x27, 0x68,
	0x1E, 0x63, 0x69, 0x1E, 0x26, 0x15, 0x1F, 0x62, 0x16, 0x1F, 0x41, 0x4A, 0x47, 0x45, 0x03, 0x71,
	0x00, 0x00, 0xE9, 0x00, 0x00, 0x65, 0x01, 0x00, 0x41, 0x57, 0x38, 0x45, 0x02, 0x3F, 0x00, 0x00,
	0x3A, 0x01, 0x00, 0x41, 0x35, 0x41, 0x45, 0x01, 0x70, 0x00, 0x00, 0x41, 0x39, 0x44, 0x45, 0x01,
	0xE8, 0x09, 0x00, 0x41, 0x32, 0x53, 0x50, 0x02, 0x71, 0x00, 0x00, 0xD4, 0x02, 0x00, 0x41, 0x4A,
	0x5A, 0x4A, 0x04, 0x86, 0x00, 0x00, 0x69, 0x08, 0x00, 0x03, 0x70, 0x0F, 0x98, 0x70, 0x0F, 0x41,
	0x4E, 0x39, 0x4A, 0x02, 0x3F, 0x00, 0x00, 0xD9, 0x00, 0x00, 0x41, 0x4D, 0x54, 0x45, 0x02, 0x3F,
	0x00, 0x00, 0xB6, 0x02, 0x00, 0x41, 0x58, 0x58, 0x50, 0x01, 0x75, 0x00, 0x00, 0x41, 0x41, 0x48,
	0x45, 0x01, 0x8B, 0x01, 0x00, 0x41, 0x53, 0x4C, 0x46, 0x02, 0xA3, 0x00, 0x00, 0x78, 0x83, 0x00,
	0x41, 0x4D, 0x32, 0x50, 0x01, 0x7C, 0x00, 0x00, 0x41, 0x4E, 0x34, 0x45, 0x02, 0x3F, 0x00, 0x00,
	0x6A, 0x07, 0x00, 0x41, 0x47, 0x45, 0x50, 0x02, 0x76, 0x00, 0x00, 0xC0, 0x00, 0x00, 0x41, 0x43,
	0x42, 0x45, 0x02, 0x3F, 0x00, 0x00, 0x15, 0x06, 0x00, 0x41, 0x41, 0x4B, 0x50, 0x02, 0x44, 0x00,
	0x00, 0x8C, 0x00, 0x00, 0x41, 0x48, 0x35, 0x4A, 0x07, 0x3F, 0x00, 0x00, 0x7C, 0x01, 0x00, 0xAD,
	0x26, 0x01, 0x55, 0xB8, 0x07, 0x91, 0x1D, 0x08, 0xF7, 0xA6, 0x08, 0x18, 0x1A, 0x09, 0x41, 0x37,
	0x49, 0x4A, 0x02, 0x8C, 0x00, 0x00, 0xEB, 0x00, 0x00, 0x41, 0x38, 0x59, 0x4A, 0x01, 0x3F, 0x00,
	0x00, 0x41, 0x4F, 0x44, 0x4A, 0x02, 0x3F, 0x00, 0x00, 0xEE, 0x00, 0x00, 0x41, 0x32, 0x51, 0x4A,
	0x02, 0x3F, 0x00, 0x00, 0xF4, 0x79, 0x06, 0x41, 0x33, 0x4F, 0x4A, 0x02, 0x8B, 0x00, 0x00, 0x5E,
	0x6D, 0x02, 0x41, 0x47, 0x55, 0x45, 0x02, 0x3F, 0x00, 0x00, 0x43, 0x01, 0x00, 0x41, 0x44, 0x34,
	0x45, 0x02, 0x88, 0x00, 0x00, 0x4D, 0x85, 0x00, 0x41, 0x54, 0x36, 0x45, 0x01, 0x79, 0x6D, 0x00,
	0x41, 0x52, 0x39, 0x45, 0x02, 0x3F, 0x00, 0x00, 0xA6, 0x0D, 0x00, 0x41, 0x50, 0x4B, 0x45, 0x02,
	0x5E, 0x00, 0x00, 0xD6, 0x01, 0x00, 0x41, 0x50, 0x35, 0x45, 0x01, 0x9F, 0x6B, 0x00, 0x41, 0x44,
	0x58, 0x45, 0x03, 0x43, 0x00, 0x00, 0x2C, 0x02, 0x00, 0x58, 0x02, 0x00, 0x41, 0x5A, 0x51, 0x45,
	0x02, 0x88, 0x00, 0x00, 0x51, 0x6F, 0x00, 0x41, 0x43, 0x43, 0x45, 0x02, 0x3F, 0x00, 0x00, 0x83,
	0x22, 0x00, 0x41, 0x47, 0x34, 0x50, 0x04, 0x7B, 0x00, 0x00, 0x22, 0x01, 0x00, 0x64, 0x30, 0x01,
	0x0C, 0x31, 0x01, 0x41, 0x4C, 0x4F, 0x50, 0x02, 0x44, 0x00, 0x00, 0x0B, 0x0C, 0x00, 0x41, 0x44,
	0x36, 0x45, 0x02, 0x43, 0x00, 0x00, 0xA5, 0xA3, 0x00, 0x41, 0x4C, 0x50, 0x45, 0x02, 0x3F, 0x00,
	0x00, 0x28, 0x87, 0x00, 0x41, 0x4A, 0x4C, 0x45, 0x02, 0x48, 0x00, 0x00, 0xFC, 0x00, 0x00, 0x41,
	0x35, 0x35, 0x44, 0x01, 0x71, 0x00, 0x00, 0x41, 0x46, 0x56, 0x45, 0x02, 0x60, 0x00, 0x00, 0xEA,
	0x01, 0x00, 0x41, 0x37, 0x48, 0x45, 0x02, 0x94, 0x00, 0x00, 0xAA, 0x04, 0x00, 0x41, 0x41, 0x57,
	0x45, 0x02, 0x8C, 0x00, 0x00, 0xEA, 0x00, 0x00, 0x41, 0x46, 0x42, 0x45, 0x08, 0x3F, 0x00, 0x00,
	0xFE, 0x00, 0x00, 0xD4, 0x9C, 0x1D, 0xFF, 0xB3, 0x1D, 0x0A, 0x5D, 0x1E, 0x35, 0x74, 0x1E, 0x9C,
	0x2E, 0x1F, 0xC7, 0x45, 0x1F, 0x41, 0x36, 0x33, 0x4A, 0x02, 0x7D, 0x00, 0x00, 0xA9, 0x61, 0x00,
	0x41, 0x53, 0x47, 0x50, 0x02, 0x71, 0x00, 0x00, 0x89, 0x5B, 0x00, 0x41, 0x50, 0x35, 0x50, 0x01,
	0xCC, 0x6B, 0x00, 0x41, 0x43, 0x45, 0x50, 0x02, 0x5D, 0x00, 0x00, 0x03, 0x01, 0x00, 0x41, 0x5A,
	0x44, 0x50, 0x02, 0x79, 0x00, 0x00, 0x4E, 0x01, 0x00, 0x41, 0x32, 0x46, 0x45, 0x02, 0x75, 0x00,
	0x00, 0xA2, 0x1C, 0x00, 0x41, 0x32, 0x57, 0x45, 0x01, 0x40, 0x00, 0x00, 0x41, 0x36, 0x44, 0x45,
	0x02, 0x3F, 0x00, 0x00, 0xC6, 0x00, 0x00, 0x41, 0x58, 0x48, 0x4A, 0x01, 0xEE, 0x03, 0x00, 0x41,
	0x4C, 0x39, 0x50, 0x02, 0x40, 0x00, 0x00, 0x58, 0x00, 0x00, 0x41, 0x55, 0x4D, 0x50, 0x02, 0x40,
	0x00, 0x00, 0x58, 0x00, 0x00, 0x41, 0x41, 0x57, 0x4A, 0x02, 0x8C, 0x00, 0x00, 0xE9, 0x00, 0x00,
	0x41, 0x46, 0x4A, 0x45, 0x02, 0x3F, 0x00, 0x00, 0xBE, 0x0B, 0x00, 0x41, 0x43, 0x35, 0x4A, 0x03,
	0x98, 0x00, 0x00, 0xA2, 0xBB, 0x02, 0xB3, 0xBB, 0x02, 0x41, 0x4F, 0x37, 0x4A, 0x02, 0x3F, 0x00,
	0x00, 0x0D, 0x01, 0x00, 0x41, 0x50, 0x37, 0x50, 0x02, 0x3F, 0x00, 0x00, 0x0A, 0xF5, 0x00, 0x41,
	0x33, 0x52, 0x45, 0x02, 0x43, 0x00, 0x00, 0xF2, 0xA2, 0x00, 0x41, 0x52, 0x38, 0x45, 0x02, 0x4D,
	0x00, 0x00, 0xBE, 0x09, 0x00, 0x41, 0x36, 0x43, 0x4A, 0x02, 0x93, 0x00, 0x00, 0x99, 0x1E, 0x01,
	0x41, 0x48, 0x38, 0x45, 0x02, 0x57, 0x00, 0x00, 0x41, 0x54, 0x00, 0x41, 0x41, 0x59, 0x45, 0x02,
	0x93, 0x00, 0x00, 0xB7, 0x02, 0x00, 0x41, 0x52, 0x35, 0x45, 0x0C, 0xEC, 0x00, 0x00, 0x67, 0x14,
	0x00, 0x51, 0x50, 0x0A, 0x8B, 0x50, 0x0A, 0x41, 0xCC, 0x0A, 0x7B, 0xCC, 0x0A, 0x89, 0x48, 0x0B,
	0xC3, 0x48, 0x0B, 0xB9, 0xD0, 0x0B, 0xF3, 0xD0, 0x0B, 0x21, 0x4E, 0x0C, 0x5B, 0x4E, 0x0C, 0x41,
	0x4A, 0x48, 0x4A, 0x02, 0x7A, 0x00, 0x00, 0xE4, 0x00, 0x00, 0x41, 0x4F, 0x47, 0x4A, 0x02, 0x71,
	0x00, 0x00, 0xB5, 0x00, 0x00, 0x41, 0x32, 0x51, 0x45, 0x02, 0x3F, 0x00, 0x00, 0xE5, 0x1B, 0x07,
	0x41, 0x58, 0x54, 0x45, 0x02, 0x3F, 0x00, 0x00, 0x7C, 0x05, 0x00, 0x41, 0x47, 0x38, 0x45, 0x03,
	0x68, 0x00, 0x00, 0xA2, 0x01, 0x00, 0xAC, 0x07, 0x00, 0x41, 0x52, 0x34, 0x45, 0x01, 0x4C, 0x00,
	0x00, 0x41, 0x57, 0x4C, 0x45, 0x02, 0x89, 0x00, 0x00, 0x5A, 0x02, 0x00, 0x41, 0x58, 0x44, 0x45,
	0x01, 0x70, 0x00, 0x00, 0x41, 0x48, 0x34, 0x50, 0x02, 0x25, 0x09, 0x00, 0x91, 0x56, 0x07, 0x41,
	0x4D, 0x54, 0x50, 0x02, 0x3F, 0x00, 0x00, 0xB6, 0x02, 0x00, 0x41, 0x4C, 0x34, 0x4A, 0x03, 0x98,
	0x00, 0x00, 0x8F, 0xBB, 0x02, 0xA0, 0xBB, 0x02, 0x41, 0x58, 0x50, 0x4A, 0x02, 0x90, 0x00, 0x00,
	0x4D, 0x01, 0x00, 0x41, 0x44, 0x34, 0x50, 0x02, 0x88, 0x00, 0x00, 0x5F, 0x9C, 0x00, 0x41, 0x4E,
	0x50, 0x46, 0x02, 0xA3, 0x00, 0x00, 0x95, 0x10, 0x00, 0x41, 0x58, 0x56, 0x4A, 0x02, 0x90, 0x00,
	0x00, 0x4D, 0x01, 0x00, 0x41, 0x41, 0x58, 0x4A, 0x02, 0x3F, 0x00, 0x00, 0x06, 0x01, 0x00, 0x41,
	0x35, 0x37, 0x4A, 0x02, 0x89, 0x00, 0x00, 0xDD, 0x11, 0x00, 0x41, 0x4C, 0x55, 0x45, 0x02, 0x52,
	0x00, 0x00, 0xB5, 0xD4, 0x00, 0x41, 0x45, 0x4D, 0x4A, 0x03, 0x75, 0x00, 0x00, 0x5E, 0x0B, 0x00,
	0xDE, 0x54, 0x03, 0x41, 0x4D, 0x34, 0x4A, 0x02, 0xBD, 0x01, 0x00, 0x10, 0x02, 0x00, 0x41, 0x38,
	0x43, 0x4A, 0x1F, 0x3F, 0x00, 0x00, 0xD8, 0x00, 0x00, 0x11, 0x01, 0x00, 0x54, 0x02, 0x00, 0xC4,
	0x03, 0x00, 0x05, 0x48, 0x0D, 0x91, 0x48, 0x0D, 0x29, 0x16, 0x0E, 0xB5, 0x16, 0x0E, 0xE6, 0xED,
	0x0E, 0x72, 0xEE, 0x0E, 0xDA, 0xCF, 0x0F, 0x66, 0xD0, 0x0F, 0xE4, 0xB9, 0x10, 0x70, 0xBA, 0x10,
	0x5E, 0x9A, 0x11, 0xEA, 0x9A, 0x11, 0x9E, 0x84, 0x12, 0x2A, 0x85, 0x12, 0xF1, 0x6E, 0x13, 0x7D,
	0x6F, 0x13, 0x54, 0x4A, 0x14, 0xE0, 0x4A, 0x14, 0x4E, 0x26, 0x15, 0xDA, 0x26, 0x15, 0x16, 0x14,
	0x16, 0xA2, 0x14, 0x16, 0x0C, 0xF5, 0x16, 0x98, 0xF5, 0x16, 0x9D, 0xE3, 0x17, 0x29, 0xE4, 0x17,
	0x41, 0x49, 0x50, 0x4A, 0x07, 0x3F, 0x00, 0x00, 0x2E, 0x02, 0x00, 0x58, 0x2A, 0x01, 0x99, 0x2B,
	0x01, 0xA1, 0x08, 0x1C, 0x7C, 0x09, 0x1C, 0xDF, 0x0B, 0x1C, 0x41, 0x4A, 0x34, 0x50, 0x02, 0x3F,
	0x00, 0x00, 0x0F, 0x89, 0x01, 0x41, 0x4A, 0x47, 0x46, 0x03, 0x71, 0x00, 0x00, 0xE9, 0x00, 0x00,
	0x65, 0x01, 0x00, 0x41, 0x59, 0x43, 0x45, 0x08, 0x84, 0x00, 0x00, 0xC9, 0x00, 0x00, 0x70, 0x00,
	0x02, 0xC8, 0x00, 0x02, 0x70, 0x40, 0x0E, 0x24, 0x41, 0x0E, 0x78, 0xE0, 0x1C, 0x07, 0xE1, 0x1C,
	0x41, 0x59, 0x47, 0x45, 0x02, 0x44, 0x00, 0x00, 0xD3, 0x0B, 0x00, 0x41, 0x45, 0x59, 0x45, 0x02,
	0x70, 0x00, 0x00, 0x21, 0x09, 0x00, 0x41, 0x52, 0x4D, 0x45, 0x01, 0x3F, 0x00, 0x00, 0x41, 0x41,
	0x52, 0x45, 0x01, 0x2F, 0xE9, 0x00, 0x41, 0x37, 0x4B, 0x45, 0x0A, 0x85, 0x00, 0x00, 0xCE, 0x01,
	0x00, 0x3A, 0xAD, 0x1D, 0xA0, 0xAD, 0x1D, 0x67, 0xBE, 0x1D, 0xA8, 0xBF, 0x1D, 0xF3, 0x55, 0x1E,
	0x34, 0x57, 0x1E, 0x56, 0x03, 0x1F, 0x97, 0x04, 0x1F, 0x41, 0x5A, 0x4C, 0x45, 0x03, 0x3F, 0x00,
	0x00, 0xBC, 0x2D, 0x00, 0x8E, 0xA3, 0x01, 0x41, 0x5A, 0x51, 0x50, 0x02, 0x88, 0x00, 0x00, 0x60,
	0x6F, 0x00, 0x41, 0x5A, 0x55, 0x50, 0x02, 0x41, 0x00, 0x00, 0xBC, 0xDA, 0x00, 0x41, 0x54, 0x37,
	0x46, 0x03, 0x70, 0x00, 0x00, 0xBB, 0x0D, 0x00, 0x68, 0x4E, 0x00, 0x41, 0x32, 0x4C, 0x45, 0x02,
	0x93, 0x00, 0x00, 0x19, 0x03, 0x00, 0x41, 0x51, 0x32, 0x4A, 0x02, 0x3F, 0x00, 0x00, 0xB7, 0xD5,
	0x00, 0x41, 0x4A, 0x4B, 0x4A, 0x02, 0x3F, 0x00, 0x00, 0xC5, 0x00, 0x00, 0x41, 0x55, 0x47, 0x45,
	0x02, 0x69, 0x00, 0x00, 0x9E, 0x0D, 0x00, 0x41, 0x32, 0x57, 0x50, 0x01, 0x40, 0x00, 0x00, 0x41,
	0x5A, 0x50, 0x45, 0x04, 0x65, 0x00, 0x00, 0x07, 0x0A, 0x00, 0xB3, 0x10, 0x00, 0x4B, 0x5B, 0x03,
	0x41, 0x45, 0x44, 0x50, 0x05, 0x95, 0x00, 0x00, 0x18, 0x02, 0x00, 0xDB, 0x0A, 0x00, 0x8B, 0xCB,
	0x0B, 0xB4, 0xD8, 0x0B, 0x41, 0x36, 0x42, 0x4A, 0x01, 0x7F, 0x00, 0x00, 0x41, 0x57, 0x42, 0x50,
	0x02, 0x86, 0x00, 0x00, 0xE3, 0x00, 0x00, 0x41, 0x52, 0x35, 0x46, 0x0C, 0xEC, 0x00, 0x00, 0x67,
	0x14, 0x00, 0xD9, 0x24, 0x0A, 0x13, 0x25, 0x0A, 0x59, 0xA1, 0x0A, 0x93, 0xA1, 0x0A, 0x31, 0x1E,
	0x0B, 0x6B, 0x1E, 0x0B, 0x29, 0xA7, 0x0B, 0x63, 0xA7, 0x0B, 0x29, 0x25, 0x0C, 0x63, 0x25, 0x0C,
	0x41, 0x35, 0x35, 0x46, 0x01, 0x71, 0x00, 0x00, 0x41, 0x48, 0x36, 0x45, 0x02, 0x75, 0x00, 0x00,
	0xB7, 0x01, 0x00, 0x41, 0x45, 0x45, 0x50, 0x03, 0x3F, 0x00, 0x00, 0x40, 0x07, 0x00, 0x94, 0xBA,
	0x00, 0x41, 0x54, 0x34, 0x45, 0x02, 0x8C, 0x00, 0x00, 0x8A, 0x27, 0x00, 0x41, 0x42, 0x33, 0x45,
	0x02, 0x9B, 0x00, 0x00, 0xD2, 0x27, 0x01, 0x41, 0x38, 0x50, 0x4A, 0x02, 0x3F, 0x00, 0x00, 0x5A,
	0x01, 0x00, 0x41, 0x4B, 0x32, 0x4A, 0x02, 0x3F, 0x00, 0x00, 0x09, 0x20, 0x00, 0x41, 0x37, 0x48,
	0x4A, 0x02, 0x94, 0x00, 0x00, 0xAC, 0x04, 0x00, 0x41, 0x4C, 0x33, 0x4A, 0x02, 0x3F, 0x00, 0x00,
	0x17, 0x06, 0x00, 0x41, 0x57, 0x57, 0x50, 0x03, 0xA7, 0x00, 0x00, 0xC4, 0x75, 0x0D, 0x47, 0x49,
	0x0F, 0x41, 0x54, 0x56, 0x50, 0x02, 0x75, 0x00, 0x00, 0x51, 0x04, 0x00, 0x41, 0x41, 0x34, 0x4A,
	0x02, 0x6D, 0x00, 0x00, 0xF4, 0x01, 0x00, 0x41, 0x41, 0x35, 0x4A, 0x02, 0x6D, 0x00, 0x00, 0xF4,
	0x01, 0x00, 0x41, 0x32, 0x44, 0x4A, 0x02, 0x71, 0x00, 0x00, 0x3C, 0x05, 0x00, 0x41, 0x32, 0x49,
	0x4A, 0x01, 0x65, 0x00, 0x00, 0x41, 0x4B, 0x37, 0x4A, 0x02, 0x3F, 0x00, 0x00, 0x0D, 0x53, 0x01,
	0x41, 0x42, 0x45, 0x45, 0x02, 0x70, 0x00, 0x00, 0xAB, 0x0F, 0x00, 0x41, 0x32, 0x48, 0x4A, 0x02,
	0x72, 0x00, 0x00, 0x6C, 0x2F, 0x00, 0x41, 0x4C, 0x4E, 0x45, 0x03, 0x9A, 0x00, 0x00, 0xC4, 0x03,
	0x00, 0x86, 0x04, 0x00, 0x41, 0x32, 0x54, 0x45, 0x01, 0x86, 0x00, 0x00, 0x41, 0x34, 0x42, 0x45,
	0x01, 0x86, 0x00, 0x00, 0x41, 0x34, 0x43, 0x45, 0x01, 0x8C, 0x00, 0x00, 0x41, 0x32, 0x41, 0x45,
	0x02, 0x3F, 0x00, 0x00, 0xC6, 0x00, 0x00, 0x41, 0x34, 0x44, 0x45, 0x02, 0x3F, 0x00, 0x00, 0xC5,
	0x00, 0x00, 0x41, 0x33, 0x44, 0x45, 0x02, 0x6F, 0x00, 0x00, 0xF8, 0x00, 0x00, 0x41, 0x32, 0x4E,
	0x4A, 0x02, 0x70, 0x00, 0x00, 0x26, 0x06, 0x00, 0x41, 0x59, 0x4C, 0x4A, 0x02, 0x3F, 0x00, 0x00,
	0x19, 0x01, 0x00, 0x41, 0x45, 0x52, 0x45, 0x02, 0x8C, 0x00, 0x00, 0x27, 0x3D, 0x00, 0x41, 0x59,
	0x4B, 0x45, 0x01, 0x3F, 0x00, 0x00, 0x41, 0x49, 0x4F, 0x45, 0x01, 0x3F, 0x00, 0x00, 0x41, 0x41,
	0x4F, 0x4A, 0x02, 0x71, 0x00, 0x00, 0x24, 0xA6, 0x00, 0x41, 0x55, 0x43, 0x4A, 0x02, 0x3F, 0x00,
	0x00, 0x40, 0x01, 0x00, 0x41, 0x35, 0x39, 0x4A, 0x02, 0x6C, 0x00, 0x00, 0x5E, 0x03, 0x00, 0x41,
	0x4E, 0x57, 0x4A, 0x04, 0x87, 0x00, 0x00, 0x18, 0x01, 0x00, 0x11, 0xF5, 0x01, 0x3F, 0xF5, 0x01,
	0x41, 0x35, 0x42, 0x4A, 0x02, 0x3F, 0x00, 0x00, 0xA8, 0x03, 0x00, 0x41, 0x38, 0x48, 0x45, 0x02,
	0x71, 0x00, 0x00, 0x0F, 0x04, 0x00, 0x41, 0x56, 0x5A, 0x45, 0x00, 0x41, 0x4A, 0x4A, 0x45, 0x04,
	0x53, 0x00, 0x00, 0xE1, 0x07, 0x00, 0x60, 0x15, 0x00, 0x61, 0x1F, 0x00, 0x41, 0x4C, 0x4A, 0x45,
	0x01, 0x5F, 0x00, 0x00, 0x41, 0x33, 0x52, 0x50, 0x02, 0x43, 0x00, 0x00, 0x3C, 0xC3, 0x00, 0x41,
	0x38, 0x37, 0x4A, 0x02, 0x3F, 0x00, 0x00, 0x32, 0x02, 0x00, 0x41, 0x42, 0x39, 0x4A, 0x02, 0x3F,
	0x00, 0x00, 0x7D, 0x3A, 0x00, 0x41, 0x45, 0x58, 0x4A, 0x02, 0x3C, 0x00, 0x00, 0x2E, 0x01, 0x00,
	0x41, 0x35, 0x35, 0x49, 0x01, 0x71, 0x00, 0x00, 0x41, 0x4F, 0x53, 0x4A, 0x02, 0x3F, 0x00, 0x00,
	0xBE, 0x0A, 0x00, 0x41, 0x38, 0x56, 0x4A, 0x02, 0x69, 0x00, 0x00, 0x0B, 0x09, 0x00, 0x41, 0x56,
	0x41, 0x4A, 0x04, 0x87, 0x00, 0x00, 0x83, 0xB3, 0x00, 0x3F, 0x00, 0x34, 0xD5, 0x00, 0x34, 0x41,
	0x4A, 0x47, 0x44, 0x03, 0x71, 0x00, 0x00, 0xE9, 0x00, 0x00, 0x65, 0x01, 0x00, 0x41, 0x33, 0x45,
	0x4A, 0x03, 0x3F, 0x00, 0x00, 0x7F, 0x01, 0x00, 0x65, 0x23, 0x00, 0x41, 0x33, 0x57, 0x4A, 0x03,
	0x3F, 0x00, 0x00, 0x7F, 0x01, 0x00, 0x65, 0x23, 0x00, 0x41, 0x35, 0x36, 0x4A, 0x04, 0x71, 0x00,
	0x00, 0x9F, 0x3B, 0x00, 0xB5, 0x4C, 0x01, 0x9C, 0x4F, 0x1D, 0x41, 0x47, 0x34, 0x45, 0x04, 0x7B,
	0x00, 0x00, 0x22, 0x01, 0x00, 0x84, 0x30, 0x01, 0x2C, 0x31, 0x01, 0x41, 0x48, 0x5A, 0x4A, 0x01,
	0x2A, 0x5B, 0x00, 0x41, 0x49, 0x52, 0x50, 0x01, 0x51, 0x1C, 0x00, 0x41, 0x46, 0x38, 0x45, 0x01,
	0x55, 0x00, 0x00, 0x41, 0x38, 0x42, 0x50, 0x02, 0x3F, 0x00, 0x00, 0x30, 0x01, 0x00, 0x41, 0x32,
	0x4F, 0x4A, 0x02, 0x3F, 0x00, 0x00, 0xE8, 0x03, 0x00, 0x41, 0x39, 0x51, 0x4A, 0x06, 0x8C, 0x00,
	0x00, 0xC3, 0x00, 0x00, 0x64, 0xD1, 0x1A, 0x94, 0xD1, 0x1A, 0x71, 0x78, 0x1E, 0xB1, 0x78, 0x1E,
	0x41, 0x43, 0x38, 0x45, 0x01, 0xCE, 0x01, 0x00, 0x41, 0x4D, 0x58, 0x44, 0x02, 0x70, 0x00, 0x00,
	0x95, 0x01, 0x00, 0x41, 0x38, 0x4D, 0x4A, 0x01, 0x98, 0x00, 0x00, 0x41, 0x4A, 0x46, 0x50, 0x02,
	0x67, 0x02, 0x00, 0x10, 0x2B, 0x00, 0x41, 0x4C, 0x51, 0x4A, 0x02, 0x6D, 0x00, 0x00, 0x61, 0x31,
	0x01, 0x41, 0x58, 0x5A, 0x50, 0x02, 0x3F, 0x00, 0x00, 0x89, 0xB7, 0x0C, 0x41, 0x38, 0x53, 0x45,
	0x00, 0x41, 0x58, 0x51, 0x46, 0x02, 0x47, 0x01, 0x00, 0x8F, 0x1F, 0x00, 0x41, 0x59, 0x32, 0x50,
	0x02, 0x3F, 0x00, 0x00, 0xC5, 0x00, 0x00, 0x41, 0x35, 0x50, 0x4A, 0x02, 0x87, 0x00, 0x00, 0xCE,
	0x00, 0x00, 0x41, 0x4E, 0x53, 0x4A, 0x02, 0x71, 0x00, 0x00, 0xBB, 0x00, 0x00, 0x41, 0x42, 0x44,
	0x4A, 0x04, 0x3F, 0x00, 0x00, 0x0F, 0x01, 0x00, 0x18, 0x9B, 0x01, 0xD9, 0xA7, 0x01, 0x41, 0x49,
	0x59, 0x4A, 0x02, 0x3F, 0x00, 0x00, 0x02, 0x01, 0x00, 0x41, 0x45, 0x4B, 0x4A, 0x02, 0x71, 0x00,
	0x00, 0x55, 0x01, 0x00, 0x41, 0x56, 0x4C, 0x45, 0x02, 0x3F, 0x00, 0x00, 0x3B, 0x19, 0x00, 0x41,
	0x32, 0x47, 0x45, 0x02, 0x3F, 0x00, 0x00, 0xAA, 0x0A, 0x00, 0x41, 0x4F, 0x48, 0x4A, 0x02, 0x3F,
	0x00, 0x00, 0xC0, 0x07, 0x00, 0x41, 0x33, 0x58, 0x4A, 0x01, 0x7F, 0x00, 0x00, 0x41, 0x46, 0x58,
	0x4A, 0x02, 0x8F, 0x00, 0x00, 0xE4, 0x00, 0x00, 0x41, 0x59, 0x44, 0x45, 0x03, 0x88, 0x00, 0x00,
	0x45, 0x01, 0x00, 0x83, 0xB2, 0x00, 0x41, 0x48, 0x55, 0x50, 0x02, 0x3F, 0x00, 0x00, 0xD7, 0x01,
	0x00, 0x41, 0x33, 0x4B, 0x50, 0x02, 0x03, 0x01, 0x00, 0x1F, 0x3B, 0x00, 0x41, 0x39, 0x41, 0x50,
	0x01, 0x86, 0x00, 0x00, 0x41, 0x5A, 0x4E, 0x50, 0x02, 0x0B, 0x01, 0x00, 0xC8, 0x43, 0x00, 0x41,
	0x39, 0x47, 0x50, 0x01, 0x86, 0x00, 0x00, 0x41, 0x46, 0x48, 0x50, 0x02, 0x7F, 0x00, 0x00, 0x24,
	0x01, 0x00, 0x41, 0x57, 0x43, 0x50, 0x02, 0x03, 0x01, 0x00, 0x72, 0x21, 0x00, 0x41, 0x59, 0x5A,
	0x50, 0x07, 0x3F, 0x00, 0x00, 0x2D, 0x12, 0x00, 0xD2, 0x5A, 0x02, 0x27, 0x64, 0x02, 0xB5, 0xB7,
	0x02, 0xC1, 0xBA, 0x02, 0x23, 0xBB, 0x02, 0x41, 0x4C, 0x50, 0x4A, 0x02, 0x3F, 0x00, 0x00, 0x5A,
	0x87, 0x00, 0x41, 0x4D, 0x54, 0x4A, 0x02, 0x3F, 0x00, 0x00, 0xC2, 0x02, 0x00, 0x41, 0x43, 0x4F,
	0x4A, 0x02, 0x87, 0x00, 0x00, 0xE3, 0x01, 0x00, 0x41, 0x46, 0x34, 0x4A, 0x02, 0x3F, 0x00, 0x00,
	0x0C, 0x01, 0x00, 0x41, 0x34, 0x53, 0x4A, 0x02, 0x71, 0x00, 0x00, 0xF6, 0x08, 0x00, 0x41, 0x4F,
	0x4E, 0x50, 0x05, 0x87, 0x00, 0x00, 0x00, 0x01, 0x00, 0x7F, 0x9E, 0x00, 0xC5, 0x04, 0x0F, 0x32,
	0x05, 0x0F, 0x41, 0x47, 0x36, 0x4A, 0x02, 0x3F, 0x00, 0x00, 0x40, 0xC7, 0x03, 0x41, 0x5A, 0x4C,
	0x50, 0x03, 0x3F, 0x00, 0x00, 0x73, 0x2E, 0x00, 0x81, 0xA6, 0x01, 0x41, 0x38, 0x52, 0x4A, 0x02,
	0x3F, 0x00, 0x00, 0xDC, 0x00, 0x00, 0x41, 0x39, 0x4C, 0x4A, 0x02, 0x3F, 0x00, 0x00, 0xDC, 0x00,
	0x00, 0x41, 0x54, 0x55, 0x4A, 0x02, 0x3F, 0x00, 0x00, 0x99, 0x03, 0x00, 0x41, 0x33, 0x39, 0x4A,
	0x02, 0x3F, 0x00, 0x00, 0x31, 0x05, 0x00, 0x41, 0x55, 0x51, 0x50, 0x01, 0x72, 0x00, 0x00, 0x41,
	0x41, 0x37, 0x45, 0x02, 0x56, 0x00, 0x00, 0xE3, 0xFD, 0x00, 0x41, 0x59, 0x43, 0x50, 0x08, 0x84,
	0x00, 0x00, 0xC9, 0x00, 0x00, 0x70, 0x00, 0x02, 0xC8, 0x00, 0x02, 0x70, 0x40, 0x0E, 0x24, 0x41,
	0x0E, 0x78, 0xE0, 0x1C, 0x07, 0xE1, 0x1C, 0x41, 0x57, 0x51, 0x45, 0x02, 0x44, 0x00, 0x00, 0x4C,
	0x01, 0x00, 0x41, 0x57, 0x4B, 0x4A, 0x02, 0x70, 0x00, 0x00, 0x7F, 0x1E, 0x00, 0x41, 0x5A, 0x50,
	0x50, 0x04, 0x6A, 0x00, 0x00, 0x2D, 0x0B, 0x00, 0x0B, 0x12, 0x00, 0xA1, 0x61, 0x03, 0x41, 0x56,
	0x54, 0x50, 0x02, 0x7A, 0x00, 0x00, 0x7A, 0x02, 0x00, 0x41, 0x39, 0x50, 0x4A, 0x02, 0x80, 0x00,
	0x00, 0x19, 0x03, 0x00, 0x41, 0x54, 0x51, 0x50, 0x02, 0x3F, 0x00, 0x00, 0x45, 0x48, 0x00, 0x41,
	0x35, 0x32, 0x4A, 0x02, 0x73, 0x00, 0x00, 0xCB, 0x00, 0x00, 0x41, 0x58, 0x50, 0x45, 0x02, 0x90,
	0x00, 0x00, 0x4C, 0x01, 0x00, 0x41, 0x5A, 0x55, 0x45, 0x02, 0x41, 0x00, 0x00, 0xBC, 0xDA, 0x00,
	0x41, 0x5A, 0x4C, 0x4A, 0x03, 0x3F, 0x00, 0x00, 0x77, 0x2E, 0x00, 0x5C, 0xA6, 0x01, 0x41, 0x49,
	0x46, 0x45, 0x02, 0x8C, 0x00, 0x00, 0xF7, 0x5E, 0x00, 0x41, 0x36, 0x4D, 0x45, 0x02, 0x71, 0x00,
	0x00, 0xD1, 0x67, 0x01, 0x41, 0x59, 0x4C, 0x45, 0x02, 0x3F, 0x00, 0x00, 0x19, 0x01, 0x00, 0x41,
	0x32, 0x46, 0x50, 0x02, 0x75, 0x00, 0x00, 0x87, 0x1E, 0x00, 0x41, 0x43, 0x38, 0x50, 0x01, 0xCE,
	0x01, 0x00, 0x41, 0x32, 0x4E, 0x45, 0x02, 0x70, 0x00, 0x00, 0x26, 0x06, 0x00, 0x41, 0x58, 0x56,
	0x45, 0x02, 0x90, 0x00, 0x00, 0x4C, 0x01, 0x00, 0x41, 0x59, 0x38, 0x4A, 0x02, 0x86, 0x00, 0x00,
	0x1A, 0x1F, 0x00, 0x41, 0x5A, 0x57, 0x4A, 0x02, 0x71, 0x00, 0x00, 0xDF, 0x00, 0x00, 0x41, 0x37,
	0x4F, 0x45, 0x01, 0x56, 0x00, 0x00, 0x41, 0x32, 0x52, 0x45, 0x00, 0x41, 0x5A, 0x4D, 0x45, 0x01,
	0x43, 0x11, 0x00, 0x41, 0x39, 0x4E, 0x45, 0x00, 0x41, 0x4C, 0x56, 0x50, 0x02, 0x8C, 0x00, 0x00,
	0x9C, 0xC3, 0x01, 0x41, 0x36, 0x54, 0x50, 0x02, 0x3F, 0x00, 0x00, 0x2B, 0x29, 0x1A, 0x41, 0x32,
	0x4E, 0x50, 0x02, 0x70, 0x00, 0x00, 0x26, 0x06, 0x00, 0x41, 0x4A, 0x54, 0x45, 0x02, 0x43, 0x00,
	0x00, 0x87, 0x01, 0x00, 0x41, 0x35, 0x4D, 0x45, 0x01, 0x6F, 0x00, 0x00, 0x41, 0x55, 0x53, 0x4A,
	0x02, 0x3F, 0x00, 0x00, 0x23, 0x01, 0x00, 0x41, 0x56, 0x4C, 0x44, 0x02, 0x3F, 0x00, 0x00, 0x3B,
	0x19, 0x00, 0x41, 0x4C, 0x45, 0x50, 0x01, 0xD4, 0x79, 0x00, 0x41, 0x41, 0x51, 0x50, 0x02, 0x07,
	0x01, 0x00, 0xBC, 0x18, 0x00, 0x41, 0x42, 0x55, 0x45, 0x02, 0xB0, 0x00, 0x00, 0xA8, 0x3D, 0x05,
	0x41, 0x34, 0x50, 0x4A, 0x02, 0x3F, 0x00, 0x00, 0xD6, 0x00, 0x00, 0x41, 0x57, 0x4E, 0x50, 0x01,
	0x55, 0x00, 0x00, 0x41, 0x53, 0x55, 0x45, 0x01, 0x70, 0x00, 0x00, 0x41, 0x5A, 0x38, 0x50, 0x02,
	0x62, 0x00, 0x00, 0x60, 0x04, 0x00, 0x41, 0x36, 0x34, 0x4A, 0x01, 0x3F, 0x00, 0x00, 0x41, 0x49,
	0x39, 0x4A, 0x03, 0x7A, 0x00, 0x00, 0x84, 0x01, 0x00, 0xEA, 0x00, 0x08, 0x41, 0x39, 0x48, 0x4A,
	0x02, 0x51, 0x00, 0x00, 0xCE, 0x02, 0x00, 0x41, 0x4A, 0x58, 0x44, 0x02, 0x89, 0x00, 0x00, 0xA6,
	0x01, 0x00, 0x41, 0x41, 0x55, 0x4A, 0x03, 0x71, 0x00, 0x00, 0x42, 0x61, 0x00, 0x90, 0x7B, 0x10,
	0x41, 0x35, 0x35, 0x53, 0x01, 0x71, 0x00, 0x00, 0x41, 0x44, 0x55, 0x45, 0x02, 0xBD, 0x00, 0x00,
	0x02, 0x01, 0x00, 0x41, 0x45, 0x33, 0x45, 0x02, 0x73, 0x00, 0x00, 0xA4, 0x00, 0x00, 0x41, 0x4C,
	0x55, 0x50, 0x02, 0x52, 0x00, 0x00, 0x49, 0xD7, 0x00, 0x41, 0x55, 0x5A, 0x45, 0x02, 0x70, 0x00,
	0x00, 0xA9, 0x00, 0x00, 0x41, 0x39, 0x42, 0x50, 0x02, 0x3F, 0x00, 0x00, 0x30, 0x01, 0x00, 0x41,
	0x47, 0x46, 0x45, 0x02, 0x19, 0x01, 0x00, 0x0A, 0x4D, 0x00, 0x41, 0x4E, 0x58, 0x50, 0x02, 0x80,
	0x00, 0x00, 0x68, 0x36, 0x00, 0x41, 0x51, 0x50, 0x45, 0x02, 0x3F, 0x00, 0x00, 0x3E, 0x01, 0x00,
	0x41, 0x4D, 0x48, 0x50, 0x09, 0x3F, 0x00, 0x00, 0xF9, 0x00, 0x00, 0xFC, 0x01, 0x00, 0xB0, 0x6A,
	0x20, 0x69, 0x6B, 0x20, 0x24, 0x12, 0x21, 0xDD, 0x12, 0x21, 0x47, 0xBB, 0x21, 0x00, 0xBC, 0x21,
	0x41, 0x4D, 0x59, 0x50, 0x09, 0x3F, 0x00, 0x00, 0xF9, 0x00, 0x00, 0xFC, 0x01, 0x00, 0xB5, 0x7B,
	0x20, 0x6E, 0x7C, 0x20, 0x29, 0x23, 0x21, 0xE2, 0x23, 0x21, 0x4C, 0xCC, 0x21, 0x05, 0xCD, 0x21,
	0x41, 0x37, 0x33, 0x4A, 0x02, 0x69, 0x00, 0x00, 0x0C, 0x01, 0x00, 0x41, 0x41, 0x5A, 0x4A, 0x02,
	0x3F, 0x00, 0x00, 0xF2, 0x00, 0x00, 0x41, 0x48, 0x33, 0x45, 0x03, 0x66, 0x00, 0x00, 0x9B, 0x00,
	0x00, 0xDC, 0x00, 0x00, 0x41, 0x33, 0x43, 0x45, 0x01, 0x73, 0x00, 0x00, 0x41, 0x56, 0x4C, 0x58,
	0x02, 0x3F, 0x00, 0x00, 0x3D, 0x19, 0x00, 0x41, 0x52, 0x46, 0x50, 0x02, 0x3F, 0x00, 0x00, 0x64,
	0x06, 0x00, 0x41, 0x4D, 0x35, 0x50, 0x02, 0x43, 0x00, 0x00, 0x90, 0x10, 0x00, 0x41, 0x39, 0x53,
	0x4A, 0x02, 0x70, 0x00, 0x00, 0xD7, 0x00, 0x00, 0x41, 0x4C, 0x56, 0x45, 0x02, 0x8C, 0x00, 0x00,
	0x9C, 0xC3, 0x01, 0x41, 0x59, 0x57, 0x50, 0x02, 0x87, 0x00, 0x00, 0x60, 0x26, 0x02, 0x41, 0x57,
	0x56, 0x45, 0x01, 0xD6, 0x6C, 0x00, 0x41, 0x34, 0x4E, 0x4A, 0x01, 0x3B, 0x01, 0x00, 0x41, 0x4D,
	0x47, 0x4A, 0x02, 0x3F, 0x00, 0x00, 0x53, 0x01, 0x00, 0x41, 0x50, 0x45, 0x45, 0x02, 0x3F, 0x00,
	0x00, 0xA7, 0xF3, 0x00, 0x41, 0x37, 0x47, 0x4A, 0x02, 0x3F, 0x00, 0x00, 0xA3, 0x1B, 0x01, 0x41,
	0x35, 0x4B, 0x4A, 0x02, 0x3F, 0x00, 0x00, 0x30, 0x01, 0x00, 0x41, 0x43, 0x4D, 0x45, 0x05, 0x3F,
	0x00, 0x00, 0x9D, 0x0C, 0x00, 0x7C, 0xA0, 0x0E, 0x76, 0xA7, 0x0E, 0x09, 0xA8, 0x0E, 0x41, 0x54,
	0x42, 0x4A, 0x02, 0x71, 0x00, 0x00, 0xD3, 0x00, 0x00, 0x41, 0x34, 0x4C, 0x4A, 0x02, 0x3F, 0x00,
	0x00, 0xBF, 0x63, 0x00, 0x41, 0x4E, 0x54, 0x4A, 0x02, 0xBE, 0x00, 0x00, 0xC7, 0x01, 0x00, 0x41,
	0x57, 0x33, 0x4A, 0x02, 0x87, 0x00, 0x00, 0x03, 0x02, 0x00, 0x41, 0x32, 0x41, 0x4A, 0x02, 0x3F,
	0x00, 0x00, 0xC6, 0x00, 0x00, 0x41, 0x35, 0x33, 0x4A, 0x02, 0x73, 0x00, 0x00, 0xCB, 0x00, 0x00,
	0x41, 0x5A, 0x32, 0x4A, 0x02, 0x3D, 0x00, 0x00, 0x39, 0x83, 0x01, 0x41, 0x32, 0x56, 0x4A, 0x02,
	0x3F, 0x00, 0x00, 0x15, 0x36, 0x00, 0x41, 0x35, 0x51, 0x4A, 0x02, 0x3F, 0x00, 0x00, 0x30, 0x01,
	0x00, 0x41, 0x52, 0x41, 0x4A, 0x02, 0x3F, 0x00, 0x00, 0x10, 0xC8, 0x00, 0x41, 0x5A, 0x39, 0x4A,
	0x02, 0x3F, 0x00, 0x00, 0x1D, 0xB7, 0x00, 0x41, 0x5A, 0x42, 0x4A, 0x02, 0x3F, 0x00, 0x00, 0xDE,
	0x01, 0x00, 0x41, 0x55, 0x54, 0x4A, 0x02, 0x40, 0x00, 0x00, 0x58, 0x00, 0x00, 0x41, 0x4A, 0x45,
	0x4A, 0x02, 0x7A, 0x00, 0x00, 0x03, 0x01, 0x00, 0x41, 0x4F, 0x32, 0x4A, 0x02, 0x3F, 0x00, 0x00,
	0x06, 0x01, 0x00, 0x41, 0x53, 0x55, 0x50, 0x01, 0x70, 0x00, 0x00, 0x41, 0x59, 0x4C, 0x50, 0x02,
	0x3F, 0x00, 0x00, 0x19, 0x01, 0x00, 0x41, 0x45, 0x37, 0x4A, 0x02, 0x87, 0x00, 0x00, 0xE1, 0x02,
	0x00, 0x41, 0x42, 0x34, 0x4A, 0x02, 0x71, 0x00, 0x00, 0xE9, 0x1E, 0x00, 0x41, 0x38, 0x54, 0x4A,
	0x02, 0x3F, 0x00, 0x00, 0x8F, 0x00, 0x00, 0x41, 0x41, 0x36, 0x45, 0x02, 0x3F, 0x00, 0x00, 0x57,
	0x00, 0x00, 0x41, 0x38, 0x4E, 0x4A, 0x02, 0x97, 0x00, 0x00, 0x48, 0x01, 0x00, 0x41, 0x57, 0x56,
	0x46, 0x01, 0xD6, 0x6C, 0x00, 0x41, 0x59, 0x5A, 0x45, 0x07, 0x3F, 0x00, 0x00, 0x2C, 0x12, 0x00,
	0xD7, 0x5A, 0x02, 0x2C, 0x64, 0x02, 0xBA, 0xB7, 0x02, 0xC6, 0xBA, 0x02, 0x28, 0xBB, 0x02, 0x41,
	0x5A, 0x41, 0x4A, 0x01, 0x57, 0xB6, 0x00, 0x41, 0x4F, 0x4D, 0x45, 0x02, 0x83, 0x00, 0x00, 0x19,
	0x02, 0x00, 0x41, 0x32, 0x50, 0x4A, 0x02, 0x3F, 0x00, 0x00, 0x1F, 0x06, 0x00, 0x41, 0x46, 0x33,
	0x4A, 0x02, 0x3F, 0x00, 0x00, 0x0B, 0x01, 0x00, 0x41, 0x36, 0x32, 0x4A, 0x02, 0x6D, 0x00, 0x00,
	0xB2, 0x02, 0x00, 0x41, 0x5A, 0x4B, 0x4A, 0x0A, 0x3F, 0x00, 0x00, 0xD3, 0x03, 0x00, 0x6A, 0xA0,
	0x02, 0xD0, 0xA8, 0x02, 0x5F, 0xF5, 0x02, 0x63, 0x07, 0x03, 0x6A, 0x6D, 0x03, 0x90, 0x73, 0x03,
	0x72, 0xB6, 0x03, 0xB2, 0xC1, 0x03, 0x41, 0x4F, 0x45, 0x58, 0x01, 0x4C, 0x00, 0x00, 0x41, 0x4F,
	0x34, 0x45, 0x03, 0x3F, 0x00, 0x00, 0xA6, 0xEB, 0x01, 0xF4, 0xEB, 0x01, 0x41, 0x37, 0x41, 0x4A,
	0x02, 0x73, 0x00, 0x00, 0x30, 0x01, 0x00, 0x41, 0x5A, 0x38, 0x45, 0x02, 0x62, 0x00, 0x00, 0x60,
	0x04, 0x00, 0x41, 0x32, 0x43, 0x4A, 0x02, 0x7A, 0x00, 0x00, 0x28, 0x02, 0x00, 0x41, 0x32, 0x43,
	0x50, 0x02, 0x7A, 0x00, 0x00, 0x29, 0x02, 0x00, 0x41, 0x47, 0x44, 0x45, 0x02, 0x3F, 0x00, 0x00,
	0x29, 0x01, 0x00, 0x41, 0x32, 0x43, 0x45, 0x02, 0x7A, 0x00, 0x00, 0x29, 0x02, 0x00, 0x41, 0x55,
	0x47, 0x58, 0x02, 0x69, 0x00, 0x00, 0x66, 0x0E, 0x00, 0x41, 0x49, 0x46, 0x50, 0x02, 0x8C, 0x00,
	0x00, 0xBB, 0x5F, 0x00, 0x41, 0x59, 0x57, 0x4A, 0x02, 0x87, 0x00, 0x00, 0x2C, 0x26, 0x02, 0x41,
	0x38, 0x4F, 0x4A, 0x03, 0x71, 0x00, 0x00, 0x05, 0xFC, 0x00, 0x8B, 0x7B, 0x01, 0x41, 0x5A, 0x49,
	0x45, 0x01, 0x1E, 0x82, 0x00, 0x41, 0x5A, 0x57, 0x45, 0x02, 0x71, 0x00, 0x00, 0xDC, 0x00, 0x00,
	0x41, 0x52, 0x51, 0x50, 0x02, 0xAB, 0x00, 0x00, 0xA4, 0x63, 0x00, 0x41, 0x43, 0x36, 0x44, 0x02,
	0x8C, 0x00, 0x00, 0x8D, 0x01, 0x00, 0x41, 0x5A, 0x49, 0x44, 0x01, 0x7A, 0x82, 0x00, 0x41, 0x49,
	0x32, 0x45, 0x02, 0x79, 0x00, 0x00, 0x1C, 0x1A, 0x00, 0x41, 0x49, 0x32, 0x50, 0x02, 0x79, 0x00,
	0x00, 0x2B, 0x1A, 0x00, 0x41, 0x56, 0x59, 0x44, 0x02, 0x3F, 0x00, 0x00, 0x07, 0x02, 0x00, 0x41,
	0x5A, 0x57, 0x50, 0x02, 0x71, 0x00, 0x00, 0xEA, 0x00, 0x00, 0x41, 0x35, 0x4E, 0x50, 0x04, 0x8C,
	0x00, 0x00, 0xD7, 0x00, 0x00, 0xB7, 0xB2, 0x00, 0x94, 0xB3, 0x00, 0x41, 0x59, 0x50, 0x50, 0x01,
	0xA3, 0xEF, 0x06, 0x41, 0x42, 0x59, 0x59, 0x02, 0x3F, 0x00, 0x00, 0x5D, 0x01, 0x00, 0x41, 0x35,
	0x35, 0x48, 0x01, 0x71, 0x00, 0x00, 0x41, 0x32, 0x52, 0x50, 0x00, 0x41, 0x43, 0x45, 0x45, 0x02,
	0x5D, 0x00, 0x00, 0x02, 0x01, 0x00, 0x41, 0x59, 0x57, 0x45, 0x02, 0x87, 0x00, 0x00, 0x54, 0x26,
	0x02, 0x41, 0x34, 0x44, 0x50, 0x02, 0x3F, 0x00, 0x00, 0xC5, 0x00, 0x00, 0x41, 0x36, 0x44, 0x50,
	0x02, 0x3F, 0x00, 0x00, 0xC6, 0x00, 0x00, 0x41, 0x4D, 0x51, 0x50, 0x02, 0x71, 0x00, 0x00, 0xB9,
	0x14, 0x00, 0x41, 0x38, 0x34, 0x4A, 0x02, 0x40, 0x00, 0x00, 0xE0, 0x06, 0x02, 0x41, 0x35, 0x44,
	0x50, 0x02, 0x3F, 0x00, 0x00, 0xC7, 0x00, 0x00, 0x41, 0x43, 0x59, 0x45, 0x02, 0x3F, 0x00, 0x00,
	0x74, 0x00, 0x00, 0x41, 0x43, 0x36, 0x50, 0x02, 0x8C, 0x00, 0x00, 0x8D, 0x01, 0x00, 0x41, 0x38,
	0x33, 0x4A, 0x02, 0x3F, 0x00, 0x00, 0x06, 0x01, 0x00, 0x41, 0x57, 0x57, 0x4A, 0x03, 0xA7, 0x00,
	0x00, 0xFD, 0x6E, 0x0D, 0x57, 0x32, 0x0F, 0x41, 0x45, 0x48, 0x4A, 0x02, 0x3F, 0x00, 0x00, 0x06,
	0x01, 0x00, 0x41, 0x38, 0x47, 0x4A, 0x02, 0x8C, 0x00, 0x00, 0x04, 0x04, 0x00, 0x41, 0x54, 0x33,
	0x44, 0x01, 0x9F, 0x49, 0x00, 0x41, 0x56, 0x45, 0x50, 0x02, 0x55, 0x00, 0x00, 0xCB, 0x9E, 0x0F,
	0x41, 0x48, 0x4C, 0x45, 0x02, 0x44, 0x00, 0x00, 0xE4, 0x59, 0x00, 0x41, 0x57, 0x39, 0x45, 0x02,
	0x46, 0x00, 0x00, 0xAB, 0x01, 0x00, 0x41, 0x50, 0x4A, 0x4A, 0x03, 0x3F, 0x00, 0x00, 0x22, 0x01,
	0x00, 0x61, 0x4D, 0x03, 0x41, 0x35, 0x57, 0x45, 0x02, 0xAB, 0x00, 0x00, 0xB5, 0x9A, 0x00, 0x41,
	0x4B, 0x38, 0x50, 0x02, 0x3F, 0x00, 0x00, 0x8D, 0x01, 0x00, 0x41, 0x32, 0x5A, 0x4A, 0x02, 0x89,
	0x00, 0x00, 0xDB, 0x00, 0x00, 0x41, 0x50, 0x38, 0x44, 0x01, 0x40, 0x00, 0x00, 0x41, 0x32, 0x47,
	0x50, 0x02, 0x3F, 0x00, 0x00, 0xAA, 0x0A, 0x00, 0x41, 0x33, 0x56, 0x45, 0x08, 0x7D, 0x00, 0x00,
	0x2D, 0x02, 0x00, 0x6E, 0xC9, 0x1B, 0xF1, 0xC9, 0x1B, 0x27, 0x67, 0x1C, 0xAF, 0x67, 0x1C, 0xD9,
	0xE4, 0x1C, 0x63, 0xE5, 0x1C, 0x41, 0x4B, 0x58, 0x44, 0x03, 0x8C, 0x00, 0x00, 0x0C, 0x01, 0x00,
	0x7B, 0x01, 0x00, 0x41, 0x4F, 0x34, 0x50, 0x03, 0x3F, 0x00, 0x00, 0xBC, 0xEB, 0x01, 0x0A, 0xEC,
	0x01, 0x41, 0x46, 0x4F, 0x50, 0x01, 0x71, 0x00, 0x00, 0x41, 0x57, 0x4F, 0x50, 0x01, 0x6C, 0x00,
	0x00, 0x41, 0x36, 0x4D, 0x50, 0x02, 0x71, 0x00, 0x00, 0xCE, 0x67, 0x01, 0x41, 0x4E, 0x4E, 0x4A,
	0x01, 0xC2, 0xF0, 0x00, 0x41, 0x4B, 0x32, 0x45, 0x02, 0x3F, 0x00, 0x00, 0x19, 0x20, 0x00, 0x41,
	0x48, 0x4C, 0x50, 0x02, 0x44, 0x00, 0x00, 0x38, 0x5A, 0x00, 0x41, 0x57, 0x44, 0x45, 0x01, 0xA6,
	0x00, 0x00, 0x41, 0x46, 0x4E, 0x4A, 0x02, 0x3F, 0x00, 0x00, 0xEA, 0x00, 0x00, 0x41, 0x57, 0x4E,
	0x4A, 0x02, 0x55, 0x00, 0x00, 0xC6, 0x3D, 0x0D, 0x41, 0x33, 0x43, 0x50, 0x01, 0x73, 0x00, 0x00,
	0x41, 0x46, 0x42, 0x50, 0x08, 0x3F, 0x00, 0x00, 0xFE, 0x00, 0x00, 0x91, 0xA5, 0x1D, 0xC8, 0xBC,
	0x1D, 0x6E, 0x67, 0x1E, 0xA5, 0x7E, 0x1E, 0xAC, 0x3A, 0x1F, 0xE3, 0x51, 0x1F, 0x41, 0x35, 0x4E,
	0x45, 0x04, 0x8C, 0x00, 0x00, 0xD7, 0x00, 0x00, 0x6B, 0xB0, 0x00, 0xDC, 0xB0, 0x00, 0x41, 0x4C,
	0x46, 0x50, 0x00, 0x41, 0x33, 0x50, 0x50, 0x02, 0xBF, 0x04, 0x00, 0xDC, 0x35, 0x00, 0x41, 0x4F,
	0x4D, 0x4A, 0x02, 0x83, 0x00, 0x00, 0x19, 0x02, 0x00, 0x41, 0x35, 0x44, 0x4A, 0x02, 0x3F, 0x00,
	0x00, 0xC7, 0x00, 0x00, 0x41, 0x57, 0x32, 0x45, 0x03, 0x87, 0x00, 0x00, 0xB9, 0x43, 0x00, 0x64,
	0x4E, 0x16, 0x41, 0x4C, 0x43, 0x45, 0x01, 0x5D, 0x00, 0x00, 0x41, 0x4E, 0x58, 0x45, 0x02, 0x80,
	0x00, 0x00, 0x68, 0x36, 0x00, 0x41, 0x36, 0x47, 0x4A, 0x04, 0x3F, 0x00, 0x00, 0xDA, 0x05, 0x00,
	0xE5, 0x53, 0x1D, 0x39, 0xC5, 0x1D, 0x41, 0x45, 0x4D, 0x50, 0x03, 0x75, 0x00, 0x00, 0x4F, 0x0C,
	0x00, 0x19, 0x5A, 0x03, 0x41, 0x55, 0x58, 0x50, 0x01, 0x54, 0x17, 0x03, 0x41, 0x42, 0x45, 0x50,
	0x02, 0x70, 0x00, 0x00, 0xD6, 0x0F, 0x00, 0x41, 0x32, 0x41, 0x50, 0x02, 0x3F, 0x00, 0x00, 0xC6,
	0x00, 0x00, 0x41, 0x4F, 0x4D, 0x50, 0x02, 0x83, 0x00, 0x00, 0x19, 0x02, 0x00, 0x41, 0x32, 0x55,
	0x4A, 0x04, 0x6B, 0x00, 0x00, 0xBC, 0x00, 0x00, 0x70, 0x00, 0x3C, 0x2A, 0x01, 0x3C, 0x41, 0x39,
	0x54, 0x4A, 0x02, 0x8B, 0x00, 0x00, 0x57, 0x05, 0x00, 0x41, 0x35, 0x55, 0x45, 0x02, 0x3F, 0x00,
	0x00, 0x3C, 0x01, 0x00, 0x41, 0x4F, 0x45, 0x45, 0x01, 0x4C, 0x00, 0x00, 0x41, 0x45, 0x58, 0x45,
	0x02, 0x3C, 0x00, 0x00, 0x2E, 0x01, 0x00, 0x41, 0x4A, 0x4C, 0x50, 0x02, 0x48, 0x00, 0x00, 0xFC,
	0x00, 0x00, 0x41, 0x48, 0x33, 0x50, 0x03, 0x66, 0x00, 0x00, 0x9B, 0x00, 0x00, 0xDC, 0x00, 0x00,
	0x41, 0x34, 0x52, 0x45, 0x02, 0x8C, 0x00, 0x00, 0x52, 0xC2, 0x01, 0x41, 0x38, 0x51, 0x45, 0x02,
	0x44, 0x00, 0x00, 0x41, 0x29, 0x00, 0x41, 0x33, 0x58, 0x45, 0x01, 0x7F, 0x00, 0x00, 0x41, 0x50,
	0x47, 0x50, 0x02, 0x9B, 0x00, 0x00, 0x55, 0xCA, 0x04, 0x41, 0x36, 0x42, 0x45, 0x01, 0x7F, 0x00,
	0x00, 0x41, 0x55, 0x58, 0x45, 0x01, 0xD7, 0x18, 0x03, 0x41, 0x4A, 0x52, 0x45, 0x01, 0xF4, 0x54,
	0x00, 0x41, 0x34, 0x41, 0x45, 0x02, 0x7A, 0x00, 0x00, 0x19, 0x02, 0x00, 0x41, 0x56, 0x59, 0x45,
	0x02, 0x3F, 0x00, 0x00, 0x07, 0x02, 0x00, 0x41, 0x4C, 0x46, 0x45, 0x00, 0x41, 0x51, 0x50, 0x44,
	0x02, 0x3F, 0x00, 0x00, 0x3E, 0x01, 0x00, 0x41, 0x46, 0x42, 0x4A, 0x08, 0x3F, 0x00, 0x00, 0xFE,
	0x00, 0x00, 0x86, 0x37, 0x1D, 0xA6, 0x4E, 0x1D, 0xE9, 0x01, 0x1E, 0x09, 0x19, 0x1E, 0x83, 0xDE,
	0x1E, 0xA3, 0xF5, 0x1E, 0x41, 0x38, 0x45, 0x4A, 0x03, 0x3F, 0x00, 0x00, 0x81, 0x01, 0x00, 0x6D,
	0x26, 0x01, 0x42, 0x48, 0x43, 0x4A, 0x02, 0x3F, 0x00, 0x00, 0x06, 0x01, 0x00, 0x42, 0x4B, 0x4B,
	0x4A, 0x02, 0x3F, 0x00, 0x00, 0xE8, 0x00, 0x00, 0x41, 0x46, 0x38, 0x58, 0x01, 0x55, 0x00, 0x00,
	0x41, 0x58, 0x50, 0x44, 0x02, 0xDD, 0x00, 0x00, 0x99, 0x01, 0x00, 0x41, 0x58, 0x34, 0x4A, 0x07,
	0x9E, 0x00, 0x00, 0xE4, 0x0A, 0x00, 0x76, 0x3B, 0x03, 0x53, 0x9F, 0x03, 0xB0, 0x9F, 0x03, 0x17,
	0xE8, 0x03, 0xF7, 0xE8, 0x03, 0x41, 0x56, 0x33, 0x45, 0x02, 0x70, 0x00, 0x00, 0x5A, 0x0A, 0x00,
	0x41, 0x54, 0x37, 0x50, 0x03, 0x70, 0x00, 0x00, 0x03, 0x0E, 0x00, 0x01, 0x4F, 0x00, 0x41, 0x32,
	0x39, 0x4A, 0x02, 0x3F, 0x00, 0x00, 0xAF, 0x22, 0x00, 0x42, 0x4B, 0x32, 0x4A, 0x02, 0x93, 0x00,
	0x00, 0xF9, 0x3A, 0x02, 0x42, 0x4B, 0x49, 0x4A, 0x02, 0x3F, 0x00, 0x00, 0x8D, 0x04, 0x00, 0x42,
	0x47, 0x42, 0x4A, 0x02, 0x82, 0x00, 0x00, 0xA6, 0x01, 0x00, 0x41, 0x38, 0x32, 0x4A, 0x02, 0x3F,
	0x00, 0x00, 0xE8, 0x00, 0x00, 0x41, 0x57, 0x39, 0x50, 0x02, 0x46, 0x00, 0x00, 0xAA, 0x01, 0x00,
	0x55, 0x33, 0x49, 0x4A, 0x02, 0xC5, 0x00, 0x00, 0xBF, 0xF6, 0x06, 0x41, 0x38, 0x36, 0x4A, 0x08,
	0x7D, 0x00, 0x00, 0x2D, 0x02, 0x00, 0x6F, 0xC9, 0x1B, 0xF2, 0xC9, 0x1B, 0x28, 0x67, 0x1C, 0xB0,
	0x67, 0x1C, 0xDA, 0xE4, 0x1C, 0x64, 0xE5, 0x1C, 0x41, 0x58, 0x56, 0x49, 0x02, 0xDD, 0x00, 0x00,
	0x99, 0x01, 0x00, 0x41, 0x58, 0x50, 0x49, 0x02, 0xDD, 0x00, 0x00, 0x99, 0x01, 0x00, 0x41, 0x58,
	0x56, 0x44, 0x02, 0xDD, 0x00, 0x00, 0x99, 0x01, 0x00, 0x41, 0x36, 0x4F, 0x4A, 0x02, 0x70, 0x00,
	0x00, 0x21, 0x04, 0x00, 0x41, 0x34, 0x4B, 0x4A, 0x02, 0x7A, 0x00, 0x00, 0x39, 0x02, 0x00, 0x41,
	0x58, 0x50, 0x53, 0x02, 0xDD, 0x00, 0x00, 0x99, 0x01, 0x00, 0x41, 0x58, 0x56, 0x53, 0x02, 0xDD,
	0x00, 0x00, 0x99, 0x01, 0x00, 0x41, 0x58, 0x50, 0x46, 0x02, 0xDD, 0x00, 0x00, 0x99, 0x01, 0x00,
	0x41, 0x35, 0x47, 0x4A, 0x02, 0x8C, 0x00, 0x00, 0x1B, 0x4B, 0x04, 0x41, 0x55, 0x32, 0x4A, 0x02,
	0x3F, 0x00, 0x00, 0xD4, 0x01, 0x00, 0x41, 0x58, 0x56, 0x46, 0x02, 0xDD, 0x00, 0x00, 0x99, 0x01,
	0x00, 0x41, 0x4A, 0x36, 0x4A, 0x02, 0x73, 0x00, 0x00, 0xA3, 0x19, 0x00, 0x41, 0x39, 0x43, 0x50,
	0x01, 0x68, 0x00, 0x00, 0x41, 0x4E, 0x38, 0x4A, 0x02, 0xC5, 0x00, 0x00, 0x8F, 0x01, 0x00, 0x42,
	0x50, 0x50, 0x4A, 0x02, 0x3F, 0x00, 0x00, 0x6C, 0x02, 0x00, 0x41, 0x43, 0x34, 0x4A, 0x02, 0x3F,
	0x00, 0x00, 0x70, 0xFB, 0x00, 0x41, 0x36, 0x53, 0x4A, 0x02, 0x3F, 0x00, 0x00, 0x17, 0x01, 0x00,
	0x41, 0x38, 0x39, 0x4A, 0x02, 0x6D, 0x00, 0x00, 0x26, 0x02, 0x00, 0x41, 0x59, 0x45, 0x4A, 0x02,
	0xB5, 0x11, 0x00, 0x1D, 0xFC, 0x00, 0x50, 0x53, 0x41, 0x4A, 0x05, 0x3F, 0x00, 0x00, 0x9D, 0x19,
	0x00, 0xB5, 0x19, 0x00, 0x8E, 0xFF, 0x00, 0xE9, 0x39, 0x01, 0x41, 0x38, 0x5A, 0x4A, 0x09, 0x49,
	0x00, 0x00, 0xD3, 0x00, 0x00, 0x6D, 0x65, 0x00, 0x4D, 0x6B, 0x00, 0x03, 0x75, 0x00, 0x27, 0x7E,
	0x00, 0xAD, 0x81, 0x00, 0xFE, 0xB3, 0x0C, 0x88, 0xB4, 0x0C, 0x41, 0x57, 0x54, 0x44, 0x01, 0x4C,
	0x00, 0x00, 0x41, 0x4F, 0x49, 0x45, 0x01, 0xBB, 0x03, 0x00, 0x41, 0x5A, 0x33, 0x4A, 0x04, 0x3F,
	0x00, 0x00, 0x4C, 0x15, 0x00, 0xB1, 0xE4, 0x00, 0xF3, 0xE6, 0x00, 0x41, 0x41, 0x39, 0x4A, 0x02,
	0x86, 0x00, 0x00, 0x0B, 0x03, 0x00, 0x42, 0x47, 0x4D, 0x4A, 0x03, 0x3F, 0x00, 0x00, 0xEB, 0x00,
	0x00, 0x9D, 0xAB, 0x18, 0x42, 0x57, 0x44, 0x4A, 0x02, 0x87, 0x00, 0x00, 0xB7, 0x03, 0x00, 0x42,
	0x4D, 0x44, 0x45, 0x02, 0xB2, 0x00, 0x00, 0x19, 0x07, 0x00, 0x42, 0x4D, 0x54, 0x45, 0x02, 0xAB,
	0x10, 0x00, 0xAA, 0xA9, 0x00, 0x41, 0x38, 0x53, 0x50, 0x00, 0x41, 0x34, 0x52, 0x50, 0x02, 0x8C,
	0x00, 0x00, 0x52, 0xC2, 0x01, 0x42, 0x50, 0x50, 0x45, 0x02, 0x3F, 0x00, 0x00, 0x6C, 0x02, 0x00,
	0x41, 0x56, 0x53, 0x4A, 0x04, 0x92, 0x00, 0x00, 0x11, 0x09, 0x00, 0x77, 0x35, 0x02, 0x8B, 0x35,
	0x02, 0x42, 0x4F, 0x42, 0x4A, 0x02, 0x69, 0x00, 0x00, 0x9D, 0x00, 0x00, 0x41, 0x57, 0x34, 0x45,
	0x01, 0x97, 0x00, 0x00, 0x41, 0x51, 0x4D, 0x50, 0x02, 0x3F, 0x00, 0x00, 0x04, 0x25, 0x00, 0x41,
	0x51, 0x48, 0x45, 0x02, 0x90, 0x00, 0x00, 0xEB, 0x00, 0x00, 0x41, 0x46, 0x58, 0x45, 0x02, 0x8F,
	0x00, 0x00, 0xE4, 0x00, 0x00, 0x42, 0x45, 0x53, 0x45, 0x01, 0x7E, 0x41, 0x00, 0x41, 0x56, 0x46,
	0x4A, 0x01, 0x19, 0x14, 0x00, 0x42, 0x47, 0x46, 0x4A, 0x02, 0x8C, 0x00, 0x00, 0x03, 0x04, 0x00,
	0x42, 0x46, 0x53, 0x45, 0x02, 0x9B, 0x00, 0x00, 0xB1, 0xB0, 0x00, 0x41, 0x5A, 0x5A, 0x45, 0x02,
	0x7A, 0x00, 0x00, 0x84, 0x02, 0x00, 0x42, 0x50, 0x57, 0x45, 0x02, 0x3F, 0x00, 0x00, 0x65, 0x01,
	0x00, 0x41, 0x59, 0x48, 0x50, 0x01, 0x3E, 0x00, 0x00, 0x41, 0x5A, 0x53, 0x45, 0x02, 0x70, 0x00,
	0x00, 0x53, 0xAE, 0x00, 0x41, 0x44, 0x42, 0x45, 0x02, 0x8C, 0x00, 0x00, 0xBD, 0x04, 0x00, 0x41,
	0x55, 0x45, 0x4A, 0x02, 0x3D, 0x00, 0x00, 0xC8, 0x85, 0x01, 0x42, 0x49, 0x4F, 0x45, 0x01, 0x4C,
	0x00, 0x00, 0x42, 0x4D, 0x4D, 0x45, 0x01, 0x40, 0x00, 0x00, 0x42, 0x4B, 0x5A, 0x45, 0x01, 0x9C,
	0x27, 0x00, 0x41, 0x57, 0x32, 0x50, 0x03, 0x87, 0x00, 0x00, 0xD2, 0x43, 0x00, 0xA9, 0x53, 0x18,
	0x41, 0x47, 0x46, 0x44, 0x02, 0x19, 0x01, 0x00, 0x15, 0x4D, 0x00, 0x42, 0x4F, 0x33, 0x4A, 0x02,
	0x3F, 0x00, 0x00, 0x06, 0x01, 0x00, 0x41, 0x4F, 0x54, 0x50, 0x01, 0x92, 0x47, 0x00, 0x42, 0x45,
	0x53, 0x58, 0x01, 0xE2, 0x41, 0x00, 0x41, 0x5A, 0x52, 0x50, 0x02, 0x98, 0x00, 0x00, 0x5F, 0x03,
	0x00, 0x55, 0x33, 0x49, 0x45, 0x02, 0xC5, 0x00, 0x00, 0x6A, 0xFC, 0x06, 0x41, 0x47, 0x46, 0x53,
	0x02, 0x19, 0x01, 0x00, 0x15, 0x4D, 0x00, 0x41, 0x47, 0x46, 0x46, 0x02, 0x19, 0x01, 0x00, 0x15,
	0x4D, 0x00, 0x41, 0x41, 0x4A, 0x4A, 0x02, 0x3F, 0x00, 0x00, 0x33, 0x01, 0x00, 0x42, 0x4F, 0x4A,
	0x4A, 0x02, 0x71, 0x00, 0x00, 0x02, 0x10, 0x01, 0x41, 0x38, 0x44, 0x4A, 0x03, 0x3F, 0x00, 0x00,
	0x71, 0x01, 0x00, 0xAC, 0x25, 0x00, 0x42, 0x44, 0x38, 0x45, 0x02, 0x7A, 0x00, 0x00, 0x7B, 0x02,
	0x00, 0x41, 0x51, 0x58, 0x45, 0x02, 0x8C, 0x00, 0x00, 0x8D, 0xEE, 0x00, 0x42, 0x54, 0x51, 0x4A,
	0x02, 0x3F, 0x00, 0x00, 0x0B, 0x01, 0x00, 0x42, 0x44, 0x59, 0x4A, 0x03, 0x98, 0x00, 0x00, 0xF9,
	0x03, 0x03, 0x0A, 0x04, 0x03, 0x42, 0x44, 0x48, 0x4A, 0x03, 0x98, 0x00, 0x00, 0x0B, 0x04, 0x03,
	0x1C, 0x04, 0x03, 0x41, 0x49, 0x38, 0x45, 0x01, 0x4C, 0x00, 0x00, 0x41, 0x39, 0x52, 0x45, 0x02,
	0x55, 0x00, 0x00, 0x0A, 0x1C, 0x0C, 0x41, 0x34, 0x41, 0x58, 0x02, 0x7A, 0x00, 0x00, 0x16, 0x02,
	0x00, 0x41, 0x47, 0x46, 0x49, 0x02, 0x19, 0x01, 0x00, 0x15, 0x4D, 0x00, 0x42, 0x44, 0x49, 0x4A,
	0x02, 0x3F, 0x00, 0x00, 0x06, 0x01, 0x00, 0x41, 0x39, 0x4E, 0x58, 0x00, 0x41, 0x37, 0x4B, 0x50,
	0x2A, 0x85, 0x00, 0x00, 0xCE, 0x01, 0x00, 0x62, 0xA9, 0x26, 0xC8, 0xA9, 0x26, 0x87, 0xBA, 0x26,
	0xED, 0xBA, 0x26, 0x99, 0xCB, 0x26, 0xFF, 0xCB, 0x26, 0xA1, 0xDC, 0x26, 0x07, 0xDD, 0x26, 0x98,
	0xED, 0x26, 0xFE, 0xED, 0x26, 0x90, 0xFE, 0x26, 0xD1, 0xFF, 0x26, 0x43, 0x96, 0x27, 0x84, 0x97,
	0x27, 0xF1, 0x2D, 0x28, 0x32, 0x2F, 0x28, 0xFF, 0xC5, 0x28, 0x40, 0xC7, 0x28, 0xD2, 0x5D, 0x29,
	0x13, 0x5F, 0x29, 0xB5, 0xF5, 0x29, 0xF6, 0xF6, 0x29, 0x7F, 0xA3, 0x2A, 0xC0, 0xA4, 0x2A, 0x4C,
	0x51, 0x2B, 0x8D, 0x52, 0x2B, 0x6F, 0xFF, 0x2B, 0xB0, 0x00, 0x2C, 0x4B, 0xAD, 0x2C, 0x8C, 0xAE,
	0x2C, 0x19, 0x5B, 0x2D, 0x5A, 0x5C, 0x2D, 0xFF, 0xDF, 0x2D, 0x40, 0xE1, 0x2D, 0x9D, 0x65, 0x2E,
	0xDE, 0x66, 0x2E, 0x19, 0xEC, 0x2E, 0x5A, 0xED, 0x2E, 0xCE, 0x71, 0x2F, 0x0F, 0x73, 0x2F, 0x42,
	0x4A, 0x4E, 0x45, 0x01, 0x40, 0x00, 0x00, 0x41, 0x35, 0x57, 0x46, 0x02, 0xAB, 0x00, 0x00, 0x2B,
	0x9B, 0x00, 0x42, 0x44, 0x53, 0x45, 0x01, 0xBD, 0x00, 0x00, 0x42, 0x42, 0x44, 0x45, 0x02, 0x70,
	0x00, 0x00, 0x37, 0x0D, 0x00, 0x41, 0x4A, 0x38, 0x4A, 0x01, 0xF8, 0x64, 0x00, 0x42, 0x4F, 0x44,
	0x45, 0x04, 0x3F, 0x00, 0x00, 0x2C, 0x01, 0x00, 0xDA, 0x28, 0x04, 0xB8, 0x3C, 0x04, 0x41, 0x42,
	0x44, 0x50, 0x04, 0x3F, 0x00, 0x00, 0x0F, 0x01, 0x00, 0x8B, 0x9A, 0x01, 0x52, 0xA7, 0x01, 0x41,
	0x36, 0x42, 0x50, 0x01, 0x7F, 0x00, 0x00, 0x42, 0x5A, 0x44, 0x4A, 0x02, 0x69, 0x00, 0x00, 0x92,
	0x08, 0x00, 0x41, 0x35, 0x54, 0x4A, 0x02, 0x71, 0x00, 0x00, 0x4C, 0xA6, 0x02, 0x41, 0x58, 0x34,
	0x50, 0x07, 0x9E, 0x00, 0x00, 0xE4, 0x0A, 0x00, 0x08, 0x50, 0x03, 0x8F, 0xB4, 0x03, 0xEC, 0xB4,
	0x03, 0xBD, 0xFD, 0x03, 0x9E, 0xFE, 0x03, 0x41, 0x48, 0x39, 0x50, 0x02, 0x3F, 0x00, 0x00, 0x1E,
	0x01, 0x00, 0x42, 0x42, 0x46, 0x4A, 0x02, 0x3F, 0x00, 0x00, 0x58, 0x06, 0x00, 0x41, 0x38, 0x51,
	0x50, 0x02, 0x44, 0x00, 0x00, 0x41, 0x29, 0x00, 0x41, 0x46, 0x58, 0x50, 0x02, 0x8F, 0x00, 0x00,
	0xEF, 0x00, 0x00, 0x42, 0x4C, 0x4B, 0x45, 0x01, 0x3C, 0x71, 0x00, 0x41, 0x51, 0x58, 0x50, 0x02,
	0x8C, 0x00, 0x00, 0x8D, 0xEE, 0x00, 0x42, 0x51, 0x44, 0x45, 0x02, 0x71, 0x00, 0x00, 0x63, 0x04,
	0x00, 0x41, 0x4E, 0x4D, 0x50, 0x02, 0x86, 0x00, 0x00, 0x28, 0x60, 0x01, 0x42, 0x59, 0x48, 0x45,
	0x02, 0x3F, 0x00, 0x00, 0x90, 0xF3, 0x00, 0x41, 0x51, 0x44, 0x45, 0x02, 0x3F, 0x00, 0x00, 0x56,
	0x00, 0x00, 0x41, 0x43, 0x35, 0x45, 0x03, 0x98, 0x00, 0x00, 0x4D, 0xC6, 0x02, 0x5E, 0xC6, 0x02,
	0x41, 0x4C, 0x34, 0x45, 0x03, 0x98, 0x00, 0x00, 0x39, 0xC6, 0x02, 0x4A, 0xC6, 0x02, 0x41, 0x49,
	0x38, 0x50, 0x01, 0x4C, 0x00, 0x00, 0x41, 0x33, 0x58, 0x50, 0x01, 0x7F, 0x00, 0x00, 0x42, 0x4D,
	0x41, 0x4A, 0x02, 0x99, 0x00, 0x00, 0x54, 0x01, 0x00, 0x42, 0x4F, 0x4D, 0x4A, 0x47, 0x66, 0x00,
	0x00, 0xA1, 0x98, 0x00, 0x66, 0x80, 0x03, 0x02, 0x9C, 0x03, 0x66, 0xE0, 0x03, 0x34, 0x3B, 0x04,
	0x3F, 0x00, 0x0B, 0x9A, 0x01, 0x0B, 0x37, 0x02, 0x0B, 0x67, 0x6F, 0x0B, 0xF0, 0x94, 0x0B, 0x8E,
	0x95, 0x0B, 0x1A, 0x00, 0x0C, 0xCD, 0x23, 0x0C, 0x6A, 0x24, 0x0C, 0xB8, 0x8A, 0x0C, 0x65, 0xAC,
	0x0C, 0x03, 0xAD, 0x0C, 0xA8, 0x25, 0x0D, 0xE6, 0x45, 0x0D, 0x83, 0x46, 0x0D, 0xAE, 0xE8, 0x0D,
	0x14, 0x0E, 0x0E, 0xB1, 0x0E, 0x0E, 0x98, 0x6F, 0x0E, 0x05, 0xC6, 0x0E, 0xA3, 0xC6, 0x0E, 0x78,
	0x7E, 0x0F, 0x11, 0xA2, 0x0F, 0xAE, 0xA2, 0x0F, 0x7F, 0x43, 0x10, 0x39, 0x64, 0x10, 0xD7, 0x64,
	0x10, 0xB5, 0xF5, 0x10, 0xE0, 0x18, 0x11, 0x29, 0x19, 0x11, 0x68, 0x1E, 0x11, 0xC8, 0x34, 0x11,
	0x27, 0x3A, 0x11, 0xC3, 0xAA, 0x11, 0x61, 0xAB, 0x11, 0x49, 0x35, 0x12, 0x09, 0x61, 0x12, 0x52,
	0x61, 0x12, 0x35, 0x72, 0x12, 0x95, 0x88, 0x12, 0xF4, 0x8D, 0x12, 0xDF, 0x09, 0x13, 0x7D, 0x0A,
	0x13, 0x2E, 0xAC, 0x13, 0x07, 0xDE, 0x13, 0xA5, 0xDE, 0x13, 0xDC, 0x7C, 0x14, 0x4C, 0xBB, 0x14,
	0x95, 0xBB, 0x14, 0x3A, 0xC9, 0x14, 0x9A, 0xDF, 0x14, 0xF9, 0xE4, 0x14, 0x0A, 0x60, 0x15, 0x53,
	0x60, 0x15, 0x9F, 0x74, 0x15, 0xFF, 0x8A, 0x15, 0x5E, 0x90, 0x15, 0x0F, 0x0D, 0x16, 0xAD, 0x0D,
	0x16, 0x1D, 0xA3, 0x16, 0x56, 0xD4, 0x16, 0xF4, 0xD4, 0x16, 0xB5, 0x32, 0x17, 0x98, 0x9C, 0x17,
	0x68, 0x9E, 0x17, 0x41, 0x36, 0x32, 0x45, 0x02, 0x6D, 0x00, 0x00, 0xB2, 0x02, 0x00, 0x42, 0x4A,
	0x55, 0x45, 0x01, 0x40, 0x00, 0x00, 0x42, 0x4D, 0x50, 0x4A, 0x02, 0x3F, 0x00, 0x00, 0x6E, 0x1D,
	0x00, 0x42, 0x4B, 0x47, 0x4A, 0x02, 0x3F, 0x00, 0x00, 0x06, 0x01, 0x00, 0x42, 0x4D, 0x52, 0x4A,
	0x02, 0x7D, 0x00, 0x00, 0x34, 0x4A, 0x00, 0x41, 0x58, 0x34, 0x45, 0x07, 0x9E, 0x00, 0x00, 0xE4,
	0x0A, 0x00, 0xAF, 0x41, 0x03, 0x4A, 0xA5, 0x03, 0xA7, 0xA5, 0x03, 0x78, 0xEE, 0x03, 0x59, 0xEF,
	0x03, 0x42, 0x4E, 0x54, 0x45, 0x02, 0x8C, 0x00, 0x00, 0xA0, 0x33, 0x00, 0x41, 0x4F, 0x52, 0x4A,
	0x02, 0x3F, 0x00, 0x00, 0xCE, 0xCC, 0x01, 0x42, 0x50, 0x57, 0x50, 0x02, 0x3F, 0x00, 0x00, 0x65,
	0x01, 0x00, 0x42, 0x4B, 0x5A, 0x58, 0x01, 0x98, 0x27, 0x00, 0x41, 0x56, 0x44, 0x4A, 0x02, 0x3F,
	0x00, 0x00, 0x15, 0x01, 0x00, 0x42, 0x44, 0x50, 0x45, 0x01, 0x5D, 0x00, 0x00, 0x42, 0x49, 0x4F,
	0x50, 0x01, 0x4C, 0x00, 0x00, 0x41, 0x51, 0x50, 0x46, 0x02, 0x3F, 0x00, 0x00, 0x3E, 0x01, 0x00,
	0x42, 0x4C, 0x4D, 0x45, 0x02, 0x78, 0x00, 0x00, 0xCA, 0x00, 0x00, 0x42, 0x54, 0x47, 0x58, 0x02,
	0xB5, 0x11, 0x00, 0x15, 0xFC, 0x00, 0x42, 0x41, 0x54, 0x45, 0x03, 0x3F, 0x00, 0x00, 0xB8, 0x25,
	0x02, 0x07, 0x26, 0x02, 0x42, 0x4C, 0x4B, 0x50, 0x01, 0x96, 0x71, 0x00, 0x41, 0x4F, 0x57, 0x45,
	0x02, 0x3F, 0x00, 0x00, 0x2A, 0x05, 0x00, 0x42, 0x54, 0x4F, 0x45, 0x01, 0xB4, 0xC1, 0x00, 0x42,
	0x41, 0x41, 0x45, 0x02, 0x71, 0x00, 0x00, 0xCD, 0x04, 0x00, 0x41, 0x36, 0x32, 0x50, 0x02, 0x6D,
	0x00, 0x00, 0xB2, 0x02, 0x00, 0x42, 0x46, 0x4A, 0x45, 0x02, 0x3F, 0x00, 0x00, 0x87, 0x00, 0x00,
	0x42, 0x54, 0x47, 0x45, 0x02, 0xB5, 0x11, 0x00, 0x61, 0xFB, 0x00, 0x42, 0x48, 0x50, 0x45, 0x02,
	0x55, 0x00, 0x00, 0x5C, 0x76, 0x17, 0x42, 0x50, 0x59, 0x45, 0x03, 0x3F, 0x00, 0x00, 0xC4, 0x44,
	0x02, 0x11, 0x45, 0x02, 0x42, 0x53, 0x51, 0x45, 0x01, 0xC4, 0x8F, 0x00, 0x41, 0x5A, 0x48, 0x50,
	0x02, 0x89, 0x00, 0x00, 0xC6, 0x00, 0x00, 0x41, 0x45, 0x37, 0x45, 0x02, 0x87, 0x00, 0x00, 0xEB,
	0x02, 0x00, 0x42, 0x4C, 0x52, 0x45, 0x02, 0x4E, 0x00, 0x00, 0xB5, 0xA8, 0x00, 0x42, 0x46, 0x49,
	0x45, 0x02, 0x3F, 0x00, 0x00, 0xF9, 0x0E, 0x00, 0x41, 0x33, 0x56, 0x50, 0x08, 0x7D, 0x00, 0x00,
	0x2D, 0x02, 0x00, 0x6E, 0xC9, 0x1B, 0xF1, 0xC9, 0x1B, 0x27, 0x67, 0x1C, 0xAF, 0x67, 0x1C, 0xD9,
	0xE4, 0x1C, 0x63, 0xE5, 0x1C, 0x41, 0x59, 0x37, 0x45, 0x02, 0x86, 0x00, 0x00, 0xD5, 0x0E, 0x00,
	0x42, 0x42, 0x52, 0x45, 0x01, 0x42, 0x86, 0x00, 0x41, 0x46, 0x36, 0x45, 0x01, 0x40, 0x00, 0x00,
	0x41, 0x51, 0x54, 0x45, 0x02, 0x3F, 0x00, 0x00, 0x9A, 0x05, 0x00, 0x42, 0x50, 0x50, 0x50, 0x02,
	0x3F, 0x00, 0x00, 0x6C, 0x02, 0x00, 0x41, 0x38, 0x38, 0x50, 0x09, 0x41, 0x00, 0x00, 0x63, 0x5F,
	0x00, 0x9E, 0x40, 0x3D, 0xC2, 0x41, 0x3D, 0x1A, 0x6E, 0x3D, 0x66, 0xBE, 0x3D, 0xC3, 0xBE, 0x3D,
	0xD3, 0xF8, 0x3D, 0xA3, 0xF9, 0x3D, 0x42, 0x53, 0x48, 0x4A, 0x02, 0x71, 0x00, 0x00, 0x84, 0x47,
	0x00, 0x41, 0x59, 0x44, 0x50, 0x03, 0x88, 0x00, 0x00, 0x48, 0x01, 0x00, 0xE3, 0xB2, 0x00, 0x42,
	0x54, 0x57, 0x45, 0x01, 0x9C, 0x2D, 0x01, 0x41, 0x56, 0x59, 0x46, 0x02, 0x3F, 0x00, 0x00, 0x07,
	0x02, 0x00, 0x42, 0x53, 0x58, 0x45, 0x02, 0xFA, 0x00, 0x00, 0xAF, 0x0D, 0x00, 0x42, 0x50, 0x59,
	0x50, 0x03, 0x3F, 0x00, 0x00, 0x32, 0x45, 0x02, 0x7F, 0x45, 0x02, 0x42, 0x45, 0x59, 0x50, 0x02,
	0x9B, 0x00, 0x00, 0x69, 0x5E, 0x01, 0x41, 0x39, 0x4B, 0x4A, 0x01, 0x4F, 0x13, 0x00, 0x42, 0x4D,
	0x4A, 0x4A, 0x04, 0x3F, 0x00, 0x00, 0x1F, 0x02, 0x00, 0xBB, 0xD8, 0x05, 0x19, 0xDA, 0x05, 0x41,
	0x38, 0x35, 0x4A, 0x02, 0x8C, 0x00, 0x00, 0x64, 0x91, 0x00, 0x42, 0x4D, 0x5A, 0x4A, 0x03, 0x3F,
	0x00, 0x00, 0x88, 0x10, 0x00, 0xF5, 0x10, 0x00, 0x41, 0x36, 0x4F, 0x45, 0x02, 0x70, 0x00, 0x00,
	0x21, 0x04, 0x00, 0x42, 0x4A, 0x4C, 0x45, 0x02, 0x9B, 0x00, 0x00, 0x1C, 0x7D, 0x02, 0x41, 0x4E,
	0x52, 0x45, 0x00, 0x41, 0x51, 0x4D, 0x45, 0x02, 0x3F, 0x00, 0x00, 0x04, 0x25, 0x00, 0x42, 0x43,
	0x4E, 0x45, 0x01, 0xD2, 0xA8, 0x00, 0x41, 0x56, 0x45, 0x45, 0x02, 0x55, 0x00, 0x00, 0x84, 0xCA,
	0x0F, 0x41, 0x48, 0x39, 0x45, 0x02, 0x3F, 0x00, 0x00, 0x1E, 0x01, 0x00, 0x41, 0x57, 0x4E, 0x45,
	0x02, 0x55, 0x00, 0x00, 0xCF, 0x22, 0x0D, 0x42, 0x44, 0x44, 0x45, 0x02, 0x3F, 0x00, 0x00, 0xDA,
	0x00, 0x00, 0x41, 0x56, 0x53, 0x45, 0x04, 0x92, 0x00, 0x00, 0x0D, 0x09, 0x00, 0x07, 0x36, 0x02,
	0x1B, 0x36, 0x02, 0x41, 0x34, 0x4E, 0x45, 0x01, 0x3B, 0x01, 0x00, 0x41, 0x5A, 0x49, 0x58, 0x01,
	0xAD, 0x82, 0x00, 0x41, 0x4F, 0x57, 0x50, 0x02, 0x3F, 0x00, 0x00, 0x2A, 0x05, 0x00, 0x42, 0x4C,
	0x54, 0x45, 0x01, 0x62, 0x00, 0x00, 0x42, 0x4D, 0x33, 0x4A, 0x02, 0x3F, 0x00, 0x00, 0xA0, 0x00,
	0x00, 0x41, 0x56, 0x33, 0x50, 0x02, 0x70, 0x00, 0x00, 0x74, 0x0A, 0x00, 0x41, 0x45, 0x59, 0x50,
	0x02, 0x70, 0x00, 0x00, 0xF2, 0x0D, 0x00, 0x42, 0x4A, 0x42, 0x45, 0x01, 0x5A, 0x00, 0x00, 0x42,
	0x4D, 0x48, 0x45, 0x01, 0x47, 0x00, 0x00, 0x41, 0x38, 0x38, 0x45, 0x09, 0x41, 0x00, 0x00, 0x5E,
	0x5F, 0x00, 0x9E, 0x40, 0x3D, 0xC2, 0x41, 0x3D, 0x1A, 0x6E, 0x3D, 0x66, 0xBE, 0x3D, 0xC3, 0xBE,
	0x3D, 0xD3, 0xF8, 0x3D, 0xA3, 0xF9, 0x3D, 0x41, 0x4F, 0x33, 0x50, 0x02, 0x3F, 0x00, 0x00, 0x5A,
	0x05, 0x00, 0x42, 0x45, 0x59, 0x45, 0x02, 0x9B, 0x00, 0x00, 0x60, 0x5E, 0x01, 0x41, 0x4F, 0x33,
	0x45, 0x02, 0x3F, 0x00, 0x00, 0x82, 0x01, 0x00, 0x42, 0x43, 0x4D, 0x45, 0x02, 0x71, 0x00, 0x00,
	0xB6, 0x0A, 0x00, 0x42, 0x53, 0x57, 0x45, 0x02, 0x5B, 0x00, 0x00, 0xF9, 0x18, 0x00, 0x41, 0x38,
	0x38, 0x4A, 0x09, 0x41, 0x00, 0x00, 0x63, 0x5F, 0x00, 0x9E, 0x40, 0x3D, 0xC2, 0x41, 0x3D, 0x66,
	0x6E, 0x3D, 0xA4, 0xBE, 0x3D, 0x01, 0xBF, 0x3D, 0xA7, 0xF8, 0x3D, 0x77, 0xF9, 0x3D, 0x42, 0x53,
	0x57, 0x50, 0x02, 0x5B, 0x00, 0x00, 0xF9, 0x18, 0x00, 0x42, 0x48, 0x50, 0x4A, 0x02, 0x55, 0x00,
	0x00, 0x5C, 0x76, 0x17, 0x41, 0x35, 0x43, 0x50, 0x02, 0x91, 0x00, 0x00, 0x7E, 0x6A, 0x02, 0x42,
	0x4D, 0x4C, 0x45, 0x02, 0x3F, 0x00, 0x00, 0xF7, 0x03, 0x0C, 0x42, 0x55, 0x53, 0x45, 0x01, 0x5D,
	0x00, 0x00, 0x42, 0x49, 0x44, 0x45, 0x01, 0x4C, 0x00, 0x00, 0x42, 0x4E, 0x54, 0x50, 0x02, 0x8C,
	0x00, 0x00, 0xB0, 0x33, 0x00, 0x42, 0x48, 0x57, 0x45, 0x01, 0x3F, 0x00, 0x00, 0x42, 0x46, 0x5A,
	0x4A, 0x03, 0x8D, 0x00, 0x00, 0x48, 0xF9, 0x00, 0xEE, 0x94, 0x01, 0x42, 0x43, 0x4E, 0x50, 0x01,
	0xA3, 0xB1, 0x00, 0x42, 0x47, 0x41, 0x4A, 0x02, 0x71, 0x00, 0x00, 0xD3, 0x00, 0x00, 0x42, 0x48,
	0x57, 0x50, 0x01, 0x3F, 0x00, 0x00, 0x42, 0x4F, 0x44, 0x44, 0x02, 0x3F, 0x00, 0x00, 0x30, 0x01,
	0x00, 0x42, 0x44, 0x42, 0x45, 0x02, 0xA9, 0x00, 0x00, 0x8C, 0x33, 0x05, 0x41, 0x51, 0x44, 0x50,
	0x02, 0x3F, 0x00, 0x00, 0x56, 0x00, 0x00, 0x41, 0x57, 0x59, 0x45, 0x01, 0x96, 0x00, 0x00, 0x42,
	0x45, 0x52, 0x45, 0x02, 0x8C, 0x00, 0x00, 0xF4, 0x49, 0x00, 0x42, 0x50, 0x4D, 0x50, 0x02, 0x3F,
	0x00, 0x00, 0x84, 0xA0, 0x08, 0x41, 0x49, 0x48, 0x50, 0x01, 0x71, 0x00, 0x00, 0x41, 0x34, 0x58,
	0x4A, 0x03, 0x3F, 0x00, 0x00, 0x7F, 0x01, 0x00, 0xF7, 0x24, 0x00, 0x41, 0x34, 0x57, 0x4A, 0x03,
	0x3F, 0x00, 0x00, 0x7F, 0x01, 0x00, 0xF7, 0x24, 0x00, 0x41, 0x36, 0x4F, 0x50, 0x02, 0x70, 0x00,
	0x00, 0x21, 0x04, 0x00, 0x42, 0x4C, 0x4D, 0x50, 0x02, 0x78, 0x00, 0x00, 0xCE, 0x00, 0x00, 0x42,
	0x50, 0x36, 0x4A, 0x02, 0x87, 0x00, 0x00, 0xD1, 0x00, 0x00, 0x42, 0x59, 0x59, 0x45, 0x02, 0x71,
	0x00, 0x00, 0x3A, 0x01, 0x00, 0x42, 0x53, 0x42, 0x4A, 0x06, 0x3F, 0x00, 0x00, 0x77, 0x58, 0x00,
	0x92, 0x58, 0x00, 0xCB, 0x58, 0x00, 0x38, 0x61, 0x00, 0x1F, 0x68, 0x3A, 0x42, 0x50, 0x5A, 0x4A,
	0x02, 0x70, 0x00, 0x00, 0x03, 0xB3, 0x00, 0x42, 0x49, 0x44, 0x44, 0x01, 0x4C, 0x00, 0x00, 0x41,
	0x53, 0x49, 0x45, 0x02, 0x44, 0x00, 0x00, 0x26, 0x7E, 0x00, 0x42, 0x41, 0x56, 0x45, 0x01, 0x5E,
	0x00, 0x00, 0x42, 0x55, 0x57, 0x45, 0x02, 0x67, 0x00, 0x00, 0x63, 0xE8, 0x0B, 0x41, 0x51, 0x57,
	0x45, 0x09, 0xB3, 0x5C, 0x00, 0xE6, 0x31, 0x07, 0x69, 0x35, 0x07, 0x17, 0xA5, 0x07, 0x9A, 0xA8,
	0x07, 0xC3, 0x23, 0x08, 0x46, 0x27, 0x08, 0x06, 0xA5, 0x08, 0x89, 0xA8, 0x08, 0x42, 0x49, 0x53,
	0x4A, 0x01, 0x3F, 0x00, 0x00, 0x42, 0x50, 0x53, 0x4A, 0x03, 0x3F, 0x00, 0x00, 0x17, 0x01, 0x00,
	0xDE, 0x27, 0x00, 0x42, 0x53, 0x44, 0x50, 0x01, 0x68, 0x00, 0x00, 0x42, 0x34, 0x42, 0x4A, 0x01,
	0x77, 0x00, 0x00, 0x42, 0x34, 0x57, 0x4A, 0x01, 0x77, 0x00, 0x00, 0x42, 0x50, 0x54, 0x45, 0x02,
	0x3F, 0x00, 0x00, 0x08, 0x01, 0x00, 0x42, 0x4B, 0x33, 0x4A, 0x01, 0x3F, 0x00, 0x00, 0x41, 0x34,
	0x47, 0x4A, 0x02, 0x4F, 0x00, 0x00, 0x4F, 0x08, 0x00, 0x42, 0x46, 0x47, 0x4A, 0x01, 0x40, 0x01,
	0x00, 0x42, 0x53, 0x53, 0x45, 0x01, 0x71, 0x19, 0x00, 0x42, 0x33, 0x4B, 0x4A, 0x02, 0x93, 0x00,
	0x00, 0x47, 0xF3, 0x01, 0x42, 0x47, 0x4B, 0x4A, 0x02, 0x3F, 0x00, 0x00, 0xCC, 0x00, 0x00, 0x42,
	0x4D, 0x59, 0x4A, 0x02, 0x8C, 0x00, 0x00, 0x1A, 0x2E, 0x00, 0x41, 0x35, 0x4E, 0x4A, 0x04, 0x8C,
	0x00, 0x00, 0xD7, 0x00, 0x00, 0xA4, 0xB2, 0x00, 0x81, 0xB3, 0x00, 0x42, 0x46, 0x4E, 0x4A, 0x01,
	0xAB, 0x8B, 0x00, 0x42, 0x54, 0x41, 0x4A, 0x02, 0x72, 0x00, 0x00, 0x48, 0x3D, 0x00, 0x41, 0x35,
	0x44, 0x45, 0x02, 0x3F, 0x00, 0x00, 0xC7, 0x00, 0x00, 0x41, 0x43, 0x38, 0x4A, 0x01, 0xCE, 0x01,
	0x00, 0x42, 0x4D, 0x45, 0x45, 0x01, 0x4C, 0x00, 0x00, 0x42, 0x54, 0x54, 0x4A, 0x02, 0x3F, 0x00,
	0x00, 0x42, 0x32, 0x00, 0x42, 0x44, 0x52, 0x4A, 0x03, 0x3F, 0x00, 0x00, 0x23, 0x01, 0x00, 0x6B,
	0xE2, 0x13, 0x42, 0x4E, 0x53, 0x45, 0x02, 0x82, 0x00, 0x00, 0x0E, 0xBE, 0x01, 0x42, 0x53, 0x35,
	0x4A, 0x02, 0x3F, 0x00, 0x00, 0x66, 0xA9, 0x00, 0x42, 0x53, 0x34, 0x4A, 0x04, 0x3F, 0x00, 0x00,
	0x38, 0x31, 0x00, 0x93, 0xCF, 0x01, 0xFF, 0xE4, 0x01, 0x42, 0x57, 0x4D, 0x4A, 0x02, 0x3F, 0x00,
	0x00, 0x06, 0x01, 0x00, 0x42, 0x41, 0x4D, 0x4A, 0x02, 0x3F, 0x00, 0x00, 0xD6, 0x6F, 0x00, 0x41,
	0x35, 0x43, 0x45, 0x02, 0x91, 0x00, 0x00, 0x50, 0x69, 0x02, 0x41, 0x4C, 0x52, 0x50, 0x03, 0x3F,
	0x00, 0x00, 0x08, 0x2D, 0x00, 0x1D, 0x32, 0x00, 0x41, 0x41, 0x52, 0x50, 0x01, 0xB9, 0xE9, 0x00,
	0x41, 0x54, 0x4B, 0x50, 0x02, 0x8A, 0x00, 0x00, 0xBE, 0x01, 0x00, 0x42, 0x4D, 0x4F, 0x4A, 0x04,
	0x3F, 0x00, 0x00, 0xD6, 0x00, 0x00, 0x3F, 0x00, 0x6C, 0xDD, 0x00, 0x6C, 0x41, 0x47, 0x45, 0x45,
	0x02, 0x76, 0x00, 0x00, 0xBF, 0x00, 0x00, 0x41, 0x57, 0x49, 0x50, 0x1D, 0x8C, 0x00, 0x00, 0x79,
	0x12, 0x00, 0xA8, 0x13, 0x00, 0xD7, 0x14, 0x00, 0x05, 0x16, 0x00, 0x33, 0x17, 0x00, 0x61, 0x18,
	0x00, 0x90, 0x19, 0x00, 0xCA, 0x1A, 0x00, 0xF8, 0x1B, 0x00, 0x9F, 0x22, 0x00, 0xB5, 0x0B, 0x02,
	0x39, 0x0C, 0x02, 0x10, 0xCF, 0x02, 0x96, 0xCF, 0x02, 0x01, 0xBA, 0x03, 0x85, 0xBA, 0x03, 0xB6,
	0x92, 0x04, 0x3A, 0x93, 0x04, 0x34, 0x73, 0x05, 0xBD, 0x73, 0x05, 0x76, 0x49, 0x06, 0xFC, 0x49,
	0x06, 0x7F, 0x3D, 0x07, 0x03, 0x3E, 0x07, 0x87, 0x25, 0x08, 0x0D, 0x26, 0x08, 0x6F, 0xF6, 0x08,
	0xF5, 0xF6, 0x08, 0x41, 0x47, 0x34, 0x4A, 0x04, 0x7B, 0x00, 0x00, 0x22, 0x01, 0x00, 0x4B, 0x31,
	0x01, 0xF3, 0x31, 0x01, 0x42, 0x53, 0x42, 0x45, 0x06, 0x3F, 0x00, 0x00, 0x89, 0x58, 0x00, 0xA4,
	0x58, 0x00, 0xDD, 0x58, 0x00, 0x4A, 0x61, 0x00, 0xBE, 0x6B, 0x3C, 0x42, 0x48, 0x59, 0x4A, 0x02,
	0x71, 0x00, 0x00, 0x01, 0xD2, 0x00, 0x41, 0x48, 0x55, 0x45, 0x02, 0x3F, 0x00, 0x00, 0xD7, 0x01,
	0x00, 0x42, 0x46, 0x53, 0x50, 0x02, 0x9B, 0x00, 0x00, 0xB9, 0xB0, 0x00, 0x41, 0x39, 0x52, 0x50,
	0x02, 0x55, 0x00, 0x00, 0x0C, 0x1C, 0x0C, 0x42, 0x47, 0x44, 0x45, 0x02, 0x55, 0x00, 0x00, 0x1D,
	0x81, 0x1A, 0x41, 0x33, 0x4A, 0x4A, 0x01, 0x78, 0x00, 0x00, 0x41, 0x57, 0x53, 0x45, 0x02, 0x40,
	0x00, 0x00, 0xB6, 0x09, 0x00, 0x42, 0x34, 0x50, 0x4A, 0x02, 0x44, 0x00, 0x00, 0x7D, 0x7E, 0x00,
	0x42, 0x50, 0x52, 0x4A, 0x02, 0x90, 0x00, 0x00, 0xBB, 0x01, 0x00, 0x41, 0x56, 0x5A, 0x50, 0x00,
	0x42, 0x50, 0x47, 0x4A, 0x02, 0x90, 0x00, 0x00, 0xBB, 0x01, 0x00, 0x42, 0x4D, 0x4D, 0x50, 0x01,
	0x40, 0x00, 0x00, 0x41, 0x59, 0x37, 0x50, 0x02, 0x86, 0x00, 0x00, 0xC8, 0x0E, 0x00, 0x42, 0x42,
	0x52, 0x58, 0x01, 0x73, 0x87, 0x00, 0x42, 0x59, 0x33, 0x4A, 0x02, 0x87, 0x00, 0x00, 0xDB, 0x0C,
	0x02, 0x42, 0x53, 0x51, 0x50, 0x01, 0x28, 0x90, 0x00, 0x42, 0x47, 0x44, 0x50, 0x02, 0x55, 0x00,
	0x00, 0x1C, 0x81, 0x1A, 0x41, 0x44, 0x32, 0x50, 0x02, 0x65, 0x00, 0x00, 0xD1, 0x02, 0x00, 0x42,
	0x4D, 0x58, 0x45, 0x05, 0x3F, 0x00, 0x00, 0x85, 0x02, 0x00, 0xC5, 0x56, 0x16, 0xF0, 0x59, 0x1D,
	0x42, 0x5B, 0x1D, 0x41, 0x50, 0x59, 0x50, 0x0A, 0x3F, 0x00, 0x00, 0x6E, 0x7F, 0x00, 0x79, 0xAC,
	0x15, 0x28, 0xD4, 0x15, 0x08, 0x65, 0x16, 0x6E, 0x90, 0x16, 0xE1, 0x43, 0x17, 0x90, 0x6B, 0x17,
	0x70, 0xFA, 0x17, 0xD6, 0x25, 0x18, 0x41, 0x51, 0x50, 0x49, 0x02, 0x3F, 0x00, 0x00, 0x3E, 0x01,
	0x00, 0x41, 0x56, 0x43, 0x45, 0x02, 0x6B, 0x00, 0x00, 0xA9, 0x0C, 0x00, 0x42, 0x4F, 0x5A, 0x45,
	0x02, 0x46, 0x00, 0x00, 0x04, 0x01, 0x00, 0x42, 0x4D, 0x38, 0x4A, 0x02, 0x3F, 0x00, 0x00, 0x53,
	0x3F, 0x00, 0x41, 0x4A, 0x52, 0x50, 0x01, 0x16, 0x55, 0x00, 0x41, 0x5A, 0x46, 0x50, 0x02, 0x7E,
	0x00, 0x00, 0x75, 0x05, 0x03, 0x42, 0x59, 0x57, 0x45, 0x02, 0x87, 0x00, 0x00, 0xDB, 0x0C, 0x02,
	0x41, 0x43, 0x37, 0x45, 0x01, 0x68, 0x00, 0x00, 0x41, 0x4C, 0x45, 0x45, 0x01, 0xAA, 0x79, 0x00,
	0x46, 0x49, 0x43, 0x4A, 0x00, 0x46, 0x58, 0x56, 0x4A, 0x00, 0x46, 0x53, 0x4D, 0x4A, 0x00, 0x42,
	0x50, 0x48, 0x50, 0x01, 0x3F, 0x00, 0x00, 0x46, 0x44, 0x4B, 0x4A, 0x00, 0x46, 0x5A, 0x4C, 0x4A,
	0x00, 0x46, 0x4D, 0x50, 0x4A, 0x00, 0x41, 0x43, 0x59, 0x44, 0x02, 0x3F, 0x00, 0x00, 0x74, 0x00,
	0x00, 0x41, 0x34, 0x4E, 0x44, 0x01, 0x40, 0x01, 0x00, 0x46, 0x53, 0x4F, 0x4A, 0x00, 0x46, 0x45,
	0x42, 0x4A, 0x00, 0x46, 0x42, 0x4D, 0x4A, 0x00, 0x46, 0x50, 0x4D, 0x4A, 0x00, 0x42, 0x50, 0x54,
	0x50, 0x02, 0x3F, 0x00, 0x00, 0x09, 0x01, 0x00, 0x42, 0x50, 0x48, 0x46, 0x01, 0x3F, 0x00, 0x00,
	0x41, 0x5A, 0x49, 0x59, 0x01, 0xAD, 0x82, 0x00, 0x42, 0x47, 0x53, 0x4A, 0x02, 0x3F, 0x00, 0x00,
	0x19, 0x01, 0x00, 0x42, 0x4B, 0x5A, 0x49, 0x01, 0x98, 0x27, 0x00, 0x41, 0x4D, 0x58, 0x58, 0x02,
	0x70, 0x00, 0x00, 0x95, 0x01, 0x00, 0x42, 0x44, 0x54, 0x4A, 0x02, 0x46, 0x00, 0x00, 0x83, 0x01,
	0x00, 0x41, 0x41, 0x56, 0x50, 0x02, 0x78, 0x00, 0x00, 0x3A, 0x01, 0x00, 0x41, 0x53, 0x51, 0x50,
	0x03, 0x7A, 0x00, 0x00, 0x1D, 0x01, 0x00, 0xC9, 0x0E, 0x00, 0x41, 0x38, 0x39, 0x45, 0x02, 0x6D,
	0x00, 0x00, 0x26, 0x02, 0x00, 0x42, 0x55, 0x36, 0x4A, 0x02, 0x7A, 0x00, 0x00, 0xFB, 0x00, 0x00,
	0x41, 0x47, 0x58, 0x45, 0x02, 0x70, 0x00, 0x00, 0xB3, 0x00, 0x00, 0x41, 0x55, 0x32, 0x50, 0x02,
	0x3F, 0x00, 0x00, 0xD4, 0x01, 0x00, 0x42, 0x53, 0x4C, 0x50, 0x03, 0x3F, 0x00, 0x00, 0x20, 0xE2,
	0x01, 0x70, 0xE2, 0x01, 0x42, 0x30, 0x38, 0x4A, 0x02, 0x7A, 0x00, 0x00, 0x2B, 0x01, 0x00, 0x42,
	0x41, 0x44, 0x50, 0x02, 0x73, 0x00, 0x00, 0xA3, 0x19, 0x00, 0x42, 0x49, 0x44, 0x50, 0x01, 0x4C,
	0x00, 0x00, 0x41, 0x57, 0x55, 0x50, 0x02, 0x8C, 0x00, 0x00, 0x15, 0x02, 0x00, 0x42, 0x4A, 0x55,
	0x50, 0x01, 0x40, 0x00, 0x00, 0x41, 0x51, 0x54, 0x50, 0x02, 0x3F, 0x00, 0x00, 0x9A, 0x05, 0x00,
	0x41, 0x56, 0x53, 0x58, 0x04, 0x92, 0x00, 0x00, 0x48, 0x09, 0x00, 0x0E, 0x43, 0x02, 0x22, 0x43,
	0x02, 0x42, 0x59, 0x53, 0x4A, 0x02, 0x3F, 0x00, 0x00, 0x03, 0x5E, 0x00, 0x42, 0x4D, 0x55, 0x45,
	0x02, 0x60, 0x00, 0x00, 0xE1, 0x00, 0x00, 0x42, 0x52, 0x33, 0x45, 0x02, 0x46, 0x00, 0x00, 0x63,
	0x01, 0x00, 0x41, 0x38, 0x39, 0x50, 0x02, 0x6D, 0x00, 0x00, 0x26, 0x02, 0x00, 0x42, 0x44, 0x42,
	0x50, 0x02, 0xA9, 0x00, 0x00, 0x79, 0x82, 0x05, 0x42, 0x4D, 0x45, 0x50, 0x01, 0x4C, 0x00, 0x00,
	0x41, 0x56, 0x53, 0x59, 0x04, 0x92, 0x00, 0x00, 0x48, 0x09, 0x00, 0xD1, 0x42, 0x02, 0xE5, 0x42,
	0x02, 0x42, 0x4D, 0x51, 0x50, 0x02, 0x3F, 0x00, 0x00, 0xA0, 0x00, 0x00, 0x42, 0x53, 0x52, 0x45,
	0x01, 0xB7, 0x39, 0x00, 0x42, 0x54, 0x49, 0x4A, 0x02, 0x3F, 0x00, 0x00, 0xD6, 0x00, 0x00, 0x42,
	0x33, 0x4D, 0x4A, 0x02, 0x99, 0x00, 0x00, 0x67, 0x01, 0x00, 0x41, 0x5A, 0x4A, 0x4A, 0x02, 0x3F,
	0x00, 0x00, 0x3B, 0x03, 0x00, 0x42, 0x44, 0x44, 0x4A, 0x02, 0x3F, 0x00, 0x00, 0xE2, 0x00, 0x00,
	0x42, 0x53, 0x33, 0x4A, 0x02, 0x3F, 0x00, 0x00, 0x8F, 0x03, 0x00, 0x42, 0x48, 0x52, 0x4A, 0x01,
	0x71, 0x00, 0x00, 0x42, 0x46, 0x4B, 0x50, 0x01, 0x6F, 0x00, 0x00, 0x41, 0x34, 0x4E, 0x50, 0x01,
	0x40, 0x01, 0x00, 0x41, 0x50, 0x54, 0x50, 0x02, 0x8D, 0x00, 0x00, 0x98, 0x2D, 0x01, 0x41, 0x44,
	0x4C, 0x50, 0x02, 0x80, 0x00, 0x00, 0x83, 0x01, 0x00, 0x42, 0x59, 0x57, 0x50, 0x02, 0x87, 0x00,
	0x00, 0xDB, 0x0C, 0x02, 0x41, 0x4A, 0x46, 0x45, 0x02, 0x4F, 0x02, 0x00, 0xF5, 0x2A, 0x00, 0x41,
	0x33, 0x5A, 0x45, 0x02, 0x70, 0x00, 0x00, 0x16, 0x88, 0x00, 0x42, 0x44, 0x32, 0x4A, 0x02, 0x86,
	0x00, 0x00, 0xA6, 0x03, 0x00, 0x42, 0x52, 0x50, 0x4A, 0x02, 0x3F, 0x00, 0x00, 0x4F, 0x05, 0x00,
	0x42, 0x42, 0x39, 0x4A, 0x05, 0x69, 0x00, 0x00, 0xA0, 0x00, 0x00, 0x85, 0x58, 0x01, 0x22, 0xB6,
	0x30, 0x2C, 0xB9, 0x30, 0x42, 0x44, 0x4A, 0x4A, 0x03, 0x4E, 0x00, 0x00, 0xAC, 0x2D, 0x00, 0x0A,
	0x2E, 0x00, 0x41, 0x41, 0x51, 0x45, 0x02, 0x07, 0x01, 0x00, 0x32, 0x19, 0x00, 0x41, 0x42, 0x51,
	0x45, 0x01, 0x80, 0x00, 0x00, 0x41, 0x4E, 0x55, 0x45, 0x01, 0x55, 0x00, 0x00, 0x42, 0x43, 0x33,
	0x50, 0x01, 0x68, 0x00, 0x00, 0x41, 0x39, 0x41, 0x45, 0x01, 0x86, 0x00, 0x00, 0x41, 0x49, 0x48,
	0x45, 0x01, 0x71, 0x00, 0x00, 0x42, 0x48, 0x4D, 0x45, 0x01, 0x40, 0x00, 0x00, 0x41, 0x33, 0x51,
	0x50, 0x02, 0x4E, 0x00, 0x00, 0x4C, 0x09, 0x02, 0x41, 0x52, 0x33, 0x45, 0x01, 0x40, 0x0A, 0x00,
	0x42, 0x4D, 0x55, 0x58, 0x02, 0x60, 0x00, 0x00, 0xE1, 0x00, 0x00, 0x42, 0x4D, 0x58, 0x50, 0x05,
	0x3F, 0x00, 0x00, 0x9A, 0x02, 0x00, 0xE9, 0x91, 0x16, 0xBD, 0xA9, 0x1D, 0x0F, 0xAB, 0x1D, 0x42,
	0x50, 0x4E, 0x4A, 0x02, 0x87, 0x00, 0x00, 0x23, 0x06, 0x00, 0x42, 0x38, 0x4B, 0x4A, 0x08, 0x70,
	0x00, 0x00, 0xF5, 0x46, 0x05, 0x69, 0xF5, 0x34, 0x17, 0x18, 0x35, 0xCA, 0xAC, 0x37, 0xAA, 0xD3,
	0x37, 0xB5, 0xB3, 0x3A, 0x41, 0xDC, 0x3A, 0x42, 0x4F, 0x58, 0x50, 0x01, 0x72, 0x00, 0x00, 0x42,
	0x4B, 0x57, 0x45, 0x01, 0xCE, 0x00, 0x00, 0x42, 0x5A, 0x33, 0x4A, 0x02, 0x6D, 0x00, 0x00, 0x45,
	0x07, 0x00, 0x42, 0x4D, 0x47, 0x4A, 0x02, 0x1F, 0x01, 0x00, 0x44, 0x53, 0x00, 0x41, 0x36, 0x52,
	0x45, 0x02, 0x3F, 0x00, 0x00, 0xB3, 0xD5, 0x00, 0x41, 0x55, 0x32, 0x45, 0x02, 0x3F, 0x00, 0x00,
	0xD4, 0x01, 0x00, 0x42, 0x4B, 0x53, 0x4A, 0x02, 0x8A, 0x00, 0x00, 0x77, 0x9F, 0x01, 0x42, 0x5A,
	0x47, 0x4A, 0x02, 0x69, 0x00, 0x00, 0x01, 0x09, 0x00, 0x42, 0x55, 0x56, 0x4A, 0x02, 0x4F, 0x00,
	0x00, 0xED, 0x0E, 0x00, 0x42, 0x50, 0x33, 0x4A, 0x01, 0x1E, 0x01, 0x00, 0x41, 0x45, 0x4E, 0x45,
	0x02, 0x3F, 0x00, 0x00, 0x73, 0x0B, 0x00, 0x42, 0x54, 0x50, 0x45, 0x02, 0x71, 0x00, 0x00, 0xB0,
	0x00, 0x00, 0x42, 0x44, 0x47, 0x50, 0x03, 0x4E, 0x00, 0x00, 0x8B, 0x2D, 0x00, 0xE9, 0x2D, 0x00,
	0x42, 0x43, 0x4C, 0x45, 0x02, 0x91, 0x00, 0x00, 0x9A, 0x1B, 0x00, 0x42, 0x4E, 0x32, 0x4A, 0x02,
	0x3F, 0x00, 0x00, 0xA4, 0x00, 0x00, 0x41, 0x46, 0x35, 0x50, 0x02, 0x70, 0x00, 0x00, 0xA7, 0x29,
	0x00, 0x42, 0x4C, 0x52, 0x4A, 0x02, 0x4E, 0x00, 0x00, 0xF9, 0xA8, 0x00, 0x41, 0x4E, 0x56, 0x4A,
	0x02, 0x3F, 0x00, 0x00, 0xBC, 0x00, 0x00, 0x42, 0x34, 0x53, 0x4A, 0x02, 0x3F, 0x00, 0x00, 0xDB,
	0x00, 0x00, 0x42, 0x34, 0x47, 0x4A, 0x02, 0x3F, 0x00, 0x00, 0xDB, 0x00, 0x00, 0x42, 0x50, 0x42,
	0x4A, 0x02, 0x3F, 0x00, 0x00, 0x08, 0x35, 0x00, 0x41, 0x4F, 0x37, 0x4B, 0x02, 0x3F, 0x00, 0x00,
	0x0D, 0x01, 0x00, 0x42, 0x53, 0x45, 0x45, 0x01, 0x8E, 0x65, 0x00, 0x42, 0x41, 0x4E, 0x45, 0x02,
	0x3F, 0x00, 0x00, 0x3E, 0x01, 0x00, 0x42, 0x4B, 0x43, 0x4A, 0x02, 0x6D, 0x00, 0x00, 0xCA, 0x02,
	0x00, 0x41, 0x45, 0x4E, 0x50, 0x02, 0x3F, 0x00, 0x00, 0x73, 0x0B, 0x00, 0x42, 0x4B, 0x54, 0x4A,
	0x02, 0x3F, 0x00, 0x00, 0xC8, 0x00, 0x00, 0x42, 0x47, 0x4E, 0x4A, 0x02, 0x71, 0x00, 0x00, 0xA1,
	0x11, 0x00, 0x55, 0x33, 0x49, 0x50, 0x02, 0xC5, 0x00, 0x00, 0x04, 0xE9, 0x06, 0x42, 0x41, 0x4E,
	0x50, 0x02, 0x3F, 0x00, 0x00, 0x3E, 0x01, 0x00, 0x4D, 0x53, 0x53, 0x45, 0x00, 0x4D, 0x53, 0x32,
	0x45, 0x00, 0x4D, 0x46, 0x32, 0x45, 0x00, 0x42, 0x4A, 0x42, 0x4A, 0x01, 0x5A, 0x00, 0x00, 0x42,
	0x4D, 0x35, 0x45, 0x02, 0x8C, 0x00, 0x00, 0xA7, 0xCF, 0x00, 0x42, 0x33, 0x53, 0x45, 0x04, 0x70,
	0x00, 0x00, 0x4C, 0xEF, 0x02, 0x78, 0xF2, 0x38, 0xEA, 0x2C, 0x39, 0x41, 0x51, 0x32, 0x50, 0x02,
	0x3F, 0x00, 0x00, 0x07, 0xE0, 0x00, 0x46, 0x54, 0x57, 0x4A, 0x00, 0x46, 0x42, 0x46, 0x4A, 0x00,
	0x46, 0x4D, 0x4B, 0x4A, 0x00, 0x46, 0x44, 0x44, 0x4A, 0x00, 0x46, 0x4D, 0x42, 0x4A, 0x00, 0x46,
	0x54, 0x42, 0x4A, 0x00, 0x46, 0x47, 0x47, 0x4A, 0x00, 0x46, 0x57, 0x43, 0x4A, 0x00, 0x46, 0x44,
	0x4D, 0x4A, 0x00, 0x46, 0x43, 0x4C, 0x4A, 0x00, 0x42, 0x44, 0x54, 0x45, 0x02, 0x46, 0x00, 0x00,
	0x82, 0x01, 0x00, 0x42, 0x48, 0x54, 0x45, 0x02, 0x3F, 0x00, 0x00, 0x48, 0x98, 0x00, 0x42, 0x54,
	0x46, 0x4A, 0x02, 0x81, 0x00, 0x00, 0x91, 0x01, 0x00, 0x4D, 0x44, 0x52, 0x45, 0x00, 0x42, 0x4D,
	0x42, 0x45, 0x01, 0x3F, 0x00, 0x00, 0x4D, 0x53, 0x48, 0x45, 0x00, 0x42, 0x46, 0x5A, 0x50, 0x03,
	0x8D, 0x00, 0x00, 0xC5, 0xFC, 0x00, 0x57, 0x71, 0x01, 0x42, 0x44, 0x34, 0x45, 0x03, 0x2C, 0xEE,
	0x00, 0x3A, 0x23, 0x3C, 0x50, 0xAB, 0x3C, 0x42, 0x53, 0x54, 0x45, 0x03, 0x39, 0xC7, 0x00, 0xCE,
	0xAF, 0x3D, 0x59, 0x37, 0x3E, 0x41, 0x41, 0x39, 0x45, 0x02, 0x3F, 0x00, 0x00, 0xFF, 0x40, 0x03,
	0x46, 0x5A, 0x4C, 0x45, 0x00, 0x42, 0x53, 0x42, 0x50, 0x06, 0x3F, 0x00, 0x00, 0x89, 0x58, 0x00,
	0xA4, 0x58, 0x00, 0xDD, 0x58, 0x00, 0x4A, 0x61, 0x00, 0x0A, 0x70, 0x3C, 0x46, 0x53, 0x4D, 0x45,
	0x00, 0x4D, 0x53, 0x42, 0x45, 0x00, 0x46, 0x42, 0x4D, 0x45, 0x00, 0x46, 0x45, 0x42, 0x45, 0x00,
	0x46, 0x58, 0x56, 0x45, 0x00, 0x46, 0x50, 0x37, 0x45, 0x00, 0x46, 0x49, 0x43, 0x45, 0x00, 0x46,
	0x44, 0x4B, 0x45, 0x00, 0x4D, 0x46, 0x4F, 0x45, 0x00, 0x42, 0x55, 0x43, 0x45, 0x02, 0xB0, 0x00,
	0x00, 0x28, 0xF9, 0x08, 0x4D, 0x47, 0x55, 0x45, 0x00, 0x42, 0x4E, 0x4A, 0x4A, 0x03, 0xE0, 0x06,
	0x00, 0x80, 0xD0, 0x00, 0x0D, 0xD7, 0x00, 0x42, 0x4D, 0x35, 0x4A, 0x02, 0x8C, 0x00, 0x00, 0x5A,
	0xD5, 0x00, 0x42, 0x4D, 0x58, 0x4A, 0x05, 0x3F, 0x00, 0x00, 0x85, 0x02, 0x00, 0x09, 0x57, 0x16,
	0x34, 0x5A, 0x1D, 0x86, 0x5B, 0x1D, 0x42, 0x4D, 0x48, 0x4A, 0x01, 0x47, 0x00, 0x00, 0x41, 0x57,
	0x55, 0x45, 0x02, 0x8C, 0x00, 0x00, 0x15, 0x02, 0x00, 0x41, 0x46, 0x35, 0x45, 0x02, 0x70, 0x00,
	0x00, 0x23, 0x29, 0x00, 0x42, 0x4D, 0x34, 0x4A, 0x02, 0x7A, 0x00, 0x00, 0x79, 0x02, 0x00, 0x41,
	0x57, 0x41, 0x43, 0x02, 0x70, 0x00, 0x00, 0xA0, 0x01, 0x00, 0x41, 0x57, 0x57, 0x45, 0x03, 0xA7,
	0x00, 0x00, 0xB4, 0x74, 0x0D, 0x62, 0x40, 0x0F, 0x42, 0x58, 0x4D, 0x45, 0x00, 0x42, 0x54, 0x48,
	0x45, 0x02, 0x8D, 0x00, 0x00, 0x1A, 0x01, 0x00, 0x42, 0x33, 0x53, 0x4A, 0x04, 0x70, 0x00, 0x00,
	0x2B, 0xF0, 0x02, 0xE8, 0xCE, 0x38, 0x5F, 0x09, 0x39, 0x42, 0x4C, 0x58, 0x50, 0x01, 0x92, 0xB3,
	0x11, 0x42, 0x53, 0x45, 0x58, 0x01, 0x3C, 0x66, 0x00, 0x41, 0x41, 0x48, 0x50, 0x01, 0x7F, 0x01,
	0x00, 0x42, 0x32, 0x44, 0x50, 0x04, 0x8A, 0x00, 0x00, 0xD5, 0x00, 0x00, 0x00, 0x52, 0x00, 0xF5,
	0x52, 0x00, 0x42, 0x33, 0x53, 0x50, 0x04, 0x70, 0x00, 0x00, 0x2E, 0xF0, 0x02, 0x57, 0xF3, 0x38,
	0xCE, 0x2D, 0x39, 0x42, 0x53, 0x54, 0x50, 0x03, 0xC6, 0xC7, 0x00, 0x22, 0x63, 0x3D, 0x28, 0xEF,
	0x3D, 0x42, 0x44, 0x34, 0x50, 0x03, 0x4F, 0xF1, 0x00, 0xA4, 0x87, 0x3C, 0x9F, 0x13, 0x3D, 0x42,
	0x4D, 0x47, 0x45, 0x02, 0x1F, 0x01, 0x00, 0x44, 0x53, 0x00, 0x42, 0x44, 0x33, 0x4A, 0x02, 0x3F,
	0x00, 0x00, 0x81, 0x21, 0x02, 0x42, 0x48, 0x54, 0x4A, 0x02, 0x3F, 0x00, 0x00, 0x5F, 0x98, 0x00,
	0x42, 0x53, 0x41, 0x4A, 0x02, 0x3F, 0x00, 0x00, 0x06, 0x01, 0x00, 0x41, 0x5A, 0x4A, 0x45, 0x02,
	0x3F, 0x00, 0x00, 0x4F, 0x03, 0x00, 0x4D, 0x50, 0x42, 0x45, 0x02, 0x78, 0x00, 0x00, 0x78, 0x6D,
	0x23, 0x4D, 0x50, 0x41, 0x45, 0x01, 0x78, 0x00, 0x00, 0x41, 0x38, 0x4C, 0x4A, 0x02, 0x6F, 0x00,
	0x00, 0xD6, 0x00, 0x00, 0x41, 0x35, 0x53, 0x4A, 0x02, 0x3F, 0x00, 0x00, 0xA8, 0x07, 0x00, 0x42,
	0x53, 0x50, 0x45, 0x01, 0x44, 0x00, 0x00, 0x42, 0x34, 0x57, 0x45, 0x01, 0x77, 0x00, 0x00, 0x42,
	0x34, 0x42, 0x45, 0x01, 0x77, 0x00, 0x00, 0x41, 0x59, 0x38, 0x45, 0x02, 0x86, 0x00, 0x00, 0x76,
	0x20, 0x00, 0x4D, 0x43, 0x54, 0x45, 0x00, 0x4D, 0x4B, 0x44, 0x45, 0x00, 0x42, 0x32, 0x44, 0x4A,
	0x04, 0x8A, 0x00, 0x00, 0xD5, 0x00, 0x00, 0x2C, 0x54, 0x00, 0x21, 0x55, 0x00, 0x42, 0x38, 0x4B,
	0x50, 0x18, 0x70, 0x00, 0x00, 0x54, 0x49, 0x05, 0x74, 0xF1, 0x35, 0x29, 0x14, 0x36, 0x17, 0x7C,
	0x36, 0xD9, 0x9E, 0x36, 0x2C, 0x07, 0x37, 0xF4, 0x29, 0x37, 0x60, 0x92, 0x37, 0x2A, 0xB5, 0x37,
	0x14, 0x1D, 0x38, 0xDE, 0x3F, 0x38, 0xA3, 0xA8, 0x38, 0x75, 0xCF, 0x38, 0xDD, 0x8F, 0x39, 0x72,
	0xB8, 0x39, 0xCA, 0x43, 0x3A, 0x65, 0x6C, 0x3A, 0x99, 0xF7, 0x3A, 0x35, 0x20, 0x3B, 0x70, 0xAB,
	0x3B, 0x0D, 0xD4, 0x3B, 0x15, 0x5F, 0x3C, 0xB5, 0x87, 0x3C, 0x4D, 0x4E, 0x43, 0x45, 0x00, 0x42,
	0x38, 0x44, 0x45, 0x02, 0x3F, 0x00, 0x00, 0x07, 0x01, 0x00, 0x42, 0x4B, 0x4D, 0x45, 0x01, 0x40,
	0x00, 0x00, 0x4D, 0x4A, 0x4D, 0x45, 0x00, 0x42, 0x53, 0x50, 0x58, 0x01, 0x44, 0x00, 0x00, 0x42,
	0x4D, 0x47, 0x55, 0x02, 0x1F, 0x01, 0x00, 0x4A, 0x53, 0x00, 0x42, 0x53, 0x44, 0x45, 0x01, 0x68,
	0x00, 0x00, 0x41, 0x39, 0x43, 0x45, 0x01, 0x68, 0x00, 0x00, 0x42, 0x54, 0x41, 0x45, 0x02, 0x72,
	0x00, 0x00, 0x54, 0x12, 0x03, 0x42, 0x38, 0x35, 0x41, 0x02, 0x40, 0x00, 0x00, 0x10, 0x03, 0x00,
	0x42, 0x4B, 0x4F, 0x4A, 0x02, 0x8D, 0x00, 0x00, 0x2D, 0x03, 0x00, 0x42, 0x5A, 0x32, 0x4A, 0x02,
	0x3F, 0x00, 0x00, 0x1C, 0x09, 0x00, 0x42, 0x44, 0x4B, 0x4A, 0x02, 0x8B, 0x00, 0x00, 0x82, 0x72,
	0x01, 0x41, 0x45, 0x37, 0x58, 0x02, 0x87, 0x00, 0x00, 0xEE, 0x02, 0x00, 0x41, 0x45, 0x37, 0x59,
	0x02, 0x87, 0x00, 0x00, 0xEE, 0x02, 0x00, 0x42, 0x57, 0x46, 0x4A, 0x02, 0x3F, 0x00, 0x00, 0x76,
	0x02, 0x00, 0x42, 0x38, 0x35, 0x50, 0x02, 0x40, 0x00, 0x00, 0x10, 0x03, 0x00, 0x4D, 0x54, 0x4D,
	0x45, 0x00, 0x41, 0x39, 0x44, 0x50, 0x01, 0xE8, 0x09, 0x00, 0x42, 0x4B, 0x42, 0x4A, 0x02, 0x3F,
	0x00, 0x00, 0x04, 0x01, 0x00, 0x41, 0x33, 0x4E, 0x4A, 0x02, 0x3F, 0x00, 0x00, 0x46, 0xF9, 0x01,
	0x4D, 0x59, 0x47, 0x45, 0x00, 0x42, 0x4E, 0x52, 0x4A, 0x02, 0x3F, 0x00, 0x00, 0x4C, 0x5A, 0x00,
	0x42, 0x43, 0x57, 0x45, 0x02, 0x55, 0x00, 0x00, 0xCB, 0xAC, 0x00, 0x55, 0x33, 0x32, 0x4A, 0x02,
	0xD0, 0x00, 0x00, 0x2C, 0xA7, 0x08, 0x42, 0x44, 0x35, 0x4A, 0x02, 0x86, 0x00, 0x00, 0xE5, 0x03,
	0x00, 0x42, 0x48, 0x32, 0x4A, 0x01, 0x71, 0x00, 0x00, 0x42, 0x4B, 0x34, 0x4A, 0x02, 0x93, 0x00,
	0x00, 0x76, 0x4B, 0x02, 0x42, 0x47, 0x49, 0x4A, 0x02, 0x3F, 0x00, 0x00, 0xF3, 0x00, 0x00, 0x41,
	0x4D, 0x41, 0x43, 0x07, 0x9C, 0x00, 0x00, 0xCA, 0xC5, 0x00, 0xC0, 0x71, 0x01, 0x93, 0xC0, 0x0D,
	0x79, 0xC4, 0x0D, 0x7D, 0xFB, 0x0D, 0xA1, 0x2A, 0x0E, 0x41, 0x4C, 0x46, 0x4A, 0x00, 0x42, 0x50,
	0x46, 0x4A, 0x06, 0x3F, 0x00, 0x00, 0x86, 0x06, 0x00, 0x08, 0x83, 0x1C, 0x0E, 0x89, 0x1C, 0x6F,
	0xC5, 0x1D, 0x75, 0xCB, 0x1D, 0x42, 0x47, 0x48, 0x4A, 0x02, 0x71, 0x00, 0x00, 0x96, 0x42, 0x00,
	0x42, 0x5A, 0x4F, 0x4A, 0x02, 0x3F, 0x00, 0x00, 0x10, 0x01, 0x00, 0x42, 0x38, 0x50, 0x4A, 0x02,
	0x87, 0x00, 0x00, 0xD3, 0x00, 0x00, 0x42, 0x4C, 0x4A, 0x4A, 0x02, 0x75, 0x00, 0x00, 0xC7, 0x22,
	0x02, 0x42, 0x46, 0x46, 0x4A, 0x01, 0x4E, 0x47, 0x00, 0x42, 0x44, 0x39, 0x45, 0x01, 0x5E, 0x00,
	0x00, 0x42, 0x4A, 0x55, 0x58, 0x01, 0x40, 0x00, 0x00, 0x42, 0x44, 0x41, 0x4A, 0x02, 0x71, 0x00,
	0x00, 0x42, 0x01, 0x01, 0x42, 0x48, 0x41, 0x4A, 0x02, 0x71, 0x00, 0x00, 0xC2, 0xE3, 0x00, 0x42,
	0x47, 0x34, 0x4A, 0x02, 0x70, 0x00, 0x00, 0x56, 0x01, 0x00, 0x41, 0x46, 0x35, 0x4A, 0x02, 0x70,
	0x00, 0x00, 0x2A, 0x29, 0x00, 0x42, 0x52, 0x34, 0x4A, 0x01, 0x6F, 0x00, 0x00, 0x42, 0x44, 0x43,
	0x4A, 0x02, 0x3F, 0x00, 0x00, 0x54, 0x01, 0x00, 0x42, 0x44, 0x58, 0x4A, 0x02, 0x8C, 0x00, 0x00,
	0xBB, 0x11, 0x00, 0x42, 0x4E, 0x42, 0x4A, 0x02, 0x8B, 0x00, 0x00, 0xE3, 0x69, 0x00, 0x42, 0x55,
	0x54, 0x4A, 0x03, 0x3F, 0x00, 0x00, 0x17, 0x01, 0x00, 0x74, 0x2B, 0x00, 0x42, 0x33, 0x44, 0x4A,
	0x07, 0xE3, 0x08, 0x00, 0x30, 0x73, 0x0C, 0xC3, 0x11, 0x0D, 0xD2, 0xC4, 0x0D, 0x69, 0x60, 0x0E,
	0x7B, 0x05, 0x0F, 0x70, 0x26, 0x10, 0x41, 0x5A, 0x46, 0x45, 0x02, 0x7E, 0x00, 0x00, 0x75, 0x05,
	0x03, 0x41, 0x43, 0x39, 0x45, 0x02, 0x71, 0x00, 0x00, 0xB0, 0x00, 0x00, 0x42, 0x47, 0x4E, 0x45,
	0x02, 0x3F, 0x00, 0x00, 0x6D, 0x01, 0x00, 0x42, 0x4D, 0x46, 0x45, 0x02, 0xC1, 0x00, 0x00, 0x53,
	0x3D, 0x00, 0x42, 0x54, 0x42, 0x45, 0x02, 0x3F, 0x00, 0x00, 0x15, 0x01, 0x00, 0x46, 0x4D, 0x32,
	0x4A, 0x00, 0x46, 0x4E, 0x4D, 0x4A, 0x00, 0x46, 0x4D, 0x52, 0x4A, 0x00, 0x46, 0x50, 0x54, 0x4A,
	0x00, 0x46, 0x4C, 0x42, 0x4A, 0x00, 0x46, 0x46, 0x4D, 0x4A, 0x00, 0x46, 0x54, 0x4B, 0x4A, 0x00,
	0x46, 0x54, 0x55, 0x4A, 0x00, 0x46, 0x41, 0x44, 0x4A, 0x00, 0x46, 0x53, 0x44, 0x4A, 0x00, 0x42,
	0x53, 0x4E, 0x45, 0x02, 0x8E, 0x00, 0x00, 0xF4, 0x00, 0x00, 0x42, 0x53, 0x4C, 0x45, 0x03, 0x3F,
	0x00, 0x00, 0x0A, 0xE2, 0x01, 0x5A, 0xE2, 0x01, 0x42, 0x50, 0x48, 0x45, 0x01, 0x3F, 0x00, 0x00,
	0x41, 0x5A, 0x4A, 0x50, 0x02, 0x3F, 0x00, 0x00, 0x72, 0x03, 0x00, 0x42, 0x53, 0x4B, 0x4A, 0x02,
	0x71, 0x00, 0x00, 0x7A, 0x0E, 0x00, 0x42, 0x4D, 0x56, 0x4A, 0x02, 0x3F, 0x00, 0x00, 0xCA, 0x95,
	0x00, 0x42, 0x43, 0x4E, 0x4A, 0x01, 0x8B, 0xB6, 0x00, 0x42, 0x44, 0x47, 0x45, 0x03, 0x4E, 0x00,
	0x00, 0x8B, 0x2D, 0x00, 0xE9, 0x2D, 0x00, 0x42, 0x52, 0x46, 0x45, 0x01, 0x3F, 0x00, 0x00, 0x42,
	0x43, 0x42, 0x45, 0x02, 0x3F, 0x00, 0x00, 0xA9, 0x34, 0x00, 0x42, 0x50, 0x52, 0x45, 0x03, 0x90,
	0x00, 0x00, 0xBB, 0x01, 0x00, 0x57, 0x0E, 0x1C, 0x42, 0x50, 0x47, 0x45, 0x03, 0x90, 0x00, 0x00,
	0xBB, 0x01, 0x00, 0x8E, 0x0C, 0x1C, 0x42, 0x50, 0x4F, 0x45, 0x02, 0x3F, 0x00, 0x00, 0x64, 0x01,
	0x00, 0x42, 0x5A, 0x33, 0x50, 0x02, 0x6D, 0x00, 0x00, 0x45, 0x07, 0x00, 0x41, 0x54, 0x57, 0x59,
	0x01, 0x48, 0xDA, 0x0B, 0x42, 0x5A, 0x49, 0x45, 0x02, 0x7A, 0x00, 0x00, 0xD2, 0x01, 0x00, 0x41,
	0x59, 0x38, 0x50, 0x02, 0x86, 0x00, 0x00, 0x7B, 0x20, 0x00, 0x42, 0x4F, 0x53, 0x4A, 0x03, 0x8F,
	0x00, 0x00, 0x20, 0x06, 0x00, 0x7B, 0x8D, 0x00, 0x41, 0x5A, 0x4A, 0x4B, 0x02, 0x3F, 0x00, 0x00,
	0x4F, 0x03, 0x00, 0x42, 0x41, 0x55, 0x45, 0x02, 0x8E, 0x00, 0x00, 0xF1, 0x00, 0x00, 0x42, 0x47,
	0x33, 0x45, 0x00, 0x41, 0x5A, 0x32, 0x45, 0x02, 0x3D, 0x00, 0x00, 0xCC, 0x49, 0x02, 0x42, 0x48,
	0x4D, 0x50, 0x01, 0x40, 0x00, 0x00, 0x42, 0x50, 0x45, 0x4A, 0x02, 0x90, 0x00, 0x00, 0xBA, 0x01,
	0x00, 0x4D, 0x44, 0x42, 0x45, 0x00, 0x42, 0x4A, 0x59, 0x45, 0x02, 0xBE, 0x16, 0x00, 0xDC, 0x29,
	0x00, 0x42, 0x47, 0x43, 0x45, 0x02, 0x72, 0x00, 0x00, 0x6C, 0x58, 0x03, 0x42, 0x4D, 0x47, 0x44,
	0x02, 0x1F, 0x01, 0x00, 0x4A, 0x53, 0x00, 0x42, 0x4D, 0x47, 0x49, 0x02, 0x1F, 0x01, 0x00, 0x4A,
	0x53, 0x00, 0x42, 0x4D, 0x47, 0x46, 0x02, 0x1F, 0x01, 0x00, 0x4A, 0x53, 0x00, 0x42, 0x53, 0x50,
	0x49, 0x01, 0x44, 0x00, 0x00, 0x42, 0x43, 0x4B, 0x50, 0x03, 0x3F, 0x00, 0x00, 0xCB, 0x8A, 0x02,
	0x1B, 0x8B, 0x02, 0x42, 0x43, 0x4B, 0x45, 0x03, 0x3F, 0x00, 0x00, 0xE1, 0x8A, 0x02, 0x31, 0x8B,
	0x02, 0x41, 0x34, 0x42, 0x50, 0x01, 0x86, 0x00, 0x00, 0x42, 0x46, 0x5A, 0x45, 0x03, 0x8D, 0x00,
	0x00, 0xEC, 0xF3, 0x00, 0x1E, 0x64, 0x01, 0x42, 0x41, 0x47, 0x4A, 0x02, 0x72, 0x00, 0x00, 0xD6,
	0x57, 0x03, 0x42, 0x45, 0x43, 0x4A, 0x02, 0x3F, 0x00, 0x00, 0x5E, 0x07, 0x00, 0x42, 0x44, 0x4E,
	0x4A, 0x01, 0xEE, 0x03, 0x00, 0x42, 0x53, 0x47, 0x4A, 0x03, 0x3F, 0x00, 0x00, 0xC6, 0x09, 0x00,
	0x2E, 0x0A, 0x00, 0x41, 0x48, 0x50, 0x50, 0x01, 0xDA, 0x06, 0x00, 0x41, 0x59, 0x42, 0x45, 0x02,
	0x8F, 0x00, 0x00, 0x66, 0x24, 0x01, 0x42, 0x41, 0x43, 0x50, 0x02, 0x55, 0x00, 0x00, 0xA7, 0x9C,
	0x00, 0x42, 0x38, 0x44, 0x50, 0x02, 0x3F, 0x00, 0x00, 0x07, 0x01, 0x00, 0x41, 0x4F, 0x4E, 0x45,
	0x05, 0x87, 0x00, 0x00, 0x00, 0x01, 0x00, 0x7F, 0x9E, 0x00, 0xC5, 0x04, 0x0F, 0x32, 0x05, 0x0F,
	0x42, 0x46, 0x32, 0x45, 0x01, 0x40, 0x00, 0x00, 0x42, 0x53, 0x55, 0x45, 0x01, 0x32, 0x6E, 0x00,
	0x42, 0x41, 0x55, 0x50, 0x02, 0x8E, 0x00, 0x00, 0xF1, 0x00, 0x00, 0x42, 0x50, 0x43, 0x45, 0x02,
	0x93, 0x00, 0x00, 0xB7, 0xD3, 0x01, 0x42, 0x50, 0x52, 0x53, 0x03, 0x90, 0x00, 0x00, 0xBA, 0x01,
	0x00, 0x41, 0xE9, 0x1B, 0x42, 0x50, 0x47, 0x53, 0x03, 0x90, 0x00, 0x00, 0xBA, 0x01, 0x00, 0xFF,
	0xE6, 0x1B, 0x42, 0x50, 0x47, 0x44, 0x03, 0x90, 0x00, 0x00, 0xBF, 0x01, 0x00, 0x33, 0x05, 0x1C,
	0x42, 0x50, 0x52, 0x44, 0x03, 0x90, 0x00, 0x00, 0xBF, 0x01, 0x00, 0xD8, 0x08, 0x1C, 0x42, 0x50,
	0x52, 0x46, 0x03, 0x90, 0x00, 0x00, 0xBA, 0x01, 0x00, 0x36, 0xE7, 0x1B, 0x42, 0x50, 0x47, 0x46,
	0x03, 0x90, 0x00, 0x00, 0xBA, 0x01, 0x00, 0x80, 0xE2, 0x1B, 0x42, 0x4B, 0x48, 0x45, 0x02, 0xB7,
	0x00, 0x00, 0xFE, 0x0C, 0x00, 0x42, 0x43, 0x43, 0x45, 0x02, 0x71, 0x00, 0x00, 0xBE, 0x00, 0x00,
	0x4D, 0x50, 0x43, 0x45, 0x03, 0x78, 0x00, 0x00, 0xEE, 0x7E, 0x02, 0x84, 0x12, 0x40, 0x4D, 0x50,
	0x44, 0x45, 0x01, 0x78, 0x00, 0x00, 0x42, 0x50, 0x52, 0x49, 0x03, 0x90, 0x00, 0x00, 0xBF, 0x01,
	0x00, 0x62, 0xDD, 0x1B, 0x42, 0x50, 0x47, 0x49, 0x03, 0x90, 0x00, 0x00, 0xBF, 0x01, 0x00, 0x48,
	0xDB, 0x1B, 0x4D, 0x4E, 0x32, 0x45, 0x00, 0x74, 0x76, 0x61, 0x70, 0x00, 0x42, 0x4D, 0x47, 0x53,
	0x02, 0x1F, 0x01, 0x00, 0x4A, 0x53, 0x00, 0x42, 0x45, 0x38, 0x4A, 0x02, 0x87, 0x00, 0x00, 0xD2,
	0x02, 0x00, 0x42, 0x32, 0x54, 0x45, 0x01, 0xE3, 0xFD, 0x00, 0x42, 0x4D, 0x56, 0x45, 0x02, 0x3F,
	0x00, 0x00, 0x9B, 0x95, 0x00, 0x42, 0x4B, 0x4E, 0x45, 0x01, 0x47, 0x00, 0x00, 0x41, 0x59, 0x48,
	0x45, 0x01, 0x3E, 0x00, 0x00, 0x42, 0x54, 0x43, 0x46, 0x02, 0x98, 0x00, 0x00, 0x13, 0x03, 0x00,
	0x42, 0x50, 0x4C, 0x45, 0x02, 0xD2, 0x00, 0x00, 0xE7, 0x23, 0x00, 0x42, 0x46, 0x35, 0x45, 0x02,
	0xB2, 0x00, 0x00, 0x0E, 0xCF, 0x00, 0x42, 0x5A, 0x33, 0x45, 0x02, 0x6D, 0x00, 0x00, 0x58, 0x07,
	0x00, 0x52, 0x5A, 0x57, 0x4A, 0x02, 0x7A, 0x00, 0x00, 0xEC, 0x00, 0x00, 0x42, 0x54, 0x39, 0x45,
	0x01, 0x40, 0x00, 0x00, 0x42, 0x4C, 0x53, 0x45, 0x01, 0x5B, 0x00, 0x00, 0x42, 0x53, 0x55, 0x58,
	0x01, 0x50, 0x6E, 0x00, 0x42, 0x4C, 0x32, 0x45, 0x01, 0x42, 0x00, 0x00, 0x42, 0x52, 0x56, 0x45,
	0x01, 0x19, 0x6B, 0x00, 0x42, 0x54, 0x4E, 0x45, 0x02, 0x3F, 0x00, 0x00, 0x4B, 0x05, 0x00, 0x42,
	0x54, 0x59, 0x45, 0x02, 0x70, 0x00, 0x00, 0x14, 0xCF, 0x02, 0x4D, 0x43, 0x32, 0x45, 0x00, 0x42,
	0x35, 0x35, 0x50, 0x01, 0x76, 0x00, 0x00, 0x42, 0x47, 0x45, 0x45, 0x02, 0x70, 0x00, 0x00, 0x56,
	0x01, 0x00, 0x42, 0x57, 0x57, 0x45, 0x02, 0x3F, 0x00, 0x00, 0x6C, 0x01, 0x00, 0x42, 0x38, 0x4B,
	0x45, 0x0C, 0x70, 0x00, 0x00, 0x05, 0x47, 0x05, 0x62, 0xC8, 0x35, 0x10, 0xEB, 0x35, 0x57, 0x53,
	0x36, 0x0C, 0x76, 0x36, 0xFA, 0x7F, 0x38, 0xE5, 0xA6, 0x38, 0x96, 0x5E, 0x39, 0x22, 0x87, 0x39,
	0xB3, 0x12, 0x3A, 0x48, 0x3B, 0x3A, 0x42, 0x54, 0x32, 0x45, 0x02, 0x8C, 0x00, 0x00, 0x72, 0x3F,
	0x00, 0x42, 0x46, 0x54, 0x4A, 0x02, 0x8D, 0x00, 0x00, 0x81, 0xF2, 0x01, 0x55, 0x33, 0x32, 0x45,
	0x02, 0xD0, 0x00, 0x00, 0x6F, 0xA9, 0x08, 0x42, 0x41, 0x4C, 0x45, 0x02, 0x7A, 0x00, 0x00, 0x2C,
	0x02, 0x00, 0x42, 0x4B, 0x4E, 0x50, 0x01, 0x47, 0x00, 0x00, 0x42, 0x48, 0x5A, 0x50, 0x05, 0x3F,
	0x00, 0x00, 0xCF, 0x20, 0x1D, 0x7F, 0x23, 0x1D, 0x57, 0x00, 0x20, 0x41, 0x54, 0x20, 0x42, 0x47,
	0x47, 0x45, 0x03, 0x71, 0x00, 0x00, 0x51, 0x01, 0x00, 0x21, 0x5A, 0x00, 0x42, 0x53, 0x59, 0x4A,
	0x02, 0x69, 0x00, 0x00, 0x0C, 0x09, 0x00, 0x42, 0x4D, 0x43, 0x45, 0x02, 0x71, 0x00, 0x00, 0xB1,
	0x1A, 0x00, 0x42, 0x46, 0x38, 0x45, 0x01, 0x83, 0x00, 0x00, 0x41, 0x38, 0x34, 0x50, 0x02, 0x40,
	0x00, 0x00, 0x0B, 0x41, 0x03, 0x42, 0x47, 0x54, 0x45, 0x02, 0x3F, 0x00, 0x00, 0x06, 0x01, 0x00,
	0x42, 0x59, 0x44, 0x45, 0x02, 0x3F, 0x00, 0x00, 0xC3, 0x66, 0x00, 0x42, 0x46, 0x44, 0x4A, 0x02,
	0x82, 0x00, 0x00, 0xDC, 0x04, 0x00, 0x42, 0x4F, 0x50, 0x4A, 0x02, 0x3F, 0x00, 0x00, 0x08, 0x01,
	0x00, 0x42, 0x41, 0x5A, 0x4A, 0x02, 0x8B, 0x00, 0x00, 0xEA, 0x5B, 0x00, 0x42, 0x49, 0x4B, 0x4A,
	0x02, 0x3F, 0x00, 0x00, 0x12, 0x08, 0x00, 0x42, 0x53, 0x49, 0x45, 0x01, 0x60, 0x85, 0x00, 0x41,
	0x41, 0x39, 0x50, 0x02, 0x8F, 0x00, 0x00, 0xAE, 0x42, 0x03, 0x42, 0x45, 0x32, 0x4A, 0x02, 0x3F,
	0x00, 0x00, 0x06, 0x01, 0x00, 0x42, 0x57, 0x4B, 0x4A, 0x02, 0x3F, 0x00, 0x00, 0x1D, 0x08, 0x00,
	0x42, 0x57, 0x41, 0x4A, 0x02, 0x3F, 0x00, 0x00, 0x06, 0x01, 0x00, 0x42, 0x50, 0x51, 0x4A, 0x0C,
	0x3F, 0x00, 0x00, 0x4D, 0xC2, 0x00, 0x1F, 0x30, 0x05, 0x38, 0x31, 0x05, 0xB5, 0x93, 0x05, 0xCE,
	0x94, 0x05, 0x37, 0xFD, 0x05, 0x50, 0xFE, 0x05, 0xBA, 0x69, 0x06, 0xD3, 0x6A, 0x06, 0xBA, 0xD1,
	0x06, 0xD3, 0xD2, 0x06, 0x42, 0x52, 0x4E, 0x4A, 0x02, 0x3F, 0x00, 0x00, 0x33, 0x01, 0x00, 0x42,
	0x49, 0x32, 0x4A, 0x02, 0x3F, 0x00, 0x00, 0x06, 0x01, 0x00, 0x42, 0x47, 0x54, 0x50, 0x02, 0x3F,
	0x00, 0x00, 0x06, 0x01, 0x00, 0x42, 0x5A, 0x4D, 0x4A, 0x02, 0x3F, 0x00, 0x00, 0xD0, 0x5A, 0x00,
	0x42, 0x58, 0x41, 0x45, 0x01, 0x8E, 0x00, 0x00, 0x46, 0x4C, 0x42, 0x45, 0x00, 0x46, 0x41, 0x44,
	0x45, 0x00, 0x46, 0x44, 0x4D, 0x45, 0x00, 0x46, 0x4D, 0x52, 0x45, 0x00, 0x42, 0x49, 0x43, 0x45,
	0x01, 0x40, 0x00, 0x00, 0x42, 0x45, 0x4C, 0x45, 0x02, 0x89, 0x00, 0x00, 0xB8, 0x03, 0x00, 0x42,
	0x33, 0x41, 0x45, 0x03, 0x4E, 0x00, 0x00, 0x9E, 0x6E, 0x00, 0xBB, 0x6F, 0x00, 0x42, 0x53, 0x49,
	0x58, 0x01, 0x60, 0x85, 0x00, 0x42, 0x44, 0x36, 0x45, 0x02, 0x8F, 0x00, 0x00, 0x3D, 0x55, 0x07,
	0x42, 0x50, 0x58, 0x45, 0x02, 0xC7, 0x26, 0x00, 0x68, 0x3A, 0x00, 0x42, 0x53, 0x4D, 0x45, 0x02,
	0x71, 0x00, 0x00, 0x98, 0x00, 0x00, 0x42, 0x53, 0x56, 0x45, 0x01, 0x4A, 0x00, 0x00, 0x42, 0x4F,
	0x43, 0x45, 0x02, 0x44, 0x00, 0x00, 0xF8, 0xA0, 0x00, 0x42, 0x5A, 0x4D, 0x50, 0x02, 0x42, 0x00,
	0x00, 0xE6, 0x5A, 0x00, 0x42, 0x46, 0x32, 0x44, 0x01, 0x40, 0x00, 0x00, 0x42, 0x50, 0x56, 0x50,
	0x01, 0x6C, 0x00, 0x00, 0x42, 0x5A, 0x49, 0x59, 0x02, 0x7A, 0x00, 0x00, 0xD2, 0x01, 0x00, 0x42,
	0x53, 0x4F, 0x45, 0x02, 0x3F, 0x00, 0x00, 0x0C, 0x01, 0x00, 0x42, 0x4E, 0x44, 0x45, 0x01, 0x15,
	0xAB, 0x00, 0x42, 0x38, 0x43, 0x4A, 0x02, 0x8C, 0x00, 0x00, 0x10, 0x01, 0x00, 0x42, 0x44, 0x4D,
	0x4A, 0x03, 0x3F, 0x00, 0x00, 0x1C, 0x01, 0x00, 0xD5, 0x2C, 0x00, 0x42, 0x44, 0x4C, 0x4A, 0x02,
	0x3F, 0x00, 0x00, 0xD2, 0x20, 0x00, 0x42, 0x4C, 0x59, 0x45, 0x02, 0x5A, 0x00, 0x00, 0x0F, 0x2C,
	0x00, 0x42, 0x43, 0x43, 0x58, 0x02, 0x71, 0x00, 0x00, 0xBE, 0x00, 0x00, 0x42, 0x49, 0x43, 0x58,
	0x01, 0x40, 0x00, 0x00, 0x42, 0x48, 0x45, 0x45, 0x01, 0x4C, 0x00, 0x00, 0x42, 0x47, 0x35, 0x45,
	0x01, 0x3F, 0x00, 0x00, 0x42, 0x50, 0x39, 0x45, 0x05, 0x3F, 0x00, 0x00, 0x40, 0x01, 0x00, 0x9E,
	0x36, 0x00, 0x48, 0x7A, 0x02, 0x2E, 0x7B, 0x02, 0x42, 0x4E, 0x46, 0x45, 0x02, 0x7E, 0x00, 0x00,
	0xCF, 0x18, 0x05, 0x42, 0x32, 0x44, 0x45, 0x04, 0x8A, 0x00, 0x00, 0xD5, 0x00, 0x00, 0x54, 0x51,
	0x00, 0x49, 0x52, 0x00, 0x42, 0x4D, 0x35, 0x50, 0x02, 0x8C, 0x00, 0x00, 0xD2, 0xCF, 0x00, 0x42,
	0x4B, 0x48, 0x50, 0x02, 0xB7, 0x00, 0x00, 0xFE, 0x0C, 0x00, 0x41, 0x44, 0x48, 0x50, 0x02, 0x3F,
	0x00, 0x00, 0xE2, 0x00, 0x00, 0x42, 0x54, 0x32, 0x50, 0x02, 0x8C, 0x00, 0x00, 0x7E, 0x3F, 0x00,
	0x42, 0x42, 0x32, 0x45, 0x02, 0x93, 0x00, 0x00, 0x38, 0x9E, 0x01, 0x42, 0x44, 0x56, 0x4A, 0x02,
	0x70, 0x00, 0x00, 0xC8, 0x2D, 0x04, 0x42, 0x52, 0x47, 0x45, 0x02, 0x7A, 0x00, 0x00, 0xBE, 0x00,
	0x00, 0x42, 0x53, 0x4D, 0x4A, 0x02, 0x71, 0x00, 0x00, 0x98, 0x00, 0x00, 0x41, 0x43, 0x54, 0x59,
	0x02, 0x6F, 0x00, 0x00, 0xD5, 0x00, 0x00, 0x42, 0x46, 0x55, 0x45, 0x00, 0x42, 0x41, 0x52, 0x50,
	0x06, 0x3F, 0x00, 0x00, 0xAA, 0x0A, 0x00, 0xA5, 0x01, 0x20, 0xF8, 0x01, 0x20, 0x23, 0xC1, 0x2F,
	0xD3, 0xC3, 0x2F, 0x42, 0x46, 0x4A, 0x4A, 0x02, 0x3F, 0x00, 0x00, 0x87, 0x00, 0x00, 0x42, 0x50,
	0x41, 0x45, 0x02, 0x93, 0x00, 0x00, 0xC0, 0x17, 0x02, 0x42, 0x44, 0x5A, 0x44, 0x05, 0x70, 0x00,
	0x00, 0x95, 0x01, 0x00, 0xC0, 0x5D, 0x10, 0x53, 0xBA, 0x2F, 0x03, 0xBD, 0x2F, 0x41, 0x39, 0x47,
	0x45, 0x01, 0x86, 0x00, 0x00, 0x41, 0x4C, 0x39, 0x45, 0x02, 0x40, 0x00, 0x00, 0x58, 0x00, 0x00,
	0x42, 0x49, 0x43, 0x44, 0x01, 0x40, 0x00, 0x00, 0x42, 0x41, 0x53, 0x4A, 0x02, 0x69, 0x00, 0x00,
	0x01, 0x09, 0x00, 0x42, 0x5A, 0x49, 0x4A, 0x02, 0x7A, 0x00, 0x00, 0xDF, 0x01, 0x00, 0x42, 0x54,
	0x4E, 0x50, 0x02, 0x3F, 0x00, 0x00, 0x4B, 0x05, 0x00, 0x42, 0x4C, 0x53, 0x50, 0x01, 0x5B, 0x00,
	0x00, 0x42, 0x42, 0x32, 0x50, 0x02, 0x93, 0x00, 0x00, 0x61, 0x9E, 0x01, 0x42, 0x4C, 0x59, 0x58,
	0x02, 0x5A, 0x00, 0x00, 0x11, 0x2C, 0x00, 0x42, 0x4D, 0x56, 0x50, 0x02, 0x3F, 0x00, 0x00, 0x9A,
	0x95, 0x00, 0x42, 0x34, 0x32, 0x4A, 0x02, 0x3F, 0x00, 0x00, 0x57, 0x01, 0x00, 0x42, 0x47, 0x57,
	0x4A, 0x0B, 0x87, 0x00, 0x00, 0x64, 0x01, 0x00, 0x87, 0x00, 0x0C, 0xBE, 0x43, 0x0C, 0xF1, 0x54,
	0x24, 0xFA, 0x36, 0x25, 0x23, 0x19, 0x26, 0x4C, 0xFB, 0x26, 0x9F, 0x3C, 0x2C, 0xC4, 0xED, 0x2D,
	0x7B, 0x37, 0x3B, 0x42, 0x52, 0x45, 0x4A, 0x02, 0x3F, 0x00, 0x00, 0x9B, 0x01, 0x00, 0x42, 0x50,
	0x34, 0x50, 0x02, 0x3F, 0x00, 0x00, 0x59, 0xDD, 0x09, 0x42, 0x46, 0x46, 0x45, 0x01, 0x56, 0x47,
	0x00, 0x42, 0x49, 0x43, 0x49, 0x01, 0x40, 0x00, 0x00, 0x42, 0x50, 0x4B, 0x50, 0x01, 0x6C, 0x00,
	0x00, 0x42, 0x50, 0x43, 0x50, 0x02, 0x93, 0x00, 0x00, 0xDA, 0xD3, 0x01, 0x42, 0x4A, 0x43, 0x4A,
	0x03, 0x1E, 0x07, 0x00, 0xA9, 0x00, 0x08, 0xA2, 0x01, 0x08, 0x42, 0x46, 0x46, 0x50, 0x01, 0x5E,
	0x47, 0x00, 0x42, 0x50, 0x37, 0x4A, 0x02, 0x87, 0x00, 0x00, 0xD0, 0x00, 0x00, 0x42, 0x4F, 0x43,
	0x4A, 0x02, 0x44, 0x00, 0x00, 0x39, 0xA1, 0x00, 0x42, 0x53, 0x46, 0x4A, 0x02, 0x3F, 0x00, 0x00,
	0x0D, 0x75, 0x00, 0x42, 0x32, 0x53, 0x4A, 0x02, 0x70, 0x00, 0x00, 0xD1, 0x00, 0x00, 0x42, 0x4C,
	0x50, 0x44, 0x05, 0x3F, 0x00, 0x00, 0x3E, 0x01, 0x00, 0xDA, 0x71, 0x20, 0x23, 0xFA, 0x3F, 0xDD,
	0xFB, 0x3F, 0x42, 0x53, 0x4E, 0x58, 0x02, 0x8E, 0x00, 0x00, 0xF4, 0x00, 0x00, 0x42, 0x44, 0x45,
	0x45, 0x01, 0x3F, 0x00, 0x00, 0x42, 0x44, 0x4F, 0x45, 0x01, 0xD5, 0xA2, 0x00, 0x42, 0x55, 0x4D,
	0x45, 0x02, 0x93, 0x00, 0x00, 0x6A, 0x61, 0x02, 0x42, 0x50, 0x49, 0x45, 0x02, 0x9B, 0x00, 0x00,
	0x00, 0xE4, 0x04, 0x4B, 0x59, 0x47, 0x4A, 0x02, 0x7B, 0x00, 0x00, 0xF3, 0x05, 0x00, 0x42, 0x44,
	0x45, 0x50, 0x01, 0x3F, 0x00, 0x00, 0x42, 0x50, 0x41, 0x50, 0x02, 0x93, 0x00, 0x00, 0xF0, 0x17,
	0x02, 0x42, 0x44, 0x46, 0x50, 0x05, 0xCB, 0x01, 0x00, 0x71, 0x00, 0x20, 0xA3, 0x00, 0x20, 0x72,
	0x41, 0x2F, 0x22, 0x44, 0x2F, 0x42, 0x53, 0x5A, 0x58, 0x03, 0x28, 0x90, 0x00, 0x41, 0x00, 0x20,
	0x73, 0x00, 0x20, 0x42, 0x52, 0x33, 0x50, 0x02, 0x46, 0x00, 0x00, 0x63, 0x01, 0x00, 0x42, 0x4C,
	0x50, 0x46, 0x05, 0x3F, 0x00, 0x00, 0x3E, 0x01, 0x00, 0xDA, 0x71, 0x20, 0x23, 0xFA, 0x3F, 0xDD,
	0xFB, 0x3F, 0x42, 0x38, 0x43, 0x45, 0x02, 0x8C, 0x00, 0x00, 0x10, 0x01, 0x00, 0x42, 0x46, 0x50,
	0x4A, 0x02, 0x70, 0x00, 0x00, 0x56, 0x0F, 0x00, 0x42, 0x4B, 0x35, 0x4A, 0x02, 0x3F, 0x00, 0x00,
	0xF2, 0x27, 0x00, 0x42, 0x33, 0x50, 0x4A, 0x20, 0x3F, 0x00, 0x00, 0xD1, 0x19, 0x00, 0x11, 0xDB,
	0x09, 0x2A, 0xDC, 0x09, 0xA4, 0x31, 0x0A, 0xBD, 0x32, 0x0A, 0xDC, 0x88, 0x0A, 0xF5, 0x89, 0x0A,
	0xA5, 0xE5, 0x0A, 0xBE, 0xE6, 0x0A, 0x10, 0x3F, 0x0B, 0x29, 0x40, 0x0B, 0xB9, 0x9B, 0x0B, 0xD2,
	0x9C, 0x0B, 0x16, 0xF3, 0x0B, 0x2F, 0xF4, 0x0B, 0x7B, 0x4F, 0x0C, 0x94, 0x50, 0x0C, 0xC9, 0xAB,
	0x0C, 0xE2, 0xAC, 0x0C, 0x8C, 0x0B, 0x0D, 0xA5, 0x0C, 0x0D, 0xE0, 0x65, 0x0D, 0xF9, 0x66, 0x0D,
	0xDA, 0xC7, 0x0D, 0xF3, 0xC8, 0x0D, 0xB6, 0x23, 0x0E, 0xCF, 0x24, 0x0E, 0x84, 0x7D, 0x0E, 0x9D,
	0x7E, 0x0E, 0x87, 0xD8, 0x0E, 0xA0, 0xD9, 0x0E, 0x42, 0x52, 0x42, 0x4A, 0x01, 0x7E, 0x00, 0x00,
	0x42, 0x49, 0x54, 0x4A, 0x02, 0x89, 0x00, 0x00, 0x72, 0x01, 0x00, 0x42, 0x53, 0x38, 0x4A, 0x03,
	0xB8, 0xCF, 0x00, 0x04, 0x3B, 0x3C, 0xC5, 0xCB, 0x3C, 0x42, 0x4B, 0x4A, 0x4A, 0x01, 0xC2, 0x0B,
	0x00, 0x42, 0x48, 0x44, 0x4A, 0x02, 0x8B, 0x00, 0x00, 0xCB, 0x43, 0x00, 0x42, 0x4B, 0x44, 0x4A,
	0x03, 0x5E, 0xF9, 0x00, 0xC2, 0x1F, 0x3C, 0x78, 0xB0, 0x3C, 0x42, 0x42, 0x53, 0x4A, 0x02, 0x71,
	0x00, 0x00, 0xAE, 0x00, 0x00, 0x42, 0x52, 0x5A, 0x44, 0x06, 0x3F, 0x00, 0x00, 0x65, 0x01, 0x00,
	0x73, 0x00, 0x10, 0xAC, 0x01, 0x10, 0x8E, 0xEE, 0x1F, 0x3E, 0xF1, 0x1F, 0x42, 0x53, 0x4D, 0x50,
	0x02, 0x71, 0x00, 0x00, 0x98, 0x00, 0x00, 0x42, 0x55, 0x4D, 0x50, 0x02, 0x93, 0x00, 0x00, 0xAA,
	0x62, 0x02, 0x42, 0x44, 0x55, 0x4A, 0x02, 0x86, 0x00, 0x00, 0x01, 0x04, 0x00, 0x42, 0x4C, 0x49,
	0x4A, 0x02, 0x3F, 0x00, 0x00, 0x60, 0x07, 0x00, 0x42, 0x4B, 0x56, 0x4A, 0x02, 0x3F, 0x00, 0x00,
	0x3E, 0x01, 0x00, 0x42, 0x4B, 0x55, 0x4A, 0x02, 0x3F, 0x00, 0x00, 0x3E, 0x01, 0x00, 0x42, 0x57,
	0x50, 0x4A, 0x02, 0x93, 0x00, 0x00, 0xDC, 0x00, 0x00, 0x42, 0x4A, 0x33, 0x4A, 0x02, 0x69, 0x00,
	0x00, 0x01, 0x09, 0x00, 0x42, 0x47, 0x4A, 0x4A, 0x02, 0x3F, 0x00, 0x00, 0x16, 0x01, 0x00, 0x42,
	0x47, 0x59, 0x4A, 0x01, 0x47, 0x00, 0x00, 0x42, 0x33, 0x41, 0x4A, 0x03, 0x4E, 0x00, 0x00, 0x14,
	0x6F, 0x00, 0x31, 0x70, 0x00, 0x41, 0x56, 0x52, 0x45, 0x01, 0xEF, 0xA8, 0x02, 0x42, 0x47, 0x4F,
	0x50, 0x01, 0x57, 0x00, 0x00, 0x42, 0x52, 0x41, 0x50, 0x02, 0x8C, 0x00, 0x00, 0xEC, 0x2E, 0x00,
	0x41, 0x45, 0x47, 0x45, 0x01, 0x55, 0x00, 0x00, 0x42, 0x33, 0x54, 0x4A, 0x02, 0x3F, 0x00, 0x00,
	0xD8, 0x00, 0x00, 0x41, 0x4A, 0x44, 0x50, 0x01, 0x92, 0x00, 0x00, 0x42, 0x59, 0x49, 0x4A, 0x02,
	0x87, 0x00, 0x00, 0x80, 0x62, 0x04, 0x42, 0x32, 0x4B, 0x4A, 0x02, 0x8F, 0x00, 0x00, 0xB3, 0x01,
	0x00, 0x41, 0x39, 0x42, 0x45, 0x02, 0x3F, 0x00, 0x00, 0x30, 0x01, 0x00, 0x41, 0x54, 0x45, 0x45,
	0x03, 0x3F, 0x00, 0x00, 0x48, 0x02, 0x00, 0xE8, 0x13, 0x00, 0x41, 0x46, 0x47, 0x45, 0x02, 0x71,
	0x00, 0x00, 0x4D, 0x5A, 0x00, 0x41, 0x4C, 0x41, 0x45, 0x02, 0x8C, 0x00, 0x00, 0x4E, 0x32, 0x00,
	0x42, 0x33, 0x35, 0x45, 0x03, 0x7F, 0x00, 0x00, 0x15, 0x01, 0x00, 0x7C, 0x01, 0x00, 0x42, 0x41,
	0x4A, 0x45, 0x04, 0x98, 0x00, 0x00, 0xA7, 0x83, 0x00, 0x21, 0xB7, 0x00, 0x0E, 0xB8, 0x00, 0x42,
	0x5A, 0x4D, 0x45, 0x02, 0x3F, 0x00, 0x00, 0xD5, 0x5A, 0x00, 0x42, 0x38, 0x4D, 0x4A, 0x02, 0x80,
	0x00, 0x00, 0xCE, 0x23, 0x00, 0x42, 0x4C, 0x42, 0x58, 0x04, 0xE8, 0x71, 0x00, 0x1A, 0xFB, 0x1F,
	0xD3, 0xFC, 0x1F, 0xC7, 0x87, 0x20, 0x42, 0x52, 0x58, 0x4A, 0x02, 0x8F, 0x00, 0x00, 0x93, 0x96,
	0x00, 0x41, 0x48, 0x39, 0x4A, 0x02, 0x3F, 0x00, 0x00, 0xF5, 0x00, 0x00, 0x42, 0x4F, 0x56, 0x4A,
	0x02, 0x71, 0x00, 0x00, 0x57, 0x0F, 0x00, 0x42, 0x4C, 0x59, 0x44, 0x02, 0x5A, 0x00, 0x00, 0x11,
	0x2C, 0x00, 0x42, 0x41, 0x44, 0x45, 0x02, 0x73, 0x00, 0x00, 0xA3, 0x19, 0x00, 0x42, 0x54, 0x33,
	0x4A, 0x02, 0x71, 0x00, 0x00, 0xD9, 0x02, 0x00, 0x42, 0x33, 0x51, 0x4A, 0x02, 0x93, 0x00, 0x00,
	0x21, 0x01, 0x00, 0x42, 0x33, 0x45, 0x4A, 0x02, 0x3F, 0x00, 0x00, 0xCA, 0x72, 0x01, 0x42, 0x47,
	0x38, 0x4A, 0x06, 0x8F, 0x00, 0x00, 0x96, 0x16, 0x00, 0x60, 0xC3, 0x09, 0xEF, 0xC3, 0x09, 0xB3,
	0xA8, 0x0A, 0x42, 0xA9, 0x0A, 0x41, 0x59, 0x50, 0x45, 0x01, 0xA3, 0xEF, 0x06, 0x41, 0x35, 0x55,
	0x50, 0x02, 0x3F, 0x00, 0x00, 0x3C, 0x01, 0x00, 0x42, 0x32, 0x52, 0x4A, 0x02, 0x77, 0x00, 0x00,
	0xBB, 0x00, 0x00, 0x42, 0x42, 0x4B, 0x50, 0x0B, 0xD4, 0x00, 0x00, 0xA8, 0x14, 0x22, 0x34, 0x1D,
	0x22, 0xA8, 0x25, 0x22, 0x16, 0x2E, 0x22, 0x95, 0x36, 0x22, 0xD2, 0x47, 0x22, 0xB3, 0x9E, 0x23,
	0xA7, 0x93, 0x24, 0xB7, 0x88, 0x25, 0x0D, 0x7D, 0x26, 0x41, 0x47, 0x47, 0x45, 0x01, 0x55, 0x00,
	0x00, 0x41, 0x52, 0x39, 0x50, 0x02, 0x3F, 0x00, 0x00, 0xA6, 0x0D, 0x00, 0x41, 0x52, 0x4F, 0x50,
	0x02, 0x4D, 0x00, 0x00, 0xF5, 0x09, 0x00, 0x42, 0x34, 0x57, 0x50, 0x01, 0x77, 0x00, 0x00, 0x42,
	0x48, 0x4C, 0x45, 0x02, 0x3F, 0x00, 0x00, 0x8F, 0x51, 0x00, 0x42, 0x57, 0x53, 0x45, 0x02, 0x3F,
	0x00, 0x00, 0x8F, 0x51, 0x00, 0x42, 0x57, 0x48, 0x45, 0x01, 0x62, 0x1D, 0x01, 0x41, 0x33, 0x4B,
	0x45, 0x02, 0x03, 0x01, 0x00, 0x77, 0x3B, 0x00, 0x41, 0x46, 0x48, 0x45, 0x02, 0x7F, 0x00, 0x00,
	0x24, 0x01, 0x00, 0x41, 0x5A, 0x4E, 0x45, 0x02, 0x0B, 0x01, 0x00, 0xE0, 0x43, 0x00, 0x41, 0x57,
	0x43, 0x45, 0x02, 0x03, 0x01, 0x00, 0xA9, 0x21, 0x00, 0x41, 0x38, 0x42, 0x45, 0x02, 0x3F, 0x00,
	0x00, 0x30, 0x01, 0x00, 0x41, 0x4F, 0x54, 0x45, 0x01, 0x8F, 0x47, 0x00, 0x42, 0x34, 0x42, 0x50,
	0x01, 0x77, 0x00, 0x00, 0x41, 0x58, 0x49, 0x45, 0x04, 0x71, 0x00, 0x00, 0xC5, 0x00, 0x00, 0xD3,
	0x00, 0x00, 0xCC, 0xE6, 0x0F, 0x41, 0x52, 0x55, 0x45, 0x02, 0x3F, 0x00, 0x00, 0x24, 0x01, 0x00,
	0x42, 0x47, 0x43, 0x50, 0x02, 0x72, 0x00, 0x00, 0x50, 0x5A, 0x03, 0x42, 0x59, 0x37, 0x45, 0x02,
	0x87, 0x00, 0x00, 0xE9, 0x6B, 0x04, 0x42, 0x41, 0x4A, 0x50, 0x04, 0x98, 0x00, 0x00, 0x19, 0x84,
	0x00, 0x93, 0xB7, 0x00, 0x80, 0xB8, 0x00, 0x42, 0x54, 0x41, 0x50, 0x02, 0x72, 0x00, 0x00, 0x54,
	0x12, 0x03, 0x42, 0x50, 0x4F, 0x58, 0x02, 0x3F, 0x00, 0x00, 0x64, 0x01, 0x00, 0x42, 0x4C, 0x56,
	0x4A, 0x02, 0x75, 0x00, 0x00, 0x3C, 0x7F, 0x02, 0x42, 0x43, 0x54, 0x45, 0x02, 0x53, 0x00, 0x00,
	0x4F, 0x08, 0x00, 0x42, 0x4B, 0x5A, 0x53, 0x01, 0x98, 0x27, 0x00, 0x42, 0x5A, 0x46, 0x4A, 0x02,
	0x3D, 0x00, 0x00, 0xD1, 0xD5, 0x01, 0x42, 0x49, 0x43, 0x53, 0x01, 0x40, 0x00, 0x00, 0x42, 0x5A,
	0x49, 0x58, 0x02, 0x7A, 0x00, 0x00, 0xD2, 0x01, 0x00, 0x41, 0x33, 0x51, 0x45, 0x02, 0x4E, 0x00,
	0x00, 0x64, 0x09, 0x02, 0x42, 0x41, 0x45, 0x45, 0x02, 0x89, 0x00, 0x00, 0x2D, 0x02, 0x00, 0x41,
	0x4E, 0x36, 0x45, 0x02, 0x71, 0x00, 0x00, 0x8B, 0x01, 0x00, 0x42, 0x47, 0x36, 0x45, 0x01, 0x6F,
	0x00, 0x00, 0x42, 0x52, 0x54, 0x45, 0x02, 0x3F, 0x00, 0x00, 0xFD, 0x7B, 0x00, 0x5A, 0x4D, 0x41,
	0x4A, 0x08, 0x72, 0x00, 0x00, 0xFA, 0x00, 0x00, 0x72, 0x00, 0x04, 0xFA, 0x00, 0x04, 0x72, 0x00,
	0x08, 0xFA, 0x00, 0x08, 0x72, 0x00, 0x0C, 0xFA, 0x00, 0x0C, 0x42, 0x52, 0x4B, 0x4A, 0x01, 0x7E,
	0x00, 0x00, 0x41, 0x4B, 0x51, 0x45, 0x01, 0x95, 0x00, 0x00, 0x42, 0x44, 0x53, 0x50, 0x01, 0xBD,
	0x00, 0x00, 0x41, 0x49, 0x50, 0x50, 0x07, 0x3F, 0x00, 0x00, 0x2E, 0x02, 0x00, 0xA4, 0x2A, 0x01,
	0xE5, 0x2B, 0x01, 0x36, 0x09, 0x1C, 0x11, 0x0A, 0x1C, 0x74, 0x0C, 0x1C, 0x42, 0x52, 0x41, 0x45,
	0x02, 0x8C, 0x00, 0x00, 0xEC, 0x2E, 0x00, 0x42, 0x53, 0x55, 0x49, 0x01, 0x04, 0x6E, 0x00, 0x41,
	0x41, 0x4F, 0x50, 0x02, 0x76, 0x00, 0x00, 0xA6, 0xA5, 0x00, 0x42, 0x59, 0x59, 0x50, 0x02, 0x71,
	0x00, 0x00, 0xDA, 0x00, 0x00, 0x41, 0x57, 0x47, 0x50, 0x04, 0x71, 0x00, 0x00, 0x32, 0x29, 0x00,
	0x2E, 0x2D, 0x00, 0x53, 0x2F, 0x00, 0x42, 0x57, 0x48, 0x50, 0x01, 0x9C, 0x1D, 0x01, 0x42, 0x52,
	0x54, 0x50, 0x02, 0x3F, 0x00, 0x00, 0xFD, 0x7B, 0x00, 0x42, 0x42, 0x48, 0x45, 0x01, 0x68, 0x2C,
	0x0E, 0x41, 0x32, 0x59, 0x45, 0x02, 0x3F, 0x00, 0x00, 0x7C, 0x02, 0x00, 0x42, 0x52, 0x4D, 0x45,
	0x02, 0x3F, 0x00, 0x00, 0x1A, 0x03, 0x00, 0x42, 0x4D, 0x4B, 0x4A, 0x02, 0x3F, 0x00, 0x00, 0x9B,
	0x17, 0x01, 0x41, 0x41, 0x57, 0x50, 0x02, 0x8C, 0x00, 0x00, 0xEA, 0x00, 0x00, 0x42, 0x47, 0x36,
	0x50, 0x01, 0x6F, 0x00, 0x00, 0x42, 0x4B, 0x41, 0x4A, 0x02, 0x8F, 0x00, 0x00, 0x49, 0x03, 0x00,
	0x42, 0x52, 0x59, 0x50, 0x01, 0x43, 0x00, 0x00, 0x42, 0x44, 0x46, 0x45, 0x05, 0xCB, 0x01, 0x00,
	0x71, 0x00, 0x20, 0xA3, 0x00, 0x20, 0x72, 0x41, 0x2F, 0x22, 0x44, 0x2F, 0x42, 0x43, 0x56, 0x45,
	0x05, 0x40, 0x00, 0x00, 0x88, 0x00, 0x10, 0xAD, 0x0B, 0x10, 0xA3, 0xEE, 0x1F, 0x74, 0xF0, 0x1F,
	0x42, 0x4B, 0x38, 0x4A, 0x02, 0x3F, 0x00, 0x00, 0xED, 0x00, 0x00, 0x42, 0x4D, 0x47, 0x50, 0x02,
	0x1F, 0x01, 0x00, 0x4A, 0x53, 0x00, 0x41, 0x51, 0x44, 0x53, 0x02, 0x3F, 0x00, 0x00, 0x3E, 0x01,
	0x00, 0x42, 0x4C, 0x44, 0x53, 0x06, 0x3F, 0x00, 0x00, 0x3E, 0x01, 0x00, 0x78, 0x00, 0x20, 0xCE,
	0x00, 0x20, 0x1C, 0xC4, 0x2F, 0xCC, 0xC6, 0x2F, 0x42, 0x44, 0x36, 0x50, 0x02, 0x8F, 0x00, 0x00,
	0x5F, 0x58, 0x07, 0x42, 0x44, 0x5A, 0x53, 0x05, 0x70, 0x00, 0x00, 0x95, 0x01, 0x00, 0xD1, 0x5D,
	0x10, 0xBF, 0xB9, 0x2F, 0x6F, 0xBC, 0x2F, 0x42, 0x43, 0x59, 0x45, 0x01, 0x71, 0x00, 0x00, 0x42,
	0x52, 0x59, 0x45, 0x01, 0x43, 0x00, 0x00, 0x42, 0x49, 0x4C, 0x50, 0x01, 0x60, 0x00, 0x00, 0x42,
	0x54, 0x39, 0x58, 0x01, 0x40, 0x00, 0x00, 0x42, 0x45, 0x45, 0x50, 0x02, 0x79, 0x00, 0x00, 0x2B,
	0x77, 0x00, 0x42, 0x50, 0x46, 0x50, 0x06, 0x3F, 0x00, 0x00, 0x86, 0x06, 0x00, 0x88, 0x94, 0x1D,
	0x8E, 0x9A, 0x1D, 0x52, 0xC4, 0x1E, 0x58, 0xCA, 0x1E, 0x41, 0x52, 0x47, 0x53, 0x02, 0x86, 0x00,
	0x00, 0x5F, 0x0B, 0x00, 0x42, 0x33, 0x36, 0x4A, 0x01, 0x05, 0x07, 0x00, 0x42, 0x4E, 0x59, 0x4A,
	0x02, 0x3F, 0x00, 0x00, 0x60, 0x07, 0x00, 0x42, 0x38, 0x4D, 0x45, 0x02, 0x80, 0x00, 0x00, 0xB5,
	0x24, 0x00, 0x42, 0x4C, 0x57, 0x45, 0x02, 0x5A, 0x00, 0x00, 0x24, 0x49, 0x00, 0x42, 0x39, 0x54,
	0x4A, 0x01, 0x4D, 0x6E, 0x00, 0x42, 0x4C, 0x44, 0x50, 0x06, 0x3F, 0x00, 0x00, 0x3E, 0x01, 0x00,
	0x78, 0x00, 0x20, 0xCE, 0x00, 0x20, 0x1C, 0xC4, 0x2F, 0xCC, 0xC6, 0x2F, 0x42, 0x44, 0x5A, 0x49,
	0x05, 0x70, 0x00, 0x00, 0x95, 0x01, 0x00, 0xD1, 0x5D, 0x10, 0xBF, 0xB9, 0x2F, 0x6F, 0xBC, 0x2F,
	0x42, 0x33, 0x4C, 0x50, 0x02, 0xB0, 0x00, 0x00, 0x6F, 0x08, 0x00, 0x42, 0x52, 0x32, 0x45, 0x02,
	0x65, 0x00, 0x00, 0xD1, 0x02, 0x00, 0x42, 0x59, 0x4F, 0x50, 0x02, 0x87, 0x00, 0x00, 0xEE, 0x6B,
	0x04, 0x42, 0x4F, 0x38, 0x4B, 0x03, 0x3F, 0x00, 0x00, 0x39, 0x01, 0x00, 0x10, 0x19, 0x00, 0x42,
	0x44, 0x56, 0x4B, 0x02, 0x70, 0x00, 0x00, 0xCC, 0x2D, 0x04, 0x41, 0x48, 0x4A, 0x45, 0x02, 0x89,
	0x00, 0x00, 0x2E, 0x04, 0x00, 0x42, 0x54, 0x5A, 0x45, 0x02, 0xB0, 0x00, 0x00, 0xA0, 0x08, 0x00,
	0x4D, 0x53, 0x33, 0x45, 0x00, 0x4D, 0x43, 0x4E, 0x45, 0x00, 0x4D, 0x44, 0x43, 0x45, 0x00, 0x4B,
	0x59, 0x47, 0x50, 0x02, 0x7B, 0x00, 0x00, 0xF1, 0x05, 0x00, 0x4D, 0x53, 0x52, 0x45, 0x00, 0x42,
	0x53, 0x56, 0x50, 0x01, 0x4A, 0x00, 0x00, 0x41, 0x50, 0x4F, 0x45, 0x01, 0x55, 0x00, 0x00, 0x42,
	0x34, 0x5A, 0x4A, 0x02, 0x6D, 0x00, 0x00, 0x1C, 0x03, 0x00, 0x42, 0x42, 0x52, 0x50, 0x01, 0xE6,
	0x86, 0x00, 0x42, 0x47, 0x32, 0x4A, 0x02, 0x8F, 0x00, 0x00, 0x42, 0x02, 0x00, 0x42, 0x51, 0x41,
	0x4A, 0x02, 0x3F, 0x00, 0x00, 0xCF, 0x34, 0x00, 0x42, 0x50, 0x38, 0x45, 0x02, 0x89, 0x00, 0x00,
	0x08, 0x01, 0x00, 0x42, 0x43, 0x55, 0x4A, 0x02, 0x3F, 0x00, 0x00, 0x62, 0x07, 0x00, 0x42, 0x49,
	0x50, 0x4A, 0x02, 0x8B, 0x00, 0x00, 0xD8, 0xF7, 0x00, 0x42, 0x54, 0x52, 0x4A, 0x02, 0x70, 0x00,
	0x00, 0x8C, 0x01, 0x00, 0x41, 0x57, 0x58, 0x50, 0x02, 0x70, 0x00, 0x00, 0x2A, 0x01, 0x00, 0x42,
	0x54, 0x4C, 0x4A, 0x04, 0x3F, 0x00, 0x00, 0x78, 0x35, 0x00, 0xD0, 0x6C, 0x01, 0x6D, 0x7A, 0x01,
	0x42, 0x49, 0x43, 0x4A, 0x01, 0x40, 0x00, 0x00, 0x42, 0x50, 0x45, 0x45, 0x03, 0x90, 0x00, 0x00,
	0xBA, 0x01, 0x00, 0x90, 0xA8, 0x26, 0x42, 0x33, 0x4C, 0x45, 0x02, 0xB0, 0x00, 0x00, 0x6D, 0x08,
	0x00, 0x4D, 0x46, 0x50, 0x45, 0x00, 0x42, 0x38, 0x43, 0x50, 0x02, 0x8C, 0x00, 0x00, 0x21, 0x01,
	0x00, 0x42, 0x52, 0x39, 0x4A, 0x02, 0x3F, 0x00, 0x00, 0xEC, 0x00, 0x00, 0x42, 0x51, 0x42, 0x4A,
	0x02, 0x3F, 0x00, 0x00, 0x09, 0x01, 0x00, 0x42, 0x51, 0x53, 0x4A, 0x02, 0x3F, 0x00, 0x00, 0x09,
	0x01, 0x00, 0x42, 0x45, 0x33, 0x50, 0x03, 0x3F, 0x00, 0x00, 0xE6, 0xC1, 0x02, 0x38, 0xC2, 0x02,
	0x42, 0x4C, 0x41, 0x45, 0x02, 0x9B, 0x01, 0x00, 0xD8, 0x0B, 0x00, 0x4D, 0x43, 0x4D, 0x45, 0x00,
	0x41, 0x35, 0x35, 0x55, 0x01, 0x76, 0x00, 0x00, 0x42, 0x45, 0x38, 0x45, 0x02, 0x87, 0x00, 0x00,
	0xDC, 0x02, 0x00, 0x42, 0x45, 0x33, 0x45, 0x03, 0x3F, 0x00, 0x00, 0xDA, 0xC1, 0x02, 0x2C, 0xC2,
	0x02, 0x42, 0x44, 0x5A, 0x50, 0x05, 0x70, 0x00, 0x00, 0x95, 0x01, 0x00, 0xC0, 0x5D, 0x10, 0x94,
	0xBA, 0x2F, 0x52, 0xBF, 0x2F, 0x52, 0x5A, 0x57, 0x45, 0x02, 0x7A, 0x00, 0x00, 0xED, 0x00, 0x00,
	0x42, 0x4B, 0x50, 0x4A, 0x02, 0x3F, 0x00, 0x00, 0x08, 0x01, 0x00, 0x42, 0x38, 0x32, 0x4A, 0x03,
	0x71, 0x00, 0x00, 0x28, 0xC2, 0x01, 0x74, 0xC7, 0x01, 0x42, 0x57, 0x58, 0x4A, 0x01, 0x72, 0x00,
	0x00, 0x42, 0x47, 0x5A, 0x45, 0x01, 0xC9, 0x30, 0x00, 0x42, 0x4C, 0x35, 0x50, 0x04, 0x4C, 0x00,
	0x00, 0xBF, 0xC0, 0x1F, 0x6F, 0xC3, 0x1F, 0x47, 0x00, 0x20, 0x42, 0x42, 0x4B, 0x4A, 0x03, 0xD6,
	0x00, 0x00, 0xB2, 0xC0, 0x19, 0x0A, 0xD2, 0x19, 0x42, 0x57, 0x42, 0x44, 0x05, 0x3F, 0x00, 0x00,
	0x3E, 0x01, 0x00, 0xBF, 0xC0, 0x1F, 0x6F, 0xC3, 0x1F, 0xC7, 0x87, 0x20, 0x42, 0x43, 0x56, 0x50,
	0x05, 0x40, 0x00, 0x00, 0x88, 0x00, 0x10, 0xAD, 0x0B, 0x10, 0xA3, 0xEE, 0x1F, 0x74, 0xF0, 0x1F,
	0x42, 0x57, 0x42, 0x53, 0x05, 0x3F, 0x00, 0x00, 0x3E, 0x01, 0x00, 0xBF, 0xC0, 0x1F, 0x6F, 0xC3,
	0x1F, 0xC7, 0x87, 0x20, 0x55, 0x33, 0x32, 0x50, 0x02, 0xD0, 0x00, 0x00, 0x45, 0xBF, 0x08, 0x42,
	0x38, 0x4D, 0x50, 0x04, 0x80, 0x00, 0x00, 0x59, 0x25, 0x00, 0x76, 0x23, 0x0E, 0x3D, 0x60, 0x0E,
	0x42, 0x52, 0x4B, 0x50, 0x01, 0x7E, 0x00, 0x00, 0x42, 0x52, 0x42, 0x50, 0x01, 0x7E, 0x00, 0x00,
	0x41, 0x4D, 0x57, 0x50, 0x01, 0x88, 0x00, 0x00, 0x41, 0x4F, 0x49, 0x50, 0x01, 0xBB, 0x03, 0x00,
	0x42, 0x4C, 0x59, 0x49, 0x02, 0x5A, 0x00, 0x00, 0x11, 0x2C, 0x00, 0x41, 0x57, 0x51, 0x50, 0x02,
	0x44, 0x00, 0x00, 0x4C, 0x01, 0x00, 0x42, 0x42, 0x47, 0x45, 0x01, 0x38, 0xA6, 0x00, 0x4B, 0x59,
	0x47, 0x45, 0x02, 0x7B, 0x00, 0x00, 0xF3, 0x05, 0x00, 0x42, 0x44, 0x56, 0x50, 0x02, 0x70, 0x00,
	0x00, 0x39, 0x35, 0x04, 0x42, 0x4E, 0x47, 0x4A, 0x02, 0x3F, 0x00, 0x00, 0xBA, 0x6D, 0x00, 0x41,
	0x46, 0x52, 0x50, 0x02, 0x8B, 0x00, 0x00, 0x1D, 0x02, 0x00, 0x42, 0x34, 0x52, 0x4A, 0x02, 0x3F,
	0x00, 0x00, 0xC5, 0x01, 0x00, 0x42, 0x50, 0x44, 0x4A, 0x03, 0x3F, 0x00, 0x00, 0x23, 0x01, 0x00,
	0x36, 0x5D, 0x05, 0x42, 0x34, 0x4B, 0x4A, 0x02, 0x3F, 0x00, 0x00, 0xC5, 0x01, 0x00, 0x41, 0x50,
	0x52, 0x46, 0x02, 0x73, 0x00, 0x00, 0xAC, 0x01, 0x00, 0x42, 0x32, 0x41, 0x50, 0x03, 0xEC, 0x00,
	0x00, 0xE1, 0xFA, 0x00, 0x52, 0xC0, 0x31, 0x42, 0x38, 0x46, 0x45, 0x04, 0x28, 0x01, 0x00, 0x2C,
	0x22, 0x00, 0x56, 0x25, 0x00, 0x69, 0x25, 0x00, 0x42, 0x52, 0x4B, 0x45, 0x01, 0x7E, 0x00, 0x00,
	0x42, 0x4B, 0x36, 0x4A, 0x02, 0x3F, 0x00, 0x00, 0xEA, 0x00, 0x00, 0x42, 0x4B, 0x52, 0x4A, 0x08,
	0x8F, 0x00, 0x00, 0x43, 0x02, 0x00, 0x8F, 0x24, 0x1F, 0x12, 0x25, 0x1F, 0x3D, 0x25, 0x1F, 0x8F,
	0x80, 0x1F, 0x12, 0x81, 0x1F, 0x3D, 0x81, 0x1F, 0x42, 0x52, 0x42, 0x45, 0x01, 0x7E, 0x00, 0x00,
	0x42, 0x4D, 0x51, 0x45, 0x02, 0x3F, 0x00, 0x00, 0xA0, 0x00, 0x00, 0x42, 0x47, 0x5A, 0x58, 0x01,
	0xEA, 0x30, 0x00, 0x42, 0x46, 0x34, 0x45, 0x01, 0x3F, 0x00, 0x00, 0x42, 0x52, 0x45, 0x45, 0x02,
	0x3F, 0x00, 0x00, 0x9B, 0x01, 0x00, 0x42, 0x46, 0x43, 0x4A, 0x02, 0x6D, 0x00, 0x00, 0xC9, 0x02,
	0x00, 0x42, 0x43, 0x53, 0x50, 0x02, 0xC9, 0x24, 0x03, 0xBE, 0xA7, 0x12, 0x42, 0x4C, 0x50, 0x53,
	0x05, 0x3F, 0x00, 0x00, 0x3E, 0x01, 0x00, 0xBF, 0xC0, 0x1F, 0x6F, 0xC3, 0x1F, 0xE8, 0x71, 0x20,
	0x41, 0x5A, 0x57, 0x43, 0x02, 0x71, 0x00, 0x00, 0xD8, 0x00, 0x00, 0x42, 0x4D, 0x58, 0x43, 0x05,
	0x3F, 0x00, 0x00, 0x85, 0x04, 0x00, 0xF1, 0xE1, 0x16, 0x84, 0x54, 0x1E, 0xDC, 0x55, 0x1E, 0x42,
	0x4D, 0x32, 0x4A, 0x08, 0x8F, 0x01, 0x00, 0x8D, 0x4B, 0x03, 0xB4, 0x54, 0x03, 0xFE, 0x5C, 0x03,
	0x1F, 0x5D, 0x03, 0x03, 0x63, 0x03, 0x28, 0x63, 0x03, 0x4A, 0x63, 0x03, 0x42, 0x57, 0x43, 0x45,
	0x06, 0x71, 0x00, 0x00, 0xB8, 0x00, 0x00, 0x71, 0x6A, 0x00, 0x51, 0x6B, 0x00, 0x3D, 0xC4, 0x00,
	0x8E, 0x00, 0x10, 0x42, 0x45, 0x4A, 0x4A, 0x02, 0x8C, 0x00, 0x00, 0x1E, 0x01, 0x00, 0x42, 0x4D,
	0x39, 0x4A, 0x02, 0x3F, 0x00, 0x00, 0x5F, 0x06, 0x00, 0x42, 0x4F, 0x35, 0x4A, 0x02, 0x3F, 0x00,
	0x00, 0x08, 0x01, 0x00, 0x42, 0x46, 0x34, 0x58, 0x01, 0x3F, 0x00, 0x00, 0x42, 0x38, 0x46, 0x50,
	0x04, 0x28, 0x01, 0x00, 0x2C, 0x22, 0x00, 0x56, 0x25, 0x00, 0x69, 0x25, 0x00, 0x42, 0x4C, 0x57,
	0x4A, 0x02, 0x5A, 0x00, 0x00, 0x66, 0x49, 0x00, 0x42, 0x35, 0x41, 0x50, 0x05, 0x71, 0x00, 0x00,
	0xF2, 0x08, 0x00, 0x41, 0xC0, 0x1F, 0xBD, 0xC0, 0x1F, 0xCE, 0xFD, 0x1F, 0x42, 0x35, 0x32, 0x50,
	0x05, 0x71, 0x00, 0x00, 0xD4, 0x02, 0x00, 0x21, 0xAB, 0x20, 0x01, 0xEB, 0x3F, 0x7D, 0xEB, 0x3F,
	0x42, 0x33, 0x36, 0x45, 0x01, 0x05, 0x07, 0x00, 0x42, 0x42, 0x4B, 0x45, 0x03, 0xD6, 0x00, 0x00,
	0x8F, 0xBE, 0x19, 0x03, 0xD0, 0x19, 0x42, 0x52, 0x53, 0x50, 0x06, 0xAB, 0x00, 0x00, 0xB5, 0x9A,
	0x00, 0x71, 0x00, 0x10, 0xA3, 0x00, 0x10, 0x72, 0x41, 0x1F, 0x22, 0x44, 0x1F, 0x42, 0x41, 0x42,
	0x4A, 0x02, 0x7A, 0x00, 0x00, 0x11, 0x02, 0x00, 0x42, 0x43, 0x46, 0x45, 0x05, 0x8D, 0x00, 0x00,
	0x3F, 0x01, 0x00, 0x53, 0x05, 0x00, 0x81, 0x05, 0x00, 0x27, 0x0F, 0x1E, 0x42, 0x4C, 0x45, 0x4A,
	0x02, 0x3F, 0x00, 0x00, 0x22, 0x05, 0x00, 0x42, 0x4B, 0x4D, 0x4A, 0x01, 0x40, 0x00, 0x00, 0x42,
	0x4C, 0x53, 0x4A, 0x01, 0x5B, 0x00, 0x00, 0x42, 0x48, 0x36, 0x4A, 0x02, 0x3F, 0x00, 0x00, 0xC1,
	0x00, 0x00, 0x42, 0x43, 0x46, 0x50, 0x05, 0x8D, 0x00, 0x00, 0x3F, 0x01, 0x00, 0x53, 0x05, 0x00,
	0x81, 0x05, 0x00, 0x27, 0x0F, 0x1E, 0x41, 0x50, 0x44, 0x50, 0x02, 0x7D, 0x00, 0x00, 0xB2, 0x00,
	0x00, 0x42, 0x46, 0x47, 0x45, 0x01, 0x40, 0x01, 0x00, 0x42, 0x46, 0x4D, 0x4A, 0x02, 0x3F, 0x00,
	0x00, 0x71, 0x12, 0x00, 0x42, 0x4B, 0x45, 0x4A, 0x02, 0x3F, 0x00, 0x00, 0x2F, 0x01, 0x00, 0x55,
	0x33, 0x33, 0x4A, 0x02, 0xD0, 0x00, 0x00, 0x6A, 0x4F, 0x08, 0x42, 0x51, 0x50, 0x45, 0x01, 0x42,
	0x00, 0x00, 0x42, 0x48, 0x46, 0x4A, 0x02, 0x3F, 0x00, 0x00, 0x08, 0x01, 0x00, 0x42, 0x4D, 0x57,
	0x4A, 0x02, 0x3F, 0x00, 0x00, 0x08, 0x01, 0x00, 0x42, 0x57, 0x4E, 0x4A, 0x02, 0x3F, 0x00, 0x00,
	0x08, 0x01, 0x00, 0x42, 0x5A, 0x53, 0x45, 0x01, 0x42, 0x00, 0x00, 0x42, 0x32, 0x4D, 0x45, 0x02,
	0x3F, 0x00, 0x00, 0x31, 0x01, 0x00, 0x42, 0x4D, 0x5A, 0x50, 0x03, 0x3F, 0x00, 0x00, 0xB0, 0x0C,
	0x00, 0x0C, 0x0D, 0x00, 0x42, 0x52, 0x5A, 0x46, 0x06, 0x3F, 0x00, 0x00, 0x65, 0x01, 0x00, 0x83,
	0xFD, 0x0F, 0xBC, 0xFE, 0x0F, 0xD3, 0xEB, 0x1F, 0x83, 0xEE, 0x1F, 0x42, 0x36, 0x4D, 0x45, 0x02,
	0xAB, 0x00, 0x00, 0x3B, 0x40, 0x00, 0x42, 0x54, 0x34, 0x45, 0x00, 0x42, 0x4B, 0x54, 0x50, 0x02,
	0x3F, 0x00, 0x00, 0xC9, 0x00, 0x00, 0x42, 0x47, 0x56, 0x45, 0x01, 0x3F, 0x00, 0x00, 0x42, 0x42,
	0x4A, 0x50, 0x05, 0x28, 0x90, 0x00, 0x89, 0x00, 0x20, 0x1F, 0x02, 0x20, 0xD5, 0x59, 0x2F, 0x85,
	0x5C, 0x2F, 0x42, 0x53, 0x37, 0x50, 0x03, 0x74, 0x07, 0x00, 0xAE, 0x6E, 0x02, 0x47, 0xA6, 0x22,
	0x42, 0x47, 0x5A, 0x50, 0x01, 0xC9, 0x30, 0x00, 0x41, 0x4E, 0x49, 0x50, 0x01, 0x62, 0x00, 0x00,
	0x42, 0x50, 0x35, 0x50, 0x02, 0x3F, 0x00, 0x00, 0x34, 0x50, 0x09, 0x42, 0x51, 0x4D, 0x4A, 0x02,
	0x3F, 0x00, 0x00, 0x08, 0x01, 0x00, 0x42, 0x32, 0x50, 0x4A, 0x02, 0x3F, 0x00, 0x00, 0x08, 0x01,
	0x00, 0x41, 0x48, 0x4E, 0x50, 0x01, 0x70, 0x00, 0x00, 0x42, 0x33, 0x47, 0x45, 0x02, 0x8E, 0x00,
	0x00, 0x5B, 0x0E, 0x00, 0x42, 0x4C, 0x33, 0x45, 0x01, 0x65, 0x00, 0x00, 0x42, 0x32, 0x4F, 0x4A,
	0x02, 0x3F, 0x00, 0x00, 0x08, 0x01, 0x00, 0x42, 0x32, 0x43, 0x50, 0x02, 0x93, 0x00, 0x00, 0x41,
	0x09, 0x02, 0x41, 0x58, 0x44, 0x50, 0x01, 0x70, 0x00, 0x00, 0x42, 0x36, 0x36, 0x45, 0x01, 0x6F,
	0x00, 0x00, 0x42, 0x36, 0x45, 0x45, 0x01, 0x6F, 0x00, 0x00, 0x41, 0x45, 0x33, 0x50, 0x02, 0x73,
	0x00, 0x00, 0xA4, 0x00, 0x00, 0x41, 0x44, 0x58, 0x50, 0x03, 0x43, 0x00, 0x00, 0x2C, 0x02, 0x00,
	0x58, 0x02, 0x00, 0x42, 0x58, 0x33, 0x50, 0x04, 0x47, 0x00, 0x00, 0x8C, 0x00, 0x40, 0x0E, 0x01,
	0x40, 0xE3, 0x01, 0x40, 0x42, 0x58, 0x34, 0x45, 0x03, 0x47, 0x00, 0x00, 0x74, 0x5F, 0x1F, 0x12,
	0xC2, 0x20, 0x42, 0x50, 0x38, 0x50, 0x02, 0x89, 0x00, 0x00, 0x08, 0x01, 0x00, 0x41, 0x32, 0x54,
	0x50, 0x01, 0x86, 0x00, 0x00, 0x42, 0x39, 0x41, 0x4A, 0x03, 0x4D, 0x00, 0x00, 0xA6, 0x0B, 0x00,
	0x9D, 0x24, 0x00, 0x42, 0x58, 0x32, 0x45, 0x04, 0x74, 0x07, 0x00, 0x74, 0x80, 0x00, 0xA8, 0x81,
	0x00, 0xB2, 0x6C, 0x20, 0x42, 0x47, 0x5A, 0x53, 0x01, 0xD9, 0x30, 0x00, 0x41, 0x4A, 0x41, 0x50,
	0x02, 0x8E, 0x00, 0x00, 0x94, 0x34, 0x00, 0x42, 0x47, 0x50, 0x4A, 0x02, 0x8A, 0x00, 0x00, 0x6E,
	0x01, 0x00, 0x42, 0x54, 0x44, 0x4A, 0x02, 0x3F, 0x00, 0x00, 0x6A, 0x06, 0x00, 0x42, 0x36, 0x35,
	0x45, 0x02, 0xB0, 0x00, 0x00, 0xFC, 0x00, 0x00, 0x42, 0x36, 0x38, 0x45, 0x02, 0x44, 0x00, 0x00,
	0x3D, 0x44, 0x00, 0x42, 0x36, 0x5A, 0x45, 0x02, 0x3F, 0x00, 0x00, 0xFE, 0x00, 0x00, 0x42, 0x35,
	0x4E, 0x45, 0x02, 0x78, 0x00, 0x00, 0xC8, 0x1C, 0x00, 0x42, 0x36, 0x42, 0x45, 0x01, 0x5F, 0x00,
	0x00, 0x42, 0x36, 0x34, 0x45, 0x02, 0x71, 0x00, 0x00, 0xDF, 0x00, 0x00, 0x42, 0x36, 0x37, 0x45,
	0x02, 0xB0, 0x00, 0x00, 0x9C, 0x04, 0x00, 0x41, 0x43, 0x53, 0x45, 0x01, 0x8E, 0x00, 0x00, 0x42,
	0x52, 0x4C, 0x45, 0x01, 0x9A, 0x00, 0x00, 0x42, 0x4E, 0x43, 0x4A, 0x04, 0xBA, 0x00, 0x00, 0x0B,
	0xC0, 0x07, 0xC4, 0x49, 0x08, 0x03, 0xED, 0x08, 0x42, 0x4D, 0x49, 0x4A, 0x03, 0x93, 0x00, 0x00,
	0xDA, 0x00, 0x00, 0x31, 0x09, 0x32, 0x42, 0x58, 0x35, 0x50, 0x0B, 0x3F, 0x00, 0x00, 0x2F, 0x12,
	0x00, 0xCC, 0x5B, 0x02, 0x21, 0x65, 0x02, 0xB0, 0xBA, 0x02, 0xCE, 0xBD, 0x02, 0x30, 0xBE, 0x02,
	0x66, 0xD0, 0x02, 0x67, 0xD1, 0x02, 0x91, 0xE5, 0x02, 0xC0, 0xF8, 0x02, 0x42, 0x36, 0x45, 0x50,
	0x01, 0x6F, 0x00, 0x00, 0x41, 0x4A, 0x44, 0x45, 0x01, 0x92, 0x00, 0x00, 0x42, 0x46, 0x34, 0x50,
	0x01, 0x3F, 0x00, 0x00, 0x42, 0x36, 0x4A, 0x4A, 0x02, 0x3F, 0x00, 0x00, 0xC9, 0x00, 0x00, 0x42,
	0x54, 0x4D, 0x4A, 0x03, 0x2F, 0x01, 0x00, 0xE4, 0x4D, 0x00, 0xAF, 0x7C, 0x33, 0x42, 0x5A, 0x50,
	0x4A, 0x05, 0x8F, 0x11, 0x00, 0x0C, 0x96, 0x04, 0x94, 0x3B, 0x0F, 0x6E, 0x0D, 0x10, 0x11, 0x14,
	0x12, 0x42, 0x41, 0x4B, 0x50, 0x02, 0x6F, 0x00, 0x00, 0x9C, 0x39, 0x00, 0x42, 0x34, 0x5A, 0x50,
	0x02, 0x6D, 0x00, 0x00, 0x1C, 0x03, 0x00, 0x42, 0x59, 0x44, 0x50, 0x02, 0x3F, 0x00, 0x00, 0x4B,
	0x64, 0x00, 0x42, 0x53, 0x4F, 0x50, 0x02, 0x3F, 0x00, 0x00, 0x0D, 0x01, 0x00, 0x42, 0x45, 0x35,
	0x45, 0x02, 0x8E, 0x00, 0x00, 0xE6, 0x27, 0x00, 0x42, 0x50, 0x55, 0x53, 0x05, 0x60, 0x00, 0x00,
	0xE1, 0x00, 0x00, 0x40, 0x00, 0x20, 0xCF, 0x00, 0x30, 0x7F, 0x03, 0x30, 0x42, 0x52, 0x5A, 0x50,
	0x06, 0x3F, 0x00, 0x00, 0x65, 0x01, 0x00, 0x83, 0xFD, 0x0F, 0xBC, 0xFE, 0x0F, 0x4C, 0xEB, 0x1F,
	0xFC, 0xED, 0x1F, 0x41, 0x50, 0x38, 0x50, 0x01, 0x40, 0x00, 0x00, 0x42, 0x57, 0x32, 0x45, 0x02,
	0x71, 0x00, 0x00, 0xB0, 0x00, 0x00, 0x42, 0x57, 0x51, 0x45, 0x06, 0x71, 0x00, 0x00, 0x72, 0x04,
	0x00, 0x71, 0xD0, 0x0F, 0xB8, 0xD0, 0x0F, 0x71, 0x20, 0x10, 0xF8, 0x39, 0x10, 0x42, 0x52, 0x5A,
	0x45, 0x06, 0x3F, 0x00, 0x00, 0x65, 0x01, 0x00, 0x83, 0xFD, 0x0F, 0xBC, 0xFE, 0x0F, 0x4C, 0xEB,
	0x1F, 0xFC, 0xED, 0x1F, 0x42, 0x49, 0x4C, 0x45, 0x01, 0x60, 0x00, 0x00, 0x42, 0x36, 0x39, 0x45,
	0x02, 0x3F, 0x00, 0x00, 0xEB, 0x00, 0x00, 0x42, 0x36, 0x32, 0x45, 0x01, 0x6F, 0x00, 0x00, 0x42,
	0x52, 0x44, 0x45, 0x02, 0x3F, 0x00, 0x00, 0x64, 0x01, 0x00, 0x42, 0x58, 0x35, 0x45, 0x0B, 0x3F,
	0x00, 0x00, 0x2E, 0x12, 0x00, 0xD1, 0x5B, 0x02, 0x26, 0x65, 0x02, 0xB5, 0xBA, 0x02, 0xD3, 0xBD,
	0x02, 0x35, 0xBE, 0x02, 0x6B, 0xD0, 0x02, 0x6C, 0xD1, 0x02, 0x96, 0xE5, 0x02, 0xC5, 0xF8, 0x02,
	0x42, 0x32, 0x35, 0x45, 0x01, 0x42, 0x00, 0x00, 0x42, 0x36, 0x41, 0x45, 0x01, 0x6F, 0x00, 0x00,
	0x42, 0x4A, 0x57, 0x45, 0x02, 0x8E, 0x00, 0x00, 0x64, 0x42, 0x00, 0x42, 0x42, 0x45, 0x45, 0x04,
	0xAE, 0x8E, 0x00, 0x81, 0xD1, 0x0F, 0x20, 0xD2, 0x0F, 0x8B, 0x01, 0x10, 0x42, 0x54, 0x47, 0x50,
	0x02, 0xB5, 0x11, 0x00, 0x69, 0xFB, 0x00, 0x42, 0x55, 0x45, 0x45, 0x02, 0x7A, 0x00, 0x00, 0x78,
	0x01, 0x00, 0x42, 0x57, 0x45, 0x45, 0x00, 0x42, 0x43, 0x44, 0x45, 0x00, 0x42, 0x48, 0x5A, 0x45,
	0x05, 0x3F, 0x00, 0x00, 0xBF, 0x00, 0x1D, 0x6F, 0x03, 0x1D, 0x57, 0x00, 0x20, 0x41, 0x54, 0x20,
	0x56, 0x34, 0x39, 0x4A, 0x02, 0x90, 0x00, 0x00, 0x2E, 0x01, 0x00, 0x42, 0x42, 0x4F, 0x45, 0x02,
	0x71, 0x00, 0x00, 0x9E, 0x00, 0x00, 0x42, 0x55, 0x4C, 0x45, 0x01, 0xEB, 0x17, 0x00, 0x42, 0x4F,
	0x4E, 0x45, 0x02, 0x70, 0x00, 0x00, 0x2C, 0xCE, 0x01, 0x42, 0x46, 0x36, 0x45, 0x02, 0x9F, 0x00,
	0x00, 0xD6, 0x65, 0x01, 0x42, 0x42, 0x58, 0x44, 0x02, 0x7F, 0x00, 0x00, 0x09, 0x01, 0x00, 0x42,
	0x46, 0x4F, 0x45, 0x01, 0x5B, 0x00, 0x00, 0x42, 0x42, 0x45, 0x50, 0x04, 0xC8, 0x8E, 0x00, 0x81,
	0xD1, 0x0F, 0xFD, 0xD1, 0x0F, 0x7F, 0x01, 0x10, 0x42, 0x32, 0x43, 0x45, 0x02, 0x93, 0x00, 0x00,
	0x13, 0x09, 0x02, 0x42, 0x47, 0x58, 0x4A, 0x02, 0x71, 0x00, 0x00, 0xB5, 0x01, 0x00, 0x42, 0x34,
	0x5A, 0x45, 0x02, 0x6D, 0x00, 0x00, 0x1C, 0x03, 0x00, 0x42, 0x52, 0x52, 0x45, 0x02, 0x7A, 0x00,
	0x00, 0x2B, 0x02, 0x00, 0x42, 0x4E, 0x43, 0x45, 0x04, 0xBA, 0x00, 0x00, 0xB1, 0xC5, 0x07, 0xD0,
	0x5B, 0x08, 0xBF, 0x0D, 0x09, 0x42, 0x53, 0x36, 0x45, 0x02, 0x93, 0x00, 0x00, 0x65, 0x4B, 0x01,
	0x42, 0x45, 0x56, 0x45, 0x01, 0x42, 0x00, 0x00, 0x42, 0x36, 0x46, 0x50, 0x02, 0x3F, 0x00, 0x00,
	0xDA, 0x08, 0x00, 0x42, 0x33, 0x52, 0x50, 0x02, 0xC9, 0x08, 0x09, 0xAF, 0xA2, 0x19, 0x42, 0x55,
	0x4C, 0x58, 0x01, 0xEB, 0x17, 0x00, 0x42, 0x49, 0x49, 0x4A, 0x02, 0x3F, 0x00, 0x00, 0xCD, 0x00,
	0x00, 0x42, 0x59, 0x47, 0x4A, 0x02, 0x89, 0x00, 0x00, 0x84, 0x85, 0x03, 0x42, 0x42, 0x4C, 0x45,
	0x01, 0x42, 0x00, 0x00, 0x42, 0x59, 0x50, 0x50, 0x02, 0x5F, 0x00, 0x00, 0xA5, 0x00, 0x00, 0x42,
	0x47, 0x5A, 0x49, 0x01, 0xD9, 0x30, 0x00, 0x42, 0x46, 0x34, 0x49, 0x01, 0x3F, 0x00, 0x00, 0x42,
	0x43, 0x58, 0x45, 0x02, 0x9A, 0x00, 0x00, 0x2E, 0x01, 0x00, 0x4D, 0x43, 0x53, 0x45, 0x00, 0x42,
	0x44, 0x55, 0x50, 0x02, 0x3F, 0x00, 0x00, 0x57, 0x97, 0x0C, 0x42, 0x36, 0x5A, 0x50, 0x02, 0x3F,
	0x00, 0x00, 0xFE, 0x00, 0x00, 0x42, 0x50, 0x45, 0x44, 0x03, 0x90, 0x00, 0x00, 0xBA, 0x01, 0x00,
	0xA3, 0xEE, 0x26, 0x42, 0x35, 0x33, 0x50, 0x08, 0x39, 0x2F, 0x00, 0x30, 0x63, 0x3D, 0x36, 0xEF,
	0x3D, 0x47, 0xEC, 0x3E, 0xC3, 0xEC, 0x3E, 0xB6, 0x2B, 0x40, 0x6B, 0x86, 0x7C, 0x66, 0x12, 0x7D,
	0x42, 0x50, 0x45, 0x46, 0x03, 0x90, 0x00, 0x00, 0xBA, 0x01, 0x00, 0xA4, 0xB9, 0x26, 0x42, 0x59,
	0x46, 0x45, 0x02, 0x3F, 0x00, 0x00, 0x4D, 0x00, 0x00, 0x42, 0x4D, 0x37, 0x45, 0x01, 0x3F, 0x2B,
	0x00, 0x42, 0x50, 0x45, 0x53, 0x03, 0x90, 0x00, 0x00, 0xBA, 0x01, 0x00, 0x46, 0xB3, 0x26, 0x42,
	0x32, 0x36, 0x45, 0x02, 0x8C, 0x00, 0x00, 0x93, 0x21, 0x00, 0x42, 0x44, 0x55, 0x45, 0x02, 0x3F,
	0x00, 0x00, 0x86, 0x95, 0x0C, 0x42, 0x51, 0x51, 0x45, 0x02, 0x8E, 0x00, 0x00, 0xC5, 0x26, 0x00,
	0x42, 0x48, 0x39, 0x45, 0x01, 0xA0, 0xEF, 0x00, 0x42, 0x36, 0x42, 0x50, 0x01, 0x5F, 0x00, 0x00,
	0x42, 0x38, 0x41, 0x45, 0x06, 0xCE, 0x01, 0x00, 0x21, 0xAB, 0x20, 0x6D, 0x98, 0x3F, 0x0D, 0x99,
	0x3F, 0x41, 0xD4, 0x3F, 0xE0, 0xD4, 0x3F, 0x42, 0x32, 0x48, 0x50, 0x04, 0x89, 0x00, 0x00, 0x2E,
	0x04, 0x00, 0x99, 0x1B, 0x10, 0xD6, 0x1B, 0x10, 0x42, 0x4D, 0x37, 0x58, 0x01, 0x4F, 0x2B, 0x00,
	0x42, 0x48, 0x47, 0x45, 0x02, 0x71, 0x00, 0x00, 0xB5, 0x01, 0x00, 0x42, 0x43, 0x4D, 0x4A, 0x02,
	0x71, 0x00, 0x00, 0xB6, 0x0A, 0x00, 0x42, 0x39, 0x42, 0x4A, 0x03, 0x4D, 0x00, 0x00, 0xA6, 0x0B,
	0x00, 0x9D, 0x24, 0x00, 0x42, 0x45, 0x35, 0x50, 0x02, 0x8E, 0x00, 0x00, 0xEB, 0x27, 0x00, 0x42,
	0x43, 0x48, 0x45, 0x01, 0x42, 0x00, 0x00, 0x42, 0x55, 0x5A, 0x45, 0x01, 0xC7, 0x00, 0x00, 0x42,
	0x34, 0x36, 0x45, 0x02, 0x44, 0x00, 0x00, 0xBB, 0x93, 0x00, 0x42, 0x45, 0x41, 0x50, 0x02, 0x6F,
	0x00, 0x00, 0x56, 0x56, 0x00, 0x42, 0x50, 0x45, 0x49, 0x03, 0x90, 0x00, 0x00, 0xBA, 0x01, 0x00,
	0x2B, 0x9B, 0x26, 0x42, 0x57, 0x54, 0x50, 0x01, 0x5B, 0x00, 0x00, 0x41, 0x49, 0x44, 0x46, 0x01,
	0x43, 0x00, 0x00, 0x42, 0x33, 0x52, 0x45, 0x02, 0xCD, 0x08, 0x09, 0xAF, 0xA2, 0x19, 0x42, 0x4E,
	0x55, 0x45, 0x01, 0x5B, 0x00, 0x00, 0x42, 0x34, 0x44, 0x45, 0x02, 0xB0, 0x00, 0x00, 0x05, 0x01,
	0x00, 0x42, 0x5A, 0x50, 0x50, 0x0D, 0x69, 0x13, 0x00, 0xA9, 0x90, 0x02, 0x0D, 0xCA, 0x08, 0xA8,
	0x94, 0x09, 0x78, 0x5F, 0x0A, 0xFD, 0x29, 0x0B, 0xE5, 0xF2, 0x0B, 0x8C, 0x0D, 0x10, 0xA7, 0x40,
	0x12, 0xDA, 0xF1, 0x12, 0x2F, 0xA4, 0x13, 0x80, 0x56, 0x14, 0xF9, 0x08, 0x15, 0x42, 0x44, 0x51,
	0x50, 0x02, 0x94, 0x00, 0x00, 0xD3, 0x00, 0x00, 0x42, 0x45, 0x38, 0x50, 0x02, 0x87, 0x00, 0x00,
	0xDE, 0x02, 0x00, 0x42, 0x36, 0x39, 0x50, 0x02, 0x3F, 0x00, 0x00, 0xEB, 0x00, 0x00, 0x42, 0x57,
	0x35, 0x50, 0x0C, 0x3F, 0x00, 0x00, 0xDB, 0x0A, 0x00, 0x7D, 0x80, 0x01, 0x2D, 0x82, 0x01, 0xF0,
	0x49, 0x1D, 0x73, 0x4A, 0x1D, 0xA9, 0xE7, 0x1D, 0x31, 0xE8, 0x1D, 0x5B, 0x65, 0x1E, 0xE5, 0x65,
	0x1E, 0x70, 0x00, 0x20, 0x1E, 0x02, 0x20, 0x42, 0x36, 0x33, 0x45, 0x01, 0x4A, 0x00, 0x00, 0x42,
	0x44, 0x51, 0x45, 0x02, 0x94, 0x00, 0x00, 0xD3, 0x00, 0x00, 0x42, 0x54, 0x56, 0x45, 0x02, 0x8C,
	0x00, 0x00, 0x79, 0x11, 0x03, 0x42, 0x48, 0x47, 0x50, 0x02, 0x71, 0x00, 0x00, 0xB5, 0x01, 0x00,
	0x42, 0x48, 0x38, 0x45, 0x02, 0x55, 0x00, 0x00, 0xF5, 0x74, 0x01, 0x42, 0x34, 0x55, 0x45, 0x03,
	0x4E, 0x00, 0x00, 0x70, 0x58, 0x00, 0x69, 0x59, 0x00, 0x42, 0x57, 0x39, 0x50, 0x0A, 0x3F, 0x00,
	0x00, 0xDA, 0x0A, 0x00, 0x68, 0x00, 0x08, 0xCF, 0x01, 0x08, 0x98, 0x20, 0x17, 0x0B, 0x21, 0x17,
	0x33, 0x30, 0x17, 0x96, 0x31, 0x17, 0xA2, 0x00, 0x20, 0xB6, 0x03, 0x20, 0x42, 0x36, 0x38, 0x50,
	0x02, 0x44, 0x00, 0x00, 0x0D, 0x45, 0x00, 0x42, 0x57, 0x36, 0x50, 0x10, 0x3F, 0x00, 0x00, 0xDB,
	0x0A, 0x00, 0x7D, 0x80, 0x01, 0x2D, 0x82, 0x01, 0xF0, 0x49, 0x1D, 0x73, 0x4A, 0x1D, 0xA9, 0xE7,
	0x1D, 0x31, 0xE8, 0x1D, 0x5B, 0x65, 0x1E, 0xE5, 0x65, 0x1E, 0x3F, 0x00, 0x40, 0x89, 0x58, 0x40,
	0xA4, 0x58, 0x40, 0xDD, 0x58, 0x40, 0x4A, 0x61, 0x40, 0x3E, 0x70, 0x7C, 0x42, 0x57, 0x34, 0x50,
	0x0A, 0x3F, 0x00, 0x00, 0xDA, 0x0A, 0x00, 0x70, 0x00, 0x20, 0x1E, 0x02, 0x20, 0x3F, 0x00, 0x40,
	0x89, 0x58, 0x40, 0xA4, 0x58, 0x40, 0xDD, 0x58, 0x40, 0x4A, 0x61, 0x40, 0x3E, 0x70, 0x7C, 0x42,
	0x49, 0x51, 0x58, 0x01, 0x40, 0x00, 0x00, 0x42, 0x4C, 0x51, 0x50, 0x05, 0x8C, 0x00, 0x00, 0x5C,
	0x03, 0x00, 0x5B, 0x00, 0x20, 0xCA, 0xA0, 0x3F, 0x82, 0xA3, 0x3F, 0x42, 0x49, 0x42, 0x45, 0x02,
	0x71, 0x00, 0x00, 0x23, 0x07, 0x00, 0x42, 0x4B, 0x51, 0x50, 0x03, 0x3F, 0x00, 0x00, 0x03, 0xFA,
	0x01, 0x55, 0xFA, 0x01, 0x42, 0x46, 0x33, 0x45, 0x02, 0xB7, 0x00, 0x00, 0x99, 0x0C, 0x00, 0x42,
	0x48, 0x39, 0x58, 0x01, 0xBD, 0xF3, 0x00, 0x42, 0x34, 0x55, 0x50, 0x03, 0x4E, 0x00, 0x00, 0x70,
	0x58, 0x00, 0x69, 0x59, 0x00, 0x42, 0x51, 0x51, 0x58, 0x02, 0x8E, 0x00, 0x00, 0xC8, 0x26, 0x00,
	0x42, 0x46, 0x4F, 0x50, 0x01, 0x5B, 0x00, 0x00, 0x42, 0x32, 0x34, 0x4A, 0x02, 0x3F, 0x00, 0x00,
	0x69, 0x2D, 0x00, 0x42, 0x54, 0x4D, 0x50, 0x03, 0x2B, 0x01, 0x00, 0xEA, 0x4D, 0x00, 0x76, 0x09,
	0x3C, 0x42, 0x45, 0x54, 0x45, 0x01, 0x66, 0x00, 0x00, 0x42, 0x38, 0x36, 0x45, 0x00, 0x42, 0x48,
	0x34, 0x45, 0x01, 0x3F, 0x00, 0x00, 0x42, 0x36, 0x41, 0x50, 0x01, 0x6F, 0x00, 0x00, 0x42, 0x32,
	0x57, 0x45, 0x03, 0x4E, 0x00, 0x00, 0x3F, 0x6E, 0x00, 0x42, 0x6F, 0x00, 0x42, 0x36, 0x32, 0x50,
	0x01, 0x6F, 0x00, 0x00, 0x42, 0x36, 0x34, 0x50, 0x02, 0x71, 0x00, 0x00, 0xE0, 0x00, 0x00, 0x42,
	0x52, 0x52, 0x44, 0x02, 0x7A, 0x00, 0x00, 0x2B, 0x02, 0x00, 0x42, 0x54, 0x55, 0x50, 0x02, 0x40,
	0x00, 0x00, 0x26, 0x19, 0x09, 0x42, 0x4E, 0x57, 0x45, 0x02, 0x7E, 0x00, 0x00, 0x83, 0x40, 0x05,
	0x42, 0x49, 0x51, 0x45, 0x01, 0x40, 0x00, 0x00, 0x42, 0x55, 0x41, 0x45, 0x03, 0x8A, 0x00, 0x00,
	0x27, 0x01, 0x00, 0x26, 0x48, 0x00, 0x42, 0x52, 0x36, 0x4A, 0x01, 0x7E, 0x00, 0x00, 0x42, 0x52,
	0x35, 0x4A, 0x01, 0x7E, 0x00, 0x00, 0x42, 0x57, 0x49, 0x50, 0x00, 0x42, 0x51, 0x54, 0x50, 0x01,
	0x96, 0x00, 0x00, 0x42, 0x42, 0x41, 0x45, 0x01, 0x6F, 0x00, 0x00, 0x42, 0x54, 0x36, 0x45, 0x01,
	0x81, 0x00, 0x00, 0x42, 0x4F, 0x46, 0x44, 0x01, 0xB8, 0x00, 0x00, 0x42, 0x33, 0x36, 0x50, 0x01,
	0x05, 0x07, 0x00, 0x42, 0x5A, 0x50, 0x45, 0x09, 0x96, 0x11, 0x00, 0x88, 0x90, 0x02, 0x21, 0x55,
	0x05, 0x75, 0x0D, 0x10, 0xA4, 0x13, 0x12, 0xD9, 0xC4, 0x12, 0x1B, 0x79, 0x13, 0x5F, 0x2B, 0x14,
	0x6D, 0xDD, 0x14, 0x42, 0x46, 0x4C, 0x50, 0x01, 0x6F, 0x00, 0x00, 0x42, 0x4D, 0x37, 0x59, 0x01,
	0x4F, 0x2B, 0x00, 0x42, 0x43, 0x52, 0x50, 0x01, 0x96, 0x00, 0x00, 0x42, 0x46, 0x4B, 0x45, 0x01,
	0x5F, 0x00, 0x00, 0x42, 0x45, 0x41, 0x45, 0x02, 0x6F, 0x00, 0x00, 0x48, 0x55, 0x00, 0x42, 0x44,
	0x37, 0x45, 0x02, 0x82, 0x00, 0x00, 0xAC, 0x00, 0x00, 0x42, 0x4C, 0x4F, 0x50, 0x01, 0x6F, 0x00,
	0x00, 0x42, 0x34, 0x4C, 0x4A, 0x02, 0x70, 0x00, 0x00, 0xE4, 0x12, 0x00, 0x42, 0x44, 0x51, 0x4A,
	0x02, 0x94, 0x00, 0x00, 0xD3, 0x00, 0x00, 0x42, 0x55, 0x44, 0x4A, 0x02, 0x70, 0x00, 0x00, 0x33,
	0xF9, 0x01, 0x42, 0x54, 0x4D, 0x45, 0x03, 0x2B, 0x01, 0x00, 0xEA, 0x4D, 0x00, 0x1E, 0x08, 0x3C,
	0x42, 0x33, 0x43, 0x4A, 0x03, 0x71, 0x00, 0x00, 0xE2, 0x1B, 0x00, 0x01, 0x0D, 0x69, 0x42, 0x5A,
	0x34, 0x4A, 0x01, 0xF3, 0x04, 0x00, 0x42, 0x5A, 0x34, 0x45, 0x01, 0xF3, 0x04, 0x00, 0x42, 0x33,
	0x35, 0x50, 0x03, 0x4D, 0x00, 0x00, 0x06, 0x24, 0x00, 0xD4, 0x29, 0x02, 0x42, 0x48, 0x4A, 0x50,
	0x01, 0xB8, 0x00, 0x00, 0x42, 0x38, 0x32, 0x45, 0x03, 0x71, 0x00, 0x00, 0x30, 0xE9, 0x01, 0x7E,
	0xEE, 0x01, 0x42, 0x45, 0x44, 0x45, 0x01, 0x42, 0x00, 0x00, 0x42, 0x45, 0x42, 0x45, 0x01, 0x6F,
	0x00, 0x00, 0x42, 0x4B, 0x51, 0x45, 0x03, 0x3F, 0x00, 0x00, 0x03, 0xFA, 0x01, 0x55, 0xFA, 0x01,
	0x42, 0x32, 0x56, 0x50, 0x02, 0xB0, 0x00, 0x00, 0x0D, 0x01, 0x00, 0x42, 0x54, 0x55, 0x45, 0x02,
	0x40, 0x00, 0x00, 0xF7, 0x18, 0x09, 0x41, 0x34, 0x47, 0x45, 0x02, 0x4F, 0x00, 0x00, 0x50, 0x08,
	0x00, 0x42, 0x37, 0x33, 0x4A, 0x02, 0xCA, 0x01, 0x00, 0x77, 0x0A, 0x00, 0x42, 0x46, 0x56, 0x4A,
	0x02, 0x3F, 0x00, 0x00, 0x08, 0x01, 0x00, 0x42, 0x48, 0x48, 0x45, 0x02, 0x7A, 0x00, 0x00, 0x26,
	0x02, 0x00, 0x42, 0x4C, 0x46, 0x45, 0x06, 0x42, 0x00, 0x01, 0xFD, 0x15, 0x13, 0xAA, 0x38, 0x13,
	0x45, 0x52, 0x13, 0x83, 0x52, 0x13, 0x50, 0x5F, 0x13, 0x42, 0x4B, 0x37, 0x45, 0x02, 0x53, 0x00,
	0x00, 0x84, 0x09, 0x00, 0x42, 0x4D, 0x37, 0x50, 0x01, 0x3F, 0x2B, 0x00, 0x42, 0x47, 0x4F, 0x45,
	0x01, 0x57, 0x00, 0x00, 0x41, 0x37, 0x4D, 0x45, 0x02, 0x7B, 0x00, 0x00, 0xF2, 0x00, 0x00, 0x41,
	0x54, 0x54, 0x45, 0x02, 0x72, 0x00, 0x00, 0xD7, 0x32, 0x00, 0x41, 0x57, 0x4C, 0x46, 0x02, 0x89,
	0x00, 0x00, 0x58, 0x02, 0x00, 0x42, 0x57, 0x35, 0x45, 0x0C, 0x3F, 0x00, 0x00, 0xDB, 0x0A, 0x00,
	0x7D, 0x80, 0x01, 0x2D, 0x82, 0x01, 0xF0, 0x49, 0x1D, 0x73, 0x4A, 0x1D, 0xA9, 0xE7, 0x1D, 0x31,
	0xE8, 0x1D, 0x5B, 0x65, 0x1E, 0xE5, 0x65, 0x1E, 0x70, 0x00, 0x20, 0x1E, 0x02, 0x20, 0x42, 0x4F,
	0x32, 0x4A, 0x02, 0x3F, 0x00, 0x00, 0x62, 0x07, 0x00, 0x42, 0x48, 0x48, 0x4A, 0x02, 0x7A, 0x00,
	0x00, 0xEF, 0x01, 0x00, 0x5A, 0x4D, 0x42, 0x4A, 0x08, 0x72, 0x00, 0x00, 0x02, 0x01, 0x00, 0x72,
	0x00, 0x04, 0x02, 0x01, 0x04, 0x72, 0x00, 0x08, 0x02, 0x01, 0x08, 0x72, 0x00, 0x0C, 0x02, 0x01,
	0x0C, 0x42, 0x58, 0x4B, 0x45, 0x06, 0x71, 0x00, 0x00, 0xE0, 0x00, 0x00, 0x55, 0x00, 0x02, 0xFB,
	0x01, 0x02, 0x4A, 0x00, 0x20, 0xF9, 0x01, 0x20, 0x42, 0x54, 0x44, 0x45, 0x02, 0x3F, 0x00, 0x00,
	0x6F, 0x06, 0x00, 0x42, 0x57, 0x49, 0x45, 0x00, 0x42, 0x59, 0x47, 0x45, 0x02, 0x89, 0x00, 0x00,
	0xDB, 0x86, 0x03, 0x42, 0x4C, 0x4E, 0x50, 0x02, 0x8E, 0x00, 0x00, 0x6D, 0x23, 0x00, 0x42, 0x47,
	0x51, 0x45, 0x02, 0x71, 0x00, 0x00, 0xE9, 0x0F, 0x00, 0x42, 0x38, 0x36, 0x58, 0x00, 0x42, 0x33,
	0x4A, 0x45, 0x01, 0x3F, 0x00, 0x00, 0x42, 0x57, 0x55, 0x44, 0x02, 0x7F, 0x00, 0x00, 0x05, 0x01,
	0x00, 0x56, 0x34, 0x39, 0x45, 0x02, 0x90, 0x00, 0x00, 0x2E, 0x01, 0x00, 0x42, 0x57, 0x59, 0x50,
	0x01, 0xB7, 0x00, 0x00, 0x42, 0x41, 0x48, 0x50, 0x02, 0x3F, 0x00, 0x00, 0x37, 0x33, 0x19, 0x42,
	0x57, 0x32, 0x50, 0x02, 0x71, 0x00, 0x00, 0xB0, 0x00, 0x00, 0x42, 0x36, 0x33, 0x50, 0x01, 0x4A,
	0x00, 0x00, 0x42, 0x46, 0x33, 0x50, 0x02, 0xB7, 0x00, 0x00, 0x99, 0x0C, 0x00, 0x00, 0x00, 0x00,
	0x00, 0x0A, 0x6C, 0xD0, 0x00, 0x6F, 0x90, 0x02, 0x6F, 0xC0, 0x03, 0x9D, 0xB0, 0x05, 0xED, 0xB0,
	0x07, 0x88, 0xC2, 0x07, 0xCB, 0x53, 0x09, 0x6F, 0xC0, 0x0A, 0xE2, 0xE1, 0x0B, 0x6F, 0xC0, 0x0C,
	0x42, 0x52, 0x44, 0x58, 0x02, 0x3F, 0x00, 0x00, 0x64, 0x01, 0x00, 0x42, 0x33, 0x5A, 0x45, 0x02,
	0x8A, 0x00, 0x00, 0xF6, 0x00, 0x00, 0x42, 0x32, 0x4D, 0x50, 0x02, 0x3F, 0x00, 0x00, 0x31, 0x01,
	0x00, 0x42, 0x4E, 0x55, 0x50, 0x01, 0x5B, 0x00, 0x00, 0x42, 0x58, 0x4B, 0x50, 0x06, 0x71, 0x00,
	0x00, 0xE0, 0x00, 0x00, 0x55, 0x00, 0x02, 0xFB, 0x01, 0x02, 0x4A, 0x00, 0x20, 0xF9, 0x01, 0x20,
	0x42, 0x4A, 0x57, 0x58, 0x02, 0x8E, 0x00, 0x00, 0x64, 0x42, 0x00, 0x42, 0x52, 0x51, 0x50, 0x02,
	0x75, 0x00, 0x00, 0x29, 0x02, 0x00, 0x42, 0x59, 0x36, 0x4A, 0x02, 0x8B, 0x00, 0x00, 0x7B, 0xD3,
	0x03, 0x42, 0x4B, 0x4D, 0x50, 0x01, 0x40, 0x00, 0x00, 0x42, 0x55, 0x52, 0x45, 0x01, 0x96, 0x00,
	0x00, 0x42, 0x46, 0x42, 0x50, 0x06, 0x71, 0x00, 0x00, 0x9D, 0x00, 0x00, 0x3F, 0x40, 0x00, 0xC4,
	0x40, 0x00, 0x3F, 0x00, 0x40, 0xC6, 0x00, 0x40, 0x42, 0x49, 0x4E, 0x44, 0x04, 0x40, 0x00, 0x00,
	0xBF, 0xA0, 0x1F, 0x6F, 0xA3, 0x1F, 0xC0, 0x5D, 0x20, 0x42, 0x46, 0x57, 0x59, 0x05, 0x7A, 0x00,
	0x00, 0xD2, 0x01, 0x00, 0xC0, 0x5D, 0x10, 0xBF, 0x00, 0x30, 0x6F, 0x03, 0x30, 0x42, 0x4B, 0x37,
	0x50, 0x02, 0x53, 0x00, 0x00, 0x84, 0x09, 0x00, 0x41, 0x33, 0x41, 0x43, 0x07, 0x9E, 0x00, 0x00,
	0x31, 0x09, 0x00, 0x15, 0x6B, 0x04, 0xD8, 0xC2, 0x04, 0x35, 0xC3, 0x04, 0x11, 0x0C, 0x05, 0xF3,
	0x0C, 0x05, 0x41, 0x4D, 0x54, 0x43, 0x04, 0x3F, 0x00, 0x00, 0xC2, 0x02, 0x00, 0xD1, 0xF4, 0x1F,
	0x15, 0xF5, 0x1F, 0x41, 0x4E, 0x38, 0x45, 0x02, 0xC3, 0x00, 0x00, 0x8D, 0x01, 0x00, 0x42, 0x57,
	0x43, 0x50, 0x06, 0x71, 0x00, 0x00, 0xB8, 0x00, 0x00, 0x71, 0x6A, 0x00, 0x51, 0x6B, 0x00, 0x3D,
	0xC4, 0x00, 0x8E, 0x00, 0x10, 0x42, 0x57, 0x51, 0x50, 0x06, 0x71, 0x00, 0x00, 0x72, 0x04, 0x00,
	0x71, 0xD0, 0x0F, 0xB8, 0xD0, 0x0F, 0x71, 0x20, 0x10, 0xF8, 0x39, 0x10, 0x41, 0x37, 0x41, 0x45,
	0x02, 0x73, 0x00, 0x00, 0x35, 0x01, 0x00, 0x42, 0x5A, 0x57, 0x4A, 0x02, 0x3F, 0x00, 0x00, 0x08,
	0x01, 0x00, 0x42, 0x37, 0x36, 0x4A, 0x02, 0xCA, 0x01, 0x00, 0x6C, 0x0A, 0x00, 0x42, 0x55, 0x48,
	0x4A, 0x02, 0x70, 0x00, 0x00, 0xC9, 0x2C, 0x01, 0x42, 0x32, 0x35, 0x58, 0x01, 0x42, 0x00, 0x00,
	0x42, 0x39, 0x43, 0x4A, 0x03, 0x4D, 0x00, 0x00, 0xA6, 0x0B, 0x00, 0xA1, 0x24, 0x00, 0x42, 0x49,
	0x41, 0x45, 0x03, 0x4E, 0x00, 0x00, 0x32, 0x8D, 0x00, 0x4B, 0x8E, 0x00, 0x42, 0x59, 0x32, 0x50,
	0x06, 0x9D, 0x00, 0x00, 0x9E, 0x01, 0x00, 0x5A, 0x40, 0x02, 0x4A, 0x60, 0x02, 0x5A, 0x00, 0x42,
	0x9F, 0x0E, 0x42, 0x42, 0x54, 0x38, 0x50, 0x04, 0x8E, 0x00, 0x00, 0xB4, 0x33, 0x00, 0x5C, 0x40,
	0x1E, 0x4B, 0x7F, 0x1E, 0x42, 0x59, 0x36, 0x45, 0x02, 0x8B, 0x00, 0x00, 0x57, 0xD3, 0x03, 0x42,
	0x4E, 0x34, 0x4A, 0x02, 0x70, 0x00, 0x00, 0x81, 0xCB, 0x02, 0x42, 0x33, 0x4E, 0x50, 0x08, 0x71,
	0x00, 0x00, 0xBB, 0x00, 0x00, 0xA9, 0xC0, 0x00, 0xFE, 0xC2, 0x00, 0x71, 0x00, 0x0C, 0x32, 0x01,
	0x0C, 0x71, 0xA0, 0x17, 0x2E, 0xA1, 0x17, 0x42, 0x59, 0x36, 0x50, 0x02, 0x8B, 0x00, 0x00, 0x57,
	0xD3, 0x03, 0x42, 0x42, 0x51, 0x4A, 0x02, 0x87, 0x00, 0x00, 0x75, 0x05, 0x00, 0x42, 0x59, 0x55,
	0x4A, 0x02, 0x3F, 0x00, 0x00, 0xD9, 0x1E, 0x00, 0x42, 0x54, 0x52, 0x45, 0x02, 0x74, 0x00, 0x00,
	0x90, 0x01, 0x00, 0x41, 0x4E, 0x33, 0x45, 0x02, 0x3F, 0x00, 0x00, 0xD2, 0x04, 0x00, 0x41, 0x4E,
	0x38, 0x50, 0x02, 0xC3, 0x00, 0x00, 0x8D, 0x01, 0x00, 0x42, 0x43, 0x5A, 0x45, 0x01, 0x4A, 0x00,
	0x00, 0x42, 0x49, 0x41, 0x50, 0x03, 0x4E, 0x00, 0x00, 0x9D, 0x8D, 0x00, 0xB6, 0x8E, 0x00, 0x42,
	0x32, 0x37, 0x45, 0x02, 0x55, 0x00, 0x00, 0x7C, 0x6E, 0x01, 0x42, 0x4C, 0x39, 0x45, 0x02, 0x5F,
	0x00, 0x00, 0xA5, 0x00, 0x00, 0x42, 0x33, 0x5A, 0x50, 0x02, 0x8A, 0x00, 0x00, 0x09, 0x01, 0x00,
	0x42, 0x33, 0x34, 0x45, 0x01, 0x6C, 0x00, 0x00, 0x41, 0x41, 0x32, 0x43, 0x07, 0x9C, 0x00, 0x00,
	0x01, 0x06, 0x00, 0x36, 0x25, 0x02, 0x30, 0x81, 0x02, 0x8D, 0x81, 0x02, 0x69, 0xCA, 0x02, 0x4E,
	0xCB, 0x02, 0x42, 0x57, 0x4F, 0x50, 0x02, 0x8C, 0x00, 0x00, 0x23, 0x20, 0x00, 0x42, 0x4B, 0x43,
	0x53, 0x02, 0x6D, 0x00, 0x00, 0xCA, 0x02, 0x00, 0x42, 0x35, 0x4E, 0x50, 0x02, 0x78, 0x00, 0x00,
	0xD0, 0x1C, 0x00, 0x42, 0x49, 0x49, 0x50, 0x02, 0x3F, 0x00, 0x00, 0xCD, 0x00, 0x00, 0x42, 0x45,
	0x44, 0x50, 0x01, 0x42, 0x00, 0x00, 0x42, 0x45, 0x4C, 0x50, 0x02, 0x89, 0x00, 0x00, 0xB8, 0x03,
	0x00, 0x42, 0x57, 0x4C, 0x45, 0x01, 0x5B, 0x00, 0x00, 0x42, 0x43, 0x32, 0x4A, 0x02, 0x6D, 0x00,
	0x00, 0x22, 0x03, 0x00, 0x42, 0x44, 0x5A, 0x46, 0x05, 0x70, 0x00, 0x00, 0x95, 0x01, 0x00, 0xD1,
	0x5D, 0x10, 0xBF, 0xB9, 0x2F, 0x6F, 0xBC, 0x2F, 0x42, 0x48, 0x34, 0x50, 0x01, 0x3F, 0x00, 0x00,
	0x42, 0x45, 0x34, 0x4A, 0x02, 0x8C, 0x00, 0x00, 0x78, 0x02, 0x00, 0x42, 0x55, 0x4F, 0x4A, 0x03,
	0x3F, 0x00, 0x00, 0x72, 0x09, 0x00, 0xDA, 0x09, 0x00, 0x41, 0x42, 0x46, 0x50, 0x02, 0x71, 0x00,
	0x00, 0x16, 0x03, 0x00, 0x42, 0x32, 0x37, 0x50, 0x02, 0x55, 0x00, 0x00, 0x6D, 0x6E, 0x01, 0x42,
	0x32, 0x35, 0x59, 0x01, 0x42, 0x00, 0x00, 0x41, 0x33, 0x55, 0x4A, 0x02, 0x94, 0x00, 0x00, 0x2A,
	0x02, 0x00, 0x42, 0x43, 0x47, 0x45, 0x02, 0x6F, 0x00, 0x00, 0xB0, 0x00, 0x00, 0x42, 0x4C, 0x4F,
	0x45, 0x01, 0x6F, 0x00, 0x00, 0x42, 0x46, 0x4C, 0x45, 0x01, 0x6F, 0x00, 0x00, 0x42, 0x55, 0x45,
	0x58, 0x02, 0x7A, 0x00, 0x00, 0x78, 0x01, 0x00, 0x42, 0x54, 0x35, 0x46, 0x05, 0x70, 0x00, 0x00,
	0xBB, 0x0D, 0x00, 0x68, 0x4E, 0x00, 0x9C, 0x00, 0x10, 0x17, 0x03, 0x10, 0x42, 0x36, 0x57, 0x45,
	0x02, 0x9F, 0x00, 0x00, 0xC4, 0xA3, 0x01, 0x42, 0x51, 0x4B, 0x4A, 0x02, 0x3F, 0x00, 0x00, 0x08,
	0x01, 0x00, 0x42, 0x37, 0x49, 0x4A, 0x02, 0xD7, 0x01, 0x00, 0x64, 0x0B, 0x00, 0x42, 0x49, 0x4E,
	0x50, 0x04, 0x40, 0x00, 0x00, 0xBF, 0xA0, 0x1F, 0x6F, 0xA3, 0x1F, 0xC0, 0x5D, 0x20, 0x42, 0x4A,
	0x44, 0x50, 0x01, 0x96, 0x00, 0x00, 0x42, 0x32, 0x51, 0x50, 0x07, 0x40, 0x00, 0x00, 0x58, 0x00,
	0x00, 0xBF, 0xC0, 0x1E, 0x6F, 0xC3, 0x1E, 0x3F, 0x00, 0x20, 0xA1, 0x45, 0x22, 0xF0, 0x45, 0x22,
	0x42, 0x41, 0x4B, 0x45, 0x02, 0x6F, 0x00, 0x00, 0x85, 0x3A, 0x00, 0x42, 0x4A, 0x4B, 0x50, 0x02,
	0x6F, 0x00, 0x00, 0xF7, 0x00, 0x00, 0x42, 0x36, 0x50, 0x50, 0x02, 0x93, 0x00, 0x00, 0xA8, 0x01,
	0x00, 0x42, 0x55, 0x4F, 0x45, 0x03, 0x3F, 0x00, 0x00, 0x72, 0x09, 0x00, 0xDA, 0x09, 0x00, 0x4D,
	0x43, 0x50, 0x46, 0x00, 0x42, 0x38, 0x53, 0x45, 0x06, 0x71, 0x00, 0x00, 0xF2, 0x08, 0x00, 0x47,
	0xC0, 0x1F, 0xE6, 0xC0, 0x1F, 0x71, 0x00, 0x20, 0xD4, 0x02, 0x20, 0x42, 0x48, 0x35, 0x45, 0x01,
	0xED, 0x18, 0x00, 0x42, 0x54, 0x4A, 0x45, 0x02, 0x6B, 0x00, 0x00, 0x4B, 0x05, 0x04, 0x42, 0x47,
	0x5A, 0x4A, 0x01, 0xF6, 0x30, 0x00, 0x42, 0x37, 0x34, 0x4A, 0x02, 0xCA, 0x01, 0x00, 0x71, 0x0A,
	0x00, 0x42, 0x57, 0x36, 0x4A, 0x10, 0x3F, 0x00, 0x00, 0xDB, 0x0A, 0x00, 0x7D, 0x80, 0x01, 0x2D,
	0x82, 0x01, 0xF1, 0x49, 0x1D, 0x74, 0x4A, 0x1D, 0xAA, 0xE7, 0x1D, 0x32, 0xE8, 0x1D, 0x5C, 0x65,
	0x1E, 0xE6, 0x65, 0x1E, 0x3F, 0x00, 0x40, 0x89, 0x58, 0x40, 0xA4, 0x58, 0x40, 0xDD, 0x58, 0x40,
	0x4A, 0x61, 0x40, 0x24, 0x18, 0x7C, 0x42, 0x57, 0x34, 0x4A, 0x0A, 0x3F, 0x00, 0x00, 0xDA, 0x0A,
	0x00, 0x70, 0x00, 0x20, 0x1E, 0x02, 0x20, 0x3F, 0x00, 0x40, 0x89, 0x58, 0x40, 0xA4, 0x58, 0x40,
	0xDD, 0x58, 0x40, 0x4A, 0x61, 0x40, 0x24, 0x18, 0x7C, 0x42, 0x43, 0x34, 0x45, 0x01, 0x6F, 0x00,
	0x00, 0x42, 0x33, 0x55, 0x45, 0x01, 0x6F, 0x00, 0x00, 0x42, 0x4E, 0x4D, 0x4A, 0x02, 0x3F, 0x00,
	0x00, 0x6E, 0x70, 0x00, 0x42, 0x33, 0x58, 0x45, 0x02, 0x8E, 0x00, 0x00, 0x21, 0x29, 0x00, 0x42,
	0x49, 0x58, 0x4A, 0x02, 0x3F, 0x00, 0x00, 0xE1, 0x01, 0x00, 0x42, 0x41, 0x58, 0x4A, 0x02, 0x3F,
	0x00, 0x00, 0x3C, 0x11, 0x00, 0x42, 0x37, 0x32, 0x4A, 0x02, 0xFF, 0x01, 0x00, 0x9F, 0x0A, 0x00,
	0x42, 0x41, 0x59, 0x4A, 0x02, 0x3F, 0x00, 0x00, 0x49, 0x01, 0x00, 0x42, 0x33, 0x49, 0x4A, 0x02,
	0x3F, 0x00, 0x00, 0xBA, 0x07, 0x00, 0x42, 0x36, 0x47, 0x45, 0x02, 0x3F, 0x00, 0x00, 0xDA, 0x08,
	0x00, 0x42, 0x43, 0x37, 0x45, 0x01, 0x71, 0x00, 0x00, 0x42, 0x47, 0x39, 0x45, 0x03, 0x8D, 0x00,
	0x00, 0x49, 0x01, 0x00, 0xB4, 0x03, 0x00, 0x42, 0x42, 0x4D, 0x4A, 0x02, 0x8C, 0x00, 0x00, 0xA9,
	0x12, 0x00, 0x42, 0x34, 0x33, 0x4A, 0x02, 0x70, 0x00, 0x00, 0xD5, 0x00, 0x00, 0x42, 0x33, 0x58,
	0x50, 0x02, 0x8E, 0x00, 0x00, 0x21, 0x29, 0x00, 0x42, 0x5A, 0x34, 0x50, 0x01, 0xF3, 0x04, 0x00,
	0x42, 0x36, 0x46, 0x45, 0x02, 0x3F, 0x00, 0x00, 0xDA, 0x08, 0x00, 0x42, 0x48, 0x4F, 0x50, 0x02,
	0x57, 0x00, 0x00, 0xE5, 0x0D, 0x0C, 0x42, 0x52, 0x57, 0x50, 0x01, 0x5F, 0x00, 0x00, 0x42, 0x35,
	0x33, 0x45, 0x08, 0x39, 0x2F, 0x00, 0x1E, 0xAB, 0x3D, 0xEC, 0x32, 0x3E, 0x47, 0xEC, 0x3E, 0xE6,
	0xEC, 0x3E, 0xB6, 0x2B, 0x40, 0x5E, 0x22, 0x7C, 0x21, 0xAA, 0x7C, 0x42, 0x55, 0x4C, 0x50, 0x01,
	0xEB, 0x17, 0x00, 0x42, 0x43, 0x41, 0x45, 0x01, 0x40, 0x00, 0x00, 0x42, 0x42, 0x56, 0x45, 0x01,
	0x6F, 0x00, 0x00, 0x42, 0x48, 0x39, 0x50, 0x01, 0x0D, 0xF0, 0x00, 0x42, 0x44, 0x56, 0x45, 0x02,
	0x70, 0x00, 0x00, 0x3A, 0x32, 0x04, 0x42, 0x52, 0x35, 0x45, 0x01, 0x7E, 0x00, 0x00, 0x42, 0x52,
	0x35, 0x50, 0x01, 0x7E, 0x00, 0x00, 0x42, 0x52, 0x36, 0x50, 0x01, 0x7E, 0x00, 0x00, 0x42, 0x43,
	0x44, 0x50, 0x00, 0x42, 0x48, 0x35, 0x44, 0x01, 0xED, 0x18, 0x00, 0x42, 0x41, 0x51, 0x50, 0x01,
	0x5F, 0x00, 0x00, 0x42, 0x47, 0x39, 0x50, 0x03, 0x8D, 0x00, 0x00, 0x49, 0x01, 0x00, 0xB4, 0x03,
	0x00, 0x42, 0x34, 0x34, 0x50, 0x11, 0xEC, 0x00, 0x00, 0x67, 0x14, 0x00, 0x51, 0x50, 0x0A, 0x8B,
	0x50, 0x0A, 0x41, 0xCC, 0x0A, 0x7B, 0xCC, 0x0A, 0x89, 0x48, 0x0B, 0xC3, 0x48, 0x0B, 0xB9, 0xD0,
	0x0B, 0xF3, 0xD0, 0x0B, 0x21, 0x4E, 0x0C, 0x5B, 0x4E, 0x0C, 0x71, 0x00, 0x10, 0xA3, 0x00, 0x10,
	0xBF, 0x41, 0x1F, 0x6F, 0x44, 0x1F, 0x40, 0x00, 0x20, 0x42, 0x38, 0x51, 0x45, 0x03, 0x4E, 0x00,
	0x00, 0xF9, 0x85, 0x00, 0xF5, 0x86, 0x00, 0x42, 0x52, 0x36, 0x45, 0x01, 0x7E, 0x00, 0x00, 0x42,
	0x59, 0x32, 0x45, 0x06, 0x9D, 0x00, 0x00, 0x9E, 0x01, 0x00, 0x5A, 0x40, 0x02, 0x4A, 0x60, 0x02,
	0x5A, 0x00, 0x42, 0x9F, 0x0E, 0x42, 0x42, 0x50, 0x4A, 0x45, 0x02, 0x71, 0x00, 0x00, 0xEC, 0x00,
	0x00, 0x42, 0x43, 0x5A, 0x50, 0x01, 0x4A, 0x00, 0x00, 0x42, 0x51, 0x56, 0x50, 0x01, 0x96, 0x00,
	0x00, 0x42, 0x4D, 0x37, 0x53, 0x01, 0x40, 0x2B, 0x00, 0x42, 0x56, 0x44, 0x4A, 0x15, 0x8F, 0x00,
	0x00, 0xD4, 0x9D, 0x00, 0xAB, 0x9E, 0x00, 0x0C, 0x13, 0x01, 0x10, 0x50, 0x01, 0xE7, 0x50, 0x01,
	0x4A, 0xF6, 0x01, 0xE5, 0x29, 0x02, 0xBC, 0x2A, 0x02, 0x5D, 0xDD, 0x02, 0x73, 0x1A, 0x03, 0x4A,
	0x1B, 0x03, 0x6B, 0xF5, 0x03, 0x2E, 0x2D, 0x04, 0x05, 0x2E, 0x04, 0x1C, 0xF5, 0x04, 0x90, 0x2F,
	0x05, 0x67, 0x30, 0x05, 0x9E, 0xE1, 0x05, 0xE5, 0x19, 0x06, 0xBC, 0x1A, 0x06, 0x42, 0x56, 0x42,
	0x4A, 0x02, 0x8F, 0x00, 0x00, 0xA0, 0x21, 0x00, 0x42, 0x56, 0x43, 0x4A, 0x02, 0x71, 0x00, 0x00,
	0x99, 0x3E, 0x00, 0x42, 0x51, 0x37, 0x45, 0x01, 0x42, 0x00, 0x00, 0x42, 0x48, 0x35, 0x53, 0x01,
	0xED, 0x18, 0x00, 0x42, 0x43, 0x48, 0x4A, 0x01, 0x42, 0x00, 0x00, 0x42, 0x37, 0x35, 0x4A, 0x02,
	0xCA, 0x01, 0x00, 0x71, 0x0A, 0x00, 0x42, 0x43, 0x41, 0x4A, 0x01, 0x40, 0x00, 0x00, 0x42, 0x59,
	0x47, 0x50, 0x02, 0x89, 0x00, 0x00, 0xDB, 0x86, 0x03, 0x42, 0x56, 0x47, 0x4A, 0x03, 0x71, 0x00,
	0x00, 0x69, 0x4A, 0x00, 0x99, 0x4B, 0x00, 0x42, 0x56, 0x45, 0x4A, 0x01, 0x60, 0x46, 0x00, 0x42,
	0x56, 0x48, 0x4A, 0x04, 0x8F, 0x00, 0x00, 0x7F, 0x31, 0x00, 0x9D, 0x47, 0x01, 0x7D, 0x6C, 0x01,
	0x42, 0x56, 0x41, 0x4A, 0x01, 0xF2, 0x4F, 0x00, 0x42, 0x55, 0x59, 0x45, 0x01, 0x42, 0x00, 0x00,
	0x42, 0x57, 0x33, 0x4A, 0x0A, 0x3F, 0x00, 0x00, 0xDA, 0x0A, 0x00, 0x68, 0x00, 0x08, 0xCF, 0x01,
	0x08, 0x98, 0x20, 0x17, 0x0B, 0x21, 0x17, 0x33, 0x30, 0x17, 0x96, 0x31, 0x17, 0x70, 0x00, 0x20,
	0x1E, 0x02, 0x20, 0x42, 0x48, 0x53, 0x4A, 0x02, 0x3F, 0x00, 0x00, 0x06, 0x01, 0x00, 0x41, 0x42,
	0x34, 0x45, 0x02, 0x71, 0x00, 0x00, 0x09, 0x1F, 0x00, 0x42, 0x46, 0x57, 0x50, 0x05, 0x7A, 0x00,
	0x00, 0xD2, 0x01, 0x00, 0xC0, 0x5D, 0x10, 0xBF, 0x00, 0x30, 0x6F, 0x03, 0x30, 0x42, 0x49, 0x51,
	0x4A, 0x01, 0x40, 0x00, 0x00, 0x42, 0x42, 0x59, 0x45, 0x02, 0x8C, 0x00, 0x00, 0xA1, 0x21, 0x02,
	0x42, 0x52, 0x49, 0x4A, 0x02, 0x7A, 0x00, 0x00, 0x0B, 0x01, 0x00, 0x42, 0x44, 0x58, 0x45, 0x02,
	0x8C, 0x00, 0x00, 0x93, 0x11, 0x00, 0x42, 0x4C, 0x41, 0x58, 0x02, 0x9B, 0x01, 0x00, 0xD8, 0x0B,
	0x00, 0x42, 0x42, 0x56, 0x50, 0x01, 0x6F, 0x00, 0x00, 0x42, 0x5A, 0x54, 0x45, 0x00, 0x41, 0x4F,
	0x47, 0x45, 0x02, 0x71, 0x00, 0x00, 0xB5, 0x00, 0x00, 0x42, 0x52, 0x54, 0x4A, 0x02, 0x3F, 0x00,
	0x00, 0x7C, 0x7D, 0x00, 0x42, 0x51, 0x37, 0x58, 0x01, 0x42, 0x00, 0x00, 0x42, 0x47, 0x37, 0x45,
	0x01, 0x6F, 0x00, 0x00, 0x42, 0x37, 0x4D, 0x45, 0x02, 0xAB, 0x00, 0x00, 0x29, 0x46, 0x00, 0x42,
	0x55, 0x46, 0x45, 0x00, 0x42, 0x43, 0x41, 0x44, 0x01, 0x40, 0x00, 0x00, 0x42, 0x55, 0x4F, 0x50,
	0x03, 0x3F, 0x00, 0x00, 0x72, 0x09, 0x00, 0xDA, 0x09, 0x00, 0x42, 0x55, 0x59, 0x50, 0x01, 0x42,
	0x00, 0x00, 0x42, 0x59, 0x56, 0x45, 0x06, 0xAA, 0x00, 0x00, 0x75, 0x01, 0x00, 0xC7, 0x07, 0x00,
	0x27, 0xB9, 0x00, 0x8F, 0x61, 0x1E, 0x8E, 0xC5, 0x1E, 0x42, 0x43, 0x41, 0x49, 0x01, 0x40, 0x00,
	0x00, 0x41, 0x56, 0x53, 0x50, 0x04, 0x92, 0x00, 0x00, 0x23, 0x09, 0x00, 0x66, 0x34, 0x02, 0x7A,
	0x34, 0x02, 0x42, 0x4C, 0x37, 0x45, 0x02, 0x5A, 0x00, 0x00, 0xF9, 0xB1, 0x00, 0x42, 0x4C, 0x50,
	0x49, 0x05, 0x3F, 0x00, 0x00, 0x3E, 0x01, 0x00, 0xBF, 0xC0, 0x1F, 0x6F, 0xC3, 0x1F, 0xE8, 0x71,
	0x20, 0x42, 0x45, 0x49, 0x45, 0x01, 0xC7, 0x00, 0x00, 0x42, 0x43, 0x51, 0x45, 0x03, 0x82, 0x00,
	0x00, 0xD6, 0xDD, 0x00, 0x5B, 0x41, 0x01, 0x42, 0x4C, 0x37, 0x50, 0x02, 0x5A, 0x00, 0x00, 0xFD,
	0xB1, 0x00, 0x42, 0x4F, 0x41, 0x45, 0x03, 0x3F, 0x00, 0x00, 0x6C, 0xA1, 0x01, 0xBE, 0xA1, 0x01,
	0x42, 0x32, 0x34, 0x45, 0x02, 0x3F, 0x00, 0x00, 0xB9, 0x2D, 0x00, 0x42, 0x42, 0x59, 0x58, 0x02,
	0x8C, 0x00, 0x00, 0x27, 0x22, 0x02, 0x42, 0x4C, 0x36, 0x45, 0x00, 0x42, 0x51, 0x59, 0x45, 0x02,
	0x7A, 0x00, 0x00, 0xCD, 0x01, 0x00, 0x42, 0x43, 0x36, 0x45, 0x02, 0x6E, 0x00, 0x00, 0x9B, 0x00,
	0x00, 0x42, 0x46, 0x58, 0x45, 0x01, 0x5F, 0x00, 0x00, 0x42, 0x46, 0x45, 0x45, 0x02, 0x3F, 0x00,
	0x00, 0xA8, 0x07, 0x00, 0x42, 0x37, 0x46, 0x45, 0x02, 0x9F, 0x00, 0x00, 0xE1, 0x85, 0x01, 0x41,
	0x4E, 0x33, 0x58, 0x02, 0x3F, 0x00, 0x00, 0xD8, 0x04, 0x00, 0x42, 0x41, 0x57, 0x45, 0x01, 0x60,
	0x00, 0x00, 0x42, 0x42, 0x37, 0x45, 0x02, 0x3F, 0x00, 0x00, 0x6B, 0x49, 0x01, 0x42, 0x46, 0x37,
	0x45, 0x02, 0x3F, 0x00, 0x00, 0x4D, 0x00, 0x00, 0x42, 0x34, 0x54, 0x45, 0x02, 0x82, 0x00, 0x00,
	0xAC, 0xAB, 0x00, 0x42, 0x55, 0x34, 0x45, 0x02, 0x8E, 0x00, 0x00, 0x07, 0x19, 0x00, 0x42, 0x41,
	0x50, 0x45, 0x02, 0x8E, 0x00, 0x00, 0xDB, 0x45, 0x00, 0x42, 0x55, 0x58, 0x44, 0x02, 0x7F, 0x00,
	0x00, 0xFA, 0x91, 0x03, 0x42, 0x4E, 0x39, 0x45, 0x03, 0x82, 0x00, 0x00, 0x5A, 0x1D, 0x01, 0x71,
	0x8E, 0x01, 0x42, 0x5A, 0x35, 0x4A, 0x01, 0xDC, 0x04, 0x00, 0x42, 0x57, 0x42, 0x46, 0x05, 0x3F,
	0x00, 0x00, 0x3E, 0x01, 0x00, 0xBF, 0xC0, 0x1F, 0x6F, 0xC3, 0x1F, 0xC7, 0x87, 0x20, 0x42, 0x52,
	0x52, 0x46, 0x02, 0x7A, 0x00, 0x00, 0x2D, 0x02, 0x00, 0x42, 0x48, 0x55, 0x50, 0x01, 0x96, 0x00,
	0x00, 0x42, 0x42, 0x4D, 0x45, 0x02, 0x8C, 0x00, 0x00, 0x81, 0x12, 0x00, 0x41, 0x50, 0x38, 0x53,
	0x01, 0x40, 0x00, 0x00, 0x42, 0x51, 0x4E, 0x45, 0x01, 0x65, 0x00, 0x00, 0x42, 0x4E, 0x32, 0x45,
	0x02, 0x3F, 0x00, 0x00, 0xA4, 0x00, 0x00, 0x42, 0x48, 0x37, 0x45, 0x01, 0xF4, 0x18, 0x00, 0x42,
	0x32, 0x46, 0x45, 0x02, 0x62, 0x00, 0x00, 0x71, 0x0F, 0x00, 0x42, 0x51, 0x5A, 0x45, 0x02, 0x8D,
	0x00, 0x00, 0x8B, 0x62, 0x02, 0x42, 0x55, 0x51, 0x45, 0x01, 0x6F, 0x00, 0x00, 0x42, 0x52, 0x37,
	0x45, 0x02, 0x93, 0x00, 0x00, 0xD0, 0xE1, 0x00, 0x42, 0x33, 0x33, 0x45, 0x02, 0x6F, 0x00, 0x00,
	0xC9, 0xC5, 0x00, 0x42, 0x59, 0x4D, 0x45, 0x02, 0x71, 0x00, 0x00, 0x71, 0x7C, 0x00, 0x42, 0x48,
	0x4E, 0x45, 0x02, 0x93, 0x00, 0x00, 0xD8, 0x44, 0x04, 0x42, 0x58, 0x43, 0x45, 0x02, 0x71, 0x00,
	0x00, 0x84, 0x31, 0x00, 0x42, 0x33, 0x42, 0x45, 0x02, 0x71, 0x00, 0x00, 0xA6, 0x04, 0x00, 0x42,
	0x42, 0x33, 0x45, 0x02, 0x8E, 0x00, 0x00, 0xD6, 0x2E, 0x00, 0x42, 0x42, 0x34, 0x45, 0x01, 0x33,
	0x15, 0x00, 0x42, 0x4E, 0x50, 0x45, 0x02, 0x4D, 0x00, 0x00, 0x6B, 0x7F, 0x00, 0x42, 0x58, 0x46,
	0x45, 0x02, 0x5F, 0x00, 0x00, 0xDB, 0xB6, 0x00, 0x42, 0x58, 0x50, 0x45, 0x01, 0x6F, 0x00, 0x00,
	0x42, 0x54, 0x38, 0x45, 0x04, 0x8E, 0x00, 0x00, 0xB4, 0x33, 0x00, 0x5C, 0x40, 0x1E, 0x4B, 0x7F,
	0x1E, 0x42, 0x4A, 0x48, 0x45, 0x02, 0x8E, 0x00, 0x00, 0x91, 0x2B, 0x00, 0x42, 0x4E, 0x4B, 0x45,
	0x02, 0x3F, 0x00, 0x00, 0x9C, 0x05, 0x00, 0x42, 0x42, 0x49, 0x45, 0x02, 0x82, 0x00, 0x00, 0x5D,
	0xD2, 0x00, 0x42, 0x33, 0x59, 0x45, 0x02, 0x8C, 0x00, 0x00, 0x4A, 0xBF, 0x01, 0x42, 0x53, 0x4B,
	0x45, 0x02, 0x71, 0x00, 0x00, 0x7A, 0x0E, 0x00, 0x42, 0x53, 0x37, 0x45, 0x03, 0x74, 0x07, 0x00,
	0x72, 0x6E, 0x02, 0x47, 0xA6, 0x22, 0x42, 0x51, 0x34, 0x45, 0x02, 0x8E, 0x00, 0x00, 0xCD, 0x3F,
	0x00, 0x42, 0x48, 0x35, 0x49, 0x01, 0xED, 0x18, 0x00, 0x41, 0x55, 0x4D, 0x45, 0x02, 0x40, 0x00,
	0x00, 0x58, 0x00, 0x00, 0x42, 0x33, 0x4F, 0x45, 0x02, 0xB0, 0x00, 0x00, 0x72, 0x05, 0x00, 0x42,
	0x51, 0x4A, 0x45, 0x03, 0x28, 0x01, 0x00, 0x3F, 0x00, 0x02, 0x4C, 0x00, 0x20, 0x42, 0x4C, 0x48,
	0x45, 0x02, 0x7A, 0x00, 0x00, 0xA2, 0x01, 0x00, 0x42, 0x48, 0x42, 0x50, 0x01, 0x70, 0x00, 0x00,
	0x42, 0x48, 0x37, 0x50, 0x01, 0xF4, 0x18, 0x00, 0x42, 0x4A, 0x41, 0x50, 0x01, 0x51, 0x0B, 0x00,
	0x42, 0x32, 0x56, 0x45, 0x02, 0xB0, 0x00, 0x00, 0x0D, 0x01, 0x00, 0x42, 0x55, 0x35, 0x45, 0x01,
	0x6F, 0x00, 0x00, 0x42, 0x48, 0x56, 0x50, 0x01, 0x6B, 0x00, 0x00, 0x42, 0x33, 0x59, 0x50, 0x02,
	0x8C, 0x00, 0x00, 0x59, 0xBF, 0x01, 0x42, 0x58, 0x46, 0x44, 0x02, 0x5F, 0x00, 0x00, 0x49, 0xB9,
	0x00, 0x42, 0x5A, 0x55, 0x45, 0x01, 0x42, 0x00, 0x00, 0x42, 0x46, 0x59, 0x45, 0x02, 0x76, 0x17,
	0x00, 0x96, 0x17, 0x00, 0x42, 0x4E, 0x56, 0x45, 0x02, 0x8C, 0x00, 0x00, 0x4D, 0x57, 0x01, 0x42,
	0x5A, 0x43, 0x45, 0x01, 0x42, 0x00, 0x00, 0x42, 0x4C, 0x43, 0x45, 0x02, 0x8E, 0x00, 0x00, 0xCD,
	0x00, 0x00, 0x42, 0x58, 0x33, 0x45, 0x04, 0x47, 0x00, 0x00, 0x8C, 0x00, 0x40, 0x0E, 0x01, 0x40,
	0xE3, 0x01, 0x40, 0x42, 0x33, 0x4E, 0x45, 0x08, 0x71, 0x00, 0x00, 0xBB, 0x00, 0x00, 0xA9, 0xC0,
	0x00, 0xFE, 0xC2, 0x00, 0x71, 0x00, 0x0C, 0x32, 0x01, 0x0C, 0x71, 0xA0, 0x17, 0x2E, 0xA1, 0x17,
	0x42, 0x34, 0x4D, 0x45, 0x02, 0x5F, 0x00, 0x00, 0xEB, 0xCB, 0x00, 0x42, 0x4F, 0x41, 0x58, 0x03,
	0x3F, 0x00, 0x00, 0xAA, 0xA1, 0x01, 0xFC, 0xA1, 0x01, 0x42, 0x4E, 0x37, 0x45, 0x02, 0x7E, 0x00,
	0x00, 0x5B, 0x88, 0x05, 0x42, 0x52, 0x51, 0x45, 0x02, 0x75, 0x00, 0x00, 0x29, 0x02, 0x00, 0x42,
	0x52, 0x4C, 0x50, 0x01, 0x9A, 0x00, 0x00, 0x42, 0x4A, 0x4B, 0x45, 0x02, 0x6F, 0x00, 0x00, 0xF7,
	0x00, 0x00, 0x42, 0x48, 0x56, 0x45, 0x01, 0x6B, 0x00, 0x00, 0x42, 0x4C, 0x38, 0x50, 0x01, 0x8D,
	0x00, 0x00, 0x42, 0x51, 0x34, 0x50, 0x02, 0x8E, 0x00, 0x00, 0x0C, 0x40, 0x00, 0x42, 0x58, 0x53,
	0x45, 0x02, 0xB7, 0x00, 0x00, 0x36, 0x0D, 0x00, 0x42, 0x5A, 0x35, 0x45, 0x01, 0xDC, 0x04, 0x00,
	0x42, 0x49, 0x45, 0x45, 0x02, 0x93, 0x00, 0x00, 0xE1, 0xEE, 0x04, 0x42, 0x4A, 0x54, 0x45, 0x02,
	0x71, 0x00, 0x00, 0xB1, 0x00, 0x00, 0x42, 0x32, 0x34, 0x50, 0x02, 0x3F, 0x00, 0x00, 0x1D, 0x30,
	0x00, 0x42, 0x57, 0x4A, 0x50, 0x01, 0x76, 0x00, 0x00, 0x42, 0x34, 0x4F, 0x45, 0x01, 0x42, 0x00,
	0x00, 0x42, 0x55, 0x32, 0x45, 0x05, 0xC4, 0x8F, 0x00, 0x71, 0x00, 0x20, 0xBE, 0x00, 0x20, 0xBF,
	0x00, 0x30, 0x6F, 0x03, 0x30, 0x42, 0x50, 0x55, 0x45, 0x05, 0x60, 0x00, 0x00, 0xE1, 0x00, 0x00,
	0x40, 0x00, 0x20, 0xBF, 0x00, 0x30, 0x6F, 0x03, 0x30, 0x42, 0x36, 0x50, 0x45, 0x02, 0x93, 0x00,
	0x00, 0xA8, 0x01, 0x00, 0x42, 0x58, 0x48, 0x45, 0x03, 0x7D, 0x07, 0x00, 0x40, 0x2B, 0x02, 0x47,
	0xA6, 0x22, 0x42, 0x4C, 0x4E, 0x45, 0x02, 0x8E, 0x00, 0x00, 0x6D, 0x23, 0x00, 0x42, 0x32, 0x33,
	0x45, 0x01, 0x3F, 0x00, 0x00, 0x42, 0x49, 0x48, 0x45, 0x03, 0x4E, 0x00, 0x00, 0x2A, 0x9C, 0x00,
	0x26, 0x9D, 0x00, 0x42, 0x38, 0x32, 0x59, 0x03, 0x71, 0x00, 0x00, 0xD5, 0xD0, 0x03, 0x23, 0xD6,
	0x03, 0x42, 0x58, 0x53, 0x50, 0x02, 0xB7, 0x00, 0x00, 0x36, 0x0D, 0x00, 0x42, 0x49, 0x48, 0x50,
	0x03, 0x4E, 0x00, 0x00, 0x2A, 0x9C, 0x00, 0x26, 0x9D, 0x00, 0x42, 0x32, 0x52, 0x45, 0x02, 0x77,
	0x00, 0x00, 0xBB, 0x00, 0x00, 0x42, 0x49, 0x4A, 0x45, 0x02, 0x71, 0x00, 0x00, 0xE7, 0x0B, 0x01,
	0x42, 0x57, 0x56, 0x45, 0x01, 0x81, 0x00, 0x00, 0x41, 0x48, 0x38, 0x50, 0x02, 0x57, 0x00, 0x00,
	0x41, 0x54, 0x00, 0x42, 0x34, 0x4F, 0x58, 0x01, 0x42, 0x00, 0x00, 0x42, 0x43, 0x39, 0x45, 0x01,
	0x75, 0x26, 0x00, 0x42, 0x45, 0x4E, 0x50, 0x03, 0x4E, 0x00, 0x00, 0xFA, 0xBB, 0x00, 0xEF, 0xBC,
	0x00, 0x42, 0x45, 0x4E, 0x45, 0x03, 0x4E, 0x00, 0x00, 0x2A, 0xBC, 0x00, 0x1F, 0xBD, 0x00, 0x42,
	0x48, 0x48, 0x50, 0x02, 0x7A, 0x00, 0x00, 0xEF, 0x01, 0x00, 0x42, 0x4A, 0x54, 0x50, 0x02, 0x71,
	0x00, 0x00, 0xB1, 0x00, 0x00, 0x42, 0x48, 0x33, 0x50, 0x01, 0x42, 0x00, 0x00, 0x42, 0x4A, 0x48,
	0x50, 0x02, 0x8E, 0x00, 0x00, 0x92, 0x2B, 0x00, 0x42, 0x4C, 0x48, 0x50, 0x02, 0x7A, 0x00, 0x00,
	0xA2, 0x01, 0x00, 0x42, 0x4B, 0x46, 0x58, 0x01, 0x6F, 0x00, 0x00, 0x42, 0x51, 0x4E, 0x50, 0x01,
	0x65, 0x00, 0x00, 0x42, 0x48, 0x33, 0x45, 0x01, 0x42, 0x00, 0x00, 0x42, 0x49, 0x49, 0x45, 0x02,
	0x3F, 0x00, 0x00, 0xCD, 0x00, 0x00, 0x42, 0x54, 0x37, 0x45, 0x00, 0x42, 0x59, 0x55, 0x45, 0x02,
	0x3F, 0x00, 0x00, 0x0E, 0x1F, 0x00, 0x42, 0x5A, 0x36, 0x4A, 0x01, 0x4F, 0x00, 0x00, 0x42, 0x4C,
	0x38, 0x45, 0x01, 0x8D, 0x00, 0x00, 0x42, 0x4C, 0x34, 0x45, 0x01, 0x42, 0x00, 0x00, 0x41, 0x39,
	0x4D, 0x45, 0x00, 0x42, 0x44, 0x5A, 0x45, 0x05, 0x70, 0x00, 0x00, 0x95, 0x01, 0x00, 0xC0, 0x5D,
	0x10, 0x94, 0xBA, 0x2F, 0x52, 0xBF, 0x2F, 0x42, 0x32, 0x4C, 0x45, 0x02, 0x40, 0x00, 0x00, 0x7D,
	0x86, 0x0A, 0x42, 0x48, 0x58, 0x45, 0x02, 0x5D, 0x00, 0x00, 0x01, 0x01, 0x00, 0x42, 0x51, 0x4C,
	0x45, 0x02, 0x71, 0x00, 0x00, 0xD0, 0x00, 0x00, 0x42, 0x50, 0x39, 0x50, 0x03, 0x3F, 0x00, 0x00,
	0x49, 0x01, 0x00, 0xFA, 0x3B, 0x00, 0x42, 0x42, 0x34, 0x50, 0x01, 0x33, 0x15, 0x00, 0x42, 0x43,
	0x39, 0x50, 0x01, 0x75, 0x26, 0x00, 0x42, 0x33, 0x4A, 0x50, 0x01, 0x3F, 0x00, 0x00, 0x42, 0x43,
	0x4A, 0x45, 0x04, 0xA8, 0x01, 0x00, 0x52, 0x08, 0x00, 0xD8, 0x95, 0x01, 0xF5, 0x08, 0x02, 0x42,
	0x59, 0x41, 0x45, 0x01, 0x83, 0x00, 0x00, 0x42, 0x34, 0x49, 0x45, 0x01, 0x3F, 0x00, 0x00, 0x42,
	0x46, 0x52, 0x50, 0x01, 0x6F, 0x00, 0x00, 0x4D, 0x4E, 0x33, 0x45, 0x00, 0x42, 0x54, 0x4A, 0x50,
	0x02, 0x6B, 0x00, 0x00, 0x6E, 0x6C, 0x0A, 0x42, 0x51, 0x33, 0x45, 0x07, 0xC6, 0x00, 0x00, 0x44,
	0x0D, 0x00, 0x01, 0x24, 0x00, 0x10, 0x9A, 0x00, 0x89, 0x9B, 0x00, 0x04, 0xAB, 0x00, 0x5A, 0xC1,
	0x00, 0x42, 0x51, 0x58, 0x45, 0x02, 0x6C, 0x00, 0x00, 0xD7, 0x02, 0x00, 0x42, 0x57, 0x56, 0x50,
	0x01, 0x81, 0x00, 0x00, 0x42, 0x51, 0x33, 0x50, 0x08, 0xC6, 0x00, 0x00, 0x44, 0x0D, 0x00, 0xD7,
	0x1F, 0x00, 0x27, 0x24, 0x00, 0x5B, 0x9A, 0x00, 0xD7, 0x9B, 0x00, 0x47, 0xAB, 0x00, 0x49, 0xC2,
	0x00, 0x42, 0x46, 0x51, 0x45, 0x01, 0x6F, 0x00, 0x00, 0x42, 0x57, 0x5A, 0x50, 0x0A, 0x9C, 0x1D,
	0x01, 0xBF, 0x00, 0x10, 0x6F, 0x03, 0x10, 0x3F, 0x00, 0x20, 0x2D, 0x12, 0x20, 0xC2, 0x5B, 0x22,
	0x17, 0x65, 0x22, 0xA5, 0xB8, 0x22, 0xB1, 0xBB, 0x22, 0x13, 0xBC, 0x22, 0x42, 0x32, 0x42, 0x50,
	0x06, 0x8E, 0x00, 0x00, 0xF4, 0x00, 0x00, 0x71, 0x00, 0x20, 0xBE, 0x00, 0x20, 0xBF, 0x00, 0x30,
	0x6F, 0x03, 0x30, 0x42, 0x34, 0x44, 0x50, 0x02, 0xB0, 0x00, 0x00, 0x06, 0x01, 0x00, 0x42, 0x36,
	0x47, 0x50, 0x02, 0x3F, 0x00, 0x00, 0xDA, 0x08, 0x00, 0x42, 0x38, 0x36, 0x50, 0x00, 0x42, 0x43,
	0x47, 0x50, 0x02, 0x6F, 0x00, 0x00, 0xB0, 0x00, 0x00, 0x42, 0x54, 0x5A, 0x50, 0x02, 0xB0, 0x00,
	0x00, 0xA3, 0x08, 0x00, 0x4D, 0x43, 0x50, 0x45, 0x00, 0x42, 0x48, 0x51, 0x50, 0x03, 0x6F, 0x00,
	0x00, 0x38, 0x07, 0x00, 0x64, 0x07, 0x00, 0x42, 0x58, 0x36, 0x45, 0x04, 0xC4, 0x8F, 0x00, 0x40,
	0x00, 0x20, 0xBF, 0x00, 0x30, 0x6F, 0x03, 0x30, 0x5A, 0x4D, 0x44, 0x45, 0x08, 0x92, 0x1F, 0x01,
	0x82, 0x2E, 0x03, 0x92, 0x1F, 0x05, 0x82, 0x2E, 0x07, 0x92, 0x1F, 0x09, 0x82, 0x2E, 0x0B, 0x92,
	0x1F, 0x0D, 0x82, 0x2E, 0x0F, 0x42, 0x51, 0x5A, 0x50, 0x02, 0x8D, 0x00, 0x00, 0xB9, 0x62, 0x02,
	0x42, 0x42, 0x43, 0x45, 0x01, 0x5D, 0x00, 0x00, 0x42, 0x54, 0x36, 0x59, 0x01, 0x81, 0x00, 0x00,
	0x42, 0x32, 0x4E, 0x50, 0x02, 0x40, 0x00, 0x00, 0x6E, 0xF7, 0x09, 0x42, 0x42, 0x5A, 0x50, 0x02,
	0x5F, 0x00, 0x00, 0x57, 0x6E, 0x00, 0x42, 0x46, 0x45, 0x50, 0x02, 0x3F, 0x00, 0x00, 0xA8, 0x07,
	0x00, 0x41, 0x55, 0x47, 0x50, 0x02, 0x69, 0x00, 0x00, 0x66, 0x0E, 0x00, 0x42, 0x4F, 0x41, 0x50,
	0x03, 0x3F, 0x00, 0x00, 0x7A, 0xA1, 0x01, 0xCC, 0xA1, 0x01, 0x42, 0x58, 0x47, 0x45, 0x03, 0x7D,
	0x07, 0x00, 0xF6, 0x30, 0x02, 0x47, 0xA6, 0x22, 0x42, 0x46, 0x32, 0x50, 0x01, 0x40, 0x00, 0x00,
	0x42, 0x42, 0x5A, 0x45, 0x02, 0x5F, 0x00, 0x00, 0x32, 0x6E, 0x00, 0x42, 0x34, 0x4D, 0x50, 0x02,
	0x5F, 0x00, 0x00, 0xE1, 0xCB, 0x00, 0x42, 0x43, 0x41, 0x59, 0x01, 0x40, 0x00, 0x00, 0x42, 0x52,
	0x44, 0x59, 0x02, 0x3F, 0x00, 0x00, 0x64, 0x01, 0x00, 0x42, 0x46, 0x57, 0x5A, 0x05, 0x7A, 0x00,
	0x00, 0xD2, 0x01, 0x00, 0xD1, 0x5D, 0x10, 0xBF, 0x00, 0x30, 0x6F, 0x03, 0x30, 0x42, 0x55, 0x45,
	0x50, 0x02, 0x7A, 0x00, 0x00, 0x78, 0x01, 0x00, 0x42, 0x51, 0x37, 0x50, 0x01, 0x42, 0x00, 0x00,
	0x42, 0x49, 0x4E, 0x5A, 0x04, 0x40, 0x00, 0x00, 0xBF, 0xA0, 0x1F, 0x6F, 0xA3, 0x1F, 0xD1, 0x5D,
	0x20, 0x42, 0x52, 0x37, 0x50, 0x02, 0x93, 0x00, 0x00, 0x02, 0xE2, 0x00, 0x42, 0x52, 0x52, 0x53,
	0x02, 0x7A, 0x00, 0x00, 0x2D, 0x02, 0x00, 0x42, 0x54, 0x36, 0x58, 0x01, 0x81, 0x00, 0x00, 0x42,
	0x48, 0x4E, 0x50, 0x02, 0x93, 0x00, 0x00, 0xF9, 0x43, 0x04, 0x42, 0x43, 0x32, 0x53, 0x02, 0x6D,
	0x00, 0x00, 0x22, 0x03, 0x00, 0x42, 0x32, 0x4E, 0x45, 0x02, 0x40, 0x00, 0x00, 0x70, 0xF7, 0x09,
	0x42, 0x32, 0x45, 0x45, 0x05, 0x8C, 0x00, 0x00, 0x27, 0x3D, 0x00, 0x47, 0x00, 0x0F, 0x0C, 0x01,
	0x0F, 0x05, 0xA3, 0x10, 0x42, 0x32, 0x4C, 0x50, 0x02, 0x40, 0x00, 0x00, 0x9F, 0x87, 0x0A, 0x42,
	0x41, 0x57, 0x58, 0x01, 0x60, 0x00, 0x00, 0x42, 0x42, 0x33, 0x50, 0x02, 0x8E, 0x00, 0x00, 0xE5,
	0x2E, 0x00, 0x42, 0x42, 0x41, 0x50, 0x01, 0x6F, 0x00, 0x00, 0x42, 0x42, 0x49, 0x50, 0x02, 0x82,
	0x00, 0x00, 0x5D, 0xD2, 0x00, 0x42, 0x4E, 0x4B, 0x50, 0x02, 0x3F, 0x00, 0x00, 0x9C, 0x05, 0x00,
	0x42, 0x58, 0x46, 0x50, 0x02, 0x5F, 0x00, 0x00, 0x63, 0xB9, 0x00, 0x42, 0x38, 0x32, 0x50, 0x03,
	0x71, 0x00, 0x00, 0x30, 0xE9, 0x01, 0x7E, 0xEE, 0x01, 0x42, 0x51, 0x57, 0x45, 0x03, 0x7F, 0x00,
	0x00, 0x15, 0x01, 0x00, 0x7C, 0x01, 0x00, 0x42, 0x49, 0x4E, 0x59, 0x04, 0x40, 0x00, 0x00, 0xBF,
	0xA0, 0x1F, 0x6F, 0xA3, 0x1F, 0xD1, 0x5D, 0x20, 0x42, 0x57, 0x33, 0x50, 0x0A, 0x3F, 0x00, 0x00,
	0xDA, 0x0A, 0x00, 0x68, 0x00, 0x08, 0xCF, 0x01, 0x08, 0x98, 0x20, 0x17, 0x0B, 0x21, 0x17, 0x33,
	0x30, 0x17, 0x96, 0x31, 0x17, 0x70, 0x00, 0x20, 0x1E, 0x02, 0x20, 0x42, 0x50, 0x56, 0x58, 0x01,
	0x6C, 0x00, 0x00, 0x4D, 0x43, 0x53, 0x46, 0x00, 0x4D, 0x54, 0x4D, 0x46, 0x00, 0x4D, 0x59, 0x47,
	0x46, 0x00, 0x42, 0x48, 0x35, 0x46, 0x01, 0xED, 0x18, 0x00, 0x42, 0x49, 0x4E, 0x58, 0x04, 0x40,
	0x00, 0x00, 0xBF, 0xA0, 0x1F, 0x6F, 0xA3, 0x1F, 0xD1, 0x5D, 0x20, 0x42, 0x45, 0x46, 0x50, 0x02,
	0x5F, 0x00, 0x00, 0x05, 0x01, 0x00, 0x42, 0x59, 0x50, 0x58, 0x02, 0x5F, 0x00, 0x00, 0xA5, 0x00,
	0x00, 0x42, 0x55, 0x51, 0x50, 0x01, 0x6F, 0x00, 0x00, 0x42, 0x53, 0x5A, 0x50, 0x03, 0xC4, 0x8F,
	0x00, 0xA0, 0xEC, 0x1F, 0xD2, 0xEC, 0x1F, 0x42, 0x4C, 0x41, 0x50, 0x02, 0x9B, 0x01, 0x00, 0xD8,
	0x0B, 0x00, 0x42, 0x4A, 0x59, 0x46, 0x02, 0xBE, 0x16, 0x00, 0x5F, 0x2A, 0x00, 0x42, 0x4E, 0x50,
	0x50, 0x02, 0x4D, 0x00, 0x00, 0xAC, 0x80, 0x00, 0x42, 0x59, 0x4D, 0x50, 0x02, 0x71, 0x00, 0x00,
	0x3E, 0x87, 0x00, 0x42, 0x33, 0x42, 0x50, 0x02, 0x71, 0x00, 0x00, 0xA6, 0x04, 0x00, 0x42, 0x5A,
	0x36, 0x45, 0x01, 0x4F, 0x00, 0x00, 0x42, 0x33, 0x46, 0x50, 0x01, 0x92, 0x47, 0x00, 0x42, 0x41,
	0x4C, 0x58, 0x02, 0x7A, 0x00, 0x00, 0x50, 0x02, 0x00, 0x42, 0x34, 0x49, 0x50, 0x01, 0x3F, 0x00,
	0x00, 0x42, 0x48, 0x35, 0x50, 0x01, 0xED, 0x18, 0x00, 0x42, 0x52, 0x38, 0x45, 0x02, 0x55, 0x00,
	0x00, 0xE0, 0xAB, 0x00, 0x42, 0x58, 0x47, 0x50, 0x03, 0x7D, 0x07, 0x00, 0xF6, 0x30, 0x02, 0x47,
	0xA6, 0x22, 0x42, 0x46, 0x57, 0x58, 0x05, 0x7A, 0x00, 0x00, 0xD2, 0x01, 0x00, 0xD1, 0x5D, 0x10,
	0xBF, 0x00, 0x30, 0x6F, 0x03, 0x30, 0x42, 0x43, 0x4A, 0x50, 0x04, 0xA8, 0x01, 0x00, 0x52, 0x08,
	0x00, 0xD8, 0x95, 0x01, 0xF5, 0x08, 0x02, 0x42, 0x50, 0x55, 0x46, 0x05, 0x60, 0x00, 0x00, 0xE1,
	0x00, 0x00, 0x40, 0x00, 0x20, 0xCF, 0x00, 0x30, 0x7F, 0x03, 0x30, 0x42, 0x43, 0x41, 0x5A, 0x01,
	0x40, 0x00, 0x00, 0x42, 0x39, 0x53, 0x50, 0x02, 0xE0, 0x0E, 0x00, 0x5D, 0xD4, 0x00, 0x42, 0x5A,
	0x59, 0x45, 0x02, 0x5F, 0x00, 0x00, 0x82, 0xC4, 0x00, 0x42, 0x33, 0x46, 0x45, 0x01, 0x92, 0x47,
	0x00, 0x42, 0x57, 0x42, 0x49, 0x05, 0x3F, 0x00, 0x00, 0x3E, 0x01, 0x00, 0xBF, 0xC0, 0x1F, 0x6F,
	0xC3, 0x1F, 0xC7, 0x87, 0x20, 0x42, 0x59, 0x4C, 0x50, 0x02, 0x3F, 0x00, 0x00, 0x2F, 0x8A, 0x08,
	0x42, 0x4E, 0x45, 0x45, 0x05, 0x7A, 0x00, 0x00, 0xD2, 0x07, 0x00, 0x40, 0x00, 0x10, 0x7A, 0x00,
	0x30, 0xD2, 0x01, 0x30, 0x42, 0x58, 0x57, 0x44, 0x02, 0x7F, 0x00, 0x00, 0x07, 0x01, 0x00, 0x42,
	0x54, 0x36, 0x50, 0x01, 0x81, 0x00, 0x00, 0x42, 0x55, 0x49, 0x45, 0x01, 0x6F, 0x00, 0x00, 0x42,
	0x48, 0x35, 0x48, 0x01, 0xED, 0x18, 0x00, 0x42, 0x48, 0x58, 0x50, 0x02, 0x5D, 0x00, 0x00, 0x02,
	0x01, 0x00, 0x41, 0x4A, 0x59, 0x45, 0x01, 0x42, 0x00, 0x00, 0x42, 0x51, 0x59, 0x44, 0x02, 0x7A,
	0x00, 0x00, 0xCD, 0x01, 0x00, 0x42, 0x45, 0x58, 0x45, 0x03, 0x3F, 0x00, 0x00, 0xFC, 0xF0, 0x00,
	0x53, 0xF1, 0x00, 0x42, 0x49, 0x37, 0x45, 0x0D, 0x71, 0x00, 0x00, 0xA3, 0x00, 0x00, 0x26, 0x03,
	0x00, 0x7A, 0x00, 0x10, 0x7D, 0x02, 0x10, 0x60, 0x00, 0x30, 0xEA, 0x01, 0x30, 0x72, 0x00, 0x40,
	0xBF, 0x00, 0x40, 0x3F, 0x00, 0x50, 0xAA, 0x0A, 0x50, 0xA5, 0x01, 0x70, 0xF8, 0x01, 0x70, 0x42,
	0x45, 0x58, 0x50, 0x03, 0x3F, 0x00, 0x00, 0xFC, 0xF0, 0x00, 0x53, 0xF1, 0x00, 0x42, 0x50, 0x55,
	0x50, 0x05, 0x60, 0x00, 0x00, 0xE1, 0x00, 0x00, 0x40, 0x00, 0x20, 0xCF, 0x00, 0x30, 0x7F, 0x03,
	0x30, 0x42, 0x58, 0x48, 0x50, 0x03, 0x7D, 0x07, 0x00, 0x40, 0x2B, 0x02, 0x47, 0xA6, 0x22, 0x42,
	0x44, 0x5A, 0x48, 0x05, 0x70, 0x00, 0x00, 0x95, 0x01, 0x00, 0xD1, 0x5D, 0x10, 0xBF, 0xB9, 0x2F,
	0x6F, 0xBC, 0x2F, 0x42, 0x55, 0x35, 0x50, 0x01, 0x6F, 0x00, 0x00, 0x42, 0x52, 0x48, 0x45, 0x01,
	0x5B, 0x00, 0x00, 0x42, 0x52, 0x53, 0x46, 0x06, 0xAB, 0x00, 0x00, 0x2B, 0x9B, 0x00, 0x71, 0x00,
	0x10, 0xA3, 0x00, 0x10, 0x72, 0x41, 0x1F, 0x22, 0x44, 0x1F, 0x42, 0x4E, 0x42, 0x45, 0x02, 0x8B,
	0x00, 0x00, 0x45, 0xD3, 0x00, 0x42, 0x49, 0x4D, 0x45, 0x03, 0x71, 0x00, 0x00, 0xA7, 0x47, 0x02,
	0x13, 0x4D, 0x02, 0x42, 0x52, 0x48, 0x50, 0x01, 0x5B, 0x00, 0x00, 0x41, 0x42, 0x59, 0x50, 0x02,
	0x3F, 0x00, 0x00, 0x5D, 0x01, 0x00, 0x42, 0x44, 0x4F, 0x50, 0x01, 0x66, 0xA3, 0x00, 0x42, 0x5A,
	0x35, 0x50, 0x01, 0xDC, 0x04, 0x00, 0x42, 0x51, 0x4C, 0x50, 0x02, 0x71, 0x00, 0x00, 0xD1, 0x00,
	0x00, 0x4D, 0x43, 0x4E, 0x46, 0x00, 0x42, 0x49, 0x33, 0x44, 0x01, 0xA9, 0x1C, 0x00, 0x42, 0x52,
	0x4F, 0x50, 0x01, 0x6F, 0x00, 0x00, 0x42, 0x49, 0x33, 0x45, 0x01, 0xA9, 0x1C, 0x00, 0x42, 0x49,
	0x33, 0x50, 0x01, 0xA9, 0x1C, 0x00, 0x42, 0x49, 0x33, 0x53, 0x01, 0xA9, 0x1C, 0x00, 0x42, 0x45,
	0x4D, 0x45, 0x02, 0x4D, 0x00, 0x00, 0x73, 0x59, 0x00, 0x42, 0x43, 0x41, 0x58, 0x01, 0x40, 0x00,
	0x00, 0x42, 0x51, 0x54, 0x58, 0x01, 0x96, 0x00, 0x00, 0x42, 0x51, 0x56, 0x58, 0x01, 0x96, 0x00,
	0x00, 0x42, 0x50, 0x56, 0x59, 0x01, 0x6C, 0x00, 0x00, 0x42, 0x59, 0x50, 0x59, 0x02, 0x5F, 0x00,
	0x00, 0xA5, 0x00, 0x00, 0x42, 0x49, 0x33, 0x49, 0x01, 0xA9, 0x1C, 0x00, 0x42, 0x33, 0x48, 0x45,
	0x01, 0x2B, 0xA1, 0x00, 0x42, 0x32, 0x59, 0x45, 0x03, 0x7F, 0x00, 0x00, 0x00, 0x06, 0x00, 0x55,
	0x07, 0x00, 0x42, 0x4E, 0x56, 0x50, 0x02, 0x8C, 0x00, 0x00, 0x71, 0x57, 0x01, 0x42, 0x4C, 0x50,
	0x50, 0x05, 0x3F, 0x00, 0x00, 0x3E, 0x01, 0x00, 0xDA, 0x71, 0x20, 0x23, 0xFA, 0x3F, 0xDD, 0xFB,
	0x3F, 0x42, 0x43, 0x35, 0x50, 0x01, 0x6F, 0x00, 0x00, 0x42, 0x49, 0x4D, 0x50, 0x03, 0x71, 0x00,
	0x00, 0xA7, 0x47, 0x02, 0x13, 0x4D, 0x02, 0x42, 0x55, 0x49, 0x50, 0x01, 0x6F, 0x00, 0x00, 0x42,
	0x58, 0x55, 0x45, 0x03, 0x3F, 0x00, 0x00, 0xFE, 0x3C, 0x01, 0x50, 0x3D, 0x01, 0x42, 0x57, 0x37,
	0x50, 0x0E, 0x3F, 0x00, 0x00, 0xDA, 0x0A, 0x00, 0x68, 0x00, 0x08, 0xCF, 0x01, 0x08, 0x98, 0x20,
	0x17, 0x0B, 0x21, 0x17, 0x33, 0x30, 0x17, 0x96, 0x31, 0x17, 0x3F, 0x00, 0x40, 0x89, 0x58, 0x40,
	0xA4, 0x58, 0x40, 0xDD, 0x58, 0x40, 0x4A, 0x61, 0x40, 0x3E, 0x70, 0x7C, 0x42, 0x33, 0x48, 0x50,
	0x01, 0x3E, 0xA1, 0x00, 0x42, 0x57, 0x38, 0x50, 0x0C, 0x3F, 0x00, 0x00, 0xDB, 0x0A, 0x00, 0x7D,
	0x80, 0x01, 0x2D, 0x82, 0x01, 0xF0, 0x49, 0x1D, 0x73, 0x4A, 0x1D, 0xA9, 0xE7, 0x1D, 0x31, 0xE8,
	0x1D, 0x5B, 0x65, 0x1E, 0xE5, 0x65, 0x1E, 0xA2, 0x00, 0x20, 0xB6, 0x03, 0x20, 0x42, 0x5A, 0x36,
	0x50, 0x01, 0x4F, 0x00, 0x00, 0x42, 0x49, 0x4D, 0x58, 0x03, 0x71, 0x00, 0x00, 0xBB, 0x78, 0x04,
	0x29, 0x7E, 0x04, 0x42, 0x49, 0x33, 0x46, 0x01, 0xA9, 0x1C, 0x00, 0x42, 0x4E, 0x4C, 0x45, 0x01,
	0x40, 0x00, 0x00, 0x42, 0x48, 0x55, 0x45, 0x01, 0x96, 0x00, 0x00, 0x42, 0x38, 0x32, 0x58, 0x03,
	0x71, 0x00, 0x00, 0xB8, 0xE9, 0x01, 0x06, 0xEF, 0x01, 0x42, 0x51, 0x54, 0x46, 0x01, 0x96, 0x00,
	0x00, 0x42, 0x42, 0x43, 0x50, 0x01, 0x5D, 0x00, 0x00, 0x42, 0x43, 0x38, 0x50, 0x02, 0x6F, 0x00,
	0x00, 0xA0, 0x01, 0x00, 0x42, 0x4A, 0x58, 0x45, 0x01, 0x5D, 0x00, 0x00, 0x42, 0x39, 0x34, 0x44,
	0x03, 0x5D, 0x00, 0x00, 0x5F, 0x00, 0x10, 0xA5, 0x00, 0x10, 0x42, 0x4E, 0x4C, 0x59, 0x01, 0x40,
	0x00, 0x00, 0x41, 0x46, 0x5A, 0x43, 0x02, 0x8D, 0x00, 0x00, 0x0E, 0x32, 0x01, 0x42, 0x4E, 0x4C,
	0x58, 0x01, 0x40, 0x00, 0x00, 0x42, 0x58, 0x55, 0x58, 0x03, 0x3F, 0x00, 0x00, 0x11, 0x3D, 0x01,
	0x63, 0x3D, 0x01, 0x42, 0x51, 0x43, 0x45, 0x03, 0x4E, 0x00, 0x00, 0x68, 0x95, 0x00, 0x64, 0x96,
	0x00, 0x42, 0x55, 0x37, 0x45, 0x03, 0x4E, 0x00, 0x00, 0x19, 0xF0, 0x00, 0xED, 0xF0, 0x00, 0x42,
	0x42, 0x35, 0x45, 0x02, 0x62, 0x00, 0x00, 0xAB, 0x10, 0x00, 0x42, 0x42, 0x55, 0x45, 0x02, 0x5F,
	0x00, 0x00, 0x06, 0x80, 0x00, 0x42, 0x5A, 0x4E, 0x45, 0x02, 0x69, 0x00, 0x00, 0xD4, 0x01, 0x00,
	0x42, 0x59, 0x58, 0x45, 0x01, 0x84, 0x20, 0x01, 0x42, 0x42, 0x57, 0x45, 0x02, 0x8D, 0x00, 0x00,
	0x39, 0xF5, 0x01, 0x42, 0x49, 0x34, 0x45, 0x0B, 0x7A, 0x00, 0x00, 0xCE, 0x07, 0x00, 0x69, 0x00,
	0x10, 0x04, 0x02, 0x10, 0x6C, 0x00, 0x30, 0x3E, 0x02, 0x30, 0x27, 0x12, 0x30, 0x3F, 0x00, 0x50,
	0xAA, 0x0A, 0x50, 0xA5, 0x01, 0x70, 0xF8, 0x01, 0x70, 0x42, 0x55, 0x4A, 0x45, 0x01, 0x52, 0x00,
	0x00, 0x42, 0x5A, 0x58, 0x45, 0x02, 0x7A, 0x00, 0x00, 0x3D, 0x01, 0x00, 0x42, 0x42, 0x4E, 0x45,
	0x01, 0x65, 0x00, 0x00, 0x42, 0x42, 0x55, 0x44, 0x02, 0x5F, 0x00, 0x00, 0x22, 0x81, 0x00, 0x42,
	0x57, 0x42, 0x50, 0x05, 0x3F, 0x00, 0x00, 0x3E, 0x01, 0x00, 0xBF, 0xC0, 0x1F, 0x6F, 0xC3, 0x1F,
	0xC7, 0x87, 0x20, 0x42, 0x51, 0x43, 0x50, 0x03, 0x4E, 0x00, 0x00, 0x68, 0x95, 0x00, 0x64, 0x96,
	0x00, 0x42, 0x42, 0x55, 0x58, 0x02, 0x5F, 0x00, 0x00, 0x6F, 0x81, 0x00, 0x42, 0x4E, 0x4C, 0x50,
	0x01, 0x40, 0x00, 0x00, 0x42, 0x35, 0x34, 0x45, 0x05, 0x71, 0x00, 0x00, 0xF2, 0x08, 0x00, 0x5F,
	0x80, 0x1F, 0x04, 0x81, 0x1F, 0x85, 0x01, 0x20, 0x42, 0x58, 0x55, 0x50, 0x03, 0x3F, 0x00, 0x00,
	0xEA, 0x3C, 0x01, 0x3C, 0x3D, 0x01, 0x42, 0x43, 0x50, 0x45, 0x02, 0xA7, 0x11, 0x00, 0x2E, 0x8A,
	0x00, 0x41, 0x4A, 0x48, 0x45, 0x02, 0x7A, 0x00, 0x00, 0xE4, 0x00, 0x00, 0x42, 0x5A, 0x52, 0x45,
	0x01, 0x42, 0x00, 0x00, 0x42, 0x55, 0x4A, 0x58, 0x01, 0x52, 0x00, 0x00, 0x42, 0x4A, 0x32, 0x45,
	0x02, 0x5D, 0x00, 0x00, 0xA7, 0x00, 0x00, 0x42, 0x49, 0x59, 0x45, 0x02, 0x53, 0x00, 0x00, 0x01,
	0x09, 0x00, 0x42, 0x42, 0x57, 0x50, 0x02, 0x8D, 0x00, 0x00, 0x4E, 0xF5, 0x01, 0x42, 0x43, 0x50,
	0x50, 0x02, 0xA7, 0x11, 0x00, 0x3A, 0x8A, 0x00, 0x42, 0x49, 0x56, 0x50, 0x08, 0x19, 0x01, 0x00,
	0x22, 0x09, 0x00, 0x0C, 0x01, 0x04, 0xD5, 0x18, 0x04, 0x10, 0x01, 0x0C, 0x15, 0x44, 0x0C, 0x08,
	0x01, 0x1C, 0x7E, 0x21, 0x1C, 0x42, 0x4B, 0x46, 0x45, 0x01, 0x6F, 0x00, 0x00, 0x42, 0x55, 0x37,
	0x50, 0x03, 0x4E, 0x00, 0x00, 0xC5, 0xF0, 0x00, 0x99, 0xF1, 0x00, 0x42, 0x4A, 0x50, 0x50, 0x08,
	0x71, 0x00, 0x00, 0xC4, 0x00, 0x00, 0x8C, 0x80, 0x00, 0xB4, 0xF1, 0x00, 0x94, 0x00, 0x20, 0xB0,
	0x04, 0x20, 0x3F, 0x00, 0x40, 0x3F, 0x98, 0x40, 0x42, 0x49, 0x52, 0x4B, 0x01, 0x6F, 0x00, 0x00,
	0x42, 0x45, 0x46, 0x45, 0x02, 0x5F, 0x00, 0x00, 0x05, 0x01, 0x00, 0x42, 0x42, 0x38, 0x45, 0x01,
	0x6F, 0x00, 0x00, 0x42, 0x48, 0x42, 0x45, 0x01, 0x70, 0x00, 0x00, 0x42, 0x4C, 0x4A, 0x4B, 0x02,
	0x75, 0x00, 0x00, 0xEA, 0x22, 0x02, 0x41, 0x4F, 0x53, 0x45, 0x02, 0x3F, 0x00, 0x00, 0xBD, 0x0A,
	0x00, 0x42, 0x47, 0x5A, 0x48, 0x01, 0xD9, 0x30, 0x00, 0x42, 0x4C, 0x43, 0x50, 0x02, 0x8E, 0x00,
	0x00, 0xCD, 0x00, 0x00, 0x42, 0x46, 0x59, 0x50, 0x02, 0x84, 0x17, 0x00, 0xA4, 0x17, 0x00, 0x41,
	0x4F, 0x47, 0x50, 0x02, 0x71, 0x00, 0x00, 0xB5, 0x00, 0x00, 0x42, 0x59, 0x55, 0x50, 0x02, 0x3F,
	0x00, 0x00, 0x45, 0x1F, 0x00, 0x42, 0x42, 0x55, 0x50, 0x02, 0x5F, 0x00, 0x00, 0x22, 0x81, 0x00,
	0x42, 0x51, 0x39, 0x51, 0x02, 0x6F, 0x00, 0x00, 0x41, 0x01, 0x00, 0x41, 0x57, 0x52, 0x43, 0x05,
	0x23, 0x3C, 0x00, 0x7B, 0xEB, 0x01, 0x25, 0x11, 0x0F, 0xC9, 0xF4, 0x1F, 0x0D, 0xF5, 0x1F, 0x41,
	0x56, 0x46, 0x43, 0x01, 0x29, 0x14, 0x00, 0x41, 0x53, 0x54, 0x43, 0x01, 0x53, 0x03, 0x00, 0x42,
	0x42, 0x4B, 0x43, 0x03, 0xD7, 0x00, 0x00, 0x9C, 0x70, 0x19, 0x0F, 0x81, 0x19, 0x46, 0x49, 0x43,
	0x43, 0x02, 0x71, 0x00, 0x00, 0x23, 0x01, 0x00, 0x41, 0x46, 0x45, 0x43, 0x04, 0x87, 0x00, 0x00,
	0xE3, 0x02, 0x00, 0xC9, 0xF4, 0x3F, 0x0D, 0xF5, 0x3F, 0x41, 0x39, 0x51, 0x43, 0x06, 0x8C, 0x00,
	0x00, 0x49, 0x01, 0x00, 0xF5, 0xCD, 0x1A, 0x26, 0xCE, 0x1A, 0x71, 0x78, 0x1E, 0xB1, 0x78, 0x1E,
	0x41, 0x4B, 0x52, 0x43, 0x02, 0x64, 0x00, 0x00, 0xFE, 0x00, 0x00, 0x41, 0x4D, 0x4B, 0x43, 0x08,
	0x73, 0x00, 0x00, 0x82, 0x89, 0x01, 0xA8, 0x20, 0x0C, 0x9D, 0x9D, 0x0C, 0x9A, 0x00, 0x0D, 0xED,
	0x00, 0x0D, 0xC9, 0xF4, 0x1F, 0x0D, 0xF5, 0x1F, 0x41, 0x38, 0x38, 0x43, 0x09, 0x41, 0x00, 0x00,
	0x5A, 0x5F, 0x00, 0x9C, 0x00, 0x33, 0x19, 0x06, 0x33, 0xED, 0x27, 0x35, 0xE7, 0x83, 0x35, 0x44,
	0x84, 0x35, 0x20, 0xCD, 0x35, 0x05, 0xCE, 0x35, 0x42, 0x49, 0x49, 0x43, 0x02, 0x3F, 0x00, 0x00,
	0xD4, 0x00, 0x00, 0x41, 0x47, 0x4C, 0x43, 0x02, 0x74, 0x00, 0x00, 0xAC, 0x08, 0x0F, 0xFF, 0xFF,
	0xFF, 0xFF,
};

/* 2814 legacy rows, 46 unreachable duplicates removed.
 * Legacy table: 49184 bytes; packed table: 33506 bytes. */
#endif
